F1,F2,F3,B1,B2,B3,max_formant,smooth_error,time,rel_time,prop_time,id,label,file_name,group,speaker_num,point_heuristic,f0,intensity,optimized,word,stress,dur,pre_word,fol_word,pre_seg,fol_seg,abs_pre_seg,abs_fol_seg,context,B1_Hz,B2_Hz,B3_Hz,_source_file,_audio_id,_token_time,_audio_duration,_split_time,_time_basis,_split_basis,half
784.3709790099472,1478.6303923784594,2188.7782848735105,3.649550568005247,2.368847342748972,4.1391858749669606,4974.358974358975,5.3705887814e-05,60.54375,0.027,0.3214285714285714,0-0-3-4,o,f061152e-Audio_SP12.v0,group_0,1,fave,259.96751481735055,83.7095345731084,6,bueno,,0.0600000000000022,",",era,n,#,n,é,final,38.45737818827212,10.68506896097598,62.75171290730894,f061152e-Audio_SP12.csv,f061152e-Audio_SP12,60.54375,2353.872,1176.936,time column: time,audio_duration,H1
463.6322061369415,1350.1361595170663,3999.353670190635,3.0797822705706333,2.076427411338279,3.2135518089648136,6589.74358974359,0.0069367222551451,63.060750000000006,0.061,0.3315217391304348,0-0-11-4,o,f061152e-Audio_SP12.v0,group_0,1,fave,473.2674536362514,70.45212771843683,6,cargo,,0.1599999999999966,de,y,g,#,g,i,final,21.75366546736254,7.97592326071081,24.86725328877641,f061152e-Audio_SP12.csv,f061152e-Audio_SP12,63.060750000000006,2353.872,1176.936,time column: time,audio_duration,H1
827.3322188191489,1222.3398997936042,2608.050662404703,3.2587296817209754,3.728537213542264,4.406534799058846,5871.794871794871,0.0005522146849704,75.96575,0.031,0.3297872340425531,0-0-23-6,o,f061152e-Audio_SP12.v0,group_0,1,fave,292.3296599610416,79.90124612432086,6,trabajo,,0.0699999999999931,mi,profesional,x,#,x,p,final,26.016466948609114,41.61818509861728,81.98487664193765,f061152e-Audio_SP12.csv,f061152e-Audio_SP12,75.96575,2353.872,1176.936,time column: time,audio_duration,H1
468.7464329704106,977.5041407500808,1585.5507100605244,2.130362395392061,3.158054462796992,3.2710574292657006,3897.4358974358975,0.0002134439139812,79.91375000000001,0.027,0.3214285714285714,0-0-35-1,o,f061152e-Audio_SP12.v0,group_0,1,fave,224.3111519214824,72.36313291002955,6,comunicaciones,,0.059999999999988,las,y,k,m,k,m,internal,8.417916873028156,23.52478303758401,26.33917643879313,f061152e-Audio_SP12.csv,f061152e-Audio_SP12,79.91375000000001,2353.872,1176.936,time column: time,audio_duration,H1
555.2484327815512,836.7854941551288,1582.2136776939806,3.668827705090264,2.337956685776047,3.756078098616865,3897.4358974358975,0.0006166803717126,87.28774999999999,0.035,0.3365384615384615,0-0-55-2,o,f061152e-Audio_SP12.v0,group_0,1,fave,277.0450366418834,80.05714200398364,6,ocho,,0.0799999999999983,hace,años,h,#,h,á,final,39.20591801179404,10.360046091169728,42.78031635766998,f061152e-Audio_SP12.csv,f061152e-Audio_SP12,87.28774999999999,2353.872,1176.936,time column: time,audio_duration,H1
748.175754885677,1816.2640793556432,2676.3827984081954,3.745115779614107,2.8227512899166927,3.273292672925887,5512.820512820513,6.77475005254e-05,91.71875,0.037,0.324561403508772,0-0-69-5,o,f061152e-Audio_SP12.v0,group_0,1,fave,314.3657675472698,80.37677400144123,6,gestión,,0.0900000000000034,de,[silence],i,n,i,n,internal,42.3139060229522,16.823072207493542,26.39811676439668,f061152e-Audio_SP12.csv,f061152e-Audio_SP12,91.71875,2353.872,1176.936,time column: time,audio_duration,H1
610.7163958295619,1354.8240869373406,1638.9628581787365,2.9744982265856703,3.115423496613571,3.053485744674814,4256.410256410256,0.0006302314707699,95.10875,0.037,0.324561403508772,0-0-76-5,o,f061152e-Audio_SP12.v0,group_0,1,fave,305.55206422069614,79.76268501174634,6,gestión,,0.0900000000000034,de,más,i,n,i,n,internal,19.57979616314416,22.542975205905165,21.1890755512076,f061152e-Audio_SP12.csv,f061152e-Audio_SP12,95.10875,2353.872,1176.936,time column: time,audio_duration,H1
713.9962618514594,1228.6234251628505,2510.98638278462,3.4569322902808604,3.3084886600161667,3.8271546261950062,5871.794871794871,0.0124855155542169,126.16275,0.065,0.3350515463917525,0-0-133-3,o,f061152e-Audio_SP12.v0,group_0,1,fave,335.2679513276715,76.50653299508649,6,Esto,,0.1700000000000017,.,",",t,#,t,.,final,31.719520825890168,27.34376849691232,45.931659382460765,f061152e-Audio_SP12.csv,f061152e-Audio_SP12,126.16275,2353.872,1176.936,time column: time,audio_duration,H1
506.3910765433967,850.3148228174084,1418.210306610531,3.980740588963848,2.89516784249066,3.499597279003161,3897.4358974358975,0.0012673669188285,127.43575,0.031,0.3297872340425531,0-0-140-3,o,f061152e-Audio_SP12.v0,group_0,1,fave,281.2554716748304,72.95214035885506,6,como,,0.0699999999999931,bueno,estoy,m,#,m,s,final,53.55668303233935,18.08653687590984,33.10211835590985,f061152e-Audio_SP12.csv,f061152e-Audio_SP12,127.43575,2353.872,1176.936,time column: time,audio_duration,H1
611.5678726454203,1504.8406325069932,2720.1541074836096,2.660242968984917,3.423151042633688,2.6216202486324733,6410.25641025641,1.03987313332e-05,129.04274999999998,0.025,0.3378378378378378,0-0-149-4,o,f061152e-Audio_SP12.v0,group_0,1,fave,303.0301743448598,81.93315707000959,6,petrolera,,0.0500000000000113,industria,",",R,l,R,l,internal,14.299763075545211,30.665892473523808,13.757996911723527,f061152e-Audio_SP12.csv,f061152e-Audio_SP12,129.04274999999998,2353.872,1176.936,time column: time,audio_duration,H1
737.7154406378133,1178.819871777462,2599.864373618844,3.715391336552116,3.66159908725486,3.3198247875564406,6410.25641025641,0.0054901877811689,132.65075000000002,0.0809999999999999,0.3319672131147541,0-0-161-5,o,f061152e-Audio_SP12.v0,group_0,1,fave,198.2945813219591,71.78101924277303,6,gestión,,0.2199999999999988,de,con,i,n,i,n,internal,41.07465795465148,38.92353526170158,27.655504545458975,f061152e-Audio_SP12.csv,f061152e-Audio_SP12,132.65075000000002,2353.872,1176.936,time column: time,audio_duration,H1
602.8434396124479,847.3023602466841,1592.704757952005,3.4534871709960595,3.110615100492412,3.144489791686297,4076.923076923077,0.000289993917305,136.47375000000002,0.027,0.3214285714285714,0-0-174-3,o,f061152e-Audio_SP12.v0,group_0,1,fave,279.38972951491064,75.38530476771462,6,conocimiento,,0.0600000000000022,más,[silence],n,z,n,z,internal,31.61043131407592,22.434839838552968,23.20783162348864,f061152e-Audio_SP12.csv,f061152e-Audio_SP12,136.47375000000002,2353.872,1176.936,time column: time,audio_duration,H1
533.1300661124852,968.461074284336,1560.314892433786,3.002560460977627,1.8353414343372447,2.95019357423778,3897.4358974358975,0.0027136184947743,137.09875,0.057,0.3275862068965517,0-0-174-11,o,f061152e-Audio_SP12.v0,group_0,1,fave,486.02543053591046,67.38728707903223,6,conocimiento,,0.1500000000000056,más,[silence],t,#,t,.,final,20.137031052916264,6.267273642588522,19.109652506644206,f061152e-Audio_SP12.csv,f061152e-Audio_SP12,137.09875,2353.872,1176.936,time column: time,audio_duration,H1
734.5779934354235,1443.3912337661172,2528.55229924842,3.4748829317170413,3.043064698673684,3.3301560261698606,5153.846153846154,4.57001428369e-05,143.11775,0.035,0.3365384615384616,0-0-197-3,o,f061152e-Audio_SP12.v0,group_0,1,fave,214.09097751970543,75.60776711078475,6,conocimiento,,0.0800000000000125,más,",",n,z,n,z,internal,32.29404770659256,20.96940978165042,27.942701155770216,f061152e-Audio_SP12.csv,f061152e-Audio_SP12,143.11775,2353.872,1176.936,time column: time,audio_duration,H1
511.2437980765843,762.6253543186422,1196.2984980781982,2.86815361102927,3.1494655144327264,3.567259867575383,3538.4615384615386,0.0031831791446052,143.84375,0.067,0.3284313725490196,0-0-197-11,o,f061152e-Audio_SP12.v0,group_0,1,fave,211.91323449454853,74.98707550072997,6,conocimiento,,0.1800000000000068,más,",",t,#,t,.,final,17.604483449102027,23.323595123896496,35.41940619649454,f061152e-Audio_SP12.csv,f061152e-Audio_SP12,143.84375,2353.872,1176.936,time column: time,audio_duration,H1
684.6755786960449,1727.1046232264184,2472.2521357703304,3.692926152762624,2.862292034734437,4.018927097005835,5692.307692307692,2.28324725653e-05,154.04274999999998,0.025,0.3378378378378378,0-0-205-4,o,f061152e-Audio_SP12.v0,group_0,1,fave,219.7171983251016,84.22194172019915,6,Bueno,,0.0500000000000113,[silence],",",n,#,n,&,final,40.162195903579246,17.501595264293055,55.64137599146502,f061152e-Audio_SP12.csv,f061152e-Audio_SP12,154.04274999999998,2353.872,1176.936,time column: time,audio_duration,H1
641.317429772087,1153.240591947501,2596.5601052737866,3.291433649153194,2.89829989480287,3.7471739935744273,5153.846153846154,0.0006862795202099,156.53375000000003,0.027,0.3214285714285714,0-0-210-2,o,f061152e-Audio_SP12.v0,group_0,1,fave,285.31240779126966,81.44663588607881,6,económica,,0.0600000000000022,situación,[silence],k,n,k,n,internal,26.88137450357412,18.14327366045938,42.40108678259603,f061152e-Audio_SP12.csv,f061152e-Audio_SP12,156.53375000000003,2353.872,1176.936,time column: time,audio_duration,H1
767.9161571894,1563.5342390478768,2440.6021159040693,3.356884503618576,2.853041578812565,3.439948102158441,5333.333333333333,9.57974365754e-05,156.64775,0.035,0.3365384615384616,0-0-210-4,o,f061152e-Audio_SP12.v0,group_0,1,fave,257.75722284392634,81.86337414551076,6,económica,,0.0800000000000125,situación,[silence],n,m,n,m,internal,28.699637832766246,17.34044403904467,31.18533967449427,f061152e-Audio_SP12.csv,f061152e-Audio_SP12,156.64775,2353.872,1176.936,time column: time,audio_duration,H1
500.9484630898006,1514.0971475028753,2827.3700486659845,3.6840892150181497,2.948265019756628,4.3061502971247725,6769.2307692307695,0.0018704804710141,160.78074999999998,0.061,0.3315217391304348,0-0-218-6,o,f061152e-Audio_SP12.v0,group_0,1,fave,234.8643108855285,70.20092129889268,6,ingresos,,0.1599999999999966,nuevos,claro,s,s,s,s,internal,39.80884863206584,19.072834015314136,74.15446608079407,f061152e-Audio_SP12.csv,f061152e-Audio_SP12,160.78074999999998,2353.872,1176.936,time column: time,audio_duration,H1
608.0882740680584,1504.212772641323,3138.5767873661457,2.89415269646653,3.1715913051744087,4.325571564690772,6051.282051282051,0.0002268944336414,163.15775,0.035,0.3365384615384615,0-0-224-5,o,f061152e-Audio_SP12.v0,group_0,1,fave,290.3932377973967,82.27351385553737,6,sueldo,,0.0800000000000125,el,es,d,#,d,é,final,18.0681857160394,23.845399488746946,75.60871578417427,f061152e-Audio_SP12.csv,f061152e-Audio_SP12,163.15775,2353.872,1176.936,time column: time,audio_duration,H1
471.8341418315413,893.1042978978204,2642.775710032779,3.188448837042801,2.318780348072837,4.521084910784423,5333.333333333333,0.0009197192041341,164.77874999999997,0.037,0.3245614035087719,0-0-229-3,o,f061152e-Audio_SP12.v0,group_0,1,fave,173.9855527700348,71.34530644468583,6,poco,,0.0900000000000034,muy,",",k,#,k,.,final,24.25078133932541,10.16327109063609,91.9352854750395,f061152e-Audio_SP12.csv,f061152e-Audio_SP12,164.77874999999997,2353.872,1176.936,time column: time,audio_duration,H1
536.6033025712501,1605.796113177128,2861.199870083481,2.651897165107432,3.071320285665964,4.784720660710901,6051.282051282051,9.92189122158e-05,167.08274999999998,0.025,0.3378378378378378,0-0-235-2,o,f061152e-Audio_SP12.v0,group_0,1,fave,297.2339977689829,76.38428967737839,6,eso,,0.0500000000000113,",",tiene,s,#,s,t,final,14.180916681597596,21.570362924017005,119.66793045993096,f061152e-Audio_SP12.csv,f061152e-Audio_SP12,167.08274999999998,2353.872,1176.936,time column: time,audio_duration,H1
759.3385828729947,1370.5583035306747,2523.273469380542,3.837390453949099,3.1865045309785054,3.204195678019426,6769.2307692307695,0.0005868180533545,169.81375000000003,0.027,0.3214285714285714,0-0-242-2,o,f061152e-Audio_SP12.v0,group_0,1,fave,89.98769758409291,67.13712813819818,6,años,,0.0600000000000022,dos,[silence],N,s,N,s,internal,46.40422234696638,24.203676206340717,24.63567702895193,f061152e-Audio_SP12.csv,f061152e-Audio_SP12,169.81375000000003,2353.872,1176.936,time column: time,audio_duration,H1
596.9069993701711,1235.8907848774943,2953.446935847537,3.0042005223303665,3.107956527458812,4.321338213389904,6230.769230769231,0.0002836239447289,194.70075000000003,0.041,0.3306451612903226,0-0-260-2,o,f061152e-Audio_SP12.v0,group_0,1,fave,427.2920336923188,80.72011947417482,6,eso,,0.0999999999999943,a,fue,s,#,s,f,final,20.17008411642224,22.37527439297283,75.2893140756781,f061152e-Audio_SP12.csv,f061152e-Audio_SP12,194.70075000000003,2353.872,1176.936,time column: time,audio_duration,H1
554.7999550043379,1282.497026818961,2563.6319453887363,2.4704611267322667,3.761247965325388,3.4182041948732045,5512.820512820513,0.0017584080385876,196.50275,0.045,0.335820895522388,0-0-268-4,o,f061152e-Audio_SP12.v0,group_0,1,fave,198.48239463793945,81.03614825139996,6,Microworkers,,0.1100000000000136,con,[silence],R,o,R,o,internal,11.827899755073602,43.00205758339541,30.51456757123792,f061152e-Audio_SP12.csv,f061152e-Audio_SP12,196.50275,2353.872,1176.936,time column: time,audio_duration,H1
405.8637662974402,764.6614034912923,2233.043797110932,2.475149097772533,3.2448605035151763,4.95004642766694,5153.846153846154,0.0009746938267711,196.60775,0.035,0.3365384615384616,0-0-268-5,o,f061152e-Audio_SP12.v0,group_0,1,fave,206.74302574767287,77.64967036863911,6,Microworkers,,0.079999999999984,con,[silence],o,R,o,R,internal,11.883478781236454,25.658130591547756,141.18151849783766,f061152e-Audio_SP12.csv,f061152e-Audio_SP12,196.60775,2353.872,1176.936,time column: time,audio_duration,H1
535.6035569493665,1083.6236675859632,2622.758480907678,3.260987687811167,3.6079838445253,3.320848870596638,5871.794871794871,0.0015136654066676,197.99875,0.037,0.324561403508772,0-0-272-3,o,f061152e-Audio_SP12.v0,group_0,1,fave,194.4050403894892,79.87716639312544,6,Remotasks,,0.0900000000000034,con,.,m,t,m,t,internal,26.075278663040955,36.89159858593308,27.6838405853846,f061152e-Audio_SP12.csv,f061152e-Audio_SP12,197.99875,2353.872,1176.936,time column: time,audio_duration,H1
1074.94970966343,1493.7574296349824,2547.25017736366,4.44789809782117,3.236685202853156,4.050401552356018,5871.794871794871,0.0001666216567626,203.42575,0.031,0.3297872340425531,0-0-277-1,o,f061152e-Audio_SP12.v0,group_0,1,fave,245.69057297550629,77.90456785925906,6,lo,,0.0699999999999931,Por,menos,l,#,l,m,final,85.4471535591905,25.44922276521958,57.42050975767792,f061152e-Audio_SP12.csv,f061152e-Audio_SP12,203.42575,2353.872,1176.936,time column: time,audio_duration,H1
618.167016613101,830.9567520755409,1448.2734737651904,3.3645756432552743,2.873302559999816,4.016439902376746,3358.974358974359,0.0077196389785056,207.41775,0.055,0.3353658536585366,0-0-287-1,o,f061152e-Audio_SP12.v0,group_0,1,fave,266.511035588373,73.59165417223893,6,con(figurar),,0.1400000000000147,pide,para,k,n,k,n,internal,28.921221779106855,17.695361799249977,55.50315701993917,f061152e-Audio_SP12.csv,f061152e-Audio_SP12,207.41775,2353.872,1176.936,time column: time,audio_duration,H1
476.10360635918505,820.4155256814041,1691.515621772853,2.718802919862774,2.143321964785086,3.9200401659094166,4076.923076923077,0.0001213215373516,208.09375000000003,0.027,0.3214285714285714,0-0-289-1,o,f061152e-Audio_SP12.v0,group_0,1,fave,214.453340024137,80.90131587837917,6,configurar,,0.0599999999999738,para,la,k,n,k,n,internal,15.162161055086353,8.527719410915786,50.40246919842107,f061152e-Audio_SP12.csv,f061152e-Audio_SP12,208.09375000000003,2353.872,1176.936,time column: time,audio_duration,H1
783.3989538992186,1542.864442709326,2594.304968454032,3.704311004706816,3.142981281702285,3.514302788014455,5333.333333333333,0.0004733980140234,213.88775,0.035,0.3365384615384616,0-0-307-1,o,f061152e-Audio_SP12.v0,group_0,1,fave,229.332452076538,74.2476295914641,6,nosotros,,0.079999999999984,para,es,n,s,n,s,internal,40.6220492719779,23.17284877040283,33.59249866459828,f061152e-Audio_SP12.csv,f061152e-Audio_SP12,213.88775,2353.872,1176.936,time column: time,audio_duration,H1
653.1414069950366,1358.8403393056149,2737.991883299059,2.665548636545849,2.9041607691849944,3.911565952705718,6410.25641025641,0.0001122959137191,214.32375,0.027,0.3214285714285714,0-0-307-6,o,f061152e-Audio_SP12.v0,group_0,1,fave,315.7394543330081,80.57826464920291,6,nosotros,,0.0600000000000022,para,es,R,s,R,s,internal,14.375834490993311,18.249921327275587,49.97715258551281,f061152e-Audio_SP12.csv,f061152e-Audio_SP12,214.32375,2353.872,1176.936,time column: time,audio_duration,H1
463.5733721053687,928.9861756253408,2544.8962057932645,2.981660962125624,3.2018556706063137,4.311500892522949,5333.333333333333,0.0009385699082945,215.72775,0.035,0.3365384615384616,0-0-311-3,o,f061152e-Audio_SP12.v0,group_0,1,fave,222.0156133908388,83.2172182852817,6,imposible,,0.079999999999984,casi,conseguir,p,s,p,s,internal,19.720544534914445,24.578096757482232,74.5523000008035,f061152e-Audio_SP12.csv,f061152e-Audio_SP12,215.72775,2353.872,1176.936,time column: time,audio_duration,H1
528.5581983563095,807.7256417835835,1435.0474754126435,2.940316383437422,2.38639605488279,3.4439488792440334,3179.48717948718,3.00348981682e-05,216.31375000000003,0.027,0.3214285714285714,0-0-312-1,o,f061152e-Audio_SP12.v0,group_0,1,fave,266.8261348836075,80.48012664065499,6,conseguir,,0.0600000000000022,imposible,una,k,n,k,n,internal,18.921831919556634,10.874233099291995,31.310355179702626,f061152e-Audio_SP12.csv,f061152e-Audio_SP12,216.31375000000003,2353.872,1176.936,time column: time,audio_duration,H1
664.3589512828786,1532.1537871103856,3023.353252942152,3.0707584276869144,3.222931264342941,4.3331677959911765,6051.282051282051,0.0017983849338039,223.99775,0.055,0.3353658536585365,0-0-323-2,o,f061152e-Audio_SP12.v0,group_0,1,fave,303.69660404520505,81.56995308672388,6,eso,,0.1400000000000147,por,me,s,#,s,m,final,21.55824684757301,25.101591847426107,76.18524402626798,f061152e-Audio_SP12.csv,f061152e-Audio_SP12,223.99775,2353.872,1176.936,time column: time,audio_duration,H1
691.3446964342913,1393.1950205517744,2524.7574319826635,3.808311058248141,2.7792743630031644,3.809660036970967,5512.820512820513,0.000317340061123,227.82575,0.031,0.3297872340425531,0-0-330-4,o,f061152e-Audio_SP12.v0,group_0,1,fave,376.9510476697908,77.66289359700266,6,Micro,,0.0699999999999931,con,[silence],R,#,R,.,final,45.07424676512473,16.1073286327762,45.13509199519175,f061152e-Audio_SP12.csv,f061152e-Audio_SP12,227.82575,2353.872,1176.936,time column: time,audio_duration,H1
638.1379284845925,1471.8614546132776,2661.394031997014,3.220598146593151,2.964125407623377,4.759773797078308,6589.74358974359,1.00959305549e-05,229.33275,0.025,0.3378378378378378,0-0-335-8,o,f061152e-Audio_SP12.v0,group_0,1,fave,295.6374287494821,78.54551915391417,6,habilitaron,,0.0500000000000113,no,la,R,n,R,n,internal,25.043095144322315,19.37774819732643,116.71952061604462,f061152e-Audio_SP12.csv,f061152e-Audio_SP12,229.33275,2353.872,1176.936,time column: time,audio_duration,H1
511.2995882731661,1491.1087700517758,1760.5472359342932,2.8823534223208145,2.7414721680305205,3.545721380892941,5153.846153846154,6.099838208827261e-06,232.49275,0.025,0.3378378378378378,0-0-345-7,o,f061152e-Audio_SP12.v0,group_0,1,fave,256.28875596416884,77.83099260139494,6,necesito,,0.0500000000000113,no,tener,t,#,t,t,final,17.856247059502067,15.509801331232946,34.66468276465166,f061152e-Audio_SP12.csv,f061152e-Audio_SP12,232.49275,2353.872,1176.936,time column: time,audio_duration,H1
815.0285455722739,1577.2055215530577,2572.034338586185,3.6101201208655738,3.1928951319789705,3.656153354078748,5871.794871794871,0.0013805023417607,233.95875,0.037,0.324561403508772,0-0-351-9,o,f061152e-Audio_SP12.v0,group_0,1,fave,277.1623902201424,78.72405009408575,6,extranjero,,0.0900000000000034,el,para,R,#,R,p,final,36.97049347578615,24.35884753464628,38.71214418650874,f061152e-Audio_SP12.csv,f061152e-Audio_SP12,233.95875,2353.872,1176.936,time column: time,audio_duration,H1
605.5178208880933,1631.366628758702,2427.596919482966,2.8773128344014323,3.5773453194012936,3.8866102716051305,5692.307692307692,0.000728951949579,234.59775,0.035,0.3365384615384615,0-0-354-2,o,f061152e-Audio_SP12.v0,group_0,1,fave,210.249375076692,73.36167069184951,6,ellos,,0.079999999999984,que,me,L,s,L,s,internal,17.766467537165838,35.778434348711045,48.74537258499623,f061152e-Audio_SP12.csv,f061152e-Audio_SP12,234.59775,2353.872,1176.936,time column: time,audio_duration,H1
659.2235629099441,1159.6954742091796,2638.522534892068,3.355111694283391,2.6918836736334835,4.289043468026136,5871.794871794871,0.0003856339353529,237.72775,0.035,0.3365384615384616,0-0-362-6,o,f061152e-Audio_SP12.v0,group_0,1,fave,291.2827259254776,80.92646738011989,6,embargo,,0.079999999999984,sin,anteriormente,g,#,g,a,final,28.64880391963139,14.759451742029407,72.89670710931216,f061152e-Audio_SP12.csv,f061152e-Audio_SP12,237.72775,2353.872,1176.936,time column: time,audio_duration,H1
670.5246532008501,1650.574073296496,1688.1922761039248,4.274476933801459,3.0778407184558105,4.553031309674554,4794.871794871795,0.0004679863828581,238.14375,0.027,0.3214285714285714,0-0-363-6,o,f061152e-Audio_SP12.v0,group_0,1,fave,250.58095120994616,76.49528783382995,6,anteriormente,,0.0600000000000022,embargo,ellos,i,R,i,R,internal,71.8425510698656,21.71147056722295,94.91970367037818,f061152e-Audio_SP12.csv,f061152e-Audio_SP12,238.14375,2353.872,1176.936,time column: time,audio_duration,H1
705.9854317817883,2441.299072517811,3317.6296153523704,3.442281139458013,3.1886108836250826,3.9280857148368735,6410.25641025641,0.0004590340498407,238.80875,0.037,0.3245614035087719,0-0-364-2,o,f061152e-Audio_SP12.v0,group_0,1,fave,104.21419153244716,59.817790759282055,6,ellos,,0.0900000000000034,anteriormente,no,L,s,L,s,internal,31.2581811730812,24.254711413978093,50.80962041165686,f061152e-Audio_SP12.csv,f061152e-Audio_SP12,238.80875,2353.872,1176.936,time column: time,audio_duration,H1
655.851746620068,1297.3126362649866,2421.118622835428,2.537420230310146,2.025091985163668,4.1572789114805335,5153.846153846154,2.76398901211e-05,248.45275,0.025,0.3378378378378378,0-0-395-3,o,f061152e-Audio_SP12.v0,group_0,1,fave,322.1428001733328,82.28952948312917,6,Remotasks,,0.0500000000000113,con,también,m,t,m,t,internal,12.64700249667369,7.576807866494797,63.897415303476855,f061152e-Audio_SP12.csv,f061152e-Audio_SP12,248.45275,2353.872,1176.936,time column: time,audio_duration,H1
493.3436350800803,1636.1368573275065,1866.7064904113288,3.262847243548768,2.898116726772873,3.960795743342365,4974.358974358975,0.0008234819709622,251.86875,0.037,0.324561403508772,0-0-405-5,o,f061152e-Audio_SP12.v0,group_0,1,fave,232.8358868070725,75.6994128728337,6,pedido,,0.0900000000000034,[silence],prestado,d,#,d,p,final,26.123812208519297,18.139950697104908,52.49908512957273,f061152e-Audio_SP12.csv,f061152e-Audio_SP12,251.86875,2353.872,1176.936,time column: time,audio_duration,H1
534.031321224478,1252.817596418476,1536.0371337725076,3.3205086610086942,3.2060437397055046,3.1277342514981554,4256.410256410256,0.0001492854389931,254.25375000000005,0.027,0.3214285714285714,0-0-413-4,o,f061152e-Audio_SP12.v0,group_0,1,fave,251.8511632570772,80.42102401369286,6,luego,,0.0600000000000022,pero,también,g,#,g,t,final,27.674423879304012,24.6812473752154,22.822211526360167,f061152e-Audio_SP12.csv,f061152e-Audio_SP12,254.25375000000005,2353.872,1176.936,time column: time,audio_duration,H1
519.8486466482289,998.7124904282344,1576.539525892268,3.4702931609861247,2.623102374836506,4.061668345630754,4256.410256410256,0.0002356464889926,270.21374999999995,0.027,0.3214285714285714,0-0-447-4,o,f061152e-Audio_SP12.v0,group_0,1,fave,247.3156132652753,78.20503412749312,6,tengo,,0.0600000000000022,es,esas,g,#,g,é,final,32.146165064963924,13.778403118012404,58.071112994617366,f061152e-Audio_SP12.csv,f061152e-Audio_SP12,270.21374999999995,2353.872,1176.936,time column: time,audio_duration,H1
580.8413533052959,911.1321410740062,2292.7636597541605,2.590139854735973,3.419443222768088,4.138670640079393,4974.358974358975,4.17047008969e-05,282.96275,0.025,0.3378378378378378,0-0-462-5,o,f061152e-Audio_SP12.v0,group_0,1,fave,290.3070892812633,69.30336341198604,6,tiempos,,0.0500000000000113,los,de,p,s,p,s,internal,13.33163596525081,30.552399404167215,62.71938936338832,f061152e-Audio_SP12.csv,f061152e-Audio_SP12,282.96275,2353.872,1176.936,time column: time,audio_duration,H1
492.3899280245714,959.7921089740754,1657.4822543372804,3.137562632616665,3.5269650342013485,3.559373321333343,4974.358974358975,0.0044038859699351,283.49375000000003,0.047,0.3263888888888889,0-0-464-3,o,f061152e-Audio_SP12.v0,group_0,1,fave,85.60137131859295,62.14762754423664,6,pagos,,0.1199999999999477,de,",",g,s,g,s,internal,23.04762281875044,34.02055953948962,35.14116802291573,f061152e-Audio_SP12.csv,f061152e-Audio_SP12,283.49375000000003,2353.872,1176.936,time column: time,audio_duration,H1
753.3824207296755,1360.685597622259,2556.74545983653,3.975946671354477,3.2841092033360804,3.02369439368783,6769.2307692307695,0.0002045110517091,284.07875,0.037,0.3245614035087719,0-0-467-1,o,f061152e-Audio_SP12.v0,group_0,1,fave,216.62942022802352,78.6776138823839,6,lo,,0.0899999999999749,por,menos,l,#,l,m,final,53.30055113458615,26.685202634655703,20.56713459336688,f061152e-Audio_SP12.csv,f061152e-Audio_SP12,284.07875,2353.872,1176.936,time column: time,audio_duration,H1
477.2715504421936,1418.029699855486,2346.796510431646,3.1286924281266977,3.627833500731359,4.254364477690081,5153.846153846154,0.0006303222892613,285.16374999999994,0.027,0.3214285714285714,0-0-475-3,o,f061152e-Audio_SP12.v0,group_0,1,fave,223.446138260046,74.22428219913182,6,Remotasks,,0.0600000000000022,en,a,m,t,m,t,internal,22.84408971596748,37.63120027036376,70.4120545345626,f061152e-Audio_SP12.csv,f061152e-Audio_SP12,285.16374999999994,2353.872,1176.936,time column: time,audio_duration,H1
538.8423070073246,807.0369469142908,1412.0465705312652,2.764971824198051,2.3500898616498045,3.273963624522157,3358.974358974359,0.0027231997045203,290.28875,0.037,0.324561403508772,0-0-490-5,o,f061152e-Audio_SP12.v0,group_0,1,fave,268.6039507746423,78.79167062928391,6,tiempo,,0.0900000000000318,el,de,p,#,p,d,final,15.878592592230834,10.486512017659544,26.41583456620729,f061152e-Audio_SP12.csv,f061152e-Audio_SP12,290.28875,2353.872,1176.936,time column: time,audio_duration,H1
559.968912439697,962.7311816372892,3235.3129128500805,2.6868947315746365,2.613886007814171,4.123975624725387,6230.769230769231,0.0016993273374623,292.71375,0.047,0.3263888888888889,0-0-499-0,o,f061152e-Audio_SP12.v0,group_0,1,fave,208.9271311086085,74.39683261660426,6,o,,0.1200000000000045,[silence],más,#,#,.,m,coextensive,14.686001065399108,13.65199968286009,61.80446584552527,f061152e-Audio_SP12.csv,f061152e-Audio_SP12,292.71375,2353.872,1176.936,time column: time,audio_duration,H1
386.77064914330646,1834.372783817554,3013.232053211329,2.557044351956173,3.1778104269751544,4.228452670794868,6051.282051282051,0.0020535306783349,299.64875,0.057,0.3275862068965517,0-0-520-3,o,f061152e-Audio_SP12.v0,group_0,1,fave,372.8756954974388,83.64030552813843,6,pagos,,0.1499999999999772,los,[pron=pi],g,s,g,s,internal,12.897640039487326,23.994159029937755,68.61098621354479,f061152e-Audio_SP12.csv,f061152e-Audio_SP12,299.64875,2353.872,1176.936,time column: time,audio_duration,H1
665.4407532956745,1246.5253807838471,1670.3328837944382,2.244675838941861,3.58056288913242,3.6360972689824407,4794.871794871795,0.00218778181845,303.34775,0.035,0.3365384615384616,0-0-531-1,o,f061152e-Audio_SP12.v0,group_0,1,fave,263.9942969057189,69.34122571986921,6,control,,0.0800000000000409,un,como,k,n,k,n,internal,9.43735583731199,35.89373935757472,37.943464249951575,f061152e-Audio_SP12.csv,f061152e-Audio_SP12,303.34775,2353.872,1176.936,time column: time,audio_duration,H1
484.78233627814353,1279.403075820933,1747.9881008204973,2.7195182965344795,3.261224528396146,3.989959373964087,4974.358974358975,1.81160461572e-05,304.04275,0.025,0.3378378378378378,0-0-535-1,o,f061152e-Audio_SP12.v0,group_0,1,fave,207.3492179153457,80.03975334651895,6,lo,,0.0500000000000113,por,menos,l,#,l,m,final,15.173011592045569,26.081455078677067,54.052693372057554,f061152e-Audio_SP12.csv,f061152e-Audio_SP12,304.04275,2353.872,1176.936,time column: time,audio_duration,H1
456.2475337720888,1279.3640012410378,1605.3128225547307,2.3576795515989506,2.6631823041842617,2.975130165258028,4076.923076923077,1.55079089319e-05,305.65374999999995,0.027,0.3214285714285714,0-0-543-4,o,f061152e-Audio_SP12.v0,group_0,1,fave,243.30272129420896,72.51158061539304,6,tanto,,0.0600000000000022,trabajar,tiempo,t,#,t,t,final,10.56640418741584,14.341856705833711,19.59217330392159,f061152e-Audio_SP12.csv,f061152e-Audio_SP12,305.65374999999995,2353.872,1176.936,time column: time,audio_duration,H1
643.1256229938872,1192.1000457114806,2542.7962198551704,1.3787268599696654,3.156343158447292,3.560442957174348,6051.282051282051,0.0029238220367161,306.24075,0.061,0.3315217391304348,0-0-544-5,o,f061152e-Audio_SP12.v0,group_0,1,fave,317.7502060938807,81.94496362306147,6,tiempo,,0.160000000000025,tanto,y,p,#,p,i,final,3.969844241179746,23.484559401304367,35.17877638576852,f061152e-Audio_SP12.csv,f061152e-Audio_SP12,306.24075,2353.872,1176.936,time column: time,audio_duration,H1
530.8598501635962,1245.504964542664,2871.1312108450834,3.2181834103119926,2.625472421366956,3.663892745751422,5692.307692307692,0.002025625873112,307.50075,0.041,0.3306451612903226,0-0-549-4,o,f061152e-Audio_SP12.v0,group_0,1,fave,211.72088003699324,70.31389318847903,6,tanto,,0.0999999999999659,producir,a,t,#,t,a,final,24.9826956276858,13.81109730258281,39.01291502321092,f061152e-Audio_SP12.csv,f061152e-Audio_SP12,307.50075,2353.872,1176.936,time column: time,audio_duration,H1
509.518962178564,1004.5140951168214,1412.4958706049918,2.343463109651705,2.749169855784188,3.147913631599682,4256.410256410256,5.41086552033e-05,310.10275,0.025,0.3378378378378378,0-0-558-1,o,f061152e-Audio_SP12.v0,group_0,1,fave,248.40642179763256,75.59367644531713,6,control,,0.0500000000000113,un,muy,k,n,k,n,internal,10.417250246944514,15.629651632295388,23.287427708073327,f061152e-Audio_SP12.csv,f061152e-Audio_SP12,310.10275,2353.872,1176.936,time column: time,audio_duration,H1
506.83261467023857,1282.618115885875,2961.066777826695,2.9275211089001414,2.974269312520502,4.499257445951499,6051.282051282051,0.000277684888316,310.86375,0.027,0.3214285714285714,0-0-560-5,o,f061152e-Audio_SP12.v0,group_0,1,fave,401.3375116750308,77.49178949480535,6,exacto,,0.0600000000000022,muy,porque,t,#,t,p,final,18.681264232316305,19.575314585376947,89.95031352621477,f061152e-Audio_SP12.csv,f061152e-Audio_SP12,310.86375,2353.872,1176.936,time column: time,audio_duration,H1
675.9922768611616,1422.7085532969202,2365.973371806692,3.048060244376307,3.6011457144469703,4.032414482302342,5871.794871794871,0.0036310192119814,315.72275,0.045,0.335820895522388,0-0-574-4,o,f061152e-Audio_SP12.v0,group_0,1,fave,205.19386343182617,77.4557089726857,6,bueno,,0.1100000000000136,que,que,n,#,n,k,final,21.074425513622923,36.640189599338285,56.39691634652775,f061152e-Audio_SP12.csv,f061152e-Audio_SP12,315.72275,2353.872,1176.936,time column: time,audio_duration,H1
480.7975212917042,1041.8909511794711,2624.70927523336,2.375624948805676,3.266600485399631,3.880324597105559,5692.307692307692,0.0001357498163397,318.17575,0.031,0.3297872340425531,0-0-584-1,o,f061152e-Audio_SP12.v0,group_0,1,fave,440.1951053550304,79.87179316636158,6,poquito,,0.0699999999999931,muy,.,p,k,p,k,internal,10.757734118827504,26.22204542499787,48.43993598273944,f061152e-Audio_SP12.csv,f061152e-Audio_SP12,318.17575,2353.872,1176.936,time column: time,audio_duration,H1
564.6394749017583,1312.7470431135955,1543.9569454845946,3.1315464456961526,3.439284724112979,3.5746227511912307,4256.410256410256,0.002991196067178,326.67375,0.047,0.3263888888888889,0-0-593-6,o,f061152e-Audio_SP12.v0,group_0,1,fave,264.20714826198633,76.66959674111447,6,acuerdo,,0.1200000000000045,me,que,d,#,d,k,final,22.9093802752585,31.164658865169788,35.681157602124,f061152e-Audio_SP12.csv,f061152e-Audio_SP12,326.67375,2353.872,1176.936,time column: time,audio_duration,H1
552.5456775330542,1810.436726136492,2582.155774653199,4.165116530914222,1.840121765431504,3.610932516611844,6410.25641025641,0.000562462241359,330.44375,0.027,0.3214285714285714,0-0-604-4,o,f061152e-Audio_SP12.v0,group_0,1,fave,578.340704200125,79.5285403145728,6,sesión,,0.0600000000000022,iniciar,en,i,n,i,n,internal,64.40018661884247,6.297305008405708,37.00054035074755,f061152e-Audio_SP12.csv,f061152e-Audio_SP12,330.44375,2353.872,1176.936,time column: time,audio_duration,H1
547.00452627709,1284.6593406366767,1587.5673864388114,3.0059112578509097,3.455619170968979,3.6915936563710425,4076.923076923077,0.0046112956520499,333.21375,0.047,0.3263888888888889,0-0-611-7,o,f061152e-Audio_SP12.v0,group_0,1,fave,261.2720011219024,75.53932078195221,6,Recuerdo,,0.1200000000000045,[silence],que,d,#,d,k,final,20.204619327656225,31.67789664526876,40.1087155615542,f061152e-Audio_SP12.csv,f061152e-Audio_SP12,333.21375,2353.872,1176.936,time column: time,audio_duration,H1
506.4592225644324,997.3306640434772,1661.508926011728,2.877690301803121,3.440564959530192,3.8260572987292254,4256.410256410256,3.50273932418e-05,333.97275,0.025,0.3378378378378378,0-0-614-3,o,f061152e-Audio_SP12.v0,group_0,1,fave,236.5844526712129,71.52033528819753,6,como,,0.0500000000000113,era,una,m,#,m,ú,final,17.773175065361258,31.20458251559705,45.88128495474782,f061152e-Audio_SP12.csv,f061152e-Audio_SP12,333.97275,2353.872,1176.936,time column: time,audio_duration,H1
620.0576024549182,1547.7331991958615,3131.197987180384,2.6051661482723656,3.3158272498334864,4.150158615042314,5871.794871794871,2.83552863878e-05,336.40275,0.025,0.3378378378378378,0-0-620-7,o,f061152e-Audio_SP12.v0,group_0,1,fave,309.0789535171352,78.50543664173253,6,productos,,0.0500000000000113,de,de,t,s,t,s,internal,13.53347367923145,27.545171300375728,63.44406268276646,f061152e-Audio_SP12.csv,f061152e-Audio_SP12,336.40275,2353.872,1176.936,time column: time,audio_duration,H1
716.2410745919196,1409.257448860455,3441.495976159355,3.5216157465940974,2.721097360754808,4.146603195105224,6769.2307692307695,0.000736022824444,351.47875,0.037,0.3245614035087719,0-0-646-6,o,f061152e-Audio_SP12.v0,group_0,1,fave,321.6153672122153,71.38772015614205,6,haciendo,,0.0900000000000318,[silence],en,d,#,d,e,final,33.83905966227476,15.196989678251864,63.21889292114175,f061152e-Audio_SP12.csv,f061152e-Audio_SP12,351.47875,2353.872,1176.936,time column: time,audio_duration,H1
436.8265641047341,880.8354858873904,1340.762709055116,2.017549277933087,2.636405182615963,2.7404041336479263,3717.948717948718,0.0005167642179902,352.11574999999993,0.051,0.3311688311688312,0-0-648-4,o,f061152e-Audio_SP12.v0,group_0,1,fave,429.16920621319264,77.31216909014108,6,Micro,,0.1300000000000523,en,son,R,#,R,s,final,7.519873213653279,13.962919135696565,15.493245172990903,f061152e-Audio_SP12.csv,f061152e-Audio_SP12,352.11574999999993,2353.872,1176.936,time column: time,audio_duration,H1
513.7340261573906,1248.8678074608615,1519.8913631502014,2.552010708992169,2.773326115172277,3.5659054819804044,3897.4358974358975,7.02579414735e-05,354.89875,0.037,0.324561403508772,0-0-655-4,o,f061152e-Audio_SP12.v0,group_0,1,fave,238.25900729584825,81.67069621806978,6,introducir,,0.0900000000000318,de,datos,R,d,R,d,internal,12.832881048007405,16.01180263797604,35.37146713427509,f061152e-Audio_SP12.csv,f061152e-Audio_SP12,354.89875,2353.872,1176.936,time column: time,audio_duration,H1
584.0092564289977,1461.8740431866474,2858.09458261825,3.2957938843999868,4.040392571506841,4.752143567273232,5692.307692307692,2.89383914158e-05,355.59275,0.025,0.3378378378378378,0-0-656-3,o,f061152e-Audio_SP12.v0,group_0,1,fave,201.4884406381988,76.59446142449227,6,datos,,0.0500000000000113,introducir,de,t,s,t,s,internal,26.998839521622543,56.848655587887166,115.83231295463833,f061152e-Audio_SP12.csv,f061152e-Audio_SP12,355.59275,2353.872,1176.936,time column: time,audio_duration,H1
517.6481569800677,1366.767261664464,2229.3105614959163,2.995164326463379,3.0455770154286763,3.6692924794237904,5512.820512820513,0.0001448047814835,357.57275000000004,0.025,0.3378378378378378,0-0-666-2,o,f061152e-Audio_SP12.v0,group_0,1,fave,217.8166495498997,79.17068124930881,6,proporcionan,,0.0500000000000113,te,una,R,p,R,p,internal,19.98864428321616,21.022157813324743,39.22414415140113,f061152e-Audio_SP12.csv,f061152e-Audio_SP12,357.57275000000004,2353.872,1176.936,time column: time,audio_duration,H1
1009.0278028393346,1489.6828704214713,2593.189429908686,3.618389082237975,3.757891012565952,2.815899022943746,5333.333333333333,0.0008174383821336,377.99875,0.037,0.3245614035087719,0-0-692-6,o,f061152e-Audio_SP12.v0,group_0,1,fave,174.13919251605236,70.61884384669065,6,imagino,,0.0899999999999749,Me,",",n,#,n,.,final,37.277468491394686,42.857943734557146,16.708190076448897,f061152e-Audio_SP12.csv,f061152e-Audio_SP12,377.99875,2353.872,1176.936,time column: time,audio_duration,H1
546.3619891200057,1408.676735279562,2648.9358445810835,2.26971560627671,3.3080162065897936,3.3704390822518486,5333.333333333333,0.0002596744559892,380.10075,0.041,0.3306451612903226,0-0-700-3,o,f061152e-Audio_SP12.v0,group_0,1,fave,275.1979392152243,76.34701100291196,6,digo,,0.1000000000000227,te,que,g,#,g,k,final,9.676648444632956,27.330852891047364,29.09129772641985,f061152e-Audio_SP12.csv,f061152e-Audio_SP12,380.10075,2353.872,1176.936,time column: time,audio_duration,H1
624.1577538801102,1661.7557558921874,2654.611671759259,3.310986978297717,2.958808812220328,3.779858605804381,6051.282051282051,0.0002843022076646,380.98775000000006,0.035,0.3365384615384615,0-0-704-11,o,f061152e-Audio_SP12.v0,group_0,1,fave,282.7639171062043,80.26279525771723,6,transcripción,,0.079999999999984,de,porque,i,n,i,n,internal,27.41216733909708,19.274997933159884,43.80984683956904,f061152e-Audio_SP12.csv,f061152e-Audio_SP12,380.98775000000006,2353.872,1176.936,time column: time,audio_duration,H1
778.3148086903076,1078.256813200628,2417.159957478148,3.452694031080578,2.9740654918120195,3.47292277697525,5871.794871794871,0.0006850486237884,382.26575,0.031,0.3297872340425531,0-0-708-3,o,f061152e-Audio_SP12.v0,group_0,1,fave,239.9342625324385,74.77842343272785,6,como,,0.0699999999999931,imágenes,escaneadas,m,#,m,e,final,31.58536975922867,19.57132513746925,32.23080837553438,f061152e-Audio_SP12.csv,f061152e-Audio_SP12,382.26575,2353.872,1176.936,time column: time,audio_duration,H1
489.6743513266841,928.4592303105416,1369.4474942987954,3.0712314188047203,3.459799128311241,3.4031714132494417,4076.923076923077,0.0010996356062259,383.69075,0.041,0.3306451612903226,0-0-712-1,o,f061152e-Audio_SP12.v0,group_0,1,fave,207.9762708036906,80.63976832467729,6,documentos,,0.0999999999999659,de,",",d,k,d,k,internal,21.56844611873956,31.810586026719527,30.05927943811023,f061152e-Audio_SP12.csv,f061152e-Audio_SP12,383.69075,2353.872,1176.936,time column: time,audio_duration,H1
612.9336454660207,1394.009105189343,2571.336359218081,2.5327531597210085,3.2845551691827737,3.7792668391497486,5692.307692307692,0.0008091383470861,384.24775000000005,0.035,0.3365384615384615,0-0-712-8,o,f061152e-Audio_SP12.v0,group_0,1,fave,151.87797151660996,61.53158251773164,6,documentos,,0.079999999999984,de,",",t,s,t,s,internal,12.588115564901733,26.697105977687794,43.78392930238831,f061152e-Audio_SP12.csv,f061152e-Audio_SP12,384.24775000000005,2353.872,1176.936,time column: time,audio_duration,H1
504.74076007061086,1570.5713430933151,1859.015977996659,3.544455913967209,2.782310586900977,3.792018392280304,4435.897435897436,4.06596992851e-05,386.03375,0.027,0.3214285714285714,0-0-716-6,o,f061152e-Audio_SP12.v0,group_0,1,fave,241.27565856526584,70.50423187604795,6,imagino,,0.0600000000000022,me,que,n,#,n,k,final,34.6208434995424,16.15630840805576,44.3458172615748,f061152e-Audio_SP12.csv,f061152e-Audio_SP12,386.03375,2353.872,1176.936,time column: time,audio_duration,H1
487.4080867433458,1198.9369913282171,2474.983876010051,3.7874391018982942,3.593123908519705,3.3714961564722965,5512.820512820513,0.0008895574143895,389.03575,0.031,0.3297872340425531,0-0-729-5,o,f061152e-Audio_SP12.v0,group_0,1,fave,165.00415726651102,57.61477891583343,6,físico,,0.0699999999999931,en,.,k,#,k,.,final,44.14320914186934,36.3474448498442,29.12206564640832,f061152e-Audio_SP12.csv,f061152e-Audio_SP12,389.03575,2353.872,1176.936,time column: time,audio_duration,H1
589.0542429805456,846.6409815293181,1632.7442892216882,3.500643408705008,2.737378936365581,3.323199875941403,4076.923076923077,0.0002628673485146,392.79575,0.031,0.3297872340425531,0-0-738-6,o,f061152e-Audio_SP12.v0,group_0,1,fave,275.1677209999278,77.9518292513705,6,trabajo,,0.07000000000005,el,que,x,#,x,k,final,33.13676558470378,15.44644587404641,27.74900200997972,f061152e-Audio_SP12.csv,f061152e-Audio_SP12,392.79575,2353.872,1176.936,time column: time,audio_duration,H1
680.1167379670537,1270.3790248253845,2429.2554827492554,2.7359862203384195,3.03824609199265,3.5254682798864714,6051.282051282051,0.0042254430537711,398.48275,0.045,0.335820895522388,0-0-751-3,o,f061152e-Audio_SP12.v0,group_0,1,fave,316.8913902539346,78.44303627080832,6,Remotasks,,0.1100000000000136,[silence],Remotasks,m,t,m,t,internal,15.424948334773507,20.868609497081383,33.96967720887749,f061152e-Audio_SP12.csv,f061152e-Audio_SP12,398.48275,2353.872,1176.936,time column: time,audio_duration,H1
582.7722191932997,1113.1329914303858,1633.2493815931448,3.3720485430420584,3.342212560650616,3.63161264272677,3897.4358974358975,0.0005788884947571,399.09875,0.037,0.324561403508772,0-0-752-3,o,f061152e-Audio_SP12.v0,group_0,1,fave,230.3893633839405,71.40634800555199,6,Remotasks,,0.0900000000000318,Remotasks,es,m,t,m,t,internal,29.13815672819469,28.281632358026155,37.77368298126429,f061152e-Audio_SP12.csv,f061152e-Audio_SP12,399.09875,2353.872,1176.936,time column: time,audio_duration,H1
579.9179151022151,1234.0995205755792,1602.1818349346938,3.565483746028667,2.7811493143020325,3.628438854509761,3358.974358974359,0.0003722745233704,400.26575,0.031,0.3297872340425531,0-0-756-0,o,f061152e-Audio_SP12.v0,group_0,1,fave,251.55043194469567,70.33765080178513,6,o,,0.0699999999999931,plataforma,sea,#,#,a,s,coextensive,35.35655286008273,16.137557419413273,37.65398735606156,f061152e-Audio_SP12.csv,f061152e-Audio_SP12,400.26575,2353.872,1176.936,time column: time,audio_duration,H1
508.29353408672745,1006.4742667386276,1196.807600894801,2.4236876031693293,2.526318872461551,3.255373099099278,3000.0,0.001290914879628,401.68875,0.037,0.324561403508772,0-0-762-3,o,f061152e-Audio_SP12.v0,group_0,1,fave,474.9051153524838,76.98512303526803,6,como,,0.0899999999999749,tiene,proyectos,m,#,m,p,final,11.287406138351278,12.50738002965258,25.92928692310294,f061152e-Audio_SP12.csv,f061152e-Audio_SP12,401.68875,2353.872,1176.936,time column: time,audio_duration,H1
788.5076745336863,1285.18199590765,3169.5247610764577,2.989197758129599,4.068281832416658,4.322822774765533,6051.282051282051,0.0026971699481204,402.91075,0.041,0.3306451612903226,0-0-765-7,o,f061152e-Audio_SP12.v0,group_0,1,fave,274.44041284198914,67.65626318124114,6,avanzado,,0.1000000000000227,más,[silence],d,#,d,.,final,19.86973576187089,58.45643830050722,75.40116869032953,f061152e-Audio_SP12.csv,f061152e-Audio_SP12,402.91075,2353.872,1176.936,time column: time,audio_duration,H1
601.1621665980665,910.8744682929564,2417.0396715130355,2.912665797996301,3.3845516083539824,4.615904076843775,4794.871794871795,0.0026177292646636,406.73875,0.057,0.3275862068965517,0-0-775-3,o,f061152e-Audio_SP12.v0,group_0,1,fave,201.4257615367994,81.33198812422475,6,como,,0.1500000000000341,es,la,m,#,m,l,final,18.40579936795627,29.50476006173792,101.07917057365088,f061152e-Audio_SP12.csv,f061152e-Audio_SP12,406.73875,2353.872,1176.936,time column: time,audio_duration,H1
441.8768776909431,898.2233390466256,2584.90435464472,1.72071036968556,3.051530176282314,4.432340437460893,5512.820512820513,0.002387341654393,411.65875,0.037,0.324561403508772,0-0-789-6,o,f061152e-Audio_SP12.v0,group_0,1,fave,444.0295800303862,83.54460627183646,6,acuerdo,,0.0900000000000318,de,a,d,#,d,a,final,5.588496953385519,21.1476793545327,84.12808319534955,f061152e-Audio_SP12.csv,f061152e-Audio_SP12,411.65875,2353.872,1176.936,time column: time,audio_duration,H1
626.077872802106,735.169762690654,1617.0189516101852,1.5483536467609225,3.2165371308811754,3.7876651312378,3897.4358974358975,0.0100447956889395,412.01775,0.095,0.334507042253521,0-0-791-2,o,f061152e-Audio_SP12.v0,group_0,1,fave,307.17059855821566,76.25018292899688,6,unos,,0.2599999999999909,a,puntos,n,s,n,s,internal,4.703719820062641,24.94160096567732,44.15318792998227,f061152e-Audio_SP12.csv,f061152e-Audio_SP12,412.01775,2353.872,1176.936,time column: time,audio_duration,H1
727.8129918580648,1560.3929050707677,2891.121756622731,3.418795912580383,3.762226485104164,4.682757548983964,6051.282051282051,0.0004746723522658,412.44575,0.031,0.3297872340425531,0-0-792-4,o,f061152e-Audio_SP12.v0,group_0,1,fave,277.18899285210995,80.55325624459954,6,puntos,,0.0699999999999931,unos,una,t,s,t,s,internal,30.53262892428094,43.044156541241136,108.0676639483454,f061152e-Audio_SP12.csv,f061152e-Audio_SP12,412.44575,2353.872,1176.936,time column: time,audio_duration,H1
668.3746299806088,924.9017990936288,1353.7816200747188,3.670733482300457,3.540008643732847,4.085711574885279,3897.4358974358975,0.0075742125877017,417.66375,0.047,0.3263888888888889,0-0-803-3,o,f061152e-Audio_SP12.v0,group_0,1,fave,156.52851027225353,70.55698176320166,6,Remo,,0.1200000000000045,con,que,m,#,m,k,final,39.28070699978402,34.46721711498651,59.484250193730304,f061152e-Audio_SP12.csv,f061152e-Audio_SP12,417.66375,2353.872,1176.936,time column: time,audio_duration,H1
587.7492614374888,1576.631067232291,2452.955439682138,3.465682854928492,2.986602478552951,4.414246775115196,5692.307692307692,0.0001540108916861,420.10775,0.035,0.3365384615384615,0-0-814-3,o,f061152e-Audio_SP12.v0,group_0,1,fave,205.41404319154248,80.82695887122524,6,pero,,0.0800000000000409,",",yo,R,#,R,y,final,31.998302513144928,19.8182351006686,82.61958633480585,f061152e-Audio_SP12.csv,f061152e-Audio_SP12,420.10775,2353.872,1176.936,time column: time,audio_duration,H1
423.4231123132832,838.0321903947307,1688.1500277015512,2.004085064804612,2.0606463869775165,3.262797667750576,3358.974358974359,0.0002463623626971,421.0677500000001,0.035,0.3365384615384616,0-0-818-3,o,f061152e-Audio_SP12.v0,group_0,1,fave,415.8888494296432,78.29681521827254,6,menos,,0.079999999999984,lo,trabajo,n,s,n,s,internal,7.419302609355109,7.851042982469394,26.12251713177974,f061152e-Audio_SP12.csv,f061152e-Audio_SP12,421.0677500000001,2353.872,1176.936,time column: time,audio_duration,H1
766.6458239759529,1278.0709679479353,2993.3485976133093,3.2983583044936577,3.202697112518417,4.275834746109579,5692.307692307692,9.32796231546e-05,421.5627500000001,0.025,0.3378378378378378,0-0-819-6,o,f061152e-Audio_SP12.v0,group_0,1,fave,251.87874390639817,72.36973661032377,6,trabajo,,0.0500000000000113,menos,más,x,#,x,m,final,27.06816473969705,24.598786501601893,71.94016602635234,f061152e-Audio_SP12.csv,f061152e-Audio_SP12,421.5627500000001,2353.872,1176.936,time column: time,audio_duration,H1
760.1464501989147,1598.0408373676846,3065.496433863027,3.249547292484727,3.6847745555367655,4.433291835066165,6230.769230769231,0.0003972909826544,421.89575,0.031,0.3297872340425531,0-0-821-1,o,f061152e-Audio_SP12.v0,group_0,1,fave,278.6151611451137,76.06454447465093,6,ahorita,,0.0699999999999931,más,es,a,R,a,R,internal,25.77866707888127,39.83614060011037,84.20816053889395,f061152e-Audio_SP12.csv,f061152e-Audio_SP12,421.89575,2353.872,1176.936,time column: time,audio_duration,H1
472.119551601492,1501.633135765136,3417.607200045233,2.669887641556515,2.8792861163433265,3.0684447509921964,5692.307692307692,2.51125167951e-05,423.54275,0.025,0.3378378378378378,0-0-827-5,o,f061152e-Audio_SP12.v0,group_0,1,fave,423.09353635011166,76.1213029894835,6,esposo,,0.0500000000000113,mi,sí,s,#,s,s,final,14.438346831485113,17.80156039939667,21.50842569151144,f061152e-Audio_SP12.csv,f061152e-Audio_SP12,423.54275,2353.872,1176.936,time column: time,audio_duration,H1
456.7082325292779,1171.670355648205,2543.286729819139,3.99925839810886,3.629409482946644,2.88605445885957,5871.794871794871,0.0053075549249573,424.55375,0.047,0.3263888888888889,0-0-832-3,o,f061152e-Audio_SP12.v0,group_0,1,fave,179.66141804550327,72.14086875786236,6,Remotasks,,0.1200000000000045,en,[silence],m,t,m,t,internal,54.55767495188033,37.6905531299706,17.922456127829044,f061152e-Audio_SP12.csv,f061152e-Audio_SP12,424.55375,2353.872,1176.936,time column: time,audio_duration,H1
602.4798193305662,1618.1834886518525,2511.6636929764018,3.505623612929333,3.0053238132528897,4.200443576151108,5333.333333333333,0.0016881217772611,448.83775,0.035,0.3365384615384616,0-0-835-4,o,f061152e-Audio_SP12.v0,group_0,1,fave,266.52293484021203,77.80515775489123,6,Bueno,,0.079999999999984,[silence],por,n,#,n,p,final,33.30220506390412,20.192753718712307,66.71591806854458,f061152e-Audio_SP12.csv,f061152e-Audio_SP12,448.83775,2353.872,1176.936,time column: time,audio_duration,H1
599.067168899272,1651.633868028145,2637.1902339957783,3.159464566910196,3.21493021474123,4.109134674136187,5692.307692307692,7.1604841198e-05,451.39575,0.031,0.3297872340425531,0-0-845-10,o,f061152e-Audio_SP12.v0,group_0,1,fave,206.10506380670063,79.58172393394878,6,verificación,,0.0699999999999931,piden,[silence],i,n,i,n,internal,23.557978830168857,24.90155408913298,60.89400161012573,f061152e-Audio_SP12.csv,f061152e-Audio_SP12,451.39575,2353.872,1176.936,time column: time,audio_duration,H1
635.6127261556144,1582.7634336365702,3279.080530477079,2.602730611074023,2.849524303344998,3.691038663496025,6410.25641025641,1.80977598741e-05,453.73375,0.027,0.3214285714285714,0-0-851-8,o,f061152e-Audio_SP12.v0,group_0,1,fave,289.2896335173834,83.40948094160649,6,documentos,,0.0599999999999454,tus,de,t,s,t,s,internal,13.50055250730591,17.279560056266366,40.0864616861338,f061152e-Audio_SP12.csv,f061152e-Audio_SP12,453.73375,2353.872,1176.936,time column: time,audio_duration,H1
499.9620161877104,777.1198459533936,1498.9429983658017,2.920769196089452,2.6800778771596505,4.138659048209845,4256.410256410256,0.0117221460920957,459.70375,0.087,0.3295454545454545,0-0-866-3,o,f061152e-Audio_SP12.v0,group_0,1,fave,216.40852257314168,81.50497083792385,6,fotos,,0.2399999999999522,este,[silence],t,s,t,s,internal,18.555554832054344,14.586229185749277,62.71866233262248,f061152e-Audio_SP12.csv,f061152e-Audio_SP12,459.70375,2353.872,1176.936,time column: time,audio_duration,H1
629.8800619131214,898.8247007111356,1306.7683597697458,3.3490801604131795,3.3867812534971167,4.269064864698698,3358.974358974359,0.0332060759054156,462.01775,0.055,0.3353658536585366,0-0-872-2,o,f061152e-Audio_SP12.v0,group_0,1,fave,127.83133492894342,58.62486541429668,6,hago,,0.1399999999999863,las,",",g,#,g,.,final,28.47652775548361,29.57061860001027,71.4547844752488,f061152e-Audio_SP12.csv,f061152e-Audio_SP12,462.01775,2353.872,1176.936,time column: time,audio_duration,H1
584.5892083200748,1401.7729501545657,2605.787214289576,2.885167549279587,3.0832906101070137,4.417360003601618,6230.769230769231,0.0001427570765758,467.28375,0.027,0.3214285714285714,0-0-890-3,o,f061152e-Audio_SP12.v0,group_0,1,fave,279.015064448114,79.59586415648695,6,cero,,0.0600000000000022,pagan,punto,R,#,R,p,final,17.90656757668807,21.83011874559383,82.87720078276801,f061152e-Audio_SP12.csv,f061152e-Audio_SP12,467.28375,2353.872,1176.936,time column: time,audio_duration,H1
498.4049877742752,1385.425189705915,3224.5866791119533,3.015342329444352,2.3815386164911225,4.090962999002814,6410.25641025641,7.11253894337e-05,467.63775,0.035,0.3365384615384615,0-0-891-4,o,f061152e-Audio_SP12.v0,group_0,1,fave,222.65176544756503,80.7978681239812,6,punto,,0.079999999999984,cero,diez,t,#,t,d,final,20.39607192155124,10.821540261667744,59.79744886958292,f061152e-Audio_SP12.csv,f061152e-Audio_SP12,467.63775,2353.872,1176.936,time column: time,audio_duration,H1
465.6932793059991,759.7073133918572,1381.0383804843973,2.9839922529420866,2.8886342871322315,4.072903056523236,4435.897435897436,0.0112382301128401,468.85075,0.101,0.3322368421052631,0-0-894-0,o,f061152e-Audio_SP12.v0,group_0,1,fave,213.5553059454228,81.31060438817988,6,o,,0.2799999999999727,[silence],cero,#,#,.,z,coextensive,19.766572490713155,17.96875267976268,58.72720375442206,f061152e-Audio_SP12.csv,f061152e-Audio_SP12,468.85075,2353.872,1176.936,time column: time,audio_duration,H1
570.2448368096044,1412.0949009281146,1629.4528530004036,3.647723998876802,2.987758212023331,3.683396131349738,4974.358974358975,0.0001461810256232,469.28375,0.027,0.3214285714285714,0-0-895-3,o,f061152e-Audio_SP12.v0,group_0,1,fave,239.5583994539471,77.50874944482361,6,cero,,0.0600000000000022,o,punto,R,#,R,p,final,38.38719724319871,19.841152939203845,39.781267328400325,f061152e-Audio_SP12.csv,f061152e-Audio_SP12,469.28375,2353.872,1176.936,time column: time,audio_duration,H1
522.4527233074467,1493.9137013050738,1961.1505146870545,3.432271694712447,2.559340232287143,4.825717329776169,5692.307692307692,0.0004076416248947,469.5627500000001,0.025,0.3378378378378378,0-0-896-4,o,f061152e-Audio_SP12.v0,group_0,1,fave,250.56937299241343,73.37589396273479,6,punto,,0.0500000000000113,cero,cero,t,#,t,z,final,30.946864787066158,12.927285495757966,124.67587002807171,f061152e-Audio_SP12.csv,f061152e-Audio_SP12,469.5627500000001,2353.872,1176.936,time column: time,audio_duration,H1
689.0698638957415,1306.137863869354,2624.759695513867,3.065855091895641,2.410001354318897,3.93368619589561,5153.846153846154,7.10122682689e-05,470.23875,0.037,0.324561403508772,0-0-898-4,o,f061152e-Audio_SP12.v0,group_0,1,fave,326.93054138363163,79.18299116030278,6,cinco,,0.0899999999999749,cero,que,k,#,k,k,final,21.45279826039634,11.133976224009494,51.094977049737466,f061152e-Audio_SP12.csv,f061152e-Audio_SP12,470.23875,2353.872,1176.936,time column: time,audio_duration,H1
451.530149783776,867.7901203657399,1531.926725628282,3.3451850441210493,2.132917745317436,3.66048909310567,4256.410256410256,0.000170022414094,472.38375,0.027,0.3214285714285714,0-0-906-10,o,f061152e-Audio_SP12.v0,group_0,1,fave,209.9157694973616,76.85881881093015,6,verificación,,0.0600000000000022,de,con,i,n,i,n,internal,28.365824110032065,8.439455103419121,38.88035433501684,f061152e-Audio_SP12.csv,f061152e-Audio_SP12,472.38375,2353.872,1176.936,time column: time,audio_duration,H1
406.8149587649836,827.8539564962326,1040.440250969208,2.7821406554201094,3.2314121728383043,4.088798631935029,4076.923076923077,6.73237554489e-05,474.41375,0.027,0.3214285714285714,0-0-913-4,o,f061152e-Audio_SP12.v0,group_0,1,fave,199.538915580836,82.99954291084735,6,cinco,,0.0600000000000022,hasta,dólares,k,#,k,d,final,16.153563175899915,25.31538143452058,59.668165199639816,f061152e-Audio_SP12.csv,f061152e-Audio_SP12,474.41375,2353.872,1176.936,time column: time,audio_duration,H1
621.5344020350445,1320.298944342,3239.9323492811127,3.0950976062281783,2.762572244466592,3.466123367935192,5871.794871794871,0.0008036318404499,474.54275,0.045,0.335820895522388,0-0-914-1,o,f061152e-Audio_SP12.v0,group_0,1,fave,214.65820435656,84.24019743578357,6,dólares,,0.1100000000000136,cinco,[silence],d,l,d,l,internal,22.08939449480586,15.840536321071491,32.01240128671285,f061152e-Audio_SP12.csv,f061152e-Audio_SP12,474.54275,2353.872,1176.936,time column: time,audio_duration,H1
676.6135097396381,1388.0123867567786,2331.221873092951,3.014179036597696,3.5185746026269773,4.330349286632271,5512.820512820513,2.48948991978e-05,477.41275,0.025,0.3378378378378378,0-0-923-2,o,f061152e-Audio_SP12.v0,group_0,1,fave,166.5821292258399,64.70812890737207,6,hago,,0.0500000000000113,las,[silence],g,#,g,.,final,20.37235911212991,33.7363065328528,75.97081752646791,f061152e-Audio_SP12.csv,f061152e-Audio_SP12,477.41275,2353.872,1176.936,time column: time,audio_duration,H1
561.1214556217401,1024.810086927113,1590.2180316122406,2.6523567411057187,3.477862406067274,4.132835494873355,4794.871794871795,4.43128172197e-05,479.53275,0.025,0.3378378378378378,0-0-929-2,o,f061152e-Audio_SP12.v0,group_0,1,fave,571.8146925018311,57.25606454126204,6,hago,,0.0500000000000113,las,[silence],g,#,g,.,final,14.187435388344005,32.39041047731489,62.354478309115045,f061152e-Audio_SP12.csv,f061152e-Audio_SP12,479.53275,2353.872,1176.936,time column: time,audio_duration,H1
462.9518673336346,1361.1176309701318,1992.1275766009503,2.2738612939956884,1.5198828558804491,4.477306949052445,5333.333333333333,6.76295260576e-05,490.03375,0.027,0.3214285714285714,0-0-944-5,o,f061152e-Audio_SP12.v0,group_0,1,fave,450.56327986930586,75.49679473713093,6,minuto,,0.0600000000000022,un,las,t,#,t,l,final,9.71684807723735,4.5716896172178005,87.99737188177812,f061152e-Audio_SP12.csv,f061152e-Audio_SP12,490.03375,2353.872,1176.936,time column: time,audio_duration,H1
530.8618805547359,818.1650317820659,1449.3762634652917,3.146091227581787,2.043860248170001,3.61796638509825,3358.974358974359,4.73549296768e-05,493.15275,0.025,0.3378378378378378,0-0-957-3,o,f061152e-Audio_SP12.v0,group_0,1,fave,282.4011507756856,73.1685634851458,6,menos,,0.0500000000000113,lo,sus,n,s,n,s,internal,23.24502725336609,7.720354233635991,37.261714741854185,f061152e-Audio_SP12.csv,f061152e-Audio_SP12,493.15275,2353.872,1176.936,time column: time,audio_duration,H1
494.5655792801699,856.3290355148836,1165.2437166313712,2.6266508595986755,2.754338080218752,2.7497159263834803,3000.0,0.0001408071056359,494.47575,0.031,0.3297872340425531,0-0-962-5,o,f061152e-Audio_SP12.v0,group_0,1,fave,158.81950800999647,66.32238720019184,6,minutos,,0.0699999999999931,veinte,.,t,s,t,s,internal,13.8273824212848,15.710638278079577,15.638188856280324,f061152e-Audio_SP12.csv,f061152e-Audio_SP12,494.47575,2353.872,1176.936,time column: time,audio_duration,H1
648.5401012356648,1331.0281860472385,2686.2654520822675,2.556922294950642,3.0130015011064315,4.2182007101598495,5692.307692307692,0.0010808192055344,502.68875,0.037,0.3245614035087719,0-0-975-4,o,f061152e-Audio_SP12.v0,group_0,1,fave,322.09479367220763,81.16045840014712,6,Microworkers,,0.0899999999999749,en,[silence],R,o,R,o,internal,12.896065888235738,20.348384054745377,67.91118239362241,f061152e-Audio_SP12.csv,f061152e-Audio_SP12,502.68875,2353.872,1176.936,time column: time,audio_duration,H1
627.7592686195818,1326.1617166627389,2979.1963717043054,2.1866221810639974,3.548438751162027,4.300414278724594,5871.794871794871,0.005297850384721,502.79075,0.061,0.3315217391304348,0-0-975-5,o,f061152e-Audio_SP12.v0,group_0,1,fave,289.8676875418433,78.49245191847315,6,Microworkers,,0.160000000000025,en,[silence],o,R,o,R,internal,8.905082499172876,34.75900764275127,73.73033228143808,f061152e-Audio_SP12.csv,f061152e-Audio_SP12,502.79075,2353.872,1176.936,time column: time,audio_duration,H1
717.0680850928431,1244.2361137416824,3378.6264187771444,3.404697977494315,3.1013293379483744,3.4609684481706524,5871.794871794871,0.0006334844601611,505.11875,0.037,0.324561403508772,0-0-979-3,o,f061152e-Audio_SP12.v0,group_0,1,fave,413.0923862454301,83.03418727134314,6,pagos,,0.0899999999999749,los,son,g,s,g,s,internal,30.10520190220483,22.22747948258701,31.847804532628366,f061152e-Audio_SP12.csv,f061152e-Audio_SP12,505.11875,2353.872,1176.936,time column: time,audio_duration,H1
590.9944094928402,978.467350459361,1578.163773726613,2.430123075689332,3.4790172311686622,4.046036277316476,5153.846153846154,0.0010584691352233,506.49775000000005,0.035,0.3365384615384616,0-0-983-1,o,f061152e-Audio_SP12.v0,group_0,1,fave,285.6238673117367,81.29343713327819,6,poquitos,,0.079999999999984,son,pues,p,k,p,k,internal,11.360280168277065,32.42783734296088,57.170399736358384,f061152e-Audio_SP12.csv,f061152e-Audio_SP12,506.49775000000005,2353.872,1176.936,time column: time,audio_duration,H1
619.0636923897724,1535.4469827519802,3107.600020830021,2.7246346795949536,3.728208675843682,3.5397564458645934,5871.794871794871,0.0117427325795867,506.84875,0.037,0.324561403508772,0-0-983-5,o,f061152e-Audio_SP12.v0,group_0,1,fave,188.9075229752251,73.04772670342288,6,poquitos,,0.0900000000000318,son,pues,t,s,t,s,internal,15.250841465472742,41.60451420169129,34.45852565233573,f061152e-Audio_SP12.csv,f061152e-Audio_SP12,506.84875,2353.872,1176.936,time column: time,audio_duration,H1
527.414847104869,819.1305124689308,1558.804345978515,3.5525291618078096,2.3478825287219047,3.0592312249941127,3358.974358974359,0.0157977698944949,510.05574999999993,0.051,0.3311688311688312,0-0-996-0,o,f061152e-Audio_SP12.v0,group_0,1,fave,267.26701843790903,76.950048442024,6,o,,0.1300000000000523,tres,seis,#,#,s,s,coextensive,34.90147743899174,10.463390322411804,21.31116736998256,f061152e-Audio_SP12.csv,f061152e-Audio_SP12,510.05574999999993,2353.872,1176.936,time column: time,audio_duration,H1
572.8040585986236,1302.0956666720338,2904.41112124254,3.273962929698815,3.1128109891751388,4.350938847956709,5692.307692307692,0.0003003382329417,510.74575,0.031,0.3297872340425531,0-0-998-1,o,f061152e-Audio_SP12.v0,group_0,1,fave,207.91091263033067,82.4766153884635,6,dólares,,0.0699999999999931,seis,[silence],d,l,d,l,internal,26.41581621187521,22.484158378647727,77.55123757868898,f061152e-Audio_SP12.csv,f061152e-Audio_SP12,510.74575,2353.872,1176.936,time column: time,audio_duration,H1
595.7159711651248,836.0230582822663,1710.3647333059785,3.44468045461315,3.1125282201489832,3.3972493661454286,4794.871794871795,0.0084566884875358,512.7527500000001,0.0849999999999999,0.3346456692913385,0-0-1001-6,o,f061152e-Audio_SP12.v0,group_0,1,fave,280.2474733009734,74.35505212143535,6,embargo,,0.2300000000000182,sin,en,g,#,g,e,final,31.33326944508449,22.477801453892138,29.881793029514284,f061152e-Audio_SP12.csv,f061152e-Audio_SP12,512.7527500000001,2353.872,1176.936,time column: time,audio_duration,H1
668.3205766164511,1041.6652631771894,1411.2076988132762,3.053816408824548,2.5990205986585133,3.8378317137733,3897.4358974358975,0.0055873527860804,515.8687500000001,0.057,0.3275862068965517,0-0-1007-3,o,f061152e-Audio_SP12.v0,group_0,1,fave,359.2352186356475,75.01398109303507,6,Remo,,0.1499999999999772,En,[silence],m,#,m,.,final,21.196083177379908,13.450558087191617,46.42470318431442,f061152e-Audio_SP12.csv,f061152e-Audio_SP12,515.8687500000001,2353.872,1176.936,time column: time,audio_duration,H1
655.6703958565195,1119.3918085276948,1818.453733508036,3.508536269692299,3.603726411697081,3.5843346634478626,3897.4358974358975,0.0055252653732542,629.32575,0.051,0.3311688311688312,0-0-1076-1,o,f061152e-Audio_SP12.v0,group_0,1,fave,238.30701929720453,72.45878601966125,6,lo,,0.1299999999999954,Por,menos,l,#,l,m,final,33.399344354737394,36.734868952707245,36.02937808029121,f061152e-Audio_SP12.csv,f061152e-Audio_SP12,629.32575,2353.872,1176.936,time column: time,audio_duration,H1
813.1349753426877,1632.5877483701531,2801.6117219942507,3.491218022177004,3.58496060813526,4.590721945476382,5871.794871794871,0.0001110543390231,629.7237500000001,0.027,0.3214285714285714,0-0-1077-3,o,f061152e-Audio_SP12.v0,group_0,1,fave,279.5385148975558,80.23280127385287,6,menos,,0.0599999999999454,lo,este,n,s,n,s,internal,32.82590604776514,36.05193753784053,98.56556344433668,f061152e-Audio_SP12.csv,f061152e-Audio_SP12,629.7237500000001,2353.872,1176.936,time column: time,audio_duration,H1
681.6363387339667,1551.60379790099,2551.3151914717632,3.4034274846972075,3.4686405005224685,3.1096377365883296,5692.307692307692,2.83969583066e-05,631.0837500000001,0.027,0.3214285714285714,0-0-1079-3,o,f061152e-Audio_SP12.v0,group_0,1,fave,234.1264283977364,81.60938268246996,6,como,,0.0599999999999454,este,te,m,#,m,t,final,30.06697774693122,32.09308224492391,22.412923547741286,f061152e-Audio_SP12.csv,f061152e-Audio_SP12,631.0837500000001,2353.872,1176.936,time column: time,audio_duration,H1
832.5757362932017,1374.0652666499425,3062.88606788102,3.0802594051878014,4.107346272200263,3.574684982495364,6410.25641025641,0.0001636854277064,633.29575,0.031,0.3297872340425531,0-0-1085-2,o,f061152e-Audio_SP12.v0,group_0,1,fave,278.1088555294743,79.27561515429706,6,hago,,0.07000000000005,no,tareas,g,#,g,t,final,21.764047370793115,60.7851959828574,35.68337815618783,f061152e-Audio_SP12.csv,f061152e-Audio_SP12,633.29575,2353.872,1176.936,time column: time,audio_duration,H1
449.3317125730278,812.4087176599357,1778.902337676322,3.434751016497141,3.77642514493226,3.8236751063352106,3717.948717948718,0.0021083670227675,645.87775,0.035,0.3365384615384615,0-0-1107-10,o,f061152e-Audio_SP12.v0,group_0,1,fave,208.43026424738767,75.04012137543651,6,verificación,,0.0800000000000409,una,con,i,n,i,n,internal,31.02368721751085,43.6596853788984,45.77211698787707,f061152e-Audio_SP12.csv,f061152e-Audio_SP12,645.87775,2353.872,1176.936,time column: time,audio_duration,H1
301.5640374115233,642.9303940720654,1751.143288594753,2.4926272004375662,3.637940348266251,3.684190574305744,3358.974358974359,0.0002181613084811,647.7737500000001,0.027,0.3214285714285714,0-0-1111-2,o,f061152e-Audio_SP12.v0,group_0,1,fave,260.8281307813613,76.47135329655552,6,ellos,,0.0600000000000591,porque,igual,L,s,L,s,internal,12.093005171384242,38.01346154833722,39.81288383310223,f061152e-Audio_SP12.csv,f061152e-Audio_SP12,647.7737500000001,2353.872,1176.936,time column: time,audio_duration,H1
697.2721387627637,1578.0228963813868,2620.99700584442,2.8839936370832056,3.354575515696568,4.148753989040969,6410.25641025641,0.0016666665723753,650.4377499999999,0.035,0.3365384615384615,0-0-1121-1,o,f061152e-Audio_SP12.v0,group_0,1,fave,238.64577369976143,71.35888626853468,6,lo,,0.0800000000000409,todo,que,l,#,l,k,final,17.88555917203827,28.633447161781863,63.35501006014744,f061152e-Audio_SP12.csv,f061152e-Audio_SP12,650.4377499999999,2353.872,1176.936,time column: time,audio_duration,H1
432.2611501878092,989.976056649488,1665.1159530738312,3.4889010623301093,3.573268633066224,4.725469643760758,5153.846153846154,0.0003847628569952,654.9737500000001,0.027,0.3214285714285714,0-0-1134-2,o,f061152e-Audio_SP12.v0,group_0,1,fave,188.7749557648333,68.06779601738374,6,hago,,0.0599999999999454,las,",",g,#,g,.,final,32.749937783208885,35.63287379825863,112.78345398344013,f061152e-Audio_SP12.csv,f061152e-Audio_SP12,654.9737500000001,2353.872,1176.936,time column: time,audio_duration,H1
436.3819247224977,677.424747849085,1037.2325229291573,2.5993330928412344,2.3482275781210915,3.4419621193259995,3179.48717948718,0.0173815291385037,663.0507500000001,0.161,0.3326446280991735,0-0-1152-3,o,f061152e-Audio_SP12.v0,group_0,1,fave,205.7746847944144,80.86191636927524,6,como,,0.4599999999999227,Entonces,no,m,#,m,n,final,13.454761965157708,10.46700133190851,31.24821077446036,f061152e-Audio_SP12.csv,f061152e-Audio_SP12,663.0507500000001,2353.872,1176.936,time column: time,audio_duration,H1
253.33853950242732,698.6527443754969,1584.0952213131875,2.175031101887208,2.187520529729579,4.381481259508172,3897.4358974358975,0.0075379654016877,666.71775,0.035,0.3365384615384615,0-0-1167-0,o,f061152e-Audio_SP12.v0,group_0,1,fave,229.6035349516212,74.20849631765357,6,o,,0.0799999999999272,virus,algo,#,#,s,á,coextensive,8.802458891013805,8.913085962564978,79.95638188194356,f061152e-Audio_SP12.csv,f061152e-Audio_SP12,666.71775,2353.872,1176.936,time column: time,audio_duration,H1
643.8536553916595,1713.8760430624843,2523.114867368268,3.05641988934708,3.6577753757881184,3.376256929023431,5512.820512820513,3.381162165182797e-06,667.04275,0.025,0.3378378378378378,0-0-1168-3,o,f061152e-Audio_SP12.v0,group_0,1,fave,224.1996089813652,79.15446198750206,6,algo,,0.0500000000000682,o,que,g,#,g,k,final,21.25133866416735,38.77498707728403,29.26103972667673,f061152e-Audio_SP12.csv,f061152e-Audio_SP12,667.04275,2353.872,1176.936,time column: time,audio_duration,H1
451.9140635003746,681.8599335559232,1948.268181716344,2.6292550182499697,2.107151021991053,4.619184104246114,4794.871794871795,0.0005412858032935,668.8937500000001,0.027,0.3214285714285714,0-0-1175-6,o,f061152e-Audio_SP12.v0,group_0,1,fave,219.47745777256063,76.99106201836416,6,tampoco,,0.0600000000000591,entonces,hago,k,#,k,á,final,13.863438045748769,8.224775668977642,101.41125735207288,f061152e-Audio_SP12.csv,f061152e-Audio_SP12,668.8937500000001,2353.872,1176.936,time column: time,audio_duration,H1
581.8334938147375,1292.4811951896768,1972.5590586952053,3.316794225109737,3.318821872647432,4.123163756398845,4435.897435897436,0.0015393700281232,687.95575,0.051,0.3311688311688312,0-0-1190-4,o,f061152e-Audio_SP12.v0,group_0,1,fave,317.5524029141698,73.79212500668096,6,visto,,0.1299999999999954,[silence],muchas,t,#,t,m,final,27.571819682089963,27.62778233146871,61.7543091203497,f061152e-Audio_SP12.csv,f061152e-Audio_SP12,687.95575,2353.872,1176.936,time column: time,audio_duration,H1
534.7061164693089,1559.1768086046438,2174.3414430206867,2.8928936792052267,3.327326974850024,4.3067089178302815,4794.871794871795,0.000122744694773,689.04375,0.027,0.3214285714285714,0-0-1194-5,o,f061152e-Audio_SP12.v0,group_0,1,fave,198.3235623321998,78.9617549261746,6,salido,,0.0600000000000591,han,que,d,#,d,k,final,18.045451872496187,27.86376153495455,74.19590187332106,f061152e-Audio_SP12.csv,f061152e-Audio_SP12,689.04375,2353.872,1176.936,time column: time,audio_duration,H1
449.9660854619876,840.6924920677857,1600.570182911346,2.674959004173312,3.450017055817839,3.684782529016027,3717.948717948718,0.0108985039299991,692.86575,0.071,0.3317757009345795,0-0-1206-10,o,f061152e-Audio_SP12.v0,group_0,1,fave,214.77426355511392,73.4291061529707,6,verificación,,0.1899999999999408,la,[silence],i,n,i,n,internal,14.511754906007033,31.500929578282783,39.836458234017634,f061152e-Audio_SP12.csv,f061152e-Audio_SP12,692.86575,2353.872,1176.936,time column: time,audio_duration,H1
624.253572614483,1252.8863443399623,2801.5901621182325,3.202917563040439,3.7029895190830087,4.302098821003822,6051.282051282051,0.0032305592618799,697.66075,0.041,0.3306451612903226,0-0-1220-2,o,f061152e-Audio_SP12.v0,group_0,1,fave,121.48840121501344,71.74415701496925,6,hago,,0.1000000000000227,las,[silence],g,#,g,.,final,24.60420991470244,40.56840327187129,73.85463881383723,f061152e-Audio_SP12.csv,f061152e-Audio_SP12,697.66075,2353.872,1176.936,time column: time,audio_duration,H1
712.2141768053066,1485.7844953285362,1930.276865756868,3.294115155987922,2.7056978199242097,4.5166634544768485,4615.384615384615,0.0135913948061709,713.3527500000001,0.065,0.3350515463917525,0-0-1237-4,o,f061152e-Audio_SP12.v0,group_0,1,fave,365.3787982876564,79.15313654205106,6,Micro,,0.169999999999959,en,%%,R,#,R,&,final,26.953553824453145,14.96475575253476,91.52969493835546,f061152e-Audio_SP12.csv,f061152e-Audio_SP12,713.3527500000001,2353.872,1176.936,time column: time,audio_duration,H1
679.7263221674092,1689.1227061876298,3027.6914564182657,3.1821777884809346,3.176997527025981,4.029385198368397,5871.794871794871,0.0001856127797205,725.05375,0.027,0.3214285714285714,0-0-1278-4,o,f061152e-Audio_SP12.v0,group_0,1,fave,353.63476177088364,78.67377457756261,6,resto,,0.0600000000000591,del,sí,t,#,t,s,final,24.099179360394533,23.9746621048802,56.22633257769799,f061152e-Audio_SP12.csv,f061152e-Audio_SP12,725.05375,2353.872,1176.936,time column: time,audio_duration,H1
435.8757069414288,892.5929854360993,1492.1974693575078,3.481007081003078,3.3060343574800903,3.7037422943400737,4076.923076923077,0.007477695923851,726.77575,0.051,0.3311688311688312,0-0-1284-0,o,f061152e-Audio_SP12.v0,group_0,1,fave,387.9508008302652,69.31901777362695,6,o,,0.1299999999999954,acá,[silence],#,#,a,.,coextensive,32.49242811138088,27.276740903186717,40.59895365941824,f061152e-Audio_SP12.csv,f061152e-Audio_SP12,726.77575,2353.872,1176.936,time column: time,audio_duration,H1
646.7297284315898,1281.8352408384203,2761.8037839013887,3.7942115866422026,3.197141741069313,4.374481524306191,5692.307692307692,0.0018339565794531,730.52575,0.051,0.3311688311688312,0-0-1296-4,o,f061152e-Audio_SP12.v0,group_0,1,fave,253.14794845605664,77.18925229324138,6,Micro,,0.1299999999999954,de,[silence],R,#,R,.,final,44.44318298992165,24.462509989193418,79.39866260187976,f061152e-Audio_SP12.csv,f061152e-Audio_SP12,730.52575,2353.872,1176.936,time column: time,audio_duration,H1
662.1686068702343,1305.542790510867,3007.852765067681,3.648011176539778,3.094831716675478,4.233303222729663,6051.282051282051,0.0002978667332931,731.15775,0.035,0.3365384615384615,0-0-1299-3,o,f061152e-Audio_SP12.v0,group_0,1,fave,258.69934441916547,76.00809059265136,6,dado,,0.0800000000000409,han,grupos,d,#,d,g,final,38.398222771858215,22.083521936344788,68.944595806707,f061152e-Audio_SP12.csv,f061152e-Audio_SP12,731.15775,2353.872,1176.936,time column: time,audio_duration,H1
386.9738715199342,778.1059057305566,1014.0614152519836,3.634193083527169,2.633967310679242,4.100484131090919,4256.410256410256,3.19463472382e-05,731.4327499999999,0.025,0.3378378378378378,0-0-1300-4,o,f061152e-Audio_SP12.v0,group_0,1,fave,271.00710128424,77.165713125074,6,grupos,,0.0500000000000682,dado,de,p,s,p,s,internal,37.87128160358758,13.928920785631009,60.36950727913035,f061152e-Audio_SP12.csv,f061152e-Audio_SP12,731.4327499999999,2353.872,1176.936,time column: time,audio_duration,H1
704.1700409885509,1157.0123025186197,2757.6388996120286,2.609313475599389,3.71113518570973,4.034096427966884,6230.769230769231,0.0074512599098793,733.90875,0.057,0.3275862068965517,0-0-1308-1,o,f061152e-Audio_SP12.v0,group_0,1,fave,254.8565322665309,78.6917953337533,6,contacto,,0.1499999999999772,en,[silence],k,n,k,n,internal,13.58971797558619,40.90020951737047,56.491852711993694,f061152e-Audio_SP12.csv,f061152e-Audio_SP12,733.90875,2353.872,1176.936,time column: time,audio_duration,H1
605.2931748290264,1476.814895019572,3114.715880444355,3.393973127728777,3.154506804284306,4.098266222171412,5871.794871794871,0.0032986726187508,734.44875,0.037,0.324561403508772,0-0-1308-7,o,f061152e-Audio_SP12.v0,group_0,1,fave,372.8979644685949,80.42298342335161,6,contacto,,0.0900000000000318,en,[silence],t,#,t,.,final,29.7840533479084,23.44147300593063,60.235761583181606,f061152e-Audio_SP12.csv,f061152e-Audio_SP12,734.44875,2353.872,1176.936,time column: time,audio_duration,H1
674.7592489972158,1753.4235522547062,2432.48995102543,3.480414842070924,3.3347961940806266,4.347140133700282,5333.333333333333,7.9138398021e-05,736.2637500000001,0.027,0.3214285714285714,0-0-1313-9,o,f061152e-Audio_SP12.v0,group_0,1,fave,209.8110150974166,80.25272462557862,6,información,,0.0599999999999454,compartimos,",",i,n,i,n,internal,32.47319052763843,28.072661266197827,77.25720142015302,f061152e-Audio_SP12.csv,f061152e-Audio_SP12,736.2637500000001,2353.872,1176.936,time column: time,audio_duration,H1
652.673505428607,1065.0092324808088,2940.93292114532,3.947122782812148,3.344575348409971,4.223666180540443,5871.794871794871,0.0073031140784097,739.5937500000001,0.047,0.3263888888888889,0-0-1330-0,o,f061152e-Audio_SP12.v0,group_0,1,fave,257.8639051677153,72.93324467826368,6,o,,0.1200000000000045,tarea,cómo,#,#,a,k,coextensive,51.78615226901145,28.348534859857388,68.28336509981754,f061152e-Audio_SP12.csv,f061152e-Audio_SP12,739.5937500000001,2353.872,1176.936,time column: time,audio_duration,H1
675.6820770052287,1051.9470723462134,2393.5380454989618,3.599035617259008,3.590047403557656,3.46254359442145,5871.794871794871,0.0135781751169687,739.92275,0.125,0.3342245989304812,0-0-1331-3,o,f061152e-Audio_SP12.v0,group_0,1,fave,252.6694260883676,70.26892619572793,6,cómo,,0.3500000000000227,o,te,m,#,m,t,final,36.562956751362655,36.23579359129515,31.898009011852547,f061152e-Audio_SP12.csv,f061152e-Audio_SP12,739.92275,2353.872,1176.936,time column: time,audio_duration,H1
514.6861476805515,992.6205718642814,1342.019416946171,2.6334729342554484,2.387467878547445,3.7048761337769744,4076.923076923077,0.0005078709032897,743.0137500000001,0.047,0.3263888888888889,0-0-1342-1,o,f061152e-Audio_SP12.v0,group_0,1,fave,239.17597988514743,80.46326923407513,6,compartimos,,0.1200000000000045,[silence],y,k,m,k,m,internal,13.922036357475404,10.88589460808694,40.64501246088256,f061152e-Audio_SP12.csv,f061152e-Audio_SP12,743.0137500000001,2353.872,1176.936,time column: time,audio_duration,H1
524.2766571371209,1023.3338954657618,2531.9873316111257,2.880398100521888,2.1132541025041736,2.513672286450398,5512.820512820513,0.0007625282657263,743.57875,0.037,0.324561403508772,0-0-1342-9,o,f061152e-Audio_SP12.v0,group_0,1,fave,493.889535129717,79.40535451762435,6,compartimos,,0.0900000000000318,[silence],y,m,s,m,s,internal,17.821366462888257,8.275125625723238,12.350200360323944,f061152e-Audio_SP12.csv,f061152e-Audio_SP12,743.57875,2353.872,1176.936,time column: time,audio_duration,H1
567.4019975802908,643.4187705753288,1411.4821937325376,2.875465397564142,3.452326404737937,3.902524502622052,3897.4358974358975,0.0082526552428476,744.33275,0.065,0.3350515463917525,0-0-1345-3,o,f061152e-Audio_SP12.v0,group_0,1,fave,215.78557165313245,73.28917415960696,6,como,,0.1700000000000727,sí,todas,m,#,m,t,final,17.733675410587153,31.573760279369196,49.527323274096105,f061152e-Audio_SP12.csv,f061152e-Audio_SP12,744.33275,2353.872,1176.936,time column: time,audio_duration,H1
739.9361591146015,1275.1499104891775,2335.9719589703577,4.25571243571311,2.61972934904248,4.361662985495243,6589.74358974359,0.0021825182250418,759.78775,0.035,0.3365384615384615,0-0-1361-1,o,f061152e-Audio_SP12.v0,group_0,1,fave,251.93349407065816,82.61748374661973,6,lo,,0.0800000000000409,por,menos,l,#,l,m,final,70.50703102617139,13.732006501376212,78.38738317340324,f061152e-Audio_SP12.csv,f061152e-Audio_SP12,759.78775,2353.872,1176.936,time column: time,audio_duration,H1
540.0408685470636,1694.1768482099144,2321.729572683806,3.693328409155611,2.865410508205822,4.446394591439718,4974.358974358975,0.0005040995773761,760.1487500000001,0.037,0.324561403508772,0-0-1362-3,o,f061152e-Audio_SP12.v0,group_0,1,fave,304.11461985368834,77.16182158431494,6,menos,,0.0900000000000318,lo,este,n,s,n,s,internal,40.17835465340018,17.556258713790623,85.31877974814216,f061152e-Audio_SP12.csv,f061152e-Audio_SP12,760.1487500000001,2353.872,1176.936,time column: time,audio_duration,H1
579.2402228954315,1336.8839383489967,1709.2054727174764,2.4424768035718767,3.2954918011133016,3.949152363635222,4974.358974358975,0.0002533478755442,761.7187500000001,0.037,0.324561403508772,0-0-1365-4,o,f061152e-Audio_SP12.v0,group_0,1,fave,290.59038626117655,79.1646223383964,6,trato,,0.0899999999999181,siempre,de,t,#,t,d,final,11.501492431163692,26.9906848551994,51.89136318146721,f061152e-Audio_SP12.csv,f061152e-Audio_SP12,761.7187500000001,2353.872,1176.936,time column: time,audio_duration,H1
557.3614709436725,1136.448974486497,1398.2601212699549,3.1959476021970965,3.1219637504121214,4.159202784020062,4435.897435897436,0.0020824308795675,763.25075,0.041,0.3306451612903226,0-0-1369-1,o,f061152e-Audio_SP12.v0,group_0,1,fave,238.53262785593247,80.9447667399902,6,tomar,,0.1000000000000227,de,tareas,t,m,t,m,internal,24.433315789536834,22.690895174924155,64.02046411328593,f061152e-Audio_SP12.csv,f061152e-Audio_SP12,763.25075,2353.872,1176.936,time column: time,audio_duration,H1
519.6352202872381,977.0251343663602,2264.6848081607395,2.9919209934764166,2.8076378604393213,4.5180005943388615,5512.820512820513,0.0067085203495345,765.16875,0.037,0.324561403508772,0-0-1376-1,o,f061152e-Audio_SP12.v0,group_0,1,fave,230.9263466713737,71.234072966369,6,completar,,0.0900000000000318,a,[silence],k,m,k,m,internal,19.92391947264216,16.570729576605228,91.65216480343724,f061152e-Audio_SP12.csv,f061152e-Audio_SP12,765.16875,2353.872,1176.936,time column: time,audio_duration,H1
624.50023897113,1245.0998958847326,2210.860210680882,2.59523295580094,2.430370679679813,3.551438593528802,4974.358974358975,4.58806014573e-05,772.51775,0.035,0.3365384615384615,0-0-1399-5,o,f061152e-Audio_SP12.v0,group_0,1,fave,310.3238116044702,80.50485794855146,6,algunos,,0.0800000000000409,hay,[silence],n,s,n,s,internal,13.399708537680429,11.363093367244986,34.8634357421106,f061152e-Audio_SP12.csv,f061152e-Audio_SP12,772.51775,2353.872,1176.936,time column: time,audio_duration,H1
715.8509380774915,1860.5896918219148,2721.753199267481,3.693846628047447,3.292362553129294,4.133730626839316,6230.769230769231,0.0021615024744858,776.1057500000001,0.031,0.3297872340425531,0-0-1412-6,o,f061152e-Audio_SP12.v0,group_0,1,fave,196.17495869414643,77.6401554091556,6,revisión,,0.0699999999999363,a,[silence],i,n,i,n,internal,40.19918123172155,26.906356320291643,62.41031878443905,f061152e-Audio_SP12.csv,f061152e-Audio_SP12,776.1057500000001,2353.872,1176.936,time column: time,audio_duration,H1
670.0237433229922,1338.8469043112943,1611.881379573919,3.233960284408877,2.8893072708032386,4.1692658953264345,4615.384615384615,0.0007601421549506,785.68575,0.031,0.3297872340425531,0-0-1452-4,o,f061152e-Audio_SP12.v0,group_0,1,fave,272.80232799496014,75.63230184941557,6,trato,,0.07000000000005,Entonces,siempre,t,#,t,s,final,25.37997010549009,17.980849426904616,64.66796162518433,f061152e-Audio_SP12.csv,f061152e-Audio_SP12,785.68575,2353.872,1176.936,time column: time,audio_duration,H1
623.1461310223416,1197.3509654025029,2863.004741265224,3.189283905876033,3.0749268102452625,4.519520522117917,6769.2307692307695,0.0033343996785884,804.2387500000001,0.037,0.3245614035087719,0-0-1476-3,o,f061152e-Audio_SP12.v0,group_0,1,fave,281.87382213887065,80.06909812392372,6,mejorado,,0.0899999999999181,he,.,x,R,x,R,internal,24.271040868876945,21.648297419949834,91.79157539490926,f061152e-Audio_SP12.csv,f061152e-Audio_SP12,804.2387500000001,2353.872,1176.936,time column: time,audio_duration,H1
750.2684768870284,1268.826378599563,3314.4469190348964,3.036468465534527,3.1213121205745007,2.780018065086134,6410.25641025641,0.0061927975964248,804.59775,0.095,0.334507042253521,0-0-1476-7,o,f061152e-Audio_SP12.v0,group_0,1,fave,270.23399535073696,77.15453079830802,6,mejorado,,0.2599999999999909,he,.,d,#,d,.,final,20.831545857108612,22.67611392705996,16.119312142159583,f061152e-Audio_SP12.csv,f061152e-Audio_SP12,804.59775,2353.872,1176.936,time column: time,audio_duration,H1
632.9104948352713,1235.0152560845074,2446.8766317360387,2.853109174509774,2.0717095812892263,3.56122613279343,4974.358974358975,0.0001093764548015,806.2237500000001,0.027,0.3214285714285714,0-0-1482-3,o,f061152e-Audio_SP12.v0,group_0,1,fave,294.97798080587137,76.58392354948207,6,mejorado,,0.0599999999999454,ha,bastante,x,R,x,R,internal,17.341616218066083,7.938382834588658,35.206338337258416,f061152e-Audio_SP12.csv,f061152e-Audio_SP12,806.2237500000001,2353.872,1176.936,time column: time,audio_duration,H1
776.8977387101505,1306.1548931685672,3375.26448350555,2.6715647430177505,2.3317472019083136,3.5016397519268145,5871.794871794871,0.0002719126959218,806.40275,0.045,0.335820895522388,0-0-1482-7,o,f061152e-Audio_SP12.v0,group_0,1,fave,264.20662528450697,81.57917460336374,6,mejorado,,0.1100000000000136,ha,bastante,d,#,d,b,final,14.462581720557562,10.295914869054718,33.16979762938104,f061152e-Audio_SP12.csv,f061152e-Audio_SP12,806.40275,2353.872,1176.936,time column: time,audio_duration,H1
544.9682161735308,1195.628352778441,1528.9220452513548,3.0364984522568954,2.8624341299957323,3.556581569697816,4076.923076923077,0.0009097178205033,808.54875,0.037,0.3245614035087719,0-0-1486-4,o,f061152e-Audio_SP12.v0,group_0,1,fave,238.9529941507692,76.94391063826359,6,bueno,,0.0900000000000318,y,como,n,#,n,k,final,20.83217053625673,17.504082334741494,35.043199425239415,f061152e-Audio_SP12.csv,f061152e-Audio_SP12,808.54875,2353.872,1176.936,time column: time,audio_duration,H1
592.3085336539123,1201.4296087725568,3186.072476435434,2.364373852000007,2.613768679915569,3.646452194270649,5871.794871794871,0.0006153536764738,809.14775,0.035,0.3365384615384616,0-0-1489-4,o,f061152e-Audio_SP12.v0,group_0,1,fave,293.27543826294976,83.05786936519974,6,tengo,,0.0800000000000409,ya,tiempo,g,#,g,t,final,10.63737616001509,13.650398016387504,38.33840726116587,f061152e-Audio_SP12.csv,f061152e-Audio_SP12,809.14775,2353.872,1176.936,time column: time,audio_duration,H1
703.1981520731786,1158.5311855694888,3005.145300537099,3.427559479026945,2.8334925999589897,4.187638069172763,6589.74358974359,0.0002186352506813,809.65575,0.031,0.3297872340425531,0-0-1490-5,o,f061152e-Audio_SP12.v0,group_0,1,fave,327.5269034224434,78.15208594407412,6,tiempo,,0.07000000000005,tengo,si,p,#,p,s,final,30.80137953355418,17.004748013271662,65.8670337114747,f061152e-Audio_SP12.csv,f061152e-Audio_SP12,809.65575,2353.872,1176.936,time column: time,audio_duration,H1
653.4154012198442,1839.292751748704,2492.161575590501,2.838525958007705,2.8064311935096136,4.188214407246464,5871.794871794871,1.80980364225e-05,811.7037500000001,0.027,0.3214285714285714,0-0-1499-8,o,f061152e-Audio_SP12.v0,group_0,1,fave,310.9128768985557,81.34560671900518,6,principio,,0.0599999999999454,al,no,i,#,i,n,final,17.09055476544675,16.550746284237746,65.90500633228685,f061152e-Audio_SP12.csv,f061152e-Audio_SP12,811.7037500000001,2353.872,1176.936,time column: time,audio_duration,H1
699.6775245403138,1260.4940485079348,2501.940354583931,3.298318952392048,3.077392006360706,2.80933231577288,6051.282051282051,1.53671755939e-05,814.2637500000001,0.027,0.3214285714285714,0-0-1506-3,o,f061152e-Audio_SP12.v0,group_0,1,fave,210.74462838442471,78.492529060421,6,cómo,,0.0599999999999454,sabía,era,m,#,m,é,final,27.06709957148626,21.701730553171405,16.59883173992366,f061152e-Audio_SP12.csv,f061152e-Audio_SP12,814.2637500000001,2353.872,1176.936,time column: time,audio_duration,H1
628.914247442296,1340.385175008569,1649.7484740026248,2.379369381659465,3.3515941586827087,3.203318149598934,3717.948717948718,0.0027566156046136,830.79275,0.045,0.335820895522388,0-0-1523-3,o,f061152e-Audio_SP12.v0,group_0,1,fave,330.7808929205051,77.28015103717173,6,menos,,0.1100000000000136,lo,%%,n,s,n,s,internal,10.798091242010155,28.548207760935345,24.61406800485404,f061152e-Audio_SP12.csv,f061152e-Audio_SP12,830.79275,2353.872,1176.936,time column: time,audio_duration,H1
586.6005209606302,1264.6377577544893,2442.375779711412,4.00135117008656,3.674323298540525,3.754860074124783,5692.307692307692,1.23320912732e-05,832.0727499999999,0.025,0.3378378378378378,0-0-1527-3,o,f061152e-Audio_SP12.v0,group_0,1,fave,255.9390485217968,74.55566723570612,6,como,,0.0500000000000682,Micro,son,m,#,m,s,final,54.671971281550775,39.42197092375433,42.728240605776186,f061152e-Audio_SP12.csv,f061152e-Audio_SP12,832.0727499999999,2353.872,1176.936,time column: time,audio_duration,H1
574.2258752642665,1263.8509884114312,1618.1953190134038,3.6557885482446486,3.311658866124376,4.30631242483119,5153.846153846154,3.96197878111e-05,835.4327499999999,0.025,0.3378378378378378,0-0-1535-1,o,f061152e-Audio_SP12.v0,group_0,1,fave,230.3037003012235,75.31439349309106,6,lo,,0.0500000000000682,por,menos,l,#,l,m,final,38.69802434611568,27.43059142940245,74.16648954894266,f061152e-Audio_SP12.csv,f061152e-Audio_SP12,835.4327499999999,2353.872,1176.936,time column: time,audio_duration,H1
749.2144892846931,1547.9165001216145,2397.8945040460626,3.520422477924813,3.321102103525859,4.455143202690598,6051.282051282051,0.0016553400336788,835.7487500000001,0.037,0.324561403508772,0-0-1536-3,o,f061152e-Audio_SP12.v0,group_0,1,fave,263.184770152509,79.8797004684025,6,menos,,0.0900000000000318,lo,esas,n,s,n,s,internal,33.79870465455332,27.690851933142724,86.06847519990123,f061152e-Audio_SP12.csv,f061152e-Audio_SP12,835.7487500000001,2353.872,1176.936,time column: time,audio_duration,H1
649.4615994034546,833.0764078364369,1924.6515025991505,2.658281709800251,2.874850048893445,4.578721624950974,4794.871794871795,0.001505875678421,842.02075,0.041,0.3306451612903226,0-0-1559-5,o,f061152e-Audio_SP12.v0,group_0,1,fave,164.72800961737255,67.74303993010165,6,tiempo,,0.1000000000000227,de,",",p,#,p,.,final,14.271745018191956,17.72276637377156,97.38981388573224,f061152e-Audio_SP12.csv,f061152e-Audio_SP12,842.02075,2353.872,1176.936,time column: time,audio_duration,H1
521.5257740850484,1629.3483036465725,2638.170565123691,2.359536596082422,3.817655845913115,4.123066680169511,5692.307692307692,0.0003055301054369,844.0577499999999,0.035,0.3365384615384615,0-0-1567-1,o,f061152e-Audio_SP12.v0,group_0,1,fave,258.26139957511543,79.43976832078467,6,momento,,0.0800000000000409,al,la,m,m,m,m,internal,10.586044701031565,45.497430230578594,61.748314535845694,f061152e-Audio_SP12.csv,f061152e-Audio_SP12,844.0577499999999,2353.872,1176.936,time column: time,audio_duration,H1
694.3382597541611,1679.1695925972497,3093.351814106162,3.4298425052586228,3.1527294938656194,2.954651340611292,6948.717948717948,0.0011303474670175,844.50575,0.031,0.3297872340425531,0-0-1567-6,o,f061152e-Audio_SP12.v0,group_0,1,fave,362.79359523384505,79.88293769257612,6,momento,,0.0699999999999363,al,la,t,#,t,l,final,30.87178022373377,23.399847233644618,19.19502902590495,f061152e-Audio_SP12.csv,f061152e-Audio_SP12,844.50575,2353.872,1176.936,time column: time,audio_duration,H1
641.3573738983406,960.7820241364358,1332.7460500574955,2.689267336738094,3.043692790267954,3.679937069059777,3717.948717948718,0.0229481978969511,848.84075,0.061,0.3315217391304348,0-0-1583-6,o,f061152e-Audio_SP12.v0,group_0,1,fave,347.9085359789724,71.38057816288423,6,trabajo,,0.1600000000000818,del,",",x,#,x,.,final,14.720886515692236,20.98258462874331,39.643899166221374,f061152e-Audio_SP12.csv,f061152e-Audio_SP12,848.84075,2353.872,1176.936,time column: time,audio_duration,H1
458.33124521461497,1174.2295514654536,2530.103123291613,3.0845447692361136,2.6076804241660856,4.248343090261707,5692.307692307692,9.09449844741e-05,849.9037500000001,0.027,0.3214285714285714,0-0-1587-5,o,f061152e-Audio_SP12.v0,group_0,1,fave,237.84789900961007,73.28662106478399,6,tiempo,,0.0600000000000591,el,te,p,#,p,t,final,21.857514363949463,13.567543378225013,69.98935018507908,f061152e-Audio_SP12.csv,f061152e-Audio_SP12,849.9037500000001,2353.872,1176.936,time column: time,audio_duration,H1
455.8294895176632,1509.2312622494342,2481.253127889536,2.66283556451019,3.130525122699739,4.025826379461525,5153.846153846154,9.19027095607e-05,853.74575,0.031,0.3297872340425531,0-0-1602-2,o,f061152e-Audio_SP12.v0,group_0,1,fave,218.40174095678125,78.40725977514595,6,uno,,0.0699999999999363,práctica,sabe,n,#,n,s,final,14.336884677163564,22.885994342677986,56.02658887889829,f061152e-Audio_SP12.csv,f061152e-Audio_SP12,853.74575,2353.872,1176.936,time column: time,audio_duration,H1
599.2478659811234,1350.0734551383914,2273.4248812068613,2.697647183597478,3.2089534855730646,4.002983230884271,5153.846153846154,0.0001954376565804,857.6927499999999,0.045,0.3358208955223881,0-0-1621-3,o,f061152e-Audio_SP12.v0,group_0,1,fave,293.80044130800337,78.36078167020936,6,mano,,0.1100000000000136,la,que,n,#,n,k,final,14.84476360092444,24.753168117569288,54.76127211498576,f061152e-Audio_SP12.csv,f061152e-Audio_SP12,857.6927499999999,2353.872,1176.936,time column: time,audio_duration,H1
680.7989952545157,1253.484933632382,1432.5639026951708,4.025899164928601,3.0057315986786426,4.246513723909886,4256.410256410256,0.0046444981717699,862.7587500000001,0.037,0.324561403508772,0-0-1637-3,o,f061152e-Audio_SP12.v0,group_0,1,fave,302.0015767143079,75.18089361513833,6,menos,,0.0900000000000318,lo,antes,n,s,n,s,internal,56.03066694874885,20.200989708528795,69.86143106400692,f061152e-Audio_SP12.csv,f061152e-Audio_SP12,862.7587500000001,2353.872,1176.936,time column: time,audio_duration,H1
525.0780581249145,1224.003609754779,2512.0842572067904,2.950937410330984,1.8731515339771547,4.049120217479163,5333.333333333333,1.63868791148e-05,868.91275,0.025,0.3378378378378378,0-0-1661-1,o,f061152e-Audio_SP12.v0,group_0,1,fave,258.6924305703879,77.96074179492399,6,poner,,0.0500000000000682,de,aceptar,p,n,p,n,internal,19.123872243828476,6.508776741138341,57.34698197279616,f061152e-Audio_SP12.csv,f061152e-Audio_SP12,868.91275,2353.872,1176.936,time column: time,audio_duration,H1
398.85482217171455,1235.520472097295,2715.957843013349,2.728800586713616,2.638187051796177,4.151344490389022,6410.25641025641,0.0011729413931796,871.0037500000001,0.047,0.3263888888888889,0-0-1670-5,o,f061152e-Audio_SP12.v0,group_0,1,fave,376.93614302498514,81.9959375099632,6,tiempo,,0.1200000000000045,el,tú,p,#,p,t,final,15.314507575974895,13.987821410679588,63.51934406093979,f061152e-Audio_SP12.csv,f061152e-Audio_SP12,871.0037500000001,2353.872,1176.936,time column: time,audio_duration,H1
745.4257891933142,1244.0118899849651,2886.7302989297764,3.556401568365675,3.1155689307398124,4.219953327118713,5333.333333333333,0.0071425756859875,872.55575,0.071,0.3317757009345795,0-0-1674-6,o,f061152e-Audio_SP12.v0,group_0,1,fave,285.0967542667931,75.7538765898429,6,haciendo,,0.1900000000000545,[silence],[silence],d,#,d,.,final,35.03689217033457,22.54625396222287,68.03030904478337,f061152e-Audio_SP12.csv,f061152e-Audio_SP12,872.55575,2353.872,1176.936,time column: time,audio_duration,H1
489.3629658174056,1186.5782846909287,2573.589856788185,3.656650863773517,3.2225688562562613,4.184647175946296,5512.820512820513,0.0001624708116337,873.2637500000001,0.027,0.3214285714285714,0-0-1676-3,o,f061152e-Audio_SP12.v0,group_0,1,fave,232.6780512354358,71.80817458969187,6,algo,,0.0599999999999454,[silence],por,g,#,g,p,final,38.73140864527698,25.09249647576974,65.67032675788296,f061152e-Audio_SP12.csv,f061152e-Audio_SP12,873.2637500000001,2353.872,1176.936,time column: time,audio_duration,H1
468.19659472352606,1335.9257086622388,2997.45969717015,2.773838538257264,2.192801576992691,3.9035573895265054,6769.2307692307695,0.0012061851262057,878.03875,0.037,0.3245614035087719,0-0-1693-4,o,f061152e-Audio_SP12.v0,group_0,1,fave,455.0375024691651,79.1380768315864,6,luego,,0.0900000000000318,para,[silence],g,#,g,.,final,16.020009557808006,8.960280900455528,49.578505826062006,f061152e-Audio_SP12.csv,f061152e-Audio_SP12,878.03875,2353.872,1176.936,time column: time,audio_duration,H1
618.9798736865114,1199.110200121207,2690.6993905805584,3.1065083228578203,2.586558001076724,4.004312115189945,6051.282051282051,6.67827772012e-05,880.55275,0.025,0.3378378378378378,0-0-1704-1,o,f061152e-Audio_SP12.v0,group_0,1,fave,207.43499503975616,78.97645057616663,6,correr,,0.0500000000000682,a,el,k,r,k,r,internal,22.342893870118864,13.283969414451796,54.834091883865874,f061152e-Audio_SP12.csv,f061152e-Audio_SP12,880.55275,2353.872,1176.936,time column: time,audio_duration,H1
631.1267896004528,1459.3120673350315,1905.318219848628,3.135758167647265,3.040531178869701,4.224364657877364,4974.358974358975,4.241335579998609e-06,899.4327499999999,0.025,0.3378378378378378,0-0-1710-4,o,f061152e-Audio_SP12.v0,group_0,1,fave,299.51721081209854,78.50667458627306,6,Bueno,,0.0500000000000682,[silence],",",n,#,n,.,final,23.00607169079801,20.91635060830501,68.33107614343008,f061152e-Audio_SP12.csv,f061152e-Audio_SP12,899.4327499999999,2353.872,1176.936,time column: time,audio_duration,H1
477.1570874687119,1034.169728800371,1295.1439383870077,3.765087998255932,2.905756359041177,3.702715552786711,4076.923076923077,0.000866817122452,899.7187500000001,0.037,0.3245614035087719,0-0-1712-1,o,f061152e-Audio_SP12.v0,group_0,1,fave,251.7951763167336,78.11913177769847,6,ahorita,,0.0899999999999181,",",[silence],a,R,a,R,internal,43.16750435782339,18.27906396028345,40.55729041902327,f061152e-Audio_SP12.csv,f061152e-Audio_SP12,899.7187500000001,2353.872,1176.936,time column: time,audio_duration,H1
833.4354166184389,1380.9459650071756,2422.988263056104,3.410619424321592,2.6885987442534445,3.21839102619613,5512.820512820513,2.38867172509e-05,906.57375,0.027,0.3214285714285714,0-0-1731-4,o,f061152e-Audio_SP12.v0,group_0,1,fave,270.9077490960295,79.69384386978416,6,tengo,,0.0600000000000591,no,que,g,#,g,k,final,30.283997095174968,14.71104753110256,24.98788297059544,f061152e-Audio_SP12.csv,f061152e-Audio_SP12,906.57375,2353.872,1176.936,time column: time,audio_duration,H1
517.1088540911173,1205.728295811119,1505.9523348621865,3.4930595790758274,3.0351095687691942,3.452365913083693,3538.4615384615386,0.0007921643151047,907.36775,0.035,0.3365384615384615,0-0-1735-1,o,f061152e-Audio_SP12.v0,group_0,1,fave,259.2371718835853,75.78057317633943,6,los,,0.0799999999999272,todos,días,l,s,l,s,internal,32.88641251746108,20.803257161887885,31.575007731049336,f061152e-Audio_SP12.csv,f061152e-Audio_SP12,907.36775,2353.872,1176.936,time column: time,audio_duration,H1
911.5651895854784,1173.237844751267,3182.340478829932,3.410865180261185,2.0833372268825587,3.909665847539989,5692.307692307692,0.0001389974743277,913.20575,0.031,0.3297872340425531,0-0-1759-6,o,f061152e-Audio_SP12.v0,group_0,1,fave,238.54206086908732,74.06948916746101,6,trabajo,,0.0699999999999363,entonces,directamente,x,#,x,d,final,30.291440481926507,8.03122626598119,49.88228090134896,f061152e-Audio_SP12.csv,f061152e-Audio_SP12,913.20575,2353.872,1176.936,time column: time,audio_duration,H1
534.3438008647906,1271.2749461883034,1649.0280440730935,3.414516709099999,2.6140132913552363,5.121015372372328,5692.307692307692,0.0043213500203801,917.29275,0.025,0.3378378378378378,0-0-1772-3,o,f061152e-Audio_SP12.v0,group_0,1,fave,246.48066623814395,72.33651134664866,6,cómo,,0.0500000000000682,es,voy,m,#,m,b,final,30.402252744373744,13.653737468315745,167.5053636213313,f061152e-Audio_SP12.csv,f061152e-Audio_SP12,917.29275,2353.872,1176.936,time column: time,audio_duration,H1
655.7108531728336,1292.713213971604,2726.203934890542,3.6793048305348415,3.398758920927537,3.887533102634292,6410.25641025641,0.0006422243703912,918.31575,0.031,0.3297872340425531,0-0-1777-6,o,f061152e-Audio_SP12.v0,group_0,1,fave,202.82226017766124,80.10550446068979,6,embargo,,0.07000000000005,Sin,cuando,g,#,g,k,final,39.61884268756003,29.926935296870383,48.79037708992862,f061152e-Audio_SP12.csv,f061152e-Audio_SP12,918.31575,2353.872,1176.936,time column: time,audio_duration,H1
697.3372879492201,1203.6652251729886,2612.494131252574,2.853065956238733,3.338071014762799,4.532990025394575,5871.794871794871,0.0023124561331459,924.11775,0.035,0.3365384615384616,0-0-1797-6,o,f061152e-Audio_SP12.v0,group_0,1,fave,227.30481294111385,70.01609028580569,6,trabajo,,0.0799999999999272,pero,todos,x,#,x,t,final,17.340866759591346,28.1647448943054,93.03632659133356,f061152e-Audio_SP12.csv,f061152e-Audio_SP12,924.11775,2353.872,1176.936,time column: time,audio_duration,H1
558.5462735883419,1318.5771098110715,2927.3930060075973,3.258548693527685,2.716583426478256,3.671054739844766,6051.282051282051,0.0005871630266608,924.43875,0.037,0.324561403508772,0-0-1799-1,o,f061152e-Audio_SP12.v0,group_0,1,fave,190.4813328798961,76.61147426309493,6,los,,0.0900000000000318,todos,días,l,s,l,s,internal,26.01175870134172,15.128546056862056,39.29332825048095,f061152e-Audio_SP12.csv,f061152e-Audio_SP12,924.43875,2353.872,1176.936,time column: time,audio_duration,H1
657.4987219582296,1375.0256331297248,1697.9916451312088,3.845547400505775,3.37409724771024,3.869891962059829,4615.384615384615,7.638156571184908e-06,931.15275,0.025,0.3378378378378378,0-0-1804-5,o,f061152e-Audio_SP12.v0,group_0,1,fave,255.7598582685247,83.64739192861938,6,Cuando,,0.0500000000000682,[silence],tengo,d,#,d,t,final,46.78428708521079,29.19791339688817,47.9372067639666,f061152e-Audio_SP12.csv,f061152e-Audio_SP12,931.15275,2353.872,1176.936,time column: time,audio_duration,H1
622.4713027544989,1242.9724355409385,2531.2393288321955,2.062580361712898,2.5808183159784264,4.130447354951484,6051.282051282051,0.0001056655393666,931.43375,0.027,0.3214285714285714,0-0-1805-4,o,f061152e-Audio_SP12.v0,group_0,1,fave,317.7719363046032,84.34502287304903,6,tengo,,0.0600000000000591,Cuando,el,g,#,g,e,final,7.866241393177884,13.207942008562108,62.20574475911013,f061152e-Audio_SP12.csv,f061152e-Audio_SP12,931.43375,2353.872,1176.936,time column: time,audio_duration,H1
666.7764964806337,1095.6006825735512,2504.8800782647554,2.819441765575214,3.3570316643420592,3.835104921223409,5692.307692307692,0.0008833059468695,931.86875,0.037,0.3245614035087719,0-0-1808-1,o,f061152e-Audio_SP12.v0,group_0,1,fave,310.8289498205451,80.23810649864568,6,completo,,0.0900000000000318,día,[silence],k,m,k,m,internal,16.767487870117534,28.70386160301234,46.29828508583581,f061152e-Audio_SP12.csv,f061152e-Audio_SP12,931.86875,2353.872,1176.936,time column: time,audio_duration,H1
453.94353289367183,700.8076178483695,1380.6960375580204,1.7302081415908783,2.6586802909603127,3.039663302166854,3179.48717948718,2.36674939331e-05,932.19375,0.027,0.3214285714285714,0-0-1808-7,o,f061152e-Audio_SP12.v0,group_0,1,fave,222.22879954754168,81.03187897746893,6,completo,,0.0600000000000591,día,[silence],t,#,t,&,final,5.641828085299697,14.27743460068228,20.898205669827085,f061152e-Audio_SP12.csv,f061152e-Audio_SP12,932.19375,2353.872,1176.936,time column: time,audio_duration,H1
726.0390285808876,1202.7618003648051,2355.8951180007507,3.783876383431412,2.912895075303456,3.665854219923692,6769.2307692307695,0.0022294415924524,933.09875,0.037,0.3245614035087719,0-0-1811-3,o,f061152e-Audio_SP12.v0,group_0,1,fave,256.7717292890688,79.37010673325273,6,como,,0.0899999999999181,es,desde,m,#,m,d,final,43.98621913712233,18.41001988388716,39.089512946279335,f061152e-Audio_SP12.csv,f061152e-Audio_SP12,933.09875,2353.872,1176.936,time column: time,audio_duration,H1
527.7963039650879,1313.8386238860571,2578.281320712592,2.9670344866242853,2.8792949462432484,3.074347509981667,5153.846153846154,3.91414207832e-05,941.03375,0.027,0.3214285714285714,0-0-1842-3,o,f061152e-Audio_SP12.v0,group_0,1,fave,216.2133421378335,75.10489785073801,6,como,,0.0600000000000591,tareas,no,m,#,m,n,final,19.43420167168797,17.801717586087424,21.635760187309767,f061152e-Audio_SP12.csv,f061152e-Audio_SP12,941.03375,2353.872,1176.936,time column: time,audio_duration,H1
592.6942773233205,1274.312392192344,2804.171227948036,3.229957019088142,2.869188415759868,3.827924807342415,5871.794871794871,0.0001788002434889,949.53775,0.035,0.3365384615384616,0-0-1867-5,o,f061152e-Audio_SP12.v0,group_0,1,fave,210.51738237465253,78.82056022459578,6,cuando,,0.0800000000000409,entonces,estoy,d,#,d,s,final,25.278570451604786,17.62271008073076,45.96704870693225,f061152e-Audio_SP12.csv,f061152e-Audio_SP12,949.53775,2353.872,1176.936,time column: time,audio_duration,H1
702.7503218840791,1232.3074408383598,3079.4625990653585,3.967569688759131,2.416984792275029,4.500387774470271,7487.179487179487,0.0007019526196968,951.16375,0.027,0.3214285714285714,0-0-1873-3,o,f061152e-Audio_SP12.v0,group_0,1,fave,249.2211510689716,80.67303912206998,6,todo,,0.0600000000000591,estoy,el,d,#,d,e,final,52.855918286354594,11.212001782399668,90.05204441469688,f061152e-Audio_SP12.csv,f061152e-Audio_SP12,951.16375,2353.872,1176.936,time column: time,audio_duration,H1
609.1479951009945,1248.9893335769889,1610.8551062270838,1.6818627689023251,2.916720461587619,3.1353917015259274,4794.871794871795,1.66700713438e-05,952.90575,0.031,0.3297872340425531,0-0-1881-5,o,f061152e-Audio_SP12.v0,group_0,1,fave,302.2547952588145,81.98064976065827,6,cuando,,0.07000000000005,y,trabajo,d,#,d,t,final,5.375560076704276,18.480580195620696,22.99764228957759,f061152e-Audio_SP12.csv,f061152e-Audio_SP12,952.90575,2353.872,1176.936,time column: time,audio_duration,H1
612.3147553358036,1215.706918706278,3278.442419603836,2.73576970063909,1.5631329007446308,3.399232731970142,6051.282051282051,4.29110937063e-05,953.48375,0.027,0.3214285714285714,0-0-1882-6,o,f061152e-Audio_SP12.v0,group_0,1,fave,297.0277680475006,78.37911869147685,6,trabajo,,0.0599999999999454,cuando,ya,x,#,x,y,final,15.421608891138604,4.773753538242953,29.941118369068143,f061152e-Audio_SP12.csv,f061152e-Audio_SP12,953.48375,2353.872,1176.936,time column: time,audio_duration,H1
519.8449639375864,1186.821307368507,2534.628723587552,2.939154580432364,2.796916858113902,2.989130191379059,5333.333333333333,5.729515786194941e-06,954.67275,0.025,0.3378378378378378,0-0-1888-3,o,f061152e-Audio_SP12.v0,group_0,1,fave,187.6831435644728,75.93421894969629,6,como,,0.0500000000000682,tarde,de,m,#,m,d,final,18.899861243641247,16.394023671036027,19.868393273745664,f061152e-Audio_SP12.csv,f061152e-Audio_SP12,954.67275,2353.872,1176.936,time column: time,audio_duration,H1
695.9853379561074,1188.701213367207,2859.2213199263065,3.341626858305347,2.744747855344916,4.077353456007484,6051.282051282051,9.08316865099e-05,958.87375,0.027,0.3214285714285714,0-0-1902-4,o,f061152e-Audio_SP12.v0,group_0,1,fave,228.2302539240104,82.24127717514463,6,tengo,,0.0599999999999454,Cuando,trabajo,g,#,g,t,final,28.265072589647005,15.560689892706709,58.98914571256349,f061152e-Audio_SP12.csv,f061152e-Audio_SP12,958.87375,2353.872,1176.936,time column: time,audio_duration,H1
615.0663356639085,1750.4220429467634,2879.9704496482573,2.8173857018081936,2.499502323968233,4.055280924142808,6769.2307692307695,0.0001230319047293,959.31275,0.025,0.3378378378378378,0-0-1905-0,o,f061152e-Audio_SP12.v0,group_0,1,fave,221.6769664691962,77.81713456307642,6,oficina,,0.0500000000000682,de,",",#,f,e,f,initial,16.733048262990504,12.176432533890612,57.70137042755332,f061152e-Audio_SP12.csv,f061152e-Audio_SP12,959.31275,2353.872,1176.936,time column: time,audio_duration,H1
744.2048640543986,1304.217710242022,2625.676853668609,3.6091385274485086,4.044524126534895,4.365588266000863,6230.769230769231,0.0038196332535187,977.62075,0.041,0.3306451612903226,0-0-1951-6,o,f061152e-Audio_SP12.v0,group_0,1,fave,273.23198468054466,75.32456014916086,6,embargo,,0.1000000000000227,sin,",",g,#,g,.,final,36.9342212879475,57.08401480169759,78.6956803210031,f061152e-Audio_SP12.csv,f061152e-Audio_SP12,977.62075,2353.872,1176.936,time column: time,audio_duration,H1
680.9756891695848,1145.1747508800834,1658.6528608508374,3.405310267396775,2.9070172283010014,4.113290548903217,3717.948717948718,0.0020207572942353,980.98375,0.047,0.3263888888888889,0-0-1965-1,o,f061152e-Audio_SP12.v0,group_0,1,fave,235.38715227123777,75.01753883352058,6,mon(tan),,0.1200000000000045,este,suben,m,n,m,n,internal,30.12364065769692,18.30212600618639,61.147596043241656,f061152e-Audio_SP12.csv,f061152e-Audio_SP12,980.98375,2353.872,1176.936,time column: time,audio_duration,H1
622.2226660832288,1472.608007022088,2528.164729178021,3.223701145753691,2.9773689111483264,4.373789728995742,5153.846153846154,0.0001770490902195,982.77775,0.035,0.3365384615384616,0-0-1970-3,o,f061152e-Audio_SP12.v0,group_0,1,fave,205.5651334516416,83.03130702441891,6,Pero,,0.0800000000000409,.,no,R,#,R,n,final,25.120924537354075,19.6360843358688,79.34375397439126,f061152e-Audio_SP12.csv,f061152e-Audio_SP12,982.77775,2353.872,1176.936,time column: time,audio_duration,H1
581.7803133650488,1433.5539484013843,3195.636917708543,3.093067127318499,2.652186156842164,3.785443107143133,6410.25641025641,0.001594928580703,983.64375,0.047,0.3263888888888889,0-0-1973-3,o,f061152e-Audio_SP12.v0,group_0,1,fave,282.456879605806,76.9471360591134,6,fijo,,0.1200000000000045,es,que,x,#,x,k,final,22.044587949922967,14.185015441534846,44.05518740263429,f061152e-Audio_SP12.csv,f061152e-Audio_SP12,983.64375,2353.872,1176.936,time column: time,audio_duration,H1
613.3649221757021,1249.6608345167351,1710.6842426356627,3.68832125759709,2.485612304078753,4.621125828113408,4974.358974358975,0.00032991155683,989.25575,0.031,0.3297872340425531,0-0-1994-7,o,f061152e-Audio_SP12.v0,group_0,1,fave,254.2812783033055,79.20217522319236,6,buscando,,0.0699999999999363,plataformas,eso,d,#,d,s,final,39.97767836983384,12.008470839879784,101.6083613096869,f061152e-Audio_SP12.csv,f061152e-Audio_SP12,989.25575,2353.872,1176.936,time column: time,audio_duration,H1
429.2218602513229,849.7959953303641,1302.564684907357,2.319118107296132,2.4483286041636747,3.3117846112510905,4076.923076923077,1.090574681e-05,990.50575,0.031,0.3297872340425531,0-0-1998-1,o,f061152e-Audio_SP12.v0,group_0,1,fave,210.9733978141156,83.35613964626037,6,poder,,0.0699999999999363,el,[silence],p,d,p,d,internal,10.166704408970626,11.568994182147144,27.43404090947071,f061152e-Audio_SP12.csv,f061152e-Audio_SP12,990.50575,2353.872,1176.936,time column: time,audio_duration,H1
518.1110870833272,900.9164067710966,1318.07207585346,2.8641010997718683,2.465173046512789,3.733187258744908,3538.4615384615386,0.0176275692481219,996.71775,0.075,0.3348214285714286,0-0-2016-2,o,f061152e-Audio_SP12.v0,group_0,1,fave,260.6190078033345,72.05851534528101,6,hubo,,0.2000000000000454,y,[silence],b,#,b,.,final,17.53328544454077,11.765517957684478,41.81216219217538,f061152e-Audio_SP12.csv,f061152e-Audio_SP12,996.71775,2353.872,1176.936,time column: time,audio_duration,H1
524.8643259041816,1184.4304916931742,2518.568291455916,2.662434739045202,2.484739775493781,3.261808635828686,5333.333333333333,2.41663906443e-05,998.19275,0.025,0.3378378378378378,0-0-2020-3,o,f061152e-Audio_SP12.v0,group_0,1,fave,226.0677679755372,66.79754821171282,6,como,,0.0500000000000682,madrugadas,que,m,#,m,k,final,14.331139240232,11.997997675542257,26.09669390056128,f061152e-Audio_SP12.csv,f061152e-Audio_SP12,998.19275,2353.872,1176.936,time column: time,audio_duration,H1
499.6754584167267,969.097617271144,1209.9868770277187,2.167878527480131,3.331214749515833,3.664645360394099,4076.923076923077,0.0013367539057813,1012.86875,0.037,0.3245614035087719,0-0-2051-0,o,f061152e-Audio_SP12.v0,group_0,1,fave,428.1520926612925,72.38314209752859,6,O,,0.0900000000000318,[silence],por,#,#,.,p,coextensive,8.739723276863737,27.972300411780235,39.04228776610263,f061152e-Audio_SP12.csv,f061152e-Audio_SP12,1012.86875,2353.872,1176.936,time column: time,audio_duration,H1
384.5247537386334,823.5935451815482,1364.4333092738732,3.92216534075064,1.9899777226413524,3.58219190326257,3717.948717948718,0.0016849398397287,1015.90575,0.031,0.3297872340425531,0-0-2065-6,o,f061152e-Audio_SP12.v0,group_0,1,fave,274.942771723303,78.78028152183992,6,trabajo,,0.07000000000005,",",con,x,#,x,k,final,50.509697156619865,7.315370793355511,35.95225841741887,f061152e-Audio_SP12.csv,f061152e-Audio_SP12,1015.90575,2353.872,1176.936,time column: time,audio_duration,H1
651.8140501559506,1157.3867524209113,1337.2859765828498,3.233596642078848,3.23624577775472,3.684553401961838,3897.4358974358975,0.0026384441109798,1025.49275,0.045,0.335820895522388,0-0-2080-8,o,f061152e-Audio_SP12.v0,group_0,1,fave,366.2749378171367,76.82712902446536,6,utilizamos,,0.1099999999998999,la,para,m,s,m,s,internal,25.37074255189109,25.43804219469241,39.827331669304506,f061152e-Audio_SP12.csv,f061152e-Audio_SP12,1025.49275,2353.872,1176.936,time column: time,audio_duration,H1
606.5389793900071,1245.5809626419723,2495.324599983325,3.549974493349845,3.549356901536234,3.1755235934446686,4794.871794871795,0.0028103069559358,1026.6137499999998,0.047,0.3263888888888889,0-0-2084-3,o,f061152e-Audio_SP12.v0,group_0,1,fave,4010.8481558717353,55.7077540635756,6,Remo,,0.1200000000001182,en,[silence],m,#,m,.,final,34.812429527816626,34.79093629403411,23.93935107475245,f061152e-Audio_SP12.csv,f061152e-Audio_SP12,1026.6137499999998,2353.872,1176.936,time column: time,audio_duration,H1
509.2173587742548,1289.163487556163,2383.6858454121257,3.1829482631069275,3.301084547227554,4.83357949109781,4794.871794871795,0.0118985204323413,1030.15275,0.045,0.335820895522388,0-0-2093-4,o,f061152e-Audio_SP12.v0,group_0,1,fave,158.11330787184542,68.03337580986896,6,equipo,,0.1099999999998999,el,pues,p,#,p,p,final,24.117754321448167,27.142059809318727,125.65995528050524,f061152e-Audio_SP12.csv,f061152e-Audio_SP12,1030.15275,2353.872,1176.936,time column: time,audio_duration,H1
595.3399557785416,868.2138998445504,2282.3097134598947,3.3473150332636026,3.8191711386289016,4.320268659310919,5692.307692307692,0.0084136809945472,1032.2407500000002,0.041,0.3306451612903226,0-0-2100-4,o,f061152e-Audio_SP12.v0,group_0,1,fave,198.9767470019445,57.25471286986576,6,equipo,,0.099999999999909,el,.,p,#,p,.,final,28.42630739891333,45.56642441518515,75.20883113080784,f061152e-Audio_SP12.csv,f061152e-Audio_SP12,1032.2407500000002,2353.872,1176.936,time column: time,audio_duration,H1
848.3167994938877,1257.3233963561952,2458.559417550449,4.033250105725935,3.082324062684916,3.146421348449993,4974.358974358975,0.0001246161251676,1033.66375,0.027,0.3214285714285714,0-0-2104-3,o,f061152e-Audio_SP12.v0,group_0,1,fave,252.54444364028924,71.89272672124504,6,como,,0.0599999999999454,Micro,son,m,#,m,s,final,56.44406262636983,21.80902909431208,23.25270218870289,f061152e-Audio_SP12.csv,f061152e-Audio_SP12,1033.66375,2353.872,1176.936,time column: time,audio_duration,H1
668.3959571555598,1596.593514588805,2061.6378416598764,3.958140124362624,2.912262983010468,4.714987188987083,4794.871794871795,0.0022691332532013,1055.46575,0.031,0.3297872340425531,0-0-2127-4,o,f061152e-Audio_SP12.v0,group_0,1,fave,232.3769998616672,71.75615516419472,6,Bueno,,0.0699999999999363,[silence],por,n,#,n,p,final,52.35985251889132,18.398386729205832,111.6073813609451,f061152e-Audio_SP12.csv,f061152e-Audio_SP12,1055.46575,2353.872,1176.936,time column: time,audio_duration,H1
540.628855718803,1232.5913297021243,1480.3686136981134,3.771899879054362,2.859075052899208,3.642509688428401,4076.923076923077,9.057206479295814e-06,1055.75375,0.027,0.3214285714285714,0-0-2129-1,o,f061152e-Audio_SP12.v0,group_0,1,fave,247.82491385814453,75.67679829045356,6,lo,,0.0599999999999454,por,menos,l,#,l,m,final,43.462560053063605,17.44538341496729,38.18755542906614,f061152e-Audio_SP12.csv,f061152e-Audio_SP12,1055.75375,2353.872,1176.936,time column: time,audio_duration,H1
593.8277145541387,1733.25398348674,1923.420427156794,2.7827177445368982,3.24901958262531,4.868257888917924,5871.794871794871,0.0013908761921982,1056.02775,0.035,0.3365384615384616,0-0-2130-3,o,f061152e-Audio_SP12.v0,group_0,1,fave,304.4666053946155,74.69812767775511,6,menos,,0.0799999999999272,lo,con,n,s,n,s,internal,16.162887911749092,25.76506701086172,130.0940810269179,f061152e-Audio_SP12.csv,f061152e-Audio_SP12,1056.02775,2353.872,1176.936,time column: time,audio_duration,H1
658.8894214084308,1306.192383941722,2362.5240889511088,3.4166435340737347,3.5859883248630045,4.375844091601099,5871.794871794871,0.0017067636498745,1056.81075,0.041,0.3306451612903226,0-0-2132-4,o,f061152e-Audio_SP12.v0,group_0,1,fave,360.90631305875394,77.44043846303961,6,Micro,,0.1000000000001364,con,",",R,#,R,.,final,30.46698182408038,36.08900776269805,79.50692236165506,f061152e-Audio_SP12.csv,f061152e-Audio_SP12,1056.81075,2353.872,1176.936,time column: time,audio_duration,H1
533.0080754221945,1168.9051230847947,1597.2242407506978,2.769625938905679,2.968019924040897,3.927475671646546,4256.410256410256,0.0045977029222722,1058.04075,0.041,0.3306451612903226,0-0-2135-4,o,f061152e-Audio_SP12.v0,group_0,1,fave,228.1114688580716,77.28129271150233,6,Microworkers,,0.099999999999909,en,[silence],R,o,R,o,internal,15.952665622032878,19.45336230042692,50.77863380126792,f061152e-Audio_SP12.csv,f061152e-Audio_SP12,1058.04075,2353.872,1176.936,time column: time,audio_duration,H1
449.9067579958675,1145.017666769591,2553.125918250193,1.6484613207074814,3.7740533855109097,3.860614405428201,5512.820512820513,0.0001111152905555,1058.1327499999998,0.025,0.3378378378378378,0-0-2135-5,o,f061152e-Audio_SP12.v0,group_0,1,fave,225.1159890302335,78.67197443200877,6,Microworkers,,0.0500000000001819,en,[silence],o,R,o,R,internal,5.198974115833823,43.55625780990715,47.49452329916449,f061152e-Audio_SP12.csv,f061152e-Audio_SP12,1058.1327499999998,2353.872,1176.936,time column: time,audio_duration,H1
524.5126019400802,1068.7863107128485,2261.8588050171484,3.1238966458654875,3.473839401743938,4.126045793882584,6230.769230769231,0.0008302906023655,1072.02575,0.031,0.3297872340425531,0-0-2189-3,o,f061152e-Audio_SP12.v0,group_0,1,fave,241.32242049119927,71.26935195024619,6,como,,0.0699999999999363,llevar,un,m,#,m,ú,final,22.734796717918677,32.26036547712244,61.93254407055032,f061152e-Audio_SP12.csv,f061152e-Audio_SP12,1072.02575,2353.872,1176.936,time column: time,audio_duration,H1
528.1554441409438,1197.2970100281077,1371.5360719225928,3.112689790538908,2.7709213984044414,4.731193478390983,5153.846153846154,0.0080457898307837,1072.5137499999998,0.047,0.3263888888888889,0-0-2191-1,o,f061152e-Audio_SP12.v0,group_0,1,fave,253.47609867775583,79.22787500153558,6,control,,0.1199999999998908,un,.,k,n,k,n,internal,22.481433494444893,15.9733450460296,113.43085887479783,f061152e-Audio_SP12.csv,f061152e-Audio_SP12,1072.5137499999998,2353.872,1176.936,time column: time,audio_duration,H1
446.9042631908836,920.9187783695224,1410.7332298586082,2.630416066012724,3.2527923661527627,3.136274083071636,3000.0,0.0001614608781417,1073.62075,0.041,0.3306451612903226,0-0-2193-4,o,f061152e-Audio_SP12.v0,group_0,1,fave,214.52225309385085,80.5480364941501,6,Bueno,,0.1000000000001364,.,los,n,#,n,l,final,13.87954350727168,25.862456630721343,23.017943940312467,f061152e-Audio_SP12.csv,f061152e-Audio_SP12,1073.62075,2353.872,1176.936,time column: time,audio_duration,H1
656.5543306416427,886.2587585606157,1395.3111622089598,2.910418206002144,3.2472837327753603,3.1240668262326543,4256.410256410256,0.001979215591298,1074.15875,0.037,0.324561403508772,0-0-2195-3,o,f061152e-Audio_SP12.v0,group_0,1,fave,282.9147554758805,73.57665287240998,6,pagos,,0.0899999999999181,los,los,g,s,g,s,internal,18.364477095850305,25.72038151803042,22.738666063205557,f061152e-Audio_SP12.csv,f061152e-Audio_SP12,1074.15875,2353.872,1176.936,time column: time,audio_duration,H1
625.9747485273004,1632.1876905352435,2680.722398857634,2.540139765155909,3.710691829318984,4.00539576835162,6410.25641025641,0.0002190947711097,1074.3137499999998,0.027,0.3214285714285714,0-0-2196-1,o,f061152e-Audio_SP12.v0,group_0,1,fave,294.04963720221497,73.22850282103855,6,los,,0.0599999999999454,pagos,haces,l,s,l,s,internal,12.681443270873997,40.88208016727668,54.89354522848778,f061152e-Audio_SP12.csv,f061152e-Audio_SP12,1074.3137499999998,2353.872,1176.936,time column: time,audio_duration,H1
546.6265490768292,801.8894910648727,1529.3204910933782,3.622588595700657,2.155352566014172,3.487868226365177,3179.48717948718,0.000151290272731,1074.8137499999998,0.027,0.3214285714285714,0-0-2198-1,o,f061152e-Audio_SP12.v0,group_0,1,fave,265.7590039832617,76.87563785828243,6,los,,0.0599999999999454,haces,miércoles,l,s,l,s,internal,37.43434489390634,8.63093261611832,32.71612993160498,f061152e-Audio_SP12.csv,f061152e-Audio_SP12,1074.8137499999998,2353.872,1176.936,time column: time,audio_duration,H1
590.66538140083,1211.5833725052864,1497.8142031807738,3.3988546400663924,3.299300331712665,4.218844738686559,4615.384615384615,0.0001089770720331,1075.5637499999998,0.027,0.3214285714285714,0-0-2202-1,o,f061152e-Audio_SP12.v0,group_0,1,fave,202.2328121115017,79.70634389466247,6,domingos,,0.0599999999999454,los,",",d,m,d,m,internal,29.92980001444755,27.093675701774178,67.95493321924413,f061152e-Audio_SP12.csv,f061152e-Audio_SP12,1075.5637499999998,2353.872,1176.936,time column: time,audio_duration,H1
473.6616641874824,940.4792015798188,1546.7729363397575,2.3375411830439465,3.184308161516622,3.873423834538986,4076.923076923077,0.0011408755504881,1082.09875,0.037,0.3245614035087719,0-0-2228-3,o,f061152e-Audio_SP12.v0,group_0,1,fave,231.5689524149223,79.16983498160303,6,llevo,,0.0900000000001455,porque,mi,b,#,b,m,final,10.355742357882542,24.15057432807481,48.106814204881694,f061152e-Audio_SP12.csv,f061152e-Audio_SP12,1082.09875,2353.872,1176.936,time column: time,audio_duration,H1
629.7161745416604,1273.50493570498,3078.91464947568,3.537444883220453,2.621905288103004,4.013945597074149,5512.820512820513,0.0010633189204265,1082.3927499999998,0.045,0.335820895522388,0-0-2230-1,o,f061152e-Audio_SP12.v0,group_0,1,fave,211.142348824859,80.91738343303847,6,control,,0.1100000000001273,mi,pues,k,n,k,n,internal,34.37896460226796,13.76191904283334,55.3648877156904,f061152e-Audio_SP12.csv,f061152e-Audio_SP12,1082.3927499999998,2353.872,1176.936,time column: time,audio_duration,H1
558.7299074787962,1415.9275319113397,1712.4449450654668,3.643320330180624,3.370550722415649,3.0225471495371146,3897.4358974358975,9.71593276028e-05,1085.50375,0.027,0.3214285714285714,0-0-2240-4,o,f061152e-Audio_SP12.v0,group_0,1,fave,238.0898403991399,79.05086192365175,6,bueno,,0.0599999999999454,",",",",n,#,n,.,final,38.21852440658945,29.094545664960005,20.54355259824713,f061152e-Audio_SP12.csv,f061152e-Audio_SP12,1085.50375,2353.872,1176.936,time column: time,audio_duration,H1
744.7530694746655,1407.2953870249398,2729.4996019597297,3.438293680179159,2.292672989405512,3.3657926460591834,6589.74358974359,0.0023570488934811,1085.85075,0.041,0.3306451612903226,0-0-2244-1,o,f061152e-Audio_SP12.v0,group_0,1,fave,210.05660505775305,78.31847368481993,6,domingo,,0.1000000000001364,el,voy,d,m,d,m,internal,31.133788618463903,9.901368594012924,28.956440413345973,f061152e-Audio_SP12.csv,f061152e-Audio_SP12,1085.85075,2353.872,1176.936,time column: time,audio_duration,H1
781.0186627277637,1268.555711440039,2510.774213057133,3.1049348971187367,3.576583070120169,3.0410695707509747,5333.333333333333,0.0029214348508389,1089.5637499999998,0.047,0.3263888888888889,0-0-2258-3,o,f061152e-Audio_SP12.v0,group_0,1,fave,208.912029891688,76.58557648522506,6,Remotasks,,0.1200000000001182,con,",",m,t,m,t,internal,22.30776662811831,35.75117265427245,20.927614833670045,f061152e-Audio_SP12.csv,f061152e-Audio_SP12,1089.5637499999998,2353.872,1176.936,time column: time,audio_duration,H1
787.7392248468207,1018.0992620259892,2535.2436642352263,3.3137614372563164,3.4496809276538647,3.7924963851061135,6051.282051282051,0.0076353156684898,1091.03375,0.067,0.3284313725490196,0-0-2261-3,o,f061152e-Audio_SP12.v0,group_0,1,fave,212.29296701718067,77.68535794539281,6,Remotasks,,0.1800000000000636,porque,[silence],m,t,m,t,internal,27.488326874244017,31.49034300798204,44.36701931089055,f061152e-Audio_SP12.csv,f061152e-Audio_SP12,1091.03375,2353.872,1176.936,time column: time,audio_duration,H1
658.940568660986,1229.5190269387022,1460.7888608952292,3.243380893098629,2.440987657391784,3.690174958834299,4256.410256410256,2.28209471075e-05,1092.68375,0.027,0.3214285714285714,0-0-2265-5,o,f061152e-Audio_SP12.v0,group_0,1,fave,238.60423767020333,75.14737812816698,6,cuándo,,0.0599999999999454,sé,me,d,#,d,m,final,25.62019462640089,11.484377773920414,40.05185376996406,f061152e-Audio_SP12.csv,f061152e-Audio_SP12,1092.68375,2353.872,1176.936,time column: time,audio_duration,H1
825.5427017743375,1218.142471584766,2639.8086012095814,3.265215358812779,2.726108626069393,4.007517935709245,5871.794871794871,0.0063715745080231,1104.0937499999998,0.047,0.3263888888888889,0-0-2308-3,o,f061152e-Audio_SP12.v0,group_0,1,fave,432.4932564653112,80.24849353774229,6,Remo,,0.1200000000001182,en,[silence],m,#,m,&,final,26.185749715597108,15.27333696399072,55.01016221493071,f061152e-Audio_SP12.csv,f061152e-Audio_SP12,1104.0937499999998,2353.872,1176.936,time column: time,audio_duration,H1
468.3223059236894,854.6312151315145,2386.046789708462,2.8239101400614763,3.4724969455341244,3.5759533371690098,5692.307692307692,0.0054050951009997,1104.73475,0.129,0.3359374999999999,0-0-2310-1,o,f061152e-Audio_SP12.v0,group_0,1,fave,198.47189846858151,70.9111667231462,6,los,,0.3599999999998999,[silence],los,l,s,l,s,internal,16.842578927656625,32.217086405785615,35.72866605012837,f061152e-Audio_SP12.csv,f061152e-Audio_SP12,1104.73475,2353.872,1176.936,time column: time,audio_duration,H1
551.5927947214408,1265.6053409351305,2526.1295137919287,3.301181034364605,2.588954512470009,4.169149352330664,6230.769230769231,0.0047000653080555,1121.8427499999998,0.045,0.3358208955223881,0-0-2329-6,o,f061152e-Audio_SP12.v0,group_0,1,fave,205.35218628680835,77.67080181546429,6,correcto,,0.1100000000001273,",",[nontrans],t,#,t,.,final,27.1446787953106,13.315842775683477,64.66042546635796,f061152e-Audio_SP12.csv,f061152e-Audio_SP12,1121.8427499999998,2353.872,1176.936,time column: time,audio_duration,H1
546.126391757671,1561.278610966521,2585.829296933256,3.273181653207147,2.970310763405768,4.132428230951748,5871.794871794871,9.16855343884e-05,1131.12775,0.035,0.3365384615384616,0-0-2353-6,o,f061152e-Audio_SP12.v0,group_0,1,fave,197.06887225355547,78.38250430895005,6,ejemplo,,0.0800000000001546,un,",",l,#,l,.,final,26.395186215575595,19.497977912652534,62.32908875022574,f061152e-Audio_SP12.csv,f061152e-Audio_SP12,1131.12775,2353.872,1176.936,time column: time,audio_duration,H1
484.324577149776,962.2923528872604,1309.925071626814,2.0572611300838832,2.3709062566540164,4.41184595815801,4435.897435897436,0.001115573438274,1132.11075,0.041,0.3306451612903226,0-0-2358-1,o,f061152e-Audio_SP12.v0,group_0,1,fave,461.67658148762285,77.92683963544162,6,cobrar,,0.1000000000001364,a,[silence],k,b,k,b,internal,7.824510120706174,10.70709126126663,82.42146974693009,f061152e-Audio_SP12.csv,f061152e-Audio_SP12,1132.11075,2353.872,1176.936,time column: time,audio_duration,H1
640.5581248972128,1133.6334088546694,1645.5459877073845,2.502768827266274,2.8604453528044447,3.187080578857403,4435.897435897436,0.0025424491689555,1134.19875,0.057,0.3275862068965517,0-0-2361-1,o,f061152e-Audio_SP12.v0,group_0,1,fave,296.45423443988915,83.37446029212393,6,dólares,,0.1499999999998635,diez,[silence],d,l,d,l,internal,12.216271923245303,17.469305208480122,24.21762269921906,f061152e-Audio_SP12.csv,f061152e-Audio_SP12,1134.19875,2353.872,1176.936,time column: time,audio_duration,H1
699.6555372491923,1342.0624434126626,3300.155343162801,3.6218005250786174,2.9218681501989177,4.406657769170431,5871.794871794871,3.5818704578e-05,1139.8627499999998,0.025,0.3378378378378378,0-0-2377-2,o,f061152e-Audio_SP12.v0,group_0,1,fave,259.3237934951017,73.14295614060877,6,esos,,0.0500000000001819,sacar,diez,s,s,s,s,internal,37.40485560778638,18.575957744169123,81.99495895126525,f061152e-Audio_SP12.csv,f061152e-Audio_SP12,1139.8627499999998,2353.872,1176.936,time column: time,audio_duration,H1
824.6015910499192,1596.787476322655,2995.7715738926004,3.775741915436304,2.095078216574498,4.42939379539542,6410.25641025641,0.0002741754896204,1140.2637499999998,0.027,0.3214285714285714,0-0-2379-1,o,f061152e-Audio_SP12.v0,group_0,1,fave,260.7973364400771,80.58733280213616,6,dólares,,0.0599999999999454,diez,",",d,l,d,l,internal,43.62986598196912,8.126076539227293,83.88055271748048,f061152e-Audio_SP12.csv,f061152e-Audio_SP12,1140.2637499999998,2353.872,1176.936,time column: time,audio_duration,H1
558.8979118208977,1373.5550066715653,2690.2455731141044,3.30231404281142,2.8432925078133464,4.837642380762993,6051.282051282051,0.0066243404507672,1144.5537499999998,0.047,0.3263888888888889,0-0-2393-2,o,f061152e-Audio_SP12.v0,group_0,1,fave,262.1229319692011,74.64950855118771,6,esos,,0.1200000000001182,retirar,diez,s,s,s,s,internal,27.175451375176312,17.17221220346027,126.1715363591552,f061152e-Audio_SP12.csv,f061152e-Audio_SP12,1144.5537499999998,2353.872,1176.936,time column: time,audio_duration,H1
451.087831775306,865.9677675421647,1322.7271707585824,2.895501372711967,2.4344792827649218,3.468354776524309,4256.410256410256,0.0015970796228392,1146.64775,0.055,0.3353658536585365,0-0-2401-3,o,f061152e-Audio_SP12.v0,group_0,1,fave,211.1382319903325,81.17197495611713,6,como,,0.1400000000001,quitan,dos,m,#,m,d,final,18.092570288663545,11.409875847221056,32.08391379103766,f061152e-Audio_SP12.csv,f061152e-Audio_SP12,1146.64775,2353.872,1176.936,time column: time,audio_duration,H1
676.2664729930775,1180.3118462400382,3357.164061260647,3.529363832257661,2.2642716424847364,3.3279685029855544,6589.74358974359,0.0035393506317846,1147.0627499999998,0.045,0.3358208955223881,0-0-2403-1,o,f061152e-Audio_SP12.v0,group_0,1,fave,228.08997104312243,81.22533742050642,6,dólares,,0.1100000000001273,dos,",",d,l,d,l,internal,34.102265950998365,9.624112253184787,27.881642656949097,f061152e-Audio_SP12.csv,f061152e-Audio_SP12,1147.0627499999998,2353.872,1176.936,time column: time,audio_duration,H1
534.322804748841,973.356286451896,1479.084686956708,3.166921510146974,3.489700485399219,3.827664868168658,3717.948717948718,0.0012457003439112,1149.26075,0.041,0.3306451612903226,0-0-2411-4,o,f061152e-Audio_SP12.v0,group_0,1,fave,254.6910152701696,72.59652442666076,6,vengo,,0.099999999999909,final,cobrando,g,#,g,k,final,23.73430595468818,32.776129306643845,45.95510162309613,f061152e-Audio_SP12.csv,f061152e-Audio_SP12,1149.26075,2353.872,1176.936,time column: time,audio_duration,H1
550.8212665295198,1092.32764471728,2635.0021608429747,3.291439076793379,3.3110648627660124,4.734919318811293,5512.820512820513,0.0011794657048834,1149.3887499999998,0.037,0.324561403508772,0-0-2412-1,o,f061152e-Audio_SP12.v0,group_0,1,fave,229.59553817216,77.75150623200574,6,cobrando,,0.0900000000001455,vengo,como,k,b,k,b,internal,26.88152040639856,27.41430240431825,113.85427244959487,f061152e-Audio_SP12.csv,f061152e-Audio_SP12,1149.3887499999998,2353.872,1176.936,time column: time,audio_duration,H1
446.2473644836185,849.0872588321346,1409.0576741078337,2.638587163425884,2.428663486895101,3.796637968439966,3717.948717948718,7.39465545496e-05,1149.95575,0.031,0.3297872340425531,0-0-2413-3,o,f061152e-Audio_SP12.v0,group_0,1,fave,213.91782559465287,81.81083855175466,6,como,,0.0699999999999363,cobrando,ocho,m,#,m,ó,final,13.993419220499996,11.343710925726096,44.551150051850186,f061152e-Audio_SP12.csv,f061152e-Audio_SP12,1149.95575,2353.872,1176.936,time column: time,audio_duration,H1
629.1222005609931,1197.4524537875957,3002.1845493074043,3.162980747213928,1.9570628037075488,4.248787280602088,6230.769230769231,0.0026332553235023,1154.95375,0.047,0.3263888888888889,0-0-2427-6,o,f061152e-Audio_SP12.v0,group_0,1,fave,304.0846623117988,81.20269134077412,6,embargo,,0.1199999999998908,sin,",",g,#,g,.,final,23.64095873198176,7.078505541442235,70.02044568400973,f061152e-Audio_SP12.csv,f061152e-Audio_SP12,1154.95375,2353.872,1176.936,time column: time,audio_duration,H1
764.6772764351088,1191.944756010714,2930.5280404693294,3.2418834603384936,3.8423676764999177,4.351240161481288,5692.307692307692,0.0001931755724644,1156.5937499999998,0.027,0.3214285714285714,0-0-2434-1,o,f061152e-Audio_SP12.v0,group_0,1,fave,259.9879890670707,71.98322330931475,6,comisión,,0.0600000000001728,una,pero,k,m,k,m,internal,25.58185881745776,46.63576222364307,77.57460833620513,f061152e-Audio_SP12.csv,f061152e-Audio_SP12,1156.5937499999998,2353.872,1176.936,time column: time,audio_duration,H1
396.15463041226633,677.7395519845186,1398.4229064092024,2.7393513549694832,1.6963014328148738,2.5517319482790968,3000.0,0.0001006109374061,1163.3537499999998,0.027,0.3214285714285714,0-0-2441-2,o,f061152e-Audio_SP12.v0,group_0,1,fave,349.41068706656665,83.54690201806999,6,Ellos,,0.0600000000001728,[silence],[silence],L,s,L,s,internal,15.476942797715155,5.453739023571236,12.829304243495136,f061152e-Audio_SP12.csv,f061152e-Audio_SP12,1163.3537499999998,2353.872,1176.936,time column: time,audio_duration,H1
636.8638761374866,1771.4649360917697,2807.856645424198,3.585565932423728,3.2499744816303293,3.788025456759634,5871.794871794871,0.0005561075488393,1166.43575,0.031,0.3297872340425531,0-0-2447-7,o,f061152e-Audio_SP12.v0,group_0,1,fave,301.6138883111045,79.99717213660152,6,operación,,0.0699999999999363,por,ellos,i,n,i,n,internal,36.07376725764175,25.78968179816222,44.16910031711123,f061152e-Audio_SP12.csv,f061152e-Audio_SP12,1166.43575,2353.872,1176.936,time column: time,audio_duration,H1
578.4059258640389,917.124451209832,1410.2331916533728,3.712346864215224,3.504795414458548,3.852934905274452,3897.4358974358975,0.0003494934371653,1168.0937499999998,0.027,0.3214285714285714,0-0-2453-3,o,f061152e-Audio_SP12.v0,group_0,1,fave,272.252984021344,76.04653929368233,6,cero,,0.0600000000001728,quitaban,cuarenta,R,#,R,k,final,40.94979745836705,33.274635646646885,47.13118601021076,f061152e-Audio_SP12.csv,f061152e-Audio_SP12,1168.0937499999998,2353.872,1176.936,time column: time,audio_duration,H1
540.8663806052691,1120.9469492950957,2644.253375046861,3.3991602623231465,3.059715728557578,4.523314613632296,5871.794871794871,0.0001065422374363,1169.1337499999995,0.027,0.3214285714285714,0-0-2457-3,o,f061152e-Audio_SP12.v0,group_0,1,fave,227.01255341439875,82.31025414263078,6,importar,,0.0600000000001728,sin,si,p,R,p,R,internal,29.93894862541052,21.32149520825011,92.14050254440424,f061152e-Audio_SP12.csv,f061152e-Audio_SP12,1169.1337499999995,2353.872,1176.936,time column: time,audio_duration,H1
705.6988124961192,1444.5358614232457,3239.752951889879,3.7298715681732864,2.905462547698606,3.8892614022320062,6948.717948717948,0.001065782838138,1171.3337499999998,0.047,0.3263888888888889,0-0-2467-1,o,f061152e-Audio_SP12.v0,group_0,1,fave,208.03699496487928,81.46799226594517,6,dólares,,0.1200000000001182,veinte,",",d,l,d,l,internal,41.673755583760176,18.273694152854137,48.874774389927246,f061152e-Audio_SP12.csv,f061152e-Audio_SP12,1171.3337499999998,2353.872,1176.936,time column: time,audio_duration,H1
742.6026017963054,959.9469270238608,1694.5791107669309,3.4497149058506875,3.849896625839905,3.623248586169169,4256.410256410256,0.0072412076072983,1173.77075,0.041,0.3306451612903226,0-0-2476-6,o,f061152e-Audio_SP12.v0,group_0,1,fave,161.74847547312922,61.60669107281486,6,centavos,,0.099999999999909,cuarenta,",",b,s,b,s,internal,31.49141301123307,46.98820561421781,37.459059359490055,f061152e-Audio_SP12.csv,f061152e-Audio_SP12,1173.77075,2353.872,1176.936,time column: time,audio_duration,H1
782.7274113398265,1825.461317602276,3068.466522115353,4.512790773043935,2.6585121181217746,4.316845183105009,7487.179487179487,3.52051141939e-05,60.83375,0.027,0.3214285714285714,0-0-6-0,a,f061152e-Audio_SP12.v0,group_0,1,fave,228.7813410107536,81.29420280113752,6,ahorita,,0.0600000000000022,",",me,#,o,.,o,initial,91.1759150687295,14.275033725865066,74.95179571531365,f061152e-Audio_SP12.csv,f061152e-Audio_SP12,60.83375,2353.872,1176.936,time column: time,audio_duration,H1
801.8905050576878,1852.180472226184,2859.6694611274447,3.805984360541835,2.6671754169404167,4.820221137153867,7307.692307692308,0.0004148485173566,61.08775,0.035,0.3365384615384616,0-0-6-5,a,f061152e-Audio_SP12.v0,group_0,1,fave,268.9959461007239,81.50279875821677,6,ahorita,,0.0799999999999983,",",me,t,#,t,m,final,44.969494529212895,14.399239849226069,123.99250709844944,f061152e-Audio_SP12.csv,f061152e-Audio_SP12,61.08775,2353.872,1176.936,time column: time,audio_duration,H1
543.3094458514513,1843.2901053449607,3161.2373103255395,4.49503051362078,3.132649952908252,4.27323950820244,7128.205128205128,0.0003268214088063,63.57375,0.027,0.3214285714285714,0-0-14-0,a,f061152e-Audio_SP12.v0,group_0,1,fave,228.4539412087626,76.10516531007299,6,auditora,,0.0599999999999951,soy,.,#,u,y,u,initial,89.57090207598586,22.93467489544805,71.75370623884383,f061152e-Audio_SP12.csv,f061152e-Audio_SP12,63.57375,2353.872,1176.936,time column: time,audio_duration,H1
688.7207004982713,1869.8349172087028,2634.2556574559776,3.830997222328623,3.2157361528038813,4.137898302509875,6589.74358974359,0.0001696534561979,74.48575,0.031,0.3297872340425531,0-0-20-0,a,f061152e-Audio_SP12.v0,group_0,1,fave,219.26780375619333,82.63476748107877,6,auditora,,0.0700000000000073,de,",",#,u,e,u,initial,46.1084957369701,24.921631288795545,62.67096752405556,f061152e-Audio_SP12.csv,f061152e-Audio_SP12,74.48575,2353.872,1176.936,time column: time,audio_duration,H1
705.5826659526473,1658.9317579881997,2654.956705268893,3.370412088567601,2.562315024786448,4.063687165006352,6589.74358974359,6.42704209887e-05,80.27775,0.035,0.3365384615384615,0-0-35-7,a,f061152e-Audio_SP12.v0,group_0,1,fave,204.30122293841865,82.64796372165887,6,comunicaciones,,0.0799999999999983,las,y,k,z,k,z,internal,29.090512455713395,12.96579874374618,58.18846650060181,f061152e-Audio_SP12.csv,f061152e-Audio_SP12,80.27775,2353.872,1176.936,time column: time,audio_duration,H1
874.2734943677677,1696.9155101946226,3003.477549993708,3.676443200485144,2.467547133407829,3.959514579194809,6589.74358974359,0.0005018597134248,81.51875,0.037,0.3245614035087719,0-0-40-1,a,f061152e-Audio_SP12.v0,group_0,1,fave,241.21521305405213,77.48538854299879,6,la,,0.0900000000000034,de,Universidad,l,#,l,u,final,39.50563028006205,11.793483502863182,52.4318682510467,f061152e-Audio_SP12.csv,f061152e-Audio_SP12,81.51875,2353.872,1176.936,time column: time,audio_duration,H1
872.5813554943862,1717.255548178871,2790.599880958175,3.724044759301237,2.8747473754001245,4.363429275793501,7666.666666666666,0.0070921469004448,82.42275000000001,0.065,0.3350515463917525,0-0-43-2,a,f061152e-Audio_SP12.v0,group_0,1,fave,395.91465515822654,77.83612994710195,6,acá,,0.1700000000000017,de,[silence],k,#,k,.,final,41.43163665039639,17.720946808848797,78.52596039558227,f061152e-Audio_SP12.csv,f061152e-Audio_SP12,82.42275000000001,2353.872,1176.936,time column: time,audio_duration,H1
767.2536234170844,1706.8700797327974,2880.781580936949,2.6650722454841445,2.836739719050008,3.7903412147230537,6589.74358974359,6.03593635723e-05,84.42875,0.037,0.3245614035087719,0-0-49-2,a,f061152e-Audio_SP12.v0,group_0,1,fave,279.58025004994084,84.30873444136539,6,trabajar,,0.0900000000000034,a,en,R,b,R,b,internal,14.368987602964877,17.06005419947536,44.27150378797069,f061152e-Audio_SP12.csv,f061152e-Audio_SP12,84.42875,2353.872,1176.936,time column: time,audio_duration,H1
823.3234444384995,1667.753480177428,3260.5251346664663,3.4216192771983445,3.067933326785912,4.3196812399642965,6230.769230769231,0.0011434131355173,90.57075,0.041,0.3306451612903226,0-0-64-1,a,f061152e-Audio_SP12.v0,group_0,1,fave,406.08465060635024,83.91091067810606,6,la,,0.1000000000000085,en,parte,l,#,l,p,final,30.61895547680089,21.4974285743094,75.16466498165997,f061152e-Audio_SP12.csv,f061152e-Audio_SP12,90.57075,2353.872,1176.936,time column: time,audio_duration,H1
811.3786982431734,1808.4020996894235,2867.8844409056974,2.5412959416882424,2.793139557038984,3.933704113004404,6769.2307692307695,3.12485140644e-05,94.56575,0.031,0.3297872340425531,0-0-74-7,a,f061152e-Audio_SP12.v0,group_0,1,fave,270.1248081740159,82.69329859271883,6,analista,,0.0700000000000073,como,de,t,#,t,d,final,12.696113737170103,16.332215315674894,51.09589253220147,f061152e-Audio_SP12.csv,f061152e-Audio_SP12,94.56575,2353.872,1176.936,time column: time,audio_duration,H1
983.9292876136244,1763.5058038216168,2894.987662826584,3.962575455537472,2.7419949327732747,3.485642627793122,7307.692307692308,7.90610620397e-05,100.10575,0.031,0.3297872340425531,0-0-88-1,a,f061152e-Audio_SP12.v0,group_0,1,fave,220.59148196845712,81.18219918655198,6,la,,0.0699999999999931,antes,pandemia,l,#,l,p,final,52.5926015831127,15.517911428187714,32.64339792569217,f061152e-Audio_SP12.csv,f061152e-Audio_SP12,100.10575,2353.872,1176.936,time column: time,audio_duration,H1
973.180034595337,1527.963673627827,2588.084526533192,4.006560000856659,2.950952433833303,3.9255508176685496,6589.74358974359,0.0023610407672882,100.21375,0.047,0.3263888888888889,0-0-89-1,a,f061152e-Audio_SP12.v0,group_0,1,fave,224.41770396619023,79.61481481271991,6,pandemia,,0.1200000000000045,la,.,p,n,p,n,internal,54.95749129498132,19.12415955352567,50.68098635468547,f061152e-Audio_SP12.csv,f061152e-Audio_SP12,100.21375,2353.872,1176.936,time column: time,audio_duration,H1
706.1251001496789,1644.9957932904426,2924.206136097903,3.011132997848483,2.374943146799628,4.288401099919393,7307.692307692308,0.0021197943923427,101.46075,0.041,0.3306451612903226,0-0-96-1,a,f061152e-Audio_SP12.v0,group_0,1,fave,235.25980390819404,75.95870505725428,6,pandemia,,0.1000000000000085,la,fue,p,n,p,n,internal,20.310398531933245,10.750401973944332,72.84989562629013,f061152e-Audio_SP12.csv,f061152e-Audio_SP12,101.46075,2353.872,1176.936,time column: time,audio_duration,H1
1293.208701821273,1806.4181113985017,3442.725644055207,4.3681924183970455,2.874160200103025,3.697909062327621,6948.717948717948,0.0023867813891533,103.55075,0.041,0.3306451612903226,0-0-101-7,a,f061152e-Audio_SP12.v0,group_0,1,fave,322.58409399192203,74.0938487096506,6,gerencia,,0.0999999999999943,de,a,i,#,i,a,final,78.90088293895789,17.71054456091181,40.36281992426016,f061152e-Audio_SP12.csv,f061152e-Audio_SP12,103.55075,2353.872,1176.936,time column: time,audio_duration,H1
1125.5703802855724,1543.8394149632818,3085.4179093593543,3.96906842475849,3.333104462023979,4.9645406785921065,7128.205128205128,0.0070157228022249,103.71575,0.091,0.3321167883211679,0-0-103-0,a,f061152e-Audio_SP12.v0,group_0,1,fave,236.6770862529501,81.80888818796603,6,auditor,,0.25,a,.,#,u,a,u,initial,52.93519474627242,28.025209993954547,143.24274070329838,f061152e-Audio_SP12.csv,f061152e-Audio_SP12,103.71575,2353.872,1176.936,time column: time,audio_duration,H1
625.1672293495542,1811.426348058029,2741.6638208913214,3.3735475166456506,3.114853688342422,3.815432916471869,6230.769230769231,7.7947319202e-05,111.77575,0.031,0.3297872340425531,0-0-111-7,a,f061152e-Audio_SP12.v0,group_0,1,fave,206.33147163676205,80.59162674605439,6,gerencia,,0.0699999999999931,de,porque,i,#,i,p,final,29.18186680793103,22.53013369112465,45.39640498101942,f061152e-Audio_SP12.csv,f061152e-Audio_SP12,111.77575,2353.872,1176.936,time column: time,audio_duration,H1
806.3361497379337,1815.5847720299423,2967.275103231469,4.303550065111346,2.8790471779646243,4.2596775337850135,6589.74358974359,0.0002028961606572,112.34575,0.031,0.3297872340425531,0-0-114-1,a,f061152e-Audio_SP12.v0,group_0,1,fave,220.6666410699544,82.54037183730576,6,la,,0.0700000000000073,en,parte,l,#,l,p,final,73.96189773384202,17.797307431535327,70.78715330810205,f061152e-Audio_SP12.csv,f061152e-Audio_SP12,112.34575,2353.872,1176.936,time column: time,audio_duration,H1
812.9083284210101,1644.814372920285,2340.571472801045,2.6337105052618965,2.994348955213332,4.620119362785584,6769.2307692307695,0.0001144511260913,113.92575,0.031,0.3297872340425531,0-0-122-2,a,f061152e-Audio_SP12.v0,group_0,1,fave,271.01672949364786,79.23014690798483,6,una,,0.0700000000000073,con,gerencia,n,#,n,x,final,13.925344222575522,19.9723527600626,101.5061474629863,f061152e-Audio_SP12.csv,f061152e-Audio_SP12,113.92575,2353.872,1176.936,time column: time,audio_duration,H1
650.0794861194883,1649.1975697951216,2757.176197789859,3.1297128123559035,3.1662687496877773,3.8368418200520793,6769.2307692307695,0.0001037299907612,114.34575,0.031,0.3297872340425531,0-0-123-7,a,f061152e-Audio_SP12.v0,group_0,1,fave,269.0677002496831,75.5544340677374,6,gerencia,,0.0700000000000073,una,operacional,i,#,i,o,final,22.86741136134028,23.71881819368341,46.3787704001608,f061152e-Audio_SP12.csv,f061152e-Audio_SP12,114.34575,2353.872,1176.936,time column: time,audio_duration,H1
700.2695846516903,1777.030384526768,2919.597666983336,3.250077729127847,2.80549226798862,4.815242096432871,7307.692307692308,0.0002406138105713,114.58375,0.027,0.3214285714285714,0-0-124-4,a,f061152e-Audio_SP12.v0,group_0,1,fave,218.19182333566548,81.69485709336021,6,operacional,,0.0600000000000022,gerencia,y,R,z,R,z,internal,25.792344655733984,16.535213659290076,123.37667774845698,f061152e-Audio_SP12.csv,f061152e-Audio_SP12,114.58375,2353.872,1176.936,time column: time,audio_duration,H1
681.0180006919222,1572.30474762804,2587.100115888935,3.6873610656494553,2.64767197051081,4.53647656437213,6948.717948717948,0.0003837329596904,115.36775,0.035,0.3365384615384616,0-0-126-0,a,f061152e-Audio_SP12.v0,group_0,1,fave,216.4648648098936,82.08103649244313,6,ahora,,0.0800000000000125,y,pasé,#,ó,i,ó,initial,39.93931054816253,14.121125951743704,93.36126750073193,f061152e-Audio_SP12.csv,f061152e-Audio_SP12,115.36775,2353.872,1176.936,time column: time,audio_duration,H1
1111.559950607487,1497.924392757234,2542.1031450920545,3.798451019730579,3.118965359231884,4.271654676069829,7307.692307692308,0.0276343400398436,115.58275,0.105,0.3343949044585987,0-0-126-3,a,f061152e-Audio_SP12.v0,group_0,1,fave,236.6293945250856,72.96157517888477,6,ahora,,0.289999999999992,y,pasé,R,#,R,p,final,44.63199683948999,22.62296089263247,71.64007872361434,f061152e-Audio_SP12.csv,f061152e-Audio_SP12,115.58275,2353.872,1176.936,time column: time,audio_duration,H1
709.7273648102428,1682.2618745388636,3065.0460501633006,3.59734757194418,3.39410178710165,4.20655278181236,6769.2307692307695,0.0039174750700618,116.20575,0.071,0.3317757009345794,0-0-128-0,a,f061152e-Audio_SP12.v0,group_0,1,fave,291.88120064392945,80.75873297110755,6,a,,0.1899999999999977,pasé,otra,#,#,e,ó,coextensive,36.50128888724034,29.78788559205555,67.12474687098339,f061152e-Audio_SP12.csv,f061152e-Audio_SP12,116.20575,2353.872,1176.936,time column: time,audio_duration,H1
634.7952841060838,1774.5693350194686,2961.5284844092826,3.334463486539774,2.730187973072536,3.613038599040633,6589.74358974359,0.0007288206264177,128.03075,0.041,0.3306451612903226,0-0-144-1,a,f061152e-Audio_SP12.v0,group_0,1,fave,292.5393408056279,75.50852312424462,6,la,,0.1000000000000227,en,parte,l,#,l,p,final,28.063322833672373,15.33576946069331,37.07854865576184,f061152e-Audio_SP12.csv,f061152e-Audio_SP12,128.03075,2353.872,1176.936,time column: time,audio_duration,H1
778.1885409975831,1829.3041191083075,3005.4723807957803,3.1972717297613187,3.3366780872692816,3.485787847463222,6589.74358974359,1.346560565075659e-06,128.48274999999998,0.025,0.3378378378378378,0-0-147-1,a,f061152e-Audio_SP12.v0,group_0,1,fave,275.81227551763664,73.62613117922116,6,la,,0.0500000000000113,de,industria,l,#,l,i,final,24.4656900455513,28.1255407573931,32.648138733390816,f061152e-Audio_SP12.csv,f061152e-Audio_SP12,128.48274999999998,2353.872,1176.936,time column: time,audio_duration,H1
621.2782871418104,1705.539530622223,2822.2147367905923,2.98189702338148,3.0602690416706286,3.8729212594842553,6589.74358974359,3.474154663696744e-06,128.77274999999997,0.025,0.3378378378378378,0-0-148-8,a,f061152e-Audio_SP12.v0,group_0,1,fave,284.25970394207,80.6835907099286,6,industria,,0.0500000000000113,la,petrolera,i,#,i,p,final,19.72520034092961,21.3332959355862,48.08264299453219,f061152e-Audio_SP12.csv,f061152e-Audio_SP12,128.77274999999997,2353.872,1176.936,time column: time,audio_duration,H1
943.99643056541,1706.8291003483644,2535.0242308576344,3.673211111447908,2.9066284537055016,4.0575970709959766,6948.717948717948,0.008969293896069,129.31375,0.047,0.3263888888888889,0-0-149-8,a,f061152e-Audio_SP12.v0,group_0,1,fave,270.75445977881265,71.50580674769635,6,petrolera,,0.1200000000000045,industria,",",R,#,R,.,final,39.37815068919404,18.295011987516023,57.83517016519879,f061152e-Audio_SP12.csv,f061152e-Audio_SP12,129.31375,2353.872,1176.936,time column: time,audio_duration,H1
617.1238523264408,1733.4036397501095,1916.4948402970067,3.92323019987293,3.6495948369372337,4.149987835332535,4974.358974358975,0.0020337967756667,130.63775,0.035,0.3365384615384615,0-0-153-3,a,f061152e-Audio_SP12.v0,group_0,1,fave,302.9397802818911,70.09065662433869,6,había,,0.079999999999984,ya,pasado,i,#,i,p,final,50.56351151567166,38.45908069301528,63.43322864929716,f061152e-Audio_SP12.csv,f061152e-Audio_SP12,130.63775,2353.872,1176.936,time column: time,audio_duration,H1
797.6986141889379,1397.9409448947692,2721.7641205086657,2.885775287249349,3.106915214071678,3.7758910803492944,6589.74358974359,7.34822530946e-05,130.77375,0.027,0.3214285714285714,0-0-154-1,a,f061152e-Audio_SP12.v0,group_0,1,fave,267.62748574002575,75.76885006842556,6,pasado,,0.0600000000000022,había,mucho,p,s,p,s,internal,17.917453385237067,22.351986847127545,43.63637451254223,f061152e-Audio_SP12.csv,f061152e-Audio_SP12,130.77375,2353.872,1176.936,time column: time,audio_duration,H1
831.0479025296478,1864.0201189998163,2794.647316159718,3.099508647332185,3.1207220731665126,3.761394468882144,6589.74358974359,2.59193666304e-05,131.92775,0.035,0.3365384615384615,0-0-159-0,a,f061152e-Audio_SP12.v0,group_0,1,fave,211.9796025729385,83.36612717980276,6,área,,0.0800000000000125,el,de,#,R,l,R,initial,22.187046938017968,22.662737891449705,43.0083579992846,f061152e-Audio_SP12.csv,f061152e-Audio_SP12,131.92775,2353.872,1176.936,time column: time,audio_duration,H1
775.1473261068998,1794.5198704123177,3042.4301982937327,3.752924335683061,2.607585427882044,3.660428465604285,7666.666666666666,9.239685081334734e-06,133.33375,0.027,0.3214285714285714,0-0-163-3,a,f061152e-Audio_SP12.v0,group_0,1,fave,220.10373366366665,83.36937541562055,6,esta,,0.0600000000000022,con,gerencia,t,#,t,x,final,42.64560990939816,13.566254573237316,38.87799718773524,f061152e-Audio_SP12.csv,f061152e-Audio_SP12,133.33375,2353.872,1176.936,time column: time,audio_duration,H1
738.875212911382,1863.3079704364327,2949.934199588723,2.544078052180428,3.2153188789415377,3.3472095756513043,6410.25641025641,0.0003434211499999,133.90275,0.045,0.335820895522388,0-0-164-7,a,f061152e-Audio_SP12.v0,group_0,1,fave,161.20409521315108,65.61373290963546,6,gerencia,,0.1100000000000136,esta,[silence],i,#,i,®,final,12.731484908847376,24.911234312795788,28.42330978647189,f061152e-Audio_SP12.csv,f061152e-Audio_SP12,133.90275,2353.872,1176.936,time column: time,audio_duration,H1
734.9409293279512,1486.404771844499,2789.9947285349594,3.1703481458154665,3.090448376611982,3.83894917125196,6589.74358974359,4.6605710802e-05,138.12375000000003,0.027,0.3214285714285714,0-0-179-1,a,f061152e-Audio_SP12.v0,group_0,1,fave,213.64889240770668,83.0806720866543,6,la,,0.0599999999999738,presentó,oportunidad,l,#,l,o,final,23.815774275450725,21.986934193010978,46.47660981240582,f061152e-Audio_SP12.csv,f061152e-Audio_SP12,138.12375000000003,2353.872,1176.936,time column: time,audio_duration,H1
796.7545355467647,1752.368662128344,2766.3981634607467,3.327883502450176,2.89829331889022,4.529985433351888,6589.74358974359,2.20477953228e-05,138.92274999999998,0.025,0.3378378378378378,0-0-182-1,a,f061152e-Audio_SP12.v0,group_0,1,fave,256.41029324542245,82.99105852111727,6,cambiarme,,0.0500000000000113,de,por,k,m,k,m,internal,27.87927280311688,18.14315435226888,92.75720991063407,f061152e-Audio_SP12.csv,f061152e-Audio_SP12,138.92274999999998,2353.872,1176.936,time column: time,audio_duration,H1
812.5147879217767,1766.6708624225964,2961.685818778785,4.411624786424646,2.8853177762072897,4.09305485780997,6769.2307692307695,2.3065787194e-05,139.80274999999995,0.025,0.3378378378378378,0-0-185-7,a,f061152e-Audio_SP12.v0,group_0,1,fave,233.14331065402348,76.95958624187104,6,gerencia,,0.0500000000000113,una,de,i,#,i,d,final,82.40324246335399,17.909257827389798,59.92266761395106,f061152e-Audio_SP12.csv,f061152e-Audio_SP12,139.80274999999995,2353.872,1176.936,time column: time,audio_duration,H1
609.5873964411384,1914.7912005800667,2815.625150327769,3.193629951139983,3.125675276463184,3.5867363095424225,6589.74358974359,0.0005913412660521,140.34775000000002,0.035,0.3365384615384615,0-0-187-8,a,f061152e-Audio_SP12.v0,group_0,1,fave,206.0898118297194,73.95192407298477,6,auditoría,,0.079999999999984,de,[silence],i,#,i,.,final,24.37675346055794,22.77526950539293,36.11601188567606,f061152e-Audio_SP12.csv,f061152e-Audio_SP12,140.34775000000002,2353.872,1176.936,time column: time,audio_duration,H1
635.3580353485299,1826.2436959761,2836.0524154070395,3.48062041453217,3.4889653997464967,3.737142485533284,6589.74358974359,0.0001199074625991,142.41575,0.031,0.3297872340425531,0-0-194-5,a,f061152e-Audio_SP12.v0,group_0,1,fave,208.6105455264365,77.89527980509749,6,amplia,,0.0699999999999931,[silence],entonces,i,#,i,e,final,32.47986680754584,32.752044897375114,41.97786625871895,f061152e-Audio_SP12.csv,f061152e-Audio_SP12,142.41575,2353.872,1176.936,time column: time,audio_duration,H1
957.9079912813642,1604.931754396331,2802.5983225452765,4.178746789658803,2.947991483544617,3.951830065421272,7307.692307692308,0.0049474996976054,155.54075,0.161,0.3326446280991735,0-0-208-1,a,f061152e-Audio_SP12.v0,group_0,1,fave,219.22539224410332,82.70864293797513,6,la,,0.4599999999999795,por,situación,l,#,l,s,final,65.28398735908337,19.06761761801457,52.030498976287305,f061152e-Audio_SP12.csv,f061152e-Audio_SP12,155.54075,2353.872,1176.936,time column: time,audio_duration,H1
646.0273449664058,1822.7598206406583,2660.136543906033,3.122463413303028,2.995366319624296,3.3730175538461644,6410.25641025641,8.912918483735014e-06,156.93375,0.027,0.3214285714285714,0-0-210-8,a,f061152e-Audio_SP12.v0,group_0,1,fave,272.2387257930948,82.77440823868375,6,económica,,0.0600000000000022,situación,[silence],k,#,k,.,final,22.70223580621488,19.99268226046554,29.166405601397287,f061152e-Audio_SP12.csv,f061152e-Audio_SP12,156.93375,2353.872,1176.936,time column: time,audio_duration,H1
859.0242880147503,1676.8494653114285,2832.962569757978,3.400599392107772,3.159154083632413,4.288648466154906,6769.2307692307695,0.0013364720981331,161.48575000000002,0.051,0.3311688311688312,0-0-220-3,a,f061152e-Audio_SP12.v0,group_0,1,fave,210.47931353303883,76.67231663946914,6,está,,0.1299999999999954,claro,porque,t,#,t,p,final,29.98206567617208,23.550665607059216,72.86791845975705,f061152e-Audio_SP12.csv,f061152e-Audio_SP12,161.48575000000002,2353.872,1176.936,time column: time,audio_duration,H1
604.7784276781169,1740.4414970260973,2826.661989541572,4.132634615332879,2.268915358905624,3.891736972626699,6948.717948717948,0.0008033887550045,162.32075000000003,0.041,0.3306451612903226,0-0-222-2,a,f061152e-Audio_SP12.v0,group_0,1,fave,144.79660190337526,74.33879615970007,6,acá,,0.0999999999999943,porque,el,k,#,k,e,final,62.341953828163824,9.668907829770651,48.99591722138966,f061152e-Audio_SP12.csv,f061152e-Audio_SP12,162.32075000000003,2353.872,1176.936,time column: time,audio_duration,H1
882.0231908645545,1712.0804178258172,2781.9587134325097,4.298286502001323,3.169014265711097,4.304809842202996,6948.717948717948,0.0030194637794777,167.76775,0.035,0.3365384615384616,0-0-238-0,a,f061152e-Audio_SP12.v0,group_0,1,fave,252.18632463195613,72.28467296133744,6,alrededor,,0.0800000000000125,ya,de,#,l,á,l,initial,73.57361738289366,23.78402806550046,74.05513195309832,f061152e-Audio_SP12.csv,f061152e-Audio_SP12,167.76775,2353.872,1176.936,time column: time,audio_duration,H1
1220.4370103692509,1750.066877997368,3054.852287852449,3.932241351974992,3.29546914589517,4.5118250463322624,7487.179487179487,0.0091509411622738,171.20874999999998,0.097,0.3299319727891157,0-0-246-0,a,f061152e-Audio_SP12.v0,group_0,1,fave,242.15410249056973,79.52433557056641,6,a,,0.2700000000000102,empecé,buscar,#,#,e,b,coextensive,51.02120608936837,26.990073382273035,91.0879065550126,f061152e-Audio_SP12.csv,f061152e-Audio_SP12,171.20874999999998,2353.872,1176.936,time column: time,audio_duration,H1
631.7763505403041,1588.0024627878818,3219.636868278249,3.390302444244703,2.5218129055858007,4.485595031189886,6769.2307692307695,0.0001075241547951,172.39575,0.031,0.3297872340425531,0-0-250-2,a,f061152e-Audio_SP12.v0,group_0,1,fave,211.65096433391224,77.64072505968423,6,trabajos,,0.0699999999999931,Internet,por,R,b,R,b,internal,29.674925923843176,12.451148972319102,88.72973206620696,f061152e-Audio_SP12.csv,f061152e-Audio_SP12,172.39575,2353.872,1176.936,time column: time,audio_duration,H1
825.9757637236112,1415.1134160331706,2609.30145616083,3.2436757311253035,2.743606951569212,4.613966311545728,6230.769230769231,0.0095671347816657,194.32275,0.045,0.3358208955223881,0-0-259-0,a,f061152e-Audio_SP12.v0,group_0,1,fave,273.492431623238,82.13514205288833,6,a,,0.1099999999999852,debido,eso,#,#,o,é,coextensive,25.62774954771188,15.542946766380098,100.88349251486368,f061152e-Audio_SP12.csv,f061152e-Audio_SP12,194.32275,2353.872,1176.936,time column: time,audio_duration,H1
812.2973657193136,1633.1861495821718,2619.0647145192147,2.760952512403418,2.5157795079751293,4.138080215028992,6769.2307692307695,0.0009170597646644,204.25375000000005,0.087,0.3295454545454546,0-0-280-2,a,f061152e-Audio_SP12.v0,group_0,1,fave,272.4099948075346,83.18513914706344,6,acá,,0.2399999999999806,[silence],[silence],k,#,k,.,final,15.814899664356702,12.376252407435093,62.68236919465527,f061152e-Audio_SP12.csv,f061152e-Audio_SP12,204.25375000000005,2353.872,1176.936,time column: time,audio_duration,H1
757.6775199677598,1728.8794245624808,2856.067723868588,3.038790439139003,3.2380412152177165,3.973600341006616,6589.74358974359,0.0011472575151894,207.97875,0.037,0.3245614035087719,0-0-288-3,a,f061152e-Audio_SP12.v0,group_0,1,fave,205.9317425985168,81.1902218833098,6,para,,0.0900000000000034,con(figurar),configurar,R,#,R,k,final,20.879972357499216,25.483755634164808,53.17563703607858,f061152e-Audio_SP12.csv,f061152e-Audio_SP12,207.97875,2353.872,1176.936,time column: time,audio_duration,H1
1076.9906943247468,1722.748449688421,2753.533295927239,4.07845990816864,3.1586383605088475,4.338944824580403,6230.769230769231,0.0033947139810638,208.61775,0.035,0.3365384615384615,0-0-290-1,a,f061152e-Audio_SP12.v0,group_0,1,fave,276.77447790870303,77.99253647459128,6,la,,0.0800000000000125,configurar,cuenta,l,#,l,k,final,59.05445050197224,23.53852311558124,76.62664211617407,f061152e-Audio_SP12.csv,f061152e-Audio_SP12,208.61775,2353.872,1176.936,time column: time,audio_duration,H1
555.7330405508585,1429.0060289445578,1734.7237945730485,3.783495605529763,2.946078783678328,3.999327125367675,4256.410256410256,0.0008866897440271,209.68775,0.035,0.3365384615384616,0-0-296-2,a,f061152e-Audio_SP12.v0,group_0,1,fave,239.20673229469003,76.03982940599138,6,una,,0.0800000000000125,tener,cuenta,n,#,n,k,final,43.96947334531389,19.031181844803537,54.5614246801799,f061152e-Audio_SP12.csv,f061152e-Audio_SP12,209.68775,2353.872,1176.936,time column: time,audio_duration,H1
782.2189179029564,1445.9600142503955,2571.6153725539666,4.042424542066073,3.639699526725965,3.414325676142747,6769.2307692307695,0.0004538053650732,216.74775,0.035,0.3365384615384616,0-0-313-2,a,f061152e-Audio_SP12.v0,group_0,1,fave,222.2463759950685,80.02490623845847,6,una,,0.0800000000000125,conseguir,cuenta,n,#,n,k,final,56.96428782323647,38.0803928658772,30.39644546683322,f061152e-Audio_SP12.csv,f061152e-Audio_SP12,216.74775,2353.872,1176.936,time column: time,audio_duration,H1
811.1989365013981,1619.822888542295,2921.614273586701,3.8843246402226734,2.9677560221855064,3.7160527982629454,6769.2307692307695,0.0048520697958195,217.15575,0.111,0.3323353293413173,0-0-314-5,a,f061152e-Audio_SP12.v0,group_0,1,fave,200.63399654867047,79.541366823369,6,cuenta,,0.3100000000000023,una,del,t,#,t,d,final,48.63408586032941,19.44822919936949,41.10183625588577,f061152e-Audio_SP12.csv,f061152e-Audio_SP12,217.15575,2353.872,1176.936,time column: time,audio_duration,H1
855.4591777584211,1657.2534651212816,2763.247744766023,3.312558614225758,2.797306401930784,4.127931220815967,6589.74358974359,3.86394685351e-05,217.76575,0.031,0.3297872340425531,0-0-316-5,a,f061152e-Audio_SP12.v0,group_0,1,fave,172.80721811138997,75.00852628549673,6,extranjero,,0.0699999999999931,del,.,R,n,R,n,internal,27.455283158463256,16.400411105602945,62.04942350638805,f061152e-Audio_SP12.csv,f061152e-Audio_SP12,217.76575,2353.872,1176.936,time column: time,audio_duration,H1
771.811632842737,1741.3816473333216,2819.1397626196194,3.312775795025192,2.9373623267788034,3.373035070525031,6410.25641025641,0.0025924826205801,229.45875,0.057,0.3275862068965517,0-0-336-1,a,f061152e-Audio_SP12.v0,group_0,1,fave,272.8474147287097,77.06030622588429,6,la,,0.1500000000000056,habilitaron,parte,l,#,l,p,final,27.46124656635371,18.866018234962656,29.166916504432542,f061152e-Audio_SP12.csv,f061152e-Audio_SP12,229.45875,2353.872,1176.936,time column: time,audio_duration,H1
1115.978412580189,1837.3871867236307,2915.283476401306,3.90509665574061,3.4998280972415654,3.787161863211388,6769.2307692307695,0.0047039415679013,230.06375,0.047,0.3263888888888889,0-0-339-0,a,f061152e-Audio_SP12.v0,group_0,1,fave,209.99995119097545,78.06631220190515,6,Airtm,,0.1200000000000045,de,[silence],#,i,e,i,initial,49.65487910935365,33.10975981041582,44.13097263282624,f061152e-Audio_SP12.csv,f061152e-Audio_SP12,230.06375,2353.872,1176.936,time column: time,audio_duration,H1
847.7879331873863,1529.9645313463736,2307.674791796308,3.6872052240991455,2.7078782429580794,4.418753762550181,6589.74358974359,0.0011106456443144,232.89875,0.037,0.3245614035087719,0-0-347-2,a,f061152e-Audio_SP12.v0,group_0,1,fave,249.4945179334077,80.37884565059908,6,una,,0.0900000000000034,tener,cuenta,n,#,n,k,final,39.93308682905801,14.997420849597354,82.99279215753535,f061152e-Audio_SP12.csv,f061152e-Audio_SP12,232.89875,2353.872,1176.936,time column: time,audio_duration,H1
832.9726095378268,1781.8220060543988,2726.521098424116,3.582776043470548,3.029977345974168,4.142046245438273,7307.692307692308,0.0003363855915829,233.65775,0.035,0.3365384615384616,0-0-351-4,a,f061152e-Audio_SP12.v0,group_0,1,fave,203.0816497081536,81.50055093884654,6,extranjero,,0.0800000000000125,el,para,R,n,R,n,internal,35.973265712133504,20.69676371905869,62.93146300731704,f061152e-Audio_SP12.csv,f061152e-Audio_SP12,233.65775,2353.872,1176.936,time column: time,audio_duration,H1
961.1200732866608,1820.000383336024,2981.830561192178,3.414467671382557,2.578656521165674,4.029448889882644,7666.666666666666,0.0003719519296254,234.17775,0.035,0.3365384615384616,0-0-352-3,a,f061152e-Audio_SP12.v0,group_0,1,fave,230.0448507496729,79.96007824310064,6,para,,0.0800000000000125,extranjero,que,R,#,R,k,final,30.40076192384757,13.17941998852614,56.22991383200699,f061152e-Audio_SP12.csv,f061152e-Audio_SP12,234.17775,2353.872,1176.936,time column: time,audio_duration,H1
1175.9575341876402,1613.0313561695373,3362.825475579269,3.6064706522009273,2.4743343272508085,4.296728121615345,7666.666666666666,0.004111475447248,237.81575,0.051,0.3311688311688312,0-0-363-0,a,f061152e-Audio_SP12.v0,group_0,1,fave,278.6037622748568,77.5772338401797,6,anteriormente,,0.1299999999999954,embargo,ellos,#,n,o,n,initial,36.83581671711077,11.873800416388567,73.45905099283213,f061152e-Audio_SP12.csv,f061152e-Audio_SP12,237.81575,2353.872,1176.936,time column: time,audio_duration,H1
1201.825938188203,1843.643357220144,3083.5454819141964,4.30210198688206,2.9305066116833043,4.1984534367125015,8743.589743589742,0.0007877631433375,240.62775,0.035,0.3365384615384615,0-0-370-2,a,f061152e-Audio_SP12.v0,group_0,1,fave,229.08542360440657,79.00747066665211,6,era,,0.079999999999984,entonces,por,R,#,R,p,final,73.85487262900112,18.73712053676276,66.58327612057853,f061152e-Audio_SP12.csv,f061152e-Audio_SP12,240.62775,2353.872,1176.936,time column: time,audio_duration,H1
831.4791975294523,1545.238077455428,2591.892866328923,3.5316993055816988,3.3341398567474294,3.761031187468272,5333.333333333333,0.0017973064327186,243.12275,0.045,0.335820895522388,0-0-378-2,a,f061152e-Audio_SP12.v0,group_0,1,fave,274.6439603944075,78.95049993291119,6,una,,0.1100000000000136,pedir,cuenta,n,#,n,k,final,34.182003960169006,28.054242175796173,42.99273669981799,f061152e-Audio_SP12.csv,f061152e-Audio_SP12,243.12275,2353.872,1176.936,time column: time,audio_duration,H1
738.5304718702857,1715.662793095194,3230.7703303165927,3.620977726052568,3.187646872137164,4.628791074501664,7307.692307692308,0.0002840961048149,243.48375,0.027,0.3214285714285714,0-0-379-5,a,f061152e-Audio_SP12.v0,group_0,1,fave,285.0021916710652,78.99987685190328,6,cuenta,,0.0600000000000022,una,prestada,t,#,t,p,final,37.37409158706153,24.231340860089965,102.39020712647007,f061152e-Audio_SP12.csv,f061152e-Audio_SP12,243.48375,2353.872,1176.936,time column: time,audio_duration,H1
897.9525622513528,1476.5037546644232,2610.484411391276,3.911008972263065,3.1050418437707727,3.792857686892556,7666.666666666666,9.89983508371e-05,245.63575,0.031,0.3297872340425531,0-0-389-1,a,f061152e-Audio_SP12.v0,group_0,1,fave,213.80033082523173,81.84994370317608,6,pagando,,0.0699999999999931,ahí,",",p,g,p,g,internal,49.94932403964054,22.31015249665164,44.38305209038823,f061152e-Audio_SP12.csv,f061152e-Audio_SP12,245.63575,2353.872,1176.936,time column: time,audio_duration,H1
852.6735684142722,1735.9022879314043,3391.611207366065,3.71493201753482,2.2519846517123505,4.195631418122514,7666.666666666666,0.0024824305355778,248.64575,0.071,0.3317757009345795,0-0-395-5,a,f061152e-Audio_SP12.v0,group_0,1,fave,298.3779014841418,81.43710614568035,6,Remotasks,,0.1899999999999977,con,también,t,s,t,s,internal,41.05579591530229,9.506584385248113,66.39564175593992,f061152e-Audio_SP12.csv,f061152e-Audio_SP12,248.64575,2353.872,1176.936,time column: time,audio_duration,H1
1326.5579406821157,1865.458117598488,2826.8095420805143,3.8448708523985,3.1050919162267068,3.5763644489020137,6948.717948717948,0.0005982745045304,249.32775,0.035,0.3365384615384616,0-0-397-2,a,f061152e-Audio_SP12.v0,group_0,1,fave,233.88807748201032,79.65944816603078,6,era,,0.079999999999984,también,por,R,#,R,p,final,46.75264596890864,22.31126964874845,35.743357543661915,f061152e-Audio_SP12.csv,f061152e-Audio_SP12,249.32775,2353.872,1176.936,time column: time,audio_duration,H1
1206.9716248811735,1834.4372555178124,2793.4554366075304,4.168230370669708,3.1822186437417144,3.6570291419512064,6230.769230769231,0.001663052378303,251.28275,0.045,0.3358208955223881,0-0-403-3,a,f061152e-Audio_SP12.v0,group_0,1,fave,242.3554943301813,77.09071786061573,6,había,,0.1100000000000136,también,[silence],i,#,i,.,final,64.60103101654981,24.10016395876476,38.74606266343155,f061152e-Audio_SP12.csv,f061152e-Audio_SP12,251.28275,2353.872,1176.936,time column: time,audio_duration,H1
1007.0317276082254,1584.178678438086,2683.3643405817184,4.087563950557159,3.527785220920692,3.8732038118790406,6769.2307692307695,0.0061919458514153,252.42075000000003,0.041,0.3306451612903226,0-0-407-2,a,f061152e-Audio_SP12.v0,group_0,1,fave,249.4521138486141,72.51949818594416,6,una,,0.0999999999999943,prestado,cuenta,n,#,n,k,final,59.59453948871637,34.04847419665922,48.096230779998166,f061152e-Audio_SP12.csv,f061152e-Audio_SP12,252.42075000000003,2353.872,1176.936,time column: time,audio_duration,H1
1143.9831914264,1921.847516098661,3024.16987535112,4.56231421680514,3.1656633484471914,4.300254022597311,8205.128205128205,4.49160573723e-05,254.58275,0.025,0.3378378378378378,0-0-415-0,a,f061152e-Audio_SP12.v0,group_0,1,fave,248.5441552787813,76.1051365125279,6,habilitaron,,0.0500000000000113,también,Airtm,#,b,n,b,initial,95.80493687635555,23.7044631374466,73.71851749064501,f061152e-Audio_SP12.csv,f061152e-Audio_SP12,254.58275,2353.872,1176.936,time column: time,audio_duration,H1
927.3552241812384,1842.039751630733,2914.104624243585,4.305399948466086,2.141879559177576,3.4048121010792416,6948.717948717948,8.47376061958e-05,259.25375,0.027,0.3214285714285714,0-0-429-6,a,f061152e-Audio_SP12.v0,group_0,1,fave,229.3844954939609,79.37041637959416,6,directamente,,0.0600000000000022,cobro,yo,t,m,t,m,internal,74.09884524675346,8.515427847459323,30.10863781182628,f061152e-Audio_SP12.csv,f061152e-Audio_SP12,259.25375,2353.872,1176.936,time column: time,audio_duration,H1
881.7879473282755,1838.278241194626,3375.490872918656,3.267373113512672,3.2454794420401343,4.842609477670458,7307.692307692308,0.00269130935087,270.41275,0.045,0.335820895522388,0-0-448-2,a,f061152e-Audio_SP12.v0,group_0,1,fave,267.3576466657222,71.92395588711997,6,esas,,0.1100000000000136,tengo,dos,s,s,s,s,internal,26.24231314317084,25.674016312684536,126.79980164277292,f061152e-Audio_SP12.csv,f061152e-Audio_SP12,270.41275,2353.872,1176.936,time column: time,audio_duration,H1
689.1525160260666,1349.8750659335278,1761.198219988367,3.35160565058913,3.3418862076673745,3.0960788956721568,4615.384615384615,0.0002591213292532,285.33775,0.055,0.3353658536585366,0-0-475-5,a,f061152e-Audio_SP12.v0,group_0,1,fave,306.7144588488013,79.69326082936674,6,Remotasks,,0.1399999999999863,en,a,t,s,t,s,internal,28.548535836152528,28.27240406885693,22.111081223186076,f061152e-Audio_SP12.csv,f061152e-Audio_SP12,285.33775,2353.872,1176.936,time column: time,audio_duration,H1
718.2901221625502,1612.5967166493235,2933.721860205529,4.034456074872111,3.046701541623713,4.295966009925542,7128.205128205128,0.0232044795697664,285.65275,0.045,0.3358208955223881,0-0-476-0,a,f061152e-Audio_SP12.v0,group_0,1,fave,210.27989179720595,68.96190839814356,6,a,,0.1100000000000136,Remotasks,veces,#,#,s,b,coextensive,56.512173485924784,21.04581107732693,73.40308831896128,f061152e-Audio_SP12.csv,f061152e-Audio_SP12,285.65275,2353.872,1176.936,time column: time,audio_duration,H1
1138.8416999698306,1707.8749065020372,2803.365223581903,3.4902713107141747,2.8591070112034225,4.104450211540487,6769.2307692307695,0.0001470080680392,288.04775,0.035,0.3365384615384616,0-0-486-2,a,f061152e-Audio_SP12.v0,group_0,1,fave,239.9062073582417,82.88779787632191,6,trabajando,,0.0800000000000409,estés,[silence],R,b,R,b,internal,32.79484409190676,17.445940948746475,60.609413029982,f061152e-Audio_SP12.csv,f061152e-Audio_SP12,288.04775,2353.872,1176.936,time column: time,audio_duration,H1
836.1171420149128,1377.0075883593606,2699.8283783710426,3.433428305274267,3.0240841263623257,3.199305137789425,6589.74358974359,9.366041007280204e-06,288.15374999999995,0.027,0.3214285714285714,0-0-486-4,a,f061152e-Audio_SP12.v0,group_0,1,fave,217.6392907506364,80.8293362916146,6,trabajando,,0.0600000000000022,estés,[silence],b,x,b,x,internal,30.98267896526994,20.57515183992865,24.515489390137645,f061152e-Audio_SP12.csv,f061152e-Audio_SP12,288.15374999999995,2353.872,1176.936,time column: time,audio_duration,H1
1106.535631395229,1752.8836962938806,2838.065420247831,3.974711981936319,2.2880335306006008,4.211966954345723,7307.692307692308,4.96334591574e-05,291.50575,0.031,0.3297872340425531,0-0-496-2,a,f061152e-Audio_SP12.v0,group_0,1,fave,248.07298929747432,77.70198581725235,6,una,,0.0699999999999931,pasas,semana,n,#,n,s,final,53.23478211862749,9.855537999094317,67.4891574324561,f061152e-Audio_SP12.csv,f061152e-Audio_SP12,291.50575,2353.872,1176.936,time column: time,audio_duration,H1
733.3065522816269,1705.3869470940676,2320.9072906313345,3.0978447467566643,2.8120981010175723,4.564501399136814,6051.282051282051,0.0052565846658821,292.02575,0.111,0.3323353293413173,0-0-497-5,a,f061152e-Audio_SP12.v0,group_0,1,fave,266.2676217332652,72.54724154135477,6,semana,,0.3099999999999454,una,[silence],n,#,n,.,final,22.150160593963435,16.64480408934621,96.01470906296372,f061152e-Audio_SP12.csv,f061152e-Audio_SP12,292.02575,2353.872,1176.936,time column: time,audio_duration,H1
1025.571931797365,1720.41071533957,3249.5281661224403,4.589370246256937,3.197208335362159,4.359982312959267,7487.179487179487,0.0002966722328347,293.07575,0.031,0.3297872340425531,0-0-502-2,a,f061152e-Audio_SP12.v0,group_0,1,fave,251.98559778865385,80.04955514185782,6,una,,0.0699999999999931,de,semana,n,#,n,s,final,98.4324224527238,24.46413910699177,78.25575029820064,f061152e-Audio_SP12.csv,f061152e-Audio_SP12,293.07575,2353.872,1176.936,time column: time,audio_duration,H1
1104.2148542104871,1656.085939153637,2516.412450377529,4.087282258420973,3.059546997312264,4.424137349047158,6230.769230769231,0.0001158041496838,293.37375,0.027,0.3214285714285714,0-0-503-5,a,f061152e-Audio_SP12.v0,group_0,1,fave,236.2203195610846,76.14444551948402,6,semana,,0.0600000000000022,una,y,n,#,n,i,final,59.57775453978783,21.317897909308563,83.44079588410698,f061152e-Audio_SP12.csv,f061152e-Audio_SP12,293.37375,2353.872,1176.936,time column: time,audio_duration,H1
857.2687662130351,1758.1741770803276,2981.678717154179,4.167571163221131,2.80407942826001,4.882852399804865,7307.692307692308,0.0001434764697495,294.12275000000005,0.025,0.3378378378378378,0-0-507-5,a,f061152e-Audio_SP12.v0,group_0,1,fave,240.85304777236223,69.25928524648789,6,revisan,,0.0500000000000113,te,las,s,n,s,n,internal,64.55845956896731,16.51186854784493,132.0066631610088,f061152e-Audio_SP12.csv,f061152e-Audio_SP12,294.12275000000005,2353.872,1176.936,time column: time,audio_duration,H1
1072.261544430228,1792.5427492256958,3203.257257903737,4.076253488102754,2.714785016153612,4.31399989629698,8564.102564102563,0.0007963649326892,294.23575,0.031,0.3297872340425531,0-0-508-1,a,f061152e-Audio_SP12.v0,group_0,1,fave,230.05837181466447,75.02468659877145,6,las,,0.0699999999999931,revisan,tareas,l,s,l,s,internal,58.92429521882181,15.101363173751782,74.73883946420112,f061152e-Audio_SP12.csv,f061152e-Audio_SP12,294.23575,2353.872,1176.936,time column: time,audio_duration,H1
801.2540190986558,1821.5566621094883,2769.563797864733,3.573500734111308,3.17391884102999,4.034601652366389,6769.2307692307695,9.56681577089826e-06,294.43375,0.027,0.3214285714285714,0-0-509-1,a,f061152e-Audio_SP12.v0,group_0,1,fave,199.57115789498,81.00157855939626,6,tareas,,0.0600000000000022,las,[silence],t,R,t,R,internal,35.64114518536821,23.90096515149864,56.52040098539192,f061152e-Audio_SP12.csv,f061152e-Audio_SP12,294.43375,2353.872,1176.936,time column: time,audio_duration,H1
750.6521456812189,1863.6420887608967,2737.0120264498064,3.996518854730813,3.108251487927919,4.245893150166437,7666.666666666666,0.0026470435466275,294.72275,0.045,0.335820895522388,0-0-509-4,a,f061152e-Audio_SP12.v0,group_0,1,fave,168.96897086467544,68.00497138873607,6,tareas,,0.1100000000000136,las,[silence],é,s,é,s,internal,54.40841637826275,22.3818751878431,69.8180903436563,f061152e-Audio_SP12.csv,f061152e-Audio_SP12,294.72275,2353.872,1176.936,time column: time,audio_duration,H1
739.5826826546038,1526.136382014963,2994.0937140238843,3.265729018191793,3.141112903064746,4.188839669402624,7128.205128205128,4.14135318578e-05,296.37575,0.031,0.3297872340425531,0-0-512-4,a,f061152e-Audio_SP12.v0,group_0,1,fave,220.9645939801261,81.1036593398208,6,tardas,,0.0699999999999931,entonces,en,d,s,d,s,internal,26.19920372662869,23.129593535950388,65.94622712420554,f061152e-Audio_SP12.csv,f061152e-Audio_SP12,296.37575,2353.872,1176.936,time column: time,audio_duration,H1
736.4864036987857,1658.718121836686,2771.285368563727,3.661141269505994,2.703381277763333,3.674438437845096,6589.74358974359,7.453075546726744e-06,304.72275,0.025,0.3378378378378378,0-0-539-3,a,f061152e-Audio_SP12.v0,group_0,1,fave,231.20796533885832,69.04549226010238,6,digas,,0.0500000000000113,tú,voy,g,s,g,s,internal,38.90571945491762,14.930129387109302,39.42651020339105,f061152e-Audio_SP12.csv,f061152e-Audio_SP12,304.72275,2353.872,1176.936,time column: time,audio_duration,H1
669.6901471399566,1924.4147571404992,2885.1672880149254,3.599249114818973,2.470227068963992,4.419530768671391,7128.205128205128,0.0016941536376941,304.92575,0.031,0.3297872340425531,0-0-541-0,a,f061152e-Audio_SP12.v0,group_0,1,fave,224.1754481041968,81.33384612264068,6,a,,0.0699999999999931,voy,trabajar,#,#,y,t,coextensive,36.57076368676535,11.82513166721242,83.05730312452057,f061152e-Audio_SP12.csv,f061152e-Audio_SP12,304.92575,2353.872,1176.936,time column: time,audio_duration,H1
654.9848407080063,1354.2659752545412,2768.147829183444,2.7684580187631664,2.720561183693503,3.5728693530170674,6230.769230769231,5.112385920349123e-06,305.19275000000005,0.025,0.3378378378378378,0-0-542-4,a,f061152e-Audio_SP12.v0,group_0,1,fave,218.1875652666846,78.58442936114132,6,trabajar,,0.0500000000000113,a,tanto,b,x,b,x,internal,15.934045058308453,15.188843585054808,35.618649142656444,f061152e-Audio_SP12.csv,f061152e-Audio_SP12,305.19275000000005,2353.872,1176.936,time column: time,audio_duration,H1
682.3858355191735,1874.060116073642,2771.237873928195,2.945066653818402,2.842955936708703,3.686607020823458,6589.74358974359,0.0004194664498,306.62575,0.031,0.3297872340425531,0-0-547-0,a,f061152e-Audio_SP12.v0,group_0,1,fave,219.2219619863555,81.70063068099901,6,a,,0.0699999999999931,voy,producir,#,#,y,p,coextensive,19.01192956193742,17.1664335055557,39.9092058692549,f061152e-Audio_SP12.csv,f061152e-Audio_SP12,306.62575,2353.872,1176.936,time column: time,audio_duration,H1
610.635006303741,1443.900470152673,3016.160013220552,4.224596875554127,2.981062991979036,3.961371916096688,7307.692307692308,0.0011583264422658,307.59775,0.035,0.3365384615384616,0-0-550-0,a,f061152e-Audio_SP12.v0,group_0,1,fave,304957.1119089548,69.65338336163519,6,a,,0.0800000000000409,tanto,la,#,#,o,l,coextensive,68.34694566970379,19.70875576302621,52.52934238791815,f061152e-Audio_SP12.csv,f061152e-Audio_SP12,307.59775,2353.872,1176.936,time column: time,audio_duration,H1
748.3298605796277,1756.2626016361455,2557.184563798005,4.339996121980375,2.119122199670211,3.3317081340637604,6589.74358974359,5.23664904788e-05,308.15374999999995,0.027,0.3214285714285714,0-0-552-5,a,f061152e-Audio_SP12.v0,group_0,1,fave,594.1931539861679,66.10714337212984,6,semana,,0.0600000000000022,la,",",n,#,n,.,final,76.70724186552948,8.323827621224453,27.98610491775833,f061152e-Audio_SP12.csv,f061152e-Audio_SP12,308.15374999999995,2353.872,1176.936,time column: time,audio_duration,H1
565.9405755727314,1834.288307090316,2852.7305001333293,4.304837679331906,2.770691579122641,5.08650689044405,5153.846153846154,0.0025485859107743,314.81575,0.031,0.3297872340425531,0-0-571-0,a,f061152e-Audio_SP12.v0,group_0,1,fave,237.46472760068687,80.20493054409887,6,algunas,,0.0699999999999931,hay,tareas,#,l,y,l,initial,74.05719346404612,15.969674485142164,161.8236060474727,f061152e-Audio_SP12.csv,f061152e-Audio_SP12,314.81575,2353.872,1176.936,time column: time,audio_duration,H1
610.7066294611863,1791.9479642064462,2952.872619274642,4.085305846432782,2.347869409133452,3.862805002127523,6769.2307692307695,0.000751074818677,315.21875,0.037,0.3245614035087719,0-0-572-1,a,f061152e-Audio_SP12.v0,group_0,1,fave,353.75096598093864,78.41306288750319,6,tareas,,0.0900000000000318,algunas,que,t,R,t,R,internal,59.46012063630625,10.46325304793745,47.59867868471042,f061152e-Audio_SP12.csv,f061152e-Audio_SP12,315.21875,2353.872,1176.936,time column: time,audio_duration,H1
601.975796324208,1792.2391219036963,2903.983098946173,3.139245754513531,3.875020245027388,4.153827102229132,6410.25641025641,0.0002171778605652,315.38575,0.031,0.3297872340425531,0-0-572-4,a,f061152e-Audio_SP12.v0,group_0,1,fave,291.44791776804146,79.47842247681213,6,tareas,,0.0699999999999931,algunas,que,é,s,é,s,internal,23.086447441508223,48.18367376101951,63.67723384501091,f061152e-Audio_SP12.csv,f061152e-Audio_SP12,315.38575,2353.872,1176.936,time column: time,audio_duration,H1
671.2526079858479,1712.5677692318166,3189.1855687092548,3.8355144105158754,2.957555329235261,4.187845265397903,6410.25641025641,1.34039138061e-05,317.00275000000005,0.025,0.3378378378378378,0-0-579-2,a,f061152e-Audio_SP12.v0,group_0,1,fave,296.6277475088677,84.4751221189218,6,trabajosas,,0.0500000000000113,muy,y,R,b,R,b,internal,46.3172476200504,19.250852187515648,65.88068252616348,f061152e-Audio_SP12.csv,f061152e-Audio_SP12,317.00275000000005,2353.872,1176.936,time column: time,audio_duration,H1
1110.2428793108616,1485.4943414844804,3022.5623928802943,3.650799591725385,2.882363807462002,4.170412138933366,6589.74358974359,0.0021181707317228,317.10074999999995,0.041,0.3306451612903226,0-0-579-4,a,f061152e-Audio_SP12.v0,group_0,1,fave,266.286748821202,82.15297607269758,6,trabajosas,,0.1000000000000227,muy,y,b,x,b,x,internal,38.50544237625044,17.85643250011177,64.74212936179686,f061152e-Audio_SP12.csv,f061152e-Audio_SP12,317.10074999999995,2353.872,1176.936,time column: time,audio_duration,H1
742.6365137609894,1605.2550676204205,2698.705510527343,3.5266599610539284,3.3557511794066253,4.076685049758495,6410.25641025641,7.72168072766e-05,317.89374999999995,0.027,0.3214285714285714,0-0-582-3,a,f061152e-Audio_SP12.v0,group_0,1,fave,203.8175762887112,79.49479743620503,6,pagan,,0.0600000000000022,te,muy,g,n,g,n,internal,34.010182363293296,28.667130262623765,58.94973017321059,f061152e-Audio_SP12.csv,f061152e-Audio_SP12,317.89374999999995,2353.872,1176.936,time column: time,audio_duration,H1
758.9005924718531,1713.3866248972267,2489.8625256296605,3.923460473953636,3.0713829949105884,3.448147196972178,6948.717948717948,0.0039961793420747,326.26075000000003,0.061,0.3315217391304348,0-0-593-0,a,f061152e-Audio_SP12.v0,group_0,1,fave,243.0226860873932,77.38913023529726,6,acuerdo,,0.1599999999999681,me,que,#,k,e,k,initial,50.57515632250032,21.571715627595317,31.44208232164197,f061152e-Audio_SP12.csv,f061152e-Audio_SP12,326.26075000000003,2353.872,1176.936,time column: time,audio_duration,H1
1033.8857939718898,1766.0503747360735,2778.8618076040234,3.2523349885585024,2.711769481288251,4.628925739193182,6230.769230769231,0.0005000305724168,327.58275000000003,0.045,0.3358208955223881,0-0-596-1,a,f061152e-Audio_SP12.v0,group_0,1,fave,252.48504884011103,82.26885989574927,6,la,,0.1100000000000136,fue,de,l,#,l,d,final,25.850630427252337,15.05589307937099,102.40399640057056,f061152e-Audio_SP12.csv,f061152e-Audio_SP12,327.58275000000003,2353.872,1176.936,time column: time,audio_duration,H1
782.4733723990985,1689.3221419261326,2678.3889296911298,3.5075975546218165,2.6496991203691103,3.724885771567037,6589.74358974359,5.57545946337e-05,329.15875,0.037,0.3245614035087719,0-0-600-2,a,f061152e-Audio_SP12.v0,group_0,1,fave,281.57584975751394,82.64164357328265,6,una,,0.0900000000000318,en,página,n,#,n,p,final,33.36800659776094,14.149780624060648,41.466495821452085,f061152e-Audio_SP12.csv,f061152e-Audio_SP12,329.15875,2353.872,1176.936,time column: time,audio_duration,H1
1242.6736236750244,1565.4719857245975,2564.7333632074374,4.208500077547785,3.466030596659825,4.763820342230357,6589.74358974359,0.0088309607670246,329.33875,0.057,0.3275862068965517,0-0-601-1,a,f061152e-Audio_SP12.v0,group_0,1,fave,220.78742943302308,77.49002706005842,6,página,,0.1499999999999772,una,",",p,x,p,x,internal,67.25558595415636,32.00943159317119,117.19278833013551,f061152e-Audio_SP12.csv,f061152e-Audio_SP12,329.33875,2353.872,1176.936,time column: time,audio_duration,H1
1151.6349605738708,1605.1067867937568,2667.370117249356,4.480069052857919,3.353787513699192,3.1091931166384827,6589.74358974359,0.0041199007348942,330.76075,0.041,0.3306451612903226,0-0-606-2,a,f061152e-Audio_SP12.v0,group_0,1,fave,230.442459459092,75.3688655022808,6,una,,0.0999999999999659,en,página,n,#,n,p,final,88.24076574233672,28.610892835820657,22.40296052983996,f061152e-Audio_SP12.csv,f061152e-Audio_SP12,330.76075,2353.872,1176.936,time column: time,audio_duration,H1
1037.8018247242835,1682.4417368256434,2522.7524422076967,3.714424220028949,3.3809498972714915,3.813100659880602,5871.794871794871,0.0075968576913846,330.94075000000004,0.061,0.3315217391304348,0-0-607-1,a,f061152e-Audio_SP12.v0,group_0,1,fave,209.7734647946465,70.70361842470989,6,página,,0.1599999999999681,una,[silence],p,x,p,x,internal,41.034953176928106,29.398683583522413,45.2906522854294,f061152e-Audio_SP12.csv,f061152e-Audio_SP12,330.94075000000004,2353.872,1176.936,time column: time,audio_duration,H1
782.9834099184417,1828.818032233724,2599.7595034825986,3.448841613923616,2.9594121752682505,3.681021127670868,6230.769230769231,0.0007914526193697,331.20375,0.047,0.3263888888888889,0-0-607-5,a,f061152e-Audio_SP12.v0,group_0,1,fave,164.91672275469853,62.51935167864504,6,página,,0.1200000000000045,una,[silence],n,#,n,.,final,31.463923819270036,19.286631263869545,39.68689877932914,f061152e-Audio_SP12.csv,f061152e-Audio_SP12,331.20375,2353.872,1176.936,time column: time,audio_duration,H1
699.4353966714835,1817.560026264017,2442.912957666532,2.8396209233986767,2.5720457489815067,4.562838224149555,7846.153846153846,0.0003413097831061,333.63775000000004,0.035,0.3365384615384615,0-0-613-2,a,f061152e-Audio_SP12.v0,group_0,1,fave,305.4712697881087,75.81340927912262,6,era,,0.079999999999984,que,como,R,#,R,k,final,17.109278580521426,13.092581197449224,95.85515252244468,f061152e-Audio_SP12.csv,f061152e-Audio_SP12,333.63775000000004,2353.872,1176.936,time column: time,audio_duration,H1
758.91553631105,1798.9561997578603,2829.262463840312,3.2672449818270874,2.939120237296222,3.8146332168556345,6589.74358974359,0.0009746825586834,334.24075,0.041,0.3306451612903226,0-0-615-2,a,f061152e-Audio_SP12.v0,group_0,1,fave,263.5415357586476,75.32356212503669,6,una,,0.0999999999999659,como,página,n,#,n,p,final,26.23895088676456,18.899212174279103,45.36011600545155,f061152e-Audio_SP12.csv,f061152e-Audio_SP12,334.24075,2353.872,1176.936,time column: time,audio_duration,H1
852.3542675206946,1619.5310556226814,2936.178636861961,3.42938532238987,2.36789952183999,3.886098455707714,6589.74358974359,3.02562856236e-05,334.44275000000005,0.025,0.3378378378378378,0-0-616-1,a,f061152e-Audio_SP12.v0,group_0,1,fave,280.4987662962813,80.25907641392017,6,página,,0.0500000000000113,una,de,p,x,p,x,internal,30.857669400546666,10.674946227228029,48.72043031185216,f061152e-Audio_SP12.csv,f061152e-Audio_SP12,334.44275000000005,2353.872,1176.936,time column: time,audio_duration,H1
834.6684781615143,1925.817536996592,2935.8536125532128,3.764879786391915,2.951058881386215,4.071639483071707,7487.179487179487,0.0002095314386307,334.73575,0.031,0.3297872340425531,0-0-616-5,a,f061152e-Audio_SP12.v0,group_0,1,fave,275.3150428235379,79.01523834137079,6,página,,0.0699999999999931,una,de,n,#,n,d,final,43.15851730691386,19.12619538186419,58.65304448158662,f061152e-Audio_SP12.csv,f061152e-Audio_SP12,334.73575,2353.872,1176.936,time column: time,audio_duration,H1
827.0422688922874,1785.3772874070437,3118.48680323134,3.506862379771591,2.521102424427192,4.794200908308007,7128.205128205128,0.0004335057517042,336.67775000000006,0.035,0.3365384615384615,0-0-622-1,a,f061152e-Audio_SP12.v0,group_0,1,fave,247.68532489462103,80.83569061363217,6,salud,,0.079999999999984,de,[silence],s,l,s,l,internal,33.343484293703206,12.44230580739426,120.80780668736318,f061152e-Audio_SP12.csv,f061152e-Audio_SP12,336.67775000000006,2353.872,1176.936,time column: time,audio_duration,H1
585.0893290222217,1635.7807889016658,1836.2408112229152,2.0010548830197976,3.626515352463042,2.9888993949307268,4974.358974358975,0.0037924983336822,337.75275,0.065,0.3350515463917525,0-0-625-4,a,f061152e-Audio_SP12.v0,group_0,1,fave,290.43748907746294,76.1453914329896,6,ventas,,0.169999999999959,de,de,t,s,t,s,internal,7.396854801377953,37.58162944691775,19.86380824826816,f061152e-Audio_SP12.csv,f061152e-Audio_SP12,337.75275,2353.872,1176.936,time column: time,audio_duration,H1
761.320444937808,1774.518893977944,2670.200102234634,4.013718654930615,2.746406383858475,4.2376681794042375,7307.692307692308,0.0006830832682784,338.91775,0.035,0.3365384615384616,0-0-628-5,a,f061152e-Audio_SP12.v0,group_0,1,fave,194.545364783206,79.35194623505369,6,medicamentos,,0.0800000000000409,de,",",k,m,k,m,internal,55.35232451500948,15.586519153946789,69.24619373243064,f061152e-Audio_SP12.csv,f061152e-Audio_SP12,338.91775,2353.872,1176.936,time column: time,audio_duration,H1
1080.541763143048,1838.1100068063167,3117.142193801896,4.598825415159645,3.262535772917799,3.999812377332496,8025.641025641025,0.0067906902082774,348.81275000000005,0.045,0.3358208955223881,0-0-636-1,a,f061152e-Audio_SP12.v0,group_0,1,fave,271.50284034896094,73.74172607108679,6,la,,0.1099999999999568,De,última,l,#,l,u,final,99.3675314728118,26.115676675302996,54.58790714352341,f061152e-Audio_SP12.csv,f061152e-Audio_SP12,348.81275000000005,2353.872,1176.936,time column: time,audio_duration,H1
680.1616987979819,1339.8300467204344,2434.065076880197,3.3296858671272034,2.8517474890756755,4.123482753970459,6410.25641025641,0.0009622131831063,349.22074999999995,0.041,0.3306451612903226,0-0-637-5,a,f061152e-Audio_SP12.v0,group_0,1,fave,268.8643268952484,75.57259042287016,6,última,,0.1000000000000227,la,bueno,m,#,m,b,final,27.929566730022025,17.318018461864884,61.77401173737219,f061152e-Audio_SP12.csv,f061152e-Audio_SP12,349.22074999999995,2353.872,1176.936,time column: time,audio_duration,H1
599.9353885864377,1756.0821347262,2946.8850913475235,2.8486586001612286,2.148947555530237,3.874247205382084,6948.717948717948,2.37007966933e-05,349.71374999999995,0.027,0.3214285714285714,0-0-639-5,a,f061152e-Audio_SP12.v0,group_0,1,fave,584.8077374326577,83.27382834516597,6,ahorita,,0.0600000000000022,bueno,la,t,#,t,l,final,17.264607559257488,8.575828063230128,48.1464402642846,f061152e-Audio_SP12.csv,f061152e-Audio_SP12,349.71374999999995,2353.872,1176.936,time column: time,audio_duration,H1
668.4673733828679,1724.952430061208,3134.401532820845,2.937819564488684,2.939237652056849,3.8030881410701824,6589.74358974359,0.0005521982229655,349.81275000000005,0.045,0.3358208955223881,0-0-640-1,a,f061152e-Audio_SP12.v0,group_0,1,fave,302.97784852608675,78.8728307462188,6,la,,0.1099999999999568,ahorita,última,l,#,l,u,final,18.87464646236012,18.90143135103208,44.839441425600576,f061152e-Audio_SP12.csv,f061152e-Audio_SP12,349.81275000000005,2353.872,1176.936,time column: time,audio_duration,H1
752.3142073234712,1725.4573836322484,2649.493788909734,3.2416636075983587,3.3511010949403737,4.548945751792499,5512.820512820513,0.0032629762087744,350.31375,0.067,0.3284313725490196,0-0-642-3,a,f061152e-Audio_SP12.v0,group_0,1,fave,267.0254392999297,75.34606807521781,6,esta,,0.1800000000000068,última,que,t,#,t,k,final,25.57623519390617,28.53413514441337,94.53269483869884,f061152e-Audio_SP12.csv,f061152e-Audio_SP12,350.31375,2353.872,1176.936,time column: time,audio_duration,H1
628.2348992131875,1593.1205337378517,2641.320443230983,2.8291053965471904,3.099212633583321,3.5292926028605547,5692.307692307692,0.0004716918062434,355.74775000000005,0.035,0.3365384615384615,0-0-658-0,a,f061152e-Audio_SP12.v0,group_0,1,fave,200.2242672506756,79.54081847914209,6,acuerdo,,0.079999999999984,de,a,#,k,e,k,initial,16.930308135612428,22.180480239042165,34.09983695366375,f061152e-Audio_SP12.csv,f061152e-Audio_SP12,355.74775000000005,2353.872,1176.936,time column: time,audio_duration,H1
782.064265328745,1653.3501582860051,2591.3667779205352,4.752577615933355,2.496974887029366,4.4625275772941535,7307.692307692308,0.0011930792012695,357.88275000000004,0.025,0.3378378378378378,0-0-666-10,a,f061152e-Audio_SP12.v0,group_0,1,fave,240.65826259026744,72.87757262145608,6,proporcionan,,0.0500000000000113,te,una,n,n,n,n,internal,115.88260072775591,12.14569622692144,86.70638946254195,f061152e-Audio_SP12.csv,f061152e-Audio_SP12,357.88275000000004,2353.872,1176.936,time column: time,audio_duration,H1
696.8494249537627,1611.8988032935663,2777.06674440231,4.085249368522669,2.91140885214655,3.2396953783516387,6410.25641025641,0.0012152349720342,359.24875000000003,0.037,0.3245614035087719,0-0-673-0,a,f061152e-Audio_SP12.v0,group_0,1,fave,228.58765346816395,75.76039079851172,6,a,,0.0899999999999749,acuerdo,ellos,#,#,o,é,coextensive,59.45676254778749,18.382678808519017,25.5259448075163,f061152e-Audio_SP12.csv,f061152e-Audio_SP12,359.24875000000003,2353.872,1176.936,time column: time,audio_duration,H1
920.957953060325,1842.4900567422007,3445.9121915539904,4.010089824289489,2.9650896885872693,4.776016136139433,7128.205128205128,0.0087107145533906,373.78275,0.065,0.3350515463917525,0-0-686-2,a,f061152e-Audio_SP12.v0,group_0,1,fave,388.7762919078216,79.52893056126504,6,unas,,0.1700000000000159,hay,[silence],n,s,n,s,internal,55.15182431440997,19.396442803013827,118.6307984379185,f061152e-Audio_SP12.csv,f061152e-Audio_SP12,373.78275,2353.872,1176.936,time column: time,audio_duration,H1
1109.36950845072,1562.4506470426963,2586.372814127115,4.503269921027889,3.1256469350921314,4.111473977752741,6589.74358974359,0.0026308078292027,377.57875,0.037,0.3245614035087719,0-0-692-2,a,f061152e-Audio_SP12.v0,group_0,1,fave,226.6422176355736,82.47759362326373,6,imagino,,0.0899999999999749,Me,",",m,x,m,x,internal,90.3119619848553,22.7746240321759,61.0366179147002,f061152e-Audio_SP12.csv,f061152e-Audio_SP12,377.57875,2353.872,1176.936,time column: time,audio_duration,H1
672.6453696811252,1616.0933525873745,2852.0769400319778,3.855177089682973,2.4471675592884914,4.19070433255516,6769.2307692307695,0.0001097128259962,379.53375,0.027,0.3214285714285714,0-0-697-2,a,f061152e-Audio_SP12.v0,group_0,1,fave,307.2947911876891,84.13474269762463,6,esa,,0.0600000000000022,menos,que,s,#,s,k,final,47.23698138268238,11.555569855371866,66.06930934174794,f061152e-Audio_SP12.csv,f061152e-Audio_SP12,379.53375,2353.872,1176.936,time column: time,audio_duration,H1
706.7726530451296,1664.16301726723,3027.8711346941973,3.1330773026793857,2.642026416000186,4.29701538675145,6769.2307692307695,0.0001300531904508,380.53375,0.027,0.3214285714285714,0-0-704-2,a,f061152e-Audio_SP12.v0,group_0,1,fave,274.6426658965626,79.63718538886452,6,transcripción,,0.0600000000000022,de,porque,R,n,R,n,internal,22.94447811806892,14.04162897882451,73.48015624837059,f061152e-Audio_SP12.csv,f061152e-Audio_SP12,380.53375,2353.872,1176.936,time column: time,audio_duration,H1
777.0549417588861,1476.8091522986908,2530.4708029104027,4.199183010992541,3.010660051731617,4.165112185818451,6230.769230769231,2.893046807e-05,381.7527500000001,0.025,0.3378378378378378,0-0-707-2,a,f061152e-Audio_SP12.v0,group_0,1,fave,281.4722594599883,82.09436261572878,6,imágenes,,0.0500000000000113,son,como,m,x,m,x,internal,66.63187129105461,20.300795078952472,64.39990679447186,f061152e-Audio_SP12.csv,f061152e-Audio_SP12,381.7527500000001,2353.872,1176.936,time column: time,audio_duration,H1
662.7304349284633,1729.5615419931269,2613.629372587685,3.0569691030219337,3.084302604057072,3.766898965803756,6589.74358974359,0.0001922881001466,382.48775000000006,0.035,0.3365384615384615,0-0-709-3,a,f061152e-Audio_SP12.v0,group_0,1,fave,215.38683370721745,80.99900173660879,6,escaneadas,,0.079999999999984,como,[silence],k,n,k,n,internal,21.26301339563828,21.852221875924133,43.24575013623409,f061152e-Audio_SP12.csv,f061152e-Audio_SP12,382.48775000000006,2353.872,1176.936,time column: time,audio_duration,H1
813.8824191494045,1670.3150844411216,2846.0539805391745,3.2338129607092028,3.064875936502343,4.023722152868769,6948.717948717948,9.46133224209e-05,382.90575,0.031,0.3297872340425531,0-0-709-8,a,f061152e-Audio_SP12.v0,group_0,1,fave,158.92698617202984,67.66775959151819,6,escaneadas,,0.0699999999999931,como,[silence],d,s,d,s,internal,25.3762313098099,21.43180291780724,55.908820190135664,f061152e-Audio_SP12.csv,f061152e-Audio_SP12,382.90575,2353.872,1176.936,time column: time,audio_duration,H1
1330.0635828784286,1738.3374542227928,2885.6806566921723,3.895085537947744,2.96496494449909,4.278876725100909,6769.2307692307695,0.0001830564145428,385.82575,0.031,0.3297872340425531,0-0-716-2,a,f061152e-Audio_SP12.v0,group_0,1,fave,247.33470911097896,78.19753675211327,6,imagino,,0.0699999999999931,me,que,m,x,m,x,internal,49.1602582504439,19.39402336235104,72.15933969186754,f061152e-Audio_SP12.csv,f061152e-Audio_SP12,385.82575,2353.872,1176.936,time column: time,audio_duration,H1
898.7414890792841,1909.0899816088304,3258.351883123004,4.279682181437416,2.826901507911013,4.368676221061311,7666.666666666666,0.003219773370395,387.20875,0.037,0.3245614035087719,0-0-723-5,a,f061152e-Audio_SP12.v0,group_0,1,fave,237.99447722972104,78.3900587200068,6,digitalizar,,0.0899999999999749,es,la,t,l,t,l,internal,72.2174843025896,16.89303670802922,78.9390646317943,f061152e-Audio_SP12.csv,f061152e-Audio_SP12,387.20875,2353.872,1176.936,time column: time,audio_duration,H1
1444.5615155759572,1778.249952747274,3116.7532321579592,3.4563468310615315,2.6407596327256906,3.4523190359609592,7307.692307692308,0.0001081206521669,387.66775,0.035,0.3365384615384616,0-0-724-1,a,f061152e-Audio_SP12.v0,group_0,1,fave,255.15633271204567,84.46682424727345,6,la,,0.0800000000000409,digitalizar,data,l,#,l,d,final,31.70095577506032,14.023852539912427,31.573527620228543,f061152e-Audio_SP12.csv,f061152e-Audio_SP12,387.66775,2353.872,1176.936,time column: time,audio_duration,H1
761.498062319642,1634.7388189985304,2781.313298707181,3.2556538828167896,2.770465050787663,4.170153576358156,6769.2307692307695,0.0001038511132162,392.49775000000005,0.035,0.3365384615384616,0-0-738-2,a,f061152e-Audio_SP12.v0,group_0,1,fave,225.3627397415028,82.80486864547086,6,trabajo,,0.079999999999984,el,que,R,b,R,b,internal,25.936568466899256,15.96605731108258,64.72539163407272,f061152e-Audio_SP12.csv,f061152e-Audio_SP12,392.49775000000005,2353.872,1176.936,time column: time,audio_duration,H1
676.9561045167833,1792.4963973746592,2889.814622278282,3.366332769956537,2.509209990291669,4.266466589269953,7128.205128205128,0.0001514487713372,393.64075,0.041,0.3306451612903226,0-0-743-2,a,f061152e-Audio_SP12.v0,group_0,1,fave,297.45490188879864,80.44590236875476,6,transcribírselos,,0.1000000000000227,es,pues,R,n,R,n,internal,28.97208470334263,12.2952128851391,71.26936625260024,f061152e-Audio_SP12.csv,f061152e-Audio_SP12,393.64075,2353.872,1176.936,time column: time,audio_duration,H1
1025.640867073466,1723.20255344616,3377.332899275992,3.6815841714974407,2.519201525120495,4.202315166748245,6769.2307692307695,0.0081110870061201,398.68375,0.067,0.3284313725490196,0-0-751-5,a,f061152e-Audio_SP12.v0,group_0,1,fave,297.8131681866523,77.69605756016554,6,Remotasks,,0.1800000000000068,[silence],Remotasks,t,s,t,s,internal,39.70925053460108,12.418676702301168,66.84089987438462,f061152e-Audio_SP12.csv,f061152e-Audio_SP12,398.68375,2353.872,1176.936,time column: time,audio_duration,H1
670.5084794459427,1733.318667688786,3126.8009358626764,3.1329098854106765,2.235942056840597,4.144590615726787,6769.2307692307695,0.0002488047379447,399.24875,0.037,0.3245614035087719,0-0-752-5,a,f061152e-Audio_SP12.v0,group_0,1,fave,219.8090387920064,80.27798506364047,6,Remotasks,,0.0899999999999749,Remotasks,es,t,s,t,s,internal,22.940637137742623,9.355290918029894,63.09178782836833,f061152e-Audio_SP12.csv,f061152e-Audio_SP12,399.24875,2353.872,1176.936,time column: time,audio_duration,H1
833.423572132223,1676.3709340308685,2716.7036622127525,3.21373298861734,3.1700950705974167,3.9767918362306753,6589.74358974359,0.0002050363259628,399.72775,0.035,0.3365384615384615,0-0-754-2,a,f061152e-Audio_SP12.v0,group_0,1,fave,269.31670506030576,75.54981420897983,6,una,,0.0800000000000409,es,plataforma,n,#,n,p,final,24.87175913725826,23.80974785578384,53.34561793004081,f061152e-Audio_SP12.csv,f061152e-Audio_SP12,399.72775,2353.872,1176.936,time column: time,audio_duration,H1
848.0453827497197,1535.3545960704048,2632.918771289332,4.362362289150608,3.183979858756504,4.110063307770772,5871.794871794871,0.000733621103429,399.88275,0.025,0.3378378378378378,0-0-755-2,a,f061152e-Audio_SP12.v0,group_0,1,fave,252.12815452911988,76.01127988746933,6,plataforma,,0.0500000000000113,una,o,l,t,l,t,internal,78.44221892817816,24.142646929229137,60.95057609258336,f061152e-Audio_SP12.csv,f061152e-Audio_SP12,399.88275,2353.872,1176.936,time column: time,audio_duration,H1
963.5593897977832,1666.835046752577,3057.7697576310898,4.203518129177073,2.5068738174279743,3.520854628929528,7128.205128205128,0.0030626262375746,399.98775000000006,0.035,0.3365384615384615,0-0-755-4,a,f061152e-Audio_SP12.v0,group_0,1,fave,236.25625124073812,72.64940134948773,6,plataforma,,0.079999999999984,una,o,t,f,t,f,internal,66.92135534839642,12.266522668145244,33.813313955212465,f061152e-Audio_SP12.csv,f061152e-Audio_SP12,399.98775000000006,2353.872,1176.936,time column: time,audio_duration,H1
787.795641274269,1561.7825115594908,2205.999622350595,3.810867969146648,3.6973200218436872,4.444990599658408,6230.769230769231,0.000648661553398,400.44775,0.035,0.3365384615384615,0-0-757-2,a,f061152e-Audio_SP12.v0,group_0,1,fave,211.0096922554004,77.27256370026899,6,sea,,0.079999999999984,o,más,é,#,é,m,final,45.18964506663699,40.33905159022178,85.1990769331317,f061152e-Audio_SP12.csv,f061152e-Audio_SP12,400.44775,2353.872,1176.936,time column: time,audio_duration,H1
1324.460947029036,1663.1975831528737,3765.7594095490167,3.7812729426629033,3.715758698495809,4.035006257293851,7846.153846153846,0.0008080234289901,400.67775000000006,0.035,0.3365384615384615,0-0-759-0,a,f061152e-Audio_SP12.v0,group_0,1,fave,256.99853630934484,77.5069209435307,6,avanzada,,0.079999999999984,más,porque,#,b,s,b,initial,43.8718525588715,41.089749992784725,56.54327404509705,f061152e-Audio_SP12.csv,f061152e-Audio_SP12,400.67775000000006,2353.872,1176.936,time column: time,audio_duration,H1
1109.5867975991916,1534.5787279723768,2961.470160035916,4.275960317048948,3.694613053747799,4.552099778892024,7846.153846153846,0.001653990585052,400.78875,0.037,0.324561403508772,0-0-759-2,a,f061152e-Audio_SP12.v0,group_0,1,fave,248.51631326466847,78.51132802963679,6,avanzada,,0.0900000000000318,más,porque,b,n,b,n,internal,71.94920018778086,40.230002727034986,94.8313242150231,f061152e-Audio_SP12.csv,f061152e-Audio_SP12,400.78875,2353.872,1176.936,time column: time,audio_duration,H1
823.1614879424834,1659.025445610573,2279.5217596117377,3.237533196890601,3.062724993592932,4.585093106643271,6769.2307692307695,0.0005039750838525,402.36875,0.037,0.3245614035087719,0-0-765-0,a,f061152e-Audio_SP12.v0,group_0,1,fave,264.47742097782475,78.21453263548166,6,avanzado,,0.0899999999999749,más,[silence],#,b,s,b,initial,25.47081270715935,21.385753875469867,98.01231231469386,f061152e-Audio_SP12.csv,f061152e-Audio_SP12,402.36875,2353.872,1176.936,time column: time,audio_duration,H1
809.2797179169346,1429.5794883304225,2528.160133780602,3.54629655323662,3.0454965799527263,4.427476698692592,6589.74358974359,0.000264566641916,402.48375,0.027,0.3214285714285714,0-0-765-2,a,f061152e-Audio_SP12.v0,group_0,1,fave,261.5127996131639,77.45417401452225,6,avanzado,,0.0599999999999454,más,[silence],b,n,b,n,internal,34.68462666652085,21.020466954058985,83.71989962939065,f061152e-Audio_SP12.csv,f061152e-Audio_SP12,402.48375,2353.872,1176.936,time column: time,audio_duration,H1
852.7717807159852,1846.786416272413,2720.4351964911866,3.734855443105365,2.928390005949307,3.767901902702677,7307.692307692308,0.0001253797710896,406.97575,0.031,0.3297872340425531,0-0-776-1,a,f061152e-Audio_SP12.v0,group_0,1,fave,204.281325191466,80.47707095532547,6,la,,0.0699999999999931,como,cuestión,l,#,l,k,final,41.8819707978445,18.697503381735263,43.289144652110366,f061152e-Audio_SP12.csv,f061152e-Audio_SP12,406.97575,2353.872,1176.936,time column: time,audio_duration,H1
1270.8195180657578,1672.222265401619,3392.707904454912,4.163429207482094,3.08714367867666,4.676940612058984,6769.2307692307695,0.0001353043714657,419.43575,0.031,0.3297872340425531,0-0-812-0,a,f061152e-Audio_SP12.v0,group_0,1,fave,227.07912517802785,77.2795163047894,6,avanzados,,0.0699999999999931,más,",",#,b,s,b,initial,64.29161429899611,21.91439394480135,107.44086595312928,f061152e-Audio_SP12.csv,f061152e-Audio_SP12,419.43575,2353.872,1176.936,time column: time,audio_duration,H1
817.6058840266223,1296.7163082410334,2471.6230251495167,3.4409348258625374,3.2223258151399707,4.001561186338613,6589.74358974359,0.0002608186791744,419.54275,0.045,0.3358208955223881,0-0-812-2,a,f061152e-Audio_SP12.v0,group_0,1,fave,201.46383786000524,80.46611691739423,6,avanzados,,0.1100000000000136,más,",",b,n,b,n,internal,31.216126174758305,25.086398708449853,54.68345448983965,f061152e-Audio_SP12.csv,f061152e-Audio_SP12,419.54275,2353.872,1176.936,time column: time,audio_duration,H1
804.2985816353204,1656.4068932177468,3005.959064262504,3.744899856972678,3.035609542524136,4.0973993805987305,6769.2307692307695,0.0004009143906798,421.27775,0.035,0.3365384615384616,0-0-819-2,a,f061152e-Audio_SP12.v0,group_0,1,fave,259.7086409254934,76.50351595561628,6,trabajo,,0.079999999999984,menos,más,R,b,R,b,internal,42.30477047891544,20.81366084505368,60.183569345348126,f061152e-Audio_SP12.csv,f061152e-Audio_SP12,421.27775,2353.872,1176.936,time column: time,audio_duration,H1
853.6423742478843,1616.4846486205142,2987.47671639031,3.811035414262104,3.4432106965344413,4.766138637245269,6769.2307692307695,0.0022157871501117,421.80075,0.041,0.3306451612903226,0-0-821-0,a,f061152e-Audio_SP12.v0,group_0,1,fave,267.2258848444804,76.55957844757287,6,ahorita,,0.1000000000000227,más,es,#,o,s,o,initial,45.197212485518605,31.287250945500038,117.46479095644824,f061152e-Audio_SP12.csv,f061152e-Audio_SP12,421.80075,2353.872,1176.936,time column: time,audio_duration,H1
880.5274479355683,1242.5386115328506,1679.2801941770238,3.15160650115235,3.700631584011184,3.008247245675604,5512.820512820513,0.0002180833760076,424.06575,0.031,0.3297872340425531,0-0-829-6,a,f061152e-Audio_SP12.v0,group_0,1,fave,230.2065925246156,77.63844791424867,6,trabaja,,0.0699999999999931,sí,más,x,#,x,m,final,23.373584125109435,40.472858299677085,20.251872242036928,f061152e-Audio_SP12.csv,f061152e-Audio_SP12,424.06575,2353.872,1176.936,time column: time,audio_duration,H1
826.8485649598896,1566.541301562373,2759.1974219382,3.2237768099652,2.4556615737927774,3.623455193516338,6589.74358974359,0.0005335864791076,424.73775000000006,0.035,0.3365384615384615,0-0-832-5,a,f061152e-Audio_SP12.v0,group_0,1,fave,393.2047318768431,66.36822872372083,6,Remotasks,,0.079999999999984,en,[silence],t,s,t,s,internal,25.12282536421295,11.654141073361714,37.46679947592669,f061152e-Audio_SP12.csv,f061152e-Audio_SP12,424.73775000000006,2353.872,1176.936,time column: time,audio_duration,H1
1274.7820744206988,1559.0117922020595,2675.6316005706885,4.080818242587475,3.24514058835928,4.366440514751604,7666.666666666666,0.0043466965498001,456.36775000000006,0.035,0.3365384615384616,0-0-861-1,a,f061152e-Audio_SP12.v0,group_0,1,fave,249.7209389433724,73.98931951093897,6,pasaporte,,0.079999999999984,un,te,p,s,p,s,internal,59.19388499713611,25.6653180515568,78.76277720380146,f061152e-Audio_SP12.csv,f061152e-Audio_SP12,456.36775000000006,2353.872,1176.936,time column: time,audio_duration,H1
826.1577791687064,1612.7669312099924,2739.698576135072,4.02634736879258,3.4295808922617272,4.376446315705475,6589.74358974359,0.0091368724956384,456.52375,0.067,0.3284313725490196,0-0-861-3,a,f061152e-Audio_SP12.v0,group_0,1,fave,199.2134769409866,67.54224849604577,6,pasaporte,,0.1800000000000068,un,te,s,p,s,p,internal,56.055785738925486,30.86370482115113,79.5548177672023,f061152e-Audio_SP12.csv,f061152e-Audio_SP12,456.52375,2353.872,1176.936,time column: time,audio_duration,H1
551.6291587263663,1598.9654580396164,1878.975632889844,2.964802235199288,3.3644119070666467,2.742686477706833,6051.282051282051,0.0001613826578782,460.96775,0.035,0.3365384615384615,0-0-868-2,a,f061152e-Audio_SP12.v0,group_0,1,fave,274.5972479398913,81.11883870052893,6,esas,,0.079999999999984,[silence],sí,s,s,s,s,internal,19.39086803109724,28.916486716143456,15.528646472670276,f061152e-Audio_SP12.csv,f061152e-Audio_SP12,460.96775,2353.872,1176.936,time column: time,audio_duration,H1
696.061840105766,1734.211846005125,3137.611675488789,2.9851867931583675,3.13258491009352,4.090456062348203,7487.179487179487,0.0052128373103503,461.57775,0.055,0.3353658536585366,0-0-870-4,a,f061152e-Audio_SP12.v0,group_0,1,fave,315.5256606934322,84.3468500192776,6,nunca,,0.1399999999999863,sí,las,k,#,k,l,final,19.7901985648298,22.933183208150183,59.76714303311737,f061152e-Audio_SP12.csv,f061152e-Audio_SP12,461.57775,2353.872,1176.936,time column: time,audio_duration,H1
1174.0033357207235,1604.7071614155266,2854.3407663477487,3.936535305784402,2.662035842809147,3.848539813179008,6948.717948717948,0.0041340885688257,462.80375,0.047,0.3263888888888889,0-0-874-0,a,f061152e-Audio_SP12.v0,group_0,1,fave,217.53732410324608,78.4736491410289,6,a,,0.1200000000000045,",",pesar,#,#,.,p,coextensive,51.24075983108436,14.32542374275169,46.92449465362059,f061152e-Audio_SP12.csv,f061152e-Audio_SP12,462.80375,2353.872,1176.936,time column: time,audio_duration,H1
812.871933597834,1617.2778058965798,2404.698300110385,3.234059484137712,3.4584859036543025,3.3798302017582067,5692.307692307692,0.0005841462840169,466.25875,0.037,0.3245614035087719,0-0-885-0,a,f061152e-Audio_SP12.v0,group_0,1,fave,276.80008230577306,80.20861537577157,6,a,,0.0899999999999749,relación,unas,#,#,n,ú,coextensive,25.382487916523417,31.76883899841064,29.36578443137118,f061152e-Audio_SP12.csv,f061152e-Audio_SP12,466.25875,2353.872,1176.936,time column: time,audio_duration,H1
1238.6962546000898,1632.0466797814397,2474.47254345967,3.860069946606013,2.598618773815162,3.830021075761475,6589.74358974359,0.0003107948895253,466.92375,0.027,0.3214285714285714,0-0-889-3,a,f061152e-Audio_SP12.v0,group_0,1,fave,255.2719176078465,80.64365103829708,6,pagan,,0.0600000000000022,te,cero,g,n,g,n,internal,47.46867152520047,13.445154404534916,46.06350904751352,f061152e-Audio_SP12.csv,f061152e-Audio_SP12,466.92375,2353.872,1176.936,time column: time,audio_duration,H1
1071.0171028326106,1650.9784196656683,2746.069463549529,3.849993078283952,3.516045932838797,4.414214672676193,6769.2307692307695,0.0183970788543346,472.93375,0.047,0.3263888888888889,0-0-909-3,a,f061152e-Audio_SP12.v0,group_0,1,fave,183.7966787730521,62.906399621913046,6,pasaporte,,0.1199999999999477,tu,te,s,p,s,p,internal,46.99273796006509,33.65110632075824,82.61693408714711,f061152e-Audio_SP12.csv,f061152e-Audio_SP12,472.93375,2353.872,1176.936,time column: time,audio_duration,H1
688.0732394665231,1735.005257896377,2834.4870555144225,3.7189718479673415,2.693101870123296,3.7989575801859545,7307.692307692308,3.48319989595e-05,474.00375,0.027,0.3214285714285714,0-0-912-3,a,f061152e-Audio_SP12.v0,group_0,1,fave,195.77465244327496,79.79440075744868,6,hasta,,0.0600000000000022,pagan,cinco,t,#,t,z,final,41.22198984068419,14.77744261031453,44.65461137146355,f061152e-Audio_SP12.csv,f061152e-Audio_SP12,474.00375,2353.872,1176.936,time column: time,audio_duration,H1
386.9243571381429,1829.018155477236,3085.90133345962,3.359536380136132,1.6434144096879115,4.224737750146171,6410.25641025641,3.78660025014e-05,478.89375,0.027,0.3214285714285714,0-0-926-2,a,f061152e-Audio_SP12.v0,group_0,1,fave,363.7668869380245,80.09633915555855,6,esas,,0.0600000000000022,particularmente,no,s,s,s,s,internal,28.77584673203125,5.172801457172171,68.35657469601912,f061152e-Audio_SP12.csv,f061152e-Audio_SP12,478.89375,2353.872,1176.936,time column: time,audio_duration,H1
798.1530618389341,1718.0202727923809,2910.460106017819,4.005326948865957,2.9600762486574,4.771328597093199,8923.076923076922,0.0064708391057126,488.58075,0.061,0.3315217391304348,0-0-938-1,a,f061152e-Audio_SP12.v0,group_0,1,fave,258.2842463265896,78.03915116654552,6,rápidas,,0.1599999999999681,muy,que,r,p,r,p,internal,54.8897676129272,19.29944325603892,118.07601324264598,f061152e-Audio_SP12.csv,f061152e-Audio_SP12,488.58075,2353.872,1176.936,time column: time,audio_duration,H1
640.6347054323368,1884.7949775724967,2949.179019149429,2.960802751884524,2.8976020577519392,3.3665547559710145,6769.2307692307695,0.0001166302037642,488.86775000000006,0.035,0.3365384615384616,0-0-938-5,a,f061152e-Audio_SP12.v0,group_0,1,fave,211.562396730553,78.72325925418009,6,rápidas,,0.079999999999984,muy,que,d,s,d,s,internal,19.313469458269797,18.130617028520906,28.97851681485001,f061152e-Audio_SP12.csv,f061152e-Audio_SP12,488.86775000000006,2353.872,1176.936,time column: time,audio_duration,H1
889.7519315669953,1449.563423886591,2923.107870862838,3.542916488977814,3.3631096669796863,3.572167827497473,6589.74358974359,0.0001030887352514,492.57775,0.035,0.3365384615384615,0-0-954-3,a,f061152e-Audio_SP12.v0,group_0,1,fave,271.53939456579405,79.14191525898586,6,llevan,,0.079999999999984,sí,por,b,n,b,n,internal,34.56758830960751,28.87885501603992,35.59367051390656,f061152e-Audio_SP12.csv,f061152e-Audio_SP12,492.57775,2353.872,1176.936,time column: time,audio_duration,H1
758.4428833809161,1837.869143311451,2987.3346667221795,3.365392942016464,2.6241562718800915,3.699961023603055,6948.717948717948,0.0056218489556295,508.26575,0.071,0.3317757009345795,0-0-989-1,a,f061152e-Audio_SP12.v0,group_0,1,fave,239.31999337279663,77.17502862873599,6,tareas,,0.1899999999999977,pocas,que,t,R,t,R,internal,28.944868719830392,13.792931790841727,40.445727900599856,f061152e-Audio_SP12.csv,f061152e-Audio_SP12,508.26575,2353.872,1176.936,time column: time,audio_duration,H1
859.3586314201275,1524.3925452036276,2788.3896951692327,3.939576403721453,3.349872600662298,3.870821001107629,6410.25641025641,0.0018367636240974,508.99875,0.037,0.3245614035087719,0-0-992-4,a,f061152e-Audio_SP12.v0,group_0,1,fave,223.1946389907549,76.72413072120943,6,puedan,,0.0899999999999749,te,pagar,d,n,d,n,internal,51.39682518483431,28.49910264567665,47.981762994927216,f061152e-Audio_SP12.csv,f061152e-Audio_SP12,508.99875,2353.872,1176.936,time column: time,audio_duration,H1
754.4995811980712,1556.9913470932215,2763.094069925932,3.707840344059896,2.1944260679629872,3.954650400063199,6589.74358974359,8.090816160856548e-06,509.18275000000006,0.025,0.3378378378378378,0-0-993-1,a,f061152e-Audio_SP12.v0,group_0,1,fave,217.04897615098287,81.20347000185761,6,pagar,,0.0500000000000113,puedan,dos,p,g,p,g,internal,40.76567156590048,8.974848625234664,52.17744952243763,f061152e-Audio_SP12.csv,f061152e-Audio_SP12,509.18275000000006,2353.872,1176.936,time column: time,audio_duration,H1
679.4700010455675,1858.2979094655573,2702.169898920908,3.59996586331704,2.6771783472774944,4.126483939166264,6589.74358974359,9.84725432284e-05,516.65575,0.031,0.3297872340425531,0-0-1010-1,a,f061152e-Audio_SP12.v0,group_0,1,fave,212.65868889965344,83.07088577951706,6,tareas,,0.07000000000005,las,este,t,R,t,R,internal,36.596985122675854,14.543997234347712,61.95968546814461,f061152e-Audio_SP12.csv,f061152e-Audio_SP12,516.65575,2353.872,1176.936,time column: time,audio_duration,H1
669.5431001185509,1986.7673939158049,2880.364595289646,3.312311288075827,3.312274080760393,3.978509587716928,7128.205128205128,0.0003214205560941,516.90875,0.037,0.324561403508772,0-0-1010-4,a,f061152e-Audio_SP12.v0,group_0,1,fave,214.94541069476583,80.9251185137142,6,tareas,,0.0900000000000318,las,este,é,s,é,s,internal,27.4484935886381,27.44747232287836,53.43733119227015,f061152e-Audio_SP12.csv,f061152e-Audio_SP12,516.90875,2353.872,1176.936,time column: time,audio_duration,H1
675.2441538040224,1730.9861639600645,3113.667507434249,3.3608258433931093,2.3478107766272576,3.583412117410833,7128.205128205128,0.000117615187857,518.0837500000001,0.027,0.3214285714285714,0-0-1016-0,a,f061152e-Audio_SP12.v0,group_0,1,fave,281.5698559241097,78.57560047454622,6,avanzados,,0.0599999999999454,más,las,#,b,s,b,initial,28.812976062389616,10.46263957917308,35.99615464775596,f061152e-Audio_SP12.csv,f061152e-Audio_SP12,518.0837500000001,2353.872,1176.936,time column: time,audio_duration,H1
822.0174516031273,1641.7105485876484,2667.7942057826367,2.827270431500229,3.5557589692290668,3.815775144686088,6230.769230769231,0.0003818075633258,518.19075,0.061,0.3315217391304348,0-0-1016-2,a,f061152e-Audio_SP12.v0,group_0,1,fave,285.096537854188,75.7028123885425,6,avanzados,,0.1600000000000818,más,las,b,n,b,n,internal,16.89927009751581,35.0143847260831,45.41194357034822,f061152e-Audio_SP12.csv,f061152e-Audio_SP12,518.19075,2353.872,1176.936,time column: time,audio_duration,H1
674.2223756940084,1758.0757216278455,2966.8852487376794,3.29224334426332,2.3622851149326114,3.584989087978712,7128.205128205128,4.02942310021e-05,518.83775,0.035,0.3365384615384615,0-0-1018-1,a,f061152e-Audio_SP12.v0,group_0,1,fave,210.30873194068903,81.01000577836358,6,tareas,,0.0799999999999272,las,duran,t,R,t,R,internal,26.90314903523941,10.615180666474464,36.05296430599878,f061152e-Audio_SP12.csv,f061152e-Audio_SP12,518.83775,2353.872,1176.936,time column: time,audio_duration,H1
658.103326610071,1843.1308915045245,2913.7145334460606,2.731732761656925,3.1533207977577846,3.950459291897294,6769.2307692307695,0.0003130217732899,519.02775,0.035,0.3365384615384616,0-0-1018-4,a,f061152e-Audio_SP12.v0,group_0,1,fave,215.31105357982253,74.69298581881378,6,tareas,,0.0800000000000409,las,duran,é,s,é,s,internal,15.359478290138714,23.41368774596108,51.95922580669846,f061152e-Audio_SP12.csv,f061152e-Audio_SP12,519.02775,2353.872,1176.936,time column: time,audio_duration,H1
1324.502068093526,1822.874274333771,2996.54346512276,4.267369207106496,2.15240638689312,4.091152019930172,6948.717948717948,2.54045227673e-05,519.31375,0.027,0.3214285714285714,0-0-1019-3,a,f061152e-Audio_SP12.v0,group_0,1,fave,226.8772218718288,82.45321881532426,6,duran,,0.0600000000000591,tareas,más,R,n,R,n,internal,71.33372429476785,8.605541764014657,59.808752907138086,f061152e-Audio_SP12.csv,f061152e-Audio_SP12,519.31375,2353.872,1176.936,time column: time,audio_duration,H1
734.0105899228267,1835.7093732145004,2996.223179449566,3.833810545363752,2.2826185484284904,3.759671767431725,6948.717948717948,0.00093815316317,520.4657500000001,0.031,0.3297872340425531,0-0-1024-3,a,f061152e-Audio_SP12.v0,group_0,1,fave,261.1526837485098,80.05358999196307,6,llegas,,0.0699999999999363,si,[silence],g,s,g,s,internal,46.238396470827446,9.802314668277706,42.93433121990663,f061152e-Audio_SP12.csv,f061152e-Audio_SP12,520.4657500000001,2353.872,1176.936,time column: time,audio_duration,H1
751.1833881582553,1880.2815416004607,3210.727195247146,3.2737968736645016,2.896959309299908,3.895764838242256,7487.179487179487,0.0001155592196637,616.13075,0.041,0.3306451612903226,0-0-1050-0,a,f061152e-Audio_SP12.v0,group_0,1,fave,211.09505830787788,80.59485932991161,6,a,,0.1000000000000227,[silence],veces,#,#,&,b,coextensive,26.41143007037463,18.11896734679997,49.193664173393735,f061152e-Audio_SP12.csv,f061152e-Audio_SP12,616.13075,2353.872,1176.936,time column: time,audio_duration,H1
808.4388192158308,1896.719304559088,3081.258153169453,3.29421381410864,2.2933462967063627,3.69032587005862,7487.179487179487,0.0003291175937099,616.55575,0.031,0.3297872340425531,0-0-1052-1,a,f061152e-Audio_SP12.v0,group_0,1,fave,273.4736327630378,80.51825443480972,6,las,,0.07000000000005,veces,tareas,l,s,l,s,internal,26.95621314259965,9.90803750263618,40.05789850035017,f061152e-Audio_SP12.csv,f061152e-Audio_SP12,616.55575,2353.872,1176.936,time column: time,audio_duration,H1
690.8538563453873,1838.3564178670013,2503.86225489555,3.405853829558776,2.164164326463044,4.755818090698683,8025.641025641025,0.0024224747566435,616.74075,0.041,0.3306451612903226,0-0-1053-1,a,f061152e-Audio_SP12.v0,group_0,1,fave,216.56149636366385,80.86040511103802,6,tareas,,0.1000000000000227,las,",",t,R,t,R,internal,30.14001917990936,8.707322396719029,116.25872445174352,f061152e-Audio_SP12.csv,f061152e-Audio_SP12,616.74075,2353.872,1176.936,time column: time,audio_duration,H1
684.3797559347752,2023.2505554808697,3188.818747088246,2.836814782394153,2.897285692808324,3.8780619237570617,6589.74358974359,6.01713260083e-05,617.04275,0.025,0.3378378378378378,0-0-1053-4,a,f061152e-Audio_SP12.v0,group_0,1,fave,230.98633794626053,79.43383440743895,6,tareas,,0.0500000000000682,las,",",é,s,é,s,internal,17.061334832258552,18.124882044108816,48.33045613586282,f061152e-Audio_SP12.csv,f061152e-Audio_SP12,617.04275,2353.872,1176.936,time column: time,audio_duration,H1
722.4412348729559,1743.0998117720806,3157.765604678604,2.823282992220023,2.058775061081409,3.551756968397461,7307.692307692308,0.0003640793248427,618.78875,0.037,0.324561403508772,0-0-1060-4,a,f061152e-Audio_SP12.v0,group_0,1,fave,345.7154187258042,79.45452330286678,6,largas,,0.0900000000000318,muy,[silence],g,s,g,s,internal,16.832019452159866,7.8363648604831315,34.87453715099702,f061152e-Audio_SP12.csv,f061152e-Audio_SP12,618.78875,2353.872,1176.936,time column: time,audio_duration,H1
824.6920615760077,1722.778057431244,2473.2059760444977,3.533008438553141,3.0817047638732147,4.0563907503094905,6589.74358974359,0.0004176215703315,620.05875,0.037,0.3245614035087719,0-0-1064-3,a,f061152e-Audio_SP12.v0,group_0,1,fave,218.1294217207735,80.95147887274894,6,pagan,,0.0900000000000318,te,malísimo,g,n,g,n,internal,34.22678205242656,21.795526969865968,57.76544446725343,f061152e-Audio_SP12.csv,f061152e-Audio_SP12,620.05875,2353.872,1176.936,time column: time,audio_duration,H1
1372.3209634172204,1787.7524413464175,1938.891644594925,4.578823011504088,3.71971779498328,3.34605451337291,4974.358974358975,5.60792047136e-05,620.4327499999999,0.025,0.3378378378378378,0-0-1065-1,a,f061152e-Audio_SP12.v0,group_0,1,fave,190.6894390225249,82.05386338578121,6,malísimo,,0.0500000000000682,pagan,",",m,l,m,l,internal,97.39968840383376,41.252750732568266,28.39049804695976,f061152e-Audio_SP12.csv,f061152e-Audio_SP12,620.4327499999999,2353.872,1176.936,time column: time,audio_duration,H1
821.3793444087685,1932.5753656276188,2843.015029687834,3.2148652334027377,2.3967009699610125,4.4023669904244604,6769.2307692307695,3.490987680212942e-06,631.40275,0.025,0.3378378378378378,0-0-1082-0,a,f061152e-Audio_SP12.v0,group_0,1,fave,276.6323884032987,83.67266270504047,6,anteriormente,,0.0500000000000682,dije,[silence],#,n,e,n,initial,24.89993600539092,10.986870510642872,81.643890441391,f061152e-Audio_SP12.csv,f061152e-Audio_SP12,631.40275,2353.872,1176.936,time column: time,audio_duration,H1
793.0541862572793,1936.467027936401,2995.2550031583683,4.020387169319901,2.624029747566201,4.180337931402995,7846.153846153846,0.000718694216583,633.4607500000001,0.041,0.3306451612903226,0-0-1086-1,a,f061152e-Audio_SP12.v0,group_0,1,fave,232.52784730780127,82.37431881088303,6,tareas,,0.099999999999909,hago,que,t,R,t,R,internal,55.7226757613953,13.791186760007095,65.38794612122784,f061152e-Audio_SP12.csv,f061152e-Audio_SP12,633.4607500000001,2353.872,1176.936,time column: time,audio_duration,H1
838.9272723984914,2161.9637448337508,3044.99804505715,3.4811829746042533,2.6690890776188305,4.172740839784132,7666.666666666666,0.0026863926821376,633.7537500000001,0.027,0.3214285714285714,0-0-1086-4,a,f061152e-Audio_SP12.v0,group_0,1,fave,289.98189618642726,77.67212084020659,6,tareas,,0.0599999999999454,hago,que,é,s,é,s,internal,32.498143824236244,14.42682149085888,64.89307009321621,f061152e-Audio_SP12.csv,f061152e-Audio_SP12,633.7537500000001,2353.872,1176.936,time column: time,audio_duration,H1
632.9919919056538,1822.9909434978715,2362.287180316422,3.228598718458568,2.40571764735393,5.011280944596668,7128.205128205128,0.0009462658932353,643.89775,0.035,0.3365384615384615,0-0-1101-1,a,f061152e-Audio_SP12.v0,group_0,1,fave,296.17405627208814,80.1483850797823,6,tareas,,0.0800000000000409,hago,así,t,R,t,R,internal,25.244257862127093,11.08638354184067,150.09687884663427,f061152e-Audio_SP12.csv,f061152e-Audio_SP12,643.89775,2353.872,1176.936,time column: time,audio_duration,H1
871.0325409265314,1828.232391664947,3424.207340357415,3.8125705188966377,2.929564075305031,4.675731153944287,7666.666666666666,5.41458984466e-05,645.18375,0.027,0.3214285714285714,0-0-1106-2,a,f061152e-Audio_SP12.v0,group_0,1,fave,272.0757608778373,80.43958575244102,6,una,,0.0600000000000591,requieran,verificación,n,#,n,b,final,45.26664821779463,18.71946843921162,107.31099927593614,f061152e-Audio_SP12.csv,f061152e-Audio_SP12,645.18375,2353.872,1176.936,time column: time,audio_duration,H1
589.1811063003772,1748.194764171295,2401.928119169408,3.6018346038705604,2.747886026079464,4.783568797577014,6410.25641025641,0.0008023200132684,646.7307500000001,0.041,0.3306451612903226,0-0-1109-9,a,f061152e-Audio_SP12.v0,group_0,1,fave,187.79808374610425,74.58683611853121,6,identificaciones,,0.099999999999909,con,porque,k,z,k,z,internal,36.66543933457082,15.609598696287115,119.53016873908108,f061152e-Audio_SP12.csv,f061152e-Audio_SP12,646.7307500000001,2353.872,1176.936,time column: time,audio_duration,H1
999.1005321946848,1930.589430754588,3261.6470564724373,3.672304239897087,2.840142748657524,3.9028262392800097,8205.128205128205,0.0070231386534599,649.26075,0.041,0.3306451612903226,0-0-1117-1,a,f061152e-Audio_SP12.v0,group_0,1,fave,211.3403730152502,79.34989905867245,6,la,,0.1000000000000227,envíes,clave,l,#,l,k,final,39.34245595232708,17.118208964092613,49.54226973793304,f061152e-Audio_SP12.csv,f061152e-Audio_SP12,649.26075,2353.872,1176.936,time column: time,audio_duration,H1
674.4069286533239,1828.4263712500888,2637.7068388182965,4.158560822850927,2.5503046385876864,4.6743984846048265,6948.717948717948,0.0022759170407013,651.02075,0.041,0.3306451612903226,0-0-1123-7,a,f061152e-Audio_SP12.v0,group_0,1,fave,196.93571680020068,77.07953094831501,6,registraste,,0.1000000000000227,que,",",R,s,R,s,internal,63.97937865034213,12.811005915011602,107.16808444767058,f061152e-Audio_SP12.csv,f061152e-Audio_SP12,651.02075,2353.872,1176.936,time column: time,audio_duration,H1
676.2879319619317,1803.461549053059,2814.8396541630773,3.0896111179441235,3.041948355165605,4.692784661467926,6410.25641025641,0.0008353560145948,652.7637500000001,0.027,0.3214285714285714,0-0-1128-5,a,f061152e-Audio_SP12.v0,group_0,1,fave,233.81340496352223,78.53471317748502,6,ciertas,,0.0599999999999454,en,páginas,t,s,t,s,internal,21.9685331460712,20.946013778590213,109.15672149716352,f061152e-Audio_SP12.csv,f061152e-Audio_SP12,652.7637500000001,2353.872,1176.936,time column: time,audio_duration,H1
726.9596607046977,1659.359585780806,1942.080738663916,4.118393402830816,3.588880684671813,4.293732602951034,6769.2307692307695,0.0003379553821576,652.9837500000001,0.027,0.3214285714285714,0-0-1129-1,a,f061152e-Audio_SP12.v0,group_0,1,fave,203.9527447850221,79.41304037156523,6,páginas,,0.0599999999999454,ciertas,",",p,x,p,x,internal,61.460420764496526,36.19354125965827,73.23933228456335,f061152e-Audio_SP12.csv,f061152e-Audio_SP12,652.9837500000001,2353.872,1176.936,time column: time,audio_duration,H1
696.3983989958311,1552.382940132351,2361.736262219236,3.3082785310763008,3.1717460987810755,3.771607861767922,4615.384615384615,9.24120566882e-05,653.1337500000001,0.027,0.3214285714285714,0-0-1129-5,a,f061152e-Audio_SP12.v0,group_0,1,fave,184.0963665480468,57.465714331685305,6,páginas,,0.0599999999999454,ciertas,",",n,s,n,s,internal,27.33802338345456,23.84909088983149,43.449870087150046,f061152e-Audio_SP12.csv,f061152e-Audio_SP12,653.1337500000001,2353.872,1176.936,time column: time,audio_duration,H1
1093.7654233910555,1839.960787044896,3070.814014616128,4.58168146721804,2.702401886369404,4.626527094768508,6051.282051282051,0.0035791543724228,654.5857500000001,0.031,0.3297872340425531,0-0-1133-1,a,f061152e-Audio_SP12.v0,group_0,1,fave,255.3696513464084,68.11700813756767,6,las,,0.0699999999999363,no,hago,l,s,l,s,internal,97.67849939428152,14.915514105086288,102.15865998058644,f061152e-Audio_SP12.csv,f061152e-Audio_SP12,654.5857500000001,2353.872,1176.936,time column: time,audio_duration,H1
992.6442617858952,1401.4440862274157,3202.278252219696,4.1197593837146345,2.817081504678402,3.2233504763688288,7666.666666666666,0.0024740114651105,655.0987500000001,0.057,0.3275862068965517,0-0-1136-0,a,f061152e-Audio_SP12.v0,group_0,1,fave,265.0678958329784,70.53398963486099,6,al,,0.1499999999999772,",",igual,#,l,.,l,initial,61.54443189010502,16.727958891861533,25.11211694256657,f061152e-Audio_SP12.csv,f061152e-Audio_SP12,655.0987500000001,2353.872,1176.936,time column: time,audio_duration,H1
616.4549813689076,1358.0425561267973,2993.8434871383406,3.783515661709549,2.654692787063244,3.8958187869599215,6769.2307692307695,0.0043556748506946,656.44075,0.061,0.3315217391304348,0-0-1141-0,a,f061152e-Audio_SP12.v0,group_0,1,fave,299.28651542261963,68.88764684498818,6,algunas,,0.1600000000000818,hay,tareas,#,l,y,l,initial,43.97035521381982,14.220616630794773,49.19631818008267,f061152e-Audio_SP12.csv,f061152e-Audio_SP12,656.44075,2353.872,1176.936,time column: time,audio_duration,H1
508.3296060478239,1755.2548244559705,2019.1254571783093,3.777293885122785,2.925393322679513,4.031515175264191,5333.333333333333,0.000107464995009,656.8127499999999,0.025,0.3378378378378378,0-0-1141-5,a,f061152e-Audio_SP12.v0,group_0,1,fave,254.8145667495581,78.27401467946967,6,algunas,,0.0500000000000682,hay,tareas,n,s,n,s,internal,43.69763078225471,18.641556755191417,56.34622100148428,f061152e-Audio_SP12.csv,f061152e-Audio_SP12,656.8127499999999,2353.872,1176.936,time column: time,audio_duration,H1
368.4346025787672,1794.6212719748637,2062.768968599275,3.1835966663528628,3.5575241221279854,3.817107885651824,5333.333333333333,0.0120044803828258,656.99075,0.041,0.3306451612903226,0-0-1142-1,a,f061152e-Audio_SP12.v0,group_0,1,fave,254.8523227546397,76.0073112798534,6,tareas,,0.1000000000000227,algunas,que,t,R,t,R,internal,24.133397422605583,35.07624504918868,45.47250627611332,f061152e-Audio_SP12.csv,f061152e-Audio_SP12,656.99075,2353.872,1176.936,time column: time,audio_duration,H1
704.406493427847,1840.7796976612503,3224.9469909199734,2.878896563992541,2.6029523534929013,3.985974830105838,8205.128205128205,0.0002528938190154,658.04775,0.035,0.3365384615384615,0-0-1146-4,a,f061152e-Audio_SP12.v0,group_0,1,fave,223.6695598130968,77.90488634560427,6,descargar,,0.0800000000000409,piden,aplicaciones,k,R,k,R,internal,17.79462711022266,13.503546484408666,53.83774656154207,f061152e-Audio_SP12.csv,f061152e-Audio_SP12,658.04775,2353.872,1176.936,time column: time,audio_duration,H1
601.9773493339829,1873.0281306299053,3316.116069770953,3.347588188512292,2.415918070681946,3.63607812049098,8205.128205128205,0.0014841962213624,658.6387500000001,0.037,0.3245614035087719,0-0-1147-5,a,f061152e-Audio_SP12.v0,group_0,1,fave,194.61558346432275,76.73834556024205,6,aplicaciones,,0.0900000000000318,descargar,.,k,z,k,z,internal,28.43407325457404,11.200048074769226,37.94273769680661,f061152e-Audio_SP12.csv,f061152e-Audio_SP12,658.6387500000001,2353.872,1176.936,time column: time,audio_duration,H1
749.2461766903443,1741.4880937985877,3079.9310144853644,3.697377352466272,3.057553090244323,4.913680495980069,7846.153846153846,0.0004216594013032,665.75575,0.031,0.3297872340425531,0-0-1162-2,a,f061152e-Audio_SP12.v0,group_0,1,fave,230.91383409950984,79.1336498013144,6,una,,0.0699999999999363,mejor,cuestión,n,#,n,k,final,40.34136431945839,21.27543435025722,136.13955454523904,f061152e-Audio_SP12.csv,f061152e-Audio_SP12,665.75575,2353.872,1176.936,time column: time,audio_duration,H1
698.0964028856719,1753.41934011514,2916.5865741516845,3.646989213325167,2.736934472386132,4.115825015217245,7307.692307692308,0.0001937987034971,668.49575,0.031,0.3297872340425531,0-0-1175-1,a,f061152e-Audio_SP12.v0,group_0,1,fave,252.64591424031207,77.90804240624013,6,tampoco,,0.0699999999999363,entonces,hago,t,m,t,m,internal,38.35900124557108,15.439582010727884,61.3027691230057,f061152e-Audio_SP12.csv,f061152e-Audio_SP12,668.49575,2353.872,1176.936,time column: time,audio_duration,H1
732.2184619214099,1794.453425040122,3265.837212997428,4.341183633971137,3.03532169253056,4.676861292337992,8923.076923076922,0.0048341979609774,669.40875,0.037,0.324561403508772,0-0-1178-1,a,f061152e-Audio_SP12.v0,group_0,1,fave,189.2456116910131,72.21969380741106,6,tareas,,0.0900000000000318,esas,.,t,R,t,R,internal,76.79838674212905,20.80767049511559,107.43234411159824,f061152e-Audio_SP12.csv,f061152e-Audio_SP12,669.40875,2353.872,1176.936,time column: time,audio_duration,H1
635.6695613423473,1757.365677982625,2957.1721216093506,3.445649383640444,2.777007742680689,4.701073203052773,7846.153846153846,0.0024754542498954,686.10775,0.035,0.3365384615384615,0-0-1185-2,a,f061152e-Audio_SP12.v0,group_0,1,fave,313.1301843192253,82.94363249657964,6,esas,,0.0799999999999272,",",son,s,s,s,s,internal,31.36364387232561,16.070860779358203,110.0652314325406,f061152e-Audio_SP12.csv,f061152e-Audio_SP12,686.10775,2353.872,1176.936,time column: time,audio_duration,H1
680.8202555186047,1925.8928760668416,3302.4387661009737,2.510749141034601,3.2697390116355507,4.093517491181018,7128.205128205128,0.0002714073552117,688.31375,0.027,0.3214285714285714,0-0-1191-3,a,f061152e-Audio_SP12.v0,group_0,1,fave,227.9569030206817,72.85895406893502,6,muchas,,0.0600000000000591,visto,que,h,s,h,s,internal,12.314151642248005,26.304473285863743,59.950396253273865,f061152e-Audio_SP12.csv,f061152e-Audio_SP12,688.31375,2353.872,1176.936,time column: time,audio_duration,H1
569.0764228346419,1883.3825510644035,3265.456083050171,3.726541537051881,2.735637375968961,4.657183812756495,7487.179487179487,0.0013160745253165,688.70775,0.035,0.3365384615384615,0-0-1194-1,a,f061152e-Audio_SP12.v0,group_0,1,fave,263.53199513130807,73.43461361314246,6,salido,,0.0799999999999272,han,que,s,l,s,l,internal,41.53521148682516,15.419568366838051,105.33900967184503,f061152e-Audio_SP12.csv,f061152e-Audio_SP12,688.70775,2353.872,1176.936,time column: time,audio_duration,H1
838.699541393157,1678.437303288346,2495.7339111195483,3.132465277140132,2.751506052411805,3.5873432435900785,5871.794871794871,0.0002737957088087,690.24775,0.035,0.3365384615384616,0-0-1200-2,a,f061152e-Audio_SP12.v0,group_0,1,fave,276.89354948064107,79.3477671839387,6,una,,0.0799999999999272,en,pagina,n,#,n,p,final,22.930439807816217,15.66620825683446,36.13793857630948,f061152e-Audio_SP12.csv,f061152e-Audio_SP12,690.24775,2353.872,1176.936,time column: time,audio_duration,H1
933.0659836936018,1735.140335367755,2499.5762480120698,3.896505948613472,2.3030386159469614,4.24448524841994,6769.2307692307695,0.002535938160753,690.40575,0.051,0.3311688311688312,0-0-1201-1,a,f061152e-Audio_SP12.v0,group_0,1,fave,266.34456862083204,78.89392224764312,6,pagina,,0.1299999999999954,una,pero,p,x,p,x,internal,49.23013562112556,10.00453625809999,69.7198624961289,f061152e-Audio_SP12.csv,f061152e-Audio_SP12,690.40575,2353.872,1176.936,time column: time,audio_duration,H1
559.0645154161839,1865.1193363716663,2471.684520565876,2.978290071656868,3.1408442767977296,3.976896997228968,6948.717948717948,0.0020459946415293,690.76075,0.041,0.3306451612903226,0-0-1201-5,a,f061152e-Audio_SP12.v0,group_0,1,fave,329.3526280897846,74.15188967695546,6,pagina,,0.1000000000000227,una,pero,n,#,n,p,final,19.654180654828963,23.12338115402305,53.35122810345741,f061152e-Audio_SP12.csv,f061152e-Audio_SP12,690.76075,2353.872,1176.936,time column: time,audio_duration,H1
943.0477278896988,1882.5760672433607,2446.839087318956,4.471395163592795,1.806938708057032,4.071305854235713,4974.358974358975,3.20369058962e-05,692.0627499999999,0.025,0.3378378378378378,0-0-1205-1,a,f061152e-Audio_SP12.v0,group_0,1,fave,267.2396467286426,78.55072119923157,6,la,,0.0500000000000682,necesitas,verificación,l,#,l,b,final,87.478684991648,6.091770171598311,58.633479398548126,f061152e-Audio_SP12.csv,f061152e-Audio_SP12,692.0627499999999,2353.872,1176.936,time column: time,audio_duration,H1
580.493810234272,1464.3796581989743,2841.0271901295746,3.3422053469787416,3.749126870246841,4.522777801287275,6230.769230769231,0.0006124202659411,710.90775,0.035,0.3365384615384615,0-0-1226-4,a,f061152e-Audio_SP12.v0,group_0,1,fave,278.9137825669552,80.96069510549968,6,mismas,,0.0800000000000409,las,tareas,m,s,m,s,internal,28.281428344346093,42.483971781607565,92.09105365873556,f061152e-Audio_SP12.csv,f061152e-Audio_SP12,710.90775,2353.872,1176.936,time column: time,audio_duration,H1
889.929793660243,1412.036431513235,2614.507511401974,3.649615507288304,3.951832704728898,4.46226374918188,6589.74358974359,0.0001609354516535,711.15275,0.025,0.3378378378378378,0-0-1227-1,a,f061152e-Audio_SP12.v0,group_0,1,fave,247.06539399110105,75.59213304470093,6,tareas,,0.0500000000000682,mismas,Sí,t,R,t,R,internal,38.45987566393119,52.03063630096125,86.68351689683361,f061152e-Audio_SP12.csv,f061152e-Audio_SP12,711.15275,2353.872,1176.936,time column: time,audio_duration,H1
848.0051100894107,1709.642110584727,3160.8982701418727,3.6719808867557857,2.874165555125685,4.080906840367447,6769.2307692307695,1.23301390555e-05,714.7157500000001,0.031,0.3297872340425531,0-0-1242-0,a,f061152e-Audio_SP12.v0,group_0,1,fave,280.739722882652,82.62692002739507,6,aviso,,0.0699999999999363,un,que,#,b,n,b,initial,39.32973650215629,17.710639401533193,59.19912967626481,f061152e-Audio_SP12.csv,f061152e-Audio_SP12,714.7157500000001,2353.872,1176.936,time column: time,audio_duration,H1
696.4855798328529,1831.1844666014645,3013.7429603175456,3.386489551224218,2.7152574923248176,4.660813205959974,7846.153846153846,0.0001927814114871,718.5937500000001,0.027,0.3214285714285714,0-0-1253-0,a,f061152e-Audio_SP12.v0,group_0,1,fave,267.6823355164403,81.75932782871004,6,hacer,,0.0599999999999454,[silence],las,#,z,&,z,initial,29.561994041316467,15.108499893836433,105.7220209865059,f061152e-Audio_SP12.csv,f061152e-Audio_SP12,718.5937500000001,2353.872,1176.936,time column: time,audio_duration,H1
865.3157797914392,1787.975854266008,3200.001649469601,3.6010279515729127,3.027478426370941,4.446058358804545,7666.666666666666,2.96856603264e-05,718.9737500000001,0.027,0.3214285714285714,0-0-1255-1,a,f061152e-Audio_SP12.v0,group_0,1,fave,202.09647082639628,81.48133790627396,6,tareas,,0.0599999999999454,las,.,t,R,t,R,internal,36.635874999359885,20.64510873818033,85.29009761220297,f061152e-Audio_SP12.csv,f061152e-Audio_SP12,718.9737500000001,2353.872,1176.936,time column: time,audio_duration,H1
882.4900797869519,1696.4268437782116,2906.3858230337487,3.423581735196465,2.6931654528925435,4.77357516826444,7487.179487179487,0.0026843819845409,721.34075,0.061,0.3315217391304348,0-0-1264-3,a,f061152e-Audio_SP12.v0,group_0,1,fave,213.23457666727515,75.92747077158543,6,para,,0.1600000000000818,",",tal,R,#,R,t,final,30.67910288995292,14.778382230909612,118.34157760293614,f061152e-Audio_SP12.csv,f061152e-Audio_SP12,721.34075,2353.872,1176.936,time column: time,audio_duration,H1
1202.3931200601317,1723.0516545433477,2858.633140654478,4.0337863599016535,2.926290032419657,4.146622321103603,6948.717948717948,0.0023465248307067,723.0627499999999,0.045,0.3358208955223881,0-0-1271-1,a,f061152e-Audio_SP12.v0,group_0,1,fave,240.6674059253667,75.88581296724966,6,la,,0.1100000000000136,prohibida,tarea,l,#,l,t,final,56.47433910786698,18.658280317675327,63.2201020571482,f061152e-Audio_SP12.csv,f061152e-Audio_SP12,723.0627499999999,2353.872,1176.936,time column: time,audio_duration,H1
732.6632352590491,1783.3723241780608,2626.7327260661973,3.491508440826948,2.40801979204052,5.167335898722483,8205.128205128205,2.21269185584e-05,723.1927499999999,0.025,0.3378378378378378,0-0-1272-1,a,f061152e-Audio_SP12.v0,group_0,1,fave,202.82579437010529,77.8107672890894,6,tarea,,0.0500000000000682,la,",",t,R,t,R,internal,32.8354406875343,11.111935401558933,175.44680625890064,f061152e-Audio_SP12.csv,f061152e-Audio_SP12,723.1927499999999,2353.872,1176.936,time column: time,audio_duration,H1
635.1754151673539,2258.796812723836,2711.5953983601903,3.7477678402408223,3.375596159021193,3.92992082436359,6769.2307692307695,0.0032864593940895,723.40875,0.037,0.3245614035087719,0-0-1272-4,a,f061152e-Audio_SP12.v0,group_0,1,fave,3331.626174753577,65.77507685983436,6,tarea,,0.0900000000000318,la,",",é,#,é,.,final,42.42627400456711,29.24171129591792,50.902947236404906,f061152e-Audio_SP12.csv,f061152e-Audio_SP12,723.40875,2353.872,1176.936,time column: time,audio_duration,H1
848.8644433267282,1671.1145150158693,2634.6563841429625,3.4588069501907897,2.746455727524228,4.050472701766506,6589.74358974359,0.0004885398002508,726.6287500000001,0.057,0.3275862068965517,0-0-1283-2,a,f061152e-Audio_SP12.v0,group_0,1,fave,294.29185448166595,81.92423256372376,6,acá,,0.1499999999999772,nosotros,o,k,#,k,o,final,31.779039911535595,15.587288268913492,57.424595338438735,f061152e-Audio_SP12.csv,f061152e-Audio_SP12,726.6287500000001,2353.872,1176.936,time column: time,audio_duration,H1
827.1393291388573,1359.3271457028268,2394.825349241726,2.940434248772187,2.667528462899276,4.4982440097754965,5871.794871794871,0.0003176918541535,729.65775,0.035,0.3365384615384616,0-0-1293-4,a,f061152e-Audio_SP12.v0,group_0,1,fave,271.33337736503324,78.09409435310467,6,misma,,0.0800000000000409,la,página,m,#,m,p,final,18.92406227904865,14.404324340142152,89.85920080070875,f061152e-Audio_SP12.csv,f061152e-Audio_SP12,729.65775,2353.872,1176.936,time column: time,audio_duration,H1
710.909374304667,1309.3439556205471,2632.600258822544,3.94109762021517,2.965099311670115,3.655863647881924,6410.25641025641,0.0002466400606662,729.78375,0.027,0.3214285714285714,0-0-1294-1,a,f061152e-Audio_SP12.v0,group_0,1,fave,305.9641477829707,80.06554666257259,6,página,,0.0600000000000591,misma,de,p,x,p,x,internal,51.4750703818834,19.39662945748793,38.70093066283765,f061152e-Audio_SP12.csv,f061152e-Audio_SP12,729.78375,2353.872,1176.936,time column: time,audio_duration,H1
661.519340364209,1768.7433518912062,2440.44492867446,3.742183075458423,3.891332045479603,4.344196780542999,5692.307692307692,7.766330942503761e-06,730.03275,0.025,0.3378378378378378,0-0-1294-5,a,f061152e-Audio_SP12.v0,group_0,1,fave,302.23756971384745,75.41589550738766,6,página,,0.0500000000000682,misma,de,n,#,n,d,final,42.18999364290307,48.97608146069988,77.03014051656912,f061152e-Audio_SP12.csv,f061152e-Audio_SP12,730.03275,2353.872,1176.936,time column: time,audio_duration,H1
849.4666361125855,1871.114456235333,3139.508032217902,3.391829478959585,3.2961546990955792,4.809047533388623,7487.179487179487,0.0001824663239041,737.4637500000001,0.027,0.3214285714285714,0-0-1319-1,a,f061152e-Audio_SP12.v0,group_0,1,fave,278.8724383463082,80.75527562501232,6,las,,0.0599999999999454,de,tareas,l,s,l,s,internal,29.720275182023958,27.008582857349545,122.61477540235948,f061152e-Audio_SP12.csv,f061152e-Audio_SP12,737.4637500000001,2353.872,1176.936,time column: time,audio_duration,H1
711.5910355414588,1873.9744133742888,2349.4009351393083,3.287728549607509,2.7659141853239224,4.571267833320326,6948.717948717948,2.89879286324e-05,737.6537500000001,0.027,0.3214285714285714,0-0-1320-1,a,f061152e-Audio_SP12.v0,group_0,1,fave,206.4562784503779,82.6549004754461,6,tareas,,0.0600000000000591,las,",",t,R,t,R,internal,26.781960618012143,15.893563013286853,96.66658923746292,f061152e-Audio_SP12.csv,f061152e-Audio_SP12,737.6537500000001,2353.872,1176.936,time column: time,audio_duration,H1
651.333061402851,1938.5617975063155,2781.933413512378,3.5362148736629373,3.215749472659686,4.13394622832677,6589.74358974359,0.0003843419202265,738.41875,0.037,0.3245614035087719,0-0-1325-3,a,f061152e-Audio_SP12.v0,group_0,1,fave,293.6108057908127,81.84517171938107,6,mira,,0.0900000000000318,",",cómo,R,#,R,k,final,34.33670414294218,24.921963243541512,62.42377599264635,f061152e-Audio_SP12.csv,f061152e-Audio_SP12,738.41875,2353.872,1176.936,time column: time,audio_duration,H1
689.9632308085679,1888.91325170361,3238.680082495496,3.756131374108907,2.934169464204459,4.326147110394987,7128.205128205128,7.647553497762817e-06,739.19375,0.027,0.3214285714285714,0-0-1329-1,a,f061152e-Audio_SP12.v0,group_0,1,fave,289.38035393864084,75.74501048914676,6,tarea,,0.0600000000000591,tal,o,t,R,t,R,internal,42.78259556078594,18.80587769274781,75.65224458094944,f061152e-Audio_SP12.csv,f061152e-Audio_SP12,739.19375,2353.872,1176.936,time column: time,audio_duration,H1
831.6645440549938,1860.0379431529493,2545.3311230064905,2.770371237125403,3.267994296087366,4.359298146025115,5871.794871794871,0.0006192297922366,739.4657500000001,0.051,0.3311688311688312,0-0-1329-4,a,f061152e-Audio_SP12.v0,group_0,1,fave,272.5108473757819,81.52959351454031,6,tarea,,0.1299999999999954,tal,o,é,#,é,o,final,15.96455954703083,26.258619474895266,78.20222861241088,f061152e-Audio_SP12.csv,f061152e-Audio_SP12,739.4657500000001,2353.872,1176.936,time column: time,audio_duration,H1
1048.4500275737803,1585.0764499240322,2620.4261539689346,3.746026935817559,3.006259197788738,3.633318546606516,6948.717948717948,0.0009378022250066,743.20075,0.041,0.3306451612903226,0-0-1342-4,a,f061152e-Audio_SP12.v0,group_0,1,fave,230.76364862302165,80.20216183169784,6,compartimos,,0.1000000000000227,[silence],y,p,R,p,R,internal,42.35247817087467,20.211650544798623,37.838176247630784,f061152e-Audio_SP12.csv,f061152e-Audio_SP12,743.20075,2353.872,1176.936,time column: time,audio_duration,H1
841.5559804230957,1807.974084523464,2984.2102181147475,3.326374616381418,2.6869836594685155,3.893774818601647,6948.717948717948,5.70166856051e-05,744.92575,0.031,0.3297872340425531,0-0-1348-1,a,f061152e-Audio_SP12.v0,group_0,1,fave,266.75367875647794,83.88379954730247,6,tareas,,0.07000000000005,las,.,t,R,t,R,internal,27.83723787770903,14.687307118614775,49.0958651587503,f061152e-Audio_SP12.csv,f061152e-Audio_SP12,744.92575,2353.872,1176.936,time column: time,audio_duration,H1
810.3361256114025,1761.0288950696593,2814.253039274309,3.783019520156272,2.978085092644368,4.092590842837636,6769.2307692307695,0.0005786248382826,745.55575,0.031,0.3297872340425531,0-0-1350-1,a,f061152e-Audio_SP12.v0,group_0,1,fave,236.68903072851845,80.59402525556214,6,Las,,0.07000000000005,.,mismas,l,s,l,s,internal,43.94854510438408,19.650152373157542,59.89486904896992,f061152e-Audio_SP12.csv,f061152e-Audio_SP12,745.55575,2353.872,1176.936,time column: time,audio_duration,H1
819.4429692177249,1651.518765204959,2694.455935478809,3.524596877499924,2.842972307458673,4.163537420031301,6589.74358974359,1.14411372697e-05,746.0837500000001,0.027,0.3214285714285714,0-0-1352-3,a,f061152e-Audio_SP12.v0,group_0,1,fave,202.09264845190907,80.91721613703147,6,para,,0.0599999999999454,mismas,todos,R,#,R,t,final,33.940088844645345,17.16671453524682,64.29857183491157,f061152e-Audio_SP12.csv,f061152e-Audio_SP12,746.0837500000001,2353.872,1176.936,time column: time,audio_duration,H1
842.4542392215559,1750.6337978614104,3059.5639435160647,3.660604969709577,2.821464671306632,4.591122046189032,7128.205128205128,0.0009745546673258,763.6137500000001,0.047,0.3263888888888889,0-0-1370-1,a,f061152e-Audio_SP12.v0,group_0,1,fave,284.4510916201866,81.82193075193696,6,tareas,,0.1200000000000045,tomar,que,t,R,t,R,internal,38.884859919476746,16.80144124809441,98.60500748678206,f061152e-Audio_SP12.csv,f061152e-Audio_SP12,763.6137500000001,2353.872,1176.936,time column: time,audio_duration,H1
729.6283496527052,2060.318572982651,3058.164088550945,3.6910434496167066,4.049051845382721,4.352485463178997,7487.179487179487,0.0031809605096688,763.93575,0.051,0.3311688311688312,0-0-1370-4,a,f061152e-Audio_SP12.v0,group_0,1,fave,333.2006005052475,77.46026652523935,6,tareas,,0.1299999999999954,tomar,que,é,s,é,s,internal,40.08665354523625,57.343061173452206,77.67127230307436,f061152e-Audio_SP12.csv,f061152e-Audio_SP12,763.93575,2353.872,1176.936,time column: time,audio_duration,H1
849.3932745961572,1775.6082460474092,2836.066094513028,3.5233576118794203,3.437518282310772,4.235272544883514,7307.692307692308,0.0021212899071697,764.87075,0.0809999999999999,0.3319672131147541,0-0-1375-0,a,f061152e-Audio_SP12.v0,group_0,1,fave,262.98543681225016,80.07360234247697,6,a,,0.2199999999999136,voy,completar,#,#,y,k,coextensive,33.89805411086323,31.1096569021841,69.08050370591228,f061152e-Audio_SP12.csv,f061152e-Audio_SP12,764.87075,2353.872,1176.936,time column: time,audio_duration,H1
657.841075559433,1786.8069652647591,2993.456731879897,2.700732209028096,2.496401512902255,3.693282716163924,6410.25641025641,0.0013772924787597,767.53575,0.031,0.3297872340425531,0-0-1386-0,a,f061152e-Audio_SP12.v0,group_0,1,fave,229.1443216665904,78.96773673080017,6,a,,0.07000000000005,van,salir,#,#,n,s,coextensive,14.89063078848688,12.138734195064377,40.17651882611756,f061152e-Audio_SP12.csv,f061152e-Audio_SP12,767.53575,2353.872,1176.936,time column: time,audio_duration,H1
807.9807362922206,1793.2066193442706,2159.804781960749,3.5512697795881327,3.5970745374522632,4.488138061006756,6410.25641025641,0.0010192000504352,767.68575,0.031,0.3297872340425531,0-0-1387-1,a,f061152e-Audio_SP12.v0,group_0,1,fave,281.5941639798145,72.16353977348389,6,salir,,0.07000000000005,a,bien,s,l,s,l,internal,34.8575508048814,36.4913241367969,88.95566157147124,f061152e-Audio_SP12.csv,f061152e-Audio_SP12,767.68575,2353.872,1176.936,time column: time,audio_duration,H1
732.0715752944355,1909.6071736929605,2362.510203761628,2.8825329338847854,2.4533046360483213,4.54461163935678,7307.692307692308,0.0001797260894347,770.57375,0.027,0.3214285714285714,0-0-1395-1,a,f061152e-Audio_SP12.v0,group_0,1,fave,229.9424616450165,81.40604998074858,6,tareas,,0.0600000000000591,ponen,malas,t,R,t,R,internal,17.859452750059024,11.626705333253213,94.12386610523636,f061152e-Audio_SP12.csv,f061152e-Audio_SP12,770.57375,2353.872,1176.936,time column: time,audio_duration,H1
704.2164079699018,1965.5159975917231,2951.6150227552607,2.9333588075466843,3.297291087980167,4.181976738395313,7128.205128205128,0.0003061723338333,770.74775,0.035,0.3365384615384615,0-0-1395-4,a,f061152e-Audio_SP12.v0,group_0,1,fave,236.56106906424745,79.04825503718091,6,tareas,,0.0799999999999272,ponen,malas,é,s,é,s,internal,18.79063876039641,27.03929255647265,65.49519219835265,f061152e-Audio_SP12.csv,f061152e-Audio_SP12,770.74775,2353.872,1176.936,time column: time,audio_duration,H1
606.2040957974118,1820.2165424428151,3264.0828356237416,2.2819073355457733,2.9722950600398623,3.463065710739772,6589.74358974359,0.0010007093253066,771.15875,0.057,0.3275862068965517,0-0-1396-3,a,f061152e-Audio_SP12.v0,group_0,1,fave,309.1935094542468,82.04127724395244,6,malas,,0.1499999999999772,tareas,y,l,s,l,s,internal,9.79534561433941,19.53670609599071,31.91466783142194,f061152e-Audio_SP12.csv,f061152e-Audio_SP12,771.15875,2353.872,1176.936,time column: time,audio_duration,H1
583.2590249512009,1951.6422313000471,3045.2006099203004,2.2517357849517827,3.657653236165538,4.119028196939581,6769.2307692307695,0.0004086613029751,772.1287500000001,0.037,0.3245614035087719,0-0-1399-0,a,f061152e-Audio_SP12.v0,group_0,1,fave,292.62961207734105,84.79556286410386,6,algunos,,0.0900000000000318,hay,[silence],#,l,y,l,initial,9.504218806757226,38.77025140420941,61.499447863295714,f061152e-Audio_SP12.csv,f061152e-Audio_SP12,772.1287500000001,2353.872,1176.936,time column: time,audio_duration,H1
897.5262420437886,1719.4208066656176,3193.664538945636,3.719279045767257,2.922024163077672,4.167510956226313,6769.2307692307695,0.000121672075747,775.12775,0.035,0.3365384615384616,0-0-1409-1,a,f061152e-Audio_SP12.v0,group_0,1,fave,274.12756305421846,83.56411023349709,6,la,,0.0800000000000409,envían,tarea,l,#,l,t,final,41.23465509054022,18.57885605889375,64.55457281513263,f061152e-Audio_SP12.csv,f061152e-Audio_SP12,775.12775,2353.872,1176.936,time column: time,audio_duration,H1
860.6999783494225,1783.2426952586518,3142.7749610648166,3.984792546288909,2.856415146359966,4.324208201714278,6948.717948717948,0.0009093615727591,775.25775,0.035,0.3365384615384616,0-0-1410-1,a,f061152e-Audio_SP12.v0,group_0,1,fave,239.9111490516687,76.11098276645117,6,tarea,,0.0800000000000409,la,a,t,R,t,R,internal,53.7741326772853,17.399041984801332,75.50570389762612,f061152e-Audio_SP12.csv,f061152e-Audio_SP12,775.25775,2353.872,1176.936,time column: time,audio_duration,H1
895.9379071420346,2245.1126758188298,3147.114625035049,3.829385512802613,3.4344876705935974,4.507224341156759,7666.666666666666,0.0072194709611469,775.43875,0.057,0.3275862068965517,0-0-1410-4,a,f061152e-Audio_SP12.v0,group_0,1,fave,260.6100211680416,78.51088064377839,6,tarea,,0.1499999999999772,la,a,é,#,é,a,final,46.034242088890295,31.01551833223776,90.66980048077517,f061152e-Audio_SP12.csv,f061152e-Audio_SP12,775.43875,2353.872,1176.936,time column: time,audio_duration,H1
1123.3410893477126,1790.3121943828826,3018.782558707464,3.118547190573133,3.22481405593649,4.357657747751003,6948.717948717948,0.0021970114296829,775.58575,0.051,0.3311688311688312,0-0-1411-0,a,f061152e-Audio_SP12.v0,group_0,1,fave,248.96982727662328,76.57045645935393,6,a,,0.1300000000001091,tarea,revisión,#,#,a,r,coextensive,22.61350265712567,25.14889743284594,78.0740509714967,f061152e-Audio_SP12.csv,f061152e-Audio_SP12,775.58575,2353.872,1176.936,time column: time,audio_duration,H1
707.1253845844175,1548.182181098456,2567.331067612444,3.368969041861073,2.511245038189976,3.780626698910657,6589.74358974359,7.202529438622762e-07,777.42275,0.025,0.3378378378378378,0-0-1416-5,a,f061152e-Audio_SP12.v0,group_0,1,fave,227.2264579422328,82.08291963806427,6,colocan,,0.0500000000000682,te,",",k,n,k,n,internal,29.04856376176473,12.320259709379636,43.8435098074053,f061152e-Audio_SP12.csv,f061152e-Audio_SP12,777.42275,2353.872,1176.936,time column: time,audio_duration,H1
747.8405372816301,1447.7586091971082,3180.349743087869,3.5815442315662644,3.443704192667205,4.388346084963494,6410.25641025641,0.0084952070003259,778.7387500000001,0.037,0.3245614035087719,0-0-1423-3,a,f061152e-Audio_SP12.v0,group_0,1,fave,255.25388097508065,70.5828653270251,6,cosa,,0.0899999999999181,tal,y,s,#,s,i,final,35.92898069619795,31.302694893297275,80.50715681150511,f061152e-Audio_SP12.csv,f061152e-Audio_SP12,778.7387500000001,2353.872,1176.936,time column: time,audio_duration,H1
806.7507501087526,1866.177786663592,2869.5800786471536,3.817427940294771,3.610710907822931,3.961077843105277,6769.2307692307695,0.0042230339150459,781.6577500000001,0.055,0.3353658536585365,0-0-1436-5,a,f061152e-Audio_SP12.v0,group_0,1,fave,251.91821360169425,79.15521272802731,6,empleadores,,0.1399999999999863,hay,que,e,d,e,d,internal,45.48706229210941,36.99234161430088,52.513897198183166,f061152e-Audio_SP12.csv,f061152e-Audio_SP12,781.6577500000001,2353.872,1176.936,time column: time,audio_duration,H1
820.3410073854476,1787.6393544414614,2887.553279936152,3.0442618140129403,3.2076882252701875,3.176838333629253,6589.74358974359,0.000895296236724,783.37075,0.041,0.3306451612903226,0-0-1444-1,a,f061152e-Audio_SP12.v0,group_0,1,fave,215.0303892375038,75.43427039722503,6,la,,0.1000000000000227,te,ponen,l,#,l,p,final,20.99452761522745,24.721868721696797,23.970845800757584,f061152e-Audio_SP12.csv,f061152e-Audio_SP12,783.37075,2353.872,1176.936,time column: time,audio_duration,H1
713.5656747704342,1731.6828973134177,3058.54530992995,4.018218157438044,3.11444661658699,4.098676594265111,7307.692307692308,0.0012842846305315,783.88775,0.035,0.3365384615384616,0-0-1446-3,a,f061152e-Audio_SP12.v0,group_0,1,fave,195.81590322439504,80.58479048345018,6,mala,,0.0800000000000409,ponen,de,l,#,l,d,final,55.60194359766199,22.52096417650472,60.26048573148135,f061152e-Audio_SP12.csv,f061152e-Audio_SP12,783.88775,2353.872,1176.936,time column: time,audio_duration,H1
826.6597260552817,1777.260904959077,3060.6003915164897,2.915395527709616,2.831319978040341,4.4407345699510845,6948.717948717948,2.41191237333e-05,788.3557500000001,0.031,0.3297872340425531,0-0-1457-1,a,f061152e-Audio_SP12.v0,group_0,1,fave,276.0673748849138,84.23181981848278,6,tareas,,0.0699999999999363,realizar,que,t,R,t,R,internal,18.456110862538107,16.967843229604636,84.83723767617103,f061152e-Audio_SP12.csv,f061152e-Audio_SP12,788.3557500000001,2353.872,1176.936,time column: time,audio_duration,H1
1382.055680366156,1855.2893537376688,2906.962812890785,4.055617274493256,3.0235821326278782,4.190429069883857,6230.769230769231,0.0002324460900023,789.2157500000001,0.031,0.3297872340425531,0-0-1462-0,a,f061152e-Audio_SP12.v0,group_0,1,fave,254.1338100833692,81.63690483290296,6,a,,0.0699999999999363,voy,completar,#,#,y,k,coextensive,57.72078156800691,20.564825834631527,66.05112542995829,f061152e-Audio_SP12.csv,f061152e-Audio_SP12,789.2157500000001,2353.872,1176.936,time column: time,audio_duration,H1
859.0617202778704,1411.9620065629042,3109.7630960756605,3.431096919617536,2.7966875919590284,3.779945265340531,6769.2307692307695,0.0080141492372446,806.55875,0.057,0.3275862068965517,0-0-1483-1,a,f061152e-Audio_SP12.v0,group_0,1,fave,267.1341357283309,75.61282456532867,6,bastante,,0.1499999999999772,mejorado,[silence],b,s,b,s,internal,30.91053052751906,16.39026550709242,43.81364354508296,f061152e-Audio_SP12.csv,f061152e-Audio_SP12,806.55875,2353.872,1176.936,time column: time,audio_duration,H1
827.7814029740374,1888.057071770413,3225.818202441138,3.1299111305856657,3.31261061240051,3.596393860268327,6769.2307692307695,2.239906269267778e-06,810.16375,0.027,0.3214285714285714,0-0-1493-1,a,f061152e-Audio_SP12.v0,group_0,1,fave,268.97344834265505,82.72795025329006,6,tareas,,0.0600000000000591,hay,que,t,R,t,R,internal,22.87194683559945,27.456710820192384,36.46649377673385,f061152e-Audio_SP12.csv,f061152e-Audio_SP12,810.16375,2353.872,1176.936,time column: time,audio_duration,H1
829.3567389397326,1975.8854727447963,2949.582328294249,2.990770754487404,3.969018976475592,4.202230464501015,6769.2307692307695,0.0006813253567902,810.42875,0.037,0.3245614035087719,0-0-1493-4,a,f061152e-Audio_SP12.v0,group_0,1,fave,282.6712453749219,76.05081941363065,6,tareas,,0.0900000000000318,hay,que,é,s,é,s,internal,19.901015378766942,52.932577256503066,66.83523853972562,f061152e-Audio_SP12.csv,f061152e-Audio_SP12,810.42875,2353.872,1176.936,time column: time,audio_duration,H1
814.0520656515571,1799.3660718486317,2699.47910542512,3.092846713590084,3.2287371081034784,4.14994305169511,6410.25641025641,2.37227717749e-05,812.0937500000001,0.027,0.3214285714285714,0-0-1501-2,a,f061152e-Audio_SP12.v0,group_0,1,fave,259.11557456781264,81.88676105340143,6,realizaba,,0.0599999999999454,no,[silence],e,l,e,l,internal,22.03972955554964,25.24775164775496,63.4303879421937,f061152e-Audio_SP12.csv,f061152e-Audio_SP12,812.0937500000001,2353.872,1176.936,time column: time,audio_duration,H1
1067.404495942748,1498.8880192959818,2680.920454237519,3.469299434928488,3.446393195322315,3.8825312532805336,6769.2307692307695,0.0076583661871453,812.63575,0.071,0.3317757009345794,0-0-1501-8,a,f061152e-Audio_SP12.v0,group_0,1,fave,238.3166200350163,63.4456553921466,6,realizaba,,0.1899999999999408,no,[silence],b,#,b,.,final,32.114236449861615,31.386981195234632,48.54694428843882,f061152e-Audio_SP12.csv,f061152e-Audio_SP12,812.63575,2353.872,1176.936,time column: time,audio_duration,H1
690.7019804435666,1783.2545115071755,2778.19335031696,2.5176437459760765,3.326886020473572,3.4441097090912955,6051.282051282051,0.0004106218333121,813.9527499999999,0.045,0.335820895522388,0-0-1505-4,a,f061152e-Audio_SP12.v0,group_0,1,fave,228.1466148608544,79.76035997898124,6,sabía,,0.1100000000000136,no,cómo,i,#,i,k,final,12.399346206963363,27.85147759588869,31.315391224306182,f061152e-Audio_SP12.csv,f061152e-Audio_SP12,813.9527499999999,2353.872,1176.936,time column: time,audio_duration,H1
853.5532536590684,1782.0372243998606,2842.121762729691,3.4397277172918947,2.5645343357649364,3.977686119130284,6589.74358974359,0.0002298924746511,814.4737500000001,0.047,0.3263888888888889,0-0-1507-2,a,f061152e-Audio_SP12.v0,group_0,1,fave,166.67359126473852,74.39916074439635,6,era,,0.1200000000000045,cómo,entonces,R,#,R,e,final,31.178467654844287,12.994605837368884,53.39334534164793,f061152e-Audio_SP12.csv,f061152e-Audio_SP12,814.4737500000001,2353.872,1176.936,time column: time,audio_duration,H1
851.0496542383066,1502.0313832424238,2902.520724447468,3.2753245183426194,3.0056837485469035,4.721923191417702,6769.2307692307695,0.0027553740440138,816.75575,0.031,0.3297872340425531,0-0-1514-0,a,f061152e-Audio_SP12.v0,group_0,1,fave,218.0908215703228,78.75896500564204,6,a,,0.0699999999999363,llegado,realizarlas,#,#,o,r,coextensive,26.45180818481641,20.200023111636057,112.38418125813044,f061152e-Audio_SP12.csv,f061152e-Audio_SP12,816.75575,2353.872,1176.936,time column: time,audio_duration,H1
795.578688083601,1617.632699006105,2634.127503219668,3.421529632015156,2.987752324287585,4.154015903031487,6769.2307692307695,0.0001689645904433,817.30575,0.031,0.3297872340425531,0-0-1515-9,a,f061152e-Audio_SP12.v0,group_0,1,fave,210.7888878186425,75.3374422219794,6,realizarlas,,0.07000000000005,a,mejor,l,s,l,s,internal,30.61621075795538,19.84103612008235,63.689257292835165,f061152e-Audio_SP12.csv,f061152e-Audio_SP12,817.30575,2353.872,1176.936,time column: time,audio_duration,H1
621.9047527076876,1776.5631795315355,2864.973145502954,3.468578306862813,2.5550073217696743,4.123348219223242,6589.74358974359,3.6403924473e-05,832.3937500000001,0.027,0.3214285714285714,0-0-1529-1,a,f061152e-Audio_SP12.v0,group_0,1,fave,295.22962569277865,79.34292924374049,6,tareas,,0.0600000000000591,son,más,t,R,t,R,internal,32.09108632075703,12.871393898558653,61.76570154533589,f061152e-Audio_SP12.csv,f061152e-Audio_SP12,832.3937500000001,2353.872,1176.936,time column: time,audio_duration,H1
615.887401614144,1623.5008967858728,2435.34370100307,2.4318082485231565,3.5890437107898308,3.698069240709069,6051.282051282051,3.69420535825e-05,832.5627499999999,0.025,0.3378378378378378,0-0-1529-4,a,f061152e-Audio_SP12.v0,group_0,1,fave,307.10871606795433,81.32782348472769,6,tareas,,0.0500000000000682,son,más,é,s,é,s,internal,11.379440343370296,36.19944223318047,40.36928569325069,f061152e-Audio_SP12.csv,f061152e-Audio_SP12,832.5627499999999,2353.872,1176.936,time column: time,audio_duration,H1
842.4383744630462,2071.6741745102768,2818.574772879002,4.480585736931848,3.211924025294832,4.304080800269364,6410.25641025641,0.0009860062311157,833.42575,0.031,0.3297872340425531,0-0-1531-6,a,f061152e-Audio_SP12.v0,group_0,1,fave,244.46566032303983,77.68793888116438,6,sencillas,,0.07000000000005,más,",",L,s,L,s,internal,88.2863701211806,24.82680770721489,74.00116233195273,f061152e-Audio_SP12.csv,f061152e-Audio_SP12,833.42575,2353.872,1176.936,time column: time,audio_duration,H1
668.375388376081,1510.9576431320063,1812.662870946681,2.955094541396696,3.723304814966762,3.4698503269230603,4794.871794871795,0.0013596936351016,836.7137500000001,0.047,0.3263888888888889,0-0-1542-1,a,f061152e-Audio_SP12.v0,group_0,1,fave,220.29327731283269,77.3478348525781,6,capturas,,0.1199999999998908,las,de,k,p,k,p,internal,19.203538163333988,41.40099088506736,32.131932799574805,f061152e-Audio_SP12.csv,f061152e-Audio_SP12,836.7137500000001,2353.872,1176.936,time column: time,audio_duration,H1
1046.374693237723,1502.8013442656206,3442.226942106501,3.8193879350074686,2.8409435378987857,4.794315577820066,7666.666666666666,0.000924411444899,837.27575,0.031,0.3297872340425531,0-0-1544-1,a,f061152e-Audio_SP12.v0,group_0,1,fave,212.49519918572773,82.29526950060661,6,pantalla,,0.07000000000005,de,",",p,n,p,n,internal,45.57630412188623,17.131922531766616,120.8216604538961,f061152e-Audio_SP12.csv,f061152e-Audio_SP12,837.27575,2353.872,1176.936,time column: time,audio_duration,H1
742.6891942971536,1435.829120326222,1798.098711736733,3.1528126655786406,3.43368094656496,2.8037450155242123,4435.897435897436,0.004243495723396,837.93075,0.0809999999999999,0.3319672131147541,0-0-1544-6,a,f061152e-Audio_SP12.v0,group_0,1,fave,222.9507414233133,76.75080995287256,6,pantalla,,0.2200000000000272,de,",",L,#,L,.,final,23.401793519960336,30.99050745813149,16.50634769188444,f061152e-Audio_SP12.csv,f061152e-Audio_SP12,837.93075,2353.872,1176.936,time column: time,audio_duration,H1
953.9919981204604,1320.8882951107096,2657.9691872494204,3.957120546101008,2.817600292998619,4.348946790616831,6589.74358974359,0.0375020101355631,840.0027500000001,0.065,0.3350515463917525,0-0-1552-5,a,f061152e-Audio_SP12.v0,group_0,1,fave,217.78957203601283,71.95661955725448,6,alguna,,0.169999999999959,en,página,n,#,n,p,final,52.30649475731085,16.736639413037505,77.39690483752516,f061152e-Audio_SP12.csv,f061152e-Audio_SP12,840.0027500000001,2353.872,1176.936,time column: time,audio_duration,H1
528.2022643394971,1995.949509230281,3247.5439172858346,3.895236658276848,3.665648053481002,3.976602472181492,7128.205128205128,8.06986325604e-05,840.53375,0.027,0.3214285714285714,0-0-1553-5,a,f061152e-Audio_SP12.v0,group_0,1,fave,212.51791381897965,75.34560988592231,6,página,,0.0600000000000591,alguna,",",n,#,n,.,final,49.16768792622292,39.08145483113371,53.33551714421642,f061152e-Audio_SP12.csv,f061152e-Audio_SP12,840.53375,2353.872,1176.936,time column: time,audio_duration,H1
702.4695884331325,1968.3228110186096,2679.111745647165,3.0827800853010308,2.763619174122345,4.35991894596901,8025.641025641025,0.0016586178359712,843.8637500000001,0.047,0.3263888888888889,0-0-1566-0,a,f061152e-Audio_SP12.v0,group_0,1,fave,334.4033413743456,84.27783203634011,6,al,,0.1200000000000045,haces,momento,#,l,s,l,initial,21.818976772825398,15.857128932441965,78.25079162394374,f061152e-Audio_SP12.csv,f061152e-Audio_SP12,843.8637500000001,2353.872,1176.936,time column: time,audio_duration,H1
1027.0749880908902,1822.974645593889,3011.789484302212,3.772291179288495,2.6684131926085173,4.0535950327998345,7128.205128205128,0.0058223050848073,844.64075,0.041,0.3306451612903226,0-0-1568-1,a,f061152e-Audio_SP12.v0,group_0,1,fave,255.4793014330293,79.847223574271,6,la,,0.1000000000000227,momento,tarea,l,#,l,t,final,43.47957029082636,14.417073912958717,57.6041741408821,f061152e-Audio_SP12.csv,f061152e-Audio_SP12,844.64075,2353.872,1176.936,time column: time,audio_duration,H1
712.3424115746188,1792.3514117910886,2299.0217432377617,3.2514621902422283,2.844569433968412,4.896694455480654,8205.128205128205,0.0003783722940239,844.77575,0.031,0.3297872340425531,0-0-1569-1,a,f061152e-Audio_SP12.v0,group_0,1,fave,221.89930779303785,84.08415393686317,6,tarea,,0.07000000000005,la,te,t,R,t,R,internal,25.828077883883413,17.194153856317023,133.8466116989748,f061152e-Audio_SP12.csv,f061152e-Audio_SP12,844.77575,2353.872,1176.936,time column: time,audio_duration,H1
787.0050578021448,1897.5469189265536,2992.7796186024425,3.187622995040223,3.280775412268723,4.487083233723938,7666.666666666666,0.0013959132464016,844.9527499999999,0.045,0.335820895522388,0-0-1569-4,a,f061152e-Audio_SP12.v0,group_0,1,fave,212.7750483419188,78.98704623356642,6,tarea,,0.1100000000000136,la,te,é,#,é,t,final,24.23076229292252,26.59638787167187,88.86187818401815,f061152e-Audio_SP12.csv,f061152e-Audio_SP12,844.9527499999999,2353.872,1176.936,time column: time,audio_duration,H1
828.4751257578737,1777.5712585095162,2442.7876150718703,3.8534516548155455,3.47173031252761,4.35315895578402,6589.74358974359,0.0027517420444437,845.63275,0.045,0.3358208955223881,0-0-1571-6,a,f061152e-Audio_SP12.v0,group_0,1,fave,273.91599792442474,76.1291660354842,6,expira,,0.1100000000000136,te,y,R,#,R,i,final,47.15554732275916,32.19239718896668,77.72360095009358,f061152e-Audio_SP12.csv,f061152e-Audio_SP12,845.63275,2353.872,1176.936,time column: time,audio_duration,H1
772.3881232193519,1726.5026264626538,2676.434231730883,3.766673741815488,3.093499629173701,4.824833895357016,7487.179487179487,0.0016156138566967,846.33775,0.035,0.3365384615384615,0-0-1574-1,a,f061152e-Audio_SP12.v0,group_0,1,fave,220.92622820600096,80.07085601154239,6,la,,0.0799999999999272,pierdes,tarea,l,#,l,t,final,43.23601125266904,22.05412433721242,124.56577571096594,f061152e-Audio_SP12.csv,f061152e-Audio_SP12,846.33775,2353.872,1176.936,time column: time,audio_duration,H1
780.8483278485853,1797.073027507197,3112.953950154251,3.376123939951344,2.715351331979364,4.482598304725872,7487.179487179487,0.000309684946978,846.46775,0.035,0.3365384615384615,0-0-1575-1,a,f061152e-Audio_SP12.v0,group_0,1,fave,203.22628168869585,82.08057788878173,6,tarea,,0.0799999999999272,la,entonces,t,R,t,R,internal,29.25714858690045,15.10991773677109,88.46423134518894,f061152e-Audio_SP12.csv,f061152e-Audio_SP12,846.46775,2353.872,1176.936,time column: time,audio_duration,H1
837.6101056832125,2015.217856329372,2793.7230031384347,3.470776913455661,3.40491909302155,3.831626770616372,6051.282051282051,0.0003202229925587,846.7057500000001,0.031,0.3297872340425531,0-0-1575-4,a,f061152e-Audio_SP12.v0,group_0,1,fave,171.7375225991465,77.63572841754092,6,tarea,,0.0699999999999363,la,entonces,é,#,é,e,final,32.16171961367257,30.11185936580312,46.1375324005439,f061152e-Audio_SP12.csv,f061152e-Audio_SP12,846.7057500000001,2353.872,1176.936,time column: time,audio_duration,H1
844.394376231837,1628.4498265724949,3127.5408738284423,3.85124649418874,2.891218646553776,3.861933711812266,6589.74358974359,0.0002145970250811,847.91575,0.031,0.3297872340425531,0-0-1580-1,a,f061152e-Audio_SP12.v0,group_0,1,fave,268.28957628742654,82.9017145392099,6,la,,0.07000000000005,hiciste,mitad,l,#,l,m,final,47.05167633466556,18.015250452643198,47.557224478899926,f061152e-Audio_SP12.csv,f061152e-Audio_SP12,847.91575,2353.872,1176.936,time column: time,audio_duration,H1
779.9618326224597,1763.016786947054,3311.694739071538,4.057624693603295,3.287930894112374,3.251592712160059,7666.666666666666,9.95946086176e-05,848.4737500000001,0.027,0.3214285714285714,0-0-1583-2,a,f061152e-Audio_SP12.v0,group_0,1,fave,313.8463153406644,78.76050440629393,6,trabajo,,0.0599999999999454,del,",",R,b,R,b,internal,57.83676774545805,26.787380348880603,25.83144923415546,f061152e-Audio_SP12.csv,f061152e-Audio_SP12,848.4737500000001,2353.872,1176.936,time column: time,audio_duration,H1
815.0350043168097,1696.6595756898578,2933.830837060308,3.3949178368960604,2.7423893945384425,3.567341474610612,6589.74358974359,0.0008130912031093,850.89075,0.041,0.3306451612903226,0-0-1592-1,a,f061152e-Audio_SP12.v0,group_0,1,fave,206.09865649044772,78.50782269338723,6,la,,0.1000000000000227,perdiste,tarea,l,#,l,t,final,29.81220391109895,15.524033858374317,35.42229678716847,f061152e-Audio_SP12.csv,f061152e-Audio_SP12,850.89075,2353.872,1176.936,time column: time,audio_duration,H1
661.51717044933,1721.1353771618833,2960.1445483428147,4.335609108837329,2.875585146281399,4.346069777728716,7666.666666666666,0.0001930743821033,851.01575,0.031,0.3297872340425531,0-0-1593-1,a,f061152e-Audio_SP12.v0,group_0,1,fave,193.5237455754689,76.6822653685565,6,tarea,,0.07000000000005,la,",",t,R,t,R,internal,76.37146325840939,17.73579912262318,77.17455295279736,f061152e-Audio_SP12.csv,f061152e-Audio_SP12,851.01575,2353.872,1176.936,time column: time,audio_duration,H1
697.211039601999,1867.508056237133,2622.155028478245,3.722616808000264,2.8538330339440137,3.601226181358122,7307.692307692308,0.0010797205853629,851.26275,0.045,0.335820895522388,0-0-1593-4,a,f061152e-Audio_SP12.v0,group_0,1,fave,113.70694018307788,67.67157900087257,6,tarea,,0.1100000000000136,la,",",é,#,é,.,final,41.37251651132547,17.354173654931753,36.64313804084375,f061152e-Audio_SP12.csv,f061152e-Audio_SP12,851.26275,2353.872,1176.936,time column: time,audio_duration,H1
783.274073047284,1750.421454028657,3163.488745191041,3.586271089859278,2.8460358040129186,4.332369670214327,6230.769230769231,0.0033210316910795,852.8737500000001,0.047,0.3263888888888889,0-0-1600-1,a,f061152e-Audio_SP12.v0,group_0,1,fave,283.2542073135606,73.47213744271994,6,la,,0.1200000000000045,con,práctica,l,#,l,p,final,36.09921391374671,17.219385343299756,76.12446287792213,f061152e-Audio_SP12.csv,f061152e-Audio_SP12,852.8737500000001,2353.872,1176.936,time column: time,audio_duration,H1
813.1351560481306,1678.4516908060673,2798.569743348048,3.593601922587979,2.765981469139975,3.916855608138533,6410.25641025641,0.0003885752728323,853.07575,0.031,0.3297872340425531,0-0-1601-2,a,f061152e-Audio_SP12.v0,group_0,1,fave,275.6135928260139,82.25608646189598,6,práctica,,0.07000000000005,la,uno,R,k,R,k,internal,36.364823593139214,15.894632428833834,50.242214928387625,f061152e-Audio_SP12.csv,f061152e-Audio_SP12,853.07575,2353.872,1176.936,time column: time,audio_duration,H1
811.298665366636,1621.6041943675827,2536.195727639493,3.210890297690437,2.678173599355836,4.729614212343906,5692.307692307692,0.0028878569171173,853.44775,0.055,0.3353658536585365,0-0-1601-7,a,f061152e-Audio_SP12.v0,group_0,1,fave,249.4724974052553,78.018804380584,6,práctica,,0.1399999999999863,la,uno,k,#,k,ú,final,24.801156811062857,14.558479383321608,113.25186274914051,f061152e-Audio_SP12.csv,f061152e-Audio_SP12,853.44775,2353.872,1176.936,time column: time,audio_duration,H1
965.4901223106148,1700.2998399226108,2702.690118316865,4.589523395192717,3.0653093750744027,4.008305535642478,7307.692307692308,5.42456422103e-05,855.28575,0.031,0.3297872340425531,0-0-1611-1,a,f061152e-Audio_SP12.v0,group_0,1,fave,231.5984339483995,79.63573616211492,6,la,,0.07000000000005,tener,cuestión,l,#,l,k,final,98.44749842787392,21.441094301337134,55.05350528127586,f061152e-Audio_SP12.csv,f061152e-Audio_SP12,855.28575,2353.872,1176.936,time column: time,audio_duration,H1
701.0030891020617,1647.8931744229212,2433.209740737388,3.1350387979569203,3.540725839778319,4.649054178563612,7487.179487179487,0.0034384121188933,855.8637500000001,0.047,0.3263888888888889,0-0-1614-1,a,f061152e-Audio_SP12.v0,group_0,1,fave,218.6050731309032,76.46880167920848,6,capture,,0.1200000000000045,del,",",k,p,k,p,internal,22.989527771440272,34.4919457333735,104.48611362080966,f061152e-Audio_SP12.csv,f061152e-Audio_SP12,855.8637500000001,2353.872,1176.936,time column: time,audio_duration,H1
789.4301702891763,1712.076025505413,2805.2735884629205,3.608056465699328,2.74451720436782,3.887860484565969,6589.74358974359,0.0002360293106423,857.2257500000001,0.031,0.3297872340425531,0-0-1620-1,a,f061152e-Audio_SP12.v0,group_0,1,fave,206.1378640955532,81.59605679286723,6,la,,0.0699999999999363,a,mano,l,#,l,m,final,36.894277794416624,15.557101218260213,48.8063527927631,f061152e-Audio_SP12.csv,f061152e-Audio_SP12,857.2257500000001,2353.872,1176.936,time column: time,audio_duration,H1
1235.7380045801335,1686.8338862897008,2423.216217741093,3.784007205599395,3.271194092191009,4.639765776767138,7307.692307692308,0.0016242509842989,859.2287500000001,0.037,0.324561403508772,0-0-1628-0,a,f061152e-Audio_SP12.v0,group_0,1,fave,231.74454352060152,75.03779094858852,6,abiertas,,0.0899999999999181,pestañas,de,#,b,s,b,initial,43.99197388608739,26.34277627367185,103.52009793147232,f061152e-Audio_SP12.csv,f061152e-Audio_SP12,859.2287500000001,2353.872,1176.936,time column: time,audio_duration,H1
710.4182512338215,1722.1779657967652,3245.789767804139,3.7251540079775576,2.7422406966518165,3.77392092582297,8205.128205128205,5.24348650195e-05,859.8487500000001,0.037,0.3245614035087719,0-0-1630-2,a,f061152e-Audio_SP12.v0,group_0,1,fave,215.61896850682484,77.7188148368351,6,una,,0.0899999999999181,de,vez,n,#,n,b,final,41.47762013735469,15.521725638965592,43.55048874368261,f061152e-Audio_SP12.csv,f061152e-Audio_SP12,859.8487500000001,2353.872,1176.936,time column: time,audio_duration,H1
684.8712910863773,1760.8965915225212,3018.2639078932625,3.6287594755129806,2.680199017710478,4.075451460922301,6948.717948717948,0.0003663947435843,863.78775,0.035,0.3365384615384616,0-0-1641-1,a,f061152e-Audio_SP12.v0,group_0,1,fave,306.0784772491182,81.72027261863673,6,la,,0.0800000000000409,iniciar,tarea,l,#,l,t,final,37.6660619508438,14.587996276618352,58.87705527885747,f061152e-Audio_SP12.csv,f061152e-Audio_SP12,863.78775,2353.872,1176.936,time column: time,audio_duration,H1
747.1814823487892,1794.2389297448524,3283.427479904542,3.762726587150324,2.892312439778148,3.014117763590565,7487.179487179487,0.0003350509778753,863.91875,0.037,0.324561403508772,0-0-1642-1,a,f061152e-Audio_SP12.v0,group_0,1,fave,332.7670860770778,80.27244140844901,6,tarea,,0.0900000000000318,la,[silence],t,R,t,R,internal,43.0656883956161,18.034966192029103,20.371110874666783,f061152e-Audio_SP12.csv,f061152e-Audio_SP12,863.91875,2353.872,1176.936,time column: time,audio_duration,H1
787.0788045217689,1796.5450606837796,2554.497174117098,3.140730695260528,3.465541283179012,4.104411937975165,6769.2307692307695,0.0001004862107492,864.17775,0.035,0.3365384615384616,0-0-1642-4,a,f061152e-Audio_SP12.v0,group_0,1,fave,269.83894053686845,77.19417129379822,6,tarea,,0.0800000000000409,la,[silence],é,#,é,.,final,23.12075491399529,31.99377277812656,60.60709333604501,f061152e-Audio_SP12.csv,f061152e-Audio_SP12,864.17775,2353.872,1176.936,time column: time,audio_duration,H1
809.0092871025571,1779.148982682376,3184.123973532493,4.112546113182981,2.893984014284777,4.6238821219852575,7307.692307692308,0.0003098003768951,865.4737500000001,0.027,0.3214285714285714,0-0-1648-2,a,f061152e-Audio_SP12.v0,group_0,1,fave,256.62475509080895,81.9100600458152,6,una,,0.0599999999999454,como,vista,n,#,n,b,final,61.10209252786307,18.065138192091226,101.88881013543222,f061152e-Audio_SP12.csv,f061152e-Audio_SP12,865.4737500000001,2353.872,1176.936,time column: time,audio_duration,H1
811.5273320120643,1748.9139171464772,3271.487158147179,3.4283727831727755,2.98859880539437,4.598282516109803,7307.692307692308,0.0001485441406881,865.74575,0.031,0.3297872340425531,0-0-1649-4,a,f061152e-Audio_SP12.v0,group_0,1,fave,271.88728079892144,81.57161405703019,6,vista,,0.0699999999999363,una,preliminar,t,#,t,p,final,30.82644061298461,19.85783829265458,99.31359957550262,f061152e-Audio_SP12.csv,f061152e-Audio_SP12,865.74575,2353.872,1176.936,time column: time,audio_duration,H1
883.6519534813073,1631.2920560194466,2839.5214168421544,3.8534990346051066,3.0066613757114866,4.121744599582401,6589.74358974359,4.70557518664e-05,869.66275,0.025,0.3378378378378378,0-0-1663-1,a,f061152e-Audio_SP12.v0,group_0,1,fave,256.0575212696396,80.5943655971358,6,la,,0.0500000000000682,aceptar,tarea,l,#,l,t,final,47.15778159559722,20.219780859236952,61.66673222898632,f061152e-Audio_SP12.csv,f061152e-Audio_SP12,869.66275,2353.872,1176.936,time column: time,audio_duration,H1
665.6969023005862,1894.375766834716,2807.9204113929814,3.176676117124512,3.44552033542544,3.352754409825552,6589.74358974359,0.0007063886879906,869.93075,0.041,0.3306451612903226,0-0-1664-4,a,f061152e-Audio_SP12.v0,group_0,1,fave,215.00793822762043,80.51431182643731,6,tarea,,0.1000000000000227,la,para,é,#,é,p,final,23.96695764930579,31.359596711212948,28.58135007460179,f061152e-Audio_SP12.csv,f061152e-Audio_SP12,869.93075,2353.872,1176.936,time column: time,audio_duration,H1
782.0057869877932,1669.6539301793312,2477.173673036443,3.754295860694528,2.9834152147136006,4.478809961546202,6948.717948717948,3.66838633574e-05,870.6137500000001,0.027,0.3214285714285714,0-0-1668-3,a,f061152e-Audio_SP12.v0,group_0,1,fave,271.0581167879509,81.83277019519738,6,corra,,0.0599999999999454,te,el,r,#,r,e,final,42.70413955828193,19.755169712975608,88.12973247603023,f061152e-Audio_SP12.csv,f061152e-Audio_SP12,870.6137500000001,2353.872,1176.936,time column: time,audio_duration,H1
1220.7267857705049,1598.1639375115665,2798.618680214297,3.5552544343764194,2.823845909839489,3.899524807770151,6410.25641025641,0.000599431186285,872.04075,0.041,0.3306451612903226,0-0-1674-0,a,f061152e-Audio_SP12.v0,group_0,1,fave,338.9140360883631,80.12009805670178,6,haciendo,,0.1000000000000227,[silence],[silence],#,z,.,z,initial,34.99672320444605,16.84149715981473,49.37897902242193,f061152e-Audio_SP12.csv,f061152e-Audio_SP12,872.04075,2353.872,1176.936,time column: time,audio_duration,H1
632.0609791426323,1190.6939769551448,1807.0098502660385,3.797400717820921,2.722190443291928,3.4216380948293854,4974.358974358975,0.0061108147692414,873.7287500000001,0.037,0.324561403508772,0-0-1681-0,a,f061152e-Audio_SP12.v0,group_0,1,fave,230.5849443030513,77.86170841932008,6,abriendo,,0.0899999999999181,",",las,#,b,.,b,initial,44.58514437690014,15.213610324500133,30.61953165842908,f061152e-Audio_SP12.csv,f061152e-Audio_SP12,873.7287500000001,2353.872,1176.936,time column: time,audio_duration,H1
870.4802865656962,1795.0636537354574,3008.283321246556,3.030976056002729,2.930343935120713,3.821934193623834,6589.74358974359,0.0009315037648273,874.13575,0.031,0.3297872340425531,0-0-1682-1,a,f061152e-Audio_SP12.v0,group_0,1,fave,276.0483513091204,78.82770199157761,6,las,,0.07000000000005,abriendo,páginas,l,s,l,s,internal,20.717444109681505,18.73407269431397,45.692501049893664,f061152e-Audio_SP12.csv,f061152e-Audio_SP12,874.13575,2353.872,1176.936,time column: time,audio_duration,H1
1152.4465283896757,1575.90084055635,2812.746630460093,3.289175412713521,3.100973374186324,3.676963725356583,6589.74358974359,0.0028828334347478,874.33075,0.041,0.3306451612903226,0-0-1683-1,a,f061152e-Audio_SP12.v0,group_0,1,fave,240.532316606444,76.22242523757673,6,páginas,,0.1000000000000227,las,que,p,x,p,x,internal,26.82073849511202,22.2195687134266,39.52619929606248,f061152e-Audio_SP12.csv,f061152e-Audio_SP12,874.33075,2353.872,1176.936,time column: time,audio_duration,H1
627.450525847764,1921.412193723455,3253.7205322082714,2.449218133167788,3.250036161842027,3.3316460793129057,6769.2307692307695,0.0002110429064677,874.53575,0.031,0.3297872340425531,0-0-1683-5,a,f061152e-Audio_SP12.v0,group_0,1,fave,292.57051669094056,69.65969666649008,6,páginas,,0.07000000000005,las,que,n,s,n,s,internal,11.579289716429887,25.791272560253915,27.984368300873484,f061152e-Audio_SP12.csv,f061152e-Audio_SP12,874.53575,2353.872,1176.936,time column: time,audio_duration,H1
867.5165439422167,1732.8145435080714,3030.190324712712,3.7280569321228,3.29954516257977,3.811466032085281,7666.666666666666,0.0018537116735517,876.3677500000001,0.055,0.3353658536585365,0-0-1689-4,a,f061152e-Audio_SP12.v0,group_0,1,fave,219.0366633197897,80.82853120280254,6,adelantando,,0.1399999999999863,y,la,l,n,l,n,internal,41.59820145687264,27.10030988198221,45.21667940187253,f061152e-Audio_SP12.csv,f061152e-Audio_SP12,876.3677500000001,2353.872,1176.936,time column: time,audio_duration,H1
833.0032055971801,1612.944764126045,3338.9808925243333,3.084711642218936,2.3934480946708248,4.155328740033432,7487.179487179487,0.0002292700824246,876.8787500000001,0.037,0.324561403508772,0-0-1690-1,a,f061152e-Audio_SP12.v0,group_0,1,fave,268.46308544725986,79.93723507336419,6,la,,0.0900000000000318,adelantando,tarea,l,#,l,t,final,21.861162096914036,10.951189655191,63.77292581598493,f061152e-Audio_SP12.csv,f061152e-Audio_SP12,876.8787500000001,2353.872,1176.936,time column: time,audio_duration,H1
655.5430538528241,1742.438168820922,3177.495325221798,3.217374492410266,3.144958314354827,3.768316645376149,7307.692307692308,7.50227887612e-05,877.01575,0.031,0.3297872340425531,0-0-1691-1,a,f061152e-Audio_SP12.v0,group_0,1,fave,288.6323017432944,79.39962606378896,6,tarea,,0.07000000000005,la,para,t,R,t,R,internal,24.96249484944628,23.218707566305596,43.30710223132548,f061152e-Audio_SP12.csv,f061152e-Audio_SP12,877.01575,2353.872,1176.936,time column: time,audio_duration,H1
756.7531358515934,1766.081716332953,2305.3576870570228,3.799615513498638,3.6020680034038115,4.453690802145633,6589.74358974359,0.0167086854841368,877.25375,0.067,0.3284313725490196,0-0-1691-4,a,f061152e-Audio_SP12.v0,group_0,1,fave,262.20070554405424,75.31990652165203,6,tarea,,0.1799999999999499,la,para,é,#,é,p,final,44.68400079492998,36.67399802975684,85.94356003500211,f061152e-Audio_SP12.csv,f061152e-Audio_SP12,877.25375,2353.872,1176.936,time column: time,audio_duration,H1
819.3204373889586,1750.6433488500152,3117.35293389464,2.8260531386243843,2.877193019937153,4.261948248966881,7307.692307692308,3.13439625374e-05,877.6137500000001,0.027,0.3214285714285714,0-0-1692-3,a,f061152e-Audio_SP12.v0,group_0,1,fave,205.09722272868788,82.90173109879294,6,para,,0.0599999999999454,tarea,luego,R,#,R,l,final,16.878711252025887,17.764338984893957,70.94807340450897,f061152e-Audio_SP12.csv,f061152e-Audio_SP12,877.6137500000001,2353.872,1176.936,time column: time,audio_duration,H1
1075.333727139045,1403.0994128491448,3030.5106513190703,3.8624991120403513,3.0585119448227385,4.264475114121768,7846.153846153846,4.64544040255e-05,899.64575,0.031,0.3297872340425531,0-0-1712-0,a,f061152e-Audio_SP12.v0,group_0,1,fave,249.2648688942629,81.64686622385813,6,ahorita,,0.07000000000005,",",[silence],#,o,.,o,initial,47.58412094738559,21.295844181358,71.1275763133127,f061152e-Audio_SP12.csv,f061152e-Audio_SP12,899.64575,2353.872,1176.936,time column: time,audio_duration,H1
715.7505327213247,1721.000073620959,3117.956872821579,4.034294607538335,2.7730192109006446,4.284376434369628,6589.74358974359,0.0178182916366436,900.18275,0.0849999999999999,0.3346456692913385,0-0-1712-5,a,f061152e-Audio_SP12.v0,group_0,1,fave,350.0519488810831,75.7346692321962,6,ahorita,,0.2300000000000182,",",[silence],t,#,t,®,final,56.50304935259072,16.006889301350476,72.55728837918183,f061152e-Audio_SP12.csv,f061152e-Audio_SP12,900.18275,2353.872,1176.936,time column: time,audio_duration,H1
835.6032265034856,1629.5034717423905,2831.767707179444,4.170386531394345,2.653768977495817,4.669547823659479,6589.74358974359,0.0008967061187154,901.51575,0.031,0.3297872340425531,0-0-1716-1,a,f061152e-Audio_SP12.v0,group_0,1,fave,233.49280729132747,73.86510736436892,6,la,,0.07000000000005,con,situación,l,#,l,s,final,64.74047149641994,14.207485555336964,106.64950714398584,f061152e-Audio_SP12.csv,f061152e-Audio_SP12,901.51575,2353.872,1176.936,time column: time,audio_duration,H1
793.5503246414602,1729.5043813866291,2956.9148033135225,3.522420795612016,2.660029099420151,4.104696137928845,6410.25641025641,4.80536566789e-05,902.07775,0.035,0.3365384615384615,0-0-1719-1,a,f061152e-Audio_SP12.v0,group_0,1,fave,290.247967894512,79.77327198758964,6,la,,0.0800000000000409,de,pandemia,l,#,l,p,final,33.866312732579985,14.29670511845362,60.62432031700144,f061152e-Audio_SP12.csv,f061152e-Audio_SP12,902.07775,2353.872,1176.936,time column: time,audio_duration,H1
1120.3029835233087,1589.469006932003,2615.0314977987755,3.9864453615314495,2.8294146036502084,4.476147113893068,6589.74358974359,0.0005619227287009,902.22575,0.031,0.3297872340425531,0-0-1720-1,a,f061152e-Audio_SP12.v0,group_0,1,fave,243.8675549510905,78.9109810577375,6,pandemia,,0.0699999999999363,la,[silence],p,n,p,n,internal,53.86308487395202,16.935543916572858,87.8953686008674,f061152e-Audio_SP12.csv,f061152e-Audio_SP12,902.22575,2353.872,1176.936,time column: time,audio_duration,H1
806.5334560841595,1771.3034469994263,2700.753063372252,3.115456468175135,3.687283692877504,4.0870172920718,6410.25641025641,0.0001650377529643,903.39575,0.031,0.3297872340425531,0-0-1723-1,a,f061152e-Audio_SP12.v0,group_0,1,fave,208.67093223823468,79.23042630870623,6,las,,0.07000000000005,y,restricciones,l,s,l,s,internal,22.543718495253643,39.936220452541775,59.56197053088346,f061152e-Audio_SP12.csv,f061152e-Audio_SP12,903.39575,2353.872,1176.936,time column: time,audio_duration,H1
869.618366101825,1768.0268926429726,3181.436333985492,3.940510599282911,3.405483662106428,4.506700553378815,6769.2307692307695,0.0003973618877367,907.71375,0.027,0.3214285714285714,0-0-1737-0,a,f061152e-Audio_SP12.v0,group_0,1,fave,264.9319779817518,78.05560497016874,6,a,,0.0599999999999454,días,la,#,#,s,l,coextensive,51.44486230533382,30.128864390493167,90.62232118307818,f061152e-Audio_SP12.csv,f061152e-Audio_SP12,907.71375,2353.872,1176.936,time column: time,audio_duration,H1
885.5992163438339,1569.5978971437182,2916.6997034817414,3.56960470633068,2.9861336152295115,4.755894243701106,6410.25641025641,0.0023403872935058,910.38575,0.051,0.3311688311688312,0-0-1748-1,a,f061152e-Audio_SP12.v0,group_0,1,fave,264.6803692396054,80.8238584299586,6,fácil,,0.1299999999999954,más,porque,f,z,f,z,internal,35.50255644169388,19.8089452351034,116.2675782397854,f061152e-Audio_SP12.csv,f061152e-Audio_SP12,910.38575,2353.872,1176.936,time column: time,audio_duration,H1
851.7981745553179,1241.3450102013817,1565.3281006550594,3.736055461783928,2.932230547333636,3.606726492168351,3897.4358974358975,0.0022348303400518,911.50775,0.035,0.3365384615384615,0-0-1754-0,a,f061152e-Audio_SP12.v0,group_0,1,fave,252.91954214102915,79.11422349790251,6,asisto,,0.0800000000000409,no,a,#,s,ó,s,initial,41.93226011312087,18.769449985778696,36.845241996889925,f061152e-Audio_SP12.csv,f061152e-Audio_SP12,911.50775,2353.872,1176.936,time column: time,audio_duration,H1
684.9614123333716,1766.237532729854,1965.73881288662,2.866518054383575,3.78909083639745,3.6527731267090897,6948.717948717948,0.0007402048443798,913.58375,0.027,0.3214285714285714,0-0-1760-6,a,f061152e-Audio_SP12.v0,group_0,1,fave,219.36511698057413,82.20021091182848,6,directamente,,0.0599999999999454,trabajo,nada,t,m,t,m,internal,17.575713852768395,44.21618225282426,38.58150924947167,f061152e-Audio_SP12.csv,f061152e-Audio_SP12,913.58375,2353.872,1176.936,time column: time,audio_duration,H1
712.1197498826873,1328.8118961269902,1707.0604828055175,3.5058252702000656,3.246212659227166,3.487051037249038,5871.794871794871,9.33155348982e-05,914.07275,0.045,0.335820895522388,0-0-1761-3,a,f061152e-Audio_SP12.v0,group_0,1,fave,211.14686092137464,82.41897118763804,6,nada,,0.1100000000000136,directamente,más,d,#,d,m,final,33.30892137286019,25.692847845663287,32.68940558721159,f061152e-Audio_SP12.csv,f061152e-Audio_SP12,914.07275,2353.872,1176.936,time column: time,audio_duration,H1
669.7185873017138,1611.2079703979812,2595.1635661643427,4.476823352999525,2.981128026466115,4.109875642726163,6410.25641025641,0.0004302177643808,914.78375,0.027,0.3214285714285714,0-0-1765-2,a,f061152e-Audio_SP12.v0,group_0,1,fave,187.9783533658672,79.36618794670208,6,plataformas,,0.0600000000000591,las,.,l,t,l,t,internal,87.95482698816923,19.710037553528068,60.939138873218695,f061152e-Audio_SP12.csv,f061152e-Audio_SP12,914.78375,2353.872,1176.936,time column: time,audio_duration,H1
936.4543999500968,1323.948798573471,1627.162350634617,3.5872302908266005,3.247363047801516,3.604510186841821,4435.897435897436,0.003678544944921,914.89775,0.055,0.3353658536585366,0-0-1765-4,a,f061152e-Audio_SP12.v0,group_0,1,fave,177.0733212489291,68.70123959584151,6,plataformas,,0.1399999999999863,las,.,t,f,t,f,internal,36.133856926802025,25.72242161166723,36.76367211606494,f061152e-Audio_SP12.csv,f061152e-Audio_SP12,914.89775,2353.872,1176.936,time column: time,audio_duration,H1
1642.424030467524,1780.485950808095,4196.59174309719,4.439481442667492,2.047769951763798,4.479314009524426,9461.53846153846,0.0019772913387411,917.53375,0.027,0.3214285714285714,0-0-1774-0,a,f061152e-Audio_SP12.v0,group_0,1,fave,223.3283883851944,69.55147788005122,6,haciendo,,0.0600000000000591,voy,.,#,z,y,z,initial,84.73099240230341,7.750597613128904,88.17416528669968,f061152e-Audio_SP12.csv,f061152e-Audio_SP12,917.53375,2353.872,1176.936,time column: time,audio_duration,H1
753.7706408994876,1655.6453860845363,2896.329008507005,3.8999754882903344,3.0681753993213032,4.215853556401107,8205.128205128205,0.0028549667670421,918.91075,0.041,0.3306451612903226,0-0-1780-3,a,f061152e-Audio_SP12.v0,group_0,1,fave,229.85737442151543,78.04470788143445,6,toca,,0.1000000000000227,me,trabajar,k,#,k,t,final,49.40123818188189,21.502633141264717,67.75197132612718,f061152e-Audio_SP12.csv,f061152e-Audio_SP12,918.91075,2353.872,1176.936,time column: time,audio_duration,H1
856.7717177325402,1532.5403684986914,2703.8096523030567,2.736029980076574,2.6842662142077947,4.721375599432023,6769.2307692307695,0.001239946055992,919.09275,0.045,0.335820895522388,0-0-1781-2,a,f061152e-Audio_SP12.v0,group_0,1,fave,270.9686021422541,83.78449085079662,6,trabajar,,0.1099999999998999,toca,[silence],R,b,R,b,internal,15.425623341242629,14.647449345678137,112.32265742767206,f061152e-Audio_SP12.csv,f061152e-Audio_SP12,919.09275,2353.872,1176.936,time column: time,audio_duration,H1
1130.7229148447125,1548.7776266418152,2925.489767471536,2.937825097999897,3.187696508749964,4.570579172990097,6410.25641025641,0.0001763617231138,919.22575,0.031,0.3297872340425531,0-0-1781-4,a,f061152e-Audio_SP12.v0,group_0,1,fave,245.1114422833034,80.473212225465,6,trabajar,,0.0699999999999363,toca,[silence],b,x,b,x,internal,18.874750905716937,24.232543651624862,96.60004170914796,f061152e-Audio_SP12.csv,f061152e-Audio_SP12,919.22575,2353.872,1176.936,time column: time,audio_duration,H1
1037.4332239317148,1482.2179982369814,3059.6696119960266,4.590663568678528,2.7847706417141027,4.183401955679219,7666.666666666666,0.0002379770339516,921.84375,0.027,0.3214285714285714,0-0-1786-0,a,f061152e-Audio_SP12.v0,group_0,1,fave,248.43418752577816,76.58120984579222,6,a,,0.0599999999999454,dedico,trabajar,#,#,o,t,coextensive,98.55980967030928,16.19610274036754,65.58860362826697,f061152e-Audio_SP12.csv,f061152e-Audio_SP12,921.84375,2353.872,1176.936,time column: time,audio_duration,H1
983.1022614964224,1745.670747133212,3073.848894178612,3.744525899679179,2.8748034095526864,4.615210092785691,7487.179487179487,0.0002922132326011,922.31375,0.027,0.3214285714285714,0-0-1789-1,a,f061152e-Audio_SP12.v0,group_0,1,fave,253.45607301175315,77.69331202726222,6,la,,0.0600000000000591,en,plataforma,l,#,l,p,final,42.28895325911174,17.721939814906694,101.00904757560414,f061152e-Audio_SP12.csv,f061152e-Audio_SP12,922.31375,2353.872,1176.936,time column: time,audio_duration,H1
980.7179409201171,1705.6922985245258,2855.2058199518547,4.349213859809032,2.4329261280307666,3.915230595227057,6948.717948717948,0.0001224301527342,922.43375,0.027,0.3214285714285714,0-0-1790-2,a,f061152e-Audio_SP12.v0,group_0,1,fave,240.1271008465308,75.43603603387672,6,plataforma,,0.0600000000000591,la,igual,l,t,l,t,internal,77.41757792682868,11.392168299373353,50.16063698098845,f061152e-Audio_SP12.csv,f061152e-Audio_SP12,922.43375,2353.872,1176.936,time column: time,audio_duration,H1
705.9727424443964,1718.980816000098,3077.551897015958,2.916068772077341,3.257642157050565,4.659445705586088,8025.641025641025,0.0019716396438126,922.53275,0.045,0.3358208955223881,0-0-1790-4,a,f061152e-Audio_SP12.v0,group_0,1,fave,225.9739499476852,73.24256085569193,6,plataforma,,0.1100000000000136,la,igual,t,f,t,f,internal,18.468540518854983,25.988188778356555,105.57754489135088,f061152e-Audio_SP12.csv,f061152e-Audio_SP12,922.53275,2353.872,1176.936,time column: time,audio_duration,H1
817.6400211594638,1821.866195991517,3130.269804338063,4.0726620696242,2.802241688483362,3.868796215208066,6769.2307692307695,3.16793189095e-05,923.18575,0.031,0.3297872340425531,0-0-1793-1,a,f061152e-Audio_SP12.v0,group_0,1,fave,196.6757118307776,81.0019694021658,6,la,,0.07000000000005,en,noche,l,#,l,n,final,58.71305297284518,16.48155189581877,47.88470848823557,f061152e-Audio_SP12.csv,f061152e-Audio_SP12,923.18575,2353.872,1176.936,time column: time,audio_duration,H1
744.8566552948502,1848.5478372342056,2889.7181632792613,3.3477075425901504,3.4277413848237592,4.97751877073107,8205.128205128205,2.54555546438e-05,933.65275,0.025,0.3378378378378378,0-0-1813-1,a,f061152e-Audio_SP12.v0,group_0,1,fave,211.19592373418047,84.07192795869418,6,las,,0.0500000000000682,desde,nueve,l,s,l,s,internal,28.437467179702463,30.806982992676613,145.11387379625072,f061152e-Audio_SP12.csv,f061152e-Audio_SP12,933.65275,2353.872,1176.936,time column: time,audio_duration,H1
1029.8922715290646,1698.6188069849409,2867.2207438281944,4.009846135647182,2.8730054677535795,3.774130218615964,6410.25641025641,0.0048645625418846,934.33875,0.037,0.3245614035087719,0-0-1816-1,a,f061152e-Audio_SP12.v0,group_0,1,fave,241.93513421547928,78.83082470013179,6,la,,0.0899999999999181,de,mañana,l,#,l,m,final,55.13838607866125,17.6901054253177,43.55960450100592,f061152e-Audio_SP12.csv,f061152e-Audio_SP12,934.33875,2353.872,1176.936,time column: time,audio_duration,H1
782.5512349529888,1380.8041920584983,2398.1879356893114,4.437547730779795,3.1444373991530026,4.540616782421767,5871.794871794871,0.0014264281030623,934.45375,0.027,0.3214285714285714,0-0-1817-1,a,f061152e-Audio_SP12.v0,group_0,1,fave,225.0592858736618,83.29195079589043,6,mañana,,0.0599999999999454,la,hasta,m,N,m,N,internal,84.5673053878071,23.206615738249543,93.74860478268656,f061152e-Audio_SP12.csv,f061152e-Audio_SP12,934.45375,2353.872,1176.936,time column: time,audio_duration,H1
909.0954760750498,1559.577672482178,3277.2277313067216,3.7100037450228194,2.998411380254054,4.192664063586895,7307.692307692308,0.002878426486926,934.89275,0.065,0.3350515463917525,0-0-1817-5,a,f061152e-Audio_SP12.v0,group_0,1,fave,400.9063244906493,81.93762224133076,6,mañana,,0.169999999999959,la,hasta,n,#,n,á,final,40.85395952571446,20.053653974269952,66.19891437153014,f061152e-Audio_SP12.csv,f061152e-Audio_SP12,934.89275,2353.872,1176.936,time column: time,audio_duration,H1
820.1671921367162,1628.7084644063095,2774.4028670971807,3.884867491041153,2.8743437088006307,4.989889243888202,8564.102564102563,0.0008496794829546,935.21775,0.035,0.3365384615384615,0-0-1818-3,a,f061152e-Audio_SP12.v0,group_0,1,fave,237.4342474194047,78.60497842254414,6,hasta,,0.0799999999999272,mañana,las,t,#,t,l,final,48.66049408085824,17.713794898101522,146.92015028994203,f061152e-Audio_SP12.csv,f061152e-Audio_SP12,935.21775,2353.872,1176.936,time column: time,audio_duration,H1
820.0968811860718,1736.6901282651536,2851.997641775869,3.4166421794208177,3.274918547318197,4.38961024312194,7487.179487179487,0.0017514958364906,935.38575,0.031,0.3297872340425531,0-0-1819-1,a,f061152e-Audio_SP12.v0,group_0,1,fave,233.6919346204022,80.19249612737609,6,las,,0.07000000000005,hasta,[silence],l,s,l,s,internal,30.466940551922537,26.44107169664881,80.60899494679414,f061152e-Audio_SP12.csv,f061152e-Audio_SP12,935.38575,2353.872,1176.936,time column: time,audio_duration,H1
892.1962361575914,1715.9212359645387,3148.943347011996,3.977013095969,2.7959960766685548,4.739363565226135,6769.2307692307695,0.0003657809113625,936.74575,0.031,0.3297872340425531,0-0-1825-1,a,f061152e-Audio_SP12.v0,group_0,1,fave,208.27840590878168,82.55521799098916,6,la,,0.0699999999999363,de,noche,l,#,l,n,final,53.35742247339172,16.378935305834553,114.36139494571628,f061152e-Audio_SP12.csv,f061152e-Audio_SP12,936.74575,2353.872,1176.936,time column: time,audio_duration,H1
803.2751344652648,1634.7475657298753,2726.7370424465616,3.42895139215476,2.985683060614553,4.521723697046349,6769.2307692307695,0.0009070098148651,938.11375,0.047,0.3263888888888889,0-0-1832-2,a,f061152e-Audio_SP12.v0,group_0,1,fave,207.34443456648248,78.4342397834065,6,sea,,0.1200000000000045,[silence],",",é,#,é,.,final,30.844282229567927,19.800022233710937,91.9940312333813,f061152e-Audio_SP12.csv,f061152e-Audio_SP12,938.11375,2353.872,1176.936,time column: time,audio_duration,H1
827.7384363493817,1800.375978166977,3040.095453312515,3.137755575773,3.353800614989758,4.361205524481829,6769.2307692307695,0.0003431708504636,940.24375,0.027,0.3214285714285714,0-0-1840-1,a,f061152e-Audio_SP12.v0,group_0,1,fave,242.4092712918343,79.76144980408966,6,las,,0.0599999999999454,también,tareas,l,s,l,s,internal,23.052070128868337,28.611267677896496,78.35153220249381,f061152e-Audio_SP12.csv,f061152e-Audio_SP12,940.24375,2353.872,1176.936,time column: time,audio_duration,H1
846.5127570448493,1795.00236436893,2480.034165611614,3.8490335209211617,3.049738550677924,5.438163821467644,8923.076923076922,0.0014899487493244,940.42775,0.035,0.3365384615384615,0-0-1841-1,a,f061152e-Audio_SP12.v0,group_0,1,fave,249.3307286263137,79.34348448513532,6,tareas,,0.0800000000000409,las,como,t,R,t,R,internal,46.94766735972926,21.109824551670638,230.01943870661896,f061152e-Audio_SP12.csv,f061152e-Audio_SP12,940.42775,2353.872,1176.936,time column: time,audio_duration,H1
838.0869389159205,1661.143696534128,2556.6229068309576,3.768657015510437,3.786644037677468,4.589006199083348,6051.282051282051,0.0027472307091538,940.68375,0.047,0.3263888888888889,0-0-1841-4,a,f061152e-Audio_SP12.v0,group_0,1,fave,255.72539686476503,70.101775799971,6,tareas,,0.1200000000000045,las,como,é,s,é,s,internal,43.321845184415714,44.10812640405106,98.39659492939036,f061152e-Audio_SP12.csv,f061152e-Audio_SP12,940.68375,2353.872,1176.936,time column: time,audio_duration,H1
865.2978320761198,1598.1205968739782,2675.771234045917,3.547947298742351,3.3992698916617714,4.504123736295679,6769.2307692307695,0.0011632730793424,944.14275,0.045,0.335820895522388,0-0-1852-1,a,f061152e-Audio_SP12.v0,group_0,1,fave,214.2396118970266,76.83651549944373,6,la,,0.1100000000000136,refrescando,página,l,#,l,p,final,34.741929441245176,29.942230992466023,90.38910464496615,f061152e-Audio_SP12.csv,f061152e-Audio_SP12,944.14275,2353.872,1176.936,time column: time,audio_duration,H1
1136.704107491634,1584.0416899040406,3050.6809457411714,3.838171205792797,3.08534178060051,4.584591419346072,8025.641025641025,0.011721994426505,944.33275,0.0849999999999999,0.3346456692913385,0-0-1853-1,a,f061152e-Audio_SP12.v0,group_0,1,fave,246.2648409116429,81.06980953046036,6,página,,0.2300000000000182,la,para,p,x,p,x,internal,46.440466676191456,21.874941995382603,97.96315311494062,f061152e-Audio_SP12.csv,f061152e-Audio_SP12,944.33275,2353.872,1176.936,time column: time,audio_duration,H1
914.9611329707914,1707.4662088772843,3080.646918325507,3.782118016003533,3.5861767722617794,4.316300490418068,6589.74358974359,0.0214232543900036,944.73375,0.067,0.3284313725490196,0-0-1853-5,a,f061152e-Audio_SP12.v0,group_0,1,fave,342.29132696742863,71.41983942990468,6,página,,0.1799999999999499,la,para,n,#,n,p,final,43.908943161805546,36.0958092831796,74.91098113702468,f061152e-Audio_SP12.csv,f061152e-Audio_SP12,944.73375,2353.872,1176.936,time column: time,audio_duration,H1
754.8519496383419,1821.226224516991,2745.090019661457,3.086775617797068,3.667344298455767,4.210577803325973,7128.205128205128,0.0031246431004707,945.06575,0.051,0.3311688311688311,0-0-1854-3,a,f061152e-Audio_SP12.v0,group_0,1,fave,201.0318022794631,77.50095281879037,6,para,,0.1299999999999954,página,que,R,#,R,k,final,21.90632959786665,39.147802807800254,67.39546988872624,f061152e-Audio_SP12.csv,f061152e-Audio_SP12,945.06575,2353.872,1176.936,time column: time,audio_duration,H1
719.2987506318497,1728.330712480048,2551.935766806241,3.4617837805703653,2.5388866276510424,4.665112370185435,7307.692307692308,0.0014264655941437,946.15275,0.045,0.335820895522388,0-0-1858-0,a,f061152e-Audio_SP12.v0,group_0,1,fave,277.2835074931342,78.70616070732295,6,aparezca,,0.1100000000000136,[silence],la,#,p,.,p,initial,31.87378166808457,12.665561631712585,106.177515738778,f061152e-Audio_SP12.csv,f061152e-Audio_SP12,946.15275,2353.872,1176.936,time column: time,audio_duration,H1
713.7919927775877,1327.6548164580208,2586.791116757389,3.369040800304244,2.666370579145929,3.2339524853424915,6769.2307692307695,0.0002303701193448,946.29575,0.031,0.3297872340425531,0-0-1858-2,a,f061152e-Audio_SP12.v0,group_0,1,fave,215.2955278535248,82.41281018778898,6,aparezca,,0.07000000000005,[silence],la,p,R,p,R,internal,29.05064831626791,14.387655459186314,25.37977216619025,f061152e-Audio_SP12.csv,f061152e-Audio_SP12,946.29575,2353.872,1176.936,time column: time,audio_duration,H1
1111.2583902941635,1743.7009219850247,3138.693624108585,3.690551560169844,2.3696195247417515,3.6820851629806426,6769.2307692307695,0.0001266770748735,946.60875,0.037,0.3245614035087719,0-0-1859-1,a,f061152e-Audio_SP12.v0,group_0,1,fave,248.1850862067261,76.22930270152531,6,la,,0.0899999999999181,aparezca,tarea,l,#,l,t,final,40.06694019218996,10.69332296520584,39.72914951511692,f061152e-Audio_SP12.csv,f061152e-Audio_SP12,946.60875,2353.872,1176.936,time column: time,audio_duration,H1
905.4862616305496,1843.553414462144,2965.0000036551187,3.5819656871288283,3.484318149151344,4.055417097210747,6589.74358974359,0.0001523573650484,946.85375,0.027,0.3214285714285714,0-0-1860-4,a,f061152e-Audio_SP12.v0,group_0,1,fave,271.6365626556937,75.13840818938291,6,tarea,,0.0599999999999454,la,que,é,#,é,k,final,35.94412635635678,32.600191061944926,57.70922833519428,f061152e-Audio_SP12.csv,f061152e-Audio_SP12,946.85375,2353.872,1176.936,time column: time,audio_duration,H1
877.8507441112756,1564.9709656226412,2607.8867502475555,4.214906190686334,2.8451430977215084,3.720463584413205,5692.307692307692,7.82857680732e-05,951.60375,0.027,0.3214285714285714,0-0-1877-1,a,f061152e-Audio_SP12.v0,group_0,1,fave,221.84177346989023,79.11983132670976,6,la,,0.0599999999999454,en,plataforma,l,#,l,p,final,67.68781582554371,17.204020348903555,41.28352807330112,f061152e-Audio_SP12.csv,f061152e-Audio_SP12,951.60375,2353.872,1176.936,time column: time,audio_duration,H1
685.1907597614311,1573.1034602755826,2712.911791956005,4.473839564655363,3.0084983256454354,3.424937341120877,6769.2307692307695,0.0009160691581639,951.73575,0.031,0.3297872340425531,0-0-1878-2,a,f061152e-Audio_SP12.v0,group_0,1,fave,191.33544520579764,76.81080402597986,6,plataforma,,0.0699999999999363,la,[silence],l,t,l,t,internal,87.69277954206399,20.25695771991258,30.7207198653222,f061152e-Audio_SP12.csv,f061152e-Audio_SP12,951.73575,2353.872,1176.936,time column: time,audio_duration,H1
1290.725546067334,1641.1355760116444,2795.895371326719,3.5592482810928354,3.1479942393539355,3.7700079777615527,6948.717948717948,0.0029272333418499,951.85775,0.055,0.3353658536585366,0-0-1878-4,a,f061152e-Audio_SP12.v0,group_0,1,fave,180.3940078466799,64.38240464488153,6,plataforma,,0.1399999999999863,la,[silence],t,f,t,f,internal,35.13677423752014,23.289304930981565,43.38041091304548,f061152e-Audio_SP12.csv,f061152e-Audio_SP12,951.85775,2353.872,1176.936,time column: time,audio_duration,H1
833.0184996690712,1766.2347544289746,2671.9661071711,3.6473578326814025,3.470625455907815,4.619548564113997,8384.615384615383,0.0079638027735688,954.03375,0.047,0.3263888888888889,0-0-1886-1,a,f061152e-Audio_SP12.v0,group_0,1,fave,197.7597428808671,74.61296634463662,6,la,,0.1200000000000045,en,tarde,l,#,l,t,final,38.37314372235127,32.15684884735184,101.44822442162678,f061152e-Audio_SP12.csv,f061152e-Audio_SP12,954.03375,2353.872,1176.936,time column: time,audio_duration,H1
768.2412914896478,1728.8188688826808,2875.672844301332,4.052771046114723,3.235982665060599,3.8804518703253454,6410.25641025641,0.0003880029248231,955.71575,0.031,0.3297872340425531,0-0-1894-1,a,f061152e-Audio_SP12.v0,group_0,1,fave,185.20646185137736,78.3889196537148,6,la,,0.0699999999999363,de,noche,l,#,l,n,final,57.55672861830703,25.43135000331626,48.44610148170134,f061152e-Audio_SP12.csv,f061152e-Audio_SP12,955.71575,2353.872,1176.936,time column: time,audio_duration,H1
1284.5813685241094,1587.2826646512606,3197.916982096049,3.581307938363682,3.186045856258081,4.196791553510734,6589.74358974359,1.26394632892e-05,956.21375,0.027,0.3214285714285714,0-0-1896-3,a,f061152e-Audio_SP12.v0,group_0,1,fave,175.67056032663686,73.05425848836342,6,nada,,0.0599999999999454,noche,más,d,#,d,m,final,35.92049192524266,24.19257713754925,66.47271438826427,f061152e-Audio_SP12.csv,f061152e-Audio_SP12,956.21375,2353.872,1176.936,time column: time,audio_duration,H1
623.8626925025845,1836.145749639436,2641.1430970769125,3.3527692708867565,3.140380352537052,3.6334472857464286,6589.74358974359,0.000340563046093,959.73375,0.027,0.3214285714285714,0-0-1905-6,a,f061152e-Audio_SP12.v0,group_0,1,fave,161.29403238147535,66.92444192485995,6,oficina,,0.0599999999999454,de,",",n,#,n,.,final,28.58177482695068,23.11265614450522,37.84304781547076,f061152e-Audio_SP12.csv,f061152e-Audio_SP12,959.73375,2353.872,1176.936,time column: time,audio_duration,H1
1192.898264422075,1711.2532373956933,2651.5072727606143,3.912329419394976,3.4869564651251053,4.0503924594296,5871.794871794871,0.0039534666529116,961.29275,0.045,0.335820895522388,0-0-1913-1,a,f061152e-Audio_SP12.v0,group_0,1,fave,247.01998774947,76.08959748218945,6,la,,0.1100000000000136,en,casa,l,#,l,k,final,50.0153230458192,32.68631422687566,57.4199876395816,f061152e-Audio_SP12.csv,f061152e-Audio_SP12,961.29275,2353.872,1176.936,time column: time,audio_duration,H1
807.5261365383722,1630.832087169519,2694.775949976874,4.1620932620678825,3.902726356286352,4.24921856604283,6410.25641025641,0.0028032034342389,962.80875,0.037,0.3245614035087719,0-0-1921-1,a,f061152e-Audio_SP12.v0,group_0,1,fave,189.1800546033357,77.6671819005474,6,la,,0.0900000000000318,de,noche,l,#,l,n,final,64.20578155839502,49.53732155484279,70.05065099587493,f061152e-Audio_SP12.csv,f061152e-Audio_SP12,962.80875,2353.872,1176.936,time column: time,audio_duration,H1
929.5724070932126,1820.214902110448,3075.0344498843524,3.768220966501325,3.1419444240102425,4.196664090510718,7666.666666666666,0.0067274539999927,976.28275,0.045,0.335820895522388,0-0-1947-0,a,f061152e-Audio_SP12.v0,group_0,1,fave,215.25448306861665,78.60242883622213,6,azar,,0.1100000000000136,el,pues,#,z,l,z,initial,43.30295885473208,23.14883427586684,66.46424211663117,f061152e-Audio_SP12.csv,f061152e-Audio_SP12,976.28275,2353.872,1176.936,time column: time,audio_duration,H1
1206.6690422874844,1745.674188059667,2704.9392895259302,3.763681199272433,2.9153078071172978,5.080659691203916,6948.717948717948,0.0008884500712911,978.50875,0.037,0.324561403508772,0-0-1959-1,a,f061152e-Audio_SP12.v0,group_0,1,fave,233.83564876637683,74.70909592959173,6,la,,0.0900000000000318,en,madrugada,l,#,l,m,final,43.10681905259391,18.45449195256827,160.88015215064584,f061152e-Audio_SP12.csv,f061152e-Audio_SP12,978.50875,2353.872,1176.936,time column: time,audio_duration,H1
646.8866472537544,1346.3372164673865,1562.8460550868874,3.650430112601213,3.164709479239852,3.129549660406654,4794.871794871795,0.0001868020403372,978.62775,0.035,0.3365384615384616,0-0-1960-1,a,f061152e-Audio_SP12.v0,group_0,1,fave,217.0550103824272,80.23486015515705,6,madrugada,,0.0800000000000409,la,[silence],m,d,m,d,internal,38.49121804708357,23.681862960503302,22.863680802934603,f061152e-Audio_SP12.csv,f061152e-Audio_SP12,978.62775,2353.872,1176.936,time column: time,audio_duration,H1
744.182499364534,1249.5556584425265,1614.1852590084616,3.8687096236267777,3.064467565915288,3.3801970396583885,4076.923076923077,0.0025475895853457,981.91575,0.031,0.3297872340425531,0-0-1967-7,a,f061152e-Audio_SP12.v0,group_0,1,fave,253.964624504231,80.52674304799382,6,muchísimas,,0.07000000000005,suben,tareas,m,s,m,s,internal,47.88056225512507,21.423052586678583,29.37655889018827,f061152e-Audio_SP12.csv,f061152e-Audio_SP12,981.91575,2353.872,1176.936,time column: time,audio_duration,H1
680.5418229053693,1895.1854312815613,2138.4351388455457,3.3307623844272167,3.172618141611033,4.308337608334924,7487.179487179487,8.12595616241e-05,982.11375,0.027,0.3214285714285714,0-0-1968-1,a,f061152e-Audio_SP12.v0,group_0,1,fave,211.0400203395764,82.5873960475471,6,tareas,,0.0599999999999454,muchísimas,.,t,R,t,R,internal,27.95964958123843,23.869897389303773,74.31684249487222,f061152e-Audio_SP12.csv,f061152e-Audio_SP12,982.11375,2353.872,1176.936,time column: time,audio_duration,H1
771.8360900202927,1264.083418924028,3258.659277132543,3.870652732117708,2.322387824980396,3.0742457519652344,7128.205128205128,0.0001958919396908,984.07375,0.027,0.3214285714285714,0-0-1975-3,a,f061152e-Audio_SP12.v0,group_0,1,fave,259.5393407995888,84.12635263025501,6,todas,,0.0600000000000591,que,las,d,s,d,s,internal,47.97368983138402,10.200001067839796,21.63355868728113,f061152e-Audio_SP12.csv,f061152e-Audio_SP12,984.07375,2353.872,1176.936,time column: time,audio_duration,H1
1205.808472881812,1581.0844427673535,3871.21335302514,3.6188394207147287,2.7891553905356576,4.528695030927753,9282.05128205128,0.0012009708624753,984.34775,0.035,0.3365384615384616,0-0-1977-1,a,f061152e-Audio_SP12.v0,group_0,1,fave,235.597533346392,83.30081776736368,6,madrugadas,,0.0799999999999272,las,va,m,d,m,d,internal,37.29425975036354,16.267274503896154,92.63759297569904,f061152e-Audio_SP12.csv,f061152e-Audio_SP12,984.34775,2353.872,1176.936,time column: time,audio_duration,H1
1019.2847573467124,1710.3282367675015,3197.662917642383,3.697846807706593,2.7908303206054126,4.63399038987367,7666.666666666666,0.0007384185475338,984.79575,0.031,0.3297872340425531,0-0-1977-8,a,f061152e-Audio_SP12.v0,group_0,1,fave,273.05674825806983,76.38601584398168,6,madrugadas,,0.07000000000005,las,va,d,s,d,s,internal,40.36030723041637,16.294543881891176,102.9239524570878,f061152e-Audio_SP12.csv,f061152e-Audio_SP12,984.79575,2353.872,1176.936,time column: time,audio_duration,H1
802.8202083105188,1517.871247589118,4155.333820120987,3.5197919816987526,3.5095205016868283,4.21096310606298,8923.076923076922,0.0076405055118248,984.96775,0.035,0.3365384615384615,0-0-1979-0,a,f061152e-Audio_SP12.v0,group_0,1,fave,214.2144958533513,69.21022365477846,6,a,,0.0799999999999272,va,ser,#,#,á,s,coextensive,33.77740141533458,33.432233240539475,67.4214425510839,f061152e-Audio_SP12.csv,f061152e-Audio_SP12,984.96775,2353.872,1176.936,time column: time,audio_duration,H1
804.6078073542609,1531.25058173461,2764.7952022666627,4.58412448081493,2.7120003968782336,3.809322298233615,6948.717948717948,0.0012894579664156,987.74375,0.027,0.3214285714285714,0-0-1990-2,a,f061152e-Audio_SP12.v0,group_0,1,fave,255.72263747519108,78.76485024413991,6,trabajar,,0.0599999999999454,a,en,R,b,R,b,internal,97.91742102198816,15.059370121240269,45.11985070014379,f061152e-Audio_SP12.csv,f061152e-Audio_SP12,987.74375,2353.872,1176.936,time column: time,audio_duration,H1
665.0817294685285,1596.9240350108282,2557.373374643008,4.702943726482487,2.977340368322633,4.735187607621551,7128.205128205128,0.0004221337375147,988.26375,0.027,0.3214285714285714,0-0-1993-2,a,f061152e-Audio_SP12.v0,group_0,1,fave,253.6486002552612,75.00087821769574,6,plataformas,,0.0599999999999454,las,buscando,l,t,l,t,internal,110.2713036981478,19.635523874534915,113.88482237481156,f061152e-Audio_SP12.csv,f061152e-Audio_SP12,988.26375,2353.872,1176.936,time column: time,audio_duration,H1
1267.186149909862,1663.004738173621,3157.5836928206127,3.269757920942828,2.9694168482399084,4.189702342366074,5871.794871794871,0.0033859558620591,988.38575,0.051,0.3311688311688312,0-0-1993-4,a,f061152e-Audio_SP12.v0,group_0,1,fave,234.6997261981662,68.81134073542268,6,plataformas,,0.1299999999999954,las,buscando,t,f,t,f,internal,26.30497068993464,19.480556162436304,66.00314169718912,f061152e-Audio_SP12.csv,f061152e-Audio_SP12,988.38575,2353.872,1176.936,time column: time,audio_duration,H1
679.6222964605317,1258.6209268197526,2553.821265349096,3.247301836600254,3.2984441826567488,4.037518989059055,6589.74358974359,0.0008000907633087,988.70575,0.031,0.3297872340425531,0-0-1993-9,a,f061152e-Audio_SP12.v0,group_0,1,fave,268.01879141907244,76.35312878512049,6,plataformas,,0.0699999999999363,las,buscando,m,s,m,s,internal,25.72084715952856,27.07048940378065,56.68553077755538,f061152e-Audio_SP12.csv,f061152e-Audio_SP12,988.70575,2353.872,1176.936,time column: time,audio_duration,H1
887.7640184748215,1566.4641901583657,2623.9203663243143,3.1834613202674715,3.3463592850621886,4.129233566824402,6769.2307692307695,0.0036438697329741,991.95375,0.067,0.3284313725490196,0-0-2000-1,a,f061152e-Audio_SP12.v0,group_0,1,fave,210.55522584568155,72.48441746720542,6,captar,,0.1800000000000636,[silence],la,k,t,k,t,internal,24.130131282771845,28.399151985679765,62.13028596944103,f061152e-Audio_SP12.csv,f061152e-Audio_SP12,991.95375,2353.872,1176.936,time column: time,audio_duration,H1
734.72821379617,1862.520618837356,2625.6441586174424,4.425424918841313,2.731867880850556,3.678432363838103,6769.2307692307695,4.542734882e-05,992.72375,0.027,0.3214285714285714,0-0-2003-1,a,f061152e-Audio_SP12.v0,group_0,1,fave,238.7596331183271,78.10314060079256,6,cantidad,,0.0599999999999454,mayor,de,k,n,k,n,internal,83.54830092775889,15.361553790676687,39.58429164126212,f061152e-Audio_SP12.csv,f061152e-Audio_SP12,992.72375,2353.872,1176.936,time column: time,audio_duration,H1
1163.2154035750991,1763.5572817406965,3271.983696819973,3.859540283331471,3.066737434717766,3.9760862434975546,7487.179487179487,0.0017074028379727,993.17575,0.051,0.3311688311688312,0-0-2005-1,a,f061152e-Audio_SP12.v0,group_0,1,fave,246.466877421279,72.69847217486176,6,tareas,,0.1299999999999954,de,.,t,R,t,R,internal,47.44353577053298,21.471735336223777,53.30799092591696,f061152e-Audio_SP12.csv,f061152e-Audio_SP12,993.17575,2353.872,1176.936,time column: time,audio_duration,H1
720.5123354445201,1705.6878524031388,2467.8104063280034,3.221612135149011,4.160481288807198,3.4860302199137694,5153.846153846154,3.01850618194e-05,993.36375,0.027,0.3214285714285714,0-0-2005-4,a,f061152e-Audio_SP12.v0,group_0,1,fave,283.3638399603076,77.01531393104348,6,tareas,,0.0599999999999454,de,.,é,s,é,s,internal,25.068501434869063,64.10236692854374,32.65605270180666,f061152e-Audio_SP12.csv,f061152e-Audio_SP12,993.36375,2353.872,1176.936,time column: time,audio_duration,H1
1260.6184921532993,1604.964027236569,2800.354733963424,3.7464658115580143,2.842504959775161,3.7048660002465312,5871.794871794871,0.0019592822240007,993.92275,0.045,0.335820895522388,0-0-2007-0,a,f061152e-Audio_SP12.v0,group_0,1,fave,204.34371394025536,77.86151349010854,6,A,,0.1100000000000136,.,veces,#,#,.,b,coextensive,42.37106972548476,17.15869358540742,40.644600585498296,f061152e-Audio_SP12.csv,f061152e-Audio_SP12,993.92275,2353.872,1176.936,time column: time,audio_duration,H1
810.195801936147,1719.4923491439972,3313.837773330778,3.128834862843959,3.0214284620650487,4.1498380381081255,7666.666666666666,0.0006195797531074,994.75575,0.031,0.3297872340425531,0-0-2011-3,a,f061152e-Audio_SP12.v0,group_0,1,fave,267.4527770817849,79.63748939959389,6,hasta,,0.0699999999999363,quedaba,la,t,#,t,l,final,22.8473437391647,20.520583633265822,63.42372723937034,f061152e-Audio_SP12.csv,f061152e-Audio_SP12,994.75575,2353.872,1176.936,time column: time,audio_duration,H1
1074.475402229886,1579.494621310424,3177.986410764473,3.6021555505453096,2.8520490461080024,4.016853397373249,6769.2307692307695,0.000263058433606,994.96575,0.031,0.3297872340425531,0-0-2013-1,a,f061152e-Audio_SP12.v0,group_0,1,fave,207.57429766513388,83.3374165283165,6,madrugada,,0.0699999999999363,la,[silence],m,d,m,d,internal,36.67720887399971,17.323241619618422,55.52611204322363,f061152e-Audio_SP12.csv,f061152e-Audio_SP12,994.96575,2353.872,1176.936,time column: time,audio_duration,H1
835.7270293100415,1573.9740813947656,2946.170162853537,3.5199098042190844,2.978817817965466,3.996263316618065,7307.692307692308,0.0036125143213598,995.37375,0.067,0.3284313725490196,0-0-2013-8,a,f061152e-Audio_SP12.v0,group_0,1,fave,136.356197716949,75.14127536727077,6,madrugada,,0.1799999999999499,la,[silence],d,#,d,.,final,33.78138138836021,19.664555813603133,54.39451473049992,f061152e-Audio_SP12.csv,f061152e-Audio_SP12,995.37375,2353.872,1176.936,time column: time,audio_duration,H1
858.3615136267574,1608.991935443591,2723.567821141283,3.416263518818984,3.190952502981078,4.958893958687804,7128.205128205128,0.0007389752344644,997.86775,0.035,0.3365384615384615,0-0-2019-8,a,f061152e-Audio_SP12.v0,group_0,1,fave,300.90184797017054,78.22423506146649,6,madrugadas,,0.0799999999999272,ciertas,como,d,s,d,s,internal,30.455406105835085,24.31157326412162,142.43616845516456,f061152e-Audio_SP12.csv,f061152e-Audio_SP12,997.86775,2353.872,1176.936,time column: time,audio_duration,H1
911.95616059937,1798.700070307098,2752.58274240955,3.220611317789184,3.241385761664839,3.969885315987492,6948.717948717948,0.0003657242330079,998.80575,0.031,0.3297872340425531,0-0-2024-0,a,f061152e-Audio_SP12.v0,group_0,1,fave,271.7952843501612,77.5939652227443,6,hacer,,0.07000000000005,logré,muchas,#,z,e,z,initial,25.04342499401,25.569129928093115,52.97845470950276,f061152e-Audio_SP12.csv,f061152e-Audio_SP12,998.80575,2353.872,1176.936,time column: time,audio_duration,H1
664.822997554488,1799.3903603285016,3013.543586971514,3.827482218286807,3.010117370167968,4.599182113212751,6589.74358974359,0.0050670507190181,999.46075,0.041,0.3306451612903226,0-0-2025-3,a,f061152e-Audio_SP12.v0,group_0,1,fave,347.15630957379693,76.83059474617176,6,muchas,,0.099999999999909,hacer,",",h,s,h,s,internal,45.94670869572117,20.289781200520395,99.40298200002124,f061152e-Audio_SP12.csv,f061152e-Audio_SP12,999.46075,2353.872,1176.936,time column: time,audio_duration,H1
874.9706327120739,1581.717190494434,3079.460218143949,4.18243296648136,2.695889573637563,3.594203523846794,6410.25641025641,0.0002459378541717,1001.20375,0.027,0.3214285714285714,0-0-2032-1,a,f061152e-Audio_SP12.v0,group_0,1,fave,227.4900499891075,81.9038082603492,6,la,,0.0599999999999454,[silence],noche,l,#,l,n,final,65.52507976178914,14.818695212307462,36.38670729876184,f061152e-Audio_SP12.csv,f061152e-Audio_SP12,1001.20375,2353.872,1176.936,time column: time,audio_duration,H1
702.4228016094171,1789.0862732373685,2709.61693445018,3.566486549119136,3.532061902292023,4.139225055845592,7666.666666666666,0.0027750427096637,1001.77775,0.055,0.3353658536585365,0-0-2035-3,a,f061152e-Audio_SP12.v0,group_0,1,fave,323.5148955607806,77.94506255495416,6,vela,,0.1399999999999863,en,por,l,#,l,p,final,35.39202630402606,34.194400489691844,62.75417162272327,f061152e-Audio_SP12.csv,f061152e-Audio_SP12,1001.77775,2353.872,1176.936,time column: time,audio_duration,H1
990.8996843942438,1619.2603437096277,3238.0060501225144,4.224790389674766,3.250022444372028,3.6814906788547934,7487.179487179487,1.07387751104e-05,1010.66275,0.025,0.3378378378378378,0-0-2044-2,a,f061152e-Audio_SP12.v0,group_0,1,fave,319.55381050357545,83.10099601510258,6,trabajo,,0.0500000000000682,",",desde,R,b,R,b,internal,68.36017304859443,25.79091877167288,39.705538185372426,f061152e-Audio_SP12.csv,f061152e-Audio_SP12,1010.66275,2353.872,1176.936,time column: time,audio_duration,H1
842.8586083542845,1571.1559058291664,2686.952929838467,3.980392615508736,2.6765809278156127,3.888453748366496,6589.74358974359,0.000924744301661,1013.26575,0.031,0.3297872340425531,0-0-2054-2,a,f061152e-Audio_SP12.v0,group_0,1,fave,255.0988291279595,80.9107095167092,6,plataformas,,0.07000000000005,las,aquí,l,t,l,t,internal,53.53804997039377,14.535310962278704,48.8353164257988,f061152e-Audio_SP12.csv,f061152e-Audio_SP12,1013.26575,2353.872,1176.936,time column: time,audio_duration,H1
1043.9769843505007,1756.864616648758,3174.4055978999145,3.7314971558684857,2.6502275437406966,4.730087739350419,8025.641025641025,0.0082240481531266,1013.39375,0.047,0.3263888888888889,0-0-2054-4,a,f061152e-Audio_SP12.v0,group_0,1,fave,249.95103036377023,77.42192364170616,6,plataformas,,0.1200000000000045,las,aquí,t,f,t,f,internal,41.741555020084405,14.157259674723772,113.30550326380408,f061152e-Audio_SP12.csv,f061152e-Audio_SP12,1013.39375,2353.872,1176.936,time column: time,audio_duration,H1
569.0569768905838,1363.9700274848303,1703.363210077652,3.327847919620901,3.24497364639616,3.559369582367547,4794.871794871795,0.0036951043488492,1014.51375,0.047,0.3263888888888889,0-0-2058-3,a,f061152e-Audio_SP12.v0,group_0,1,fave,177.10969284350932,70.77147321549263,6,casa,,0.1200000000000045,mi,[silence],s,#,s,.,final,27.878280797361704,25.661033790598594,35.14103663153609,f061152e-Audio_SP12.csv,f061152e-Audio_SP12,1014.51375,2353.872,1176.936,time column: time,audio_duration,H1
830.8058119188605,1637.612663801604,3052.788974747903,4.082681253883451,2.7731203906030903,4.695799610620685,6769.2307692307695,1.48433672308e-05,1015.53375,0.027,0.3214285714285714,0-0-2063-2,a,f061152e-Audio_SP12.v0,group_0,1,fave,222.253502414076,80.45426568264865,6,sea,,0.0600000000000591,o,",",é,#,é,.,final,59.30426666275727,16.008508955583753,109.4863200739656,f061152e-Audio_SP12.csv,f061152e-Audio_SP12,1015.53375,2353.872,1176.936,time column: time,audio_duration,H1
736.600792375692,1497.755586459798,2358.727107461032,3.767929162991904,3.0757846075848416,4.5427222526380255,6051.282051282051,0.0002180716107592,1015.72375,0.027,0.3214285714285714,0-0-2065-2,a,f061152e-Audio_SP12.v0,group_0,1,fave,219.37838253904613,82.00133178229505,6,trabajo,,0.0599999999999454,",",con,R,b,R,b,internal,43.290324742798695,21.6668752387457,93.94619761779272,f061152e-Audio_SP12.csv,f061152e-Audio_SP12,1015.72375,2353.872,1176.936,time column: time,audio_duration,H1
1379.5008120969958,1627.8047637033003,3212.445296840317,3.598271220168397,2.6783148571079227,4.060533360145895,7846.153846153846,0.0015113901433568,1016.26375,0.047,0.3263888888888889,0-0-2067-2,a,f061152e-Audio_SP12.v0,group_0,1,fave,229.8680157118849,74.31630837044918,6,una,,0.1200000000000045,con,tablet,n,#,n,t,final,36.5350188127976,14.560536026648087,58.00524051350517,f061152e-Audio_SP12.csv,f061152e-Audio_SP12,1016.26375,2353.872,1176.936,time column: time,audio_duration,H1
994.3148202713974,1507.3286087591466,3159.264278873508,3.7054366226794415,3.2371766698616256,3.3977278340249057,8205.128205128205,0.0011267725396672,1016.40875,0.037,0.3245614035087719,0-0-2068-1,a,f061152e-Audio_SP12.v0,group_0,1,fave,231.7765368630062,78.23788606449232,6,tablet,,0.0900000000000318,una,.,t,b,t,b,internal,40.66779992477127,25.461733292603792,29.896093928647705,f061152e-Audio_SP12.csv,f061152e-Audio_SP12,1016.40875,2353.872,1176.936,time column: time,audio_duration,H1
995.6367929267956,1706.2456494811202,3144.5337407406705,4.432731614175989,3.2435311907222606,3.259157886864892,7128.205128205128,0.0009883605986758,1023.74075,0.041,0.3306451612903226,0-0-2075-6,a,f061152e-Audio_SP12.v0,group_0,1,fave,238.0040586741148,76.59496856642349,6,computadora,,0.1000000000000227,la,o,t,d,t,d,internal,84.16099858002748,25.624045570156824,26.027609719108604,f061152e-Audio_SP12.csv,f061152e-Audio_SP12,1023.74075,2353.872,1176.936,time column: time,audio_duration,H1
735.9364756664747,1548.4607615429293,1873.4048241478308,3.631364059805246,3.4515629902626257,4.091685294881203,5512.820512820513,0.0025205827845794,1024.00775,0.055,0.3353658536585365,0-0-2075-10,a,f061152e-Audio_SP12.v0,group_0,1,fave,323.157378585792,79.95497936430372,6,computadora,,0.1399999999998726,la,o,R,#,R,o,final,37.76429425577884,31.549665612011022,59.84065592269933,f061152e-Audio_SP12.csv,f061152e-Audio_SP12,1024.00775,2353.872,1176.936,time column: time,audio_duration,H1
653.9626776634781,1731.3717205312332,3315.982434598699,3.109412444826129,3.155899912914825,4.334936245505141,6589.74358974359,0.0004146117338677,1024.31575,0.031,0.3297872340425531,0-0-2077-2,a,f061152e-Audio_SP12.v0,group_0,1,fave,285.5657223331186,78.52789773570946,6,sea,,0.0699999999999363,o,[silence],é,#,é,&,final,22.407874669455847,23.474152281892763,76.3200929856818,f061152e-Audio_SP12.csv,f061152e-Audio_SP12,1024.31575,2353.872,1176.936,time column: time,audio_duration,H1
713.6137664067185,1744.989131254857,2715.687436382783,3.260222632768443,2.6263168791586184,4.289303998531239,6589.74358974359,0.0004828221012521,1024.96575,0.031,0.3297872340425531,0-0-2079-1,a,f061152e-Audio_SP12.v0,group_0,1,fave,219.2318709408744,79.42648124705502,6,la,,0.0699999999999363,[silence],utilizamos,l,#,l,u,final,26.05533726871416,13.822765117106462,72.91570139942431,f061152e-Audio_SP12.csv,f061152e-Audio_SP12,1024.96575,2353.872,1176.936,time column: time,audio_duration,H1
690.3078980885415,1318.9167998197183,1698.9588679770236,3.070811232967148,3.761105171886207,3.3317075800099585,5692.307692307692,2.17364907847e-05,1025.74375,0.027,0.3214285714285714,0-0-2081-3,a,f061152e-Audio_SP12.v0,group_0,1,fave,325.2132096623424,79.40316420031934,6,para,,0.0599999999999454,utilizamos,trabajar,R,#,R,t,final,21.559385266896143,42.99591761008561,27.98608941195479,f061152e-Audio_SP12.csv,f061152e-Audio_SP12,1025.74375,2353.872,1176.936,time column: time,audio_duration,H1
706.0340587547906,1361.544039337165,2661.4754923963264,3.4429025564219864,2.4848339358939024,3.997066985406007,6589.74358974359,0.0003253517081439,1025.9507500000002,0.041,0.3306451612903226,0-0-2082-4,a,f061152e-Audio_SP12.v0,group_0,1,fave,223.55566327845972,81.07144039161383,6,trabajar,,0.099999999999909,para,en,b,x,b,x,internal,31.27761157369011,11.99912746499392,54.43824747519117,f061152e-Audio_SP12.csv,f061152e-Audio_SP12,1025.9507500000002,2353.872,1176.936,time column: time,audio_duration,H1
733.8842697650155,1652.901025309863,2764.0086418684537,4.020450038094591,3.3894278536806195,3.928659205066128,6051.282051282051,0.005059550632162,1028.91375,0.047,0.3263888888888889,0-0-2089-7,a,f061152e-Audio_SP12.v0,group_0,1,fave,234.38289627360447,78.02312573755925,6,necesita,,0.1199999999998908,Porque,más,t,#,t,m,final,55.72617908786665,29.648983859636203,50.83876758952709,f061152e-Audio_SP12.csv,f061152e-Audio_SP12,1028.91375,2353.872,1176.936,time column: time,audio_duration,H1
911.902443641684,1731.448566897946,2863.768802921473,3.8923719585942753,3.1501347200477365,3.654125836613167,6589.74358974359,0.0009144986649257,1030.80875,0.037,0.3245614035087719,0-0-2096-7,a,f061152e-Audio_SP12.v0,group_0,1,fave,208.72741825025923,79.03994626339956,6,necesita,,0.0900000000001455,",",más,t,#,t,m,final,49.02703882113764,23.339208628455403,38.63373415375678,f061152e-Audio_SP12.csv,f061152e-Audio_SP12,1030.80875,2353.872,1176.936,time column: time,audio_duration,H1
1216.3417814989543,1790.0471135666369,2279.722428888607,3.762049422568435,3.111467956123133,4.466362773175591,6948.717948717948,0.0026572882848362,1033.06775,0.055,0.3353658536585366,0-0-2102-3,a,f061152e-Audio_SP12.v0,group_0,1,fave,250.6748138433704,78.41530033673916,6,Para,,0.1400000000001,.,Micro,R,#,R,m,final,43.03653570843753,22.45398167948676,87.03956393660745,f061152e-Audio_SP12.csv,f061152e-Audio_SP12,1033.06775,2353.872,1176.936,time column: time,audio_duration,H1
843.9345871293029,1916.4930079022504,3024.1816378573217,2.916492374662873,3.5127485427971465,4.424692937478408,6051.282051282051,0.0001280654074527,1034.0637499999998,0.027,0.3214285714285714,0-0-2106-4,a,f061152e-Audio_SP12.v0,group_0,1,fave,288.89092153658214,78.9703742043534,6,tareas,,0.0599999999999454,son,muy,é,s,é,s,internal,18.476365497593385,33.540328237532016,83.48716750556984,f061152e-Audio_SP12.csv,f061152e-Audio_SP12,1034.0637499999998,2353.872,1176.936,time column: time,audio_duration,H1
657.0477408210086,1762.91946298503,3138.3889000156846,2.6208457612727902,3.463569704305777,4.118398495627952,6051.282051282051,0.00023198895047,1034.80775,0.035,0.3365384615384615,0-0-2109-1,a,f061152e-Audio_SP12.v0,group_0,1,fave,319.54643625647867,79.19748210536642,6,las,,0.0799999999999272,sencillas,hago,l,s,l,s,internal,13.74734564219006,31.930756672665844,61.46073377074841,f061152e-Audio_SP12.csv,f061152e-Audio_SP12,1034.80775,2353.872,1176.936,time column: time,audio_duration,H1
1072.1107831680797,1678.2876106473757,3619.6650555453625,3.985864134597721,2.6314304096630647,4.032648087682267,7666.666666666666,0.0003002710887004,1035.36875,0.037,0.3245614035087719,0-0-2112-2,a,f061152e-Audio_SP12.v0,group_0,1,fave,211.7546885763636,81.56503685023195,6,una,,0.0900000000001455,desde,tablet,n,#,n,t,final,53.83178729466868,13.893629276795618,56.41009250854871,f061152e-Audio_SP12.csv,f061152e-Audio_SP12,1035.36875,2353.872,1176.936,time column: time,audio_duration,H1
943.872135656892,1682.5176716365156,2827.490988811372,3.6383199443146057,3.264361998409409,4.102038313525448,7487.179487179487,0.0011742436572086,1035.51075,0.041,0.3306451612903226,0-0-2113-1,a,f061152e-Audio_SP12.v0,group_0,1,fave,179.20202550366855,80.28399002081541,6,tablet,,0.099999999999909,una,[silence],t,b,t,b,internal,38.02789404721173,26.16341336549112,60.46340545547208,f061152e-Audio_SP12.csv,f061152e-Audio_SP12,1035.51075,2353.872,1176.936,time column: time,audio_duration,H1
828.7065109162406,1699.7175642073876,2078.3926496934246,3.4694819352996014,3.0560573390886816,4.7613002500816455,6589.74358974359,0.0016454444126378,1061.15375,0.047,0.3263888888888889,0-0-2151-1,a,f061152e-Audio_SP12.v0,group_0,1,fave,201.69694224449097,79.63183079897983,6,la,,0.1199999999998908,en,tarea,l,#,l,t,final,32.12009784476885,21.24363538234113,116.89782352972476,f061152e-Audio_SP12.csv,f061152e-Audio_SP12,1061.15375,2353.872,1176.936,time column: time,audio_duration,H1
656.9769007789884,1839.589102851839,2835.230398784443,3.158013557735853,2.939146316453096,3.6263806175185582,6769.2307692307695,2.3051581376518508e-06,1061.3137499999998,0.027,0.3214285714285714,0-0-2152-1,a,f061152e-Audio_SP12.v0,group_0,1,fave,203.267865109676,78.71553740063507,6,tarea,,0.0599999999999454,la,te,t,R,t,R,internal,23.52382077457644,18.899705056225127,37.57656622926443,f061152e-Audio_SP12.csv,f061152e-Audio_SP12,1061.3137499999998,2353.872,1176.936,time column: time,audio_duration,H1
825.5237954118794,1706.1610575986756,2695.6766537302024,3.892444361850063,3.454075713936634,4.153478513068049,7846.153846153846,0.0036738821699652,1061.50275,0.065,0.3350515463917525,0-0-2152-4,a,f061152e-Audio_SP12.v0,group_0,1,fave,232.3729624777391,76.75773583694411,6,tarea,,0.1700000000000727,la,te,é,#,é,t,final,49.03058866687856,31.62904088600325,63.6550405198858,f061152e-Audio_SP12.csv,f061152e-Audio_SP12,1061.50275,2353.872,1176.936,time column: time,audio_duration,H1
750.179102579021,1784.5398300191298,2716.487203132744,3.5601738336905173,3.681427255897214,3.9049731952100943,6410.25641025641,0.0023180684346113,1063.6807500000002,0.041,0.3306451612903226,0-0-2160-0,a,f061152e-Audio_SP12.v0,group_0,1,fave,197.18168988181475,77.15153925839022,6,acreditan,,0.099999999999909,te,el,#,k,e,k,initial,35.16931022475094,39.70302002256393,49.64874907005285,f061152e-Audio_SP12.csv,f061152e-Audio_SP12,1063.6807500000002,2353.872,1176.936,time column: time,audio_duration,H1
582.0069312064626,1889.792799722241,3100.4485935959547,4.779805265896868,2.6410968106282326,4.1444593241082535,6230.769230769231,0.0007198680673519,1064.0337499999998,0.027,0.3214285714285714,0-0-2160-7,a,f061152e-Audio_SP12.v0,group_0,1,fave,239.21603175880543,77.68090181024944,6,acreditan,,0.0599999999999454,te,el,t,n,t,n,internal,119.08115862418224,14.02858187036545,63.08350494917639,f061152e-Audio_SP12.csv,f061152e-Audio_SP12,1064.0337499999998,2353.872,1176.936,time column: time,audio_duration,H1
1206.6864500021493,1859.236380373366,2751.501068906609,3.824578380705337,3.677814396999685,4.252108780265346,6230.769230769231,0.0042583391778741,1077.35075,0.041,0.3306451612903226,0-0-2210-0,a,f061152e-Audio_SP12.v0,group_0,1,fave,238.4342606062789,76.15604821634649,6,a,,0.1000000000001364,voy,poder,#,#,y,p,coextensive,45.81348044648226,39.55983741843315,70.25340524414618,f061152e-Audio_SP12.csv,f061152e-Audio_SP12,1077.35075,2353.872,1176.936,time column: time,audio_duration,H1
830.3136736395627,1753.296818705108,2555.6983517110284,3.8101950284844377,3.222416198162873,4.379709223160932,6410.25641025641,0.0007440656063437,1078.79075,0.041,0.3306451612903226,0-0-2217-0,a,f061152e-Audio_SP12.v0,group_0,1,fave,209.18669039473903,78.071991073518,6,a,,0.099999999999909,van,pagar,#,#,n,p,coextensive,45.15924534671186,25.08866619546848,79.814821728966,f061152e-Audio_SP12.csv,f061152e-Audio_SP12,1078.79075,2353.872,1176.936,time column: time,audio_duration,H1
1204.733815169392,1624.1606894268502,2821.5728498136914,3.656789219771729,2.390376869965225,3.249385624606727,6948.717948717948,7.891676118007196e-06,1078.94375,0.027,0.3214285714285714,0-0-2218-1,a,f061152e-Audio_SP12.v0,group_0,1,fave,228.4517012681782,78.87136388637136,6,pagar,,0.0599999999999454,a,tal,p,g,p,g,internal,38.73676773870506,10.91760768624921,25.77449983334091,f061152e-Audio_SP12.csv,f061152e-Audio_SP12,1078.94375,2353.872,1176.936,time column: time,audio_duration,H1
895.34003450845,1861.191683215657,2880.6570170230416,4.028592549571364,2.377079633564024,4.150374174318341,6589.74358974359,7.8967063635e-05,1079.8627499999998,0.025,0.3378378378378378,0-0-2222-1,a,f061152e-Audio_SP12.v0,group_0,1,fave,183.706888393466,74.55734917540707,6,tareas,,0.0500000000001819,de,.,t,R,t,R,internal,56.18178250143343,10.773394618467982,63.457740113082096,f061152e-Audio_SP12.csv,f061152e-Audio_SP12,1079.8627499999998,2353.872,1176.936,time column: time,audio_duration,H1
1125.1397609601793,1566.9665446800805,2650.043451904708,4.128160002627945,3.1569200922445533,4.6368969150362895,7846.153846153846,0.0024833156319535,1083.54075,0.041,0.3306451612903226,0-0-2234-0,a,f061152e-Audio_SP12.v0,group_0,1,fave,74728.04739670827,73.1482757284837,6,a,,0.099999999999909,%%,mano,#,#,&,m,coextensive,62.063620909922,23.498112346536924,103.22353868128415,f061152e-Audio_SP12.csv,f061152e-Audio_SP12,1083.54075,2353.872,1176.936,time column: time,audio_duration,H1
838.9612027637256,1714.036006764975,2794.0116763494675,3.2169284206104565,3.0971383729270228,4.233820924952348,6948.717948717948,2.7576203248e-05,1085.69375,0.027,0.3214285714285714,0-0-2242-3,a,f061152e-Audio_SP12.v0,group_0,1,fave,208.7420084271992,84.04292611866356,6,para,,0.0599999999999454,",",el,R,#,R,e,final,24.95136226759106,22.1345198249628,68.9802978179061,f061152e-Audio_SP12.csv,f061152e-Audio_SP12,1085.69375,2353.872,1176.936,time column: time,audio_duration,H1
1321.1943815768934,1872.547199531516,3031.250506493226,4.017345413512895,3.276145047486823,3.88090022726848,6410.25641025641,0.000670458645864,1086.28875,0.037,0.3245614035087719,0-0-2246-0,a,f061152e-Audio_SP12.v0,group_0,1,fave,232.3680223867069,79.03191483609424,6,a,,0.0899999999999181,voy,poder,#,#,y,p,coextensive,55.55343850850038,26.473521571363936,48.4678274978096,f061152e-Audio_SP12.csv,f061152e-Audio_SP12,1086.28875,2353.872,1176.936,time column: time,audio_duration,H1
645.4923005300714,1574.1631342445987,2909.160930616569,3.4805352365556512,3.1058411182651025,4.422044074388267,6769.2307692307695,0.0004068316994386,1088.25875,0.037,0.3245614035087719,0-0-2252-3,a,f061152e-Audio_SP12.v0,group_0,1,fave,295.0762443690306,79.77435169552072,6,cosa,,0.0899999999999181,",",que,s,#,s,k,final,32.47710035603561,22.32799156071158,83.26631406346384,f061152e-Audio_SP12.csv,f061152e-Audio_SP12,1088.25875,2353.872,1176.936,time column: time,audio_duration,H1
1000.616806283094,1678.3603772605163,3238.0658162037903,3.5489804658125728,2.806643848809435,4.075138109000174,6769.2307692307695,0.0017818623121032,1089.7407500000002,0.041,0.3306451612903226,0-0-2258-5,a,f061152e-Audio_SP12.v0,group_0,1,fave,298.2580631767422,81.3320224861611,6,Remotasks,,0.099999999999909,con,",",t,s,t,s,internal,34.77784220744901,16.55426626240883,58.85860893066692,f061152e-Audio_SP12.csv,f061152e-Audio_SP12,1089.7407500000002,2353.872,1176.936,time column: time,audio_duration,H1
749.7500174162566,1691.6540110680849,2899.980402818848,4.18221685416169,3.1372385906313736,5.112644905334236,9282.05128205128,0.0012199010434177,1093.01775,0.035,0.3365384615384616,0-0-2268-0,a,f061152e-Audio_SP12.v0,group_0,1,fave,233.9193411378232,79.8596363488707,6,a,,0.0799999999999272,van,revisar,#,#,n,r,coextensive,65.51092051485422,23.040155631202488,166.1091172657746,f061152e-Audio_SP12.csv,f061152e-Audio_SP12,1093.01775,2353.872,1176.936,time column: time,audio_duration,H1
800.5823760101163,1859.9672779161024,2885.1760617069963,3.7465496172628665,3.53035052702668,3.909729276048644,6410.25641025641,0.0017780801229425,1093.92575,0.051,0.3311688311688312,0-0-2271-4,a,f061152e-Audio_SP12.v0,group_0,1,fave,158.89257647637262,67.93662798027273,6,tareas,,0.1299999999998817,las,[silence],é,s,é,s,internal,42.37462081164701,34.13593108429809,49.88544496037956,f061152e-Audio_SP12.csv,f061152e-Audio_SP12,1093.92575,2353.872,1176.936,time column: time,audio_duration,H1
1011.041302343005,1722.337237753555,2892.3605457836443,3.761597673203039,2.785400180104856,4.614087324542944,6948.717948717948,0.0022312122128617,1099.46275,0.045,0.3358208955223881,0-0-2291-1,a,f061152e-Audio_SP12.v0,group_0,1,fave,282.8372126406845,79.9404217231525,6,Dashboard,,0.1099999999998999,mi,se,d,h,d,h,internal,43.017098371475285,16.206302018905035,100.89570146736858,f061152e-Audio_SP12.csv,f061152e-Audio_SP12,1099.46275,2353.872,1176.936,time column: time,audio_duration,H1
637.2975747326516,1523.1454905080857,2687.488920937619,3.72846930770162,2.936694067250552,3.875432707161765,6769.2307692307695,3.00485871353e-05,1106.12575,0.031,0.3297872340425531,0-0-2316-3,a,f061152e-Audio_SP12.v0,group_0,1,fave,219.5323558166245,82.09169621223384,6,sola,,0.0700000000001637,una,vez,l,#,l,b,final,41.615359076724864,18.853415050085182,48.20355180112873,f061152e-Audio_SP12.csv,f061152e-Audio_SP12,1106.12575,2353.872,1176.936,time column: time,audio_duration,H1
830.691287643961,1706.0549905268545,3168.056338010203,3.259058962097852,3.1016659587417235,4.324822134074424,6589.74358974359,8.93345686742e-05,1106.40775,0.035,0.3365384615384615,0-0-2319-1,a,f061152e-Audio_SP12.v0,group_0,1,fave,204.55607652812483,81.12733425886664,6,la,,0.0799999999999272,a,semana,l,#,l,s,final,26.025035071230857,22.23496297384331,75.55207352507544,f061152e-Audio_SP12.csv,f061152e-Audio_SP12,1106.40775,2353.872,1176.936,time column: time,audio_duration,H1
1073.5673114258234,1623.6596228264711,2738.152532852575,3.453542708819168,2.742440612045664,4.169583224965289,7307.692307692308,0.0015366407630478,1120.98775,0.035,0.3365384615384616,0-0-2327-0,a,f061152e-Audio_SP12.v0,group_0,1,fave,364.8394502743932,67.45929714836464,6,Airtm,,0.0799999999999272,[silence],",",#,i,.,i,initial,31.61218693736992,15.524828981052488,64.68848594240718,f061152e-Audio_SP12.csv,f061152e-Audio_SP12,1120.98775,2353.872,1176.936,time column: time,audio_duration,H1
662.2113852832067,1611.649874162183,2895.424382006108,3.6807573698000096,3.3901009979350523,4.8198061871107525,6589.74358974359,0.0004941909419206,1126.99375,0.027,0.3214285714285714,0-0-2342-1,a,f061152e-Audio_SP12.v0,group_0,1,fave,220.839420898352,76.38914043313014,6,las,,0.0599999999999454,bueno,comisiones,l,s,l,s,internal,39.67643242775812,29.66894862159961,123.941067075541,f061152e-Audio_SP12.csv,f061152e-Audio_SP12,1126.99375,2353.872,1176.936,time column: time,audio_duration,H1
862.7840246781806,1665.4564607475847,2844.350449756403,3.581722401714392,2.8854723449270763,3.7336718059223024,6769.2307692307695,0.0011688787567663,1128.61575,0.051,0.3311688311688312,0-0-2346-3,a,f061152e-Audio_SP12.v0,group_0,1,fave,128.17629953934167,67.15815463869406,6,altas,,0.1300000000001091,muy,",",t,s,t,s,internal,35.93538273832012,17.91202625239495,41.8324270665937,f061152e-Audio_SP12.csv,f061152e-Audio_SP12,1128.61575,2353.872,1176.936,time column: time,audio_duration,H1
811.0339278099822,1904.930256025818,2738.200585590152,4.505971402189307,3.2448816749441995,4.101973386447014,7307.692307692308,0.0008166517509935,1131.93575,0.031,0.3297872340425531,0-0-2357-0,a,f061152e-Audio_SP12.v0,group_0,1,fave,251.99409870038,76.82688218437595,6,a,,0.0699999999999363,voy,cobrar,#,#,y,k,coextensive,90.5562678941352,25.658673816588845,60.45947987064346,f061152e-Audio_SP12.csv,f061152e-Audio_SP12,1131.93575,2353.872,1176.936,time column: time,audio_duration,H1
991.6778522779904,1784.1483444685643,2857.6136435490216,4.030719198022212,2.6664258951243665,3.575354461733131,6769.2307692307695,0.0001083337638651,1136.5937499999998,0.027,0.3214285714285714,0-0-2365-1,a,f061152e-Audio_SP12.v0,group_0,1,fave,220.82517970446816,81.89481286917042,6,la,,0.0600000000001728,[silence],plataforma,l,#,l,p,final,56.30138853707335,14.388451348437952,35.70727543547039,f061152e-Audio_SP12.csv,f061152e-Audio_SP12,1136.5937499999998,2353.872,1176.936,time column: time,audio_duration,H1
871.3390934982922,1610.5126718663662,2772.3886436355124,3.742547832135527,2.945005543596227,3.978010941463924,6769.2307692307695,0.0005493044685984,1136.71575,0.031,0.3297872340425531,0-0-2366-2,a,f061152e-Audio_SP12.v0,group_0,1,fave,218.85245055533068,83.49267626527438,6,plataforma,,0.0699999999999363,la,me,l,t,l,t,internal,42.20538553176777,19.01076777419683,53.410691509741525,f061152e-Audio_SP12.csv,f061152e-Audio_SP12,1136.71575,2353.872,1176.936,time column: time,audio_duration,H1
764.4171529027262,1705.587309215864,3097.769849375887,3.878086556502667,3.149417781722585,4.748273303314344,6948.717948717948,0.0012539829021976,1136.84075,0.041,0.3306451612903226,0-0-2366-4,a,f061152e-Audio_SP12.v0,group_0,1,fave,219.67307599888835,76.08999547097274,6,plataforma,,0.1000000000001364,la,me,t,f,t,f,internal,48.33164666235671,23.322481852060942,115.38487773324968,f061152e-Audio_SP12.csv,f061152e-Audio_SP12,1136.84075,2353.872,1176.936,time column: time,audio_duration,H1
628.8490794564398,1147.4412604506351,1843.5310590955523,3.7481830025668392,3.021616606262136,4.190421800342579,5153.846153846154,7.17451938746e-05,1137.1237499999995,0.027,0.3214285714285714,0-0-2366-9,a,f061152e-Audio_SP12.v0,group_0,1,fave,289.867036006074,83.71274921656396,6,plataforma,,0.0600000000001728,la,me,m,#,m,m,final,42.44389145196425,20.52444482521631,66.05064527032077,f061152e-Audio_SP12.csv,f061152e-Audio_SP12,1137.1237499999995,2353.872,1176.936,time column: time,audio_duration,H1
763.4967365477044,1751.1648734354249,3002.2155627441625,3.607940164964502,2.9052458957507774,4.153977000352743,6769.2307692307695,2.00295138451e-05,1139.0837499999998,0.027,0.3214285714285714,0-0-2374-3,a,f061152e-Audio_SP12.v0,group_0,1,fave,224.36042209944847,83.19428097530559,6,para,,0.0600000000001728,entonces,yo,R,#,R,y,final,36.88998721230203,18.26973555025686,63.68677965831287,f061152e-Audio_SP12.csv,f061152e-Audio_SP12,1139.0837499999998,2353.872,1176.936,time column: time,audio_duration,H1
629.3661679276802,1595.23743976399,3241.858187784791,3.423411726901793,2.968925938217797,4.258976464718152,7128.205128205128,0.0026159431647397,1139.34875,0.037,0.324561403508772,0-0-2376-1,a,f061152e-Audio_SP12.v0,group_0,1,fave,259.6996943609998,77.2929896019867,6,sacar,,0.0900000000001455,yo,esos,s,k,s,k,internal,30.673887631319715,19.47099530913122,70.73754401638837,f061152e-Audio_SP12.csv,f061152e-Audio_SP12,1139.34875,2353.872,1176.936,time column: time,audio_duration,H1
1011.4905029173556,1775.3060001527767,3235.991056269705,4.820045901829121,3.167978235369153,3.85404078174811,6948.717948717948,0.0034937135345552,1146.32775,0.035,0.3365384615384616,0-0-2400-3,a,f061152e-Audio_SP12.v0,group_0,1,fave,244.4454101411573,76.29350172025129,6,quitan,,0.0800000000001546,me,como,t,n,t,n,internal,123.97078113483572,23.75939985076273,47.18333611046474,f061152e-Audio_SP12.csv,f061152e-Audio_SP12,1146.32775,2353.872,1176.936,time column: time,audio_duration,H1
841.8957838138015,1673.606496101317,2960.147587348336,3.092522744771781,3.0104802593473114,4.8329940018162425,6589.74358974359,0.0004363255363611,1148.56575,0.031,0.3297872340425531,0-0-2408-0,a,f061152e-Audio_SP12.v0,group_0,1,fave,284.31713540352195,79.93812946186343,6,a,,0.0699999999999363,entonces,la,#,#,s,l,coextensive,22.032590526883585,20.29714547869693,125.58640425733525,f061152e-Audio_SP12.csv,f061152e-Audio_SP12,1148.56575,2353.872,1176.936,time column: time,audio_duration,H1
856.4324737789071,1713.64104673593,3019.7943007760587,3.247089800839845,3.02686073481424,4.747735257267065,6769.2307692307695,0.0014428571952814,1148.7107500000002,0.041,0.3306451612903226,0-0-2409-1,a,f061152e-Audio_SP12.v0,group_0,1,fave,155.04499047802332,76.3290676680296,6,la,,0.099999999999909,a,final,l,#,l,f,final,25.715393998295745,20.63236036651168,115.32281205446344,f061152e-Audio_SP12.csv,f061152e-Audio_SP12,1148.7107500000002,2353.872,1176.936,time column: time,audio_duration,H1
799.3425072203986,1698.300113516412,3278.560857384463,3.446597560335652,2.855252112686956,3.809811378965905,6769.2307692307695,0.00140940487497,1156.4607500000002,0.041,0.3306451612903226,0-0-2433-2,a,f061152e-Audio_SP12.v0,group_0,1,fave,281.9494743396463,77.31191609070743,6,una,,0.099999999999909,quita,comisión,n,#,n,k,final,31.39339625154941,17.37881807591806,45.1419233469782,f061152e-Audio_SP12.csv,f061152e-Audio_SP12,1156.4607500000002,2353.872,1176.936,time column: time,audio_duration,H1
735.311473687524,1763.742900040102,3077.083475715448,3.7994652061415968,3.0208645428306133,4.559563555036046,7128.205128205128,0.0040063430217801,1168.60075,0.041,0.3306451612903226,0-0-2454-7,a,f061152e-Audio_SP12.v0,group_0,1,fave,,65.25313299940247,6,cuarenta,,0.1000000000001364,cero,",",t,#,t,.,final,44.67728496560039,20.509014943663058,95.54177200390468,f061152e-Audio_SP12.csv,f061152e-Audio_SP12,1168.60075,2353.872,1176.936,time column: time,audio_duration,H1
925.493560934046,1411.4539839413374,2655.5586894611765,2.9389769696030283,2.8623000860678536,4.702802327591363,7487.179487179487,0.0002051399402883,1169.72575,0.031,0.3297872340425531,0-0-2460-2,a,f061152e-Audio_SP12.v0,group_0,1,fave,268.500200175155,79.97239709121797,6,ibas,,0.0699999999999363,tú,a,b,s,b,s,internal,18.896504721697585,17.50173617603911,110.25571256039288,f061152e-Audio_SP12.csv,f061152e-Audio_SP12,1169.72575,2353.872,1176.936,time column: time,audio_duration,H1
1062.5992435203764,1677.4215172432332,3024.3650294307167,3.274754087817544,3.274505276627193,4.151769826143759,6769.2307692307695,0.0001406390904856,1169.8237499999998,0.027,0.3214285714285714,0-0-2461-0,a,f061152e-Audio_SP12.v0,group_0,1,fave,280.321654820558,78.42450486155685,6,a,,0.0599999999999454,ibas,retirar,#,#,s,r,coextensive,26.43672356875612,26.43014663433737,63.54636685555931,f061152e-Audio_SP12.csv,f061152e-Audio_SP12,1169.8237499999998,2353.872,1176.936,time column: time,audio_duration,H1
694.1292841337283,1824.6278857296088,2316.32645257351,3.682769882534328,2.6222248583161187,4.473262547322088,6948.717948717948,0.0027474884275095,1172.10875,0.037,0.324561403508772,0-0-2469-2,a,f061152e-Audio_SP12.v0,group_0,1,fave,220.2680622314988,82.88871499423641,6,era,,0.0900000000001455,",",",",R,#,R,.,final,39.75636215609169,13.766317645028412,87.64219388406943,f061152e-Audio_SP12.csv,f061152e-Audio_SP12,1172.10875,2353.872,1176.936,time column: time,audio_duration,H1
834.9749749899637,1663.393136810471,2797.508753501891,3.874377002343325,2.625212062930193,4.543144223626479,6589.74358974359,0.0017994599763787,1172.55075,0.041,0.3306451612903226,0-0-2472-5,a,f061152e-Audio_SP12.v0,group_0,1,fave,215.3384506081647,78.5612035387575,6,quitaba,,0.1000000000001364,te,nada,b,#,b,n,final,48.15268993151062,13.80750193494159,93.98584855284672,f061152e-Audio_SP12.csv,f061152e-Audio_SP12,1172.55075,2353.872,1176.936,time column: time,audio_duration,H1
1247.7706374559957,1705.4363880846815,3300.390422322977,3.167803595902407,3.0366511474102835,4.357486344528045,6589.74358974359,6.492987316372107e-06,1172.74375,0.027,0.3214285714285714,0-0-2473-3,a,f061152e-Audio_SP12.v0,group_0,1,fave,246.7405752676587,79.30203933912213,6,nada,,0.0599999999999454,quitaba,más,d,#,d,m,final,23.7552508841398,20.835351750604,78.06066997433658,f061152e-Audio_SP12.csv,f061152e-Audio_SP12,1172.74375,2353.872,1176.936,time column: time,audio_duration,H1
1194.125616748473,1808.975935589479,3251.708921724963,4.513636560212721,3.060180650877289,4.754696166850995,8923.076923076922,0.0003192197395424,1173.2837499999998,0.027,0.3214285714285714,0-0-2475-7,a,f061152e-Audio_SP12.v0,group_0,1,fave,235.71428653542264,77.8351063857641,6,cuarenta,,0.0599999999999454,más,centavos,t,#,t,z,final,91.25306310860896,21.331410351969243,116.12836415711487,f061152e-Audio_SP12.csv,f061152e-Audio_SP12,1173.2837499999998,2353.872,1176.936,time column: time,audio_duration,H1
645.6239591714369,1790.7676296599348,3055.2358350946165,3.9273293715683946,2.9185320329820046,4.402952076625028,6948.717948717948,0.000366246191243,1175.77575,0.031,0.3297872340425531,0-0-2480-3,a,f061152e-Audio_SP12.v0,group_0,1,fave,251.04337642186428,73.84926090611742,6,están,,0.0699999999999363,[silence],quitando,t,n,t,n,internal,50.77120542657351,18.51408942907493,81.6916731321823,f061152e-Audio_SP12.csv,f061152e-Audio_SP12,1175.77575,2353.872,1176.936,time column: time,audio_duration,H1
1261.3048000205288,1559.550967848555,3404.233370116588,3.646508712234493,3.12264063114298,4.2251251983855855,7487.179487179487,6.09071224096e-05,1176.39075,0.041,0.3306451612903226,0-0-2482-3,a,f061152e-Audio_SP12.v0,group_0,1,fave,257.6944181195763,82.61465406617813,6,nada,,0.1000000000001364,quitando,más,d,#,d,m,final,38.34057413111426,22.706259403922655,68.3830644619127,f061152e-Audio_SP12.csv,f061152e-Audio_SP12,1176.39075,2353.872,1176.936,time column: time,audio_duration,H1
723.8195196944055,1775.0780923861687,2764.535130608524,3.557811959737517,3.4229350965121905,4.176037330116887,6589.74358974359,0.0001514433486793,61.20375,0.027,0.3214285714285714,0-0-7-1,e,f061152e-Audio_SP12.v0,group_0,1,fave,275.4723005130543,78.53483815153085,6,me,,0.0600000000000022,ahorita,cambié,m,#,m,k,final,35.08634276489644,30.65927100794753,65.10734245078017,f061152e-Audio_SP12.csv,f061152e-Audio_SP12,61.20375,2353.872,1176.936,time column: time,audio_duration,H1
613.0575569288515,1805.1816601296248,2376.985676108904,3.535673156189852,4.166131302451909,2.8343716347316152,5512.820512820513,0.0196467352557047,62.20475,0.189,0.3351063829787233,0-0-10-1,e,f061152e-Audio_SP12.v0,group_0,1,fave,266.12222270612284,77.9576007735579,6,de,,0.5399999999999991,[silence],cargo,d,#,d,k,final,34.31810838761733,64.46557126487299,17.019702349803033,f061152e-Audio_SP12.csv,f061152e-Audio_SP12,62.20475,2353.872,1176.936,time column: time,audio_duration,H1
635.5740505161947,2256.7429833665383,2828.397187612694,3.64112774560746,3.4657344013839624,3.9969654157796977,6769.2307692307695,0.0037243775305685,73.89574999999999,0.151,0.3325991189427312,0-0-18-3,e,f061152e-Audio_SP12.v0,group_0,1,fave,213.4817123510579,81.0768790128312,6,Este,,0.4300000000000068,[silence],de,t,#,t,d,final,38.13481885884685,31.99995195473161,54.43271848353175,f061152e-Audio_SP12.csv,f061152e-Audio_SP12,73.89574999999999,2353.872,1176.936,time column: time,audio_duration,H1
480.9343950903959,1705.7326582751646,2394.255451750097,2.672491835068456,3.78558002312514,2.974512719429457,5153.846153846154,0.0012700104726717,74.33275,0.065,0.3350515463917525,0-0-19-1,e,f061152e-Audio_SP12.v0,group_0,1,fave,228.50536715891067,80.63360364756389,6,de,,0.1700000000000017,Este,auditora,d,#,d,a,final,14.475996082316644,44.06121967482783,19.58007993212763,f061152e-Audio_SP12.csv,f061152e-Audio_SP12,74.33275,2353.872,1176.936,time column: time,audio_duration,H1
669.0876295011082,1723.1608566122777,2523.9048731723183,3.493796560661093,3.361771272666662,4.363979579530691,7128.205128205128,0.0003861916765085,76.24575,0.031,0.3297872340425531,0-0-24-4,e,f061152e-Audio_SP12.v0,group_0,1,fave,282.47929542597325,75.91382417594808,6,profesional,,0.0699999999999931,trabajo,.,f,s,f,s,internal,32.91065813107987,28.84022957452125,78.56918541740906,f061152e-Audio_SP12.csv,f061152e-Audio_SP12,76.24575,2353.872,1176.936,time column: time,audio_duration,H1
609.9244898131637,1947.7415426190728,2533.438640472636,2.758349740409703,3.6930796259784393,3.797674988587636,6948.717948717948,0.0001214390516245,79.40375,0.027,0.3214285714285714,0-0-32-1,e,f061152e-Audio_SP12.v0,group_0,1,fave,299.31372745626857,71.9534269522728,6,gerente,,0.0600000000000022,soy,de,x,R,x,R,internal,15.773790608384193,40.16836019795372,44.59737445573237,f061152e-Audio_SP12.csv,f061152e-Audio_SP12,79.40375,2353.872,1176.936,time column: time,audio_duration,H1
734.7365458889575,1744.7317535441382,2647.427079185727,3.5359912171399515,3.8272802487067095,3.5998644115653704,7128.205128205128,7.184987731042327e-06,79.58375,0.027,0.3214285714285714,0-0-32-6,e,f061152e-Audio_SP12.v0,group_0,1,fave,267.2026825511223,77.8022525469259,6,gerente,,0.0600000000000022,soy,de,t,#,t,d,final,34.32902537381818,45.93742979531838,36.593272482759424,f061152e-Audio_SP12.csv,f061152e-Audio_SP12,79.58375,2353.872,1176.936,time column: time,audio_duration,H1
583.6716281272203,2440.779427417466,2877.834495637179,4.220096893369953,3.606787790518408,3.795734161194353,7128.205128205128,0.0012121112924123,83.73074999999999,0.041,0.3306451612903226,0-0-46-0,e,f061152e-Audio_SP12.v0,group_0,1,fave,246.41675877974416,75.82071485558598,6,empecé,,0.1000000000000085,y,[silence],#,m,i,m,initial,68.04007660235267,36.84750061865597,44.510902590346326,f061152e-Audio_SP12.csv,f061152e-Audio_SP12,83.73074999999999,2353.872,1176.936,time column: time,audio_duration,H1
798.5865968358485,2509.793634741909,3223.6981434795134,3.0723343148734488,3.285379932594999,4.217593917937026,7307.692307692308,0.0124321424221572,86.30075000000001,0.301,0.3329646017699116,0-0-54-2,e,f061152e-Audio_SP12.v0,group_0,1,fave,265.5905357157304,74.66692396767186,6,hace,,0.8799999999999955,ya,ocho,z,#,z,ó,final,21.592246995706745,26.71913385655608,67.86998691611488,f061152e-Audio_SP12.csv,f061152e-Audio_SP12,86.30075000000001,2353.872,1176.936,time column: time,audio_duration,H1
777.204729945257,1882.1156299090464,2903.935137198728,3.291852245760959,4.157498218460435,3.885444037858735,6589.74358974359,0.0001601407212466,90.40575,0.031,0.3297872340425531,0-0-63-0,e,f061152e-Audio_SP12.v0,group_0,1,fave,277.11464422863884,81.04544825732754,6,en,,0.0699999999999931,empecé,la,#,n,e,n,initial,26.892629311201183,63.911429989353614,48.6885572229428,f061152e-Audio_SP12.csv,f061152e-Audio_SP12,90.40575,2353.872,1176.936,time column: time,audio_duration,H1
513.3200719210606,1624.5258981620216,1748.2145175436865,4.033375351099242,3.49605976542838,2.8882255939102355,4435.897435897436,5.78003975362e-05,98.99375,0.027,0.3214285714285714,0-0-86-1,e,f061152e-Audio_SP12.v0,group_0,1,fave,235.7262635855929,80.24691394190144,6,recientemente,,0.0600000000000022,Y,antes,r,z,r,z,internal,56.45113242678504,32.9852260388502,17.961410472792046,f061152e-Audio_SP12.csv,f061152e-Audio_SP12,98.99375,2353.872,1176.936,time column: time,audio_duration,H1
618.9091672655453,1750.8274022692458,2970.510361533622,2.5312323524906604,2.6828229330773867,3.1301621991487703,7128.205128205128,4.476766935566933e-06,99.31375,0.027,0.3214285714285714,0-0-86-7,e,f061152e-Audio_SP12.v0,group_0,1,fave,295.48809467632645,85.29099291620734,6,recientemente,,0.0600000000000022,Y,antes,t,m,t,m,internal,12.568986017598084,14.626324206853113,22.87768998335863,f061152e-Audio_SP12.csv,f061152e-Audio_SP12,99.31375,2353.872,1176.936,time column: time,audio_duration,H1
619.4763105275633,1953.484560935604,3239.160944358387,4.069272616154609,4.056422296848534,3.707854252629376,6589.74358974359,0.0002112246481233,99.66375,0.027,0.3214285714285714,0-0-86-12,e,f061152e-Audio_SP12.v0,group_0,1,fave,377.3063855486412,83.17387011863329,6,recientemente,,0.059999999999988,Y,antes,t,#,t,á,final,58.514384690384006,57.7672667958466,40.76623856201888,f061152e-Audio_SP12.csv,f061152e-Audio_SP12,99.66375,2353.872,1176.936,time column: time,audio_duration,H1
778.5656169725655,2313.6283753904604,2912.3643577319617,3.544525571799359,4.27991749573718,4.514301662548969,6948.717948717948,0.0097805001466116,102.69875,0.077,0.3290598290598291,0-0-100-1,e,f061152e-Audio_SP12.v0,group_0,1,fave,285.7302970360953,76.39588965274237,6,de,,0.2100000000000079,cambié,gerencia,d,#,d,x,final,34.62325519644359,72.23448010893868,91.31377592195126,f061152e-Audio_SP12.csv,f061152e-Audio_SP12,102.69875,2353.872,1176.936,time column: time,audio_duration,H1
686.1724864339876,1735.7805630776031,3145.2642786403594,2.979286317553205,2.315743549564311,3.9644650388633353,7128.205128205128,4.850596325280356e-06,111.25275,0.025,0.3378378378378378,0-0-110-1,e,f061152e-Audio_SP12.v0,group_0,1,fave,343.07440814729625,82.9734365022733,6,de,,0.0500000000000113,cambio,gerencia,d,#,d,x,final,19.67377080833695,10.132454100324631,52.69207363689776,f061152e-Audio_SP12.csv,f061152e-Audio_SP12,111.25275,2353.872,1176.936,time column: time,audio_duration,H1
636.3748841171519,1609.901780335177,2459.5075813292,2.628670183980558,4.196974873989245,3.803114958602376,5512.820512820513,0.000286034991661,111.39575,0.031,0.3297872340425531,0-0-111-1,e,f061152e-Audio_SP12.v0,group_0,1,fave,289.1464474060058,81.73222324710446,6,gerencia,,0.0700000000000073,de,porque,x,R,x,R,internal,13.855332602489268,66.48490131509635,44.84064392488851,f061152e-Audio_SP12.csv,f061152e-Audio_SP12,111.39575,2353.872,1176.936,time column: time,audio_duration,H1
608.7675147380089,2398.3051202354627,2868.2412204280454,4.3691143493471785,3.9258613544316687,3.73021740638841,7307.692307692308,0.001672459414905,112.14875,0.037,0.324561403508772,0-0-112-4,e,f061152e-Audio_SP12.v0,group_0,1,fave,226.01101924449108,74.90462607083275,6,porque,,0.0900000000000034,gerencia,en,k,#,k,e,final,78.97365764640512,50.69672710805455,41.68817045347151,f061152e-Audio_SP12.csv,f061152e-Audio_SP12,112.14875,2353.872,1176.936,time column: time,audio_duration,H1
660.8011147897704,1795.1341681746037,2672.7242852798963,3.527011184061574,3.589549061648329,4.321571696536092,7128.205128205128,0.0010030370645728,116.09075,0.041,0.3306451612903226,0-0-127-3,e,f061152e-Audio_SP12.v0,group_0,1,fave,271.1875281929227,77.20449303028731,6,pasé,,0.1000000000000085,ahora,a,s,#,s,a,final,34.02212961978636,36.21774027546645,75.30689491393773,f061152e-Audio_SP12.csv,f061152e-Audio_SP12,116.09075,2353.872,1176.936,time column: time,audio_duration,H1
635.5704301964297,1695.0191020854732,2549.3323576489133,3.2248300490647583,2.9108550968656264,3.9575311989093,6948.717948717948,3.70658282491e-05,128.87375000000003,0.027,0.3214285714285714,0-0-149-1,e,f061152e-Audio_SP12.v0,group_0,1,fave,283.7012377796129,80.57983159848443,6,petrolera,,0.0599999999999738,industria,",",p,t,p,t,internal,25.149299645604703,18.372502121008555,52.32797897725055,f061152e-Audio_SP12.csv,f061152e-Audio_SP12,128.87375000000003,2353.872,1176.936,time column: time,audio_duration,H1
467.3506172915418,1835.5969374577248,2996.452583156985,2.4567192637226047,3.219694470638249,3.1479651296562503,6948.717948717948,2.96022805828e-05,130.25375000000005,0.027,0.3214285714285714,0-0-151-6,e,f061152e-Audio_SP12.v0,group_0,1,fave,229.956073582736,68.59884244304477,6,entonces,,0.0600000000000022,",",ya,z,s,z,s,internal,11.666474062105044,25.020474523798885,23.28862699622301,f061152e-Audio_SP12.csv,f061152e-Audio_SP12,130.25375000000005,2353.872,1176.936,time column: time,audio_duration,H1
662.0372549456963,1552.895076365456,2738.342692909086,3.1233488144481907,2.440823685652181,4.103291610899188,6589.74358974359,6.85789010394e-05,131.70375,0.027,0.3214285714285714,0-0-157-0,e,f061152e-Audio_SP12.v0,group_0,1,fave,304.5963042048024,80.55970587715396,6,en,,0.0600000000000022,tiempo,el,#,n,o,n,initial,22.72234529296304,11.48249481489882,60.53923158915856,f061152e-Audio_SP12.csv,f061152e-Audio_SP12,131.70375,2353.872,1176.936,time column: time,audio_duration,H1
680.8545781219665,2116.831215352433,2985.788883266884,3.2378897195742224,4.485150302356179,4.487685602910784,8384.615384615383,0.0008507719943328,133.46575,0.031,0.3297872340425531,0-0-164-1,e,f061152e-Audio_SP12.v0,group_0,1,fave,207.89541218013656,79.50304783243115,6,gerencia,,0.0700000000000216,esta,[silence],x,R,x,R,internal,25.479895248629543,88.69028016929832,88.91542196626474,f061152e-Audio_SP12.csv,f061152e-Audio_SP12,133.46575,2353.872,1176.936,time column: time,audio_duration,H1
686.1215221287816,1914.4348240633929,3144.269950372648,3.702373880284996,3.349651852627828,3.7779083523316936,6769.2307692307695,0.0018026757301499,135.12075000000002,0.041,0.3306451612903226,0-0-169-1,e,f061152e-Audio_SP12.v0,group_0,1,fave,271.6443680674198,77.42861115557236,6,de,,0.0999999999999943,manera,crecer,d,#,d,k,final,40.54343547520446,28.492812219108657,43.72448979462349,f061152e-Audio_SP12.csv,f061152e-Audio_SP12,135.12075000000002,2353.872,1176.936,time column: time,audio_duration,H1
798.0300449822442,1848.439185251628,2929.3371892347795,2.676251747368424,2.9559225783325176,3.6226163718330207,7128.205128205128,0.0001177758304028,135.61575,0.031,0.3297872340425531,0-0-171-1,e,f061152e-Audio_SP12.v0,group_0,1,fave,264.4340461027937,82.25742322584126,6,de,,0.0699999999999931,crecer,buscar,d,#,d,b,final,14.530527009551156,19.21944598745573,37.43538468966574,f061152e-Audio_SP12.csv,f061152e-Audio_SP12,135.61575,2353.872,1176.936,time column: time,audio_duration,H1
648.5079433814866,1598.382957235468,2535.927859953624,3.7459462612957,2.401935711997038,2.9065007559669045,7128.205128205128,0.0001444680218086,137.64575,0.031,0.3297872340425531,0-0-177-1,e,f061152e-Audio_SP12.v0,group_0,1,fave,225.8399174980044,73.89673269265285,6,me,,0.0699999999999931,se,presentó,m,#,m,p,final,42.34906154276797,11.044534740554724,18.29267590501701,f061152e-Audio_SP12.csv,f061152e-Audio_SP12,137.64575,2353.872,1176.936,time column: time,audio_duration,H1
505.7971162449426,2024.222756171091,2983.088352408269,2.481440349206562,4.088156283304182,3.615439860697349,7128.205128205128,0.0002484103536028,138.78575,0.031,0.3297872340425531,0-0-181-1,e,f061152e-Audio_SP12.v0,group_0,1,fave,222.31699627960955,80.14328490993208,6,de,,0.0699999999999931,oportunidad,cambiarme,d,#,d,k,final,11.958476401236334,59.62984974267674,37.16769093707335,f061152e-Audio_SP12.csv,f061152e-Audio_SP12,138.78575,2353.872,1176.936,time column: time,audio_duration,H1
664.7451915969,1467.9754244281155,2424.4627734670103,3.4947716864186207,2.971644930835432,3.135811312509658,7128.205128205128,2.55568679215e-05,139.18375,0.027,0.3214285714285714,0-0-182-8,e,f061152e-Audio_SP12.v0,group_0,1,fave,221.708883106334,77.92318598310128,6,cambiarme,,0.0600000000000022,de,por,m,#,m,p,final,32.94276581349056,19.524008840674803,23.0072943778017,f061152e-Audio_SP12.csv,f061152e-Audio_SP12,139.18375,2353.872,1176.936,time column: time,audio_duration,H1
552.7740860742169,1738.6679813242602,2156.5730473860262,3.654111066335246,2.6520646422435448,4.259440031047268,6410.25641025641,0.0014674384438707,144.87575,0.031,0.3297872340425531,0-0-201-4,e,f061152e-Audio_SP12.v0,group_0,1,fave,209.5707064911484,78.43853355986178,6,profesional,,0.0699999999999931,crecimiento,.,f,s,f,s,internal,38.63316352698038,14.183291859799352,70.77034316170112,f061152e-Audio_SP12.csv,f061152e-Audio_SP12,144.87575,2353.872,1176.936,time column: time,audio_duration,H1
607.6411680655707,1732.0248451483253,2693.6614169840486,3.96310237813545,2.661712942682834,3.4733468970334456,7128.205128205128,1.01641554386e-05,156.39274999999998,0.025,0.3378378378378378,0-0-210-0,e,f061152e-Audio_SP12.v0,group_0,1,fave,250.9682999936808,78.42918269556354,6,económica,,0.0500000000000113,situación,[silence],#,k,n,k,initial,52.62032111575604,14.320798808351809,32.244481007072,f061152e-Audio_SP12.csv,f061152e-Audio_SP12,156.39274999999998,2353.872,1176.936,time column: time,audio_duration,H1
486.7133002964467,1771.4111608609514,2728.000442252981,4.078289787962986,2.341356061460334,3.4495592805940323,6948.717948717948,0.000136982123097,157.40274999999997,0.025,0.3378378378378378,0-0-212-1,e,f061152e-Audio_SP12.v0,group_0,1,fave,229.9634671735119,78.26575177133657,6,del,,0.0500000000000113,[silence],país,d,l,d,l,internal,59.04440500120361,10.395323706903085,31.48651253332972,f061152e-Audio_SP12.csv,f061152e-Audio_SP12,157.40274999999997,2353.872,1176.936,time column: time,audio_duration,H1
634.3592228151375,2144.805794661024,2819.751165425232,3.724753273629454,4.121931100127871,3.899043401372762,7487.179487179487,0.0003350647678298,159.04375000000002,0.047,0.3263888888888889,0-0-215-0,e,f061152e-Audio_SP12.v0,group_0,1,fave,207.84266770152465,75.0957302281692,6,entonces,,0.1199999999999761,[silence],buscando,#,n,.,n,initial,41.46100196024762,61.67823418071119,49.35521338694745,f061152e-Audio_SP12.csv,f061152e-Audio_SP12,159.04375000000002,2353.872,1176.936,time column: time,audio_duration,H1
459.1187333452132,1840.8383014799151,2829.3000229149866,3.15842914647116,2.8483886355964407,3.699715220880967,7128.205128205128,0.0005447766210858,159.53575,0.031,0.3297872340425531,0-0-215-6,e,f061152e-Audio_SP12.v0,group_0,1,fave,237.15839201355865,71.7175364053214,6,entonces,,0.0699999999999931,[silence],buscando,z,s,z,s,internal,23.533599041229728,17.259947356064686,40.43578745232973,f061152e-Audio_SP12.csv,f061152e-Audio_SP12,159.53575,2353.872,1176.936,time column: time,audio_duration,H1
475.36128728653927,2303.808275042792,2945.564251156376,3.5924664263148745,3.806728932197121,3.8708383939916846,6948.717948717948,0.0009703927646667,161.94275,0.0849999999999999,0.3346456692913385,0-0-221-4,e,f061152e-Audio_SP12.v0,group_0,1,fave,207.06574764553395,79.74611661419789,6,porque,,0.2299999999999897,está,acá,k,#,k,á,final,36.3235549061314,45.00299000853666,47.98259754342536,f061152e-Audio_SP12.csv,f061152e-Audio_SP12,161.94275,2353.872,1176.936,time column: time,audio_duration,H1
395.0961099588168,1871.1666578902184,2999.858553670665,2.4575271561378456,2.822442642541211,2.861293918483436,7128.205128205128,0.003968099140998,162.44275,0.0849999999999999,0.3346456692913385,0-0-223-0,e,f061152e-Audio_SP12.v0,group_0,1,fave,214.47966164012263,77.29722657488442,6,el,,0.2299999999999897,acá,sueldo,#,l,a,l,initial,11.675903126334305,16.817880611636593,17.484135352601633,f061152e-Audio_SP12.csv,f061152e-Audio_SP12,162.44275,2353.872,1176.936,time column: time,audio_duration,H1
540.6176022375297,1824.280452042274,2880.1965289495333,3.5979341078746643,3.4311928604776027,4.127259379019501,5871.794871794871,0.0039200943576671,166.27375,0.067,0.3284313725490196,0-0-233-0,e,f061152e-Audio_SP12.v0,group_0,1,fave,288.2353330116346,76.83762298937357,6,Entonces,,0.1799999999999784,.,",",#,n,.,n,initial,36.5227044845764,30.913496252667827,62.00775011076185,f061152e-Audio_SP12.csv,f061152e-Audio_SP12,166.27375,2353.872,1176.936,time column: time,audio_duration,H1
644.994189133462,2200.5332969326428,2993.577937918471,3.214826592633884,4.076553873389548,4.4274516416562655,8205.128205128205,0.0059831290952251,167.48274999999998,0.065,0.3350515463917525,0-0-236-4,e,f061152e-Audio_SP12.v0,group_0,1,fave,302.9025276795482,76.69190349811112,6,tiene,,0.1700000000000159,eso,ya,n,#,n,y,final,24.89897387130818,58.94199786881492,83.71780188310613,f061152e-Audio_SP12.csv,f061152e-Audio_SP12,167.48274999999998,2353.872,1176.936,time column: time,audio_duration,H1
774.3721028051417,1876.604429433509,2925.106091794719,2.5722225594644024,2.6318470037798525,3.961318894405911,7307.692307692308,6.34622675213174e-06,167.95375,0.027,0.3214285714285714,0-0-238-3,e,f061152e-Audio_SP12.v0,group_0,1,fave,268.9797024209148,83.00830087062694,6,alrededor,,0.0600000000000022,ya,de,R,d,R,d,internal,13.094896307714944,13.899418486804851,52.526557267205895,f061152e-Audio_SP12.csv,f061152e-Audio_SP12,167.95375,2353.872,1176.936,time column: time,audio_duration,H1
933.6614595493024,1883.5250116220936,2901.74463026214,4.633750701529491,3.3757167162461075,3.788552915124113,7666.666666666666,0.0019417592314953,168.05075000000002,0.041,0.3306451612903226,0-0-238-5,e,f061152e-Audio_SP12.v0,group_0,1,fave,250.9633260508337,73.77506066295423,6,alrededor,,0.0999999999999943,ya,de,d,d,d,d,internal,102.8992857416272,29.24523680799221,44.1924038237995,f061152e-Audio_SP12.csv,f061152e-Audio_SP12,168.05075000000002,2353.872,1176.936,time column: time,audio_duration,H1
766.4818294843077,1974.418186486488,2998.1469964773323,3.129878927025654,3.538765550832794,4.185772566301364,6948.717948717948,0.0010694584653818,168.53575,0.051,0.3311688311688312,0-0-239-1,e,f061152e-Audio_SP12.v0,group_0,1,fave,279.2386944513014,81.765684308658,6,de,,0.1299999999999954,alrededor,[silence],d,#,d,&,final,22.87121028934672,34.42439778182481,65.7442731116827,f061152e-Audio_SP12.csv,f061152e-Audio_SP12,168.53575,2353.872,1176.936,time column: time,audio_duration,H1
504.2993983435736,1904.8387256058825,2886.010360037346,3.2148384787673794,3.858614978386172,4.024325352290195,7307.692307692308,0.0006518780287541,171.03875,0.057,0.3275862068965517,0-0-245-5,e,f061152e-Audio_SP12.v0,group_0,1,fave,211.78328021033127,79.54663414432002,6,empecé,,0.1500000000000056,que,a,z,#,z,a,final,24.89926982559439,47.39965633632152,55.94255453137167,f061152e-Audio_SP12.csv,f061152e-Audio_SP12,171.03875,2353.872,1176.936,time column: time,audio_duration,H1
588.6929979541633,1870.6293746553365,2982.5420141357936,3.24353973519768,2.413269369924228,3.444997584179198,7307.692307692308,4.77225848504e-05,173.01775,0.035,0.3365384615384616,0-0-252-3,e,f061152e-Audio_SP12.v0,group_0,1,fave,203.37619179024568,81.73511505036689,6,Internet,,0.0800000000000125,por,[silence],t,R,t,R,internal,25.62426451511972,11.170421751899593,31.343207727004696,f061152e-Audio_SP12.csv,f061152e-Audio_SP12,173.01775,2353.872,1176.936,time column: time,audio_duration,H1
605.2720995211545,1905.7295840035777,2865.898701196241,3.261950336143828,4.2071282391726665,4.1837628450909286,6230.769230769231,0.0009688356213442,192.84075,0.061,0.3315217391304348,0-0-256-0,e,f061152e-Audio_SP12.v0,group_0,1,fave,212.59401775656133,80.07263226629556,6,Entonces,,0.1599999999999966,[silence],",",#,n,.,n,initial,26.100392072321014,67.16338541698059,65.61227813252721,f061152e-Audio_SP12.csv,f061152e-Audio_SP12,192.84075,2353.872,1176.936,time column: time,audio_duration,H1
490.3152421504194,690.0670642876016,1758.417092071818,2.557656528217888,3.599105802422243,3.4606842160221785,3717.948717948718,0.0263650385339577,193.49375,0.067,0.3284313725490196,0-0-256-6,e,f061152e-Audio_SP12.v0,group_0,1,fave,366.51662130670593,72.68146146514836,6,Entonces,,0.1799999999999784,[silence],",",z,s,z,s,internal,12.905538085803222,36.56552301850649,31.83875364905885,f061152e-Audio_SP12.csv,f061152e-Audio_SP12,193.49375,2353.872,1176.936,time column: time,audio_duration,H1
497.9527161517853,1827.618774414645,2965.691169777087,2.699329393816301,3.021328188487572,2.8409016890582093,6589.74358974359,8.99935528169e-05,193.98275,0.045,0.3358208955223881,0-0-258-1,e,f061152e-Audio_SP12.v0,group_0,1,fave,226.56573278089544,81.73819612872806,6,debido,,0.1099999999999852,",",a,d,b,d,b,internal,14.869756629820392,20.51852606409464,17.131205595673393,f061152e-Audio_SP12.csv,f061152e-Audio_SP12,193.98275,2353.872,1176.936,time column: time,audio_duration,H1
613.8439322628492,1836.3219779614176,2591.4787663841057,4.241466942124696,3.619747419330027,3.569850997386163,7128.205128205128,0.0010022524817726,195.73075000000003,0.041,0.3306451612903226,0-0-265-1,e,f061152e-Audio_SP12.v0,group_0,1,fave,252.0367853553695,75.5326761754412,6,me,,0.0999999999999943,final,quedé,m,#,m,k,final,69.50974385697705,37.32813826507004,35.5113014806605,f061152e-Audio_SP12.csv,f061152e-Audio_SP12,195.73075000000003,2353.872,1176.936,time column: time,audio_duration,H1
468.3722393213373,1824.10577727558,2768.40186573264,2.76891521353904,3.2274663446006167,3.2348116538636846,7128.205128205128,0.0002807852522449,195.96775,0.055,0.3353658536585365,0-0-266-3,e,f061152e-Audio_SP12.v0,group_0,1,fave,223.26725463494708,80.03290693029462,6,quedé,,0.1400000000000147,me,con,d,#,d,k,final,15.941331686044787,25.215688103337477,25.40158703749393,f061152e-Audio_SP12.csv,f061152e-Audio_SP12,195.96775,2353.872,1176.936,time column: time,audio_duration,H1
434.3852542518949,1757.6337358458811,2851.8672749826487,2.4122659226277223,2.028495615091546,4.657568940844572,6589.74358974359,0.0021984009555487,196.92875,0.037,0.3245614035087719,0-0-268-8,e,f061152e-Audio_SP12.v0,group_0,1,fave,451.5723262066473,78.2135636452703,6,Microworkers,,0.0900000000000034,con,[silence],k,R,k,R,internal,11.159218444296243,7.602640453852152,105.37958649637582,f061152e-Audio_SP12.csv,f061152e-Audio_SP12,196.92875,2353.872,1176.936,time column: time,audio_duration,H1
626.7828463674923,1803.35010055772,2634.6902747798263,2.945157995896854,2.7651549654977967,4.043279807955672,7307.692307692308,1.10961726496e-05,197.90275,0.025,0.3378378378378378,0-0-272-1,e,f061152e-Audio_SP12.v0,group_0,1,fave,216.1228318925408,81.59118164844347,6,Remotasks,,0.0500000000000113,con,.,r,m,r,m,internal,19.01366623041324,15.8815008846224,57.01302827558909,f061152e-Audio_SP12.csv,f061152e-Audio_SP12,197.90275,2353.872,1176.936,time column: time,audio_duration,H1
498.4570888670595,2177.2332686307755,2760.850043926562,3.4323740822276845,3.94559635560816,3.90670067030854,6589.74358974359,0.0071598164775933,206.73575,0.151,0.3325991189427312,0-0-285-1,e,f061152e-Audio_SP12.v0,group_0,1,fave,248.7842955048418,78.01633355698071,6,te,,0.4300000000000068,[silence],pide,t,#,t,p,final,30.95003352187276,51.70716477706302,49.734590170575096,f061152e-Audio_SP12.csv,f061152e-Audio_SP12,206.73575,2353.872,1176.936,time column: time,audio_duration,H1
471.3953490996763,2029.9137976666625,2911.3587932684354,3.410823537778827,3.5700921863431394,3.188766623710976,7487.179487179487,0.0002523488741879,207.26075000000003,0.041,0.3306451612903226,0-0-286-3,e,f061152e-Audio_SP12.v0,group_0,1,fave,227.06597522821824,81.22369357749042,6,pide,,0.0999999999999943,te,con(figurar),d,#,d,k,final,30.290179097414416,35.51986744739225,24.258489138981,f061152e-Audio_SP12.csv,f061152e-Audio_SP12,207.26075000000003,2353.872,1176.936,time column: time,audio_duration,H1
711.658003243191,1874.177423035596,2731.3005099236348,3.7448634901834,4.16997531131084,4.187849792309789,7128.205128205128,0.0090706950182501,210.18075,0.041,0.3306451612903226,0-0-300-0,e,f061152e-Audio_SP12.v0,group_0,1,fave,223.24935716529995,72.01294278044789,6,extranjero,,0.0999999999999943,el,.,#,s,l,s,initial,42.3032320182166,64.71385438744501,65.88098076288333,f061152e-Audio_SP12.csv,f061152e-Audio_SP12,210.18075,2353.872,1176.936,time column: time,audio_duration,H1
668.9726968084619,1914.326605566548,3155.7741811000774,3.5986611140612466,3.813317737169012,3.503691729288721,6589.74358974359,0.0030391692267055,212.67375,0.047,0.3263888888888889,0-0-304-0,e,f061152e-Audio_SP12.v0,group_0,1,fave,218.5970322698089,78.97573145529502,6,Entonces,,0.1200000000000045,[silence],aquí,#,n,.,n,initial,36.5492663708453,45.30048492460055,33.23793118356394,f061152e-Audio_SP12.csv,f061152e-Audio_SP12,212.67375,2353.872,1176.936,time column: time,audio_duration,H1
582.2403894746444,1783.9787526854425,2797.216464790116,4.643838058893963,3.2116110554303297,3.196490543002407,7128.205128205128,0.0001915242322333,216.17775,0.035,0.3365384615384615,0-0-311-8,e,f061152e-Audio_SP12.v0,group_0,1,fave,257.3669097349977,81.11234592918345,6,imposible,,0.0800000000000125,casi,conseguir,l,#,l,k,final,103.94252050422271,24.8190388803385,24.44658523562391,f061152e-Audio_SP12.csv,f061152e-Audio_SP12,216.17775,2353.872,1176.936,time column: time,audio_duration,H1
549.742212204981,1821.9422227818595,2758.663506978664,2.7975875547058444,3.2333045466389976,3.3531570250805696,6948.717948717948,0.0001713035604597,216.47875,0.037,0.324561403508772,0-0-312-4,e,f061152e-Audio_SP12.v0,group_0,1,fave,244.6246764744896,81.45758317585543,6,conseguir,,0.0900000000000034,imposible,una,s,g,s,g,internal,16.405022774958855,25.363332955893352,28.59285967896649,f061152e-Audio_SP12.csv,f061152e-Audio_SP12,216.47875,2353.872,1176.936,time column: time,audio_duration,H1
778.5195849306843,2148.3259386204245,2442.854238759406,3.813099250912372,3.88486458912121,4.35146832378484,6948.717948717948,0.0025430553407781,224.26775,0.035,0.3365384615384616,0-0-324-1,e,f061152e-Audio_SP12.v0,group_0,1,fave,259.43249556942084,78.85877974106872,6,me,,0.0800000000000125,eso,quedé,m,#,m,k,final,45.290588472384165,48.660352872204925,77.5923099568848,f061152e-Audio_SP12.csv,f061152e-Audio_SP12,224.26775,2353.872,1176.936,time column: time,audio_duration,H1
682.2600483633928,1934.4709119304025,2951.196705457862,4.482901451326992,2.9863541249095134,4.177555877170288,7846.153846153846,0.0013923778107579,229.86275,0.045,0.335820895522388,0-0-337-4,e,f061152e-Audio_SP12.v0,group_0,1,fave,249.6659129878592,75.38259465801679,6,parte,,0.1099999999999852,la,de,t,#,t,d,final,88.49105304148951,19.813313780913983,65.20628612010881,f061152e-Audio_SP12.csv,f061152e-Audio_SP12,229.86275,2353.872,1176.936,time column: time,audio_duration,H1
1037.609083312367,2274.197102356409,3133.439750415807,3.4972097969290874,3.9763789833452967,3.9005170005668615,8205.128205128205,0.0004136574617035,229.99375,0.027,0.3214285714285714,0-0-338-1,e,f061152e-Audio_SP12.v0,group_0,1,fave,317.8989766933654,77.45210176928316,6,de,,0.0600000000000022,parte,Airtm,d,#,d,a,final,33.023181908892646,53.32359858344424,49.42799680324012,f061152e-Audio_SP12.csv,f061152e-Audio_SP12,229.99375,2353.872,1176.936,time column: time,audio_duration,H1
636.354387146331,1847.958972853695,3081.813683837639,4.528677210342344,2.358542265416888,3.4739617053656784,7307.692307692308,0.0008050114327612,232.60375,0.027,0.3214285714285714,0-0-346-1,e,f061152e-Audio_SP12.v0,group_0,1,fave,258.6827844586343,78.59026009728517,6,tener,,0.0600000000000022,necesito,una,t,n,t,n,internal,92.63594213427086,10.575523903601187,32.26431127794691,f061152e-Audio_SP12.csv,f061152e-Audio_SP12,232.60375,2353.872,1176.936,time column: time,audio_duration,H1
722.9196789006877,1616.31654132708,2627.568817275019,3.357742087738972,3.938306516774084,3.704624185702009,5692.307692307692,2.34618984178e-05,233.32275,0.025,0.3378378378378378,0-0-350-0,e,f061152e-Audio_SP12.v0,group_0,1,fave,257.82813119801085,77.28468597146463,6,el,,0.0500000000000113,en,extranjero,#,l,n,l,initial,28.724260743032083,51.33159845145001,40.63477331815639,f061152e-Audio_SP12.csv,f061152e-Audio_SP12,233.32275,2353.872,1176.936,time column: time,audio_duration,H1
688.4826915385007,2057.34544954548,2991.689749017489,3.806671054819928,3.682800677883165,3.884760253683873,7487.179487179487,0.0013468560549561,233.41775,0.035,0.3365384615384615,0-0-351-0,e,f061152e-Audio_SP12.v0,group_0,1,fave,225.56916765605573,73.31846044191244,6,extranjero,,0.079999999999984,el,para,#,s,l,s,initial,45.00038542888297,39.757586485984525,48.655276137853285,f061152e-Audio_SP12.csv,f061152e-Audio_SP12,233.41775,2353.872,1176.936,time column: time,audio_duration,H1
537.3526560945526,2546.5140157183187,3129.7587875892204,3.382932683292593,3.6918664677175737,4.101545791774871,7128.205128205128,0.0027018449707422,234.82975,0.119,0.3361581920903954,0-0-355-1,e,f061152e-Audio_SP12.v0,group_0,1,fave,183.1971309113016,73.63231886921987,6,me,,0.3299999999999841,ellos,[silence],m,#,m,.,final,29.457032710170598,40.11965916695617,60.43363324550366,f061152e-Audio_SP12.csv,f061152e-Audio_SP12,234.82975,2353.872,1176.936,time column: time,audio_duration,H1
557.0510863948932,1879.9058002879628,2652.450836470301,3.416125497317517,3.8492254882242007,3.3493600177240825,7128.205128205128,8.04546288167e-05,236.52875,0.037,0.324561403508772,0-0-359-1,e,f061152e-Audio_SP12.v0,group_0,1,fave,207.66768580853827,80.90181719676985,6,Me,,0.0900000000000034,[silence],paguen,m,#,m,p,final,30.451202895029976,46.956680641916336,28.484498235211607,f061152e-Audio_SP12.csv,f061152e-Audio_SP12,236.52875,2353.872,1176.936,time column: time,audio_duration,H1
514.4630936086828,1976.028882668139,2787.860942080714,3.2901591561461028,3.974692338856512,3.651592874809817,7487.179487179487,0.0012279260289709,236.88075000000003,0.041,0.3306451612903226,0-0-360-3,e,f061152e-Audio_SP12.v0,group_0,1,fave,194.1793027932896,75.55821750317709,6,paguen,,0.0999999999999943,Me,sin,g,n,g,n,internal,26.847136202620412,53.233736433824085,38.5360002112504,f061152e-Audio_SP12.csv,f061152e-Audio_SP12,236.88075000000003,2353.872,1176.936,time column: time,audio_duration,H1
487.95757606360814,1853.645818860232,2645.599065819445,3.553906114863498,3.649828978784431,3.6218055861283935,5871.794871794871,0.0032150913645287,237.22075,0.061,0.3315217391304348,0-0-362-0,e,f061152e-Audio_SP12.v0,group_0,1,fave,268.0261710259605,72.58923174933273,6,embargo,,0.1599999999999966,sin,anteriormente,#,m,n,m,initial,34.94956823678653,38.46808662750218,37.40504491610153,f061152e-Audio_SP12.csv,f061152e-Audio_SP12,237.22075,2353.872,1176.936,time column: time,audio_duration,H1
882.5382015973174,2141.722239485986,3070.458456132661,3.5008943817248106,3.810152675775446,4.081698090123984,6769.2307692307695,0.0050433238611181,240.14075000000005,0.041,0.3306451612903226,0-0-369-0,e,f061152e-Audio_SP12.v0,group_0,1,fave,237.5342174418788,72.0819019288163,6,entonces,,0.0999999999999943,",",era,#,n,&,n,initial,33.14508306251668,45.15733277083707,59.24598950967941,f061152e-Audio_SP12.csv,f061152e-Audio_SP12,240.14075000000005,2353.872,1176.936,time column: time,audio_duration,H1
620.9760449192704,2553.745034471337,2626.6298727381945,3.757151404054243,3.550537395262182,4.545218541406733,7666.666666666666,0.0001646272998636,242.74375,0.027,0.3214285714285714,0-0-377-1,e,f061152e-Audio_SP12.v0,group_0,1,fave,287.16260929226775,79.54084002098988,6,pedir,,0.0600000000000022,que,una,p,d,p,d,internal,42.8262573537796,34.83203102731412,94.18100741035886,f061152e-Audio_SP12.csv,f061152e-Audio_SP12,242.74375,2353.872,1176.936,time column: time,audio_duration,H1
649.4934783767678,1878.2918122734168,2801.690895981161,3.217499142583254,2.798760486216952,4.091228160021516,7487.179487179487,0.0003999234112293,248.32875,0.037,0.324561403508772,0-0-395-1,e,f061152e-Audio_SP12.v0,group_0,1,fave,311.90512296245595,81.77702638184886,6,Remotasks,,0.0900000000000034,con,también,r,m,r,m,internal,24.965606622684987,16.42427603228081,59.81330692441704,f061152e-Audio_SP12.csv,f061152e-Audio_SP12,248.32875,2353.872,1176.936,time column: time,audio_duration,H1
522.8293236520615,1904.8470461830848,2701.5903934879493,3.5866356583333974,3.985717736105072,3.619608140021636,7128.205128205128,2.54523595977e-05,251.68375,0.027,0.3214285714285714,0-0-405-1,e,f061152e-Audio_SP12.v0,group_0,1,fave,240.9184131355544,79.70327318534855,6,pedido,,0.0600000000000022,[silence],prestado,p,d,p,d,internal,36.112376948348086,53.8239069789994,37.32293958983131,f061152e-Audio_SP12.csv,f061152e-Audio_SP12,251.68375,2353.872,1176.936,time column: time,audio_duration,H1
563.956887315254,1735.923559159805,2852.655743697296,4.263491629901239,2.911114541524935,4.364777256112539,7128.205128205128,0.0001689962263691,252.01375,0.027,0.3214285714285714,0-0-406-2,e,f061152e-Audio_SP12.v0,group_0,1,fave,254.7134896374658,72.95121017600887,6,prestado,,0.0600000000000022,pedido,una,R,s,R,s,internal,71.05765785185153,18.37726938695609,78.63188321963125,f061152e-Audio_SP12.csv,f061152e-Audio_SP12,252.01375,2353.872,1176.936,time column: time,audio_duration,H1
628.0014461719635,2206.2838991473427,3141.232109776067,3.277812928716176,3.796373356690158,3.5745958418992303,6769.2307692307695,0.0017140964153038,252.82375,0.047,0.3263888888888889,0-0-409-1,e,f061152e-Audio_SP12.v0,group_0,1,fave,209.13248595566907,78.13032816337133,6,de,,0.1199999999999761,cuenta,PayPal,d,#,d,p,final,26.517713103937083,44.53936285366335,35.6801974603536,f061152e-Audio_SP12.csv,f061152e-Audio_SP12,252.82375,2353.872,1176.936,time column: time,audio_duration,H1
639.4991009278375,2188.517588012644,2982.6412043496325,3.199957733599002,3.814359166638854,3.532505574482516,6769.2307692307695,5.14109354815e-05,256.04574999999994,0.031,0.3297872340425531,0-0-418-0,e,f061152e-Audio_SP12.v0,group_0,1,fave,210.0764150038912,79.42445889734233,6,entonces,,0.07000000000005,",",",",#,n,.,n,initial,24.531493317263283,45.347686759023695,34.20957496025608,f061152e-Audio_SP12.csv,f061152e-Audio_SP12,256.04574999999994,2353.872,1176.936,time column: time,audio_duration,H1
638.0037736396368,1607.4572823181722,2957.907328089221,2.8733022141611904,3.754111344096681,2.7732692651841946,6948.717948717948,5.51540493073e-05,256.47374999999994,0.027,0.3214285714285714,0-0-418-6,e,f061152e-Audio_SP12.v0,group_0,1,fave,227.89784853805148,67.06676242349373,6,entonces,,0.0600000000000022,",",",",z,s,z,s,internal,17.69535567951143,42.696260662652506,16.010892393060846,f061152e-Audio_SP12.csv,f061152e-Audio_SP12,256.47374999999994,2353.872,1176.936,time column: time,audio_duration,H1
1075.424376766622,1845.6020247492788,2642.963750289765,4.878427138197553,2.552069820758938,4.184616622211117,7128.205128205128,0.0003826229880229,256.66374999999994,0.027,0.3214285714285714,0-0-420-1,e,f061152e-Audio_SP12.v0,group_0,1,fave,234.6637781240565,71.57882620992213,6,me,,0.0600000000000022,",",salió,m,#,m,s,final,131.42378977741373,12.83363964469966,65.66832031476245,f061152e-Audio_SP12.csv,f061152e-Audio_SP12,256.66374999999994,2353.872,1176.936,time column: time,audio_duration,H1
680.9666442836261,1604.920450730121,2634.334386347035,3.2484286682132826,2.3697699990581422,3.92346116638239,7128.205128205128,1.26514073965e-05,257.07275000000004,0.025,0.3378378378378378,0-0-422-1,e,f061152e-Audio_SP12.v0,group_0,1,fave,219.32497665498025,83.61096388753755,6,perfecto,,0.0500000000000113,salió,[silence],p,R,p,R,internal,25.74984655887326,10.694932156736936,50.57519134220494,f061152e-Audio_SP12.csv,f061152e-Audio_SP12,257.07275000000004,2353.872,1176.936,time column: time,audio_duration,H1
464.3629641407352,2277.6944302260263,2770.411614864171,3.369118130517171,4.029186069268192,3.8274646153389615,7128.205128205128,0.0002454590939346,258.27375,0.047,0.3263888888888889,0-0-425-4,e,f061152e-Audio_SP12.v0,group_0,1,fave,220.5488601573612,79.63141847755968,6,porque,,0.1200000000000045,y,ahí,k,#,k,á,final,29.05289489595101,56.21513739336447,45.94589990532289,f061152e-Audio_SP12.csv,f061152e-Audio_SP12,258.27375,2353.872,1176.936,time column: time,audio_duration,H1
563.2269870837946,2027.5186065346445,2995.698135932355,3.346634870731418,3.806184237548151,3.378869596324389,7128.205128205128,0.0004588424607582,259.11575,0.031,0.3297872340425531,0-0-429-3,e,f061152e-Audio_SP12.v0,group_0,1,fave,211.5307559435969,82.84632687957249,6,directamente,,0.0699999999999931,cobro,yo,R,k,R,k,internal,28.4069794635061,44.97848379549882,29.337589043767487,f061152e-Audio_SP12.csv,f061152e-Audio_SP12,259.11575,2353.872,1176.936,time column: time,audio_duration,H1
476.9525409130332,1910.887104590309,2896.337881430111,2.838326507981386,3.9596327397503313,4.0396939413292925,7128.205128205128,6.180671908604368e-06,259.56275000000005,0.025,0.3378378378378378,0-0-429-11,e,f061152e-Audio_SP12.v0,group_0,1,fave,440.4171396446808,82.62357048964523,6,directamente,,0.0500000000000113,cobro,yo,t,#,t,y,final,17.08714639376019,52.43806399576543,56.80895327177334,f061152e-Audio_SP12.csv,f061152e-Audio_SP12,259.56275000000005,2353.872,1176.936,time column: time,audio_duration,H1
566.2583004853127,1765.745379804756,2930.859732533697,3.3434319716824508,2.25436194342752,4.175583029041522,7128.205128205128,0.0001774322817907,260.07575,0.031,0.3297872340425531,0-0-433-1,e,f061152e-Audio_SP12.v0,group_0,1,fave,201.0776290996701,80.86397996611574,6,necesito,,0.0699999999999931,no,ningún,n,z,n,z,internal,28.31614032794542,9.52921119415308,65.07777083280816,f061152e-Audio_SP12.csv,f061152e-Audio_SP12,260.07575,2353.872,1176.936,time column: time,audio_duration,H1
859.5807741739885,1857.286327232285,2645.2866600774178,3.1325016938079258,3.893830974226607,3.957478813630975,7487.179487179487,2.46671484439e-05,261.04275,0.025,0.3378378378378378,0-0-435-6,e,f061152e-Audio_SP12.v0,group_0,1,fave,168.57281599773583,71.43392954991447,6,intermediario,,0.0500000000000113,ningún,.,m,d,m,d,internal,22.93127487323012,49.09862224515346,52.32523783330606,f061152e-Audio_SP12.csv,f061152e-Audio_SP12,261.04275,2353.872,1176.936,time column: time,audio_duration,H1
707.9367813654763,1673.2251652690654,3299.6822555961085,3.935841906705757,3.96080608324173,3.2967335462949623,6948.717948717948,0.0006612744921275,281.85574999999994,0.031,0.3297872340425531,0-0-458-3,e,f061152e-Audio_SP12.v0,group_0,1,fave,407.26232797048095,83.14072384321538,6,veces,,0.07000000000005,hay,que,z,s,z,s,internal,51.20524185091888,52.499627967636144,27.024221225572,f061152e-Audio_SP12.csv,f061152e-Audio_SP12,281.85574999999994,2353.872,1176.936,time column: time,audio_duration,H1
743.0579840881732,1838.4254825955493,3199.6366994106743,3.7584117792527385,3.332775094747325,3.958874470513819,7487.179487179487,0.0142453246436411,283.08375,0.047,0.3263888888888889,0-0-463-1,e,f061152e-Audio_SP12.v0,group_0,1,fave,235.67581703588897,75.87645540708907,6,de,,0.1200000000000045,tiempos,pagos,d,#,d,p,final,42.88026853642028,28.01598092682096,52.398316896420965,f061152e-Audio_SP12.csv,f061152e-Audio_SP12,283.08375,2353.872,1176.936,time column: time,audio_duration,H1
570.8659703531865,1727.0615124395051,2625.723813021821,4.422770838965951,2.078068636535632,3.916670722040289,7128.205128205128,1.04040991989e-05,285.97275,0.025,0.3378378378378378,0-0-477-3,e,f061152e-Audio_SP12.v0,group_0,1,fave,242.8343998698352,62.21857352343515,6,veces,,0.0500000000000113,a,son,z,s,z,s,internal,83.32685106644962,7.9890242948713635,50.23292669996101,f061152e-Audio_SP12.csv,f061152e-Audio_SP12,285.97275,2353.872,1176.936,time column: time,audio_duration,H1
686.417450703867,1726.5026009191624,2857.88523337698,3.2561010199438734,2.016638744738744,3.368662100982687,7307.692307692308,0.0001558508737045,287.26275000000004,0.045,0.335820895522388,0-0-482-1,e,f061152e-Audio_SP12.v0,group_0,1,fave,291.4806913608403,82.4831371341885,6,del,,0.1100000000000136,dependiendo,proyecto,d,l,d,l,internal,25.94816826276639,7.5130292357823585,29.039648938319697,f061152e-Audio_SP12.csv,f061152e-Audio_SP12,287.26275000000004,2353.872,1176.936,time column: time,audio_duration,H1
560.9770027443213,2108.095197368803,2856.7432396704403,2.8863748526778585,4.130512706565457,3.6508339706247934,7307.692307692308,0.0001422976016206,289.12575,0.031,0.3297872340425531,0-0-488-0,e,f061152e-Audio_SP12.v0,group_0,1,fave,290.2356331040074,72.10481653325742,6,entonces,,0.0699999999999931,[silence],el,#,n,.,n,initial,17.928199291968962,62.2098101377666,38.50676617373583,f061152e-Audio_SP12.csv,f061152e-Audio_SP12,289.12575,2353.872,1176.936,time column: time,audio_duration,H1
535.426215428374,1792.8574468064703,3007.380758006523,3.296664473782866,2.468950273531076,3.3783667800449013,7128.205128205128,0.0006723136623863,289.52575,0.031,0.3297872340425531,0-0-488-6,e,f061152e-Audio_SP12.v0,group_0,1,fave,212.11263945188523,68.16066256128182,6,entonces,,0.0699999999999931,[silence],el,z,s,z,s,internal,27.02235465918946,11.8100430277089,29.32284133440026,f061152e-Audio_SP12.csv,f061152e-Audio_SP12,289.52575,2353.872,1176.936,time column: time,audio_duration,H1
452.8245608604429,1942.110927036877,2987.2210466739507,2.1648987375999416,3.722963883449625,3.510563208974889,6948.717948717948,0.0017471102247034,289.69275,0.0849999999999999,0.3346456692913385,0-0-489-0,e,f061152e-Audio_SP12.v0,group_0,1,fave,455.2693987152415,80.51205888101552,6,el,,0.2300000000000182,entonces,tiempo,#,l,s,l,initial,8.713719500024164,41.38687838826812,33.4671114545194,f061152e-Audio_SP12.csv,f061152e-Audio_SP12,289.69275,2353.872,1176.936,time column: time,audio_duration,H1
647.3238398867962,1776.9437625587177,2695.278335286518,3.469180963845475,2.958419608788845,3.7287600906431377,7128.205128205128,0.0004150990790123,290.42775000000006,0.035,0.3365384615384615,0-0-491-1,e,f061152e-Audio_SP12.v0,group_0,1,fave,223.7423053195987,69.54916076478754,6,de,,0.079999999999984,tiempo,pago,d,#,d,p,final,32.11043206684841,19.26749749751479,41.62746187280755,f061152e-Audio_SP12.csv,f061152e-Audio_SP12,290.42775000000006,2353.872,1176.936,time column: time,audio_duration,H1
792.6532659571745,1879.488225036001,2558.48831069601,4.2380982006578085,3.706568427900355,3.7331592001729534,7128.205128205128,0.0001163561238021,291.72275,0.025,0.3378378378378378,0-0-497-1,e,f061152e-Audio_SP12.v0,group_0,1,fave,218.48159826116256,69.42559261990914,6,semana,,0.0500000000000113,una,[silence],s,m,s,m,internal,69.2759774708258,40.71385401026019,41.81098901907278,f061152e-Audio_SP12.csv,f061152e-Audio_SP12,291.72275,2353.872,1176.936,time column: time,audio_duration,H1
739.7495234806364,1863.0209556963705,3500.0999782058384,3.2328636084797924,3.194436458978541,3.91218343716722,6589.74358974359,6.19509657831e-05,293.22374999999994,0.027,0.3214285714285714,0-0-503-1,e,f061152e-Audio_SP12.v0,group_0,1,fave,258.1909850326685,70.53972398494318,6,semana,,0.0600000000000022,una,y,s,m,s,m,internal,25.35215175983764,24.396421433423527,50.00802223044668,f061152e-Audio_SP12.csv,f061152e-Audio_SP12,293.22374999999994,2353.872,1176.936,time column: time,audio_duration,H1
604.1942854981928,1869.611585378769,2681.868848702398,4.096537843658249,3.2337700677969994,4.059478108199945,8025.641025641025,0.0001912597796774,293.83875,0.037,0.3245614035087719,0-0-507-1,e,f061152e-Audio_SP12.v0,group_0,1,fave,228.10787678418583,76.83808247721959,6,revisan,,0.0900000000000318,te,las,r,b,r,b,internal,60.13174130623794,25.37514287269156,57.94406265528208,f061152e-Audio_SP12.csv,f061152e-Audio_SP12,293.83875,2353.872,1176.936,time column: time,audio_duration,H1
239.77797972361404,1964.42547298794,2768.897347557786,3.781243002438688,3.32710796893387,4.311749099507535,6589.74358974359,0.0033418816190641,295.72275,0.045,0.3358208955223881,0-0-511-0,e,f061152e-Audio_SP12.v0,group_0,1,fave,214.33123649255128,73.8447840688136,6,entonces,,0.1100000000000136,[silence],tardas,#,n,.,n,initial,43.870539045432686,27.857659874506343,74.57080669903151,f061152e-Audio_SP12.csv,f061152e-Audio_SP12,295.72275,2353.872,1176.936,time column: time,audio_duration,H1
606.376329843645,1791.8871802089543,2893.7489568945234,2.814799454669328,2.312913901496673,3.225640612425797,7307.692307692308,7.40597087374e-05,296.03775,0.035,0.3365384615384616,0-0-511-6,e,f061152e-Audio_SP12.v0,group_0,1,fave,224.3956127943952,71.61415959959476,6,entonces,,0.0800000000000409,[silence],tardas,z,s,z,s,internal,16.689828377538696,10.10382334773973,25.169693010393807,f061152e-Audio_SP12.csv,f061152e-Audio_SP12,296.03775,2353.872,1176.936,time column: time,audio_duration,H1
685.040646810248,1939.4946870394544,3050.4737576721977,3.3539408481204567,4.299541126061072,3.49439921874294,6589.74358974359,0.0005025980497148,296.54875,0.037,0.3245614035087719,0-0-513-0,e,f061152e-Audio_SP12.v0,group_0,1,fave,224.5337730767019,73.7463516121029,6,en,,0.0900000000000318,tardas,encobrar,#,n,s,n,initial,28.6152802068744,73.66598254308528,32.930497982904505,f061152e-Audio_SP12.csv,f061152e-Audio_SP12,296.54875,2353.872,1176.936,time column: time,audio_duration,H1
1410.4892490851266,1571.1320152908263,2687.0348020128818,4.699849156204051,3.355723847698057,4.526218562995224,7307.692307692308,0.0069686216722414,300.80875000000003,0.037,0.324561403508772,0-0-523-1,e,f061152e-Audio_SP12.v0,group_0,1,fave,186.8051345650016,81.48051898447976,6,semanales,,0.0899999999999749,[pron=pi],.,s,m,s,m,internal,109.93058885407484,28.66634675168133,92.40846278124012,f061152e-Audio_SP12.csv,f061152e-Audio_SP12,300.80875000000003,2353.872,1176.936,time column: time,audio_duration,H1
526.4266395635976,1916.6997160654207,2852.355625737513,3.5746091045076684,3.7759662981436537,3.04599894083155,7128.205128205128,0.0031251614070254,301.13275000000004,0.045,0.3358208955223881,0-0-523-7,e,f061152e-Audio_SP12.v0,group_0,1,fave,344.3305818450107,56.5345781425082,6,semanales,,0.1100000000000136,[pron=pi],.,l,s,l,s,internal,35.68067067597954,43.63965686783112,21.03102946718586,f061152e-Audio_SP12.csv,f061152e-Audio_SP12,301.13275000000004,2353.872,1176.936,time column: time,audio_duration,H1
551.9062514045147,1553.1026737620716,2477.125194481173,2.3567993223971464,3.7481845340514863,3.712938270977861,5153.846153846154,5.93326893625e-05,302.86375,0.027,0.3214285714285714,0-0-528-1,e,f061152e-Audio_SP12.v0,group_0,1,fave,267.0525345258459,78.23533011842021,6,llevar,,0.0600000000000022,puedes,[silence],L,b,L,b,internal,10.557107422134417,42.44395645418214,40.9740226082652,f061152e-Audio_SP12.csv,f061152e-Audio_SP12,302.86375,2353.872,1176.936,time column: time,audio_duration,H1
520.4600048521843,2147.9736848525804,3043.968915146799,3.4617253308320515,3.0971742969469926,3.7194598850054006,6589.74358974359,0.0006055918518969,311.21875,0.037,0.3245614035087719,0-0-562-1,e,f061152e-Audio_SP12.v0,group_0,1,fave,294.9055325985853,75.71283279350972,6,depende,,0.0900000000000318,porque,de,d,p,d,p,internal,31.871918708332288,22.135315000177872,41.24211260843752,f061152e-Audio_SP12.csv,f061152e-Audio_SP12,311.21875,2353.872,1176.936,time column: time,audio_duration,H1
596.5681295146966,1812.6564205061168,3144.515175653014,3.064174692118267,2.924943393966983,2.558097464933557,7307.692307692308,0.0003016810399946,311.60074999999995,0.041,0.3306451612903226,0-0-563-1,e,f061152e-Audio_SP12.v0,group_0,1,fave,278.23176071514155,81.23129562504501,6,de,,0.1000000000000227,depende,las,d,#,d,l,final,21.416779254615875,18.633171270137705,12.911229866145968,f061152e-Audio_SP12.csv,f061152e-Audio_SP12,311.60074999999995,2353.872,1176.936,time column: time,audio_duration,H1
558.876541808521,1896.3940335321752,2672.286562618456,3.0837493728592493,3.4030490896503784,3.22930217160488,7128.205128205128,1.04755819896e-05,311.89275000000004,0.025,0.3378378378378378,0-0-565-1,e,f061152e-Audio_SP12.v0,group_0,1,fave,187.85045975399672,79.97417403189166,6,revisiones,,0.0500000000000113,las,[silence],r,b,r,b,internal,21.84013588852153,30.055602703744388,25.26202226222554,f061152e-Audio_SP12.csv,f061152e-Audio_SP12,311.89275000000004,2353.872,1176.936,time column: time,audio_duration,H1
584.8041862469852,1894.073951418656,2977.404943204332,3.3332271427263733,3.598733625117537,4.078552543702743,6410.25641025641,0.0010352839429791,317.65875,0.037,0.3245614035087719,0-0-581-1,e,f061152e-Audio_SP12.v0,group_0,1,fave,218.43720532986663,74.90596793429097,6,te,,0.0900000000000318,y,pagan,t,#,t,p,final,28.028648357307453,36.55191669284416,59.05992129592665,f061152e-Audio_SP12.csv,f061152e-Audio_SP12,317.65875,2353.872,1176.936,time column: time,audio_duration,H1
551.1427695288135,1954.6652192771128,2701.1201293933186,3.725416663995369,3.713210807682094,3.5543219657533425,6589.74358974359,0.0069602803182058,326.10875,0.057,0.3275862068965517,0-0-592-1,e,f061152e-Audio_SP12.v0,group_0,1,fave,283.0944814341686,73.20563438274743,6,me,,0.1500000000000341,",",acuerdo,m,#,m,a,final,41.488515914746365,40.98519105518276,34.964105068205136,f061152e-Audio_SP12.csv,f061152e-Audio_SP12,326.10875,2353.872,1176.936,time column: time,audio_duration,H1
520.6039303162942,1781.6995809393698,2436.931302210536,2.900046446322817,3.970542963149336,3.440412130181577,5512.820512820513,0.0144868230092144,327.83375000000007,0.227,0.3318713450292398,0-0-597-1,e,f061152e-Audio_SP12.v0,group_0,1,fave,228.69262082195303,77.72486461566335,6,de,,0.6599999999999682,la,registrarse,d,#,d,r,final,18.174989511269303,53.01330729897848,31.199813903978573,f061152e-Audio_SP12.csv,f061152e-Audio_SP12,327.83375000000007,2353.872,1176.936,time column: time,audio_duration,H1
665.8133337285566,1637.5442874425098,2445.404163383443,4.012865582589257,2.138250436716778,3.688273174682562,7128.205128205128,6.9571610811796496e-06,328.94275000000005,0.025,0.3378378378378378,0-0-598-10,e,f061152e-Audio_SP12.v0,group_0,1,fave,277.5091941865877,82.87998400932915,6,registrarse,,0.0500000000000113,de,en,s,#,s,e,final,55.3051251130504,8.48458032556859,39.97575617275454,f061152e-Audio_SP12.csv,f061152e-Audio_SP12,328.94275000000005,2353.872,1176.936,time column: time,audio_duration,H1
618.2082398015926,1730.3726840669435,2708.315384447796,4.582869907581518,2.258756024429747,4.065028257241665,7128.205128205128,7.35318363784e-05,330.54374999999993,0.027,0.3214285714285714,0-0-605-0,e,f061152e-Audio_SP12.v0,group_0,1,fave,251.8874584046692,76.23033164484251,6,en,,0.0600000000000022,sesión,una,#,n,n,n,initial,97.7946534730322,9.57117544967622,58.26655495141436,f061152e-Audio_SP12.csv,f061152e-Audio_SP12,330.54374999999993,2353.872,1176.936,time column: time,audio_duration,H1
495.6062994428069,1781.7185186207864,2660.6872556481167,3.2106401886747413,3.030327285054472,2.849581917217798,7128.205128205128,9.97232118686e-05,332.88575,0.031,0.3297872340425531,0-0-611-1,e,f061152e-Audio_SP12.v0,group_0,1,fave,220.1112799809597,82.83990836449689,6,Recuerdo,,0.0699999999999931,[silence],que,r,k,r,k,internal,24.79495459379228,20.70400759290316,17.28055562732056,f061152e-Audio_SP12.csv,f061152e-Audio_SP12,332.88575,2353.872,1176.936,time column: time,audio_duration,H1
504.3518498202802,2457.280168210921,3082.4410608496305,3.1886212257657425,3.317188042393659,4.095916039358107,7666.666666666666,0.0058321552126785,334.95875,0.197,0.3316498316498316,0-0-617-1,e,f061152e-Audio_SP12.v0,group_0,1,fave,209.08927772863925,75.00495130951116,6,de,,0.5699999999999932,página,[silence],d,#,d,.,final,24.254962260912347,27.58268007959572,60.094362753195554,f061152e-Audio_SP12.csv,f061152e-Audio_SP12,334.95875,2353.872,1176.936,time column: time,audio_duration,H1
475.5301208854814,1756.2802014121569,2641.6650441449788,3.2414604467071184,3.240409955123128,3.264184390657826,7128.205128205128,4.64324558098e-05,336.00575,0.031,0.3297872340425531,0-0-619-1,e,f061152e-Audio_SP12.v0,group_0,1,fave,226.7182779270161,80.8489216355331,6,de,,0.0699999999999931,[silence],productos,d,#,d,p,final,25.57103963095508,25.544191573327137,26.15876695310117,f061152e-Audio_SP12.csv,f061152e-Audio_SP12,336.00575,2353.872,1176.936,time column: time,audio_duration,H1
623.3999159763392,1786.3254735855646,3030.329767932527,2.516511899186255,2.7463925120653183,3.6701641595457217,7128.205128205128,1.868564572775261e-06,336.51275000000004,0.025,0.3378378378378378,0-0-621-1,e,f061152e-Audio_SP12.v0,group_0,1,fave,299.20192832403865,86.0006026370301,6,de,,0.0500000000000113,productos,salud,d,#,d,s,final,12.385319986027088,15.586302942476674,39.25834996425536,f061152e-Audio_SP12.csv,f061152e-Audio_SP12,336.51275000000004,2353.872,1176.936,time column: time,audio_duration,H1
470.3821451776825,1824.8576488800893,2836.9954261769944,3.028913985619641,2.8982191610483143,2.976165909662269,6948.717948717948,0.0001374445089423,337.33275000000003,0.045,0.3358208955223881,0-0-624-1,e,f061152e-Audio_SP12.v0,group_0,1,fave,226.65418287170627,82.8826687341685,6,de,,0.1100000000000136,[silence],ventas,d,#,d,b,final,20.674767298186463,18.14180894498362,19.61247630033047,f061152e-Audio_SP12.csv,f061152e-Audio_SP12,337.33275000000003,2353.872,1176.936,time column: time,audio_duration,H1
551.9726094534954,2174.459285506854,2993.456140758116,2.812464778731009,3.87876228998722,3.2793876761645016,6589.74358974359,0.0016773692525149,338.08875,0.177,0.3314606741573033,0-0-626-1,e,f061152e-Audio_SP12.v0,group_0,1,fave,190.02412341099864,74.89776324091184,6,de,,0.5099999999999909,ventas,de,d,#,d,d,final,16.65090848715521,48.36431701135128,26.55950470195277,f061152e-Audio_SP12.csv,f061152e-Audio_SP12,338.08875,2353.872,1176.936,time column: time,audio_duration,H1
494.8233369746055,1871.671048201522,2888.599330867995,3.078790663318696,3.1878141346373026,3.316005372670046,7307.692307692308,0.000205784120458,338.56875,0.037,0.324561403508772,0-0-627-1,e,f061152e-Audio_SP12.v0,group_0,1,fave,212.2524380723805,80.23269126226977,6,de,,0.0899999999999749,de,medicamentos,d,#,d,m,final,21.732105066420523,24.23539419371985,27.550078161420306,f061152e-Audio_SP12.csv,f061152e-Audio_SP12,338.56875,2353.872,1176.936,time column: time,audio_duration,H1
614.6445221849513,1769.106745267944,2579.0789749646888,3.667258859378359,4.216225789900082,4.0539685960450855,6948.717948717948,0.0007460402082107,338.69575,0.031,0.3297872340425531,0-0-628-1,e,f061152e-Audio_SP12.v0,group_0,1,fave,216.4843253283537,79.3371016780051,6,medicamentos,,0.0699999999999931,de,",",m,d,m,d,internal,39.144458198528,67.77719557384012,57.62569696293151,f061152e-Audio_SP12.csv,f061152e-Audio_SP12,338.69575,2353.872,1176.936,time column: time,audio_duration,H1
473.0906293421008,1817.304064728431,2877.086362091356,2.7687304101769548,2.594537441007867,3.430087032353526,7128.205128205128,8.72944780409e-05,348.67275,0.045,0.3358208955223881,0-0-635-1,e,f061152e-Audio_SP12.v0,group_0,1,fave,464.22450253885535,75.82039684530402,6,De,,0.1100000000000136,[silence],la,d,#,d,l,final,15.938385946552756,13.390392082411395,30.8793301335075,f061152e-Audio_SP12.csv,f061152e-Audio_SP12,348.67275,2353.872,1176.936,time column: time,audio_duration,H1
738.5671165650981,2205.5947663196453,3193.79927626714,3.467921459173965,4.089317734657753,4.11892110146874,6948.717948717948,0.0034971454185928,351.56875,0.037,0.324561403508772,0-0-647-0,e,f061152e-Audio_SP12.v0,group_0,1,fave,222.83260162701225,67.37293568145397,6,en,,0.0899999999999749,haciendo,Micro,#,n,o,n,initial,32.070014286190855,59.69914714736585,61.49286190363986,f061152e-Audio_SP12.csv,f061152e-Audio_SP12,351.56875,2353.872,1176.936,time column: time,audio_duration,H1
653.585972923112,2305.5894495945986,2991.6111261240067,2.920857153561912,3.8743088198655298,3.5806678957923443,6230.769230769231,0.0004104134897121,353.23375,0.047,0.3263888888888889,0-0-651-1,e,f061152e-Audio_SP12.v0,group_0,1,fave,214.6146171324799,76.36886066988887,6,de,,0.1200000000000045,[silence],de,d,#,d,d,final,18.55718700353725,48.149406873723365,35.89750863715311,f061152e-Audio_SP12.csv,f061152e-Audio_SP12,353.23375,2353.872,1176.936,time column: time,audio_duration,H1
651.2397311887078,1729.849338900979,2337.731143255367,3.42371643290308,3.781367929719928,2.9886776485317568,5153.846153846154,0.0002535887563325,353.39775000000003,0.035,0.3365384615384616,0-0-652-1,e,f061152e-Audio_SP12.v0,group_0,1,fave,231.27147266119763,74.80440035225004,6,de,,0.079999999999984,de,datos,d,#,d,d,final,30.68323557307842,43.87602001495636,19.859404008649463,f061152e-Audio_SP12.csv,f061152e-Audio_SP12,353.39775000000003,2353.872,1176.936,time column: time,audio_duration,H1
518.2722536128992,2462.736120694308,3191.676283161049,2.951901689233904,3.1002041771011384,3.9505072610898138,7128.205128205128,0.0049726168500139,354.05275,0.125,0.3342245989304812,0-0-654-1,e,f061152e-Audio_SP12.v0,group_0,1,fave,192.0731239174724,76.62762067533482,6,de,,0.3499999999999659,datos,introducir,d,#,d,i,final,19.14232188424525,22.202484057514283,51.961718308585546,f061152e-Audio_SP12.csv,f061152e-Audio_SP12,354.05275,2353.872,1176.936,time column: time,audio_duration,H1
584.6091536344054,1829.584067927468,2940.510028585504,3.4269153485787776,3.061595444036652,3.9011538308343368,7307.692307692308,0.0001613678781379,357.42575,0.031,0.3297872340425531,0-0-665-1,e,f061152e-Audio_SP12.v0,group_0,1,fave,219.633154897788,78.68664403813716,6,te,,0.0699999999999931,[silence],proporcionan,t,#,t,p,final,30.78154581558764,21.361611244385166,49.45948407262404,f061152e-Audio_SP12.csv,f061152e-Audio_SP12,357.42575,2353.872,1176.936,time column: time,audio_duration,H1
461.0843723973769,1803.7513466048647,2970.860999277442,3.153440516029052,3.5539721287995643,3.814333799047208,6948.717948717948,1.76455436722e-05,358.38275000000004,0.025,0.3378378378378378,0-0-668-4,e,f061152e-Audio_SP12.v0,group_0,1,fave,446.1203476890138,77.71027891644302,6,imagen,,0.0500000000000113,una,y,x,n,x,n,internal,23.41649095997663,34.95187547150365,45.34653641201473,f061152e-Audio_SP12.csv,f061152e-Audio_SP12,358.38275000000004,2353.872,1176.936,time column: time,audio_duration,H1
571.0554455515112,1551.477663344349,2709.0736321593618,3.750055838250321,3.5630312296872213,4.479701761209922,6589.74358974359,0.0008682620221587,359.66275,0.025,0.3378378378378378,0-0-675-1,e,f061152e-Audio_SP12.v0,group_0,1,fave,400.7505662755551,77.88278101737075,6,te,,0.0500000000000113,ellos,dicen,t,#,t,d,final,42.523456369173104,35.269946581483175,88.20836159731688,f061152e-Audio_SP12.csv,f061152e-Audio_SP12,359.66275,2353.872,1176.936,time column: time,audio_duration,H1
550.1657119587268,1897.6905391697576,2983.637231304364,3.305443815680877,3.3114937722628057,3.415074049978508,7128.205128205128,5.324638087092133e-06,360.22374999999994,0.027,0.3214285714285714,0-0-676-3,e,f061152e-Audio_SP12.v0,group_0,1,fave,260.2518160178806,76.53964250879366,6,dicen,,0.0600000000000022,te,que,z,n,z,n,internal,27.26063760284104,27.42606318094152,30.419201885412782,f061152e-Audio_SP12.csv,f061152e-Audio_SP12,360.22374999999994,2353.872,1176.936,time column: time,audio_duration,H1
562.5210137589593,1768.4724032468123,2699.908672861296,3.235822596902936,2.861547566712677,3.548684659265075,7128.205128205128,0.0002309338854876,360.82775,0.035,0.3365384615384615,0-0-679-3,e,f061152e-Audio_SP12.v0,group_0,1,fave,264.4958731526268,81.28435284148996,6,debes,,0.079999999999984,datos,transcribir,b,s,b,s,internal,25.427279579755638,17.488570735063306,34.767556215423106,f061152e-Audio_SP12.csv,f061152e-Audio_SP12,360.82775,2353.872,1176.936,time column: time,audio_duration,H1
840.8750459448812,1854.383893577214,2717.9955212306754,4.410322121868641,3.6155279437541936,4.091753782555148,6948.717948717948,0.0115338897216399,377.37075,0.061,0.3315217391304348,0-0-691-1,e,f061152e-Audio_SP12.v0,group_0,1,fave,243.80295417814463,74.82756014282195,6,Me,,0.160000000000025,[silence],imagino,m,#,m,i,final,82.29596856621863,37.17096492509628,59.84475441037718,f061152e-Audio_SP12.csv,f061152e-Audio_SP12,377.37075,2353.872,1176.936,time column: time,audio_duration,H1
537.409550276899,1977.5280525310573,2994.1730570128534,3.839627056801593,3.1010394909129144,3.1118942032498254,6948.717948717948,0.0002392930458241,379.83075,0.041,0.3306451612903226,0-0-699-1,e,f061152e-Audio_SP12.v0,group_0,1,fave,226.3826167722844,74.76497715441074,6,te,,0.1000000000000227,que,digo,t,#,t,d,final,46.50812631567775,22.221037847142806,22.46355466474424,f061152e-Audio_SP12.csv,f061152e-Audio_SP12,379.83075,2353.872,1176.936,time column: time,audio_duration,H1
619.7259777291171,1891.751861932044,3076.514793883005,3.276375462613629,3.3661702938234823,3.655744194835294,7128.205128205128,8.913350793304622e-06,380.38375,0.027,0.3214285714285714,0-0-703-1,e,f061152e-Audio_SP12.v0,group_0,1,fave,274.0254615780661,78.79943297717261,6,de,,0.0600000000000022,es,transcripción,d,#,d,t,final,26.479622174002376,28.96737781344249,38.696307994863936,f061152e-Audio_SP12.csv,f061152e-Audio_SP12,380.38375,2353.872,1176.936,time column: time,audio_duration,H1
735.9241309136792,1658.1888637599473,2773.918516414365,3.901836825036197,4.134072477541576,4.0545117581203804,6948.717948717948,0.0001285567669615,382.33275,0.025,0.3378378378378378,0-0-709-0,e,f061152e-Audio_SP12.v0,group_0,1,fave,268.8454580607541,70.19727291980917,6,escaneadas,,0.0500000000000113,como,[silence],#,s,o,s,initial,49.49327615205619,62.43165744285362,57.657005558135246,f061152e-Audio_SP12.csv,f061152e-Audio_SP12,382.33275,2353.872,1176.936,time column: time,audio_duration,H1
961.588551592545,2631.9326729624745,3513.302269638823,4.004282906130698,3.6868084460323822,3.976247191332884,8743.589743589742,0.0112876116892055,382.61575,0.071,0.3317757009345795,0-0-709-5,e,f061152e-Audio_SP12.v0,group_0,1,fave,217.97082422734024,77.96628860275494,6,escaneadas,,0.1899999999999977,como,[silence],n,á,n,á,internal,54.83249025501844,39.91724539903991,53.31657142214988,f061152e-Audio_SP12.csv,f061152e-Audio_SP12,382.61575,2353.872,1176.936,time column: time,audio_duration,H1
500.8175123508725,2414.0017562590774,3326.4738968447027,3.356398532382299,3.4627236277392925,4.238650106206929,8025.641025641025,0.0017172802280263,383.43275,0.0849999999999999,0.3346456692913385,0-0-711-1,e,f061152e-Audio_SP12.v0,group_0,1,fave,209.75529334106847,82.98552367839078,6,de,,0.2300000000000182,[silence],documentos,d,#,d,d,final,28.685694022707683,31.90375223321761,69.31422181987617,f061152e-Audio_SP12.csv,f061152e-Audio_SP12,383.43275,2353.872,1176.936,time column: time,audio_duration,H1
553.8740931467886,2088.2255552455213,2915.8366773698835,2.914009016469594,3.239403267732442,3.3258914409488702,7128.205128205128,0.0002850441206083,385.14075,0.041,0.3306451612903226,0-0-714-0,e,f061152e-Audio_SP12.v0,group_0,1,fave,217.35359924839616,76.60644006304518,6,entonces,,0.1000000000000227,",",me,#,n,.,n,initial,18.430538989321576,25.518489496913705,27.82379085715313,f061152e-Audio_SP12.csv,f061152e-Audio_SP12,385.14075,2353.872,1176.936,time column: time,audio_duration,H1
612.3099668159248,1900.373194288633,2822.5984197267967,2.94626354278658,2.9843392354709337,4.029287113376081,7128.205128205128,0.0042942003297831,385.47275,0.045,0.3358208955223881,0-0-714-6,e,f061152e-Audio_SP12.v0,group_0,1,fave,520.4370339999257,68.58036296216655,6,entonces,,0.1100000000000136,",",me,z,s,z,s,internal,19.034698353833694,19.773432336077043,56.22081788875769,f061152e-Audio_SP12.csv,f061152e-Audio_SP12,385.47275,2353.872,1176.936,time column: time,audio_duration,H1
645.1995179914784,1821.1408052800289,2476.286713195352,3.141560726812383,2.665547337225526,3.4346554594078635,7307.692307692308,3.18259677054e-05,385.69375,0.027,0.3214285714285714,0-0-715-1,e,f061152e-Audio_SP12.v0,group_0,1,fave,273.28384885134125,78.82867620149625,6,me,,0.0600000000000022,entonces,imagino,m,#,m,i,final,23.13995383683021,14.37581581219153,31.02072282589827,f061152e-Audio_SP12.csv,f061152e-Audio_SP12,385.69375,2353.872,1176.936,time column: time,audio_duration,H1
552.0070498838943,2118.8774337726754,3055.67275737154,2.976336365415193,3.450770411563947,3.472648133594442,7128.205128205128,0.0001028302710426,388.45575,0.031,0.3297872340425531,0-0-728-0,e,f061152e-Audio_SP12.v0,group_0,1,fave,193.9281759517488,78.64965878622674,6,en,,0.0699999999999931,tienen,físico,#,n,n,n,initial,19.615819644682997,31.524669925929164,32.221957612813284,f061152e-Audio_SP12.csv,f061152e-Audio_SP12,388.45575,2353.872,1176.936,time column: time,audio_duration,H1
634.7710265074985,1855.895678816096,2936.5336203211828,2.8335691515775445,2.7639266483473777,4.174349710628977,7307.692307692308,6.472468539590007e-06,392.3127500000001,0.025,0.3378378378378378,0-0-737-0,e,f061152e-Audio_SP12.v0,group_0,1,fave,292.99561962382734,84.74349998314152,6,el,,0.0500000000000113,nosotros,trabajo,#,l,s,l,initial,17.006049804081655,15.862005340518191,64.99755869351424,f061152e-Audio_SP12.csv,f061152e-Audio_SP12,392.3127500000001,2353.872,1176.936,time column: time,audio_duration,H1
457.4359416514423,2308.892499990136,2863.913464756012,2.157061363802545,3.677628712868837,3.2139506516240828,7128.205128205128,0.0003013585366251,394.04775,0.035,0.3365384615384615,0-0-743-12,e,f061152e-Audio_SP12.v0,group_0,1,fave,437.495284990286,82.79937687151062,6,transcribírselos,,0.0800000000000409,es,pues,s,l,s,l,internal,8.645693742982948,39.55249246634726,24.877173388354773,f061152e-Audio_SP12.csv,f061152e-Audio_SP12,394.04775,2353.872,1176.936,time column: time,audio_duration,H1
385.6831331459603,1858.944777415447,2241.3306362613066,3.492077084291372,3.081874167346012,3.465362214712774,4615.384615384615,0.0054116132775211,396.21075,0.061,0.3315217391304348,0-0-749-0,e,f061152e-Audio_SP12.v0,group_0,1,fave,215.75904801677527,70.71058490534313,6,en,,0.1599999999999681,Y,[silence],#,n,i,n,initial,32.85411765604752,21.79921952058273,31.98804421522382,f061152e-Audio_SP12.csv,f061152e-Audio_SP12,396.21075,2353.872,1176.936,time column: time,audio_duration,H1
488.8865614805411,1848.345216375828,2736.636372673764,2.945452036886432,3.5440331575347743,3.502334192623691,6589.74358974359,0.0001091068082708,401.31375,0.027,0.3214285714285714,0-0-760-4,e,f061152e-Audio_SP12.v0,group_0,1,fave,203.47214991762533,79.97248693407427,6,porque,,0.0600000000000022,avanzada,tiene,k,#,k,t,final,19.019257849689485,34.606210408591245,33.192840086646065,f061152e-Audio_SP12.csv,f061152e-Audio_SP12,401.31375,2353.872,1176.936,time column: time,audio_duration,H1
508.4263786195745,1956.1850471178368,2922.0434434606354,3.1733052972147453,2.656281896427686,2.913873384216801,7307.692307692308,2.37753479265e-05,404.34575,0.031,0.3297872340425531,0-0-769-4,e,f061152e-Audio_SP12.v0,group_0,1,fave,495.64683794488326,76.76661779319443,6,tiene,,0.0699999999999931,sí,escenarios,n,#,n,s,final,23.886305359823684,14.243232710803866,18.428039383315696,f061152e-Audio_SP12.csv,f061152e-Audio_SP12,404.34575,2353.872,1176.936,time column: time,audio_duration,H1
635.8640485669304,2347.54444492246,3263.3804778813173,3.323740364868577,3.605383775590944,4.477945993886681,7666.666666666666,0.0013766531499493,406.00375,0.047,0.3263888888888889,0-0-773-6,e,f061152e-Audio_SP12.v0,group_0,1,fave,270.6981903342682,68.08928060230132,6,entonces,,0.1200000000000045,[silence],es,z,s,z,s,internal,27.764004092170683,36.79580247872027,88.05362411964214,f061152e-Audio_SP12.csv,f061152e-Audio_SP12,406.00375,2353.872,1176.936,time column: time,audio_duration,H1
569.2236173383105,1944.2033872896247,2950.0044346051923,3.252745642577483,3.1341521578128573,4.610776457897335,7307.692307692308,0.0122498695228319,410.61875,0.037,0.324561403508772,0-0-786-1,e,f061152e-Audio_SP12.v0,group_0,1,fave,270.6908167386542,80.6312085204437,6,te,,0.0899999999999749,entonces,piden,t,#,t,p,final,25.861248272511677,22.96915336694228,100.56220164605978,f061152e-Audio_SP12.csv,f061152e-Audio_SP12,410.61875,2353.872,1176.936,time column: time,audio_duration,H1
549.2240091528685,1712.4547401642308,2660.793759071464,3.340326340007012,4.0704919816472485,3.319115957410555,6589.74358974359,0.04116105428474,410.96375,0.087,0.3295454545454545,0-0-787-3,e,f061152e-Audio_SP12.v0,group_0,1,fave,266.1646132760547,73.312637558409,6,piden,,0.2400000000000091,te,de,d,n,d,n,internal,28.228337238216454,58.58577863070608,27.635908436114487,f061152e-Audio_SP12.csv,f061152e-Audio_SP12,410.96375,2353.872,1176.936,time column: time,audio_duration,H1
749.7554153012179,1954.4305836361173,2792.530899362642,3.259948200189472,3.2595993939378367,3.1406442694685808,6948.717948717948,9.2973485135e-05,411.29575,0.031,0.3297872340425531,0-0-788-1,e,f061152e-Audio_SP12.v0,group_0,1,fave,226.68657522765832,81.66855563737748,6,de,,0.07000000000005,piden,acuerdo,d,#,d,a,final,26.04818781637773,26.03910363002621,23.118756770788234,f061152e-Audio_SP12.csv,f061152e-Audio_SP12,411.29575,2353.872,1176.936,time column: time,audio_duration,H1
608.6529972397082,1667.116015897461,2451.0346424178715,2.5599308424618763,3.907874551631283,3.2808230803109266,6051.282051282051,0.0003471066985508,413.03775,0.035,0.3365384615384615,0-0-794-4,e,f061152e-Audio_SP12.v0,group_0,1,fave,286.4458655832911,74.73188593436875,6,imagen,,0.0800000000000409,una,tú,x,n,x,n,internal,12.93492273719769,49.793006957550006,26.5976556996286,f061152e-Audio_SP12.csv,f061152e-Audio_SP12,413.03775,2353.872,1176.936,time column: time,audio_duration,H1
467.5329446994651,1884.9458413523764,2857.07721091731,4.642305294600461,2.9629653822708737,3.115989380739738,7487.179487179487,0.0021117620542636,418.87375,0.027,0.3214285714285714,0-0-809-4,e,f061152e-Audio_SP12.v0,group_0,1,fave,227.50276517922552,78.26884972267122,6,tiene,,0.0600000000000022,un,proyectos,n,#,n,p,final,103.78332315738936,19.355282551022,22.55573552782205,f061152e-Audio_SP12.csv,f061152e-Audio_SP12,418.87375,2353.872,1176.936,time column: time,audio_duration,H1
711.6814318246761,1765.5827073236671,3323.509677497823,3.765949468520366,4.121482571916898,3.680155721860144,7307.692307692308,0.0023395750474234,422.26575,0.031,0.3297872340425531,0-0-823-0,e,f061152e-Audio_SP12.v0,group_0,1,fave,250.0378302820715,68.11334683036284,6,en,,0.0699999999999931,es,Micro,#,n,s,n,initial,43.20470790179009,61.65057595588886,39.65256836352914,f061152e-Audio_SP12.csv,f061152e-Audio_SP12,422.26575,2353.872,1176.936,time column: time,audio_duration,H1
522.106513165302,2387.749468834424,3301.0801880062813,3.6151324868074624,2.5763555369023643,3.682778581418471,6769.2307692307695,1.35257829722e-05,423.15275,0.025,0.3378378378378378,0-0-827-0,e,f061152e-Audio_SP12.v0,group_0,1,fave,217.59541932904887,81.28320534706536,6,esposo,,0.0500000000000113,mi,sí,#,s,i,s,initial,37.15626831492976,13.149129213196288,39.75670799358424,f061152e-Audio_SP12.csv,f061152e-Audio_SP12,423.15275,2353.872,1176.936,time column: time,audio_duration,H1
750.0939031478516,1803.3485782936527,3108.259044929587,3.643116772731485,3.202401495757673,3.5902433305422043,8025.641025641025,0.0001231779204649,424.30575,0.031,0.3297872340425531,0-0-831-0,e,f061152e-Audio_SP12.v0,group_0,1,fave,216.7628014964357,76.51854050665595,6,en,,0.0699999999999931,más,Remotasks,#,n,s,n,initial,38.21074553300209,24.591515762747147,36.24289385661028,f061152e-Audio_SP12.csv,f061152e-Audio_SP12,424.30575,2353.872,1176.936,time column: time,audio_duration,H1
718.8992868439292,1910.8685969425333,3114.784136744129,4.342545071879971,3.2632283493253174,4.107234399349286,8025.641025641025,0.0113812045309117,450.26775,0.035,0.3365384615384615,0-0-843-1,e,f061152e-Audio_SP12.v0,group_0,1,fave,472.1341609934761,75.7698237177401,6,te,,0.079999999999984,que,piden,t,#,t,p,final,76.90301418289846,26.13377004163079,60.77839615005104,f061152e-Audio_SP12.csv,f061152e-Audio_SP12,450.26775,2353.872,1176.936,time column: time,audio_duration,H1
563.6354529001019,1908.9568709120183,2768.850190506736,4.168588134339332,3.8043585141531184,4.077886840308153,7666.666666666666,0.0042780434230434,450.68875,0.037,0.3245614035087719,0-0-845-1,e,f061152e-Audio_SP12.v0,group_0,1,fave,270.27569907168856,77.7162138686681,6,verificación,,0.0899999999999749,piden,[silence],b,R,b,R,internal,64.62414705326033,44.89644044238424,59.02061798945951,f061152e-Audio_SP12.csv,f061152e-Audio_SP12,450.68875,2353.872,1176.936,time column: time,audio_duration,H1
500.0638476521059,1927.060530863758,3107.974017005132,2.7239006529789944,2.5619319806271466,3.39153256522881,7307.692307692308,9.81386709669e-05,455.97775,0.035,0.3365384615384616,0-0-858-1,e,f061152e-Audio_SP12.v0,group_0,1,fave,197.8376061700297,81.70665172017712,6,te,,0.0800000000000409,Que,pide,t,#,t,p,final,15.239651049455356,12.9608332213346,29.71145213414686,f061152e-Audio_SP12.csv,f061152e-Audio_SP12,455.97775,2353.872,1176.936,time column: time,audio_duration,H1
509.7557256685653,2053.6884133711696,3010.9682585346013,3.1629468293256053,3.767703802893124,3.653044196897853,7128.205128205128,0.0010453493998659,457.15875,0.077,0.3290598290598291,0-0-861-8,e,f061152e-Audio_SP12.v0,group_0,1,fave,222.2560167792756,78.87435425171844,6,pasaporte,,0.2099999999999795,un,te,t,#,t,t,final,23.64015689418205,43.280569930152495,38.59196896406106,f061152e-Audio_SP12.csv,f061152e-Audio_SP12,457.15875,2353.872,1176.936,time column: time,audio_duration,H1
440.49947644077946,1952.430416635094,2972.929736052709,2.591604683015131,3.0355451400933866,4.056839015725119,7307.692307692308,0.0001002391292071,457.46775,0.035,0.3365384615384616,0-0-862-1,e,f061152e-Audio_SP12.v0,group_0,1,fave,202.7206742302992,80.12224313839984,6,te,,0.079999999999984,pasaporte,piden,t,#,t,p,final,13.35117883259806,20.81232043786567,57.79134452284241,f061152e-Audio_SP12.csv,f061152e-Audio_SP12,457.46775,2353.872,1176.936,time column: time,audio_duration,H1
455.00080282616767,2093.205017746689,2997.435618356142,2.5145073101750026,3.422692841460852,3.3285850104049333,7128.205128205128,4.26112869829e-05,457.78275,0.045,0.3358208955223881,0-0-863-3,e,f061152e-Audio_SP12.v0,group_0,1,fave,222.02337563773088,84.55700074781794,6,piden,,0.1100000000000136,te,[silence],d,n,d,n,internal,12.360517377506016,30.65184454426098,27.89883719624749,f061152e-Audio_SP12.csv,f061152e-Audio_SP12,457.78275,2353.872,1176.936,time column: time,audio_duration,H1
501.2028171368269,2151.8643952630346,2941.5208828382224,2.919802769217253,3.923397831940466,3.580517478133068,6769.2307692307695,0.0043017215309157,459.05375,0.087,0.3295454545454546,0-0-865-3,e,f061152e-Audio_SP12.v0,group_0,1,fave,190.17575870201023,77.18527104416626,6,este,,0.2400000000000091,[silence],fotos,t,#,t,f,final,18.53763090771221,50.57198829211883,35.89210942400873,f061152e-Audio_SP12.csv,f061152e-Audio_SP12,459.05375,2353.872,1176.936,time column: time,audio_duration,H1
701.2365608767908,1648.7473932901494,2595.7261285597297,4.619360693238707,2.641981186708286,2.7928289544654503,7666.666666666666,0.003332960317734,462.95375,0.027,0.3214285714285714,0-0-875-1,e,f061152e-Audio_SP12.v0,group_0,1,fave,234.45348696459533,78.57324480469745,6,pesar,,0.0600000000000022,a,de,p,s,p,s,internal,101.42916704512707,14.040993900250864,16.327143275301516,f061152e-Audio_SP12.csv,f061152e-Audio_SP12,462.95375,2353.872,1176.936,time column: time,audio_duration,H1
755.7827306400034,1663.379245749133,2955.975925213939,4.130060523741864,2.6384489871565706,3.5573990289642885,8205.128205128205,5.63684744798e-05,463.25375,0.027,0.3214285714285714,0-0-876-1,e,f061152e-Audio_SP12.v0,group_0,1,fave,278.49481066533946,84.01141760433644,6,de,,0.0600000000000022,pesar,que,d,#,d,k,final,62.18168628920317,13.99148579561696,35.07185752515522,f061152e-Audio_SP12.csv,f061152e-Audio_SP12,463.25375,2353.872,1176.936,time column: time,audio_duration,H1
408.9534419762497,1892.8063340346584,2532.546953103175,2.97428391221061,4.397383353544966,3.053388875684941,6589.74358974359,0.0079072655941155,464.42075,0.061,0.3315217391304348,0-0-882-0,e,f061152e-Audio_SP12.v0,group_0,1,fave,200.39360403174928,72.63392945106874,6,en,,0.160000000000025,que,[silence],#,n,é,n,initial,19.57560038098992,81.2380191356452,21.18702308627432,f061152e-Audio_SP12.csv,f061152e-Audio_SP12,464.42075,2353.872,1176.936,time column: time,audio_duration,H1
839.5441313960658,1850.3158384033743,2771.1782383968407,4.018771477672594,2.968491730068064,4.751549458246245,8384.615384615383,0.0017819530858669,466.66775,0.035,0.3365384615384616,0-0-888-1,e,f061152e-Audio_SP12.v0,group_0,1,fave,223.276017678736,73.46649814407498,6,te,,0.0800000000000409,que,pagan,t,#,t,p,final,55.63271779134176,19.46254267951772,115.76351637025464,f061152e-Audio_SP12.csv,f061152e-Audio_SP12,466.66775,2353.872,1176.936,time column: time,audio_duration,H1
509.58401219867727,2414.6859790329454,3145.397027633742,3.622494430213336,3.245254732401464,3.9670249669685,7128.205128205128,0.0009963834206562,471.04575,0.051,0.3311688311688311,0-0-902-3,e,f061152e-Audio_SP12.v0,group_0,1,fave,260.6348217256537,73.58185512490455,6,piden,,0.1299999999999954,[silence],ese,d,n,d,n,internal,37.43082003653942,25.668247761904453,52.827134356228896,f061152e-Audio_SP12.csv,f061152e-Audio_SP12,471.04575,2353.872,1176.936,time column: time,audio_duration,H1
512.7971631312461,1797.3086669266734,2070.0837302853097,2.9246927334568835,3.580714684308514,3.782799120252603,6230.769230769231,0.0002767846417251,471.32375,0.027,0.3214285714285714,0-0-903-2,e,f061152e-Audio_SP12.v0,group_0,1,fave,454.3001233569937,62.34611487105767,6,ese,,0.0600000000000022,piden,tipo,s,#,s,t,final,18.628501255240973,35.89918826760982,43.9388599166231,f061152e-Audio_SP12.csv,f061152e-Audio_SP12,471.32375,2353.872,1176.936,time column: time,audio_duration,H1
538.8167399513071,1860.9617555600576,2293.631756956464,4.252375279250646,3.5646572308374784,4.464074226223765,5153.846153846154,0.0044088143764636,471.62875,0.037,0.324561403508772,0-0-905-1,e,f061152e-Audio_SP12.v0,group_0,1,fave,242.63883255951663,69.73311434360062,6,de,,0.0899999999999749,tipo,verificación,d,#,d,b,final,70.2721302003377,35.327342205223694,86.84059756665144,f061152e-Audio_SP12.csv,f061152e-Audio_SP12,471.62875,2353.872,1176.936,time column: time,audio_duration,H1
373.07442821875503,1840.344520196625,3210.811372508861,2.7935870319269047,2.2966131377385626,3.3822438940862547,7128.205128205128,1.0206087391e-05,473.31375,0.027,0.3214285714285714,0-0-909-8,e,f061152e-Audio_SP12.v0,group_0,1,fave,357.98385318625924,77.60177395934406,6,pasaporte,,0.0600000000000022,tu,te,t,#,t,t,final,16.33952520726726,9.940458414246876,29.436750010043436,f061152e-Audio_SP12.csv,f061152e-Audio_SP12,473.31375,2353.872,1176.936,time column: time,audio_duration,H1
632.6466537830354,1961.2089398281817,3003.4357820585587,4.063284168990626,2.824541285662839,4.258699068755651,7487.179487179487,0.0010522682617075,473.4377500000001,0.035,0.3365384615384615,0-0-910-1,e,f061152e-Audio_SP12.v0,group_0,1,fave,306.5561982851066,73.77961844263845,6,te,,0.079999999999984,pasaporte,pagan,t,#,t,p,final,58.16502150487809,16.85321240254489,70.71792442860404,f061152e-Audio_SP12.csv,f061152e-Audio_SP12,473.4377500000001,2353.872,1176.936,time column: time,audio_duration,H1
575.0227899516503,1992.867226624926,3109.03636871184,2.786405515559456,4.201293209992977,3.797644905661616,6589.74358974359,0.0001330745379228,476.04575,0.031,0.3297872340425531,0-0-918-0,e,f061152e-Audio_SP12.v0,group_0,1,fave,208.50477033228304,74.21190051760946,6,entonces,,0.07000000000005,[silence],igual,#,n,.,n,initial,16.22260298150747,66.77262625751386,44.59603285639565,f061152e-Audio_SP12.csv,f061152e-Audio_SP12,476.04575,2353.872,1176.936,time column: time,audio_duration,H1
634.0061109247096,1907.980354854146,3015.193734798148,2.3278359278059177,3.0790910472339448,3.551488372960141,7307.692307692308,2.33275397818e-05,478.59575,0.031,0.3297872340425531,0-0-925-14,e,f061152e-Audio_SP12.v0,group_0,1,fave,300.2499931965281,84.97675004167213,6,particularmente,,0.0699999999999931,[silence],esas,t,#,t,é,final,10.255723375079334,21.738634021774462,34.86517126731273,f061152e-Audio_SP12.csv,f061152e-Audio_SP12,478.59575,2353.872,1176.936,time column: time,audio_duration,H1
596.4709763285516,1764.1850547865486,2958.0359390650365,2.2288338048303555,2.0856787379918087,3.1147965454053943,8743.589743589742,3.1342688361407327e-06,489.49375,0.027,0.3214285714285714,0-0-942-1,e,f061152e-Audio_SP12.v0,group_0,1,fave,582.3321467125276,85.42866640345068,6,de,,0.0600000000000022,menos,un,d,#,d,ú,final,9.289026942086634,8.050053504996573,22.52884628989721,f061152e-Audio_SP12.csv,f061152e-Audio_SP12,489.49375,2353.872,1176.936,time column: time,audio_duration,H1
609.8137850842354,1820.1577834311124,3270.014453538846,2.149439295109324,2.706232773399237,4.63651051030593,7666.666666666666,2.4969780924e-05,493.87275000000005,0.025,0.3378378378378378,0-0-959-4,e,f061152e-Audio_SP12.v0,group_0,1,fave,296.38531231088547,79.40125810365856,6,quince,,0.0500000000000113,sus,o,z,#,z,o,final,8.580046174333354,14.972763342280532,103.18366032274268,f061152e-Audio_SP12.csv,f061152e-Audio_SP12,493.87275000000005,2353.872,1176.936,time column: time,audio_duration,H1
712.7642902236371,1714.228597427215,2429.176708753832,3.941772339574012,3.686978387363327,4.347217689777138,5871.794871794871,0.0077034237068576,494.20775,0.035,0.3365384615384616,0-0-961-5,e,f061152e-Audio_SP12.v0,group_0,1,fave,244.0502397814739,71.22716846815041,6,veinte,,0.079999999999984,o,minutos,t,#,t,m,final,51.50981332791889,39.924029565289466,77.26319341795895,f061152e-Audio_SP12.csv,f061152e-Audio_SP12,494.20775,2353.872,1176.936,time column: time,audio_duration,H1
569.2689556141598,1918.090521106767,3136.212173650808,3.331942164444844,3.758164740965823,3.8231767568266353,6948.717948717948,0.0002847782130218,502.33775,0.035,0.3365384615384616,0-0-974-0,e,f061152e-Audio_SP12.v0,group_0,1,fave,266.6694052811127,79.16293761125931,6,en,,0.079999999999984,menos,Microworkers,#,n,s,n,initial,27.992655283019623,42.86967677667754,45.749312158729374,f061152e-Audio_SP12.csv,f061152e-Audio_SP12,502.33775,2353.872,1176.936,time column: time,audio_duration,H1
569.7517749951573,1946.3422737467804,2790.774260310913,3.121430421497265,2.892446916932034,3.5867170252788143,7128.205128205128,6.93860932804e-05,503.11875,0.037,0.324561403508772,0-0-975-8,e,f061152e-Audio_SP12.v0,group_0,1,fave,278.4680931997913,77.10056301448977,6,Microworkers,,0.0899999999999749,en,[silence],k,R,k,R,internal,22.678796690945827,18.037391646033456,36.1153154216978,f061152e-Audio_SP12.csv,f061152e-Audio_SP12,503.11875,2353.872,1176.936,time column: time,audio_duration,H1
492.9058810473412,1897.79323553778,3015.3059787831858,3.144052909008089,3.527478863313376,4.182952361340879,7666.666666666666,0.0007441832002017,508.76875,0.037,0.3245614035087719,0-0-991-1,e,f061152e-Audio_SP12.v0,group_0,1,fave,221.72765857085733,73.5616800192986,6,te,,0.0899999999999749,que,puedan,t,#,t,p,final,23.19769473832957,34.0380447852179,65.5591219913012,f061152e-Audio_SP12.csv,f061152e-Audio_SP12,508.76875,2353.872,1176.936,time column: time,audio_duration,H1
618.6858555650724,2100.654560724364,2833.4711665894124,4.09768619007431,3.6165682609217766,3.8927255807449055,7128.205128205128,0.0008108044154789,512.18075,0.041,0.3306451612903226,0-0-1001-0,e,f061152e-Audio_SP12.v0,group_0,1,fave,241.72913633880185,74.06986906519853,6,embargo,,0.1000000000000227,sin,en,#,m,n,m,initial,60.200833038887644,37.20965463934109,49.04437893378786,f061152e-Audio_SP12.csv,f061152e-Audio_SP12,512.18075,2353.872,1176.936,time column: time,audio_duration,H1
717.8119024590476,2424.814810622822,3180.083652656015,3.7004337504277607,3.886668006775983,4.0959199709602965,7487.179487179487,0.0053815383050485,512.98875,0.097,0.3299319727891157,0-0-1002-0,e,f061152e-Audio_SP12.v0,group_0,1,fave,265.49715904560856,74.22084619028064,6,en,,0.2699999999999818,embargo,[silence],#,n,o,n,initial,40.46485220105198,48.74818698865495,60.0945990207882,f061152e-Audio_SP12.csv,f061152e-Audio_SP12,512.98875,2353.872,1176.936,time column: time,audio_duration,H1
722.7331230751166,2124.955931073759,2873.567589730902,4.469455092611282,4.263310727258798,3.659897407645348,7487.179487179487,0.0004455936577829,515.38575,0.031,0.3297872340425531,0-0-1006-0,e,f061152e-Audio_SP12.v0,group_0,1,fave,241.41449260525448,77.71880442993032,6,En,,0.07000000000005,[silence],Remo,#,n,.,n,initial,87.309134656418,71.0448044964185,38.8573561991669,f061152e-Audio_SP12.csv,f061152e-Audio_SP12,515.38575,2353.872,1176.936,time column: time,audio_duration,H1
590.8151791392638,1649.7976752278585,3275.819482137193,2.9272292548365457,4.06507052608219,4.021436436851957,5692.307692307692,0.0013514641049108,520.87775,0.035,0.3365384615384615,0-0-1027-1,e,f061152e-Audio_SP12.v0,group_0,1,fave,213.27505307039016,73.00695122717664,6,se,,0.0800000000000409,[silence],cayó,s,#,s,k,final,18.675812824983385,58.26901786318537,55.78117444088649,f061152e-Audio_SP12.csv,f061152e-Audio_SP12,520.87775,2353.872,1176.936,time column: time,audio_duration,H1
515.3413403981849,1995.620824095606,3243.360395974304,3.119983434445728,3.3190533117383136,3.9666179737446674,7128.205128205128,0.0001881714317189,614.1337500000001,0.027,0.3214285714285714,0-0-1042-5,e,f061152e-Audio_SP12.v0,group_0,1,fave,221.64596780275843,75.65287324049406,6,también,,0.0599999999999454,claro,en,i,n,i,n,internal,22.646004496451614,27.634177220279664,52.80563844515322,f061152e-Audio_SP12.csv,f061152e-Audio_SP12,614.1337500000001,2353.872,1176.936,time column: time,audio_duration,H1
610.5230320134124,1891.3732625205537,3106.763518685303,3.177382034079677,2.1038398745079885,3.9185305928133656,7128.205128205128,2.46304461011e-05,614.9837500000001,0.027,0.3214285714285714,0-0-1047-0,e,f061152e-Audio_SP12.v0,group_0,1,fave,283.55662905114366,78.38197182872342,6,excepciones,,0.0599999999999454,son,que,#,s,n,s,initial,23.98388230407172,8.19758726097735,50.326440386906725,f061152e-Audio_SP12.csv,f061152e-Audio_SP12,614.9837500000001,2353.872,1176.936,time column: time,audio_duration,H1
610.5601281753412,1814.048192678054,2040.349340974094,3.427902052599093,3.248418514249112,4.398507308186382,6410.25641025641,0.0050886088376429,615.13275,0.045,0.335820895522388,0-0-1047-3,e,f061152e-Audio_SP12.v0,group_0,1,fave,288.39443722090124,72.4363428438915,6,excepciones,,0.1100000000000136,son,que,z,p,z,p,internal,30.811933079747885,25.749585097181345,81.32937831648213,f061152e-Audio_SP12.csv,f061152e-Audio_SP12,615.13275,2353.872,1176.936,time column: time,audio_duration,H1
880.0793019287719,1530.4546618969173,2810.974320244388,3.8316932930828966,3.366036506308877,4.522592730214454,7128.205128205128,8.161631753078448e-06,615.5627499999999,0.025,0.3378378378378378,0-0-1047-9,e,f061152e-Audio_SP12.v0,group_0,1,fave,283.83852439887755,76.24046766128475,6,excepciones,,0.0500000000000682,son,que,n,s,n,s,internal,46.14060168508559,28.96350259919361,92.07401184565964,f061152e-Audio_SP12.csv,f061152e-Audio_SP12,615.5627499999999,2353.872,1176.936,time column: time,audio_duration,H1
451.0449339355271,2093.878663508262,3206.9288853506087,2.614342301633258,3.127797614893153,3.639752278330486,7487.179487179487,0.0019233403874338,619.7537500000001,0.047,0.3263888888888889,0-0-1063-1,e,f061152e-Audio_SP12.v0,group_0,1,fave,216.0971182980088,80.07389543057754,6,te,,0.1200000000000045,y,pagan,t,#,t,p,final,13.658230427350553,22.82365766497947,38.08240172068635,f061152e-Audio_SP12.csv,f061152e-Audio_SP12,619.7537500000001,2353.872,1176.936,time column: time,audio_duration,H1
423.127743452809,1850.0527571615287,2247.6883552210734,3.634985792620449,3.15148938012428,3.652252786585615,4615.384615384615,0.0093767423916509,622.0377500000001,0.055,0.3353658536585366,0-0-1067-2,e,f061152e-Audio_SP12.v0,group_0,1,fave,219.5698788196748,73.72944973180043,6,pues,,0.1399999999999863,",",[silence],u,s,u,s,internal,37.90131441495757,23.370846747212404,38.56143896432514,f061152e-Audio_SP12.csv,f061152e-Audio_SP12,622.0377500000001,2353.872,1176.936,time column: time,audio_duration,H1
652.634626731601,2013.170732993645,2449.974386371813,2.8152534479782587,4.106990291030053,3.703906437093203,4974.358974358975,0.0251772436316956,630.30275,0.245,0.3337874659400544,0-0-1078-3,e,f061152e-Audio_SP12.v0,group_0,1,fave,222.5083685542073,78.42930722736948,6,este,,0.7100000000000364,menos,como,t,#,t,k,final,16.697407168179254,60.763561448631854,40.60561823040162,f061152e-Audio_SP12.csv,f061152e-Audio_SP12,630.30275,2353.872,1176.936,time column: time,audio_duration,H1
574.1235003373665,1961.9812700668665,3103.8499599031607,4.177748603324979,2.42503381045671,3.7425304460337614,7307.692307692308,0.0001573375591352,631.53375,0.027,0.3214285714285714,0-0-1082-3,e,f061152e-Audio_SP12.v0,group_0,1,fave,258.55504117788666,79.93659759913591,6,anteriormente,,0.0600000000000591,dije,[silence],t,R,t,R,internal,65.21885428796281,11.302611559278215,42.20465175101866,f061152e-Audio_SP12.csv,f061152e-Audio_SP12,631.53375,2353.872,1176.936,time column: time,audio_duration,H1
661.1403853843324,2144.6455644255625,3184.8389281801574,3.746282662293084,3.4704562842911377,3.190458894178663,7487.179487179487,0.0003425022919362,632.16275,0.045,0.335820895522388,0-0-1082-12,e,f061152e-Audio_SP12.v0,group_0,1,fave,314.46828745721467,73.7127132711674,6,anteriormente,,0.1100000000000136,dije,[silence],t,#,t,.,final,42.36331020580708,32.151409281368146,24.2995758188238,f061152e-Audio_SP12.csv,f061152e-Audio_SP12,632.16275,2353.872,1176.936,time column: time,audio_duration,H1
649.2822586830094,1949.465353111562,2192.0258961363947,3.382467946131476,3.078434192980565,4.282427562341116,6769.2307692307695,0.0020357495123031,634.0987500000001,0.037,0.3245614035087719,0-0-1088-1,e,f061152e-Audio_SP12.v0,group_0,1,fave,217.71723281447652,76.88499689998814,6,me,,0.0899999999999181,que,requieran,m,#,m,r,final,29.443346112995435,21.724359596176413,72.41602120992457,f061152e-Audio_SP12.csv,f061152e-Audio_SP12,634.0987500000001,2353.872,1176.936,time column: time,audio_duration,H1
534.2375294432036,1902.7201624259908,2251.8269444347607,3.2258269871557887,3.709173532218418,4.1725920328120365,8025.641025641025,0.0035797885563736,634.24075,0.041,0.3306451612903226,0-0-1089-1,e,f061152e-Audio_SP12.v0,group_0,1,fave,202.0100888681866,72.2832164728588,6,requieran,,0.1000000000000227,me,.,r,k,r,k,internal,25.174384442301196,40.82005612087346,64.88341427039035,f061152e-Audio_SP12.csv,f061152e-Audio_SP12,634.24075,2353.872,1176.936,time column: time,audio_duration,H1
550.1666475657123,1935.511343006732,2511.6709017250487,3.9792328830090375,3.5265311222600104,4.228839896816323,6769.2307692307695,0.0044917879771379,638.7287500000001,0.037,0.3245614035087719,0-0-1093-1,e,f061152e-Audio_SP12.v0,group_0,1,fave,250.26349026935773,74.66733672079489,6,Me,,0.0899999999999181,[silence],oyes,m,#,m,ó,final,53.47599614374746,34.00580081467945,68.63755931733094,f061152e-Audio_SP12.csv,f061152e-Audio_SP12,638.7287500000001,2353.872,1176.936,time column: time,audio_duration,H1
679.8984679201324,1898.1448776433228,2969.2303948093745,3.5126528575279843,2.896670035354259,2.5468162212232683,9102.564102564102,0.0002433599639872,643.44575,0.031,0.3297872340425531,0-0-1098-3,e,f061152e-Audio_SP12.v0,group_0,1,fave,248.8202792956702,72.60857922492572,6,Este,,0.07000000000005,[silence],no,t,#,t,n,final,33.537119075734026,18.11372675964368,12.766393637883876,f061152e-Audio_SP12.csv,f061152e-Audio_SP12,643.44575,2353.872,1176.936,time column: time,audio_duration,H1
704.416300005972,1901.4589336541069,2463.334843171556,3.181022742832402,3.7415638400781215,4.030655193313152,6948.717948717948,0.0032455879138299,644.74075,0.041,0.3306451612903226,0-0-1105-1,e,f061152e-Audio_SP12.v0,group_0,1,fave,226.677507649655,72.18284189609143,6,requieran,,0.1000000000000227,me,una,r,k,r,k,internal,24.071359777677998,42.163876193403645,56.29778509840007,f061152e-Audio_SP12.csv,f061152e-Audio_SP12,644.74075,2353.872,1176.936,time column: time,audio_duration,H1
734.2702161584974,1892.0289998971368,2128.2470081159863,4.115646008714332,3.0426109403082258,3.783856769264319,7128.205128205128,0.001202742488878,645.30275,0.025,0.3378378378378378,0-0-1107-1,e,f061152e-Audio_SP12.v0,group_0,1,fave,240.79095636379503,76.1608311751735,6,verificación,,0.0500000000000682,una,con,b,R,b,R,internal,61.29179651079988,20.95989689498245,43.98535639253142,f061152e-Audio_SP12.csv,f061152e-Audio_SP12,645.30275,2353.872,1176.936,time column: time,audio_duration,H1
507.5684121016407,2302.537576692764,3278.536012070368,2.907385918244967,3.655119790047355,2.9333389779915247,7666.666666666666,0.0007744253352666,647.1487500000001,0.037,0.3245614035087719,0-0-1109-14,e,f061152e-Audio_SP12.v0,group_0,1,fave,451.93525586537584,73.32418576383355,6,identificaciones,,0.0900000000000318,con,porque,n,s,n,s,internal,18.30887506007576,38.67215337679076,18.790266154082943,f061152e-Audio_SP12.csv,f061152e-Audio_SP12,647.1487500000001,2353.872,1176.936,time column: time,audio_duration,H1
486.6012124586554,2350.8409719500764,3151.184216305868,2.862489442921464,3.871609278254069,3.2625610252354607,8025.641025641025,0.0003963312637683,647.54575,0.031,0.3297872340425531,0-0-1110-4,e,f061152e-Audio_SP12.v0,group_0,1,fave,451.0798206857397,75.29176191763118,6,porque,,0.07000000000005,identificaciones,ellos,k,#,k,é,final,17.505050563525213,48.01960083353443,26.116336164993136,f061152e-Audio_SP12.csv,f061152e-Audio_SP12,647.54575,2353.872,1176.936,time column: time,audio_duration,H1
406.7191798512128,1972.7980140310565,2300.392971970989,3.535160587484825,3.520566404306306,4.222513195177239,5692.307692307692,0.0058267844180557,648.19875,0.037,0.3245614035087719,0-0-1113-1,e,f061152e-Audio_SP12.v0,group_0,1,fave,236.39535870131093,67.04717596566536,6,te,,0.0900000000000318,igual,piden,t,#,t,p,final,34.30052250661327,33.803569529896954,68.20468074897633,f061152e-Audio_SP12.csv,f061152e-Audio_SP12,648.19875,2353.872,1176.936,time column: time,audio_duration,H1
513.6828325244247,1991.63374689292,2312.434476656468,3.684726018847761,3.333303154393595,3.4768329182484417,4974.358974358975,7.18624207668e-05,648.49575,0.031,0.3297872340425531,0-0-1114-3,e,f061152e-Audio_SP12.v0,group_0,1,fave,248.4681362276638,68.54921079906589,6,piden,,0.0699999999999363,te,que,d,n,d,n,internal,39.83420713266536,28.03077894257271,32.35708210280288,f061152e-Audio_SP12.csv,f061152e-Audio_SP12,648.49575,2353.872,1176.936,time column: time,audio_duration,H1
868.4645536485068,2428.670130295687,3126.5386264142603,3.999421054148948,3.0563486135703384,3.029975928249639,9641.02564102564,0.0067525251910814,649.8777500000001,0.055,0.3353658536585365,0-0-1118-4,e,f061152e-Audio_SP12.v0,group_0,1,fave,240.05171848385012,74.7173503763575,6,clave,,0.1399999999999863,la,y,b,#,b,i,final,54.566549808999405,21.24982401247689,20.696734376769893,f061152e-Audio_SP12.csv,f061152e-Audio_SP12,649.8777500000001,2353.872,1176.936,time column: time,audio_duration,H1
608.875015903712,1784.029276690169,2499.0884791603003,2.301292053098236,3.030038734789194,3.733706870186564,7307.692307692308,3.71879977767e-05,650.67375,0.027,0.3214285714285714,0-0-1123-1,e,f061152e-Audio_SP12.v0,group_0,1,fave,200.7696523769121,77.2755547514736,6,registraste,,0.0600000000000591,que,",",r,x,r,x,internal,9.987077957200755,20.698034307857853,41.8338939155879,f061152e-Audio_SP12.csv,f061152e-Audio_SP12,650.67375,2353.872,1176.936,time column: time,audio_duration,H1
438.7957291242947,1963.1918494692245,3152.1934670439505,2.651687664046884,3.446693177516768,3.066836376600994,6769.2307692307695,0.000366294249705,657.47775,0.035,0.3365384615384616,0-0-1144-1,e,f061152e-Audio_SP12.v0,group_0,1,fave,207.84045994980727,74.90494964656013,6,te,,0.0799999999999272,que,piden,t,#,t,p,final,14.177946075696664,31.39639814311857,21.47385989525631,f061152e-Audio_SP12.csv,f061152e-Audio_SP12,657.47775,2353.872,1176.936,time column: time,audio_duration,H1
602.1560741583165,1774.6586277715744,3208.4046126486965,2.97031198968848,3.121834509900205,3.1049725129857912,7307.692307692308,0.0029013896254886,661.77075,0.0809999999999999,0.3319672131147541,0-0-1151-0,e,f061152e-Audio_SP12.v0,group_0,1,fave,225.7405619287764,75.0419791329746,6,Entonces,,0.2200000000000272,[silence],como,#,n,.,n,initial,19.49800182270043,22.687962781512,22.3086057698845,f061152e-Audio_SP12.csv,f061152e-Audio_SP12,661.77075,2353.872,1176.936,time column: time,audio_duration,H1
678.9902681255334,1839.713159280244,3092.8040423053403,3.363821256086944,3.22970651778186,3.386689001402879,6589.74358974359,0.0148570461958215,662.4137499999999,0.067,0.3284313725490196,0-0-1151-6,e,f061152e-Audio_SP12.v0,group_0,1,fave,245.2457904730722,79.95090139312829,6,Entonces,,0.1799999999999499,[silence],como,z,s,z,s,internal,28.899412207968886,25.27223892974607,29.56789077434227,f061152e-Audio_SP12.csv,f061152e-Audio_SP12,662.4137499999999,2353.872,1176.936,time column: time,audio_duration,H1
556.923833967066,1980.8550358296231,3171.593930806828,2.5132668698926066,3.4435332560665595,2.958129447473395,7128.205128205128,0.001508383480575,664.3527500000001,0.065,0.3350515463917525,0-0-1155-1,e,f061152e-Audio_SP12.v0,group_0,1,fave,221.68794745372097,77.87224206668623,6,sé,,0.169999999999959,[silence],no,s,#,s,n,final,12.34519439942411,31.297344574336854,19.26190762611692,f061152e-Audio_SP12.csv,f061152e-Audio_SP12,664.3527500000001,2353.872,1176.936,time column: time,audio_duration,H1
485.5957252098201,1981.4758289221656,3159.353011325717,3.284010150394007,3.568913883359945,3.2940525986769527,7487.179487179487,0.002598584373453,667.7287500000001,0.057,0.3275862068965517,0-0-1173-0,e,f061152e-Audio_SP12.v0,group_0,1,fave,215.57675435874515,75.61882639703329,6,equipo,,0.1499999999999772,el,entonces,#,k,l,k,initial,26.682559517731328,35.478038929789406,26.95186773534397,f061152e-Audio_SP12.csv,f061152e-Audio_SP12,667.7287500000001,2353.872,1176.936,time column: time,audio_duration,H1
513.6792016271727,2114.3706149025843,3091.605566239975,3.609620741780879,3.0445963180587383,4.364152043439356,7846.153846153846,7.78256879411e-05,689.29775,0.035,0.3365384615384615,0-0-1196-1,e,f061152e-Audio_SP12.v0,group_0,1,fave,203.99004218439333,78.34830129554375,6,te,,0.0800000000000409,que,piden,t,#,t,p,final,36.95203579366728,21.001551544355223,78.58273693476703,f061152e-Audio_SP12.csv,f061152e-Audio_SP12,689.29775,2353.872,1176.936,time column: time,audio_duration,H1
306.21592979567765,2223.943161460152,2230.104586421729,4.31014328870208,3.505079107274577,4.043275516191972,7487.179487179487,0.0009938522795943,691.53275,0.025,0.3378378378378378,0-0-1204-1,e,f061152e-Audio_SP12.v0,group_0,1,fave,248.30198597686,77.81200714690434,6,necesitas,,0.0500000000000682,entonces,la,n,z,n,z,internal,74.45115618561753,33.28407676086064,57.01278358966898,f061152e-Audio_SP12.csv,f061152e-Audio_SP12,691.53275,2353.872,1176.936,time column: time,audio_duration,H1
305.36178986992513,1977.212937713024,2480.1829145017787,3.0520214362163967,2.631433687444638,3.958922193955826,6589.74358974359,0.0027447631771717,691.65775,0.035,0.3365384615384615,0-0-1204-3,e,f061152e-Audio_SP12.v0,group_0,1,fave,237.46852367494265,69.41050483358651,6,necesitas,,0.0800000000000409,entonces,la,z,s,z,s,internal,21.15807091436792,13.893674817152284,52.40081758412887,f061152e-Audio_SP12.csv,f061152e-Audio_SP12,691.65775,2353.872,1176.936,time column: time,audio_duration,H1
690.4992201207758,1725.1760164908396,2408.748852388876,3.1343559434015096,2.421919701886312,3.697316663103559,7487.179487179487,0.000171675400941,692.16375,0.027,0.3214285714285714,0-0-1206-1,e,f061152e-Audio_SP12.v0,group_0,1,fave,239.5866248418787,76.69563734000776,6,verificación,,0.0600000000000591,la,[silence],b,R,b,R,internal,22.973834626352406,11.267468747419672,40.338916102058,f061152e-Audio_SP12.csv,f061152e-Audio_SP12,692.16375,2353.872,1176.936,time column: time,audio_duration,H1
583.898198508284,2044.188654143558,3017.5731777461974,3.823448035719048,3.861931629243059,3.381844470154661,7128.205128205128,0.0385546923729625,696.78875,0.037,0.324561403508772,0-0-1217-0,e,f061152e-Audio_SP12.v0,group_0,1,fave,236.36114642769303,75.44804769693485,6,entonces,,0.0900000000000318,",",no,#,n,.,n,initial,45.7617246650098,47.55712543779179,29.42499461547033,f061152e-Audio_SP12.csv,f061152e-Audio_SP12,696.78875,2353.872,1176.936,time column: time,audio_duration,H1
534.3790448346875,1949.9192602564829,3146.454399572024,3.547832031910217,3.739328722285994,3.7140820138527095,7487.179487179487,7.40931943135e-05,715.30575,0.031,0.3297872340425531,0-0-1244-1,e,f061152e-Audio_SP12.v0,group_0,1,fave,222.1567331671348,79.68928911559655,6,te,,0.07000000000005,que,dice,t,#,t,d,final,34.737925079885706,42.06974020523972,41.020913164935685,f061152e-Audio_SP12.csv,f061152e-Audio_SP12,715.30575,2353.872,1176.936,time column: time,audio_duration,H1
657.4158014558814,2130.481148992453,2827.5440572215857,3.82613524592358,3.921591266025647,4.283669085625943,7666.666666666666,0.0026766009092482,715.57075,0.041,0.3306451612903226,0-0-1245-3,e,f061152e-Audio_SP12.v0,group_0,1,fave,261.0080374007645,70.51583186636778,6,dice,,0.1000000000000227,te,qué,z,#,z,k,final,45.884861411569005,50.480709137555856,72.50598321986081,f061152e-Audio_SP12.csv,f061152e-Audio_SP12,715.57075,2353.872,1176.936,time column: time,audio_duration,H1
618.8345991119063,1941.96863167044,3243.753362098596,3.043958759512734,3.583739563892297,3.4233491313116136,6948.717948717948,0.001593342488195,716.22275,0.045,0.3358208955223881,0-0-1247-4,e,f061152e-Audio_SP12.v0,group_0,1,fave,323.08928607071533,78.02969293768773,6,países,,0.1099999999998999,qué,están,s,s,s,s,internal,20.988166093146585,36.00794339192766,30.67196764131241,f061152e-Audio_SP12.csv,f061152e-Audio_SP12,716.22275,2353.872,1176.936,time column: time,audio_duration,H1
486.7196353224956,1903.9495218887032,2991.33347230734,3.211611095581083,2.9294249221348188,3.7675105021585775,7128.205128205128,1.0887548583582962e-06,720.6827499999999,0.025,0.3378378378378378,0-0-1260-1,e,f061152e-Audio_SP12.v0,group_0,1,fave,230.7519183151183,78.90760659724408,6,te,,0.0500000000000682,que,dicen,t,#,t,d,final,24.819039876841632,18.716863747063403,43.27220457273432,f061152e-Audio_SP12.csv,f061152e-Audio_SP12,720.6827499999999,2353.872,1176.936,time column: time,audio_duration,H1
490.04279983147984,1909.9341701501955,2976.319429189941,3.3249287887055354,2.8839574605420464,4.16661507618212,6948.717948717948,0.0003755551850993,720.9377499999999,0.035,0.3365384615384616,0-0-1261-3,e,f061152e-Audio_SP12.v0,group_0,1,fave,240.34193611015084,72.59204668315182,6,dicen,,0.0800000000000409,te,no,z,n,z,n,internal,27.79701911047486,17.88491214607438,64.4967655596358,f061152e-Audio_SP12.csv,f061152e-Audio_SP12,720.9377499999999,2353.872,1176.936,time column: time,audio_duration,H1
533.1981490574739,1770.7467776770577,2724.4982387487503,3.4234558337775147,2.750014638911901,3.6750701481526433,7128.205128205128,5.08496698045e-05,725.8457500000001,0.031,0.3297872340425531,0-0-1281-8,e,f061152e-Audio_SP12.v0,group_0,1,fave,260.314765578713,77.843469756984,6,inclusive,,0.0699999999999363,",",nosotros,b,#,b,n,final,30.675240590506547,15.64286087697432,39.451424204664335,f061152e-Audio_SP12.csv,f061152e-Audio_SP12,725.8457500000001,2353.872,1176.936,time column: time,audio_duration,H1
761.4470141334999,1800.5110193561484,2864.58811749087,3.3498682540237583,2.706492566881244,4.15046006012554,7666.666666666666,0.0003476833541994,727.65775,0.035,0.3365384615384616,0-0-1288-0,e,f061152e-Audio_SP12.v0,group_0,1,fave,227.7539951682926,82.82557097109411,6,en,,0.0800000000000409,",",Venezuela,#,n,.,n,initial,28.49897877064797,14.97665367392401,63.46319046636536,f061152e-Audio_SP12.csv,f061152e-Audio_SP12,727.65775,2353.872,1176.936,time column: time,audio_duration,H1
578.5211873405369,1843.0432968834823,2595.6926332718194,3.4285565872210646,3.3381662902783464,3.436940820987948,7128.205128205128,2.0092427485e-05,727.8227499999999,0.025,0.3378378378378378,0-0-1289-1,e,f061152e-Audio_SP12.v0,group_0,1,fave,208.3093669284786,81.52698161754934,6,Venezuela,,0.0500000000000682,en,%%,b,n,b,n,internal,30.83210715831465,28.16742843273118,31.09169746449616,f061152e-Audio_SP12.csv,f061152e-Audio_SP12,727.8227499999999,2353.872,1176.936,time column: time,audio_duration,H1
619.6179877895669,1995.1913996466155,2912.8332744254217,3.41358898886022,3.072235869830878,4.443356991497045,7128.205128205128,0.0004483395685587,727.93575,0.031,0.3297872340425531,0-0-1289-3,e,f061152e-Audio_SP12.v0,group_0,1,fave,206.7381564957961,79.76899206759032,6,Venezuela,,0.07000000000005,en,%%,n,z,n,z,internal,30.37406103819809,21.590121450658454,85.06000864818313,f061152e-Audio_SP12.csv,f061152e-Audio_SP12,727.93575,2353.872,1176.936,time column: time,audio_duration,H1
622.842723293446,1927.964130599972,3213.4596480015225,3.1378211984873325,3.754448496490167,3.704329937435476,7487.179487179487,0.0001474694098697,730.1187500000001,0.037,0.324561403508772,0-0-1295-1,e,f061152e-Audio_SP12.v0,group_0,1,fave,304.89449649776736,80.32138491060113,6,de,,0.0900000000000318,página,Micro,d,#,d,m,final,23.0535829179173,42.71065823607962,40.62281836549487,f061152e-Audio_SP12.csv,f061152e-Audio_SP12,730.1187500000001,2353.872,1176.936,time column: time,audio_duration,H1
673.8700181325497,1835.5054941451456,3160.1689034932697,3.482475487294747,3.979893288479793,4.033190594414172,8025.641025641025,0.0028037401853899,731.55075,0.041,0.3306451612903226,0-0-1301-1,e,f061152e-Audio_SP12.v0,group_0,1,fave,226.75290012319127,79.55703535424368,6,de,,0.1000000000000227,grupos,Facebook,d,#,d,f,final,32.54017524476735,53.5113236481095,56.44070366611077,f061152e-Audio_SP12.csv,f061152e-Audio_SP12,731.55075,2353.872,1176.936,time column: time,audio_duration,H1
585.9717342291133,1745.228628550965,3013.3370173749727,3.126960566978806,2.8658529534585893,3.805477696287776,7128.205128205128,8.09922490825e-05,733.7057500000001,0.031,0.3297872340425531,0-0-1307-0,e,f061152e-Audio_SP12.v0,group_0,1,fave,286.08662514814296,77.7499601197221,6,en,,0.0699999999999363,ponemos,contacto,#,n,s,n,initial,22.804561163391643,17.564028115755658,44.94671586486662,f061152e-Audio_SP12.csv,f061152e-Audio_SP12,733.7057500000001,2353.872,1176.936,time column: time,audio_duration,H1
489.0741025003028,1781.445149368085,3172.888426861932,3.58432725405581,2.8906819451744856,3.026610908452654,6769.2307692307695,1.96785210438e-05,738.91375,0.027,0.3214285714285714,0-0-1327-5,e,f061152e-Audio_SP12.v0,group_0,1,fave,345.3339075177797,79.88366427499209,6,hiciste,,0.0600000000000591,cómo,tal,t,#,t,t,final,36.0291111254926,18.005584237044648,20.6272065028027,f061152e-Audio_SP12.csv,f061152e-Audio_SP12,738.91375,2353.872,1176.936,time column: time,audio_duration,H1
586.4829055544427,1779.181142239168,2725.602368711078,4.14761441949886,3.5422801023888537,4.386573335923657,7307.692307692308,0.0001805769368469,740.27575,0.031,0.3297872340425531,0-0-1332-1,e,f061152e-Audio_SP12.v0,group_0,1,fave,247.51801109209228,71.54981829807444,6,te,,0.07000000000005,cómo,sale,t,#,t,s,final,63.28285374172284,34.5455969582373,80.36456425431999,f061152e-Audio_SP12.csv,f061152e-Audio_SP12,740.27575,2353.872,1176.936,time column: time,audio_duration,H1
550.7582700666815,1934.1853164712404,2995.069599934901,3.06828376103188,2.990462273725158,4.092965997241138,6769.2307692307695,0.0006658930401412,740.5087500000001,0.037,0.3245614035087719,0-0-1333-3,e,f061152e-Audio_SP12.v0,group_0,1,fave,503.8531948254172,75.16246679842176,6,sale,,0.0900000000000318,te,tal,l,#,l,t,final,21.50496332962312,19.89487724517017,59.917343088194656,f061152e-Audio_SP12.csv,f061152e-Audio_SP12,740.5087500000001,2353.872,1176.936,time column: time,audio_duration,H1
771.6557704234059,1945.390854261795,2735.5448331295024,3.7921492218439306,3.485245825893188,4.107028486561421,7128.205128205128,0.0034499647350587,740.73275,0.045,0.3358208955223881,0-0-1335-0,e,f061152e-Audio_SP12.v0,group_0,1,fave,264.8298547874373,73.58335589190945,6,error,,0.1100000000000136,tal,",",#,r,l,r,initial,44.351619385032166,32.630447532915106,60.7658823894737,f061152e-Audio_SP12.csv,f061152e-Audio_SP12,740.73275,2353.872,1176.936,time column: time,audio_duration,H1
504.8572056269999,1757.3749283349637,2652.799031398586,3.681619338398357,3.027666395301518,4.066855682454407,6230.769230769231,0.0003699843306993,742.0857500000001,0.031,0.3297872340425531,0-0-1340-6,e,f061152e-Audio_SP12.v0,group_0,1,fave,233.6364943895813,67.02035923688663,6,entonces,,0.0699999999999363,",",[silence],z,s,z,s,internal,39.710647010434805,20.648989741934127,58.37313007236491,f061152e-Audio_SP12.csv,f061152e-Audio_SP12,742.0857500000001,2353.872,1176.936,time column: time,audio_duration,H1
591.6096277175776,1951.7164016632096,3076.4054415766686,3.436993089314437,3.4934827705634786,3.6743520797163214,7128.205128205128,0.0006619000985202,760.60775,0.035,0.3365384615384615,0-0-1363-3,e,f061152e-Audio_SP12.v0,group_0,1,fave,280.0521459996145,75.18916395882309,6,este,,0.0799999999999272,menos,siempre,t,#,t,s,final,31.093322617961977,32.900332712544134,39.4231055507576,f061152e-Audio_SP12.csv,f061152e-Audio_SP12,760.60775,2353.872,1176.936,time column: time,audio_duration,H1
654.4515881124502,1913.965424858468,2855.1367184231867,2.8750245382341486,3.2474205782114804,4.207750804109476,7128.205128205128,0.0013746630280004,761.18075,0.081,0.3319672131147542,0-0-1364-6,e,f061152e-Audio_SP12.v0,group_0,1,fave,324.3998393092883,79.61805583483145,6,siempre,,0.2200000000000272,este,trato,R,#,R,t,final,17.72585907740562,25.723901475696007,67.205212004311,f061152e-Audio_SP12.csv,f061152e-Audio_SP12,761.18075,2353.872,1176.936,time column: time,audio_duration,H1
844.0259383471329,2365.186746212501,3228.3304051660016,3.621293617713291,3.26703426872184,4.393569087265402,7846.153846153846,0.0049237524883743,761.98775,0.215,0.3338509316770186,0-0-1366-1,e,f061152e-Audio_SP12.v0,group_0,1,fave,233.30640827328293,76.48116830120678,6,de,,0.6200000000000045,trato,[silence],d,#,d,.,final,37.38589961585169,26.233422578408742,80.92874589883505,f061152e-Audio_SP12.csv,f061152e-Audio_SP12,761.98775,2353.872,1176.936,time column: time,audio_duration,H1
504.0019367393699,1939.7847488810128,2964.956550842217,3.1552149119287454,3.2438916517593634,3.722675258571992,7128.205128205128,2.57033813474e-05,763.1057500000001,0.031,0.3297872340425531,0-0-1368-1,e,f061152e-Audio_SP12.v0,group_0,1,fave,473.9066593938488,81.88851541973239,6,de,,0.0699999999999363,[silence],tomar,d,#,d,t,final,23.4580779705204,25.633283705091635,41.37493482924473,f061152e-Audio_SP12.csv,f061152e-Audio_SP12,763.1057500000001,2353.872,1176.936,time column: time,audio_duration,H1
510.9801787989384,1918.7187271072423,2937.6048974248206,2.156638858910868,3.2790622892557324,3.873833591093436,6589.74358974359,0.0012905029968098,764.38075,0.041,0.3306451612903226,0-0-1372-1,e,f061152e-Audio_SP12.v0,group_0,1,fave,478.971914072296,71.9243420472018,6,sé,,0.1000000000000227,que,que,s,#,s,k,final,8.64204166664898,26.55086399268244,48.12653032644499,f061152e-Audio_SP12.csv,f061152e-Audio_SP12,764.38075,2353.872,1176.936,time column: time,audio_duration,H1
584.8229808852601,1954.210481611196,3117.2087552526814,3.3221171183292504,4.168980529455342,4.202507562609449,7487.179487179487,0.0001538966707152,765.3837500000001,0.027,0.3214285714285714,0-0-1376-5,e,f061152e-Audio_SP12.v0,group_0,1,fave,198.1790022521329,81.50462405701921,6,completar,,0.0599999999999454,a,[silence],l,t,l,t,internal,27.718972826920805,64.649510228808,66.85376102405588,f061152e-Audio_SP12.csv,f061152e-Audio_SP12,765.3837500000001,2353.872,1176.936,time column: time,audio_duration,H1
552.2099616229556,1910.047853994811,2891.6607254543515,3.168835368298796,3.670683775926921,3.111874981872736,6769.2307692307695,0.0001066697096999,767.0857500000001,0.031,0.3297872340425531,0-0-1382-1,e,f061152e-Audio_SP12.v0,group_0,1,fave,225.8363712677455,80.87218615463232,6,sé,,0.0699999999999363,que,que,s,#,s,k,final,23.779773544998157,39.2787545468142,22.46312288843893,f061152e-Audio_SP12.csv,f061152e-Audio_SP12,767.0857500000001,2353.872,1176.936,time column: time,audio_duration,H1
561.031418404386,1946.7773360735184,2621.511785683256,2.754194964564656,3.705272836493216,3.467446317646949,7307.692307692308,0.0008436944392889,768.48275,0.045,0.335820895522388,0-0-1389-2,e,f061152e-Audio_SP12.v0,group_0,1,fave,191.8847397833701,79.18387144526902,6,pues,,0.1100000000000136,bien,porque,u,s,u,s,internal,15.70839000069183,40.6611396463651,32.05478011011293,f061152e-Audio_SP12.csv,f061152e-Audio_SP12,768.48275,2353.872,1176.936,time column: time,audio_duration,H1
539.3914903844554,2213.425422921405,2714.607888434055,2.717151306120994,3.817372306676105,4.061243351194844,7128.205128205128,0.0095510171429136,769.11575,0.211,0.3328075709779179,0-0-1390-4,e,f061152e-Audio_SP12.v0,group_0,1,fave,188.70344398758857,75.1104186605279,6,porque,,0.6100000000000136,pues,como,k,#,k,k,final,15.1371396900357,45.48453175262382,58.046438338374735,f061152e-Audio_SP12.csv,f061152e-Audio_SP12,769.11575,2353.872,1176.936,time column: time,audio_duration,H1
636.7509023630098,1865.7701503815736,3139.3290519984325,1.348568331342461,3.022529281272274,3.653263533589705,7307.692307692308,5.247816901960316e-06,770.0627499999999,0.025,0.3378378378378378,0-0-1393-1,e,f061152e-Audio_SP12.v0,group_0,1,fave,304.02041449740784,83.81125001657867,6,te,,0.0500000000000682,ellos,ponen,t,#,t,p,final,3.851906926814603,20.54318552388804,38.60043452723605,f061152e-Audio_SP12.csv,f061152e-Audio_SP12,770.0627499999999,2353.872,1176.936,time column: time,audio_duration,H1
528.0251164956804,1806.703409406807,2560.3836957069484,4.323155028228549,2.527338608625855,3.7347064941297976,7128.205128205128,6.913410810630839e-06,770.29275,0.025,0.3378378378378378,0-0-1394-3,e,f061152e-Audio_SP12.v0,group_0,1,fave,261.9449929657939,74.67320812028606,6,ponen,,0.0500000000000682,te,tareas,n,n,n,n,internal,75.42622515205994,12.520140762574153,41.87573298576881,f061152e-Audio_SP12.csv,f061152e-Audio_SP12,770.29275,2353.872,1176.936,time column: time,audio_duration,H1
668.6741004239839,2085.124951576044,3171.186280127477,2.866943078529785,3.565044921247537,3.0273222849700057,7128.205128205128,9.378858644016718e-06,772.8357500000001,0.031,0.3297872340425531,0-0-1401-0,e,f061152e-Audio_SP12.v0,group_0,1,fave,230.57659268699967,78.9967832409782,6,empleadores,,0.0699999999999363,[silence],por,#,m,.,m,initial,17.583185543254654,35.34104093227048,20.641885433631675,f061152e-Audio_SP12.csv,f061152e-Audio_SP12,772.8357500000001,2353.872,1176.936,time column: time,audio_duration,H1
800.7485790354134,2084.568249479973,2985.4235260284754,3.402087607843995,4.436375257862762,4.171097717051508,6948.717948717948,0.0015927126670965,773.40075,0.041,0.3306451612903226,0-0-1401-9,e,f061152e-Audio_SP12.v0,group_0,1,fave,415.5213593773635,77.2286567150204,6,empleadores,,0.1000000000000227,[silence],por,R,s,R,s,internal,30.02671867652333,84.46821061689306,64.78653036744905,f061152e-Audio_SP12.csv,f061152e-Audio_SP12,773.40075,2353.872,1176.936,time column: time,audio_duration,H1
481.66216088596894,2409.3263890533194,2904.4154302782786,3.145587416433036,2.695305579179313,4.468504187098349,8025.641025641025,0.0002150643698871,774.15075,0.041,0.3306451612903226,0-0-1404-1,e,f061152e-Audio_SP12.v0,group_0,1,fave,230.76221798686944,73.34076608050373,6,decirlo,,0.1000000000000227,así,",",d,z,d,z,internal,23.2333190990798,14.810043702887636,87.22615137982429,f061152e-Audio_SP12.csv,f061152e-Audio_SP12,774.15075,2353.872,1176.936,time column: time,audio_duration,H1
517.242381431148,2259.274512853632,3234.6410022761606,3.786818971205269,3.421497980933017,4.002447545023014,7846.153846153846,0.0004014618296764,774.7687500000001,0.037,0.324561403508772,0-0-1407-1,e,f061152e-Audio_SP12.v0,group_0,1,fave,221.043656930222,79.52940345992322,6,te,,0.0900000000000318,que,envían,t,#,t,é,final,44.11584306913965,30.61524173708926,54.73194513149583,f061152e-Audio_SP12.csv,f061152e-Audio_SP12,774.7687500000001,2353.872,1176.936,time column: time,audio_duration,H1
513.4048616875291,2010.8730240461043,2764.9860156604004,3.5452311924746214,3.576940281177788,4.447137349675238,7307.692307692308,0.0003245297979331,775.76575,0.031,0.3297872340425531,0-0-1412-1,e,f061152e-Audio_SP12.v0,group_0,1,fave,206.92070646133064,81.15211899108652,6,revisión,,0.07000000000005,a,[silence],r,b,r,b,internal,34.647694702651485,35.76394564965918,85.38217451502264,f061152e-Audio_SP12.csv,f061152e-Audio_SP12,775.76575,2353.872,1176.936,time column: time,audio_duration,H1
494.2090271348941,1832.3097676172304,3100.8508196670005,3.6884632920050393,3.918792171559602,4.555441009357881,8923.076923076922,5.61878634174e-05,777.0857500000001,0.031,0.3297872340425531,0-0-1415-1,e,f061152e-Audio_SP12.v0,group_0,1,fave,220.5700076086771,82.40533505177719,6,te,,0.0699999999999363,que,colocan,t,#,t,k,final,39.98335697898168,50.33960643598991,95.1487074546152,f061152e-Audio_SP12.csv,f061152e-Audio_SP12,777.0857500000001,2353.872,1176.936,time column: time,audio_duration,H1
492.9979834050729,2639.900827657845,3266.2052130177844,3.011740374742396,2.669817086464946,3.7560773043141,7307.692307692308,0.0001824635347024,778.90775,0.035,0.3365384615384616,0-0-1425-1,e,f061152e-Audio_SP12.v0,group_0,1,fave,235.41929313317723,68.76892617472708,6,te,,0.0800000000000409,y,dan,t,#,t,d,final,20.322738345787258,14.43732816853866,42.78028237715992,f061152e-Audio_SP12.csv,f061152e-Audio_SP12,778.90775,2353.872,1176.936,time column: time,audio_duration,H1
606.1064103466464,1754.6678413780178,2602.563554671187,3.255674384805831,3.928952721464496,4.018285747296405,6948.717948717948,0.0017165806055716,779.96775,0.035,0.3365384615384616,0-0-1430-3,e,f061152e-Audio_SP12.v0,group_0,1,fave,194.061129839496,74.4488177901908,6,corregirlo,,0.0799999999999272,de,",",r,x,r,x,internal,25.93710022359276,50.8536917916293,55.60570185216285,f061152e-Audio_SP12.csv,f061152e-Audio_SP12,779.96775,2353.872,1176.936,time column: time,audio_duration,H1
458.5598481126857,2248.746909739754,3300.614882431168,3.4393157980195226,3.831987886692851,3.713285822127862,7128.205128205128,0.0003508266093397,781.39775,0.035,0.3365384615384615,0-0-1436-0,e,f061152e-Audio_SP12.v0,group_0,1,fave,226.4180885302092,82.23554791134089,6,empleadores,,0.0800000000000409,hay,que,#,m,y,m,initial,31.16562728791309,46.15419641386326,40.98826565189261,f061152e-Audio_SP12.csv,f061152e-Audio_SP12,781.39775,2353.872,1176.936,time column: time,audio_duration,H1
794.8492364925816,1848.2817998257503,3041.649620518858,2.879310561628131,3.929039985819944,4.059925608188244,6410.25641025641,0.0010571540076399,781.93575,0.031,0.3297872340425531,0-0-1436-9,e,f061152e-Audio_SP12.v0,group_0,1,fave,287.1841752250779,77.8115191628385,6,empleadores,,0.07000000000005,hay,que,R,s,R,s,internal,17.8019955689295,50.85812969989843,57.96999842533789,f061152e-Audio_SP12.csv,f061152e-Audio_SP12,781.93575,2353.872,1176.936,time column: time,audio_duration,H1
503.60252521533016,1771.572452589358,2786.6988766249538,3.6826605204278846,2.7984874859109223,3.4456273399221824,7128.205128205128,2.69655102291e-05,782.9037500000001,0.027,0.3214285714285714,0-0-1442-5,e,f061152e-Audio_SP12.v0,group_0,1,fave,231.04687076095487,76.42136958670326,6,simplemente,,0.0600000000000591,que,te,l,m,l,m,internal,39.75201455431756,16.419792811885795,31.36295250861658,f061152e-Audio_SP12.csv,f061152e-Audio_SP12,782.9037500000001,2353.872,1176.936,time column: time,audio_duration,H1
625.2279171097751,1990.316213159551,2603.3160023640794,3.9080118965795374,3.8469144776056217,4.786427327254832,7846.153846153846,0.0004028978826668,783.5937500000001,0.027,0.3214285714285714,0-0-1445-3,e,f061152e-Audio_SP12.v0,group_0,1,fave,202.21934744638628,75.94331572193153,6,ponen,,0.0599999999999454,la,mala,n,n,n,n,internal,49.79984624517412,46.84828855021852,119.87233809144637,f061152e-Audio_SP12.csv,f061152e-Audio_SP12,783.5937500000001,2353.872,1176.936,time column: time,audio_duration,H1
638.8333932075984,1833.60431384548,2940.956796465512,3.6149381497793054,3.053909288500865,4.001381026370834,7307.692307692308,6.920960065016203e-06,786.2337500000001,0.027,0.3214285714285714,0-0-1453-6,e,f061152e-Audio_SP12.v0,group_0,1,fave,299.31611516049907,81.37181457187405,6,siempre,,0.0599999999999454,trato,de,R,#,R,d,final,37.1490481777608,21.198051954152877,54.67360360783466,f061152e-Audio_SP12.csv,f061152e-Audio_SP12,786.2337500000001,2353.872,1176.936,time column: time,audio_duration,H1
510.8084148530629,2540.7683094984072,3152.6765088424745,3.5597085505409223,3.5972511915010976,4.225540578112704,8564.102564102563,0.007144429931122,786.4507500000001,0.2009999999999999,0.3327814569536423,0-0-1454-1,e,f061152e-Audio_SP12.v0,group_0,1,fave,216.06482181110783,76.79747950770272,6,de,,0.5799999999999272,siempre,[silence],d,#,d,.,final,35.15295034360414,36.49777104637256,68.41147530080316,f061152e-Audio_SP12.csv,f061152e-Audio_SP12,786.4507500000001,2353.872,1176.936,time column: time,audio_duration,H1
530.4689030727434,1925.177870673122,2613.395224307388,3.438808939518456,2.722833663104066,3.643151828204632,7128.205128205128,0.001402675169046,788.8887500000001,0.037,0.324561403508772,0-0-1459-1,e,f061152e-Audio_SP12.v0,group_0,1,fave,243.6513187528992,75.95966385829303,6,sé,,0.0900000000000318,que,que,s,#,s,k,final,31.149834727416,15.223399167926518,38.21208505224465,f061152e-Audio_SP12.csv,f061152e-Audio_SP12,788.8887500000001,2353.872,1176.936,time column: time,audio_duration,H1
446.5825622471422,1824.3120655222024,2689.661313014324,3.0287333207593305,2.572308801244138,3.380331375959661,7128.205128205128,0.0001013501748737,789.56575,0.031,0.3297872340425531,0-0-1463-5,e,f061152e-Audio_SP12.v0,group_0,1,fave,395.8371220822336,73.96159128237004,6,completar,,0.07000000000005,a,bien,l,t,l,t,internal,20.671032431630312,13.096025683576972,29.38050549353381,f061152e-Audio_SP12.csv,f061152e-Audio_SP12,789.56575,2353.872,1176.936,time column: time,audio_duration,H1
590.5890793939623,1779.8659454649023,2594.987295230549,3.423253811770473,2.8291339155683306,4.044428539412495,7307.692307692308,0.0015841555499787,804.06375,0.047,0.3263888888888889,0-0-1476-1,e,f061152e-Audio_SP12.v0,group_0,1,fave,295.65857900184034,80.62678295972685,6,mejorado,,0.1200000000000045,he,.,m,x,m,x,internal,30.66904414276644,16.930790978313123,57.07855856576478,f061152e-Audio_SP12.csv,f061152e-Audio_SP12,804.06375,2353.872,1176.936,time column: time,audio_duration,H1
509.7396316868938,2071.293150791392,3319.082064933204,3.2353311148224355,3.645650304459213,3.824215516708318,7487.179487179487,0.0005359164271371,807.08575,0.051,0.3311688311688312,0-0-1483-7,e,f061152e-Audio_SP12.v0,group_0,1,fave,450.598776044342,78.41595636519652,6,bastante,,0.1300000000001091,mejorado,[silence],t,#,t,.,final,25.41478559802188,38.307676406023,45.79685939962223,f061152e-Audio_SP12.csv,f061152e-Audio_SP12,807.08575,2353.872,1176.936,time column: time,audio_duration,H1
470.61568757442507,2501.1161161449304,2860.552231478195,2.8244789013360814,3.49505738945255,4.296983816754369,7846.153846153846,3.90388527166e-05,813.42575,0.031,0.3297872340425531,0-0-1503-4,e,f061152e-Audio_SP12.v0,group_0,1,fave,221.66338694297167,80.93076167821191,6,porque,,0.07000000000005,[silence],no,k,#,k,n,final,16.85216105902947,32.952179006254326,73.47783651666951,f061152e-Audio_SP12.csv,f061152e-Audio_SP12,813.42575,2353.872,1176.936,time column: time,audio_duration,H1
565.4835506900114,2078.38195207369,2592.783994991165,2.9186455048414794,3.668073383204164,4.706350724243963,6948.717948717948,0.0066845211970249,815.0077500000001,0.075,0.3348214285714286,0-0-1508-6,e,f061152e-Audio_SP12.v0,group_0,1,fave,227.4530248327349,72.38039129429552,6,entonces,,0.1999999999999318,era,ya,z,s,z,s,internal,18.516190376425875,39.17635528108228,110.64763850489489,f061152e-Audio_SP12.csv,f061152e-Audio_SP12,815.0077500000001,2353.872,1176.936,time column: time,audio_duration,H1
538.8836289500864,2379.594491655276,3173.60989462411,3.656321983798487,3.4999621916536388,3.686293425391773,7128.205128205128,0.0002325109127482,816.45775,0.035,0.3365384615384615,0-0-1513-1,e,f061152e-Audio_SP12.v0,group_0,1,fave,215.69009888467292,82.25167720331817,6,llegado,,0.0799999999999272,ha,a,L,g,L,g,internal,38.71867275497327,33.11419994188324,39.89669248678445,f061152e-Audio_SP12.csv,f061152e-Audio_SP12,816.45775,2353.872,1176.936,time column: time,audio_duration,H1
587.9262348077287,1865.756026005474,2506.586497213092,3.500519658397504,3.111340461445105,3.951641878770461,7128.205128205128,0.0002661068563208,817.44575,0.031,0.3297872340425531,0-0-1516-1,e,f061152e-Audio_SP12.v0,group_0,1,fave,193.08013882533703,74.3107037851468,6,mejor,,0.07000000000005,realizarlas,[silence],m,x,m,x,internal,33.13266515349304,22.45111909880787,52.02070845219678,f061152e-Audio_SP12.csv,f061152e-Audio_SP12,817.44575,2353.872,1176.936,time column: time,audio_duration,H1
570.2925127793286,2362.827408226742,3317.242858698749,3.1010420816487816,2.1681268419805644,3.692855323267216,7128.205128205128,7.682271721345743e-06,831.42275,0.025,0.3378378378378378,0-0-1525-0,e,f061152e-Audio_SP12.v0,group_0,1,fave,264.4859669797468,78.83428147365477,6,en,,0.0500000000000682,%%,Micro,#,n,&,n,initial,22.221095416057132,8.741893746351527,40.15935133624974,f061152e-Audio_SP12.csv,f061152e-Audio_SP12,831.42275,2353.872,1176.936,time column: time,audio_duration,H1
638.1651282995628,1708.5685159692716,3321.9455626126664,3.081061793571727,2.356898403776212,4.072356942176609,7128.205128205128,1.71203443188e-05,832.92375,0.027,0.3214285714285714,0-0-1531-1,e,f061152e-Audio_SP12.v0,group_0,1,fave,320.188539758101,77.99452012415667,6,sencillas,,0.0600000000000591,más,",",s,n,s,n,internal,21.78151759760686,10.558153486718652,58.69514074174695,f061152e-Audio_SP12.csv,f061152e-Audio_SP12,832.92375,2353.872,1176.936,time column: time,audio_duration,H1
505.9865741346912,1859.2220591646264,2513.8916074016297,3.005932371508232,3.820720076483375,5.0724968105124,6589.74358974359,0.0030206077483784,836.22775,0.035,0.3365384615384615,0-0-1539-1,e,f061152e-Audio_SP12.v0,group_0,1,fave,219.47445607731152,73.8160747730848,6,te,,0.0799999999999272,que,piden,t,#,t,p,final,20.205045925568538,45.63705866476413,159.57225204167318,f061152e-Audio_SP12.csv,f061152e-Audio_SP12,836.22775,2353.872,1176.936,time column: time,audio_duration,H1
805.8681551414345,1800.115750452546,3235.8633992376576,4.087256720277767,3.018059477161793,3.7054227282724046,7128.205128205128,0.0024633491981097,837.12775,0.035,0.3365384615384615,0-0-1543-1,e,f061152e-Audio_SP12.v0,group_0,1,fave,253.4662366731424,78.6652154726047,6,de,,0.0800000000000409,capturas,pantalla,d,#,d,p,final,59.576233053988574,20.45156642105147,40.66723487373136,f061152e-Audio_SP12.csv,f061152e-Audio_SP12,837.12775,2353.872,1176.936,time column: time,audio_duration,H1
569.397491472482,1775.2378324324584,3169.3383149687643,3.6758686714579687,2.927353988247671,3.240671499625646,10000.0,0.0081695884854176,841.55075,0.041,0.3306451612903226,0-0-1558-1,e,f061152e-Audio_SP12.v0,group_0,1,fave,265.74174061588764,74.95294019320406,6,de,,0.1000000000000227,cuestión,tiempo,d,#,d,t,final,39.48293966756121,18.678142468111727,25.55087338996253,f061152e-Audio_SP12.csv,f061152e-Audio_SP12,841.55075,2353.872,1176.936,time column: time,audio_duration,H1
666.610449366898,1703.3102441809292,2946.702799732646,4.218803080848566,3.071156839683,3.914058575322346,7307.692307692308,0.000177853286581,846.18375,0.027,0.3214285714285714,0-0-1573-5,e,f061152e-Audio_SP12.v0,group_0,1,fave,245.47066642189912,75.55567144754113,6,pierdes,,0.0600000000000591,y,la,d,s,d,s,internal,67.95210242260814,21.566837622952,50.10188215365293,f061152e-Audio_SP12.csv,f061152e-Audio_SP12,846.18375,2353.872,1176.936,time column: time,audio_duration,H1
709.6531689267266,1726.3397962635736,3224.0684433698966,3.053556617887869,3.0572926182301914,3.703831551641926,7128.205128205128,0.0017357530372605,847.38575,0.051,0.3311688311688311,0-0-1578-3,e,f061152e-Audio_SP12.v0,group_0,1,fave,286.9660146453902,74.57741201077387,6,veces,,0.1299999999999954,a,hiciste,z,s,z,s,internal,21.190577342291324,21.269893416680876,40.602577574207935,f061152e-Audio_SP12.csv,f061152e-Audio_SP12,847.38575,2353.872,1176.936,time column: time,audio_duration,H1
527.6785247974725,1780.4238011581244,3149.738267094335,3.144724455769844,2.7854303309289827,3.92744091204848,7128.205128205128,5.42129406349e-05,852.44375,0.027,0.3214285714285714,0-0-1597-6,e,f061152e-Audio_SP12.v0,group_0,1,fave,256.4033721674131,75.54544905507422,6,entonces,,0.0600000000000591,[silence],ya,z,s,z,s,internal,23.213278307073196,16.206790659633377,50.77686878704241,f061152e-Audio_SP12.csv,f061152e-Audio_SP12,852.44375,2353.872,1176.936,time column: time,audio_duration,H1
708.7495824767203,1610.1647673865332,2553.0967555195607,3.7246355039916894,3.9427081159390127,3.726783927770896,6589.74358974359,0.0044433413128744,854.01575,0.031,0.3297872340425531,0-0-1603-3,e,f061152e-Audio_SP12.v0,group_0,1,fave,228.72806258380496,71.97996117947807,6,sabe,,0.07000000000005,uno,por,b,#,b,p,final,41.45611940057973,51.55803755382311,41.545280456865015,f061152e-Audio_SP12.csv,f061152e-Audio_SP12,854.01575,2353.872,1176.936,time column: time,audio_duration,H1
778.641602290665,2182.1229497251143,2707.1391241107062,4.740437185655262,3.757114085797668,4.30502409388234,7666.666666666666,0.005766610030016,856.32575,0.051,0.3311688311688312,0-0-1614-6,e,f061152e-Audio_SP12.v0,group_0,1,fave,249.36316995256732,81.02201124375546,6,capture,,0.1299999999999954,del,",",R,#,R,.,final,114.48424160917716,42.82465918234021,74.07100008931,f061152e-Audio_SP12.csv,f061152e-Audio_SP12,856.32575,2353.872,1176.936,time column: time,audio_duration,H1
562.6590848610249,1966.5384862463063,2849.518662685693,3.1388422395091133,2.355564001684652,4.099064286998515,7307.692307692308,9.499911340297292e-07,858.29275,0.025,0.3378378378378378,0-0-1625-1,e,f061152e-Audio_SP12.v0,group_0,1,fave,215.5459884241269,76.42683803509081,6,tener,,0.0500000000000682,que,varias,t,n,t,n,internal,23.07713359283209,10.544074060520034,60.283852813242056,f061152e-Audio_SP12.csv,f061152e-Audio_SP12,858.29275,2353.872,1176.936,time column: time,audio_duration,H1
600.1179452823194,2181.3494634164595,3065.36087986072,3.713156359187301,4.020762797991394,4.470969532565738,6410.25641025641,5.97800533646e-05,864.9427499999999,0.025,0.3378378378378378,0-0-1645-1,e,f061152e-Audio_SP12.v0,group_0,1,fave,273.3343114233739,77.76641860411789,6,te,,0.0500000000000682,ellos,dan,t,#,t,d,final,40.98295953397303,55.74361072770426,87.44145927188212,f061152e-Audio_SP12.csv,f061152e-Audio_SP12,864.9427499999999,2353.872,1176.936,time column: time,audio_duration,H1
569.5905813807332,1798.5135938071037,2676.1730680763235,3.206862210361538,2.794121376867289,3.5831787192098097,7307.692307692308,1.4785049038317203e-06,866.42275,0.025,0.3378378378378378,0-0-1651-1,e,f061152e-Audio_SP12.v0,group_0,1,fave,192.7816450545316,79.68429401220516,6,de,,0.0500000000000682,preliminar,lo,d,#,d,l,final,24.7014565211146,16.348258482973094,35.98775419038137,f061152e-Audio_SP12.csv,f061152e-Audio_SP12,866.42275,2353.872,1176.936,time column: time,audio_duration,H1
553.9858975058355,1933.435010166004,2866.0881531880973,3.0388635202456835,3.675998482871632,3.806463769696693,7128.205128205128,0.0002960876624979,866.74575,0.031,0.3297872340425531,0-0-1654-1,e,f061152e-Audio_SP12.v0,group_0,1,fave,186.72153659651423,74.25428186653747,6,te,,0.0699999999999363,que,piden,t,#,t,p,final,20.881498344746294,39.488065336453005,44.991058485145466,f061152e-Audio_SP12.csv,f061152e-Audio_SP12,866.74575,2353.872,1176.936,time column: time,audio_duration,H1
520.6387470507868,2266.747231704453,2886.9390930075574,2.9930626857329727,3.260209500010176,4.12901145011935,7128.205128205128,3.29817316816e-05,867.0237500000001,0.027,0.3214285714285714,0-0-1655-3,e,f061152e-Audio_SP12.v0,group_0,1,fave,135.7611903101716,60.15072153197164,6,piden,,0.0600000000000591,te,.,d,n,d,n,internal,19.946679447195446,26.054995092515107,62.11648732754873,f061152e-Audio_SP12.csv,f061152e-Audio_SP12,867.0237500000001,2353.872,1176.936,time column: time,audio_duration,H1
496.0403923222143,1808.825757675712,2874.058703116876,3.66056065843423,2.9954328645992243,4.776238119138054,6410.25641025641,0.0008832494005231,868.1337500000001,0.027,0.3214285714285714,0-0-1657-6,e,f061152e-Audio_SP12.v0,group_0,1,fave,239.96059841202,66.61292393089477,6,Entonces,,0.0599999999999454,.,antes,z,s,z,s,internal,38.88313691991647,19.994012717272422,118.65713538135324,f061152e-Audio_SP12.csv,f061152e-Audio_SP12,868.1337500000001,2353.872,1176.936,time column: time,audio_duration,H1
522.2341331167041,1808.966420536433,2876.781595342543,2.9520088960276563,3.510885814158778,3.5163454557619103,7487.179487179487,0.0015410302412044,868.55075,0.061,0.3315217391304348,0-0-1658-3,e,f061152e-Audio_SP12.v0,group_0,1,fave,238.1187024495633,77.76931764844099,6,antes,,0.1599999999999681,Entonces,tú,t,s,t,s,internal,19.14437418120756,33.47790985988155,33.661187108127514,f061152e-Audio_SP12.csv,f061152e-Audio_SP12,868.55075,2353.872,1176.936,time column: time,audio_duration,H1
567.3073740045185,1864.6006556017533,2884.4727215849653,3.6117499446567,2.612556711978866,3.3748698406729,7307.692307692308,0.0014411189369638,869.3587500000001,0.037,0.324561403508772,0-0-1662-2,e,f061152e-Audio_SP12.v0,group_0,1,fave,245.43906433275467,74.74752913784887,6,aceptar,,0.0899999999999181,poner,la,z,t,z,t,internal,37.03079799514381,13.633864192924197,29.22048021566313,f061152e-Audio_SP12.csv,f061152e-Audio_SP12,869.3587500000001,2353.872,1176.936,time column: time,audio_duration,H1
558.3812754293036,1858.409892236816,2806.1834615130897,3.3858545728297123,3.660330592538974,3.152934563507472,7128.205128205128,1.20098240567e-05,870.3537500000001,0.027,0.3214285714285714,0-0-1667-1,e,f061152e-Audio_SP12.v0,group_0,1,fave,200.1929659702676,79.09840536551098,6,te,,0.0599999999999454,que,corra,t,#,t,k,final,29.54322877220246,38.87419226518008,23.40464632399328,f061152e-Audio_SP12.csv,f061152e-Audio_SP12,870.3537500000001,2353.872,1176.936,time column: time,audio_duration,H1
486.0213728079728,2229.341208001231,3081.88538526065,2.715968718337884,3.53053167268579,3.094470683266968,7128.205128205128,0.0007557186494645,874.82275,0.065,0.3350515463917525,0-0-1685-1,e,f061152e-Audio_SP12.v0,group_0,1,fave,220.33291331888287,71.82183390860949,6,te,,0.1700000000000727,que,dicen,t,#,t,d,final,15.119249274145664,34.142115220131465,22.07555048621469,f061152e-Audio_SP12.csv,f061152e-Audio_SP12,874.82275,2353.872,1176.936,time column: time,audio_duration,H1
484.6216782273475,1733.957161711457,3296.553157332072,3.0698921982960456,3.4608725830899743,5.064470930127524,8564.102564102563,0.0014104661498917,875.13275,0.045,0.335820895522388,0-0-1686-3,e,f061152e-Audio_SP12.v0,group_0,1,fave,454.5287811420234,75.67927083607226,6,dicen,,0.1100000000000136,te,[silence],z,n,z,n,internal,21.539580546354596,31.84475158661522,158.29666991600752,f061152e-Audio_SP12.csv,f061152e-Audio_SP12,875.13275,2353.872,1176.936,time column: time,audio_duration,H1
594.3160707810096,1608.835113126696,2484.9803304153365,3.2195567736728714,3.0198271947569304,3.5090375683495565,6410.25641025641,6.75037436814e-05,879.04375,0.027,0.3214285714285714,0-0-1697-2,e,f061152e-Audio_SP12.v0,group_0,1,fave,206.6045263772053,75.46125989627252,6,aceptar,,0.0600000000000591,darle,[silence],z,t,z,t,internal,25.017029517573548,20.487750987486933,33.41609159855041,f061152e-Audio_SP12.csv,f061152e-Audio_SP12,879.04375,2353.872,1176.936,time column: time,audio_duration,H1
698.4639994386984,1804.4243030417315,2947.3465762928768,2.58663346408332,2.141871777773312,3.8468928011355,7307.692307692308,1.9143728541761768e-06,880.42275,0.025,0.3378378378378378,0-0-1702-6,e,f061152e-Audio_SP12.v0,group_0,1,fave,224.16766019712887,82.7211263118033,6,empiece,,0.0500000000000682,te,a,z,#,z,a,final,13.28497190054817,8.515361585730567,46.84727305569772,f061152e-Audio_SP12.csv,f061152e-Audio_SP12,880.42275,2353.872,1176.936,time column: time,audio_duration,H1
603.529227424245,1881.838471652916,2698.271359143387,2.967546096716464,4.153130947161209,4.079437596676389,6769.2307692307695,0.0013746804451801,904.45075,0.041,0.3306451612903226,0-0-1728-2,e,f061152e-Audio_SP12.v0,group_0,1,fave,202.90604047293564,72.86732613423116,6,flexibilidad,,0.1000000000000227,[silence],",",l,s,l,s,internal,19.44414694923189,63.63292004238716,59.11221559309093,f061152e-Audio_SP12.csv,f061152e-Audio_SP12,904.45075,2353.872,1176.936,time column: time,audio_duration,H1
605.8315161803262,2103.8992453904425,2834.2576663040086,2.8575034044291305,4.462494575211677,4.026990577244086,7128.205128205128,0.0148695764265788,909.17575,0.051,0.3311688311688311,0-0-1743-0,e,f061152e-Audio_SP12.v0,group_0,1,fave,215.5401191597998,77.74528434661632,6,Entonces,,0.1299999999999954,[silence],se,#,n,.,n,initial,17.41798693926709,86.70352801834274,56.091852892174,f061152e-Audio_SP12.csv,f061152e-Audio_SP12,909.17575,2353.872,1176.936,time column: time,audio_duration,H1
721.0224053454587,1818.3220988490373,3134.106617083924,3.465595076679948,3.5866275619618992,4.169322785848967,7128.205128205128,0.0007986144530321,909.65875,0.037,0.324561403508772,0-0-1744-1,e,f061152e-Audio_SP12.v0,group_0,1,fave,248.01676845132792,74.32821518223533,6,se,,0.0900000000000318,Entonces,me,s,#,s,m,final,31.99549388146413,36.11208457031224,64.67164072396426,f061152e-Audio_SP12.csv,f061152e-Audio_SP12,909.65875,2353.872,1176.936,time column: time,audio_duration,H1
514.8880504573604,1638.2602359027765,2948.988370182361,3.0560654072839686,2.221860785498218,3.048851471652549,7307.692307692308,0.0001380189830229,910.02575,0.031,0.3297872340425531,0-0-1746-2,e,f061152e-Audio_SP12.v0,group_0,1,fave,484.174040994184,69.6542680824677,6,hace,,0.07000000000005,me,más,z,#,z,m,final,21.24380678083144,9.224479683822466,21.091106772383636,f061152e-Audio_SP12.csv,f061152e-Audio_SP12,910.02575,2353.872,1176.936,time column: time,audio_duration,H1
613.7917874312215,1886.4251242759167,2925.388360487462,3.3874960141634447,4.001203837746787,4.220357311361905,7846.153846153846,0.0001637780318693,913.42575,0.031,0.3297872340425531,0-0-1760-3,e,f061152e-Audio_SP12.v0,group_0,1,fave,211.1014728950489,81.21776405309869,6,directamente,,0.07000000000005,trabajo,nada,R,k,R,k,internal,29.591762070424892,54.66391692545001,68.057797769829,f061152e-Audio_SP12.csv,f061152e-Audio_SP12,913.42575,2353.872,1176.936,time column: time,audio_duration,H1
576.8135096115657,1935.4419137798,2966.455243464575,3.8717374684637935,3.4025294598931497,4.184884966344083,7128.205128205128,2.44675498198e-05,918.05375,0.027,0.3214285714285714,0-0-1777-0,e,f061152e-Audio_SP12.v0,group_0,1,fave,191.7808246434485,80.41652424934772,6,embargo,,0.0600000000000591,Sin,cuando,#,m,n,m,initial,48.0257568707996,30.039988975238384,65.68594438779317,f061152e-Audio_SP12.csv,f061152e-Audio_SP12,918.05375,2353.872,1176.936,time column: time,audio_duration,H1
567.6515987188782,1751.1636007737509,2510.0456001637044,3.40491954569883,2.858933094539528,4.180224313221332,7307.692307692308,3.3696872322524187e-06,918.68275,0.025,0.3378378378378378,0-0-1779-1,e,f061152e-Audio_SP12.v0,group_0,1,fave,192.02704563291047,80.82339139501613,6,me,,0.0500000000000682,cuando,toca,m,#,m,t,final,30.1118729967608,17.442907072726616,65.38051728372037,f061152e-Audio_SP12.csv,f061152e-Audio_SP12,918.68275,2353.872,1176.936,time column: time,audio_duration,H1
615.9953602289198,2247.3559623316346,2729.757445426957,3.485127418896914,3.4635527835367643,4.233741712867029,7307.692307692308,0.0110932788023988,920.83475,0.189,0.3351063829787233,0-0-1783-3,e,f061152e-Audio_SP12.v0,group_0,1,fave,226.54465922381857,75.14119938169809,6,este,,0.5399999999999636,[silence],me,t,#,t,m,final,32.626584088369604,31.93021638427885,68.97483396107461,f061152e-Audio_SP12.csv,f061152e-Audio_SP12,920.83475,2353.872,1176.936,time column: time,audio_duration,H1
482.8101762834872,2053.2469101472243,2951.4545139378183,3.5115419066165665,4.331747919584098,4.445377163407866,8025.641025641025,0.0002495469539403,921.54775,0.035,0.3365384615384615,0-0-1785-1,e,f061152e-Audio_SP12.v0,group_0,1,fave,221.42461948198675,84.29321534445177,6,dedico,,0.0800000000000409,me,a,d,d,d,d,internal,33.49988167102477,76.07714715596617,85.23201817429594,f061152e-Audio_SP12.csv,f061152e-Audio_SP12,921.54775,2353.872,1176.936,time column: time,audio_duration,H1
617.1681546656399,1782.7740914467836,3121.271030091832,3.408969589825808,3.3948463355639173,3.9342959105874655,7128.205128205128,2.74134995678e-05,923.06375,0.027,0.3214285714285714,0-0-1792-0,e,f061152e-Audio_SP12.v0,group_0,1,fave,223.48061891937743,81.69536118745006,6,en,,0.0600000000000591,igual,la,#,n,l,n,initial,30.23407470526149,29.81007237500993,51.12613990718531,f061152e-Audio_SP12.csv,f061152e-Audio_SP12,923.06375,2353.872,1176.936,time column: time,audio_duration,H1
540.5908196126951,1575.714472089998,2796.137132412732,3.406849445926555,4.376104301400632,2.9876611942657214,6410.25641025641,2.96098697867e-05,923.53275,0.025,0.3378378378378378,0-0-1794-3,e,f061152e-Audio_SP12.v0,group_0,1,fave,183.2044950207162,60.17258230235401,6,noche,,0.0500000000000682,la,",",h,#,h,.,final,30.17004201946527,79.52761353389042,19.83922808841116,f061152e-Audio_SP12.csv,f061152e-Audio_SP12,923.53275,2353.872,1176.936,time column: time,audio_duration,H1
645.1059524474523,1853.7454895799751,3323.096094012092,4.142643095306831,2.920289229097971,3.9702247126822687,8923.076923076922,0.00116430937231,931.49375,0.027,0.3214285714285714,0-0-1806-0,e,f061152e-Audio_SP12.v0,group_0,1,fave,324.5651016452063,77.87379408131041,6,el,,0.0599999999999454,tengo,día,#,l,o,l,initial,62.96903485400167,18.546650915190376,52.99643847356796,f061152e-Audio_SP12.csv,f061152e-Audio_SP12,931.49375,2353.872,1176.936,time column: time,audio_duration,H1
531.6405918546805,1713.6037417391865,2527.458654549907,3.194870615722522,4.407698308541665,4.651236474926868,7487.179487179487,0.0007545521292203,933.49575,0.031,0.3297872340425531,0-0-1812-4,e,f061152e-Audio_SP12.v0,group_0,1,fave,218.5498458956121,82.77500071365291,6,desde,,0.0699999999999363,como,las,d,#,d,l,final,24.40701560391673,82.08032233857733,104.71438227090503,f061152e-Audio_SP12.csv,f061152e-Audio_SP12,933.49575,2353.872,1176.936,time column: time,audio_duration,H1
1131.235793500805,1644.6558829229689,2884.0580934689424,4.331123243914076,3.147364996121102,3.5391310726252807,6769.2307692307695,0.0017572274149842,938.49375,0.027,0.3214285714285714,0-0-1835-0,e,f061152e-Audio_SP12.v0,group_0,1,fave,241.1613413528652,74.30598323702773,6,el,,0.0599999999999454,todo,día,#,l,o,l,initial,76.02963845340341,23.27465490315517,34.43698294934366,f061152e-Audio_SP12.csv,f061152e-Audio_SP12,938.49375,2353.872,1176.936,time column: time,audio_duration,H1
504.3020725614309,2450.0738596394453,3743.5269488030895,3.231159664922858,3.364542710083485,4.103817899394159,10000.0,0.010195808116553,939.77775,0.055,0.3353658536585365,0-0-1838-4,e,f061152e-Audio_SP12.v0,group_0,1,fave,225.1023608291396,79.41154924677848,6,porque,,0.1399999999999863,[silence],también,k,#,k,t,final,25.308989907315382,28.92026932722537,60.57110107577483,f061152e-Audio_SP12.csv,f061152e-Audio_SP12,939.77775,2353.872,1176.936,time column: time,audio_duration,H1
887.7824871299326,2177.1504401178872,3154.753794775624,3.605406183643284,3.886177101566896,4.03889110057438,8025.641025641025,0.0004166697793384,941.49075,0.041,0.3306451612903226,0-0-1844-3,e,f061152e-Audio_SP12.v0,group_0,1,fave,264.7178903390501,76.54510068842977,6,salen,,0.1000000000000227,no,siempre,l,n,l,n,internal,36.79662701022614,48.724262122629824,56.76336303214284,f061152e-Audio_SP12.csv,f061152e-Audio_SP12,941.49075,2353.872,1176.936,time column: time,audio_duration,H1
709.8778256084445,1918.8503641742752,2776.7873586543315,2.727482328133663,3.854820163407298,4.342581573229018,6051.282051282051,0.0008337065184664,942.22575,0.031,0.3297872340425531,0-0-1845-6,e,f061152e-Audio_SP12.v0,group_0,1,fave,212.05437675819007,72.29972788358621,6,siempre,,0.0699999999999363,salen,[silence],R,#,R,.,final,15.294332395938918,47.22012427139528,76.90582129789337,f061152e-Audio_SP12.csv,f061152e-Audio_SP12,942.22575,2353.872,1176.936,time column: time,audio_duration,H1
848.0381719082967,1783.0747871586482,2860.41088776353,4.626497963712976,2.558618179422026,3.4312180204021216,7846.153846153846,0.0001185013461513,943.57375,0.027,0.3214285714285714,0-0-1851-1,e,f061152e-Audio_SP12.v0,group_0,1,fave,253.6201822970799,78.54585705125955,6,refrescando,,0.0600000000000591,estar,la,r,f,r,f,internal,102.15568403433588,12.917954681303618,30.9142740436847,f061152e-Audio_SP12.csv,f061152e-Audio_SP12,943.57375,2353.872,1176.936,time column: time,audio_duration,H1
440.6083008105353,1916.7129348875733,2731.126545124164,2.484350384455978,3.946200932665396,3.23731080925338,7128.205128205128,0.0005009622407251,945.60375,0.047,0.3263888888888889,0-0-1856-1,e,f061152e-Audio_SP12.v0,group_0,1,fave,414.2903329975365,82.77724119600444,6,te,,0.1200000000000045,que,[silence],t,#,t,.,final,11.993326672258243,51.73843519431791,25.465148943102204,f061152e-Audio_SP12.csv,f061152e-Audio_SP12,945.60375,2353.872,1176.936,time column: time,audio_duration,H1
459.7875734897295,1353.4907402772506,2271.1845891253265,2.136309310616601,3.709342016060477,3.474353043674991,5512.820512820513,0.0005450743220709,950.24575,0.051,0.3311688311688312,0-0-1869-4,e,f061152e-Audio_SP12.v0,group_0,1,fave,441.3398090840201,81.30467173753004,6,libre,,0.1299999999999954,estoy,",",R,#,R,.,final,8.468126659736088,40.82693422016979,32.27694000986569,f061152e-Audio_SP12.csv,f061152e-Audio_SP12,950.24575,2353.872,1176.936,time column: time,audio_duration,H1
678.0093209684185,1714.2279170275249,2594.515134315067,3.6378424912529983,3.3568698276832087,3.385061103787162,7128.205128205128,0.000115159016592,954.40375,0.027,0.3214285714285714,0-0-1887-4,e,f061152e-Audio_SP12.v0,group_0,1,fave,173.8300390979462,67.28500818841883,6,tarde,,0.0600000000000591,la,como,d,#,d,k,final,38.00974184652913,28.69921664182704,29.51979643240225,f061152e-Audio_SP12.csv,f061152e-Audio_SP12,954.40375,2353.872,1176.936,time column: time,audio_duration,H1
507.7088194296927,2333.040713299446,3090.330001330031,3.0929620712897763,3.681111610662647,3.895081041031896,7307.692307692308,0.0012486642428828,954.79775,0.055,0.3353658536585365,0-0-1889-1,e,f061152e-Audio_SP12.v0,group_0,1,fave,275.77421139932886,75.32425374166084,6,de,,0.1399999999999863,como,tres,d,#,d,t,final,22.042272154704374,39.690489931131765,49.16003718139654,f061152e-Audio_SP12.csv,f061152e-Audio_SP12,954.79775,2353.872,1176.936,time column: time,audio_duration,H1
659.4018180774459,1782.4126892892662,2984.701059433844,2.973212231008419,3.565890693393825,3.954011087472864,6948.717948717948,8.96516207751e-05,955.58875,0.037,0.324561403508772,0-0-1893-1,e,f061152e-Audio_SP12.v0,group_0,1,fave,222.9847897617007,81.96668468688864,6,de,,0.0899999999999181,nueve,la,d,#,d,l,final,19.55463281531977,35.37094404413883,52.14410248275332,f061152e-Audio_SP12.csv,f061152e-Audio_SP12,955.58875,2353.872,1176.936,time column: time,audio_duration,H1
467.5242045094437,2164.83893145129,2792.289214424256,3.192677114204645,3.537518881163779,4.053663552036602,7666.666666666666,0.0012717656578338,962.04275,0.045,0.335820895522388,0-0-1916-1,e,f061152e-Audio_SP12.v0,group_0,1,fave,208.47097446614268,78.22988598617783,6,de,,0.1100000000000136,[silence],tres,d,#,d,t,final,24.3535374517889,34.3815086690689,57.60812127015443,f061152e-Audio_SP12.csv,f061152e-Audio_SP12,962.04275,2353.872,1176.936,time column: time,audio_duration,H1
500.0790893583661,1759.4159393326722,2616.0961184092293,4.193842203545452,3.7442255806131786,3.8709150104905534,5692.307692307692,0.0003953154795541,962.68075,0.041,0.3306451612903226,0-0-1920-1,e,f061152e-Audio_SP12.v0,group_0,1,fave,225.828419631293,76.5132374836967,6,de,,0.1000000000000227,nueve,la,d,#,d,l,final,66.27695191831397,42.27625498702887,47.98627394289039,f061152e-Audio_SP12.csv,f061152e-Audio_SP12,962.68075,2353.872,1176.936,time column: time,audio_duration,H1
559.2002863545044,1900.6437908936448,2282.1713132753325,3.729986515845027,2.3867898814296304,4.473121684826561,7666.666666666666,0.0029720707380018,971.80575,0.051,0.3311688311688312,0-0-1927-1,e,f061152e-Audio_SP12.v0,group_0,1,fave,236.63834469647472,84.00280545830488,6,de,,0.1299999999999954,",",verdad,d,#,d,b,final,41.67854616026475,10.87851650436698,87.62984925539342,f061152e-Audio_SP12.csv,f061152e-Audio_SP12,971.80575,2353.872,1176.936,time column: time,audio_duration,H1
444.27465849033496,1891.601894054361,2937.830471231722,2.829372007029506,3.537093706775963,3.8742607922183607,7128.205128205128,0.0030607368056307,972.96375,0.067,0.3284313725490196,0-0-1932-0,e,f061152e-Audio_SP12.v0,group_0,1,fave,273.8586414963857,76.04153575217455,6,En,,0.1800000000000636,.,todo,#,n,.,n,initial,16.934822534996574,34.36689363935666,48.147094426529776,f061152e-Audio_SP12.csv,f061152e-Audio_SP12,972.96375,2353.872,1176.936,time column: time,audio_duration,H1
604.6976970858076,1764.1891779029702,2868.8149697470058,3.310754686425049,2.8054902131396515,3.7014423581864535,7128.205128205128,0.0001986987323353,973.44375,0.027,0.3214285714285714,0-0-1934-3,e,f061152e-Audio_SP12.v0,group_0,1,fave,285.8751491967779,75.26091822685477,6,este,,0.0600000000000591,todo,tiempo,t,#,t,t,final,27.40580045492835,16.535179681958255,40.50568595409474,f061152e-Audio_SP12.csv,f061152e-Audio_SP12,973.44375,2353.872,1176.936,time column: time,audio_duration,H1
473.9452227725417,2365.7067779525323,3029.521333260957,3.5660659293197376,3.803425281881821,4.52938895144278,7666.666666666666,0.0060833791256878,974.87975,0.119,0.3361581920903954,0-0-1941-1,e,f061152e-Audio_SP12.v0,group_0,1,fave,193.23735044698657,77.03174485904267,6,de,,0.3299999999999272,cuenta,[silence],d,#,d,.,final,35.37714284737946,44.854561179876114,92.70189841077752,f061152e-Audio_SP12.csv,f061152e-Audio_SP12,974.87975,2353.872,1176.936,time column: time,audio_duration,H1
688.051603011769,1823.949320207549,2952.937744929712,4.300250463159844,3.742784025948209,4.189494266036098,6230.769230769231,2.16640777113e-05,977.32575,0.031,0.3297872340425531,0-0-1951-0,e,f061152e-Audio_SP12.v0,group_0,1,fave,224.81874946022663,75.44269212071877,6,embargo,,0.07000000000005,sin,",",#,m,n,m,initial,73.7182550946588,42.21535536005174,65.98940943442685,f061152e-Audio_SP12.csv,f061152e-Audio_SP12,977.32575,2353.872,1176.936,time column: time,audio_duration,H1
580.9301368090638,1776.8252208680974,2658.075548954344,2.21092542779036,4.122104977567965,3.980752493894622,6410.25641025641,0.0001598557368006,978.23375,0.027,0.3214285714285714,0-0-1956-3,e,f061152e-Audio_SP12.v0,group_0,1,fave,292.1134039927411,72.86069883688025,6,veces,,0.0599999999999454,hay,que,z,s,z,s,internal,9.124156234949256,61.688959566604304,53.5573206247386,f061152e-Audio_SP12.csv,f061152e-Audio_SP12,978.23375,2353.872,1176.936,time column: time,audio_duration,H1
489.6600811200148,1933.747869232379,3153.934470760817,3.705599491991007,4.173230451826261,3.58714936497529,7128.205128205128,0.0005760194390839,980.82375,0.027,0.3214285714285714,0-0-1964-3,e,f061152e-Audio_SP12.v0,group_0,1,fave,230.3875619681777,73.98041414212445,6,este,,0.0600000000000591,[silence],mon(tan),t,#,t,m,final,40.674424000762606,64.92485030113595,36.1309328819861,f061152e-Audio_SP12.csv,f061152e-Audio_SP12,980.82375,2353.872,1176.936,time column: time,audio_duration,H1
386.1104743250244,1897.8928479603912,2627.852279291303,2.9825448711794578,2.532940720145292,2.6930266086599097,7128.205128205128,0.0388744359480595,987.09275,0.045,0.3358208955223881,0-0-1986-8,e,f061152e-Audio_SP12.v0,group_0,1,fave,219.2039357676555,81.35540788313095,6,inclusive,,0.1099999999998999,porque,cuando,b,#,b,k,final,19.73798340882925,12.590476818629964,14.776330480209364,f061152e-Audio_SP12.csv,f061152e-Audio_SP12,987.09275,2353.872,1176.936,time column: time,audio_duration,H1
489.2727312782887,2268.586322236132,2757.745030545306,2.613594157297642,4.060920736881032,3.941840247998052,6589.74358974359,0.0022532550230795,990.28575,0.051,0.3311688311688312,0-0-1997-0,e,f061152e-Audio_SP12.v0,group_0,1,fave,216.1175060096159,81.1057968180487,6,el,,0.1299999999999954,[silence],poder,#,l,.,l,initial,13.64801592106074,58.02771474691267,51.51331139693742,f061152e-Audio_SP12.csv,f061152e-Audio_SP12,990.28575,2353.872,1176.936,time column: time,audio_duration,H1
765.4257422873259,1918.145515114517,3178.325128457414,3.7487286958250974,2.5808308426313284,3.4138584393553324,8384.615384615383,2.31080922451e-05,993.07275,0.025,0.3378378378378378,0-0-2004-1,e,f061152e-Audio_SP12.v0,group_0,1,fave,228.590824732497,69.15206573605393,6,de,,0.0500000000000682,cantidad,tareas,d,#,d,t,final,42.46705911802851,13.20810746090348,30.382246446715065,f061152e-Audio_SP12.csv,f061152e-Audio_SP12,993.07275,2353.872,1176.936,time column: time,audio_duration,H1
629.5108385769264,1885.8923303944096,2990.0943141205703,2.626504640887794,2.385720009995773,4.212313392653833,6230.769230769231,4.1101947362e-05,994.18275,0.025,0.3378378378378378,0-0-2008-3,e,f061152e-Audio_SP12.v0,group_0,1,fave,227.232933524556,69.20409618457725,6,veces,,0.0500000000000682,A,me,z,s,z,s,internal,13.825360747059197,10.866884114006853,67.51254231244803,f061152e-Audio_SP12.csv,f061152e-Audio_SP12,994.18275,2353.872,1176.936,time column: time,audio_duration,H1
635.2077881854291,1624.313349692551,2374.5150608417744,3.81664490800646,3.559075721921958,3.9866727124284593,7307.692307692308,7.312459864867704e-06,994.30275,0.025,0.3378378378378378,0-0-2009-1,e,f061152e-Audio_SP12.v0,group_0,1,fave,272.40374210521924,79.59083485155176,6,me,,0.0500000000000682,veces,quedaba,m,#,m,k,final,45.451458394954,35.13071158798835,53.87533208676849,f061152e-Audio_SP12.csv,f061152e-Audio_SP12,994.30275,2353.872,1176.936,time column: time,audio_duration,H1
456.22397109205366,1976.6486695858828,2804.04104736962,3.49815171272104,3.8821673775970353,3.425348087022529,6948.717948717948,0.0016710913129713,1000.74875,0.077,0.3290598290598291,0-0-2030-3,e,f061152e-Audio_SP12.v0,group_0,1,fave,242.5244177133341,81.346229864862,6,pasé,,0.2099999999999227,que,[silence],s,#,s,.,final,33.054301619205646,48.529282449455856,30.733340866937567,f061152e-Audio_SP12.csv,f061152e-Audio_SP12,1000.74875,2353.872,1176.936,time column: time,audio_duration,H1
636.245234155794,1855.8750928107704,2924.9329371586487,4.370402386275528,3.369699595351193,4.163548046342623,8923.076923076922,0.0021922014724811,1026.21275,0.045,0.335820895522388,0-0-2083-0,e,f061152e-Audio_SP12.v0,group_0,1,fave,244.4020458646024,72.98812380052078,6,en,,0.1099999999998999,trabajar,Remo,#,n,R,n,initial,79.07544417215021,29.069793045023157,64.29925509518368,f061152e-Audio_SP12.csv,f061152e-Audio_SP12,1026.21275,2353.872,1176.936,time column: time,audio_duration,H1
445.9321366719712,2495.4407902671937,2702.13076063418,2.976989327458252,3.8613246050910974,3.187089159407406,6948.717948717948,1.75224320826e-05,1028.3737499999995,0.027,0.3214285714285714,0-0-2088-4,e,f061152e-Audio_SP12.v0,group_0,1,fave,217.3093521661115,79.6338869934916,6,Porque,,0.0600000000001728,[silence],necesita,k,#,k,n,final,19.628632212959605,47.52826587416542,24.217830500633102,f061152e-Audio_SP12.csv,f061152e-Audio_SP12,1028.3737499999995,2353.872,1176.936,time column: time,audio_duration,H1
515.4206490479042,1820.1679868141305,2599.018129043208,3.690324827039106,3.521003987434728,3.693092168431713,7128.205128205128,4.83852759438e-05,1028.47375,0.027,0.3214285714285714,0-0-2089-1,e,f061152e-Audio_SP12.v0,group_0,1,fave,212.7706900499751,77.63809551411771,6,necesita,,0.0599999999999454,Porque,más,n,z,n,z,internal,40.05785671920214,33.81836463841254,40.1688640108941,f061152e-Audio_SP12.csv,f061152e-Audio_SP12,1028.47375,2353.872,1176.936,time column: time,audio_duration,H1
490.1144334549183,1790.4756689973026,2784.2451549928983,3.548061564439652,2.89281385896452,4.511588457004946,7128.205128205128,9.24009232555e-05,1028.5937499999998,0.027,0.3214285714285714,0-0-2089-3,e,f061152e-Audio_SP12.v0,group_0,1,fave,211.81415256423213,75.60452630259097,6,necesita,,0.0600000000001728,Porque,más,z,s,z,s,internal,34.745899478853595,18.04401153766876,91.06635867757348,f061152e-Audio_SP12.csv,f061152e-Audio_SP12,1028.5937499999998,2353.872,1176.936,time column: time,audio_duration,H1
655.1378997041597,1951.877369529348,2936.842009262294,3.6260051441120633,4.34982267864008,3.933810313536537,6589.74358974359,0.0002091704436603,1029.46575,0.031,0.3297872340425531,0-0-2092-0,e,f061152e-Audio_SP12.v0,group_0,1,fave,219.1349012528173,78.0203826990769,6,el,,0.0699999999999363,[silence],equipo,#,l,&,l,initial,37.562459876383855,77.46472555685085,51.101319231332255,f061152e-Audio_SP12.csv,f061152e-Audio_SP12,1029.46575,2353.872,1176.936,time column: time,audio_duration,H1
411.5881886186689,2175.563084217744,2881.108349946979,2.6709531042617587,4.069455790412944,3.5579042434848325,7666.666666666666,0.0074227321224236,1029.65975,0.119,0.3361581920903954,0-0-2093-0,e,f061152e-Audio_SP12.v0,group_0,1,fave,197.60094405810656,79.92846182061619,6,equipo,,0.3300000000001546,el,pues,#,k,l,k,initial,14.453738549754252,58.5251040011225,35.08958081349371,f061152e-Audio_SP12.csv,f061152e-Audio_SP12,1029.65975,2353.872,1176.936,time column: time,audio_duration,H1
479.8295885186436,1745.413988136413,2637.028050208638,1.914507339110972,3.073139660280758,3.827872667134116,7128.205128205128,1.90797036051e-05,1031.21375,0.027,0.3214285714285714,0-0-2098-2,e,f061152e-Audio_SP12.v0,group_0,1,fave,458.69091459757794,71.21359359396871,6,especificaciones,,0.0599999999999454,más,el,p,z,p,z,internal,6.783595961207643,21.609643216701325,45.96465203791974,f061152e-Audio_SP12.csv,f061152e-Audio_SP12,1031.21375,2353.872,1176.936,time column: time,audio_duration,H1
641.1690134657878,1907.147847628468,2967.0716978895903,2.7486006891580628,4.337630233861358,3.4080058300188423,7128.205128205128,0.0002537162493891,1031.8337499999998,0.027,0.3214285714285714,0-0-2099-0,e,f061152e-Audio_SP12.v0,group_0,1,fave,227.10883101739776,71.60892016805208,6,el,,0.0600000000001728,especificaciones,equipo,#,l,s,l,initial,15.620758287345971,76.52597562573081,30.204950355952697,f061152e-Audio_SP12.csv,f061152e-Audio_SP12,1031.8337499999998,2353.872,1176.936,time column: time,audio_duration,H1
598.2429514858727,2156.265674524353,2941.9882117346656,3.18475655450021,4.098515218591039,4.187471763648601,6948.717948717948,0.0001728741225388,1031.92575,0.031,0.3297872340425531,0-0-2100-0,e,f061152e-Audio_SP12.v0,group_0,1,fave,193.7814884576897,78.8180688970617,6,equipo,,0.0699999999999363,el,.,#,k,l,k,initial,24.16140570432822,60.25076193958939,65.85608057071744,f061152e-Audio_SP12.csv,f061152e-Audio_SP12,1031.92575,2353.872,1176.936,time column: time,audio_duration,H1
563.4163944169059,1806.9874371335663,3285.2316496408,2.5343238777404595,2.647518224562269,3.8799164919787903,7307.692307692308,0.0006183089143773,1034.35575,0.031,0.3297872340425531,0-0-2108-1,e,f061152e-Audio_SP12.v0,group_0,1,fave,290.03346916332595,75.22770256833205,6,sencillas,,0.0700000000001637,muy,las,s,n,s,n,internal,12.60790348140064,14.118955052727529,48.42017142980654,f061152e-Audio_SP12.csv,f061152e-Audio_SP12,1034.35575,2353.872,1176.936,time column: time,audio_duration,H1
590.4707484332823,2093.514140139353,3007.120799968808,2.927579177024357,4.217908239602623,3.9784467510672457,7128.205128205128,0.0001045026809666,1057.67775,0.035,0.3365384615384615,0-0-2134-0,e,f061152e-Audio_SP12.v0,group_0,1,fave,502.84320086346094,74.00308069603325,6,en,,0.0799999999999272,",",Microworkers,#,n,.,n,initial,18.682349049784605,67.89132327651089,53.43397347490503,f061152e-Audio_SP12.csv,f061152e-Audio_SP12,1057.67775,2353.872,1176.936,time column: time,audio_duration,H1
607.9019613266731,2034.698070477789,3126.5611412579246,1.933183194546456,3.990017511479998,4.681257097681718,7128.205128205128,0.0001521957163888,1058.92375,0.027,0.3214285714285714,0-0-2138-1,e,f061152e-Audio_SP12.v0,group_0,1,fave,287.88317003306366,79.91363634355334,6,te,,0.0599999999999454,ellos,dan,t,#,t,d,final,6.911475834840771,54.05583595272853,107.90563526971307,f061152e-Audio_SP12.csv,f061152e-Audio_SP12,1058.92375,2353.872,1176.936,time column: time,audio_duration,H1
728.8677570325408,1969.0280122742463,3216.29474135467,3.1862169979756114,3.9001782025588776,4.776987950848781,8025.641025641025,0.0115042080436582,1062.0437499999998,0.047,0.3263888888888889,0-0-2154-3,e,f061152e-Audio_SP12.v0,group_0,1,fave,398.6531868419124,78.53183613678368,6,dice,,0.1200000000001182,te,que,z,#,z,k,final,24.196717851066364,49.41125353283804,118.74614162984967,f061152e-Audio_SP12.csv,f061152e-Audio_SP12,1062.0437499999998,2353.872,1176.936,time column: time,audio_duration,H1
594.945131438678,2415.642297251168,3014.508522365914,3.554518394618999,3.2347694555795465,4.32105448611533,7846.153846153846,0.0159336509880939,1062.34575,0.091,0.3321167883211679,0-0-2156-0,e,f061152e-Audio_SP12.v0,group_0,1,fave,222.64876420357132,77.25836901397818,6,en,,0.25,que,siete,#,n,é,n,initial,34.970973702279295,25.400515156722484,75.26795547394312,f061152e-Audio_SP12.csv,f061152e-Audio_SP12,1062.34575,2353.872,1176.936,time column: time,audio_duration,H1
586.1511614206557,1747.4687437024177,2592.984189062427,3.236234901284305,3.664369668524704,4.421424719815233,6769.2307692307695,0.0001264655417941,1062.8887499999998,0.037,0.3245614035087719,0-0-2157-4,e,f061152e-Audio_SP12.v0,group_0,1,fave,274.0755155063383,80.91790875577433,6,siete,,0.0900000000001455,en,días,t,#,t,d,final,25.43776552008369,39.03152560839078,83.21475865825504,f061152e-Audio_SP12.csv,f061152e-Audio_SP12,1062.8887499999998,2353.872,1176.936,time column: time,audio_duration,H1
865.8600835107532,2304.564384857426,2951.5627978515986,3.493555752371852,3.468185078892509,4.358612173788719,7846.153846153846,0.0056816579598179,1063.3807499999998,0.121,0.3324175824175823,0-0-2159-1,e,f061152e-Audio_SP12.v0,group_0,1,fave,237.76828502769013,77.89452801883156,6,te,,0.3400000000001455,días,acreditan,t,#,t,a,final,32.90273392594297,32.07846968878714,78.1486024498907,f061152e-Audio_SP12.csv,f061152e-Audio_SP12,1063.3807499999998,2353.872,1176.936,time column: time,audio_duration,H1
739.0008993942811,1858.439785405994,3196.0589912480004,3.5775189192747257,3.629094626857981,4.452928141450908,7666.666666666666,0.0002201642088176,1064.15575,0.031,0.3297872340425531,0-0-2161-0,e,f061152e-Audio_SP12.v0,group_0,1,fave,204.43700374260683,78.25695982055487,6,el,,0.0699999999999363,acreditan,pago,#,l,n,l,initial,35.78464601954261,37.678687897850864,85.87803924803893,f061152e-Audio_SP12.csv,f061152e-Audio_SP12,1064.15575,2353.872,1176.936,time column: time,audio_duration,H1
489.7800693549384,1987.344991705484,3036.0662869612074,4.200620157403905,3.476665164175234,3.956288596468673,7128.205128205128,0.0004535034685407,1066.28575,0.031,0.3297872340425531,0-0-2170-1,e,f061152e-Audio_SP12.v0,group_0,1,fave,217.9019480413952,79.38011300761855,6,te,,0.0699999999999363,que,dicen,t,#,t,d,final,66.72769988913232,32.35165452574483,52.26299648492353,f061152e-Audio_SP12.csv,f061152e-Audio_SP12,1066.28575,2353.872,1176.936,time column: time,audio_duration,H1
650.5100401970244,1847.791633436312,3184.804795485285,3.595144957371485,2.812457655842038,3.9358210616217946,7666.666666666666,0.0027521302262923,1066.60875,0.037,0.3245614035087719,0-0-2171-3,e,f061152e-Audio_SP12.v0,group_0,1,fave,305.86232842253685,72.64377852749259,6,dicen,,0.0900000000001455,te,que,z,n,z,n,internal,36.42097909464356,16.65078988500519,51.20417448447789,f061152e-Audio_SP12.csv,f061152e-Audio_SP12,1066.60875,2353.872,1176.936,time column: time,audio_duration,H1
496.22752651673767,2417.7761541491686,2982.015449939276,3.724314958519016,3.3315461755490903,5.137652332824504,9461.53846153846,0.0001378501457093,1066.8237499999998,0.027,0.3214285714285714,0-0-2173-0,e,f061152e-Audio_SP12.v0,group_0,1,fave,213.91239632665955,79.34484799855,6,en,,0.0599999999999454,que,un,#,n,é,n,initial,41.442832958759375,27.98157269680024,170.3154546012477,f061152e-Audio_SP12.csv,f061152e-Audio_SP12,1066.8237499999998,2353.872,1176.936,time column: time,audio_duration,H1
694.1082001721535,1885.5209958351493,3149.06261866162,4.091492277556551,3.7708607665076825,3.8546448994926856,8025.641025641025,0.0065616098371795,1069.12875,0.057,0.3275862068965517,0-0-2180-6,e,f061152e-Audio_SP12.v0,group_0,1,fave,300.23014654409826,76.3867321129275,6,entonces,,0.1500000000000909,",",ya,z,s,z,s,internal,59.82910675401836,43.41742101793212,47.21184901276528,f061152e-Audio_SP12.csv,f061152e-Audio_SP12,1069.12875,2353.872,1176.936,time column: time,audio_duration,H1
612.1461495190032,2321.573811187048,2987.4176487046766,3.5297532188164733,3.855883148702688,4.186716394928348,9102.564102564102,0.0356949011399623,1071.23275,0.0849999999999999,0.3346456692913385,0-0-2187-4,e,f061152e-Audio_SP12.v0,group_0,1,fave,253.4217141503219,73.63320924908633,6,puedes,,0.2300000000000182,ahí,llevar,d,s,d,s,internal,34.11554750064536,47.27034525649771,65.80635373083004,f061152e-Audio_SP12.csv,f061152e-Audio_SP12,1071.23275,2353.872,1176.936,time column: time,audio_duration,H1
529.5701785170482,1868.058358917572,2942.6806303648355,3.5335242058095786,3.4199877263274945,4.181968752231851,7128.205128205128,0.0005423735199058,1071.55575,0.031,0.3297872340425531,0-0-2188-1,e,f061152e-Audio_SP12.v0,group_0,1,fave,248.8623470260716,75.10864205193656,6,llevar,,0.0699999999999363,puedes,como,L,b,L,b,internal,34.24443965911867,30.569039824364083,65.49466914513043,f061152e-Audio_SP12.csv,f061152e-Audio_SP12,1071.55575,2353.872,1176.936,time column: time,audio_duration,H1
622.7730806253259,1802.4578538159712,2946.692978228288,3.019922453808926,4.057516061417583,3.8822466686427934,6410.25641025641,0.0005543831065486,1075.24575,0.031,0.3297872340425531,0-0-2199-7,e,f061152e-Audio_SP12.v0,group_0,1,fave,318.42790758916533,77.24172670043316,6,miércoles,,0.0699999999999363,los,y,l,s,l,s,internal,20.489702724182344,57.8304851522154,48.533130539568695,f061152e-Audio_SP12.csv,f061152e-Audio_SP12,1075.24575,2353.872,1176.936,time column: time,audio_duration,H1
537.3230455160548,1935.3046655240576,3335.44462722915,3.2588652235280064,2.386728916667152,4.652587079552148,6589.74358974359,5.56797853102e-05,1076.1327499999998,0.025,0.3378378378378378,0-0-2204-6,e,f061152e-Audio_SP12.v0,group_0,1,fave,213.95851731886293,71.88220481535177,6,entonces,,0.0500000000001819,",",para,z,s,z,s,internal,26.019993506544512,10.877853318407864,104.85590554941754,f061152e-Audio_SP12.csv,f061152e-Audio_SP12,1076.1327499999998,2353.872,1176.936,time column: time,audio_duration,H1
638.7439364272551,2841.60269411901,3949.553001383587,3.685977417238284,3.3546260004301085,3.816042537642438,9282.05128205128,0.0087641570501594,1076.70375,0.067,0.3284313725490196,0-0-2208-2,e,f061152e-Audio_SP12.v0,group_0,1,fave,277.12103362244034,76.59983368555177,6,miércoles,,0.1799999999998363,el,voy,i,R,i,R,internal,39.88408679851644,28.63489275022193,45.42408802779193,f061152e-Audio_SP12.csv,f061152e-Audio_SP12,1076.70375,2353.872,1176.936,time column: time,audio_duration,H1
754.8449231909403,2411.386276235224,3520.0435575413685,3.553429808076983,4.413155660254873,4.743026075210705,8205.128205128205,0.012104823222591,1077.08775,0.035,0.3365384615384615,0-0-2208-7,e,f061152e-Audio_SP12.v0,group_0,1,fave,409.60469153738296,84.20519294017423,6,miércoles,,0.0800000000001546,el,voy,l,s,l,s,internal,34.93292548409226,82.52948803913553,114.78101265451652,f061152e-Audio_SP12.csv,f061152e-Audio_SP12,1077.08775,2353.872,1176.936,time column: time,audio_duration,H1
460.78139825915366,1556.440530584723,2452.8097779288,3.553398241933733,2.2471196557908213,3.858527470406361,6410.25641025641,9.25138392108e-05,1078.6027499999998,0.025,0.3378378378378378,0-0-2215-1,e,f061152e-Audio_SP12.v0,group_0,1,fave,215.8173736459345,76.87732181100411,6,me,,0.0500000000001819,porque,van,m,#,m,b,final,34.93182280376606,9.460447210568091,47.39550866963142,f061152e-Audio_SP12.csv,f061152e-Audio_SP12,1078.6027499999998,2353.872,1176.936,time column: time,audio_duration,H1
699.307681299284,2627.6980977491544,3006.463498754321,3.367495907444712,3.8321985986511136,3.988375636257009,8025.641025641025,0.0095700592783682,1082.9777500000002,0.155,0.334051724137931,0-0-2231-2,e,f061152e-Audio_SP12.v0,group_0,1,fave,188.3764537927831,74.80746837819035,6,pues,,0.4399999999998272,control,",",u,s,u,s,internal,29.005802826776964,46.16392267965593,53.96715583578482,f061152e-Audio_SP12.csv,f061152e-Audio_SP12,1082.9777500000002,2353.872,1176.936,time column: time,audio_duration,H1
647.1979474975611,1685.4702949462342,2400.8865436698625,2.845525414492989,3.163025783894001,4.434666632873642,7307.692307692308,0.000142950341796,1088.6237499999995,0.027,0.3214285714285714,0-0-2255-1,e,f061152e-Audio_SP12.v0,group_0,1,fave,291.864198009449,75.85539559841328,6,me,,0.0600000000001728,no,sucede,m,#,m,s,final,17.21059899190248,23.642023466252663,84.32400934947304,f061152e-Audio_SP12.csv,f061152e-Audio_SP12,1088.6237499999995,2353.872,1176.936,time column: time,audio_duration,H1
662.1232346836454,1911.8187725381213,3240.143068875177,2.847039027458453,4.038418096579161,3.521808792711844,7128.205128205128,3.75413476609e-05,1089.1337499999995,0.027,0.3214285714285714,0-0-2256-5,e,f061152e-Audio_SP12.v0,group_0,1,fave,329.7433143087616,80.99220051503157,6,sucede,,0.0600000000001728,me,con,d,#,d,k,final,17.236668902580195,56.73652008355796,33.84559279194813,f061152e-Audio_SP12.csv,f061152e-Audio_SP12,1089.1337499999995,2353.872,1176.936,time column: time,audio_duration,H1
468.99947099204473,2383.974584037598,2746.341740846135,3.0919069862109017,3.615637904740336,3.48381894749384,7666.666666666666,0.0013265893297773,1090.77775,0.035,0.3365384615384616,0-0-2260-4,e,f061152e-Audio_SP12.v0,group_0,1,fave,219.3939924058866,81.03106278421899,6,porque,,0.0799999999999272,",",Remotasks,k,#,k,r,final,22.019027946714264,37.17505250578839,32.583921053877226,f061152e-Audio_SP12.csv,f061152e-Audio_SP12,1090.77775,2353.872,1176.936,time column: time,audio_duration,H1
509.2842625020263,1858.8047684320045,2756.1563549337698,3.295798783366837,4.071836311277197,3.2953582319982444,7128.205128205128,3.06376193004e-05,1090.92375,0.027,0.3214285714285714,0-0-2261-1,e,f061152e-Audio_SP12.v0,group_0,1,fave,225.60694002308807,78.30096330890296,6,Remotasks,,0.0599999999999454,porque,[silence],r,m,r,m,internal,26.998971788366347,58.66459019130183,26.98707997406425,f061152e-Audio_SP12.csv,f061152e-Audio_SP12,1090.92375,2353.872,1176.936,time column: time,audio_duration,H1
562.8418426009797,2172.0722009727347,2851.787316366327,3.760200468821931,3.584553707884763,4.0499303031216325,8384.615384615383,0.0149895567695958,1092.29375,0.067,0.3284313725490196,0-0-2264-1,e,f061152e-Audio_SP12.v0,group_0,1,fave,246.8898802912443,72.2847645101175,6,sé,,0.1800000000000636,no,cuándo,s,#,s,k,final,42.95703666218071,36.03727097954096,57.39345676126918,f061152e-Audio_SP12.csv,f061152e-Audio_SP12,1092.29375,2353.872,1176.936,time column: time,audio_duration,H1
543.8898625452271,2106.546488295583,2779.1821620142423,3.361000599936782,3.371833337612977,3.4941153128198503,7487.179487179487,0.0004470523880588,1095.06875,0.037,0.324561403508772,0-0-2278-3,e,f061152e-Audio_SP12.v0,group_0,1,fave,191.5529875697473,82.09393582645227,6,acreditar,,0.0900000000001455,a,el,R,d,R,d,internal,28.818011758496805,29.131886713368186,32.92115014649273,f061152e-Audio_SP12.csv,f061152e-Audio_SP12,1095.06875,2353.872,1176.936,time column: time,audio_duration,H1
488.6630775204418,1789.9343916110304,2883.298843341993,3.3055760987059406,3.154118462511008,3.472854491198964,6769.2307692307695,6.77991833331e-05,1095.96375,0.027,0.3214285714285714,0-0-2282-6,e,f061152e-Audio_SP12.v0,group_0,1,fave,187.48490208284232,69.25248370379894,6,Entonces,,0.0599999999999454,.,ellos,z,s,z,s,internal,27.264243960973022,23.43237147010246,32.2286075449077,f061152e-Audio_SP12.csv,f061152e-Audio_SP12,1095.96375,2353.872,1176.936,time column: time,audio_duration,H1
726.6520307250238,1770.8413284554265,2264.4567204824352,4.525546208087855,2.8765099281809747,4.477586711325589,7666.666666666666,0.0005017975532175,1097.3137499999998,0.027,0.3214285714285714,0-0-2287-1,e,f061152e-Audio_SP12.v0,group_0,1,fave,261.9049289430315,79.09386294099775,6,revisando,,0.0599999999999454,van,[silence],r,b,r,b,internal,92.346352380263,17.7522084549836,88.02199367052968,f061152e-Audio_SP12.csv,f061152e-Audio_SP12,1097.3137499999998,2353.872,1176.936,time column: time,audio_duration,H1
503.9615763165568,2536.945780992297,3228.7360843178435,3.214617989721665,3.1808628542398183,3.873542809770176,7666.666666666666,0.0195147373095631,1098.79275,0.145,0.3341013824884792,0-0-2289-0,e,f061152e-Audio_SP12.v0,group_0,1,fave,226.19590393903772,80.90819872159251,6,en,,0.4100000000000818,[silence],mi,#,n,.,n,initial,24.893780414551305,24.067511349509648,48.11253806471554,f061152e-Audio_SP12.csv,f061152e-Audio_SP12,1098.79275,2353.872,1176.936,time column: time,audio_duration,H1
589.8428541068466,1715.6555271912823,3257.6227826142285,3.2636944216361523,3.524943140374954,4.268940053795357,7128.205128205128,0.0002876461126262,1099.96575,0.031,0.3297872340425531,0-0-2292-1,e,f061152e-Audio_SP12.v0,group_0,1,fave,259.81233871028587,75.29105203917872,6,se,,0.0699999999999363,Dashboard,va,s,#,s,b,final,26.14595310709912,33.95184307229634,71.4458666955801,f061152e-Audio_SP12.csv,f061152e-Audio_SP12,1099.96575,2353.872,1176.936,time column: time,audio_duration,H1
633.2945626362757,1817.71465431206,2614.7546282314265,3.613519325517717,3.0268100662895625,3.2558582131427016,7307.692307692308,0.0001579118464269,1101.04775,0.035,0.3365384615384616,0-0-2297-1,e,f061152e-Audio_SP12.v0,group_0,1,fave,206.6325153566196,78.43881381648363,6,me,,0.0799999999999272,que,van,m,#,m,b,final,37.096377580907344,20.63131498173557,25.94186863586132,f061152e-Audio_SP12.csv,f061152e-Audio_SP12,1101.04775,2353.872,1176.936,time column: time,audio_duration,H1
534.3645829026113,1923.5527151350525,2678.938816633724,4.087828258857429,3.8365581044227,3.7679154928134926,6230.769230769231,0.0001094475378172,1124.73375,0.027,0.3214285714285714,0-0-2335-4,e,f061152e-Audio_SP12.v0,group_0,1,fave,235.1541669619145,77.14232115698276,6,porque,,0.0599999999999454,",",también,k,#,k,t,final,59.61029290194124,46.36561388456968,43.28973296038087,f061152e-Audio_SP12.csv,f061152e-Audio_SP12,1124.73375,2353.872,1176.936,time column: time,audio_duration,H1
489.5980908103165,1831.450409468312,2702.9953236626548,3.26095168065756,3.9270228006590537,4.175837839188231,6589.74358974359,0.0001677270650626,1127.55575,0.031,0.3297872340425531,0-0-2343-8,e,f061152e-Audio_SP12.v0,group_0,1,fave,224.72647528073307,74.48147654998192,6,comisiones,,0.0699999999999363,las,son,n,s,n,s,internal,26.07433978338008,50.75564283759797,65.09435542201267,f061152e-Audio_SP12.csv,f061152e-Audio_SP12,1127.55575,2353.872,1176.936,time column: time,audio_duration,H1
1169.502756053613,2352.46416695858,2890.642150917919,4.310117262751129,3.7857357797681774,4.370694306341673,6769.2307692307695,0.000240206970489,1130.63575,0.031,0.3297872340425531,0-0-2353-0,e,f061152e-Audio_SP12.v0,group_0,1,fave,247.499296249192,69.3615781198494,6,ejemplo,,0.0700000000001637,un,",",#,x,n,x,initial,74.44921854869294,44.06808303698577,79.09853125067018,f061152e-Audio_SP12.csv,f061152e-Audio_SP12,1130.63575,2353.872,1176.936,time column: time,audio_duration,H1
637.5955041882839,1998.14337361188,3099.8977685969026,3.698180752498933,3.97247553921138,4.328497500910453,7128.205128205128,0.0036869545518022,1134.52575,0.031,0.3297872340425531,0-0-2361-5,e,f061152e-Audio_SP12.v0,group_0,1,fave,374.21278794689897,80.20183485688834,6,dólares,,0.0699999999999363,diez,[silence],R,s,R,s,internal,40.37378759555681,53.1158586098207,75.83026602709133,f061152e-Audio_SP12.csv,f061152e-Audio_SP12,1134.52575,2353.872,1176.936,time column: time,audio_duration,H1
496.73416838339375,2358.4154465043343,2967.8861192805425,2.49787003750711,3.882259675107397,4.129017128176925,7307.692307692308,0.000161762598487,1135.05875,0.037,0.324561403508772,0-0-2363-0,e,f061152e-Audio_SP12.v0,group_0,1,fave,216.91046682000564,78.45049986342184,6,entonces,,0.0900000000001455,[silence],[silence],#,n,.,n,initial,12.156573320292852,48.53376178811831,62.11684002954148,f061152e-Audio_SP12.csv,f061152e-Audio_SP12,1135.05875,2353.872,1176.936,time column: time,audio_duration,H1
564.3947324613085,1923.845808386424,2877.711915612117,3.5905121284372705,3.33655642995466,4.047145527506777,7128.205128205128,0.0035919783256906,1135.5007500000002,0.041,0.3306451612903226,0-0-2363-6,e,f061152e-Audio_SP12.v0,group_0,1,fave,251.98399423249305,65.58892929861682,6,entonces,,0.099999999999909,[silence],[silence],z,s,z,s,internal,36.25263717962374,28.12211928775989,57.23385119841262,f061152e-Audio_SP12.csv,f061152e-Audio_SP12,1135.5007500000002,2353.872,1176.936,time column: time,audio_duration,H1
617.2651770261119,1966.0285309840008,2777.632507361967,3.819644535986303,4.115609059778256,4.19321319797988,5871.794871794871,0.005321820803033,1137.2937499999998,0.047,0.3263888888888889,0-0-2368-1,e,f061152e-Audio_SP12.v0,group_0,1,fave,229.045109501153,77.52535686158353,6,depositaría,,0.1200000000001182,me,[silence],d,p,d,p,internal,45.58800054672842,61.28953188596661,66.23527645511142,f061152e-Audio_SP12.csv,f061152e-Audio_SP12,1137.2937499999998,2353.872,1176.936,time column: time,audio_duration,H1
512.0792127016564,2417.8733382661303,3198.363662789875,3.698592507387802,3.413349336531488,3.9740301449326,7666.666666666666,0.0031527931218302,1138.15775,0.075,0.3348214285714286,0-0-2370-0,e,f061152e-Audio_SP12.v0,group_0,1,fave,209.4726468926665,81.99622499638355,6,en,,0.2000000000000454,[silence],Airtm,#,n,.,n,initial,40.39041512297936,30.36678269590791,53.19849704595247,f061152e-Audio_SP12.csv,f061152e-Audio_SP12,1138.15775,2353.872,1176.936,time column: time,audio_duration,H1
614.2609572920653,1943.847437519733,2888.5766743151853,3.4239140195558395,3.7921199073184377,4.210189495358304,7846.153846153846,0.0009913942459374,1141.48775,0.035,0.3365384615384615,0-0-2385-1,e,f061152e-Audio_SP12.v0,group_0,1,fave,204.2512647664296,79.74141802531317,6,depositaría,,0.0799999999999272,me,en,d,p,d,p,internal,30.6892987698748,44.350319257411456,67.36930477117427,f061152e-Audio_SP12.csv,f061152e-Audio_SP12,1141.48775,2353.872,1176.936,time column: time,audio_duration,H1
727.5706395043849,2085.579516732374,3143.2918862921124,2.470685763444961,4.220199522809814,4.178981420721091,7666.666666666666,4.19715422233e-05,1145.22375,0.027,0.3214285714285714,0-0-2395-5,e,f061152e-Audio_SP12.v0,group_0,1,fave,291.50716645258643,79.00404222960786,6,dólares,,0.0599999999999454,diez,de,R,s,R,s,internal,11.830557034042693,68.04705987564105,65.2993068075268,f061152e-Audio_SP12.csv,f061152e-Audio_SP12,1145.22375,2353.872,1176.936,time column: time,audio_duration,H1
496.6841868923863,2332.957282860144,3186.9198313618435,3.434288804611194,4.016879938830153,4.465385474811889,7666.666666666666,0.0025792842778233,1145.35575,0.051,0.3311688311688312,0-0-2396-1,e,f061152e-Audio_SP12.v0,group_0,1,fave,209.8489557979068,74.87993918173139,6,de,,0.1300000000001091,dólares,Paypal,d,#,d,p,final,31.009351013970097,55.52758580669126,86.95454186592725,f061152e-Audio_SP12.csv,f061152e-Audio_SP12,1145.35575,2353.872,1176.936,time column: time,audio_duration,H1
492.4642504542005,2139.031563619238,2864.429749186093,2.813141873119728,4.230124242784036,3.894608817018556,7307.692307692308,0.0001334979472516,1148.20775,0.035,0.3365384615384616,0-0-2407-0,e,f061152e-Audio_SP12.v0,group_0,1,fave,430.1121095105077,79.99150651373077,6,entonces,,0.0799999999999272,[silence],a,#,n,.,n,initial,16.662186541581747,68.72577032447384,49.13682811171413,f061152e-Audio_SP12.csv,f061152e-Audio_SP12,1148.20775,2353.872,1176.936,time column: time,audio_duration,H1
478.1313956026271,2434.8374237599464,2904.2061923164765,3.489266233234031,3.747616280140973,4.361681027742237,7666.666666666666,0.0048859524611147,1153.3227499999998,0.065,0.3350515463917525,0-0-2421-0,e,f061152e-Audio_SP12.v0,group_0,1,fave,218.7523294870421,79.32464277584747,6,entonces,,0.1700000000000727,",",no,#,n,.,n,initial,32.76189929145702,42.41984436149372,78.38879747069019,f061152e-Audio_SP12.csv,f061152e-Audio_SP12,1153.3227499999998,2353.872,1176.936,time column: time,audio_duration,H1
524.606715507744,1716.920508638622,2828.3983168231366,3.893220097647774,3.138565100666083,4.597836096283865,6948.717948717948,0.0005609152990131,1153.7737499999998,0.027,0.3214285714285714,0-0-2421-6,e,f061152e-Audio_SP12.v0,group_0,1,fave,248.48967560549497,70.10208120190728,6,entonces,,0.0599999999999454,",",no,z,s,z,s,internal,49.06863820597702,23.070738908876304,99.26927391033088,f061152e-Audio_SP12.csv,f061152e-Audio_SP12,1153.7737499999998,2353.872,1176.936,time column: time,audio_duration,H1
674.2778845031302,2279.5651014942773,3190.193036373608,2.814069604943509,3.7831724943654814,4.006109423069305,7128.205128205128,0.0033073172832608,1163.98775,0.055,0.3353658536585365,0-0-2443-3,e,f061152e-Audio_SP12.v0,group_0,1,fave,335.667887001028,82.45215291446313,6,antes,,0.1399999999998726,[silence],por,t,s,t,s,internal,16.67765175496623,43.95526861256592,54.93273424806167,f061152e-Audio_SP12.csv,f061152e-Audio_SP12,1163.98775,2353.872,1176.936,time column: time,audio_duration,H1
682.9633977601977,1716.8692378332114,2643.598612180711,3.3608438003466934,3.825249103156782,4.151549344893117,6948.717948717948,0.0002787615491744,1167.14775,0.035,0.3365384615384616,0-0-2450-1,e,f061152e-Audio_SP12.v0,group_0,1,fave,327.81756085436865,78.29714688661761,6,me,,0.0799999999999272,[silence],me,m,#,m,m,final,28.81349346030882,45.8442188837242,63.532357617565175,f061152e-Audio_SP12.csv,f061152e-Audio_SP12,1167.14775,2353.872,1176.936,time column: time,audio_duration,H1
656.1427966818404,1788.1715137581891,2622.118462305418,3.691334166572187,3.194356927299587,4.119213326532897,6769.2307692307695,0.0020489836989691,1167.26075,0.041,0.3306451612903226,0-0-2451-1,e,f061152e-Audio_SP12.v0,group_0,1,fave,332.1260877625655,73.45843663785729,6,me,,0.099999999999909,me,quitaban,m,#,m,k,final,40.09830910926328,24.394481222221604,61.51083428501708,f061152e-Audio_SP12.csv,f061152e-Audio_SP12,1167.26075,2353.872,1176.936,time column: time,audio_duration,H1
1013.829409594456,1843.487428783824,3035.8118214230144,4.241394697230091,2.549327556800924,4.4597329735648366,8205.128205128205,0.0001105284579637,1169.95375,0.027,0.3214285714285714,0-0-2462-1,e,f061152e-Audio_SP12.v0,group_0,1,fave,226.147713883938,78.77576515169004,6,retirar,,0.0599999999999454,a,diez,r,t,r,t,internal,69.50472231425066,12.798494627732769,86.4644177282293,f061152e-Audio_SP12.csv,f061152e-Audio_SP12,1169.95375,2353.872,1176.936,time column: time,audio_duration,H1
456.00344476300353,2556.660034567629,3037.065059092294,2.106653506925614,3.07137699219243,3.850869983871519,6589.74358974359,2.61927676332e-05,61.55275,0.025,0.3378378378378378,0-0-8-4,i,f061152e-Audio_SP12.v0,group_0,1,fave,445.5419592104205,70.01061474853482,6,cambié,,0.0500000000000042,me,[silence],b,e,b,e,internal,8.220684736907023,21.571586139054848,47.03396422768776,f061152e-Audio_SP12.csv,f061152e-Audio_SP12,61.55275,2353.872,1176.936,time column: time,audio_duration,H1
653.3184929268056,2693.384335472382,3224.6526774630524,3.442611370936736,2.869560262710916,3.5147725905903133,7307.692307692308,0.0110274287307954,63.22375,0.067,0.3284313725490196,0-0-12-0,i,f061152e-Audio_SP12.v0,group_0,1,fave,279.64376586828644,70.91237543350171,6,y,,0.1799999999999997,cargo,soy,#,#,o,s,coextensive,31.26850531305635,17.629264250241935,33.608284214756154,f061152e-Audio_SP12.csv,f061152e-Audio_SP12,63.22375,2353.872,1176.936,time column: time,audio_duration,H1
538.0088036377562,2420.0264178939983,3033.41439372421,2.9614704435728743,2.6699981853484323,4.2026268046898325,7307.692307692308,0.0010598523371744,63.73875,0.037,0.324561403508772,0-0-14-3,i,f061152e-Audio_SP12.v0,group_0,1,fave,440.410278755221,73.6197539383097,6,auditora,,0.0900000000000034,soy,.,d,t,d,t,internal,19.326369207348662,14.439942989313922,66.86173328090668,f061152e-Audio_SP12.csv,f061152e-Audio_SP12,63.73875,2353.872,1176.936,time column: time,audio_duration,H1
451.648976332432,2161.1542660991727,2568.4139388963085,2.2576253435105027,4.1239507468940815,3.4997603843783005,7128.205128205128,1.08270096987e-05,74.64375,0.027,0.3214285714285714,0-0-20-3,i,f061152e-Audio_SP12.v0,group_0,1,fave,222.9896525053483,83.68165795290876,6,auditora,,0.0600000000000022,de,",",d,t,d,t,internal,9.560359619998934,61.80292830357549,33.10751792967998,f061152e-Audio_SP12.csv,f061152e-Audio_SP12,74.64375,2353.872,1176.936,time column: time,audio_duration,H1
559.1925683757158,2545.8979827022536,2767.926454493525,3.327686863657088,3.50143390185519,4.402504101806279,6948.717948717948,0.0003847750977032,80.11574999999999,0.031,0.3297872340425531,0-0-35-5,i,f061152e-Audio_SP12.v0,group_0,1,fave,424.3036999942494,80.86503025744427,6,comunicaciones,,0.0700000000000073,las,y,n,k,n,k,internal,27.873791195526717,33.162970326887724,81.65508551549499,f061152e-Audio_SP12.csv,f061152e-Audio_SP12,80.11574999999999,2353.872,1176.936,time column: time,audio_duration,H1
601.3327661797817,2518.953733194686,4071.931400168513,4.494161615554453,3.134822657239764,3.9003066712360384,8384.615384615383,6.62056087521e-05,80.47274999999999,0.025,0.3378378378378378,0-0-35-9,i,f061152e-Audio_SP12.v0,group_0,1,fave,273.9582405920767,70.53465347002158,6,comunicaciones,,0.0500000000000113,las,y,z,ó,z,ó,internal,89.49310789487403,22.98455933538068,49.417601738980345,f061152e-Audio_SP12.csv,f061152e-Audio_SP12,80.47274999999999,2353.872,1176.936,time column: time,audio_duration,H1
419.45584702973616,2632.666073010753,2963.464832735332,2.5649621748704736,3.9926803662369736,4.50892057977361,8384.615384615383,0.000474614790412,81.94075,0.041,0.3306451612903226,0-0-41-7,i,f061152e-Audio_SP12.v0,group_0,1,fave,398.8343283854174,81.62616122564766,6,Universidad,,0.0999999999999943,la,de,s,d,s,d,internal,13.000166627384043,54.19997061230039,90.82372861024444,f061152e-Audio_SP12.csv,f061152e-Audio_SP12,81.94075,2353.872,1176.936,time column: time,audio_duration,H1
821.8020163863024,2544.736714857001,3274.36823293735,4.382423992478849,2.638134763634451,3.747700323423921,6230.769230769231,0.049935018464208,83.51375,0.087,0.3295454545454546,0-0-45-0,i,f061152e-Audio_SP12.v0,group_0,1,fave,278.8563353311365,70.6884129773944,6,y,,0.2399999999999948,[silence],empecé,#,#,.,e,coextensive,80.03179494096298,13.987090032332857,42.42340961429168,f061152e-Audio_SP12.csv,f061152e-Audio_SP12,83.51375,2353.872,1176.936,time column: time,audio_duration,H1
407.85785137750366,2548.5089201050696,3918.500948171875,4.000839840902945,4.036042334761836,4.554604167935923,8564.102564102563,0.0003596220331303,91.65375,0.027,0.3214285714285714,0-0-69-4,i,f061152e-Audio_SP12.v0,group_0,1,fave,315.6362330984912,69.59055856126788,6,gestión,,0.0600000000000022,de,[silence],t,o,t,o,internal,54.64402305309012,56.60188761615816,95.0691163821694,f061152e-Audio_SP12.csv,f061152e-Audio_SP12,91.65375,2353.872,1176.936,time column: time,audio_duration,H1
593.8038091502489,2716.118078505863,3341.450446601048,3.268102298065842,2.903571630577819,3.620092742750121,7307.692307692308,0.0112204856774487,93.13575,0.1709999999999999,0.3326848249027236,0-0-71-0,i,f061152e-Audio_SP12.v0,group_0,1,fave,334.2845024465753,74.8422889123725,6,y,,0.4900000000000091,[silence],estuve,#,#,.,e,coextensive,26.261455610901997,18.23917276055248,37.34103077135554,f061152e-Audio_SP12.csv,f061152e-Audio_SP12,93.13575,2353.872,1176.936,time column: time,audio_duration,H1
550.7430999756534,2456.25888195008,3144.674848473511,3.642040855204327,2.7872575610946257,4.125134786775062,6769.2307692307695,0.0004410332260414,95.02775,0.035,0.3365384615384616,0-0-76-4,i,f061152e-Audio_SP12.v0,group_0,1,fave,277.5394905409762,73.83938908304715,6,gestión,,0.0799999999999983,de,más,t,o,t,o,internal,38.16965603057904,16.23643126827511,61.87614877487308,f061152e-Audio_SP12.csv,f061152e-Audio_SP12,95.02775,2353.872,1176.936,time column: time,audio_duration,H1
829.514245628035,2307.4977429749665,3846.87969991456,3.3823379101633595,3.466804802772928,3.716831355523405,8564.102564102563,0.0009452051647003,96.51875,0.037,0.324561403508772,0-0-82-0,i,f061152e-Audio_SP12.v0,group_0,1,fave,276.1208007795834,73.77459165316588,6,y,,0.0900000000000034,años,medio,#,#,s,m,coextensive,29.43951766790222,32.03422308641206,41.133848849122415,f061152e-Audio_SP12.csv,f061152e-Audio_SP12,96.51875,2353.872,1176.936,time column: time,audio_duration,H1
451.85481720189296,2451.707680065926,2768.571505318961,2.8797765521233427,3.315046204672844,3.335249351312898,6769.2307692307695,0.0013385027858643,96.82075,0.041,0.3306451612903226,0-0-83-3,i,f061152e-Audio_SP12.v0,group_0,1,fave,394.5648187173437,72.29435562411656,6,medio,,0.1000000000000085,y,.,d,o,d,o,internal,17.810293062786908,27.52366567715724,28.08538547849638,f061152e-Audio_SP12.csv,f061152e-Audio_SP12,96.82075,2353.872,1176.936,time column: time,audio_duration,H1
414.13744023650895,2523.292556224797,3304.5522741886502,3.306207676909807,3.7631461673787743,4.125580615077773,7666.666666666666,0.0001957679723214,101.74375,0.027,0.3214285714285714,0-0-96-6,i,f061152e-Audio_SP12.v0,group_0,1,fave,410.1344450894734,80.41427648220905,6,pandemia,,0.0600000000000022,la,fue,m,a,m,a,internal,27.281468902079784,43.08376169832659,61.903741063514246,f061152e-Audio_SP12.csv,f061152e-Audio_SP12,101.74375,2353.872,1176.936,time column: time,audio_duration,H1
446.8139018546361,1779.74175998885,3688.24013436724,2.494730233836799,4.25488468062296,4.031171081283429,7307.692307692308,0.0001714021061153,103.48375,0.027,0.3214285714285714,0-0-101-6,i,f061152e-Audio_SP12.v0,group_0,1,fave,443.2085484004909,82.28888746202641,6,gerencia,,0.0600000000000022,de,a,z,a,z,a,internal,12.118463926079327,70.44869262063523,56.32683594133152,f061152e-Audio_SP12.csv,f061152e-Audio_SP12,103.48375,2353.872,1176.936,time column: time,audio_duration,H1
419.1155744558189,2418.799811747462,2775.450480268675,1.986718809186666,3.33227046167783,4.109896382314424,7487.179487179487,0.0002106281590724,104.06875,0.037,0.324561403508772,0-0-103-3,i,f061152e-Audio_SP12.v0,group_0,1,fave,405.20937246630086,83.8501508957451,6,auditor,,0.0900000000000034,a,.,d,t,d,t,internal,7.291569437395835,28.00184670296928,60.94040273897389,f061152e-Audio_SP12.csv,f061152e-Audio_SP12,104.06875,2353.872,1176.936,time column: time,audio_duration,H1
391.84584611348856,1871.8841900181808,2667.0289342981628,3.625524325068238,4.338702090935063,4.121731326699144,6589.74358974359,0.0001716106591371,111.14275,0.025,0.3378378378378378,0-0-109-4,i,f061152e-Audio_SP12.v0,group_0,1,fave,352.31728904745466,84.68150869744638,6,cambio,,0.0500000000000113,un,de,b,o,b,o,internal,37.54440347162187,76.60804450922681,61.66591373908046,f061152e-Audio_SP12.csv,f061152e-Audio_SP12,111.14275,2353.872,1176.936,time column: time,audio_duration,H1
452.9623395437497,2666.624605492796,3343.522071165919,3.386079056401304,3.403016881273244,4.229347914011764,7666.666666666666,0.003674615021838,115.20375,0.067,0.3284313725490196,0-0-125-0,i,f061152e-Audio_SP12.v0,group_0,1,fave,308.70438419684103,69.85583171575122,6,y,,0.1799999999999926,operacional,ahora,#,#,l,a,coextensive,29.549861486153407,30.05463467714686,68.67243723625839,f061152e-Audio_SP12.csv,f061152e-Audio_SP12,115.20375,2353.872,1176.936,time column: time,audio_duration,H1
464.0002863058227,1826.13844964854,2681.942115003764,3.459423828353572,3.235365384029166,3.2042708668703126,7307.692307692308,0.0002972836094889,130.57375000000002,0.027,0.3214285714285714,0-0-153-2,i,f061152e-Audio_SP12.v0,group_0,1,fave,232.2214970880284,78.60533366931993,6,había,,0.0600000000000022,ya,pasado,b,a,b,a,internal,31.79864975511149,25.41565655748701,24.637529426837517,f061152e-Audio_SP12.csv,f061152e-Audio_SP12,130.57375000000002,2353.872,1176.936,time column: time,audio_duration,H1
441.6448873936702,2444.7319994845566,2806.9535416520325,4.538926986621933,3.9222563413008737,3.97954457238494,6051.282051282051,0.0009653103827064,132.55575,0.031,0.3297872340425531,0-0-161-4,i,f061152e-Audio_SP12.v0,group_0,1,fave,232.61132552976497,67.90186015502779,6,gestión,,0.0700000000000216,de,con,t,o,t,o,internal,93.59032255407034,50.51429377599754,53.49266664148482,f061152e-Audio_SP12.csv,f061152e-Audio_SP12,132.55575,2353.872,1176.936,time column: time,audio_duration,H1
441.3041330723341,1955.519704350152,2888.0182757093453,2.9236165905883533,3.9221047752295273,3.707853957130443,6589.74358974359,0.0004763979465637,136.61874999999998,0.037,0.3245614035087719,0-0-174-5,i,f061152e-Audio_SP12.v0,group_0,1,fave,273.1150933580513,70.3404517427578,6,conocimiento,,0.0900000000000034,más,[silence],z,m,z,m,internal,18.60846510927516,50.506638103127855,40.76622651564067,f061152e-Audio_SP12.csv,f061152e-Audio_SP12,136.61874999999998,2353.872,1176.936,time column: time,audio_duration,H1
708.0439361247705,2580.540399636355,3105.0139836467524,3.805490492965312,2.8520850021448614,3.7550741659859375,7307.692307692308,9.2449670141e-05,136.77375,0.027,0.3214285714285714,0-0-174-7,i,f061152e-Audio_SP12.v0,group_0,1,fave,259.2510424614729,75.74241043334469,6,conocimiento,,0.0600000000000022,más,[silence],m,é,m,é,internal,44.94729103717598,17.323864505930807,42.73738935363261,f061152e-Audio_SP12.csv,f061152e-Audio_SP12,136.77375,2353.872,1176.936,time column: time,audio_duration,H1
536.2241037715341,2435.3086640638,2821.8297311569727,2.6532080734087846,3.1397549794433424,4.816039720537432,6769.2307692307695,0.0016155209789875,138.51775,0.035,0.3365384615384616,0-0-180-7,i,f061152e-Audio_SP12.v0,group_0,1,fave,219.55864515408524,80.3017888460525,6,oportunidad,,0.0800000000000125,la,de,n,d,n,d,internal,14.199518753137353,23.098206629868045,123.4751252173876,f061152e-Audio_SP12.csv,f061152e-Audio_SP12,138.51775,2353.872,1176.936,time column: time,audio_duration,H1
432.3005295838833,2616.269996471051,3160.6327709958405,2.1137058301369125,3.3092347048093536,4.243805012524641,7128.205128205128,0.0003704399900536,140.22575,0.051,0.3311688311688311,0-0-187-7,i,f061152e-Audio_SP12.v0,group_0,1,fave,399.8795856661644,83.5852085547908,6,auditoría,,0.1300000000000238,de,[silence],R,a,R,a,internal,8.278864573062098,27.364175784454325,69.67245266980468,f061152e-Audio_SP12.csv,f061152e-Audio_SP12,140.22575,2353.872,1176.936,time column: time,audio_duration,H1
473.77058199637503,2313.262976786559,4188.315379932547,2.5472852348207966,3.6011157719500577,4.733435792598781,8564.102564102563,0.0011233292704023,143.29375000000002,0.027,0.3214285714285714,0-0-197-5,i,f061152e-Audio_SP12.v0,group_0,1,fave,420.48945145869175,73.01898965643939,6,conocimiento,,0.0600000000000022,más,",",z,m,z,m,internal,12.772382654446758,36.63909251699911,113.68549187816552,f061152e-Audio_SP12.csv,f061152e-Audio_SP12,143.29375000000002,2353.872,1176.936,time column: time,audio_duration,H1
596.5597509236313,2767.4631651286654,3533.0398196045844,3.3800033820298343,3.2161480599257737,3.808251893216996,7128.205128205128,0.0002016885167612,143.43075000000002,0.041,0.3306451612903226,0-0-197-7,i,f061152e-Audio_SP12.v0,group_0,1,fave,213.84007441164465,78.74428521765985,6,conocimiento,,0.0999999999999943,más,",",m,é,m,é,internal,29.37087044628157,24.93189880069804,45.071580024800696,f061152e-Audio_SP12.csv,f061152e-Audio_SP12,143.43075000000002,2353.872,1176.936,time column: time,audio_duration,H1
301.40194002380514,1481.4059977124753,2497.757320265934,3.769345734334416,4.5329407749049375,3.34464932917723,4794.871794871795,0.0009467675894034,144.49274999999997,0.025,0.3378378378378378,0-0-200-6,i,f061152e-Audio_SP12.v0,group_0,1,fave,240.183526003915,71.35988583846822,6,crecimiento,,0.0500000000000113,más,profesional,m,é,m,é,internal,43.35169203154667,93.03174461952796,28.35063218379685,f061152e-Audio_SP12.csv,f061152e-Audio_SP12,144.49274999999997,2353.872,1176.936,time column: time,audio_duration,H1
623.2450198534568,1862.137460730792,2536.833132925498,4.201237024602047,3.7100946214065815,3.1380215425036324,6769.2307692307695,0.0033754375305444,156.01775,0.035,0.3365384615384616,0-0-209-1,i,f061152e-Audio_SP12.v0,group_0,1,fave,274.27995905289305,70.45298480385263,6,situación,,0.0800000000000125,la,económica,s,t,s,t,internal,66.76887471679603,40.8576723545202,23.05820202799926,f061152e-Audio_SP12.csv,f061152e-Audio_SP12,156.01775,2353.872,1176.936,time column: time,audio_duration,H1
736.8802280460405,2482.860724348257,4018.1806100248127,3.438230966129702,3.7977128108218,4.309947342176094,9820.51282051282,0.0017389063607975,160.31875,0.037,0.324561403508772,0-0-218-0,i,f061152e-Audio_SP12.v0,group_0,1,fave,286.8122983951825,71.13877870941046,6,ingresos,,0.0899999999999749,nuevos,claro,#,n,s,n,initial,31.131836153728823,44.59906125997129,74.43656916939156,f061152e-Audio_SP12.csv,f061152e-Audio_SP12,160.31875,2353.872,1176.936,time column: time,audio_duration,H1
470.5561545532922,2411.643823070924,3044.1900279143388,3.01490986519433,2.8615396116807474,3.958409341777723,7307.692307692308,0.0008430963097269,167.24874999999997,0.037,0.324561403508772,0-0-236-1,i,f061152e-Audio_SP12.v0,group_0,1,fave,290.9616349277237,73.90866117635959,6,tiene,,0.0900000000000034,eso,ya,t,é,t,é,internal,20.38725325662038,17.488431613478063,52.37395060068085,f061152e-Audio_SP12.csv,f061152e-Audio_SP12,167.24874999999997,2353.872,1176.936,time column: time,audio_duration,H1
474.1747404138578,2579.889370198319,2852.955593140003,2.7258529812439174,3.0871289438053107,4.682464048994364,6769.2307692307695,9.2659294971e-05,196.32575,0.031,0.3297872340425531,0-0-268-1,i,f061152e-Audio_SP12.v0,group_0,1,fave,201.7480855061177,78.84078042270602,6,Microworkers,,0.0699999999999931,con,[silence],m,k,m,k,internal,15.269432913474548,21.91407104140485,108.03595074424064,f061152e-Audio_SP12.csv,f061152e-Audio_SP12,196.32575,2353.872,1176.936,time column: time,audio_duration,H1
455.3342208146784,2684.537879618105,3087.407411355865,2.5343341376465105,2.7629919740359017,4.015380184906213,7487.179487179487,0.0019652924057947,197.51375,0.047,0.3263888888888889,0-0-270-0,i,f061152e-Audio_SP12.v0,group_0,1,fave,229.74755042921595,69.20624719830697,6,y,,0.1200000000000045,[silence],con,#,#,.,k,coextensive,12.60803283796945,15.847186458091116,55.44437050882331,f061152e-Audio_SP12.csv,f061152e-Audio_SP12,197.51375,2353.872,1176.936,time column: time,audio_duration,H1
425.7723396229115,2551.184085576664,3929.831320172297,3.922981511709256,3.61221770929098,4.118800708707075,9461.53846153846,0.1460672949314652,213.48275,0.065,0.3350515463917525,0-0-305-2,i,f061152e-Audio_SP12.v0,group_0,1,fave,216.4674239518742,70.47935702091716,6,aquí,,0.1700000000000159,Entonces,para,k,#,k,p,final,50.55093853228478,37.04812374469564,61.48545905380626,f061152e-Audio_SP12.csv,f061152e-Audio_SP12,213.48275,2353.872,1176.936,time column: time,audio_duration,H1
553.6638695067986,1861.3172470340924,2773.263512802512,3.988759122632746,4.127115860083111,3.1719636286573523,6769.2307692307695,1.26373534452e-05,215.50375000000005,0.027,0.3214285714285714,0-0-311-0,i,f061152e-Audio_SP12.v0,group_0,1,fave,246.87812424978105,72.28674602492067,6,imposible,,0.0600000000000022,casi,conseguir,#,m,i,m,initial,53.98785547354599,61.99885146299556,23.854279343923498,f061152e-Audio_SP12.csv,f061152e-Audio_SP12,215.50375000000005,2353.872,1176.936,time column: time,audio_duration,H1
487.5397844307482,2545.790499208314,3260.629951578377,3.8413790187610575,3.589530530731268,3.860648770147213,6230.769230769231,0.0353095314059009,223.44075,0.081,0.3319672131147542,0-0-321-0,i,f061152e-Audio_SP12.v0,group_0,1,fave,268.2770064095003,79.94066060370348,6,y,,0.2199999999999988,Este,por,#,#,é,p,coextensive,46.58967820082963,36.21706913374373,47.49615546315655,f061152e-Audio_SP12.csv,f061152e-Audio_SP12,223.44075,2353.872,1176.936,time column: time,audio_duration,H1
551.8712131460984,1975.7262753719376,2594.417612531729,4.2143784524238095,3.812108615149582,3.834598412388043,8205.128205128205,0.002046409545579,228.93875,0.037,0.3245614035087719,0-0-335-2,i,f061152e-Audio_SP12.v0,group_0,1,fave,256.63199777663675,74.2054038817515,6,habilitaron,,0.0900000000000034,no,la,b,l,b,l,internal,67.652103799356,45.24574421155725,46.27484053331526,f061152e-Audio_SP12.csv,f061152e-Audio_SP12,228.93875,2353.872,1176.936,time column: time,audio_duration,H1
475.98982527673,2459.079918129631,2801.7903245667303,3.602373550714489,3.782853848436948,3.633043560259712,7487.179487179487,0.0126935259793312,229.06575,0.031,0.3297872340425531,0-0-335-4,i,f061152e-Audio_SP12.v0,group_0,1,fave,228.42250942377544,68.59391047669385,6,habilitaron,,0.0699999999999931,no,la,l,t,l,t,internal,36.685205383327805,43.94126467645201,37.82777269625758,f061152e-Audio_SP12.csv,f061152e-Audio_SP12,229.06575,2353.872,1176.936,time column: time,audio_duration,H1
473.2647688066336,2527.062543136431,3271.083692718051,2.9387364212391964,3.3666435288072885,4.783504760300578,8564.102564102563,0.0004292090283697,230.17775,0.035,0.3365384615384615,0-0-339-1,i,f061152e-Audio_SP12.v0,group_0,1,fave,222.66914970845008,84.9724253379252,6,Airtm,,0.0800000000000125,de,[silence],a,R,a,R,internal,18.8919597450699,28.981089434166343,119.52251459770088,f061152e-Audio_SP12.csv,f061152e-Audio_SP12,230.17775,2353.872,1176.936,time column: time,audio_duration,H1
520.4756489936353,2407.970010001109,3100.283125162121,2.804744001016012,3.245426717777837,3.0824431275617723,7128.205128205128,0.0001687673570677,237.09775,0.035,0.3365384615384615,0-0-361-1,i,f061152e-Audio_SP12.v0,group_0,1,fave,243.39872643926432,62.52123311083138,6,sin,,0.079999999999984,paguen,embargo,s,n,s,n,internal,16.52284553293113,25.67266270479854,21.811625938268936,f061152e-Audio_SP12.csv,f061152e-Audio_SP12,237.09775,2353.872,1176.936,time column: time,audio_duration,H1
506.7422229480373,2182.6450598857746,2878.306695485916,3.536613485599736,3.8995397371029688,3.6912394175960968,7307.692307692308,3.97330137869e-05,238.08375,0.027,0.3214285714285714,0-0-363-5,i,f061152e-Audio_SP12.v0,group_0,1,fave,245.5819722393232,72.72912022338214,6,anteriormente,,0.0600000000000022,embargo,ellos,R,o,R,o,internal,34.35039389135118,49.379716223136896,40.09451001551519,f061152e-Audio_SP12.csv,f061152e-Audio_SP12,238.08375,2353.872,1176.936,time column: time,audio_duration,H1
733.3071344588761,2570.439205405096,3221.2338151975964,4.767666338434348,2.487932611029475,3.6948186665083615,8564.102564102563,0.0062914362623436,241.17375,0.047,0.3263888888888889,0-0-372-3,i,f061152e-Audio_SP12.v0,group_0,1,fave,320.34941052798723,79.24913882488676,6,Skrill,,0.1200000000000045,por,y,R,L,R,L,internal,117.6443792009267,12.036366529002324,40.23827537940543,f061152e-Audio_SP12.csv,f061152e-Audio_SP12,241.17375,2353.872,1176.936,time column: time,audio_duration,H1
400.8742171947241,2576.543388547919,3140.850141112949,2.2101541785703005,4.486294199641191,4.0661693277213,7307.692307692308,0.0001771937612254,241.35375,0.027,0.3214285714285714,0-0-373-0,i,f061152e-Audio_SP12.v0,group_0,1,fave,410.06431659315336,82.09299324280781,6,y,,0.0600000000000022,Skrill,[silence],#,#,L,.,coextensive,9.11712194951161,88.79179078778243,58.33307914439774,f061152e-Audio_SP12.csv,f061152e-Audio_SP12,241.35375,2353.872,1176.936,time column: time,audio_duration,H1
433.5331406254738,1867.14479454162,2480.3572831508964,3.0683375426912614,3.870065464538164,3.192766109722835,5153.846153846154,0.0124751461977476,244.47775,0.075,0.3348214285714286,0-0-382-3,i,f061152e-Audio_SP12.v0,group_0,1,fave,278.6409856136293,75.06071448368922,6,Skrill,,0.1999999999999886,de,para,R,L,R,L,internal,21.506119933337683,47.94552470971583,24.355704903919516,f061152e-Audio_SP12.csv,f061152e-Audio_SP12,244.47775,2353.872,1176.936,time column: time,audio_duration,H1
650.7062782953359,2517.9616848479627,3057.230412287923,3.390201242924152,3.758697197683656,4.365535310924411,7128.205128205128,0.0011184185613578,245.47875,0.037,0.324561403508772,0-0-388-1,i,f061152e-Audio_SP12.v0,group_0,1,fave,205.68759572028625,77.29461061442831,6,ahí,,0.0900000000000034,fueran,pagando,á,#,á,p,final,29.671922934108263,42.89250910214168,78.69151309557411,f061152e-Audio_SP12.csv,f061152e-Audio_SP12,245.47875,2353.872,1176.936,time column: time,audio_duration,H1
484.9574717236531,2349.5421880687886,2916.1318958573,3.742108699004187,3.449633511001468,3.5428541482334133,6230.769230769231,0.0016296484575385,247.95275,0.025,0.3378378378378378,0-0-393-0,i,f061152e-Audio_SP12.v0,group_0,1,fave,165.52007474781837,45.03036605177062,6,Y,,0.0500000000000113,[silence],con,#,#,&,k,coextensive,42.18685581746328,31.488849876733703,34.56543340758994,f061152e-Audio_SP12.csv,f061152e-Audio_SP12,247.95275,2353.872,1176.936,time column: time,audio_duration,H1
521.1779594398523,2174.402591509804,2613.248875217388,4.242127324299376,3.910200250327599,4.031500051562928,7666.666666666666,0.0011017071387585,249.11575,0.031,0.3297872340425531,0-0-396-4,i,f061152e-Audio_SP12.v0,group_0,1,fave,229.63203948945755,70.42807824741833,6,también,,0.0699999999999931,Remotasks,era,b,e,b,e,internal,69.55566201288379,49.908945255433,56.34536884451441,f061152e-Audio_SP12.csv,f061152e-Audio_SP12,249.11575,2353.872,1176.936,time column: time,audio_duration,H1
518.0253126110424,2472.0559634562064,2994.1792991111406,3.601133274570248,3.5308312957301875,3.281558741873279,7307.692307692308,0.001811534073682,254.77075,0.041,0.3306451612903226,0-0-415-4,i,f061152e-Audio_SP12.v0,group_0,1,fave,232.7724004955116,68.12420171280536,6,habilitaron,,0.0999999999999943,también,Airtm,l,t,l,t,internal,36.63973380273161,34.15234651732556,26.617229771638904,f061152e-Audio_SP12.csv,f061152e-Audio_SP12,254.77075,2353.872,1176.936,time column: time,audio_duration,H1
916.9671566826034,2486.2182528723743,3059.728624660683,3.322755271375804,3.59149481383466,4.319179263424838,7128.205128205128,0.0018994201551896,255.18875,0.037,0.324561403508772,0-0-416-1,i,f061152e-Audio_SP12.v0,group_0,1,fave,228.73061328530247,79.36561245244502,6,Airtm,,0.0900000000000034,habilitaron,",",a,R,a,R,internal,27.73666741920613,36.28827962658486,75.12694355167142,f061152e-Audio_SP12.csv,f061152e-Audio_SP12,255.18875,2353.872,1176.936,time column: time,audio_duration,H1
439.9740030180295,1996.0255023824736,2920.965066821772,2.8811549004770325,3.435685678886253,3.900036032430189,7307.692307692308,1.96662938701e-05,256.89275000000004,0.025,0.3378378378378378,0-0-421-3,i,f061152e-Audio_SP12.v0,group_0,1,fave,199.17227432074063,79.52750949564093,6,salió,,0.0500000000000113,me,perfecto,l,o,l,o,internal,17.834858777075404,31.052697446397627,49.4042292278996,f061152e-Audio_SP12.csv,f061152e-Audio_SP12,256.89275000000004,2353.872,1176.936,time column: time,audio_duration,H1
392.5236714267861,2200.8458432871066,2760.1161072574123,3.765145495247782,3.500636295181609,3.3780176669351656,6948.717948717948,0.0148542502605977,257.85875,0.057,0.3275862068965517,0-0-424-0,i,f061152e-Audio_SP12.v0,group_0,1,fave,262.00077093884016,65.61683116544388,6,y,,0.1500000000000341,[silence],porque,#,#,.,p,coextensive,43.169986430824814,33.136529866384834,29.312606132801204,f061152e-Audio_SP12.csv,f061152e-Audio_SP12,257.85875,2353.872,1176.936,time column: time,audio_duration,H1
468.6659675888808,2621.227756820682,3301.047549742206,2.928433449106284,3.4327206022457544,3.87110212879256,7128.205128205128,0.0008103603182483,258.46575,0.051,0.3311688311688311,0-0-426-1,i,f061152e-Audio_SP12.v0,group_0,1,fave,211.09633718250768,80.05527299769717,6,ahí,,0.1299999999999954,porque,ya,á,#,á,y,final,18.69831567795398,30.960760186442688,47.99525389312053,f061152e-Audio_SP12.csv,f061152e-Audio_SP12,258.46575,2353.872,1176.936,time column: time,audio_duration,H1
354.2356870244638,2473.20963152632,3005.7882352608294,2.6832936632967144,2.4950751255111365,3.0833549548310857,7307.692307692308,1.26536071408e-05,261.13375,0.027,0.3214285714285714,0-0-435-8,i,f061152e-Audio_SP12.v0,group_0,1,fave,169.99979487459296,73.7899901726465,6,intermediario,,0.0600000000000022,ningún,.,d,á,d,á,internal,14.63321088041047,12.122644204223322,21.831523443752943,f061152e-Audio_SP12.csv,f061152e-Audio_SP12,261.13375,2353.872,1176.936,time column: time,audio_duration,H1
950.4325699643886,1751.2116259959846,2570.767141790217,3.721907975093472,3.599251902583977,4.57554900647451,6410.25641025641,0.0008641151351128,293.43575,0.031,0.3297872340425531,0-0-504-0,i,f061152e-Audio_SP12.v0,group_0,1,fave,261.0415572575515,70.71833805064651,6,y,,0.0699999999999931,semana,no,#,#,a,n,coextensive,41.34320070141829,36.57086563760264,97.08132278382378,f061152e-Audio_SP12.csv,f061152e-Audio_SP12,293.43575,2353.872,1176.936,time column: time,audio_duration,H1
216.5826808825244,1954.6163225077048,2960.1317243374056,3.2834278802458297,3.38664043521318,4.221155668967055,6589.74358974359,0.0134698039215196,302.10475,0.149,0.3355855855855855,0-0-525-0,i,f061152e-Audio_SP12.v0,group_0,1,fave,214.54170494995225,69.89124377256934,6,Y,,0.4200000000000159,.,no,#,#,.,n,coextensive,26.667027582177223,29.56645480941988,68.11215392520617,f061152e-Audio_SP12.csv,f061152e-Audio_SP12,302.10475,2353.872,1176.936,time column: time,audio_duration,H1
494.15222756522815,2727.949132816373,3324.8689202798523,3.4406835536799485,2.139275406432916,3.565911679800966,7128.205128205128,0.001078638864577,305.81075,0.041,0.3306451612903226,0-0-544-1,i,f061152e-Audio_SP12.v0,group_0,1,fave,252.2999240979524,62.27845448306223,6,tiempo,,0.0999999999999659,tanto,y,t,é,t,é,internal,31.208283415977224,8.493281221772255,35.37168636096076,f061152e-Audio_SP12.csv,f061152e-Audio_SP12,305.81075,2353.872,1176.936,time column: time,audio_duration,H1
622.7039887489613,2053.8807608147767,2776.674386597559,2.5931115826902413,3.549136648846676,3.740546462076086,6410.25641025641,0.0005773666055035,306.38775000000004,0.035,0.3365384615384615,0-0-545-0,i,f061152e-Audio_SP12.v0,group_0,1,fave,211.66727429509865,79.01246428909572,6,y,,0.079999999999984,tiempo,voy,#,#,o,b,coextensive,13.371312885832438,34.783274340557,42.1210014069144,f061152e-Audio_SP12.csv,f061152e-Audio_SP12,306.38775000000004,2353.872,1176.936,time column: time,audio_duration,H1
375.938473047573,2511.35616156984,2789.777492020088,1.5388515346960214,3.562140992639549,4.344227192942682,7666.666666666666,0.0006027646368706,311.97775,0.035,0.3365384615384616,0-0-565-3,i,f061152e-Audio_SP12.v0,group_0,1,fave,374.9319292515386,78.06292615039698,6,revisiones,,0.0800000000000409,las,[silence],b,s,b,s,internal,4.659236225960582,35.238561940324814,77.03248322361364,f061152e-Audio_SP12.csv,f061152e-Audio_SP12,311.97775,2353.872,1176.936,time column: time,audio_duration,H1
347.9361559062343,2177.297385797274,3210.2842583798665,2.3258665308137005,3.7638922311746095,4.307191514172968,6410.25641025641,0.0039627922707505,312.13775000000004,0.035,0.3365384615384615,0-0-565-5,i,f061152e-Audio_SP12.v0,group_0,1,fave,468.57899528445154,63.0564732407945,6,revisiones,,0.079999999999984,las,[silence],s,ó,s,ó,internal,10.235545659798978,43.115916926552416,74.2317171856817,f061152e-Audio_SP12.csv,f061152e-Audio_SP12,312.13775000000004,2353.872,1176.936,time column: time,audio_duration,H1
348.66862391163323,1854.867635144116,2578.566019906817,3.205751230743683,3.92655027554222,3.804741292592384,6948.717948717948,0.0075391773166386,317.43875,0.057,0.3275862068965517,0-0-580-0,i,f061152e-Audio_SP12.v0,group_0,1,fave,344.04267858382,79.51376162774939,6,y,,0.1499999999999772,trabajosas,te,#,#,s,t,coextensive,24.674028944948454,50.73166518700338,44.91362912130333,f061152e-Audio_SP12.csv,f061152e-Audio_SP12,317.43875,2353.872,1176.936,time column: time,audio_duration,H1
443.5182128347013,2604.118130805836,3239.77124979716,3.754270032074432,3.2795942093571107,4.36863514413469,6948.717948717948,0.0051350882344976,328.55074999999994,0.041,0.3306451612903226,0-0-598-3,i,f061152e-Audio_SP12.v0,group_0,1,fave,266.15796056592944,76.66412030197827,6,registrarse,,0.1000000000000227,de,en,x,s,x,s,internal,42.70303658352897,26.56499068775257,78.93582212422545,f061152e-Audio_SP12.csv,f061152e-Audio_SP12,328.55074999999994,2353.872,1176.936,time column: time,audio_duration,H1
399.0870599775472,2408.629483118315,3462.7507715780216,1.5748290591898133,2.5531116406155943,3.635930891079437,8025.641025641025,3.15019580593e-05,329.82775000000004,0.035,0.3365384615384615,0-0-603-0,i,f061152e-Audio_SP12.v0,group_0,1,fave,422.4284397173158,78.54661300622244,6,iniciar,,0.079999999999984,",",sesión,#,n,.,n,initial,4.829915917799228,12.84701695247715,37.93715182107588,f061152e-Audio_SP12.csv,f061152e-Audio_SP12,329.82775000000004,2353.872,1176.936,time column: time,audio_duration,H1
459.6743907755947,2535.4082501403354,3073.473632994201,2.010830634367184,2.501784803790894,4.12576752709263,7846.153846153846,0.0001721935401056,329.94775000000004,0.035,0.3365384615384615,0-0-603-2,i,f061152e-Audio_SP12.v0,group_0,1,fave,229.2771641966983,72.81528033551605,6,iniciar,,0.079999999999984,",",sesión,n,z,n,z,internal,7.469519210584879,12.204256737473166,61.91531269788866,f061152e-Audio_SP12.csv,f061152e-Audio_SP12,329.94775000000004,2353.872,1176.936,time column: time,audio_duration,H1
442.6983745724564,2411.65611647676,2966.5793262107536,2.7642671310283173,3.5931625742555133,4.028586677330017,7666.666666666666,2.3565515082720097e-06,338.79275,0.025,0.3378378378378378,0-0-628-3,i,f061152e-Audio_SP12.v0,group_0,1,fave,215.26338672646483,77.93156451958983,6,medicamentos,,0.0500000000000113,de,",",d,k,d,k,internal,15.867406998154864,36.348850277714845,56.18145258941592,f061152e-Audio_SP12.csv,f061152e-Audio_SP12,338.79275,2353.872,1176.936,time column: time,audio_duration,H1
649.3571871356743,1671.5340487646454,2681.3769995752423,3.506753140981888,3.506948949584774,4.152528778819887,6769.2307692307695,0.0001676904644312,351.23375,0.027,0.3214285714285714,0-0-646-2,i,f061152e-Audio_SP12.v0,group_0,1,fave,324.66039499526755,67.4383936143958,6,haciendo,,0.0599999999999454,[silence],en,z,é,z,é,internal,33.339842090773026,33.34637095785656,63.59461384701833,f061152e-Audio_SP12.csv,f061152e-Audio_SP12,351.23375,2353.872,1176.936,time column: time,audio_duration,H1
422.20428457178673,2480.442618265585,3173.938901223776,2.777942245952035,2.474486956534102,3.678143013664099,7307.692307692308,0.0102085297248464,354.41275,0.145,0.3341013824884792,0-0-655-0,i,f061152e-Audio_SP12.v0,group_0,1,fave,232.0986431622444,66.38806222829501,6,introducir,,0.410000000000025,de,datos,#,n,e,n,initial,16.085886070828412,11.875612844347364,39.57283957649626,f061152e-Audio_SP12.csv,f061152e-Audio_SP12,354.41275,2353.872,1176.936,time column: time,audio_duration,H1
467.7841711166256,2533.8691405037234,3223.621779447758,3.366739993626643,3.35289748600046,4.18593292046608,6948.717948717948,0.0069524377984914,358.52775,0.055,0.3353658536585366,0-0-669-0,i,f061152e-Audio_SP12.v0,group_0,1,fave,300.5168093961852,72.59389693641323,6,y,,0.1399999999999863,imagen,tú,#,#,n,t,coextensive,28.98388522456885,28.58543967739955,65.75481632498385,f061152e-Audio_SP12.csv,f061152e-Audio_SP12,358.52775,2353.872,1176.936,time column: time,audio_duration,H1
399.9008034483583,2408.602542862221,2828.6334707037577,1.569694074218453,2.6070583902832283,3.868739622747456,7666.666666666666,0.0001493310138179,361.36075,0.041,0.3306451612903226,0-0-680-7,i,f061152e-Audio_SP12.v0,group_0,1,fave,401.0113583957635,82.04695869187765,6,transcribir,,0.1000000000000227,debes,[silence],R,b,R,b,internal,4.805177941075447,13.559106530811134,47.88199865143551,f061152e-Audio_SP12.csv,f061152e-Audio_SP12,361.36075,2353.872,1176.936,time column: time,audio_duration,H1
514.1574884420048,2254.426685870804,2778.86965275625,3.4363303708942343,3.9451433358024968,2.76066527125061,6410.25641025641,1.24460136142e-05,380.93275000000006,0.025,0.3378378378378378,0-0-704-10,i,f061152e-Audio_SP12.v0,group_0,1,fave,268.73740224911256,67.80787103751724,6,transcripción,,0.0500000000000113,de,porque,z,o,z,o,internal,31.072723326836517,51.68374571237491,15.810357626706862,f061152e-Audio_SP12.csv,f061152e-Audio_SP12,380.93275000000006,2353.872,1176.936,time column: time,audio_duration,H1
617.1954926218955,2548.2106862893147,3322.885545760519,3.48042788333264,3.535045938486125,4.263592998734829,7846.153846153846,0.0013150377828816,381.6277500000001,0.035,0.3365384615384615,0-0-707-0,i,f061152e-Audio_SP12.v0,group_0,1,fave,262.0966701774305,73.51984088023094,6,imágenes,,0.079999999999984,son,como,#,m,n,m,initial,32.4736140217763,34.296590211474154,71.06486124883943,f061152e-Audio_SP12.csv,f061152e-Audio_SP12,381.6277500000001,2353.872,1176.936,time column: time,audio_duration,H1
569.338740566111,2542.567325543302,3374.7967477073107,3.109922499157625,2.944337627548996,2.9753412220112136,7307.692307692308,0.0007087470523897,386.97075,0.041,0.3306451612903226,0-0-723-1,i,f061152e-Audio_SP12.v0,group_0,1,fave,292.77060999396326,67.48020020957301,6,digitalizar,,0.1000000000000227,es,la,d,x,d,x,internal,22.41930681825129,18.998074416850685,19.59630880080388,f061152e-Audio_SP12.csv,f061152e-Audio_SP12,386.97075,2353.872,1176.936,time column: time,audio_duration,H1
414.3232169583586,2601.7526757025603,3364.9096437245644,3.0752160042429737,2.986611025652881,3.578053624002936,7128.205128205128,4.07298217118e-05,387.10275,0.025,0.3378378378378378,0-0-723-3,i,f061152e-Audio_SP12.v0,group_0,1,fave,275.74822328113663,76.53519710201755,6,digitalizar,,0.0500000000000113,es,la,x,t,x,t,internal,21.654558882969475,19.81840448982833,35.80378535545729,f061152e-Audio_SP12.csv,f061152e-Audio_SP12,387.10275,2353.872,1176.936,time column: time,audio_duration,H1
1640.928949786558,2714.98598394245,3339.2299782480186,3.640966116200388,3.171949794322932,3.960097526737556,5871.794871794871,0.0853893055555364,388.67275,0.065,0.3350515463917525,0-0-729-1,i,f061152e-Audio_SP12.v0,group_0,1,fave,322.227014388519,67.7676816712435,6,físico,,0.1700000000000159,en,.,f,s,f,s,internal,38.1286556487773,23.85394933812841,52.46244219044088,f061152e-Audio_SP12.csv,f061152e-Audio_SP12,388.67275,2353.872,1176.936,time column: time,audio_duration,H1
626.6862975164856,2705.5404135003787,3304.422188233112,3.059401817524191,2.714470587090688,4.106991239625383,7487.179487179487,0.0015138633189585,391.31375,0.047,0.3263888888888889,0-0-733-0,i,f061152e-Audio_SP12.v0,group_0,1,fave,346.7175127742125,73.65472672332635,6,Y,,0.1200000000000045,[silence],entonces,#,#,.,e,coextensive,21.31480320605754,15.096615612704888,60.76361908868984,f061152e-Audio_SP12.csv,f061152e-Audio_SP12,391.31375,2353.872,1176.936,time column: time,audio_duration,H1
211.1812060072404,2092.7241353436293,2645.309282065389,2.7166973557811653,3.4752366388548794,4.4338340945667705,7307.692307692308,5.87202845752e-05,396.14275,0.025,0.3378378378378378,0-0-748-0,i,f061152e-Audio_SP12.v0,group_0,1,fave,212.19351971144985,71.05930618004888,6,Y,,0.0500000000000113,[silence],en,#,#,.,e,coextensive,15.13026973975548,32.305472362148066,84.25383559672247,f061152e-Audio_SP12.csv,f061152e-Audio_SP12,396.14275,2353.872,1176.936,time column: time,audio_duration,H1
564.273744563567,1901.0706338475327,2853.6458452282222,2.591096193385485,3.88539936036364,3.7592524542863104,7307.692307692308,7.38097039788e-05,407.54374999999993,0.027,0.3214285714285714,0-0-779-5,i,f061152e-Audio_SP12.v0,group_0,1,fave,266.0551024063506,73.915960913997,6,inteligencia,,0.0600000000000022,de,artificial,l,x,l,x,internal,13.344391622377382,48.68638198875863,42.91633206434154,f061152e-Audio_SP12.csv,f061152e-Audio_SP12,407.54374999999993,2353.872,1176.936,time column: time,audio_duration,H1
628.1554786254176,1974.3406875888272,2859.0384745014326,3.2240497120158924,4.014348579612147,3.733940662722728,5871.794871794871,0.0035041340979151,407.95775,0.035,0.3365384615384616,0-0-780-3,i,f061152e-Audio_SP12.v0,group_0,1,fave,308.569062332748,63.88101375467889,6,artificial,,0.079999999999984,inteligencia,.,t,f,t,f,internal,25.12968237037699,55.38720329475039,41.8436755111315,f061152e-Audio_SP12.csv,f061152e-Audio_SP12,407.95775,2353.872,1176.936,time column: time,audio_duration,H1
634.0232547414585,2350.737795570049,2824.1462996442515,4.560071214576084,3.4984970266823816,3.710593097055763,6051.282051282051,0.0545005373472891,408.06875,0.037,0.324561403508772,0-0-780-5,i,f061152e-Audio_SP12.v0,group_0,1,fave,254.2671154326312,64.04907187140778,6,artificial,,0.0899999999999749,inteligencia,.,f,z,f,z,internal,95.5902870094453,33.0657177019901,40.878043986230495,f061152e-Audio_SP12.csv,f061152e-Audio_SP12,408.06875,2353.872,1176.936,time column: time,audio_duration,H1
380.1247587914272,2312.37566368007,3369.766024231229,1.5691831589652026,3.300557341112769,3.795266715174921,6589.74358974359,0.0002868194615753,408.24575,0.031,0.3297872340425531,0-0-780-7,i,f061152e-Audio_SP12.v0,group_0,1,fave,389.11729042497336,84.83629433087778,6,artificial,,0.0699999999999931,inteligencia,.,z,á,z,á,internal,4.802723529422334,27.127754120773997,44.49010100829628,f061152e-Audio_SP12.csv,f061152e-Audio_SP12,408.24575,2353.872,1176.936,time column: time,audio_duration,H1
218.3288960578746,2125.682982699381,2407.7901698384844,3.448729696488506,3.402203976490251,4.7513254991937535,6948.717948717948,0.0059078842612128,410.15775,0.035,0.3365384615384616,0-0-784-0,i,f061152e-Audio_SP12.v0,group_0,1,fave,232.6719819089308,70.25958242113377,6,Y,,0.0800000000000409,[silence],entonces,#,#,&,e,coextensive,31.460402654661213,30.030213048440945,115.73759298581192,f061152e-Audio_SP12.csv,f061152e-Audio_SP12,410.15775,2353.872,1176.936,time column: time,audio_duration,H1
599.0183040683822,2438.44753517241,3027.0214217534226,3.7485847154715657,3.379246587932541,4.402937222518178,6589.74358974359,0.0027436147981433,412.66075,0.041,0.3306451612903226,0-0-794-0,i,f061152e-Audio_SP12.v0,group_0,1,fave,245.3359462912164,63.99390312417396,6,imagen,,0.1000000000000227,una,tú,#,m,a,m,initial,42.46094513600045,29.34865115367069,81.69045968435319,f061152e-Audio_SP12.csv,f061152e-Audio_SP12,412.66075,2353.872,1176.936,time column: time,audio_duration,H1
442.3645990356593,2559.609069835776,4121.632729735155,2.964157680708696,2.5259139651403544,4.0323925113213,9820.51282051282,0.0010489363657682,423.06075,0.041,0.3306451612903226,0-0-826-1,i,f061152e-Audio_SP12.v0,group_0,1,fave,450.52403094291407,72.4913043013583,6,mi,,0.0999999999999659,",",esposo,m,#,m,e,final,19.378373587138864,12.502316725063316,56.39567726455982,f061152e-Audio_SP12.csv,f061152e-Audio_SP12,423.06075,2353.872,1176.936,time column: time,audio_duration,H1
477.5545133684642,2431.184653116209,2999.003789191058,2.7720699173056063,3.138890956314453,4.454884202946539,8025.641025641025,0.0004558502769821,450.93575,0.031,0.3297872340425531,0-0-845-5,i,f061152e-Audio_SP12.v0,group_0,1,fave,448.3500144934399,74.86235661897277,6,verificación,,0.0699999999999931,piden,[silence],f,k,f,k,internal,15.991701273949351,23.07825786444237,86.04618637337771,f061152e-Audio_SP12.csv,f061152e-Audio_SP12,450.93575,2353.872,1176.936,time column: time,audio_duration,H1
434.4005501886248,2013.129317940727,2816.1917202591994,2.016128785054816,3.852326332467056,3.2804971286692464,6589.74358974359,0.0010388901185887,451.30875,0.037,0.3245614035087719,0-0-845-9,i,f061152e-Audio_SP12.v0,group_0,1,fave,429.0250280344171,78.19996278015121,6,verificación,,0.0899999999999749,piden,[silence],z,o,z,o,internal,7.509198870516878,47.10251197802772,26.58898756286191,f061152e-Audio_SP12.csv,f061152e-Audio_SP12,451.30875,2353.872,1176.936,time column: time,audio_duration,H1
421.2749212986077,2509.800531218389,3125.619892126412,1.419440007867233,2.981252585319971,3.620423367428264,6589.74358974359,2.36747804688e-05,454.08575,0.031,0.3297872340425531,0-0-853-5,i,f061152e-Audio_SP12.v0,group_0,1,fave,417.5081265015276,80.13422269934671,6,identidad,,0.0699999999999931,de,[silence],t,d,t,d,internal,4.134804333913732,19.71249276612125,37.35337867878482,f061152e-Audio_SP12.csv,f061152e-Audio_SP12,454.08575,2353.872,1176.936,time column: time,audio_duration,H1
490.0730303441177,2545.744752823284,2982.997866798445,3.488057110175248,2.9024168674203823,4.457529870561996,7487.179487179487,0.0020820375502046,467.7527500000001,0.045,0.335820895522388,0-0-892-1,i,f061152e-Audio_SP12.v0,group_0,1,fave,234.3553929362029,70.28699498707905,6,diez,,0.1099999999999568,punto,[silence],d,é,d,é,internal,32.722310062522205,18.218122991914232,86.27413739044817,f061152e-Audio_SP12.csv,f061152e-Audio_SP12,467.7527500000001,2353.872,1176.936,time column: time,audio_duration,H1
414.2361381668816,2432.790902611322,2694.7481879699185,2.347362600849608,3.981683598898272,4.094946284606923,6948.717948717948,0.0008902009782678,471.82075,0.041,0.3306451612903226,0-0-906-3,i,f061152e-Audio_SP12.v0,group_0,1,fave,413.6618339812329,68.73301599372203,6,verificación,,0.0999999999999659,de,con,R,f,R,f,internal,10.45795152815734,53.607211337095926,60.036114207363184,f061152e-Audio_SP12.csv,f061152e-Audio_SP12,471.82075,2353.872,1176.936,time column: time,audio_duration,H1
498.93344243121504,2345.053541047345,2808.899606873748,2.264449563895482,3.538417778704656,3.902380135056584,6769.2307692307695,0.0017905990066025,471.94775,0.035,0.3365384615384616,0-0-906-5,i,f061152e-Audio_SP12.v0,group_0,1,fave,395.5863609543236,66.93856738188039,6,verificación,,0.079999999999984,de,con,f,k,f,k,internal,9.625824741153668,34.41242801724423,49.52017365111013,f061152e-Audio_SP12.csv,f061152e-Audio_SP12,471.94775,2353.872,1176.936,time column: time,audio_duration,H1
484.7024605279644,2661.9150609066896,3204.8741655953345,2.917030514980209,3.252263742173645,3.623830864689728,5871.794871794871,8.92820862915e-05,476.46375,0.027,0.3214285714285714,0-0-919-0,i,f061152e-Audio_SP12.v0,group_0,1,fave,283.35081004967174,69.09900897099251,6,igual,,0.0600000000000022,entonces,yo,#,g,s,g,initial,18.48631105059699,25.84878872889606,37.480877316602886,f061152e-Audio_SP12.csv,f061152e-Audio_SP12,476.46375,2353.872,1176.936,time column: time,audio_duration,H1
688.6499198298084,2551.367979299036,2858.586177425505,3.9814624065571502,2.74848485828326,4.027458388881534,8743.589743589742,0.0006452279542933,489.72375,0.027,0.3214285714285714,0-0-944-1,i,f061152e-Audio_SP12.v0,group_0,1,fave,311.10817852658164,66.04774057582055,6,minuto,,0.0600000000000022,un,las,m,n,m,n,internal,53.595355143817166,15.618949026034649,56.11809945246751,f061152e-Audio_SP12.csv,f061152e-Audio_SP12,489.72375,2353.872,1176.936,time column: time,audio_duration,H1
544.5135237027305,1786.8948098095357,2371.5036187643486,2.900194115971836,3.876085468913264,3.1279256998628857,4615.384615384615,0.0011530760532815,494.03075,0.041,0.3306451612903226,0-0-961-2,i,f061152e-Audio_SP12.v0,group_0,1,fave,232.37933912116927,74.76269846654485,6,veinte,,0.1000000000000227,o,minutos,é,n,é,n,internal,18.177673603765975,48.23502750798203,22.826581219708395,f061152e-Audio_SP12.csv,f061152e-Audio_SP12,494.03075,2353.872,1176.936,time column: time,audio_duration,H1
620.5508434193664,2436.655729455912,3022.483280928647,2.9666099527375938,2.7901328289091665,3.935055609094171,7307.692307692308,0.0001397732563321,502.48575,0.031,0.3297872340425531,0-0-975-1,i,f061152e-Audio_SP12.v0,group_0,1,fave,305.96240969686465,73.20212013397585,6,Microworkers,,0.0699999999999931,en,[silence],m,k,m,k,internal,19.425952945573307,16.283182535522418,51.16499511657994,f061152e-Audio_SP12.csv,f061152e-Audio_SP12,502.48575,2353.872,1176.936,time column: time,audio_duration,H1
366.132117066208,2656.6708765709755,3216.676789074659,3.40319531501983,3.1178907534703653,4.397899914797802,6230.769230769231,0.0081104744293718,510.53275,0.045,0.3358208955223881,0-0-997-2,i,f061152e-Audio_SP12.v0,group_0,1,fave,232.26858975634352,58.35999970414616,6,seis,,0.1100000000000136,o,dólares,é,s,é,s,internal,30.059997916691817,22.598663186080564,81.27999438904916,f061152e-Audio_SP12.csv,f061152e-Audio_SP12,510.53275,2353.872,1176.936,time column: time,audio_duration,H1
379.73631974124334,2029.49685296988,2648.916489425487,4.3977719931225705,3.838933732233261,3.938232615954428,6410.25641025641,0.0305730393213492,512.05075,0.041,0.3306451612903226,0-0-1000-1,i,f061152e-Audio_SP12.v0,group_0,1,fave,233.64384490628143,72.84102166057028,6,sin,,0.1000000000000227,[silence],embargo,s,n,s,n,internal,81.26959758100685,46.47589226469699,51.32780514441619,f061152e-Audio_SP12.csv,f061152e-Audio_SP12,512.05075,2353.872,1176.936,time column: time,audio_duration,H1
458.24153921450943,2710.4474215101923,3430.7801343715178,2.1844852853181727,2.836071372849503,3.969624206624299,7666.666666666666,0.0028313343765355,519.8977500000001,0.055,0.3353658536585365,0-0-1022-0,i,f061152e-Audio_SP12.v0,group_0,1,fave,418.0153757969244,70.31771431501626,6,y,,0.1399999999999863,[silence],si,#,#,.,s,coextensive,8.88607358353306,17.04865598647119,52.96462334475863,f061152e-Audio_SP12.csv,f061152e-Audio_SP12,519.8977500000001,2353.872,1176.936,time column: time,audio_duration,H1
554.0818485400771,1983.252405031197,3074.882474731672,3.16796777092514,2.7173226411192606,3.177586297208895,7128.205128205128,1.43773768954e-05,613.28375,0.027,0.3214285714285714,0-0-1039-1,i,f061152e-Audio_SP12.v0,group_0,1,fave,273.6753307941382,74.96306462817718,6,sin,,0.0600000000000591,",",embargo,s,n,s,n,internal,23.759151223154092,15.139733434031468,23.98878182730088,f061152e-Audio_SP12.csv,f061152e-Audio_SP12,613.28375,2353.872,1176.936,time column: time,audio_duration,H1
295.98982745988,1629.9764725325658,2397.850594939616,3.472199833551205,3.8444958716250177,3.321787487704792,5153.846153846154,0.0561986509147965,615.40275,0.045,0.3358208955223881,0-0-1047-6,i,f061152e-Audio_SP12.v0,group_0,1,fave,262.48143524859665,70.53204625487899,6,excepciones,,0.1100000000000136,son,que,z,ó,z,ó,internal,32.207515745209086,46.73511791210841,27.70983731035426,f061152e-Audio_SP12.csv,f061152e-Audio_SP12,615.40275,2353.872,1176.936,time column: time,audio_duration,H1
304.01343387124035,2759.3297350445428,3538.5916995172,3.8980689011514302,4.15228390318536,3.6662746394220833,7307.692307692308,0.2238075129829927,619.43575,0.111,0.3323353293413173,0-0-1062-0,i,f061152e-Audio_SP12.v0,group_0,1,fave,240.8931528428292,72.45317409029829,6,y,,0.3100000000000591,[silence],te,#,#,.,t,coextensive,49.30714014807335,63.57904298214056,39.105950394774375,f061152e-Audio_SP12.csv,f061152e-Audio_SP12,619.43575,2353.872,1176.936,time column: time,audio_duration,H1
491.79110810194913,2645.705092168987,3309.8606371975125,3.711746949287128,4.276722697688468,3.2775426472703817,8923.076923076922,0.0019839735822356,620.54575,0.031,0.3297872340425531,0-0-1065-3,i,f061152e-Audio_SP12.v0,group_0,1,fave,250.67498202282192,78.17558395669471,6,malísimo,,0.07000000000005,pagan,",",l,s,l,s,internal,40.9252384309694,72.00407377965716,26.51054682659972,f061152e-Audio_SP12.csv,f061152e-Audio_SP12,620.54575,2353.872,1176.936,time column: time,audio_duration,H1
432.83545984923217,2681.2844773326724,3288.0497009496107,1.171869644714731,3.941787885026251,3.755799794853514,7666.666666666666,4.71158355918e-05,634.4037500000001,0.027,0.3214285714285714,0-0-1089-3,i,f061152e-Audio_SP12.v0,group_0,1,fave,419.208625733871,78.20835554528648,6,requieran,,0.0600000000000591,me,.,k,é,k,é,internal,3.2280222548998045,51.51061407748583,42.76841209120822,f061152e-Audio_SP12.csv,f061152e-Audio_SP12,634.4037500000001,2353.872,1176.936,time column: time,audio_duration,H1
595.7323168965518,1954.886129452549,3182.6051682157304,3.626818026061942,4.03350929854543,3.87547236923987,6051.282051282051,0.0320051913330559,644.29575,0.051,0.3311688311688312,0-0-1102-2,i,f061152e-Audio_SP12.v0,group_0,1,fave,336.6017706565777,63.38470981086724,6,así,,0.1299999999999954,tareas,que,s,#,s,k,final,37.59300613557976,56.45869441825146,48.20546369207974,f061152e-Audio_SP12.csv,f061152e-Audio_SP12,644.29575,2353.872,1176.936,time column: time,audio_duration,H1
455.3006332181528,2352.145083075347,3174.3071762046475,1.906750705628512,3.534089773732607,3.4290587819919,7487.179487179487,7.54387174078e-05,645.3837500000001,0.027,0.3214285714285714,0-0-1107-3,i,f061152e-Audio_SP12.v0,group_0,1,fave,447.17162372693696,76.91791104074873,6,verificación,,0.0599999999999454,una,con,R,f,R,f,internal,6.731181635792843,34.263812693598986,30.847594769876668,f061152e-Audio_SP12.csv,f061152e-Audio_SP12,645.3837500000001,2353.872,1176.936,time column: time,audio_duration,H1
462.8400941902781,2334.6238212156004,3201.721536810335,2.676652815658204,2.916179748770124,4.744578510564292,8205.128205128205,0.0001413174948548,645.5237500000001,0.027,0.3214285714285714,0-0-1107-5,i,f061152e-Audio_SP12.v0,group_0,1,fave,444.6836630613924,69.83631970386098,6,verificación,,0.0600000000000591,una,con,f,k,f,k,internal,14.536355911984314,18.47059021013418,114.95934114239137,f061152e-Audio_SP12.csv,f061152e-Audio_SP12,645.5237500000001,2353.872,1176.936,time column: time,audio_duration,H1
283.9253929641318,2474.136916094028,3175.7337591753444,3.817670755926504,2.891147273630513,3.5422463740123566,7128.205128205128,1.6277919592e-05,646.19375,0.027,0.3214285714285714,0-0-1109-0,i,f061152e-Audio_SP12.v0,group_0,1,fave,255.15548824959995,76.46851501458174,6,identificaciones,,0.0600000000000591,con,porque,#,d,n,d,initial,45.49810860292976,18.013964697439672,34.54443181098615,f061152e-Audio_SP12.csv,f061152e-Audio_SP12,646.19375,2353.872,1176.936,time column: time,audio_duration,H1
445.2680168634358,2333.227548666286,3338.740950525971,1.8438122034099145,3.257881619911776,4.29236765646863,7487.179487179487,0.0019718165002659,646.59775,0.035,0.3365384615384615,0-0-1109-7,i,f061152e-Audio_SP12.v0,group_0,1,fave,421.0866674300438,70.03320711297316,6,identificaciones,,0.0799999999999272,con,porque,f,k,f,k,internal,6.320587757316154,25.99441272957195,73.1394327098845,f061152e-Audio_SP12.csv,f061152e-Audio_SP12,646.59775,2353.872,1176.936,time column: time,audio_duration,H1
458.2908898556078,1343.3122268200784,2146.626644247846,3.9174269002993953,3.904235448111965,3.37951184709562,4974.358974358975,0.0007916453342721,646.91875,0.037,0.324561403508772,0-0-1109-11,i,f061152e-Audio_SP12.v0,group_0,1,fave,243.93683388125805,61.80260546662164,6,identificaciones,,0.0900000000000318,con,porque,z,ó,z,ó,internal,50.27092611237687,49.61213435736039,29.356437184925618,f061152e-Audio_SP12.csv,f061152e-Audio_SP12,646.91875,2353.872,1176.936,time column: time,audio_duration,H1
472.3356613792679,2089.755073300896,3100.847324350368,3.283986327090869,3.4382618980064987,3.9673147675397606,6589.74358974359,0.0001671923874329,647.8637500000001,0.027,0.3214285714285714,0-0-1112-0,i,f061152e-Audio_SP12.v0,group_0,1,fave,290.1184983744681,77.86776280182359,6,igual,,0.0599999999999454,ellos,te,#,g,s,g,initial,26.681923858599227,31.13279913474252,52.84244590848454,f061152e-Audio_SP12.csv,f061152e-Audio_SP12,647.8637500000001,2353.872,1176.936,time column: time,audio_duration,H1
419.2689704882168,2663.3531027404724,3274.852617381948,1.4047619592913974,3.1062885754661425,3.171913261227166,7128.205128205128,6.42104847432e-05,648.99275,0.045,0.3358208955223881,0-0-1116-3,i,f061152e-Audio_SP12.v0,group_0,1,fave,207.06780917185253,76.64379316833512,6,envíes,,0.1100000000000136,que,la,b,e,b,e,internal,4.074556715451503,22.33798461688592,23.85307789543119,f061152e-Audio_SP12.csv,f061152e-Audio_SP12,648.99275,2353.872,1176.936,time column: time,audio_duration,H1
467.3118716385032,2666.5912523439365,3141.98839834399,2.239985488342189,3.4942156217898144,3.4566296806608747,7666.666666666666,0.000466317624804,650.0087500000001,0.037,0.3245614035087719,0-0-1119-0,i,f061152e-Audio_SP12.v0,group_0,1,fave,222.1389084715808,73.13434481209474,6,y,,0.0900000000000318,clave,todo,#,#,e,t,coextensive,9.393194975622489,32.92445259878398,31.70992364591965,f061152e-Audio_SP12.csv,f061152e-Audio_SP12,650.0087500000001,2353.872,1176.936,time column: time,audio_duration,H1
422.371867304247,2767.3862762154267,3318.088829648661,2.193805701159634,3.713418413975416,2.880573699363314,7307.692307692308,0.0007533237091805,650.77575,0.051,0.3311688311688312,0-0-1123-3,i,f061152e-Audio_SP12.v0,group_0,1,fave,194.59671109567245,69.61843805221854,6,registraste,,0.1299999999999954,que,",",x,s,x,s,internal,8.96928265373293,40.99370072207845,17.824496148968358,f061152e-Audio_SP12.csv,f061152e-Audio_SP12,650.77575,2353.872,1176.936,time column: time,audio_duration,H1
436.0797221152395,2303.1149908891807,3388.5420150979944,2.8619430371117787,3.0134940933857,4.547122928862766,7307.692307692308,0.0007173290567086,652.55375,0.027,0.3214285714285714,0-0-1128-1,i,f061152e-Audio_SP12.v0,group_0,1,fave,226.20337109898543,75.99509052536479,6,ciertas,,0.0600000000000591,en,páginas,z,é,z,é,internal,17.495488314870485,20.358409980770485,94.36053543066492,f061152e-Audio_SP12.csv,f061152e-Audio_SP12,652.55375,2353.872,1176.936,time column: time,audio_duration,H1
448.7037057934395,2457.1831810790395,3233.721707953865,1.8765847598647376,3.4709791184174743,3.522914678005196,7846.153846153846,0.0002878369478651,655.30275,0.045,0.335820895522388,0-0-1137-0,i,f061152e-Audio_SP12.v0,group_0,1,fave,448.53677161467726,78.32131944974532,6,igual,,0.1100000000000136,al,que,#,g,l,g,initial,6.531161245485167,32.168223530498864,33.88304283917302,f061152e-Audio_SP12.csv,f061152e-Audio_SP12,655.30275,2353.872,1176.936,time column: time,audio_duration,H1
295.9393984831255,1928.326927734297,2542.9441931038136,3.558435987200533,4.272295268353981,3.0460325550130114,5871.794871794871,0.0025552847183742,658.50775,0.035,0.3365384615384616,0-0-1147-3,i,f061152e-Audio_SP12.v0,group_0,1,fave,237.70501295151152,69.50352819075509,6,aplicaciones,,0.0800000000000409,descargar,.,l,k,l,k,internal,35.10824443927095,71.68598550747664,21.03173641990844,f061152e-Audio_SP12.csv,f061152e-Audio_SP12,658.50775,2353.872,1176.936,time column: time,audio_duration,H1
284.70360708792214,1694.5930170914364,2839.194565789002,2.678852516387321,4.257801327996886,3.685990565597303,4794.871794871795,0.0138202559200418,664.94075,0.0809999999999999,0.3319672131147541,0-0-1157-4,i,f061152e-Audio_SP12.v0,group_0,1,fave,252.6259941075716,76.18727804092971,6,confío,,0.2200000000000272,no,si,f,o,f,o,internal,14.568366738894737,70.65446655409137,39.88461121225639,f061152e-Audio_SP12.csv,f061152e-Audio_SP12,664.94075,2353.872,1176.936,time column: time,audio_duration,H1
431.2983604178313,2457.252119922866,3019.913556955825,1.5249513338233638,2.756416054630095,3.7346505794158977,7307.692307692308,0.0009767045477037,692.25775,0.035,0.3365384615384616,0-0-1206-3,i,f061152e-Audio_SP12.v0,group_0,1,fave,221.8901381980285,78.83923960827505,6,verificación,,0.0800000000000409,la,[silence],R,f,R,f,internal,4.594919946679549,15.743318525006346,41.87339158159965,f061152e-Audio_SP12.csv,f061152e-Audio_SP12,692.25775,2353.872,1176.936,time column: time,audio_duration,H1
387.635912963374,2341.335629405424,3168.82988498476,2.5724790988978428,2.49260161326861,4.090072210828273,8743.589743589742,0.0022708403816386,692.39575,0.031,0.3297872340425531,0-0-1206-5,i,f061152e-Audio_SP12.v0,group_0,1,fave,403.220852122654,73.67047302643645,6,verificación,,0.07000000000005,la,[silence],f,k,f,k,internal,13.098256095935344,12.092695749576366,59.74420572696382,f061152e-Audio_SP12.csv,f061152e-Audio_SP12,692.39575,2353.872,1176.936,time column: time,audio_duration,H1
507.5223198736486,2220.3687085066995,3009.2617276609544,2.2361627800685486,2.854933638453315,4.542412009768478,7128.205128205128,0.0065619353300003,692.74275,0.045,0.3358208955223881,0-0-1206-9,i,f061152e-Audio_SP12.v0,group_0,1,fave,413.16889236026657,64.99286538814893,6,verificación,,0.1100000000000136,la,[silence],z,o,z,o,internal,9.357356075945525,17.37328425138678,93.91705600058394,f061152e-Audio_SP12.csv,f061152e-Audio_SP12,692.74275,2353.872,1176.936,time column: time,audio_duration,H1
285.01939493952176,2532.9875898362934,2702.553558913958,3.4684628595355624,3.493372559828017,4.055062693842111,5871.794871794871,0.0407527215198253,694.51375,0.067,0.3284313725490196,0-0-1210-1,i,f061152e-Audio_SP12.v0,group_0,1,fave,244.33729702097023,71.31413072942814,6,KYC,,0.1799999999999499,[silence],[silence],k,k,k,k,internal,32.087381704460874,32.89670694248203,57.68877961403277,f061152e-Audio_SP12.csv,f061152e-Audio_SP12,694.51375,2353.872,1176.936,time column: time,audio_duration,H1
526.0867229257352,2579.1377194609263,3286.9120931053994,4.2304646663199215,3.291573821077454,3.741971183754431,7487.179487179487,0.0011445392033299,715.99275,0.045,0.335820895522388,0-0-1247-2,i,f061152e-Audio_SP12.v0,group_0,1,fave,286.9149663329604,75.37910593211211,6,países,,0.1100000000000136,qué,están,á,s,á,s,internal,68.7491701769184,26.885142781662267,42.181054880316935,f061152e-Audio_SP12.csv,f061152e-Audio_SP12,715.99275,2353.872,1176.936,time column: time,audio_duration,H1
437.7579294492367,2640.52175109352,3328.889965546788,3.050113887432465,3.240030657869008,3.9648153464801785,7666.666666666666,0.0055517950779305,721.9387499999999,0.077,0.3290598290598291,0-0-1266-2,i,f061152e-Audio_SP12.v0,group_0,1,fave,374.04671992897545,80.36554068366692,6,país,,0.2100000000000363,tal,no,á,s,á,s,internal,21.117749331844383,25.5345045688479,52.71053530508272,f061152e-Audio_SP12.csv,f061152e-Audio_SP12,721.9387499999999,2353.872,1176.936,time column: time,audio_duration,H1
407.3353738685671,2647.9864332588045,3410.590582780919,2.081997331572736,2.247493764973512,3.429737792959893,6769.2307692307695,0.0228234002644319,734.8757499999999,0.131,0.3324873096446699,0-0-1310-0,i,f061152e-Audio_SP12.v0,group_0,1,fave,218.9971752813036,77.97422031207287,6,y,,0.3700000000000045,[silence],nos,#,#,.,n,coextensive,8.020472469664773,9.463987112855618,30.86854773790413,f061152e-Audio_SP12.csv,f061152e-Audio_SP12,734.8757499999999,2353.872,1176.936,time column: time,audio_duration,H1
534.2084268375108,2052.258396395516,2743.2178670748112,3.2175803428618948,4.041856327008175,4.386289883998477,7128.205128205128,0.0009086558422229,738.69575,0.031,0.3297872340425531,0-0-1327-0,i,f061152e-Audio_SP12.v0,group_0,1,fave,306.0984635367165,69.40768793961027,6,hiciste,,0.07000000000005,cómo,tal,#,z,o,z,initial,24.967633919206587,56.93192905137422,80.34178799200602,f061152e-Audio_SP12.csv,f061152e-Audio_SP12,738.69575,2353.872,1176.936,time column: time,audio_duration,H1
476.15345111589386,2552.643899034377,4232.97032459516,3.728794366024612,2.9461760558818084,3.530982679232731,8205.128205128205,0.0019224393789404,741.30575,0.031,0.3297872340425531,0-0-1338-0,i,f061152e-Audio_SP12.v0,group_0,1,fave,263.2572360594875,73.95545684411742,6,hicieron,,0.07000000000005,cómo,",",#,z,o,z,initial,41.628888694395336,19.03303313983473,34.157517010515235,f061152e-Audio_SP12.csv,f061152e-Audio_SP12,741.30575,2353.872,1176.936,time column: time,audio_duration,H1
379.2376144903805,2449.985785405202,3278.4374518801897,2.691436236370233,2.4314188472117952,2.9212582517047188,7307.692307692308,0.0011391168294613,741.4657500000001,0.031,0.3297872340425531,0-0-1338-2,i,f061152e-Audio_SP12.v0,group_0,1,fave,294.48997919012857,75.0219456936153,6,hicieron,,0.0699999999999363,cómo,",",z,é,z,é,internal,14.752849290536444,11.375010037017564,18.56463174971722,f061152e-Audio_SP12.csv,f061152e-Audio_SP12,741.4657500000001,2353.872,1176.936,time column: time,audio_duration,H1
422.2600943057516,2595.7796579293595,3373.3624066662005,2.369204940326697,3.420522406120988,3.506384446082365,6948.717948717948,0.0027944303957932,743.70575,0.051,0.3311688311688312,0-0-1343-0,i,f061152e-Audio_SP12.v0,group_0,1,fave,397.6634600173155,83.93244334991552,6,y,,0.1299999999999954,compartimos,sí,#,#,s,s,coextensive,10.688890599017778,30.58538884262003,33.32755212680598,f061152e-Audio_SP12.csv,f061152e-Audio_SP12,743.70575,2353.872,1176.936,time column: time,audio_duration,H1
416.876752635321,2339.1780326463067,3026.2102906677314,4.209786776882174,2.674468898012022,4.192966311186753,7307.692307692308,0.0062544920808881,760.79875,0.037,0.324561403508772,0-0-1364-1,i,f061152e-Audio_SP12.v0,group_0,1,fave,281.9579626716948,73.46337554997285,6,siempre,,0.0900000000000318,este,trato,s,é,s,é,internal,67.34217936973563,14.50464434812292,66.21892585857178,f061152e-Audio_SP12.csv,f061152e-Audio_SP12,760.79875,2353.872,1176.936,time column: time,audio_duration,H1
500.8916700796809,2508.097994400323,2967.61618973791,3.216199508958401,3.0354299337794703,3.947725471045333,6769.2307692307695,0.0016852035755157,766.7537500000001,0.047,0.3263888888888889,0-0-1380-0,i,f061152e-Audio_SP12.v0,group_0,1,fave,224.61876493862343,70.39929144196974,6,y,,0.1200000000000045,[silence],que,#,#,.,k,coextensive,24.933181555770865,20.809922865254386,51.817372580738166,f061152e-Audio_SP12.csv,f061152e-Audio_SP12,766.7537500000001,2353.872,1176.936,time column: time,audio_duration,H1
534.1827736119731,2610.808161741292,2817.428752823008,4.244061310119204,2.778588349414193,4.361025458794406,6948.717948717948,0.000295996203888,768.04375,0.027,0.3214285714285714,0-0-1388-1,i,f061152e-Audio_SP12.v0,group_0,1,fave,246.15176201775589,75.13883133579088,6,bien,,0.0600000000000591,salir,pues,b,é,b,é,internal,69.69031184036476,16.096282575757904,78.3374250501323,f061152e-Audio_SP12.csv,f061152e-Audio_SP12,768.04375,2353.872,1176.936,time column: time,audio_duration,H1
477.476320128781,2696.7897494889994,3287.09299568354,2.3547384563389504,3.4694788547720576,3.763057470156855,7307.692307692308,0.0269584444345262,771.41075,0.2009999999999999,0.3327814569536423,0-0-1397-0,i,f061152e-Audio_SP12.v0,group_0,1,fave,270.42601366914647,70.4515878256209,6,y,,0.5800000000000409,malas,hay,#,#,s,á,coextensive,10.535373041291765,32.11999889807513,43.07994045782333,f061152e-Audio_SP12.csv,f061152e-Audio_SP12,771.41075,2353.872,1176.936,time column: time,audio_duration,H1
450.9625688692665,2628.003277645821,3354.942280843882,2.5349868954932,2.580668104524113,3.074515443522529,7307.692307692308,1.60675270181e-05,774.9477499999999,0.035,0.3365384615384616,0-0-1408-3,i,f061152e-Audio_SP12.v0,group_0,1,fave,219.1403036932172,75.85120574171374,6,envían,,0.0800000000000409,te,la,b,a,b,a,internal,12.616265517016354,13.20595817338563,21.639393862226665,f061152e-Audio_SP12.csv,f061152e-Audio_SP12,774.9477499999999,2353.872,1176.936,time column: time,audio_duration,H1
656.3585884311121,2221.948636976898,3366.2547734135787,2.249394444738155,3.674394457503428,4.2698885753896185,6230.769230769231,0.0006967012866309,776.04375,0.027,0.3214285714285714,0-0-1412-5,i,f061152e-Audio_SP12.v0,group_0,1,fave,459.06212401783694,62.95383806249563,6,revisión,,0.0600000000000591,a,[silence],s,o,s,o,internal,9.481992227211707,39.42477625013173,71.51366679280645,f061152e-Audio_SP12.csv,f061152e-Audio_SP12,776.04375,2353.872,1176.936,time column: time,audio_duration,H1
714.8068687078735,2431.1798397225666,3087.767272888669,3.970295214020896,3.133542298191783,4.040173098938988,7487.179487179487,0.0001349436388351,777.7037500000001,0.027,0.3214285714285714,0-0-1420-0,i,f061152e-Audio_SP12.v0,group_0,1,fave,239.1765608847328,76.69130775287051,6,hiciste,,0.0599999999999454,",",mal,#,z,.,z,initial,53.000174925133685,22.95514967834966,56.83618023651509,f061152e-Audio_SP12.csv,f061152e-Audio_SP12,777.7037500000001,2353.872,1176.936,time column: time,audio_duration,H1
512.0834650850122,1730.9268971808517,2986.2629722805323,2.6691235123546053,4.1320805480313645,3.691795513532148,6410.25641025641,0.000637204447606,782.69575,0.031,0.3297872340425531,0-0-1442-1,i,f061152e-Audio_SP12.v0,group_0,1,fave,419.9859456649007,61.74318800189258,6,simplemente,,0.07000000000005,que,te,s,m,s,m,internal,14.427318283198398,62.30742175746413,40.11681261020917,f061152e-Audio_SP12.csv,f061152e-Audio_SP12,782.69575,2353.872,1176.936,time column: time,audio_duration,H1
536.4069466295551,2523.138174179325,3118.2512494149632,3.1664944454786026,2.601521189374282,3.8367867571443055,7307.692307692308,0.0005225960968678,785.89075,0.041,0.3306451612903226,0-0-1453-1,i,f061152e-Audio_SP12.v0,group_0,1,fave,288.9754669359931,69.01651213253483,6,siempre,,0.1000000000000227,trato,de,s,é,s,é,internal,23.724172035260107,13.48423451580062,46.376216720510754,f061152e-Audio_SP12.csv,f061152e-Audio_SP12,785.89075,2353.872,1176.936,time column: time,audio_duration,H1
584.5733140218517,2361.7580990074634,2772.0088563749823,4.152077670282946,3.300816095688355,4.191080623677767,7487.179487179487,0.0001139336626051,788.0237500000001,0.027,0.3214285714285714,0-0-1456-4,i,f061152e-Audio_SP12.v0,group_0,1,fave,239.36575410391472,69.78105828541268,6,realizar,,0.0600000000000591,[silence],tareas,l,z,l,z,internal,63.565932243552936,27.13477445951133,66.09417531445901,f061152e-Audio_SP12.csv,f061152e-Audio_SP12,788.0237500000001,2353.872,1176.936,time column: time,audio_duration,H1
515.3028530646862,2419.5296287319616,3090.613797600744,3.175930171187763,3.656015049908343,4.594134989748753,7128.205128205128,0.0008269056728937,805.65775,0.035,0.3365384615384615,0-0-1479-1,i,f061152e-Audio_SP12.v0,group_0,1,fave,299.29942126660023,63.17291396454351,6,siento,,0.0800000000000409,Sí,que,s,é,s,é,internal,23.949086261004496,38.70679050574915,98.9025468185681,f061152e-Audio_SP12.csv,f061152e-Audio_SP12,805.65775,2353.872,1176.936,time column: time,audio_duration,H1
330.61293278906044,2515.895201724816,3306.598344515967,4.395952563648613,3.143036655157555,3.528896859019239,8564.102564102563,0.1576311762436605,808.32075,0.041,0.3306451612903226,0-0-1485-0,i,f061152e-Audio_SP12.v0,group_0,1,fave,252.11127628822337,75.69234193739196,6,y,,0.1000000000000227,[silence],bueno,#,#,.,b,coextensive,81.1218677126225,23.17413196663487,34.08634482308934,f061152e-Audio_SP12.csv,f061152e-Audio_SP12,808.32075,2353.872,1176.936,time column: time,audio_duration,H1
398.2378768679516,2562.143842094278,3170.7431767680346,3.3756558928264506,2.8229264017769173,3.364048578630195,7307.692307692308,0.0011944506024212,809.3357500000001,0.031,0.3297872340425531,0-0-1490-1,i,f061152e-Audio_SP12.v0,group_0,1,fave,275.5128404609472,73.72153540073087,6,tiempo,,0.0699999999999363,tengo,si,t,é,t,é,internal,29.243458066775982,16.826018384910263,28.905982442603392,f061152e-Audio_SP12.csv,f061152e-Audio_SP12,809.3357500000001,2353.872,1176.936,time column: time,audio_duration,H1
488.5367095560741,2097.0116807044674,2722.321705914754,2.3940647625543567,3.800919431048944,4.035482536556561,7487.179487179487,0.0001470760083237,811.32575,0.031,0.3297872340425531,0-0-1499-2,i,f061152e-Audio_SP12.v0,group_0,1,fave,471.3374144778479,72.43997590885853,6,principio,,0.07000000000005,al,no,R,n,R,n,internal,10.957944984821165,44.74230305019084,56.5702108481816,f061152e-Audio_SP12.csv,f061152e-Audio_SP12,811.32575,2353.872,1176.936,time column: time,audio_duration,H1
513.4846136044933,2240.918676246421,2756.939308332982,3.2095860810611154,3.74894268681546,3.922151641139709,7307.692307692308,1.30622130208e-05,813.8837500000001,0.027,0.3214285714285714,0-0-1505-3,i,f061152e-Audio_SP12.v0,group_0,1,fave,230.0234858616685,77.11839465803503,6,sabía,,0.0599999999999454,no,cómo,b,a,b,a,internal,24.768831813904885,42.476147658465166,50.50900519816037,f061152e-Audio_SP12.csv,f061152e-Audio_SP12,813.8837500000001,2353.872,1176.936,time column: time,audio_duration,H1
463.27225586075593,2280.978525524831,2760.2401005806287,2.960004024181125,4.154604879249001,4.823606253784766,8743.589743589742,0.0024479815527916,816.9757500000001,0.031,0.3297872340425531,0-0-1515-4,i,f061152e-Audio_SP12.v0,group_0,1,fave,417.1040355763385,77.39673895708773,6,realizarlas,,0.0699999999999363,a,mejor,l,z,l,z,internal,19.298049414192707,63.72677979953909,124.41294741460266,f061152e-Audio_SP12.csv,f061152e-Audio_SP12,816.9757500000001,2353.872,1176.936,time column: time,audio_duration,H1
452.1323495079044,2659.0727220108074,3327.5015422073952,1.72506320593925,2.7177446257529407,4.055414234268657,7307.692307692308,0.000560798662717,839.36075,0.041,0.3306451612903226,0-0-1550-3,i,f061152e-Audio_SP12.v0,group_0,1,fave,219.1523597748272,70.45141405349719,6,registrarte,,0.1000000000000227,[silence],en,x,s,x,s,internal,5.612875785567621,15.146123517062245,57.70906311725197,f061152e-Audio_SP12.csv,f061152e-Audio_SP12,839.36075,2353.872,1176.936,time column: time,audio_duration,H1
462.5287719565864,2614.6986027564603,3419.463545410178,3.481574533590232,2.907770206197338,4.684769824280678,6948.717948717948,0.0003360710835983,841.68575,0.031,0.3297872340425531,0-0-1559-1,i,f061152e-Audio_SP12.v0,group_0,1,fave,301.74900416793423,68.89679607944028,6,tiempo,,0.07000000000005,de,",",t,é,t,é,internal,32.5108712560858,18.315912292257988,108.28534478231091,f061152e-Audio_SP12.csv,f061152e-Audio_SP12,841.68575,2353.872,1176.936,time column: time,audio_duration,H1
509.6839977013209,2705.859680952094,3616.940071320661,3.462982501667041,3.0245599562201644,3.876135486809764,7666.666666666666,0.0012083723496858,843.0387499999999,0.077,0.3290598290598291,0-0-1561-0,i,f061152e-Audio_SP12.v0,group_0,1,fave,231.59513180656083,75.37016036195863,6,y,,0.2100000000000363,",",si,#,#,.,s,coextensive,31.9120123519867,20.584944441124907,48.23744018293357,f061152e-Audio_SP12.csv,f061152e-Audio_SP12,843.0387499999999,2353.872,1176.936,time column: time,audio_duration,H1
363.8225070631737,2540.365275388649,3297.318024504465,3.611172556805991,2.8014724436477825,3.758511903326333,7487.179487179487,0.0155894928675267,845.7527500000001,0.065,0.3350515463917525,0-0-1572-0,i,f061152e-Audio_SP12.v0,group_0,1,fave,268.49818155517653,63.66010702530429,6,y,,0.169999999999959,expira,pierdes,#,#,a,p,coextensive,37.0094230336947,16.468878422267565,42.88456209852384,f061152e-Audio_SP12.csv,f061152e-Audio_SP12,845.7527500000001,2353.872,1176.936,time column: time,audio_duration,H1
571.3274444284216,2483.9953236996885,3010.4531045547988,3.3675906946569385,3.194811161377741,3.618979867149879,5692.307692307692,0.0318712356461142,845.97275,0.045,0.335820895522388,0-0-1573-1,i,f061152e-Audio_SP12.v0,group_0,1,fave,241.5753514364398,66.30105907919376,6,pierdes,,0.1099999999998999,y,la,p,é,p,é,internal,29.00855233627241,24.40556454393227,37.29949796403265,f061152e-Audio_SP12.csv,f061152e-Audio_SP12,845.97275,2353.872,1176.936,time column: time,audio_duration,H1
467.8408744934623,2593.7941814849723,3117.8352462651965,3.294399446195005,2.714153500856174,3.4572637002908,6948.717948717948,0.0040779276841336,847.53875,0.037,0.324561403508772,0-0-1579-0,i,f061152e-Audio_SP12.v0,group_0,1,fave,353.5146535688353,57.51480915466868,6,hiciste,,0.0900000000000318,veces,la,#,z,s,z,initial,26.96121754516028,15.091829442560783,31.73003473471343,f061152e-Audio_SP12.csv,f061152e-Audio_SP12,847.53875,2353.872,1176.936,time column: time,audio_duration,H1
498.2953222629361,2451.650356906843,2733.133364560437,2.825167201846228,2.377863452770334,4.203370268456337,6769.2307692307695,3.363133279e-05,848.04375,0.027,0.3214285714285714,0-0-1581-1,i,f061152e-Audio_SP12.v0,group_0,1,fave,235.8283924523556,72.06264768727104,6,mitad,,0.0600000000000591,la,del,m,t,m,t,internal,16.863764402919138,10.781842322390885,66.91146104006974,f061152e-Audio_SP12.csv,f061152e-Audio_SP12,848.04375,2353.872,1176.936,time column: time,audio_duration,H1
583.6212342936666,1968.844267425573,2674.930959978482,3.2658169579928,3.596823872559419,3.126673675868964,7128.205128205128,8.876253824400408e-07,850.42275,0.025,0.3378378378378378,0-0-1590-0,i,f061152e-Audio_SP12.v0,group_0,1,fave,583.4020023785353,72.89502609014451,6,y,,0.0500000000000682,expiró,perdiste,#,#,o,p,coextensive,26.201507780698496,36.48217818927427,22.798019675922173,f061152e-Audio_SP12.csv,f061152e-Audio_SP12,850.42275,2353.872,1176.936,time column: time,audio_duration,H1
544.3807363621994,2505.2259706126247,3385.333444964117,3.54595595294324,3.277688950654967,4.772334373022987,8384.615384615383,8.24575704575e-05,856.7637500000001,0.027,0.3214285714285714,0-0-1617-1,i,f061152e-Audio_SP12.v0,group_0,1,fave,223.2744892309588,83.73040779009366,6,ahí,,0.0599999999999454,ya,[silence],á,#,á,.,final,34.67281508413086,26.514425693066396,118.194830996653,f061152e-Audio_SP12.csv,f061152e-Audio_SP12,856.7637500000001,2353.872,1176.936,time column: time,audio_duration,H1
443.7122725397771,2595.710492618521,3337.286014952552,2.6200978541727045,2.218776137662523,3.6074080338748495,7307.692307692308,0.00065282106717,861.58775,0.195,0.333904109589041,0-0-1633-0,i,f061152e-Audio_SP12.v0,group_0,1,fave,218.01041604769577,77.12206271130421,6,y,,0.5599999999999454,[silence],que,#,#,.,k,coextensive,13.737067748710777,9.196069253144325,36.87036212523205,f061152e-Audio_SP12.csv,f061152e-Audio_SP12,861.58775,2353.872,1176.936,time column: time,audio_duration,H1
1208.4165509658849,2563.3564860704105,3464.1301529182774,4.600489051332295,3.073091936613332,4.268532260852608,6410.25641025641,0.0513573757424324,863.28875,0.037,0.3245614035087719,0-0-1640-0,i,f061152e-Audio_SP12.v0,group_0,1,fave,239.4237073887245,68.86786533227004,6,iniciar,,0.0900000000000318,de,la,#,n,e,n,initial,99.53298047787248,21.60861194988337,71.41673751509384,f061152e-Audio_SP12.csv,f061152e-Audio_SP12,863.28875,2353.872,1176.936,time column: time,audio_duration,H1
576.0726496709511,2498.594649024927,2952.5954135129355,3.238919520414618,3.1905930084097824,4.548301559093547,7846.153846153846,0.0026939447645562,863.40775,0.035,0.3365384615384615,0-0-1640-2,i,f061152e-Audio_SP12.v0,group_0,1,fave,237.92240495266347,69.18567136149352,6,iniciar,,0.0800000000000409,de,la,n,z,n,z,internal,25.506147981392846,24.30283495629473,94.47181717744918,f061152e-Audio_SP12.csv,f061152e-Audio_SP12,863.40775,2353.872,1176.936,time column: time,audio_duration,H1
451.0904391154618,2179.4136592264204,3137.7860144050896,2.6438660352089403,3.422231076005353,3.779649411019808,7128.205128205128,7.56661005329e-05,863.5727499999999,0.025,0.3378378378378378,0-0-1640-4,i,f061152e-Audio_SP12.v0,group_0,1,fave,481.5877054310282,69.1571623842165,6,iniciar,,0.0500000000000682,de,la,z,á,z,á,internal,14.067484003624749,30.63769384870576,43.80068300664372,f061152e-Audio_SP12.csv,f061152e-Audio_SP12,863.5727499999999,2353.872,1176.936,time column: time,audio_duration,H1
940.8506981590482,2392.868939999675,2858.4221102902584,3.451937737510388,3.465124903829858,4.00216158781526,8205.128205128205,0.0061553713502584,865.96775,0.035,0.3365384615384615,0-0-1650-4,i,f061152e-Audio_SP12.v0,group_0,1,fave,226.13852948650737,72.74046972851441,6,preliminar,,0.0799999999999272,vista,de,l,m,l,m,internal,31.561490977990232,31.980454004863727,54.71629637483506,f061152e-Audio_SP12.csv,f061152e-Audio_SP12,865.96775,2353.872,1176.936,time column: time,audio_duration,H1
522.240703775174,1516.867964330755,2846.694198421048,3.8253929522655694,5.22490710427541,3.796464390537743,9641.02564102564,0.000832856482506,866.0937500000001,0.027,0.3214285714285714,0-0-1650-6,i,f061152e-Audio_SP12.v0,group_0,1,fave,410.84998245286863,75.57176174410249,6,preliminar,,0.0599999999999454,vista,de,m,n,m,n,internal,45.850814008093685,185.84390561977523,44.543417627790944,f061152e-Audio_SP12.csv,f061152e-Audio_SP12,866.0937500000001,2353.872,1176.936,time column: time,audio_duration,H1
352.5045667786643,2462.152975733106,3266.434087667514,3.596242866305263,1.9684231646537127,3.781378327857095,6589.74358974359,0.0021851015897945,876.0237500000001,0.047,0.3263888888888889,0-0-1688-0,i,f061152e-Audio_SP12.v0,group_0,1,fave,244.84624280455023,65.35691771289304,6,y,,0.1200000000000045,[silence],adelantando,#,#,.,a,coextensive,36.46098797200154,7.159378422139036,43.87647624620279,f061152e-Audio_SP12.csv,f061152e-Audio_SP12,876.0237500000001,2353.872,1176.936,time column: time,audio_duration,H1
412.3854084086372,2474.7882805980503,3433.0644268278875,2.085866723129976,2.8475855518642983,4.020606699744863,7487.179487179487,0.0004377915324261,879.8887500000001,0.037,0.324561403508772,0-0-1699-0,i,f061152e-Audio_SP12.v0,group_0,1,fave,418.1010336605763,74.42434828954342,6,y,,0.0900000000000318,[silence],que,#,#,.,k,coextensive,8.051566937663932,17.24609173748101,55.73490992692187,f061152e-Audio_SP12.csv,f061152e-Audio_SP12,879.8887500000001,2353.872,1176.936,time column: time,audio_duration,H1
462.6578200551735,1913.478915341182,2863.479531744346,3.134296934950347,2.780955878128283,4.029925445284657,6948.717948717948,0.0001223203115804,901.64575,0.031,0.3297872340425531,0-0-1717-1,i,f061152e-Audio_SP12.v0,group_0,1,fave,233.33807239671629,67.65442653351718,6,situación,,0.07000000000005,la,de,s,t,s,t,internal,22.972479015950466,16.134436133946892,56.25671688726145,f061152e-Audio_SP12.csv,f061152e-Audio_SP12,901.64575,2353.872,1176.936,time column: time,audio_duration,H1
435.8557825617211,2589.763183454327,3963.234455764168,2.5906133665978657,2.967053637657655,3.649711773004827,10000.0,0.0020082302577261,903.06075,0.101,0.3322368421052631,0-0-1722-0,i,f061152e-Audio_SP12.v0,group_0,1,fave,213.28927559693847,82.43398964351431,6,y,,0.2799999999999727,[silence],las,#,#,&,l,coextensive,13.337950147820989,19.434573860296585,38.46357820963061,f061152e-Audio_SP12.csv,f061152e-Audio_SP12,903.06075,2353.872,1176.936,time column: time,audio_duration,H1
793.5754186048503,2247.942357073576,3142.59948639236,4.095262926558331,3.829179281446413,3.695060143399923,6589.74358974359,0.0012232396340458,904.10375,0.027,0.3214285714285714,0-0-1725-0,i,f061152e-Audio_SP12.v0,group_0,1,fave,260.0724416064213,76.53951318497204,6,y,,0.0599999999999454,restricciones,la,#,#,s,l,coextensive,60.05512716971266,46.02474936359512,40.2479931663291,f061152e-Audio_SP12.csv,f061152e-Audio_SP12,904.10375,2353.872,1176.936,time column: time,audio_duration,H1
486.3513084950346,2425.5755025300864,3701.9305952222585,1.8006218365518014,2.791693703206385,4.857129536527512,8205.128205128205,0.0005485301129092,904.62375,0.027,0.3214285714285714,0-0-1728-4,i,f061152e-Audio_SP12.v0,group_0,1,fave,428.74122068890335,73.14137392101648,6,flexibilidad,,0.0599999999999454,[silence],",",s,b,s,b,internal,6.05341052621526,16.308618382534775,128.65437389128985,f061152e-Audio_SP12.csv,f061152e-Audio_SP12,904.62375,2353.872,1176.936,time column: time,audio_duration,H1
405.3404641616712,2393.752666523866,2790.7266236923747,1.6006907019806962,3.9255491038516905,4.3864563771297,7307.692307692308,0.0017221650987168,904.82375,0.047,0.3263888888888889,0-0-1728-8,i,f061152e-Audio_SP12.v0,group_0,1,fave,401.5850317274789,81.68405857617712,6,flexibilidad,,0.1200000000000045,[silence],",",l,d,l,d,internal,4.956454675442831,50.68089949683105,80.35516546145435,f061152e-Audio_SP12.csv,f061152e-Audio_SP12,904.82375,2353.872,1176.936,time column: time,audio_duration,H1
585.6327459688805,2535.253993689269,3054.362274603494,4.273808265936299,2.775763168585457,3.660523976484648,8384.615384615383,0.00017417928444,907.54375,0.027,0.3214285714285714,0-0-1736-1,i,f061152e-Audio_SP12.v0,group_0,1,fave,240.10880400253484,68.84179999408957,6,días,,0.0600000000000591,los,a,d,á,d,á,internal,71.79452832203748,16.05087184378002,38.88171063680795,f061152e-Audio_SP12.csv,f061152e-Audio_SP12,907.54375,2353.872,1176.936,time column: time,audio_duration,H1
411.1232326387892,2380.601681568244,2970.639277737512,1.6348558040222905,2.531981623792146,3.826786121909602,7307.692307692308,4.15681488761e-05,911.13375,0.027,0.3214285714285714,0-0-1751-1,i,f061152e-Audio_SP12.v0,group_0,1,fave,404.34914789429024,83.98443672697822,6,días,,0.0599999999999454,los,que,d,á,d,á,internal,5.128718403140673,12.578407127152598,45.91473648741379,f061152e-Audio_SP12.csv,f061152e-Audio_SP12,911.13375,2353.872,1176.936,time column: time,audio_duration,H1
312.29703381906614,1500.298968401888,2741.3973177741805,3.609548965732728,3.7118282638716655,3.9558575533741616,6051.282051282051,0.001476769397464,912.05775,0.035,0.3365384615384615,0-0-1757-2,i,f061152e-Audio_SP12.v0,group_0,1,fave,259.0866169242469,65.13940293306021,6,oficina,,0.0800000000000409,la,entonces,f,z,f,z,internal,36.949383617749376,40.92856638503329,52.24047373567672,f061152e-Audio_SP12.csv,f061152e-Audio_SP12,912.05775,2353.872,1176.936,time column: time,audio_duration,H1
478.9364733596206,2374.3835242758364,3090.7122485085883,2.7176673900966906,3.1888768326367805,3.4867608547836184,4794.871794871795,0.1123002126618606,916.70775,0.055,0.3353658536585365,0-0-1769-0,i,f061152e-Audio_SP12.v0,group_0,1,fave,205.82494351827705,68.07425057850726,6,Y,,0.1400000000001,[silence],así,#,#,.,á,coextensive,15.14495374144753,24.26116278833795,32.67992107109187,f061152e-Audio_SP12.csv,f061152e-Audio_SP12,916.70775,2353.872,1176.936,time column: time,audio_duration,H1
568.1135546138247,2592.018823550905,4494.859969295126,2.403113996170358,3.234491205062072,3.994281833119215,7846.153846153846,0.0031985513074313,917.03275,0.045,0.335820895522388,0-0-1770-2,i,f061152e-Audio_SP12.v0,group_0,1,fave,427.9760134001201,71.85498406956556,6,así,,0.1100000000000136,Y,es,s,#,s,s,final,11.05755601091308,25.393448433441307,54.286839610600325,f061152e-Audio_SP12.csv,f061152e-Audio_SP12,917.03275,2353.872,1176.936,time column: time,audio_duration,H1
806.1184725168778,2552.0882294216176,3186.9496109179763,4.206656348221143,2.474609534447848,3.671022657230051,7307.692307692308,0.0004089156690765,931.62875,0.037,0.324561403508772,0-0-1807-1,i,f061152e-Audio_SP12.v0,group_0,1,fave,322.3143375300055,80.9818460163043,6,día,,0.0900000000000318,el,completo,d,á,d,á,internal,67.13169909995977,11.877068621415514,39.29206763799179,f061152e-Audio_SP12.csv,f061152e-Audio_SP12,931.62875,2353.872,1176.936,time column: time,audio_duration,H1
478.7539672118704,2549.14333202438,3125.983291525029,3.226621175848033,2.930925260600352,3.932935321534267,7487.179487179487,0.000224432019215,936.44875,0.037,0.324561403508772,0-0-1823-1,i,f061152e-Audio_SP12.v0,group_0,1,fave,240.2471719109001,67.34606199000518,6,diez,,0.0900000000000318,[silence],de,d,é,d,é,internal,25.194385595052868,18.74496645421189,51.05662554186131,f061152e-Audio_SP12.csv,f061152e-Audio_SP12,936.44875,2353.872,1176.936,time column: time,audio_duration,H1
541.916579317656,2406.9566075061025,3147.5012968334067,4.236872617415064,2.729897072092637,3.5526744720503456,6769.2307692307695,0.000128057737289,938.69275,0.045,0.335820895522388,0-0-1836-1,i,f061152e-Audio_SP12.v0,group_0,1,fave,238.5394549639124,68.85917506418461,6,día,,0.1100000000000136,el,[silence],d,á,d,á,internal,69.19112600060376,15.331308919149102,34.906549349634616,f061152e-Audio_SP12.csv,f061152e-Audio_SP12,938.69275,2353.872,1176.936,time column: time,audio_duration,H1
506.0279222199752,2619.0203432609737,3305.578414556601,3.127036815744628,3.151997163034042,3.7833988510791454,6769.2307692307695,0.0021442978774898,941.79275,0.045,0.335820895522388,0-0-1845-1,i,f061152e-Audio_SP12.v0,group_0,1,fave,267.1880926236105,69.36700993948118,6,siempre,,0.1100000000000136,salen,[silence],s,é,s,é,internal,22.806300049328566,23.382717077297627,43.965219308878254,f061152e-Audio_SP12.csv,f061152e-Audio_SP12,941.79275,2353.872,1176.936,time column: time,audio_duration,H1
407.44424727772406,2030.3351115363207,2651.6499737846125,2.8296767601633643,3.70817242977261,3.874152409159924,7307.692307692308,0.0013562979295585,947.52875,0.037,0.324561403508772,0-0-1864-4,i,f061152e-Audio_SP12.v0,group_0,1,fave,370.36674401893686,71.845682596348,6,realizar,,0.0900000000000318,puedas,[silence],l,z,l,z,internal,16.939984261721694,40.779211511083446,48.14187637996003,f061152e-Audio_SP12.csv,f061152e-Audio_SP12,947.52875,2353.872,1176.936,time column: time,audio_duration,H1
413.6855802910322,2216.6665700442104,3333.517288946039,4.019286844922092,2.8234393763712493,3.711263813745171,8923.076923076922,0.0282811692598448,951.35775,0.055,0.3353658536585365,0-0-1875-1,i,f061152e-Audio_SP12.v0,group_0,1,fave,323.4743230583099,64.57130507986452,6,día,,0.1399999999999863,el,en,d,á,d,á,internal,55.66139646148091,16.834651919068005,40.90547076933482,f061152e-Audio_SP12.csv,f061152e-Audio_SP12,951.35775,2353.872,1176.936,time column: time,audio_duration,H1
665.0883427314377,2473.353324971504,2993.3704057044606,3.995077460042902,3.7913586985445273,3.5534796598582754,7128.205128205128,0.0007602667250542,952.57375,0.027,0.3214285714285714,0-0-1880-0,i,f061152e-Audio_SP12.v0,group_0,1,fave,301.22440410367284,69.43011457685687,6,y,,0.0600000000000591,[silence],cuando,#,#,.,k,coextensive,54.33004886874161,44.31657225115514,34.93466699606177,f061152e-Audio_SP12.csv,f061152e-Audio_SP12,952.57375,2353.872,1176.936,time column: time,audio_duration,H1
527.0486198851445,2032.640826305746,2531.4847655213084,2.005728402034113,3.7859260991606334,3.860037892500339,6230.769230769231,0.0016847582423875,959.42775,0.035,0.3365384615384615,0-0-1905-2,i,f061152e-Audio_SP12.v0,group_0,1,fave,418.9098265118124,72.41599752697529,6,oficina,,0.0800000000000409,de,",",f,z,f,z,internal,7.431505049165699,44.0764708459321,47.46714998377316,f061152e-Audio_SP12.csv,f061152e-Audio_SP12,959.42775,2353.872,1176.936,time column: time,audio_duration,H1
352.61365218877694,1785.1251094968802,2759.963201262038,3.361135773623199,3.816422792798861,3.2917419413547444,6051.282051282051,0.0012716490461338,977.19775,0.035,0.3365384615384615,0-0-1950-1,i,f061152e-Audio_SP12.v0,group_0,1,fave,248.70342586169733,61.0320457343835,6,sin,,0.0800000000000409,",",embargo,s,n,s,n,internal,28.821907458673557,45.44136405593153,26.88966309928959,f061152e-Audio_SP12.csv,f061152e-Audio_SP12,977.19775,2353.872,1176.936,time column: time,audio_duration,H1
444.8111104142845,2278.1345288931734,3176.010146262677,2.71995900826714,2.9031365108967577,3.732478885491945,6410.25641025641,0.0334338624299491,985.34375,0.067,0.3284313725490196,0-0-1981-2,i,f061152e-Audio_SP12.v0,group_0,1,fave,420.5421554097138,63.660799866836165,6,así,,0.1800000000000636,ser,",",s,#,s,.,final,15.179699989993445,18.231238263871106,41.78255406287141,f061152e-Audio_SP12.csv,f061152e-Audio_SP12,985.34375,2353.872,1176.936,time column: time,audio_duration,H1
615.4589022407199,2383.264708270952,3278.463208184872,3.522735404512801,2.8049136842040454,3.70878728069143,7307.692307692308,0.0006304657613287,996.36775,0.035,0.3365384615384616,0-0-2015-0,i,f061152e-Audio_SP12.v0,group_0,1,fave,116.73498429984988,71.7891939771326,6,y,,0.0799999999999272,[silence],hubo,#,#,.,ú,coextensive,33.87696905220104,16.52564941991605,40.80429235645006,f061152e-Audio_SP12.csv,f061152e-Audio_SP12,996.36775,2353.872,1176.936,time column: time,audio_duration,H1
390.7567620345709,2090.465793814898,2761.713989235012,3.828262328585146,4.007705331984705,4.710437826304777,7307.692307692308,0.0001179839136675,1011.16375,0.027,0.3214285714285714,0-0-2047-2,i,f061152e-Audio_SP12.v0,group_0,1,fave,319.98279227134026,69.65162089707775,6,oficina,,0.0600000000000591,una,.,f,z,f,z,internal,45.982566180927726,55.02047188040852,111.10079210796006,f061152e-Audio_SP12.csv,f061152e-Audio_SP12,1011.16375,2353.872,1176.936,time column: time,audio_duration,H1
508.7909244784272,2407.484969902588,3021.8979256684534,3.5237880804767845,3.6777333084319546,3.415204090650134,6589.74358974359,0.0066491261124745,1014.15275,0.045,0.3358208955223881,0-0-2057-1,i,f061152e-Audio_SP12.v0,group_0,1,fave,250.3198449399316,67.95875464491499,6,mi,,0.1100000000000136,en,casa,m,#,m,k,final,33.91264929982959,39.55662969793373,30.42315787607056,f061152e-Audio_SP12.csv,f061152e-Audio_SP12,1014.15275,2353.872,1176.936,time column: time,audio_duration,H1
485.9283370858869,2520.673906742897,2715.389248399224,3.768412348639089,3.800560422732327,4.54260005074718,8205.128205128205,0.000343685019115,1025.19575,0.031,0.3297872340425531,0-0-2080-4,i,f061152e-Audio_SP12.v0,group_0,1,fave,223.3737001028188,66.64742643361315,6,utilizamos,,0.0699999999999363,la,para,l,z,l,z,internal,43.31124706065117,44.72624307429616,93.934717916241,f061152e-Audio_SP12.csv,f061152e-Audio_SP12,1025.19575,2353.872,1176.936,time column: time,audio_duration,H1
454.3354220332176,1841.0956075956008,2876.1177207002293,1.9258809998306257,4.039424926005951,3.7453721794929855,5692.307692307692,0.0005399918367576,1031.34575,0.031,0.3297872340425531,0-0-2098-4,i,f061152e-Audio_SP12.v0,group_0,1,fave,407.2674358616,64.63557615699247,6,especificaciones,,0.0700000000001637,más,el,z,f,z,f,internal,6.861190711842675,56.793672848266446,42.32475669432734,f061152e-Audio_SP12.csv,f061152e-Audio_SP12,1031.34575,2353.872,1176.936,time column: time,audio_duration,H1
439.7027005755752,2425.793196766658,2909.276501725096,1.294949975796528,3.170307209771938,4.391263120241676,7307.692307692308,0.0003516592221532,1031.44575,0.031,0.3297872340425531,0-0-2098-6,i,f061152e-Audio_SP12.v0,group_0,1,fave,414.8383074043639,80.22020526111518,6,especificaciones,,0.0699999999999363,más,el,f,k,f,k,internal,3.650813340543874,23.8147993718328,80.74234188287774,f061152e-Audio_SP12.csv,f061152e-Audio_SP12,1031.44575,2353.872,1176.936,time column: time,audio_duration,H1
489.77885614595664,1944.4082793537684,2494.7609188942283,2.112962506969428,3.866807499073841,3.836445270628183,6948.717948717948,0.0001718515821304,1057.83075,0.041,0.3306451612903226,0-0-2135-1,i,f061152e-Audio_SP12.v0,group_0,1,fave,232.28515675402656,75.87066526768088,6,Microworkers,,0.1000000000001364,en,[silence],m,k,m,k,internal,8.272712987815632,47.78957402495804,46.36038257155997,f061152e-Audio_SP12.csv,f061152e-Audio_SP12,1057.83075,2353.872,1176.936,time column: time,audio_duration,H1
313.51208822086903,2660.7728322712496,3395.038670987275,2.8284666670433194,2.899198231925563,3.826409571497425,7307.692307692308,0.0028842724182239,1059.33375,0.067,0.3284313725490196,0-0-2140-1,i,f061152e-Audio_SP12.v0,group_0,1,fave,240.6471360950744,78.59951512733723,6,días,,0.1800000000000636,dan,",",d,á,d,á,internal,16.919497701135843,18.159579759806327,45.89745052918604,f061152e-Audio_SP12.csv,f061152e-Audio_SP12,1059.33375,2353.872,1176.936,time column: time,audio_duration,H1
635.6719101766316,2650.43789400561,3248.701493652221,4.124289577101801,2.866898143179076,3.433607440995647,7666.666666666666,0.002493004366808,1063.01775,0.055,0.3353658536585365,0-0-2158-1,i,f061152e-Audio_SP12.v0,group_0,1,fave,299.8377929311594,69.78688468395796,6,días,,0.1400000000001,siete,te,d,á,d,á,internal,61.82387255068169,17.582395454397282,30.988229566957347,f061152e-Audio_SP12.csv,f061152e-Audio_SP12,1063.01775,2353.872,1176.936,time column: time,audio_duration,H1
427.33744549965945,2657.403470694493,3268.8532684696493,3.5803211728636395,3.3971872136006027,3.7139317047181786,7307.692307692308,0.0122010197705498,1067.14775,0.075,0.3348214285714286,0-0-2175-1,i,f061152e-Audio_SP12.v0,group_0,1,fave,275.80453878756265,66.29158366603698,6,día,,0.2000000000000454,un,",",d,á,d,á,internal,35.885064305317485,29.879935857748112,41.01474781034636,f061152e-Audio_SP12.csv,f061152e-Audio_SP12,1067.14775,2353.872,1176.936,time column: time,audio_duration,H1
463.6265843276912,2592.3605408663693,3340.3983900787903,2.327950124324665,2.908666342980161,3.496912984780515,7307.692307692308,0.0014966271175656,1067.68375,0.067,0.3284313725490196,0-0-2178-1,i,f061152e-Audio_SP12.v0,group_0,1,fave,378.8652822137889,73.61355096636164,6,días,,0.1799999999998363,dos,",",d,á,d,á,internal,10.2568946098602,18.332333211570024,33.01338168180274,f061152e-Audio_SP12.csv,f061152e-Audio_SP12,1067.68375,2353.872,1176.936,time column: time,audio_duration,H1
507.5237140805163,2621.3048997166165,3200.2596165960904,3.2723537043849404,3.601004604679147,4.1192035408522605,7846.153846153846,0.009802437883072,1070.81075,0.061,0.3315217391304348,0-0-2186-1,i,f061152e-Audio_SP12.v0,group_0,1,fave,331.95620829181706,71.00253546635369,6,ahí,,0.1600000000000818,menos,puedes,á,#,á,p,final,26.37334139668041,36.63501967546288,61.5102323625822,f061152e-Audio_SP12.csv,f061152e-Audio_SP12,1070.81075,2353.872,1176.936,time column: time,audio_duration,H1
1214.005763684011,2532.111409882321,3905.975460437682,3.828844984486136,3.223462984286728,3.959244027980587,8923.076923076922,0.0028805915334724,1074.95775,0.035,0.3365384615384615,0-0-2199-1,i,f061152e-Audio_SP12.v0,group_0,1,fave,249.827867197344,70.37093309633794,6,miércoles,,0.0799999999999272,los,y,m,e,m,e,internal,46.00936600123425,25.114942413498767,52.41768466420731,f061152e-Audio_SP12.csv,f061152e-Audio_SP12,1074.95775,2353.872,1176.936,time column: time,audio_duration,H1
559.3970134291206,2012.4113222517112,3257.7635812160343,3.411871816132867,4.418872660050838,3.633636119241197,6230.769230769231,4.98764128948e-05,1075.3427499999998,0.025,0.3378378378378378,0-0-2200-0,i,f061152e-Audio_SP12.v0,group_0,1,fave,272.0329302160769,69.5520473145895,6,y,,0.0500000000001819,miércoles,los,#,#,s,l,coextensive,30.32194828506888,83.0026603797373,37.8501945251903,f061152e-Audio_SP12.csv,f061152e-Audio_SP12,1075.3427499999998,2353.872,1176.936,time column: time,audio_duration,H1
370.8678582980382,1750.3874277614711,2698.124200652822,1.8580395246478032,3.590098846676233,3.98421970508023,6769.2307692307695,0.0011854008781585,1087.24775,0.035,0.3365384615384616,0-0-2250-4,i,f061152e-Audio_SP12.v0,group_0,1,fave,368.5532553088601,72.41931139260127,6,cantidad,,0.0799999999999272,tal,",",t,d,t,d,internal,6.4111555304557895,36.23765772146952,53.74333745935384,f061152e-Audio_SP12.csv,f061152e-Audio_SP12,1087.24775,2353.872,1176.936,time column: time,audio_duration,H1
452.9945252437517,2246.964092478495,2994.3666512965387,1.6292219490243622,3.77249214706266,4.512558973873304,7307.692307692308,0.0087317645693916,1094.36575,0.031,0.3297872340425531,0-0-2273-1,i,f061152e-Audio_SP12.v0,group_0,1,fave,435.4396191070031,79.63497814079624,6,ni,,0.0700000000001637,[silence],cuándo,n,#,n,k,final,5.09990518828113,43.48830916137562,91.15478301652573,f061152e-Audio_SP12.csv,f061152e-Audio_SP12,1094.36575,2353.872,1176.936,time column: time,audio_duration,H1
506.2510906136165,2548.721074039485,3986.0467291082255,3.921422624150346,3.102933845466104,4.4543149086933385,8384.615384615383,0.0002331190745507,1096.33575,0.031,0.3297872340425531,0-0-2284-1,i,f061152e-Audio_SP12.v0,group_0,1,fave,464.424990622823,62.77267265029065,6,simplemente,,0.0700000000001637,ellos,mientras,s,m,s,m,internal,50.47219669389776,22.263172267530464,85.99721471492998,f061152e-Audio_SP12.csv,f061152e-Audio_SP12,1096.33575,2353.872,1176.936,time column: time,audio_duration,H1
592.8616210266683,2479.377281201722,2826.4314648774216,4.247051348615203,2.9115855944977493,3.803994954242179,7128.205128205128,0.0049789450138462,1097.40875,0.037,0.324561403508772,0-0-2287-3,i,f061152e-Audio_SP12.v0,group_0,1,fave,245.0467877338089,64.75960775201179,6,revisando,,0.0899999999999181,van,[silence],b,s,b,s,internal,69.89900039349068,18.385928093527657,44.880120863247626,f061152e-Audio_SP12.csv,f061152e-Audio_SP12,1097.40875,2353.872,1176.936,time column: time,audio_duration,H1
469.5159330546614,2616.840832162207,3677.64936048542,2.3853996806348823,3.1643435926839345,4.085975519748407,7666.666666666666,0.0003191850210591,1099.28075,0.041,0.3306451612903226,0-0-2290-1,i,f061152e-Audio_SP12.v0,group_0,1,fave,217.18059756793733,80.03837246162288,6,mi,,0.099999999999909,en,Dashboard,m,#,m,d,final,10.863403689434588,23.673199670214345,59.49995282822968,f061152e-Audio_SP12.csv,f061152e-Audio_SP12,1099.28075,2353.872,1176.936,time column: time,audio_duration,H1
628.188674594651,2655.995772981992,3278.895956473856,3.084981902407528,2.716222089367706,3.8681659371794623,5692.307692307692,0.0853771079110835,1103.10775,0.1149999999999999,0.3343023255813952,0-0-2305-0,i,f061152e-Audio_SP12.v0,group_0,1,fave,338.28190193347274,71.81598229133766,6,y,,0.3199999999999363,",",[silence],#,#,.,®,coextensive,21.867071097152976,15.123080539249685,47.85453731768108,f061152e-Audio_SP12.csv,f061152e-Audio_SP12,1103.10775,2353.872,1176.936,time column: time,audio_duration,H1
445.02321893870857,2524.2943368016363,3280.606102351756,3.839517710074337,3.509294270050232,4.339557737272799,7128.205128205128,0.0077201662988868,1125.02575,0.051,0.3311688311688311,0-0-2336-4,i,f061152e-Audio_SP12.v0,group_0,1,fave,224.8683418958776,74.43381175701704,6,también,,0.1300000000001091,porque,Paypal,b,e,b,e,internal,46.50304108230621,33.42467066717733,76.67362195350138,f061152e-Audio_SP12.csv,f061152e-Audio_SP12,1125.02575,2353.872,1176.936,time column: time,audio_duration,H1
510.2570735997601,2351.684669928477,2661.5883671400643,3.1179366471102177,3.734692042897749,4.107518790440429,6769.2307692307695,0.0013547977585937,1127.27775,0.035,0.3365384615384616,0-0-2343-3,i,f061152e-Audio_SP12.v0,group_0,1,fave,202.68337325285864,76.65516093058918,6,comisiones,,0.0799999999999272,las,son,m,s,m,s,internal,22.599700344789284,41.87512783420683,60.79568344250957,f061152e-Audio_SP12.csv,f061152e-Audio_SP12,1127.27775,2353.872,1176.936,time column: time,audio_duration,H1
681.0256692436321,2679.017585237126,4227.192419526044,4.168463080906219,4.562457387916885,3.9915980832954063,7846.153846153846,0.0006737344754469,1127.40375,0.027,0.3214285714285714,0-0-2343-5,i,f061152e-Audio_SP12.v0,group_0,1,fave,-16.23671328083758,55.88771390108842,6,comisiones,,0.0599999999999454,las,son,s,ó,s,ó,internal,64.61606608709609,95.81865435762889,54.14134264042293,f061152e-Audio_SP12.csv,f061152e-Audio_SP12,1127.40375,2353.872,1176.936,time column: time,audio_duration,H1
428.9908089883917,2448.490424534654,3186.5138686654914,4.26977649769284,3.207422335628675,3.944892129610844,6948.717948717948,0.0042240991569463,1133.93775,0.035,0.3365384615384616,0-0-2360-1,i,f061152e-Audio_SP12.v0,group_0,1,fave,247.5531850044836,64.88652164993056,6,diez,,0.0799999999999272,[silence],dólares,d,é,d,é,internal,71.50565215488359,24.715296306692117,51.6707640660474,f061152e-Audio_SP12.csv,f061152e-Audio_SP12,1133.93775,2353.872,1176.936,time column: time,audio_duration,H1
444.2916235141622,2099.9131070501,3317.1293489390628,3.400120313975598,4.062124356691297,4.132717752333828,7128.205128205128,0.0002034681359157,1137.77875,0.037,0.324561403508772,0-0-2368-9,i,f061152e-Audio_SP12.v0,group_0,1,fave,213.8907061194207,81.97225669167774,6,depositaría,,0.0899999999999181,me,[silence],R,a,R,a,internal,29.967705364279592,58.097600103189166,62.34713696669067,f061152e-Audio_SP12.csv,f061152e-Audio_SP12,1137.77875,2353.872,1176.936,time column: time,audio_duration,H1
831.4545805018373,2665.5568685781973,3188.9579613212377,3.862740266155922,3.215389492408661,3.301530836057002,6051.282051282051,0.006479672456575,1139.99575,0.051,0.3311688311688312,0-0-2378-1,i,f061152e-Audio_SP12.v0,group_0,1,fave,250.41140717993537,68.75469467045967,6,diez,,0.1299999999998817,esos,dólares,d,é,d,é,internal,47.59559743773368,24.912993443529363,27.15417571081449,f061152e-Audio_SP12.csv,f061152e-Audio_SP12,1139.99575,2353.872,1176.936,time column: time,audio_duration,H1
441.9494958224063,2559.7012571444493,3075.860558682798,2.582841035006709,3.051581800693812,4.262591459123892,7666.666666666666,0.0001171344254022,1141.91775,0.035,0.3365384615384616,0-0-2385-9,i,f061152e-Audio_SP12.v0,group_0,1,fave,421.9689294209701,78.21465300087944,6,depositaría,,0.0799999999999272,me,en,R,a,R,a,internal,13.23468500184997,21.14877111921453,70.99372260538412,f061152e-Audio_SP12.csv,f061152e-Audio_SP12,1141.91775,2353.872,1176.936,time column: time,audio_duration,H1
548.410889386567,2039.6386826223168,2920.196445644928,4.016705814175789,2.906961093203492,3.067557155455441,7487.179487179487,0.0016602783249507,1144.11775,0.035,0.3365384615384615,0-0-2392-3,i,f061152e-Audio_SP12.v0,group_0,1,fave,267.5914196079648,62.46728581852368,6,retirar,,0.0800000000001546,yo,esos,t,R,t,R,internal,55.51791792673758,18.30109864339423,21.489343378805604,f061152e-Audio_SP12.csv,f061152e-Audio_SP12,1144.11775,2353.872,1176.936,time column: time,audio_duration,H1
586.5092277040917,2385.609828059277,2672.419811098253,4.553004208395112,2.495554143536417,3.122994439128687,6230.769230769231,0.0060753591159408,1144.74875,0.037,0.3245614035087719,0-0-2394-1,i,f061152e-Audio_SP12.v0,group_0,1,fave,250.6281600839137,69.1890907783941,6,diez,,0.0899999999999181,esos,dólares,d,é,d,é,internal,94.91713125982244,12.12845256035378,22.71429448117873,f061152e-Audio_SP12.csv,f061152e-Audio_SP12,1144.74875,2353.872,1176.936,time column: time,audio_duration,H1
622.0463185164919,2363.119087799392,4401.728047004013,3.4075736473901888,2.5379779470022075,4.524263076095247,9641.02564102564,5.58509052467e-05,1148.8527499999998,0.025,0.3378378378378378,0-0-2410-1,i,f061152e-Audio_SP12.v0,group_0,1,fave,225.46931046980936,74.24941122179186,6,final,,0.0500000000001819,la,vengo,f,n,f,n,internal,30.191899121571048,12.654057908348175,92.22793580941553,f061152e-Audio_SP12.csv,f061152e-Audio_SP12,1148.8527499999998,2353.872,1176.936,time column: time,audio_duration,H1
790.7210577023869,2687.187272143112,3047.013825651124,3.271863300702585,3.5577131828897954,3.999163986365722,7307.692307692308,0.0009978321348386,1157.41775,0.035,0.3365384615384616,0-0-2437-1,i,f061152e-Audio_SP12.v0,group_0,1,fave,222.6816505340009,76.91906697021214,6,mínima,,0.0799999999999272,es,.,m,n,m,n,internal,26.360410983763646,35.08287721772077,54.55252430983096,f061152e-Audio_SP12.csv,f061152e-Audio_SP12,1157.41775,2353.872,1176.936,time column: time,audio_duration,H1
540.3844217375115,1949.6673072573085,2436.471240417729,4.06752733290464,4.096392574191902,3.6379643342434536,4974.358974358975,0.0002137878352828,1166.3827499999998,0.025,0.3378378378378378,0-0-2447-6,i,f061152e-Audio_SP12.v0,group_0,1,fave,270.69366970934664,65.57685847433962,6,operación,,0.0500000000001819,por,ellos,z,o,z,o,internal,58.41234958088542,60.12300663472377,38.01437334929449,f061152e-Audio_SP12.csv,f061152e-Audio_SP12,1166.3827499999998,2353.872,1176.936,time column: time,audio_duration,H1
406.4868860851604,2500.8258185540744,3249.373547181871,3.6555331065758327,3.381922357819468,4.129504988720793,8025.641025641025,0.0014624290926495,1167.42575,0.031,0.3297872340425531,0-0-2452-1,i,f061152e-Audio_SP12.v0,group_0,1,fave,425.3077208294608,63.00038982960452,6,quitaban,,0.0699999999999363,me,cero,k,t,k,t,internal,38.68814052062101,29.427286548843384,62.14715177825354,f061152e-Audio_SP12.csv,f061152e-Audio_SP12,1167.42575,2353.872,1176.936,time column: time,audio_duration,H1
558.1038357955613,2187.5860192228274,2965.576007811356,3.368993085238339,3.4314246270106747,3.9993928480550553,6948.717948717948,0.0026092285833179,1168.81775,0.035,0.3365384615384616,0-0-2456-1,i,f061152e-Audio_SP12.v0,group_0,1,fave,254.0235857778137,60.49204361915702,6,sin,,0.0800000000001546,",",importar,s,n,s,n,internal,29.04926219573861,30.920661796854034,54.565010721478025,f061152e-Audio_SP12.csv,f061152e-Audio_SP12,1168.81775,2353.872,1176.936,time column: time,audio_duration,H1
538.3677895934615,2762.754714855116,3338.4873709012054,4.300412774786768,3.546822491735288,4.208855017109163,9461.53846153846,0.0418373067939459,1168.93375,0.047,0.3263888888888889,0-0-2457-0,i,f061152e-Audio_SP12.v0,group_0,1,fave,238.63856813343395,67.18328224651214,6,importar,,0.1199999999998908,sin,si,#,m,n,m,initial,73.73022139568583,34.70287344491772,67.27946185933612,f061152e-Audio_SP12.csv,f061152e-Audio_SP12,1168.93375,2353.872,1176.936,time column: time,audio_duration,H1
434.5148310029175,2462.2156779041684,2972.6205118445814,1.6440039382655098,3.461567344662637,4.964620368525855,8743.589743589742,0.0010724188471854,1170.0737499999998,0.027,0.3214285714285714,0-0-2462-3,i,f061152e-Audio_SP12.v0,group_0,1,fave,430.2840399708872,82.64059443828086,6,retirar,,0.0599999999999454,a,diez,t,R,t,R,internal,5.175851870521992,31.86688378371837,143.25415616265758,f061152e-Audio_SP12.csv,f061152e-Audio_SP12,1170.0737499999998,2353.872,1176.936,time column: time,audio_duration,H1
462.34184963042486,2489.3934074502667,2767.9618481074194,3.937868260553606,2.4256838764073203,3.552036592906449,7666.666666666666,0.0004427765718169,1170.3737499999995,0.027,0.3214285714285714,0-0-2463-1,i,f061152e-Audio_SP12.v0,group_0,1,fave,231.71808894175675,65.37767522336208,6,diez,,0.0600000000001728,retirar,quince,d,é,d,é,internal,51.30910698799348,11.309961390884684,34.88429028986884,f061152e-Audio_SP12.csv,f061152e-Audio_SP12,1170.3737499999995,2353.872,1176.936,time column: time,audio_duration,H1
450.75666517196777,2608.9842096614725,3294.6711718958263,1.9767041397439675,3.2315726149713093,4.832451076469229,8025.641025641025,0.0001557885778938,1172.3827499999998,0.025,0.3378378378378378,0-0-2472-1,i,f061152e-Audio_SP12.v0,group_0,1,fave,429.7099170199588,76.13052979085585,6,quitaba,,0.0500000000001819,te,nada,k,t,k,t,internal,7.218911211083173,25.319443414163395,125.51823872129673,f061152e-Audio_SP12.csv,f061152e-Audio_SP12,1172.3827499999998,2353.872,1176.936,time column: time,audio_duration,H1
503.6528258596593,1766.9664532371326,2843.150218744452,3.017865964453127,3.477290290753857,3.906627204160208,6410.25641025641,2.75231332471e-05,63.51375,0.027,0.3214285714285714,0-0-13-2,y,f061152e-Audio_SP12.v0,group_0,1,fave,443.6793451509319,79.27241338412723,6,soy,,0.0600000000000022,y,auditora,ó,#,ó,a,final,20.447609165938804,32.37188472741087,49.73093649600874,f061152e-Audio_SP12.csv,f061152e-Audio_SP12,63.51375,2353.872,1176.936,time column: time,audio_duration,H1
504.9671942638773,1899.1823219844628,2844.220863744479,3.392959005590843,3.875711504895325,3.6565361363786826,6589.74358974359,0.0071503376788785,78.89575,0.051,0.3311688311688312,0-0-30-0,y,f061152e-Audio_SP12.v0,group_0,1,fave,207.2676379686018,70.39123299812704,6,yo,,0.1299999999999954,Bueno,soy,#,ó,o,ó,initial,29.753863990486074,48.21699271568162,38.72696534655375,f061152e-Audio_SP12.csv,f061152e-Audio_SP12,78.89575,2353.872,1176.936,time column: time,audio_duration,H1
636.6562263562355,2404.851114476454,2987.498633774372,3.131227943731252,2.323521225961231,3.963879559127817,6410.25641025641,0.0008147869725568,79.24775,0.055,0.3353658536585365,0-0-31-2,y,f061152e-Audio_SP12.v0,group_0,1,fave,305.5407347577357,70.56266103473111,6,soy,,0.1400000000000005,yo,gerente,ó,#,ó,x,final,22.90208475450669,10.211568312979828,52.66123252486496,f061152e-Audio_SP12.csv,f061152e-Audio_SP12,79.24775,2353.872,1176.936,time column: time,audio_duration,H1
368.5404648619591,1656.2365334450142,3125.221970388155,3.256321834706533,3.985464120086205,4.041582264101348,6230.769230769231,0.0151614021599303,85.53275000000001,0.065,0.3350515463917525,0-0-53-0,y,f061152e-Audio_SP12.v0,group_0,1,fave,286.8355403992104,74.37574723314249,6,ya,,0.1700000000000017,empresa,hace,#,á,a,á,initial,25.95389863403479,53.81025810485122,56.91632825930397,f061152e-Audio_SP12.csv,f061152e-Audio_SP12,85.53275000000001,2353.872,1176.936,time column: time,audio_duration,H1
418.99363619974486,2457.3908695479454,3105.8907790866488,1.8074778652316736,4.36868082359677,4.103656259422562,6230.769230769231,8.63381750734e-05,130.36575,0.031,0.3297872340425531,0-0-152-0,y,f061152e-Audio_SP12.v0,group_0,1,fave,214.19855898935708,71.79286832637477,6,ya,,0.0699999999999931,entonces,había,#,á,s,á,initial,6.095055478761476,78.93942795247442,60.561311155959785,f061152e-Audio_SP12.csv,f061152e-Audio_SP12,130.36575,2353.872,1176.936,time column: time,audio_duration,H1
456.1345454388848,2547.282325906234,3253.659072565976,1.6974004096723108,3.501224207240545,3.1126020122629257,5871.794871794871,0.0043315293694003,163.66575000000003,0.111,0.3323353293413173,0-0-226-2,y,f061152e-Audio_SP12.v0,group_0,1,fave,222.5488273719029,75.37626627658183,6,muy,,0.3099999999999738,es,muy,ú,#,ú,m,final,5.459735851128438,33.15601695967184,22.47946019957862,f061152e-Audio_SP12.csv,f061152e-Audio_SP12,163.66575000000003,2353.872,1176.936,time column: time,audio_duration,H1
451.29372018163343,1897.6010623194445,2462.188674903823,1.666727031457496,3.537626635100742,4.568114562709536,7307.692307692308,0.0028361191386429,164.18874999999997,0.037,0.324561403508772,0-0-227-2,y,f061152e-Audio_SP12.v0,group_0,1,fave,223.31359919727927,80.92016623450839,6,muy,,0.0900000000000034,muy,muy,ú,#,ú,m,final,5.294809660900985,34.38521361159421,96.36225340136949,f061152e-Audio_SP12.csv,f061152e-Audio_SP12,164.18874999999997,2353.872,1176.936,time column: time,audio_duration,H1
456.59467984516056,1833.662860363791,2548.039257418064,2.142824695660217,2.9758603799333554,2.864921207958674,5871.794871794871,0.0015101796150732,164.40075000000002,0.041,0.3306451612903226,0-0-228-2,y,f061152e-Audio_SP12.v0,group_0,1,fave,224.9394031382132,75.2487581324715,6,muy,,0.0999999999999943,muy,poco,ú,#,ú,p,final,8.523479893525106,19.60648502106668,17.547670533333726,f061152e-Audio_SP12.csv,f061152e-Audio_SP12,164.40075000000002,2353.872,1176.936,time column: time,audio_duration,H1
315.9778874884065,928.0534151350028,2239.883541342428,2.6843668833084897,3.5621510198090167,3.682901904404084,4615.384615384615,0.0016890019878687,167.63775,0.035,0.3365384615384616,0-0-237-0,y,f061152e-Audio_SP12.v0,group_0,1,fave,300.2461200918445,70.23383669236001,6,ya,,0.079999999999984,tiene,alrededor,#,á,e,á,initial,14.648923965454316,35.238915285128705,39.76161121184569,f061152e-Audio_SP12.csv,f061152e-Audio_SP12,167.63775,2353.872,1176.936,time column: time,audio_duration,H1
832.4164151337883,2534.7681498606653,3195.7415268042687,3.713095862746673,3.660709362044865,4.187951877441488,6948.717948717948,0.0117671345050639,205.26075,0.0809999999999999,0.3319672131147541,0-0-283-2,y,f061152e-Audio_SP12.v0,group_0,1,fave,242.93484884246243,73.47703806335531,6,Paypal,,0.2199999999999988,este,[silence],a,p,a,p,internal,40.98048028578842,38.8889194126974,65.88770657477782,f061152e-Audio_SP12.csv,f061152e-Audio_SP12,205.26075,2353.872,1176.936,time column: time,audio_duration,H1
532.7714411448931,2450.5054628723747,2916.254590601635,3.690929080749182,3.777967469539885,3.972417071915684,7128.205128205128,0.007269141091394,249.76775,0.075,0.3348214285714285,0-0-399-2,y,f061152e-Audio_SP12.v0,group_0,1,fave,244.5895105890216,72.00848294763962,6,PayPal,,0.200000000000017,por,[silence],a,p,a,p,internal,40.08206914222893,43.72707474079638,53.11275315999372,f061152e-Audio_SP12.csv,f061152e-Audio_SP12,249.76775,2353.872,1176.936,time column: time,audio_duration,H1
497.09303919659584,2508.8131213286524,2915.244878830234,2.683589285715689,3.973563777491507,3.7449411180979513,6410.25641025641,0.0032575493718655,253.05275,0.065,0.3350515463917525,0-0-410-2,y,f061152e-Audio_SP12.v0,group_0,1,fave,284.4780368380699,77.21711540783748,6,PayPal,,0.1699999999999875,de,",",a,p,a,p,internal,14.637537425088595,53.17369278341495,42.306516057361854,f061152e-Audio_SP12.csv,f061152e-Audio_SP12,253.05275,2353.872,1176.936,time column: time,audio_duration,H1
581.9821873502474,1522.4832415732292,2362.8378627681373,2.71673464843639,3.847463979623513,3.4852091441571496,4615.384615384615,0.0046249866755004,258.59075,0.041,0.3306451612903226,0-0-427-0,y,f061152e-Audio_SP12.v0,group_0,1,fave,134.19472650959702,67.42489535358284,6,ya,,0.1000000000000227,ahí,cobro,#,á,i,á,initial,15.130833998209624,46.874038853585496,32.629250613404565,f061152e-Audio_SP12.csv,f061152e-Audio_SP12,258.59075,2353.872,1176.936,time column: time,audio_duration,H1
432.7198711227434,2341.128219061976,3312.390878637958,2.4983495724299165,3.57153364308549,4.027052654704969,6589.74358974359,0.0009346934142879,259.62275000000005,0.045,0.3358208955223881,0-0-430-0,y,f061152e-Audio_SP12.v0,group_0,1,fave,437.5779640651002,75.09665269180664,6,yo,,0.1099999999999568,directamente,pues,#,ó,e,ó,initial,12.162404219689796,35.571104719095345,56.095335040058096,f061152e-Audio_SP12.csv,f061152e-Audio_SP12,259.62275000000005,2353.872,1176.936,time column: time,audio_duration,H1
547.8842162457165,2268.0275536389404,2873.95829158097,2.783159636753301,3.9221754036879433,3.4497132852341053,6230.769230769231,0.0020790978632645,269.23575,0.031,0.3297872340425531,0-0-443-0,y,f061152e-Audio_SP12.v0,group_0,1,fave,156.61759385171243,72.24184165834222,6,ya,,0.0699999999999931,",",nada,#,á,.,á,initial,16.170031744397658,50.51020543509295,31.491361975768303,f061152e-Audio_SP12.csv,f061152e-Audio_SP12,269.23575,2353.872,1176.936,time column: time,audio_duration,H1
898.8293522949529,2337.7105042691364,3150.2615569626105,4.505625642823461,3.703604668641136,4.337808347694986,7128.205128205128,0.0127765183918141,281.41275,0.045,0.3358208955223881,0-0-457-1,y,f061152e-Audio_SP12.v0,group_0,1,fave,271.29543517706384,75.19134062726769,6,hay,,0.1100000000000136,",",veces,á,#,á,b,final,90.52496262873096,40.5933665845161,76.5396071745693,f061152e-Audio_SP12.csv,f061152e-Audio_SP12,281.41275,2353.872,1176.936,time column: time,audio_duration,H1
535.9480679776279,853.3275491791786,1757.7573051270565,3.3631002028990906,2.1504542003397047,3.090968073752411,3538.4615384615386,0.0002673435847177,286.74375,0.027,0.3214285714285714,0-0-480-2,y,f061152e-Audio_SP12.v0,group_0,1,fave,285.61669146503294,72.05038906834798,6,muy,,0.0600000000000022,[silence],dependiendo,ú,#,ú,d,final,28.878581705521857,8.58875852843163,21.998363709524167,f061152e-Audio_SP12.csv,f061152e-Audio_SP12,286.74375,2353.872,1176.936,time column: time,audio_duration,H1
482.1488483665215,1630.3924627167382,2631.638707421859,3.191951698670524,3.0583448911965214,3.1903162597020884,5871.794871794871,3.10212031873e-05,304.87275000000005,0.025,0.3378378378378378,0-0-540-2,y,f061152e-Audio_SP12.v0,group_0,1,fave,211.70206220328487,78.37116755848693,6,voy,,0.0500000000000113,digas,a,ó,#,ó,a,final,24.335877423614395,21.292286930498253,24.29611010871664,f061152e-Audio_SP12.csv,f061152e-Audio_SP12,304.87275000000005,2353.872,1176.936,time column: time,audio_duration,H1
481.8284838121896,1439.3524081388125,2691.8468456838173,3.589115585342737,2.851965937474248,3.5553468208300982,6410.25641025641,9.02277257142e-05,306.56375,0.027,0.3214285714285714,0-0-546-2,y,f061152e-Audio_SP12.v0,group_0,1,fave,215.9333282519638,82.45906519484521,6,voy,,0.0600000000000022,y,a,ó,#,ó,a,final,36.20204414541096,17.321801968499763,34.99995657695089,f061152e-Audio_SP12.csv,f061152e-Audio_SP12,306.56375,2353.872,1176.936,time column: time,audio_duration,H1
479.037395744677,1922.6688975780417,3187.472472817935,2.62376704123621,3.546745068036432,3.4203496924465333,6230.769230769231,1.26928205668e-05,314.76275000000004,0.025,0.3378378378378378,0-0-570-1,y,f061152e-Audio_SP12.v0,group_0,1,fave,222.621466488832,85.84874344845815,6,hay,,0.0500000000000113,Como,algunas,á,#,á,a,final,13.78756420380221,34.70018672410395,30.58010678388341,f061152e-Audio_SP12.csv,f061152e-Audio_SP12,314.76275000000004,2353.872,1176.936,time column: time,audio_duration,H1
692.9101997191384,1721.768526290884,2559.913786625199,3.489500998673381,3.921178580005237,2.521888990876356,4794.871794871795,0.0016487526183577,316.83374999999995,0.027,0.3214285714285714,0-0-578-2,y,f061152e-Audio_SP12.v0,group_0,1,fave,286.79635924454266,77.10196268941199,6,muy,,0.0600000000000022,son,trabajosas,ú,#,ú,t,final,32.76959155604173,50.45988075268164,12.452096357646996,f061152e-Audio_SP12.csv,f061152e-Audio_SP12,316.83374999999995,2353.872,1176.936,time column: time,audio_duration,H1
493.3249949377126,2576.7243609149905,4169.560967383991,3.473697549213339,2.43316584424663,4.504704360301012,9820.51282051282,0.0030145148423849,318.05775000000006,0.035,0.3365384615384615,0-0-583-2,y,f061152e-Audio_SP12.v0,group_0,1,fave,213.5787308924553,74.06981535740944,6,muy,,0.079999999999984,pagan,poquito,ú,#,ú,p,final,32.255789587199914,11.394899514193725,90.44160196807177,f061152e-Audio_SP12.csv,f061152e-Audio_SP12,318.05775000000006,2353.872,1176.936,time column: time,audio_duration,H1
443.6844888084863,1879.6497354137048,2352.0359418599965,3.5562232574136723,4.160732383177389,4.019042127642981,4615.384615384615,0.0153462400881637,350.71575,0.051,0.3311688311688312,0-0-644-3,y,f061152e-Audio_SP12.v0,group_0,1,fave,273.4162686261925,73.99948519314755,6,estoy,,0.1299999999999954,que,[silence],ó,#,ó,.,final,35.030645265698766,64.11846469293987,55.64777682253579,f061152e-Audio_SP12.csv,f061152e-Audio_SP12,350.71575,2353.872,1176.936,time column: time,audio_duration,H1
572.8773059776003,1772.377241658151,2950.588401854934,3.1265611290158035,3.840078102602591,4.030443861277113,6410.25641025641,2.23574413589e-05,401.91275,0.025,0.3378378378378378,0-0-763-3,y,f061152e-Audio_SP12.v0,group_0,1,fave,197.9798618782718,71.38499440547423,6,proyectos,,0.0500000000000113,como,más,o,é,o,é,internal,22.79545397493286,46.529108342336514,56.285888829926336,f061152e-Audio_SP12.csv,f061152e-Audio_SP12,401.91275,2353.872,1176.936,time column: time,audio_duration,H1
456.0141028014519,1119.872317094942,1709.680794930824,3.22011013019958,3.5029892815379293,3.572014583973129,4974.358974358975,0.0301085693010141,420.21075,0.081,0.3319672131147542,0-0-815-0,y,f061152e-Audio_SP12.v0,group_0,1,fave,254.43561224581987,59.853536019324245,6,yo,,0.2199999999999704,pero,por,#,ó,o,ó,initial,25.03087668499285,33.21459147198674,35.58821643230469,f061152e-Audio_SP12.csv,f061152e-Audio_SP12,420.21075,2353.872,1176.936,time column: time,audio_duration,H1
557.5698805468161,1756.2873501840547,2809.8483945676817,3.5906577878467414,3.4826289095977456,4.5440142882471255,6589.74358974359,0.016434742071551,449.32875,0.037,0.3245614035087719,0-0-839-1,y,f061152e-Audio_SP12.v0,group_0,1,fave,318.4932304771956,77.934341385988,6,hay,,0.0899999999999749,menos,muchas,á,#,á,m,final,36.25791810194576,32.545168016384835,94.067657899062,f061152e-Audio_SP12.csv,f061152e-Audio_SP12,449.32875,2353.872,1176.936,time column: time,audio_duration,H1
533.0107572152904,1232.6144613832437,1710.8376119712864,3.7623278652470815,3.698114367577381,3.8918688367779817,4076.923076923077,0.0052851758467559,476.72775,0.035,0.3365384615384616,0-0-920-0,y,f061152e-Audio_SP12.v0,group_0,1,fave,237.3245080218294,64.56197659814386,6,yo,,0.0800000000000409,igual,no,#,ó,l,ó,initial,43.04852058519302,40.37110747379533,49.002378452423386,f061152e-Audio_SP12.csv,f061152e-Audio_SP12,476.72775,2353.872,1176.936,time column: time,audio_duration,H1
649.2745212699149,1629.315116740577,2510.353221493195,3.510495116948296,3.678061723771737,3.212397643746385,5512.820512820513,0.0063037061891677,487.67275,0.045,0.335820895522388,0-0-933-1,y,f061152e-Audio_SP12.v0,group_0,1,fave,323.15417208277114,69.70740353778632,6,Hay,,0.1100000000000136,[silence],unas,á,#,á,ú,final,33.46483268866003,39.56962283537266,24.838568926383537,f061152e-Audio_SP12.csv,f061152e-Audio_SP12,487.67275,2353.872,1176.936,time column: time,audio_duration,H1
357.41166437106585,1694.0539506899072,2430.4054403029218,2.4509555848517914,2.1813089866511044,4.167933728158135,6230.769230769231,8.16294083938e-05,488.42375,0.027,0.3214285714285714,0-0-937-2,y,f061152e-Audio_SP12.v0,group_0,1,fave,347.17283891115835,78.87508751132081,6,muy,,0.0600000000000022,son,rápidas,ú,#,ú,r,final,11.599425660396712,8.857893537667346,64.58187044651922,f061152e-Audio_SP12.csv,f061152e-Audio_SP12,488.42375,2353.872,1176.936,time column: time,audio_duration,H1
453.16311643878896,1638.6261312685233,2530.7705164299746,2.160914062015721,3.693783127013696,3.783493630044655,4615.384615384615,2.64075656209e-05,507.60275,0.025,0.3378378378378378,0-0-986-1,y,f061152e-Audio_SP12.v0,group_0,1,fave,219.412125107244,85.2713281200839,6,hay,,0.0500000000000113,",",muy,á,#,á,m,final,8.679067239542473,40.19662862320487,43.96938648435989,f061152e-Audio_SP12.csv,f061152e-Audio_SP12,507.60275,2353.872,1176.936,time column: time,audio_duration,H1
394.9422529244084,2700.431154582464,2894.476859225052,1.5690869822404585,2.9631164693608985,3.838039464435059,6410.25641025641,0.0008336566291404,521.13875,0.077,0.3290598290598291,0-0-1028-2,y,f061152e-Audio_SP12.v0,group_0,1,fave,202.90994520536657,80.39831186729046,6,cayó,,0.2099999999999227,se,el,á,o,á,o,internal,4.802261641415217,19.358207105264874,46.43434894904524,f061152e-Audio_SP12.csv,f061152e-Audio_SP12,521.13875,2353.872,1176.936,time column: time,audio_duration,H1
510.6616409435415,2302.268061948362,2856.73822200766,3.1217492528508126,3.373173762161356,3.903202496963884,7666.666666666666,0.0037951228736483,638.8887500000001,0.057,0.3275862068965517,0-0-1094-1,y,f061152e-Audio_SP12.v0,group_0,1,fave,420.0416864073244,83.80218675181045,6,oyes,,0.1499999999999772,Me,.,ó,e,ó,e,internal,22.68602855520291,29.17096199234028,49.560913904884096,f061152e-Audio_SP12.csv,f061152e-Audio_SP12,638.8887500000001,2353.872,1176.936,time column: time,audio_duration,H1
220.0868864959901,2688.1728724368973,3250.0215998792696,3.390447959276349,3.428102610485249,3.87574719778479,6051.282051282051,0.1374300802038217,655.97275,0.185,0.3339350180505415,0-0-1140-1,y,f061152e-Audio_SP12.v0,group_0,1,fave,268.5224698514587,73.4825251400213,6,hay,,0.5299999999999727,[silence],algunas,á,#,á,a,final,29.679244385821026,30.81811327563753,48.21871375018712,f061152e-Audio_SP12.csv,f061152e-Audio_SP12,655.97275,2353.872,1176.936,time column: time,audio_duration,H1
409.8996287509907,2470.327682425815,3782.73246039995,3.475780720990448,3.538390208305108,4.235677696213951,8384.615384615383,0.0053970689891822,720.1537500000001,0.047,0.3263888888888889,0-0-1257-1,y,f061152e-Audio_SP12.v0,group_0,1,fave,225.82672277081653,75.06498471611472,6,Hay,,0.1200000000000045,.,unos,á,#,á,ú,final,32.323053975028444,34.41147926593317,69.10849743436127,f061152e-Audio_SP12.csv,f061152e-Audio_SP12,720.1537500000001,2353.872,1176.936,time column: time,audio_duration,H1
581.5368258436835,2006.5342655254613,2770.0879537884102,4.021206870479197,3.194890783641731,3.509174894581302,6230.769230769231,0.0156205354597797,764.75075,0.041,0.3306451612903226,0-0-1374-2,y,f061152e-Audio_SP12.v0,group_0,1,fave,262.9707592254353,69.19469352431862,6,voy,,0.1000000000000227,que,a,ó,#,ó,a,final,55.76837042874333,24.407507847599305,33.420680819592306,f061152e-Audio_SP12.csv,f061152e-Audio_SP12,764.75075,2353.872,1176.936,time column: time,audio_duration,H1
580.4414516647979,1777.100252769896,2366.550318091138,4.039741724956492,4.002588864726014,4.471807308741492,5512.820512820513,0.0023989235670247,772.06375,0.027,0.3214285714285714,0-0-1398-1,y,f061152e-Audio_SP12.v0,group_0,1,fave,90.01120045267824,76.50697923749523,6,hay,,0.0600000000000591,y,algunos,á,#,á,a,final,56.81166787447436,54.73968038028504,87.51474633802576,f061152e-Audio_SP12.csv,f061152e-Audio_SP12,772.06375,2353.872,1176.936,time column: time,audio_duration,H1
544.9686769625009,1522.021421727009,2435.974298474237,4.1087049199003145,2.9020166250620107,4.391937519319205,7128.205128205128,0.0002295489701962,789.1537500000001,0.027,0.3214285714285714,0-0-1461-2,y,f061152e-Audio_SP12.v0,group_0,1,fave,255.59717455683943,81.3212224639893,6,voy,,0.0600000000000591,que,a,ó,#,ó,a,final,60.8678377774062,18.210832786424685,80.79681280926785,f061152e-Audio_SP12.csv,f061152e-Audio_SP12,789.1537500000001,2353.872,1176.936,time column: time,audio_duration,H1
559.0528321993525,1806.909370172198,2706.2531072935903,3.3763259228253086,3.5708535250723417,3.72876176025772,6230.769230769231,0.0008958367878002,808.79875,0.037,0.3245614035087719,0-0-1488-0,y,f061152e-Audio_SP12.v0,group_0,1,fave,219.9261803458755,82.89841143451645,6,ya,,0.0900000000000318,como,tengo,#,á,o,á,initial,29.263058626699355,35.54692039505774,41.62753137468293,f061152e-Audio_SP12.csv,f061152e-Audio_SP12,808.79875,2353.872,1176.936,time column: time,audio_duration,H1
706.5127485289305,2533.100476833137,3189.533598804696,3.704426344267039,2.714891745045742,4.356844054196987,6410.25641025641,0.0022792497969616,810.0187500000001,0.037,0.3245614035087719,0-0-1492-1,y,f061152e-Audio_SP12.v0,group_0,1,fave,248.19899798733752,68.01195821482482,6,hay,,0.0900000000000318,si,tareas,á,#,á,t,final,40.626734871488594,15.102975011526274,78.01054845878166,f061152e-Audio_SP12.csv,f061152e-Audio_SP12,810.0187500000001,2353.872,1176.936,time column: time,audio_duration,H1
447.2727406810238,1850.3722540558088,2992.7509965165723,1.8270845053421447,4.142359471517867,3.903776286441044,7128.205128205128,0.0007529722822042,815.2237500000001,0.027,0.3214285714285714,0-0-1509-0,y,f061152e-Audio_SP12.v0,group_0,1,fave,445.8985946729245,64.43011007058318,6,ya,,0.0599999999999454,entonces,ahora,#,á,s,á,initial,6.215738263903176,62.95117787020137,49.589359595899786,f061152e-Audio_SP12.csv,f061152e-Audio_SP12,815.2237500000001,2353.872,1176.936,time column: time,audio_duration,H1
746.3734533781593,2274.616398676104,2854.4675102242986,3.185516673171469,4.020214966322481,3.865600624396039,6230.769230769231,0.0006630977277809,852.53375,0.027,0.3214285714285714,0-0-1598-0,y,f061152e-Audio_SP12.v0,group_0,1,fave,242.3401380643681,60.71344403559672,6,ya,,0.0600000000000591,entonces,con,#,á,s,á,initial,24.17977822169009,55.71308097575407,47.7319327880754,f061152e-Audio_SP12.csv,f061152e-Audio_SP12,852.53375,2353.872,1176.936,time column: time,audio_duration,H1
435.3784660994209,2236.87355702008,3358.617172496009,2.373576424339001,2.228629744455777,3.866169099059177,6410.25641025641,1.57530980573e-05,856.5137500000001,0.027,0.3214285714285714,0-0-1616-0,y,f061152e-Audio_SP12.v0,group_0,1,fave,231.86012206158327,71.61928098741964,6,ya,,0.0599999999999454,",",ahí,#,á,.,á,initial,10.735719194033852,9.287131613156706,47.75907489655757,f061152e-Audio_SP12.csv,f061152e-Audio_SP12,856.5137500000001,2353.872,1176.936,time column: time,audio_duration,H1
551.1967528296317,1641.9229741374222,2817.813802429365,3.618960083036835,3.16205989293581,2.3784638126869404,6769.2307692307695,0.0170283912484522,917.44875,0.037,0.3245614035087719,0-0-1773-2,y,f061152e-Audio_SP12.v0,group_0,1,fave,222.9841816024873,70.49379564148494,6,voy,,0.0900000000000318,cómo,haciendo,ó,#,ó,a,final,37.298760033848126,23.61919887436124,10.788317251797976,f061152e-Audio_SP12.csv,f061152e-Audio_SP12,917.44875,2353.872,1176.936,time column: time,audio_duration,H1
460.03374758015815,2219.197938421448,2629.004035756907,2.980780114299609,3.723425274915626,4.13915677863606,7846.153846153846,0.0039349697320683,949.82075,0.041,0.3306451612903226,0-0-1868-3,y,f061152e-Audio_SP12.v0,group_0,1,fave,236.3020984465228,73.54263319986758,6,estoy,,0.1000000000000227,cuando,libre,ó,#,ó,l,final,19.70318138440239,41.40597834670096,62.74988708926807,f061152e-Audio_SP12.csv,f061152e-Audio_SP12,949.82075,2353.872,1176.936,time column: time,audio_duration,H1
458.91352496759896,1759.405293596463,2655.758516316035,3.523225375119599,3.456225244026369,3.555505246963355,6230.769230769231,0.0040984080063867,950.85275,0.045,0.3358208955223881,0-0-1872-4,y,f061152e-Audio_SP12.v0,group_0,1,fave,322.9201207416542,68.9157428926333,6,estoy,,0.1100000000000136,sí,todo,ó,#,ó,t,final,33.893571838390486,31.697101584150392,35.00550192398788,f061152e-Audio_SP12.csv,f061152e-Audio_SP12,950.85275,2353.872,1176.936,time column: time,audio_duration,H1
506.74666627336575,1148.5297017864214,2402.2906748766204,2.986483465050492,4.141234623504603,3.6299163107313617,4435.897435897436,0.0339618990976665,953.56275,0.065,0.3350515463917525,0-0-1883-0,y,f061152e-Audio_SP12.v0,group_0,1,fave,359.21271718302245,66.78988619368072,6,ya,,0.1700000000000727,trabajo,es,#,á,o,á,initial,19.815876603446007,62.88040717344236,37.70966059120536,f061152e-Audio_SP12.csv,f061152e-Audio_SP12,953.56275,2353.872,1176.936,time column: time,audio_duration,H1
544.2471766421256,1951.5635017918853,3013.327395463659,3.4647296947209267,3.4613607967231714,3.9033028575149418,6230.769230769231,0.00012628467767,992.52575,0.031,0.3297872340425531,0-0-2002-2,y,f061152e-Audio_SP12.v0,group_0,1,fave,193.43827566464373,81.61289719110042,6,mayor,,0.07000000000005,la,cantidad,a,ó,a,ó,internal,31.967817535321657,31.860302424242168,49.56588811511757,f061152e-Audio_SP12.csv,f061152e-Audio_SP12,992.52575,2353.872,1176.936,time column: time,audio_duration,H1
524.9163652663486,1299.004784455379,2205.348797378665,2.279339530459143,3.941545055179455,3.239182136355468,4076.923076923077,0.0012131287811877,1069.36075,0.041,0.3306451612903226,0-0-2181-0,y,f061152e-Audio_SP12.v0,group_0,1,fave,228.62797496284867,64.53754356484846,6,ya,,0.1000000000001364,entonces,",",#,á,s,á,initial,9.770225341830171,51.49810728153414,25.512847182062373,f061152e-Audio_SP12.csv,f061152e-Audio_SP12,1069.36075,2353.872,1176.936,time column: time,audio_duration,H1
936.851365023772,1377.3032449965071,2687.2598697561803,4.490287938032186,3.182515046306948,3.8065235396653874,7128.205128205128,0.0008489178406101,1077.2837499999998,0.027,0.3214285714285714,0-0-2209-2,y,f061152e-Audio_SP12.v0,group_0,1,fave,231.65434708106105,76.25362025570526,6,voy,,0.0599999999999454,miércoles,a,ó,#,ó,a,final,89.14711102721935,24.107308367942984,44.99374767966839,f061152e-Audio_SP12.csv,f061152e-Audio_SP12,1077.2837499999998,2353.872,1176.936,time column: time,audio_duration,H1
266.95580583552754,759.3464539228538,1554.3396444186808,2.795801612271968,4.001412343107575,3.8870660866429,3358.974358974359,0.0172827771162107,1081.56075,0.041,0.3306451612903226,0-0-2226-0,y,f061152e-Audio_SP12.v0,group_0,1,fave,249.4178198108924,60.108917448866585,6,yo,,0.1000000000001364,Entonces,porque,#,ó,s,ó,initial,16.375750495739698,54.675315833496086,48.76759652346003,f061152e-Audio_SP12.csv,f061152e-Audio_SP12,1081.56075,2353.872,1176.936,time column: time,audio_duration,H1
589.4197852513286,2497.642143046691,3069.149805956126,3.5978430193345714,3.42137710851222,3.7819506245533328,6589.74358974359,0.0243741986093348,1125.4127499999995,0.0849999999999999,0.3346456692913385,0-0-2337-2,y,f061152e-Audio_SP12.v0,group_0,1,fave,294.5225966882227,71.591925300587,6,Paypal,,0.2300000000000182,también,[silence],a,p,a,p,internal,36.51937783625672,30.61154142234471,43.901593795260666,f061152e-Audio_SP12.csv,f061152e-Audio_SP12,1125.4127499999995,2353.872,1176.936,time column: time,audio_duration,H1
555.4381744464858,2332.9552135846725,2716.1615968267515,3.733656080046908,3.209814656543116,3.6797104922406985,5692.307692307692,0.0043543880578261,1128.20875,0.037,0.3245614035087719,0-0-2345-2,y,f061152e-Audio_SP12.v0,group_0,1,fave,247.59136101756096,71.12107996905671,6,muy,,0.0899999999999181,son,altas,ú,#,ú,á,final,41.831769220230825,24.77449400867014,39.634917795176094,f061152e-Audio_SP12.csv,f061152e-Audio_SP12,1128.20875,2353.872,1176.936,time column: time,audio_duration,H1
448.336928969035,1609.0818945966512,2532.82837121213,2.718499743134754,3.516027175992598,3.5536484716198866,6230.769230769231,0.0005002857587044,1131.84075,0.041,0.3306451612903226,0-0-2356-2,y,f061152e-Audio_SP12.v0,group_0,1,fave,444.3462330092035,84.71413360033306,6,voy,,0.1000000000001364,si,a,ó,#,ó,a,final,15.157564937461116,33.65047513805207,34.94056487654047,f061152e-Audio_SP12.csv,f061152e-Audio_SP12,1131.84075,2353.872,1176.936,time column: time,audio_duration,H1
676.0749944648112,1885.669806383385,3136.8173661865912,2.965566904642347,3.421574997605456,3.8800853366476473,6589.74358974359,0.0020205094041991,1139.14875,0.037,0.3245614035087719,0-0-2375-0,y,f061152e-Audio_SP12.v0,group_0,1,fave,357.38850422686016,71.3388966257443,6,yo,,0.0899999999999181,para,sacar,#,ó,a,ó,initial,19.40570130590823,30.617599711934293,48.42834760785021,f061152e-Audio_SP12.csv,f061152e-Audio_SP12,1139.14875,2353.872,1176.936,time column: time,audio_duration,H1
452.84497440426014,2569.2067583817065,3237.041460140658,3.4979928871632624,3.508912970420732,3.770214374169917,6589.74358974359,0.0062696944130762,1142.23875,0.057,0.3275862068965517,0-0-2387-2,y,f061152e-Audio_SP12.v0,group_0,1,fave,335.3307239843491,77.85338055161832,6,PayPal,,0.1499999999998635,en,[silence],a,p,a,p,internal,33.04905216819856,33.4119282821235,43.389365398106285,f061152e-Audio_SP12.csv,f061152e-Audio_SP12,1142.23875,2353.872,1176.936,time column: time,audio_duration,H1
574.8843220641853,2018.45931763074,3091.03842698701,3.297152014695743,4.390996023372805,4.134110907625169,6230.769230769231,0.0049052049732728,1143.77275,0.045,0.3358208955223881,0-0-2391-0,y,f061152e-Audio_SP12.v0,group_0,1,fave,201.3158598080056,77.29352575587221,6,yo,,0.1099999999998999,para,retirar,#,ó,a,ó,initial,27.035532374724788,80.72077873602827,62.4340567427704,f061152e-Audio_SP12.csv,f061152e-Audio_SP12,1143.77275,2353.872,1176.936,time column: time,audio_duration,H1
590.820729772382,2514.639288612645,3094.282613035361,2.980259776723013,3.177899048198376,3.969574704560178,6230.769230769231,0.0013179002145196,1145.5937499999998,0.047,0.3263888888888889,0-0-2397-2,y,f061152e-Audio_SP12.v0,group_0,1,fave,301.89326174070214,70.65323128246692,6,Paypal,,0.1200000000001182,de,ellos,a,p,a,p,internal,19.69293174561696,23.996285515885663,52.96200155147029,f061152e-Audio_SP12.csv,f061152e-Audio_SP12,1145.5937499999998,2353.872,1176.936,time column: time,audio_duration,H1
456.6860382391764,894.1951038791091,1622.4797626142936,2.7066582486031234,2.421564671728756,3.637141079749083,3538.4615384615386,0.0005190067277003,78.61375,0.027,0.3214285714285714,0-0-29-1,u,f061152e-Audio_SP12.v0,group_0,1,fave,396.6261895419812,74.69976474398763,6,Bueno,,0.0600000000000022,[silence],yo,b,é,b,é,internal,14.979135237261865,11.263469166242992,37.9830907241317,f061152e-Audio_SP12.csv,f061152e-Audio_SP12,78.61375,2353.872,1176.936,time column: time,audio_duration,H1
562.7249395568723,1444.2456049833645,2543.5952797839127,3.66801095423461,3.997498191638974,3.91130959716373,5333.333333333333,0.0001394764170905,80.00375,0.027,0.3214285714285714,0-0-35-3,u,f061152e-Audio_SP12.v0,group_0,1,fave,223.05447270409613,73.39213224284735,6,comunicaciones,,0.0600000000000022,las,y,m,n,m,n,internal,39.17390961793212,54.46172664863343,49.96434230753779,f061152e-Audio_SP12.csv,f061152e-Audio_SP12,80.00375,2353.872,1176.936,time column: time,audio_duration,H1
448.35574006829125,839.6683916602256,1624.1593381514413,2.8383750081425188,3.087594885832257,3.694786131448511,4974.358974358975,0.0004795591876916,103.93875,0.037,0.324561403508772,0-0-103-1,u,f061152e-Audio_SP12.v0,group_0,1,fave,205.0939480214752,84.21455551822947,6,auditor,,0.0900000000000034,a,.,a,d,a,d,internal,17.08797514321066,21.924284107248056,40.23696624600415,f061152e-Audio_SP12.csv,f061152e-Audio_SP12,103.93875,2353.872,1176.936,time column: time,audio_duration,H1
439.8856186914381,1208.806601418753,1575.0542157589095,2.0451135290602425,3.091033880975569,4.086212523854821,4256.410256410256,0.0033585958901424,135.80875,0.057,0.3275862068965517,0-0-172-1,u,f061152e-Audio_SP12.v0,group_0,1,fave,217.197700421067,82.40797337433386,6,buscar,,0.1500000000000056,de,más,b,s,b,s,internal,7.730036071827013,21.999811408387902,59.51405623259773,f061152e-Audio_SP12.csv,f061152e-Audio_SP12,135.80875,2353.872,1176.936,time column: time,audio_duration,H1
465.0955791885264,924.3469955379578,1572.92065197884,3.2254088944296786,2.5318704976075685,4.346612095225968,4435.897435897436,0.002300530834872,153.70375,0.047,0.3263888888888889,0-0-205-1,u,f061152e-Audio_SP12.v0,group_0,1,fave,236.78438212397984,77.47502860234901,6,Bueno,,0.1200000000000045,[silence],",",b,é,b,é,internal,25.163861415235388,12.577009414423175,77.21641741409512,f061152e-Audio_SP12.csv,f061152e-Audio_SP12,153.70375,2353.872,1176.936,time column: time,audio_duration,H1
492.2988135195344,760.396095680752,1172.329412741493,3.0668814820889434,3.0370981121211504,3.5499303154263173,3897.4358974358975,0.0041093437424597,159.67874999999998,0.037,0.324561403508772,0-0-216-1,u,f061152e-Audio_SP12.v0,group_0,1,fave,262.340972988253,74.31686497272217,6,buscando,,0.0900000000000034,entonces,nuevos,b,s,b,s,internal,21.47482850602972,20.84466649910188,34.81089162093814,f061152e-Audio_SP12.csv,f061152e-Audio_SP12,159.67874999999998,2353.872,1176.936,time column: time,audio_duration,H1
461.3533499608003,1110.3763333640998,1488.9116557173622,2.8681773303895355,3.1559402577842723,3.897590467891349,4076.923076923077,0.0036155405380807,162.84075,0.041,0.3306451612903226,0-0-224-1,u,f061152e-Audio_SP12.v0,group_0,1,fave,290.56386785609305,66.32214177431011,6,sueldo,,0.0999999999999943,el,es,s,é,s,é,internal,17.6049010211395,23.475099362606763,49.283555614529526,f061152e-Audio_SP12.csv,f061152e-Audio_SP12,162.84075,2353.872,1176.936,time column: time,audio_duration,H1
516.5960848799872,915.5478511899612,1500.688301108833,3.176063359317191,3.0755065867663176,3.938563594807377,4974.358974358975,0.0001105134217611,164.92274999999998,0.025,0.3378378378378378,0-0-231-1,u,f061152e-Audio_SP12.v0,group_0,1,fave,,70.04940682233689,6,pues,,0.0500000000000113,",",.,p,e,p,e,internal,23.95227620743189,21.660852233656165,51.34479637420103,f061152e-Audio_SP12.csv,f061152e-Audio_SP12,164.92274999999998,2353.872,1176.936,time column: time,audio_duration,H1
412.6438533946257,1151.8906532667008,2604.500317537242,2.1226481623587428,3.669421999385301,3.2300757210133315,5333.333333333333,7.47590502148e-05,208.32375,0.027,0.3214285714285714,0-0-289-6,u,f061152e-Audio_SP12.v0,group_0,1,fave,205.99692405114607,82.6925331712724,6,configurar,,0.0600000000000022,para,la,g,R,g,R,internal,8.35322893034137,39.22922479005686,25.281571244679867,f061152e-Audio_SP12.csv,f061152e-Audio_SP12,208.32375,2353.872,1176.936,time column: time,audio_duration,H1
475.9866926395415,771.650995983281,1684.067646227052,2.649332235612777,3.203980719765357,3.247436801622801,4256.410256410256,0.0004355593869652,208.72375,0.027,0.3214285714285714,0-0-291-1,u,f061152e-Audio_SP12.v0,group_0,1,fave,378.4776249253745,77.89034658189576,6,cuenta,,0.0600000000000022,la,",",k,é,k,é,internal,14.144590237439306,24.6303819559602,25.72431880851569,f061152e-Audio_SP12.csv,f061152e-Audio_SP12,208.72375,2353.872,1176.936,time column: time,audio_duration,H1
533.5633085200801,1147.443312262203,1669.5168876594716,3.140141047835283,2.8182059868892235,4.303602418537378,5153.846153846154,0.0002258283411181,209.82275,0.025,0.3378378378378378,0-0-297-1,u,f061152e-Audio_SP12.v0,group_0,1,fave,238.8043661580193,73.43173607128554,6,cuenta,,0.0500000000000113,una,en,k,é,k,é,internal,23.107125838959927,16.74677976394352,73.96576999394635,f061152e-Audio_SP12.csv,f061152e-Audio_SP12,209.82275,2353.872,1176.936,time column: time,audio_duration,H1
475.1127767686949,962.9224482432712,1683.364465075495,1.7366037760985522,3.526027373829994,4.01649503162872,4615.384615384615,0.0001557021707956,216.86275,0.025,0.3378378378378378,0-0-314-1,u,f061152e-Audio_SP12.v0,group_0,1,fave,452.0197460644735,83.28707525762623,6,cuenta,,0.0500000000000113,una,del,k,é,k,é,internal,5.67802678913845,33.988674759881384,55.50621695181299,f061152e-Audio_SP12.csv,f061152e-Audio_SP12,216.86275,2353.872,1176.936,time column: time,audio_duration,H1
686.7425569534737,1538.4579706346992,2757.632601924421,2.7890363662284603,3.15984988144908,3.3434316589202178,5692.307692307692,0.0003829843359561,233.04375,0.027,0.3214285714285714,0-0-348-1,u,f061152e-Audio_SP12.v0,group_0,1,fave,251.28293572212235,72.4184792958826,6,cuenta,,0.0600000000000022,una,en,k,é,k,é,internal,16.265338418041264,23.56705781093816,28.316131471727527,f061152e-Audio_SP12.csv,f061152e-Audio_SP12,233.04375,2353.872,1176.936,time column: time,audio_duration,H1
402.5958260510692,731.4984715206268,1385.2219411195654,2.5869026227800744,2.596879692727112,2.9587028803986404,4256.410256410256,0.0009342901741169,243.26375,0.027,0.3214285714285714,0-0-379-1,u,f061152e-Audio_SP12.v0,group_0,1,fave,274.475779751042,78.57217880869433,6,cuenta,,0.0600000000000022,una,prestada,k,é,k,é,internal,13.288548147538735,13.42179251078586,19.27295620565966,f061152e-Audio_SP12.csv,f061152e-Audio_SP12,243.26375,2353.872,1176.936,time column: time,audio_duration,H1
628.0516627329164,860.4524445166517,2551.779730299325,3.278046006218007,3.1338699285268152,3.431978245456259,5512.820512820513,0.0014877672132505,280.65775,0.035,0.3365384615384615,0-0-455-1,u,f061152e-Audio_SP12.v0,group_0,1,fave,288.3199920169835,78.27818152348672,6,bueno,,0.0800000000000409,",",",",b,é,b,é,internal,26.52389450660658,22.962671713885715,30.937784784938124,f061152e-Audio_SP12.csv,f061152e-Audio_SP12,280.65775,2353.872,1176.936,time column: time,audio_duration,H1
532.2305960402198,1017.3366331347942,2661.6211593378043,3.026050602216616,2.990679632015957,3.745240803381112,5333.333333333333,3.78766003686e-05,297.72574999999995,0.031,0.3297872340425531,0-0-516-1,u,f061152e-Audio_SP12.v0,group_0,1,fave,206.18593895218297,83.85696122364186,6,pues,,0.0699999999999931,",",",",p,e,p,e,internal,20.61565218764684,19.89920203168091,42.31919659759679,f061152e-Audio_SP12.csv,f061152e-Audio_SP12,297.72574999999995,2353.872,1176.936,time column: time,audio_duration,H1
411.25783296450777,786.0110322878509,1857.8717902379929,2.3376643872002933,3.6963643758178666,4.40818436290791,4435.897435897436,0.000423240144993,306.84374999999994,0.027,0.3214285714285714,0-0-548-4,u,f061152e-Audio_SP12.v0,group_0,1,fave,201.3646510465192,82.58886645449086,6,producir,,0.0600000000000022,a,tanto,d,z,d,z,internal,10.357018306982592,40.30052015002549,82.12022753489464,f061152e-Audio_SP12.csv,f061152e-Audio_SP12,306.84374999999994,2353.872,1176.936,time column: time,audio_duration,H1
500.2514352683349,1012.5871561385344,2665.46892486933,2.688498350144694,2.202847631387644,4.074936531799748,5512.820512820513,3.70815654516e-05,309.52275000000003,0.025,0.3378378378378378,0-0-555-1,u,f061152e-Audio_SP12.v0,group_0,1,fave,249.40972662596707,77.35277198813516,6,puedes,,0.0500000000000113,no,llevar,p,é,p,é,internal,14.709570702730566,9.050750037844844,58.84674557278912,f061152e-Audio_SP12.csv,f061152e-Audio_SP12,309.52275000000003,2353.872,1176.936,time column: time,audio_duration,H1
513.4853910042207,1008.5488121257875,2218.516361386014,3.440686759672969,2.9537018214071504,4.391895319338455,5153.846153846154,0.0152886092706209,327.07875,0.057,0.3275862068965517,0-0-595-1,u,f061152e-Audio_SP12.v0,group_0,1,fave,251.80688355123988,68.16732887329317,6,fue,,0.1499999999999772,que,la,f,é,f,é,internal,31.20838346967642,19.17681162747434,80.79340325726467,f061152e-Audio_SP12.csv,f061152e-Audio_SP12,327.07875,2353.872,1176.936,time column: time,audio_duration,H1
565.2453081318757,1436.163328044978,1970.062548868484,2.9293154454388435,3.993695179089828,3.90060323438892,5333.333333333333,5.15815264774e-05,333.02275000000003,0.025,0.3378378378378378,0-0-611-3,u,f061152e-Audio_SP12.v0,group_0,1,fave,216.38153017664487,81.22725231601895,6,Recuerdo,,0.0500000000000113,[silence],que,k,é,k,é,internal,18.714814798819443,54.255001357333,49.43225935210647,f061152e-Audio_SP12.csv,f061152e-Audio_SP12,333.02275000000003,2353.872,1176.936,time column: time,audio_duration,H1
515.6239686374959,1698.006683349585,2708.880805304495,2.501974099793788,3.627019566923807,3.43343187050082,5512.820512820513,3.01883354458e-05,348.91574999999995,0.031,0.3297872340425531,0-0-637-0,u,f061152e-Audio_SP12.v0,group_0,1,fave,490.26804355436536,70.12655968777426,6,última,,0.07000000000005,la,bueno,#,l,a,l,initial,12.206567173163084,37.60058342597758,30.98278942573658,f061152e-Audio_SP12.csv,f061152e-Audio_SP12,348.91574999999995,2353.872,1176.936,time column: time,audio_duration,H1
613.1419103290357,1314.140323923737,2982.107134270688,2.3081471341695203,3.358224514791376,4.438241555170384,6230.769230769231,2.6678035179e-05,349.91275,0.025,0.3378378378378378,0-0-641-0,u,f061152e-Audio_SP12.v0,group_0,1,fave,301.80699033840693,73.00695439013528,6,última,,0.0500000000000113,la,esta,#,l,a,l,initial,10.055775380445796,28.738121446595187,84.62600060666414,f061152e-Audio_SP12.csv,f061152e-Audio_SP12,349.91275,2353.872,1176.936,time column: time,audio_duration,H1
489.0973617499586,1431.175342601022,2891.5560603967706,2.718673121795362,1.9803370688167048,3.605552125299696,5692.307692307692,3.23580823409e-05,358.72574999999995,0.031,0.3297872340425531,0-0-670-1,u,f061152e-Audio_SP12.v0,group_0,1,fave,228.8819260032377,73.63898839113598,6,tú,,0.0699999999999931,y,de,t,#,t,d,final,15.160193163600631,7.245184699458473,36.80199756280652,f061152e-Audio_SP12.csv,f061152e-Audio_SP12,358.72574999999995,2353.872,1176.936,time column: time,audio_duration,H1
443.318887561741,870.8752488125294,1417.2747011245435,2.534906384181417,3.210862070748601,3.3715970317220423,4435.897435897436,0.0052854955289456,358.96775,0.035,0.3365384615384616,0-0-672-2,u,f061152e-Audio_SP12.v0,group_0,1,fave,385.9460600800989,71.62130092348302,6,acuerdo,,0.079999999999984,de,a,k,é,k,é,internal,12.615249805818442,24.80045676013227,29.125003490228885,f061152e-Audio_SP12.csv,f061152e-Audio_SP12,358.96775,2353.872,1176.936,time column: time,audio_duration,H1
531.7055917157184,873.4742555026243,2280.924148706523,3.211169692113968,2.829315604638457,4.543970756868799,5871.794871794871,0.0009766060197212,372.90375,0.027,0.3214285714285714,0-0-683-1,u,f061152e-Audio_SP12.v0,group_0,1,fave,439.3266180291595,71.37914184547961,6,Bueno,,0.0600000000000022,[silence],",",b,é,b,é,internal,24.808087084067708,16.93386739744988,94.0635630933846,f061152e-Audio_SP12.csv,f061152e-Audio_SP12,372.90375,2353.872,1176.936,time column: time,audio_duration,H1
442.3203386198514,846.06106534998,2507.892852503217,1.902025785629488,2.518482981148792,2.641970460057955,5153.846153846154,0.0015212766499356,383.83875,0.037,0.324561403508772,0-0-712-3,u,f061152e-Audio_SP12.v0,group_0,1,fave,436.4504019535911,81.76532305199164,6,documentos,,0.0900000000000318,de,",",k,m,k,m,internal,6.699452359240796,12.409756542167642,14.040843288226778,f061152e-Audio_SP12.csv,f061152e-Audio_SP12,383.83875,2353.872,1176.936,time column: time,audio_duration,H1
467.1612620106301,1487.116642684954,2776.08012273488,2.132792575751988,3.5670012764917622,4.378432459348133,5692.307692307692,0.0040156180552127,413.25375,0.047,0.3263888888888889,0-0-795-1,u,f061152e-Audio_SP12.v0,group_0,1,fave,227.95189935472368,72.04064018678707,6,tú,,0.1200000000000045,imagen,[silence],t,#,t,.,final,8.438398806600695,35.41024823799923,79.71298207928149,f061152e-Audio_SP12.csv,f061152e-Audio_SP12,413.25375,2353.872,1176.936,time column: time,audio_duration,H1
639.1073711791838,830.5587235311763,2614.737653489798,3.3323282302528208,2.8210368924174114,3.887006836308484,6051.282051282051,0.0002243233032418,448.65375,0.027,0.3214285714285714,0-0-835-1,u,f061152e-Audio_SP12.v0,group_0,1,fave,308.69000600299347,79.75311154263345,6,Bueno,,0.0600000000000022,[silence],por,b,é,b,é,internal,28.003464376475318,16.79425548328882,48.76470711265748,f061152e-Audio_SP12.csv,f061152e-Audio_SP12,448.65375,2353.872,1176.936,time column: time,audio_duration,H1
471.8750057098391,954.2995937670748,2430.464085839424,2.069324524688541,2.3917252726817906,4.265969899070221,5512.820512820513,7.01289858002e-05,453.48375,0.027,0.3214285714285714,0-0-851-3,u,f061152e-Audio_SP12.v0,group_0,1,fave,446.7877921211491,80.36982179433576,6,documentos,,0.0599999999999454,tus,de,k,m,k,m,internal,7.919471902995926,10.932338947716218,71.2339762465036,f061152e-Audio_SP12.csv,f061152e-Audio_SP12,453.48375,2353.872,1176.936,time column: time,audio_duration,H1
420.6669097886685,817.1076217311814,2358.584018287221,1.8371059431201635,3.666506781717077,3.5561266173964743,4794.871794871795,0.0001982131216169,476.56575,0.031,0.3297872340425531,0-0-919-2,u,f061152e-Audio_SP12.v0,group_0,1,fave,142.6828781557011,80.22057889024207,6,igual,,0.0699999999999931,entonces,yo,g,á,g,á,internal,6.278342064267672,39.11502959363919,35.02726006711329,f061152e-Audio_SP12.csv,f061152e-Audio_SP12,476.56575,2353.872,1176.936,time column: time,audio_duration,H1
606.4290273259174,929.8165680861972,2455.778918636809,2.784625815330575,3.703561652092083,5.037096603715846,6589.74358974359,0.00225289805844,507.03275,0.025,0.3378378378378378,0-0-984-1,u,f061152e-Audio_SP12.v0,group_0,1,fave,460.91925750562734,70.9130732060982,6,pues,,0.0500000000000113,poquitos,",",p,e,p,e,internal,16.19375728722626,40.59162043552811,154.02217779731896,f061152e-Audio_SP12.csv,f061152e-Audio_SP12,507.03275,2353.872,1176.936,time column: time,audio_duration,H1
399.0713006113916,584.7576717875978,1355.882127665184,1.996698931637976,2.0717023035663185,4.228505890984315,3179.48717948718,0.0001581253831265,508.88275,0.025,0.3378378378378378,0-0-992-1,u,f061152e-Audio_SP12.v0,group_0,1,fave,193.1598157499924,71.54850757067071,6,puedan,,0.0500000000000113,te,pagar,p,é,p,é,internal,7.364704534819528,7.938325061448279,68.6146378003974,f061152e-Audio_SP12.csv,f061152e-Audio_SP12,508.88275,2353.872,1176.936,time column: time,audio_duration,H1
641.1577729372948,1616.4844166520725,3192.758159151429,3.007728841260226,4.050939036548842,4.651907567818811,6769.2307692307695,0.0001318273674073,685.6237500000001,0.027,0.3214285714285714,0-0-1183-1,u,f061152e-Audio_SP12.v0,group_0,1,fave,313.7527671437614,80.84094754735389,6,bueno,,0.0599999999999454,",",",",b,é,b,é,internal,20.24137630285265,57.45138066958697,104.78467893368833,f061152e-Audio_SP12.csv,f061152e-Audio_SP12,685.6237500000001,2353.872,1176.936,time column: time,audio_duration,H1
425.7985631458491,610.4728697554286,1246.997570445881,3.088135226826739,2.407322327553574,2.911810196774683,3000.0,0.0129334005958611,768.41375,0.027,0.3214285714285714,0-0-1389-1,u,f061152e-Audio_SP12.v0,group_0,1,fave,194.44528667920503,80.62842940530308,6,pues,,0.0600000000000591,bien,porque,p,e,p,e,internal,21.936133897901392,11.104187923344629,18.390058078625664,f061152e-Audio_SP12.csv,f061152e-Audio_SP12,768.41375,2353.872,1176.936,time column: time,audio_duration,H1
548.0640935514688,1290.5870322614023,2943.6641623622536,1.9563457137743665,4.130968959534372,4.244103764255931,4974.358974358975,0.0057376326627545,871.17875,0.037,0.324561403508772,0-0-1671-1,u,f061152e-Audio_SP12.v0,group_0,1,fave,240.8043964334459,69.99737062037465,6,tú,,0.0900000000000318,tiempo,vas,t,#,t,b,final,7.0734314358889305,62.238200024330126,69.69327054519636,f061152e-Audio_SP12.csv,f061152e-Audio_SP12,871.17875,2353.872,1176.936,time column: time,audio_duration,H1
433.221627891041,1254.0946492836076,2415.1443010572407,2.3979500144463004,3.3247125569158573,4.329342954306703,5333.333333333333,0.0020011140847331,877.79875,0.037,0.3245614035087719,0-0-1693-1,u,f061152e-Audio_SP12.v0,group_0,1,fave,436.5003064108851,81.97847160112332,6,luego,,0.0900000000000318,para,[silence],l,é,l,é,internal,11.000602174609094,27.79100916107936,75.89440409209443,f061152e-Audio_SP12.csv,f061152e-Audio_SP12,877.79875,2353.872,1176.936,time column: time,audio_duration,H1
820.754291930939,1167.237611336548,2322.350808480649,4.085858795411749,2.019899335555038,3.94732361078266,6410.25641025641,0.0037718385691399,934.02275,0.045,0.335820895522388,0-0-1814-1,u,f061152e-Audio_SP12.v0,group_0,1,fave,249.57880799332176,82.69900178374509,6,nueve,,0.1100000000000136,las,de,n,é,n,é,internal,59.49300814101949,7.53756613055942,51.79655342125846,f061152e-Audio_SP12.csv,f061152e-Audio_SP12,934.02275,2353.872,1176.936,time column: time,audio_duration,H1
451.71938861331233,1490.8186029924148,3061.074235347709,2.13306972867306,3.917182815599811,4.626721680954748,6230.769230769231,0.0012564356291515,947.07775,0.035,0.3365384615384615,0-0-1862-1,u,f061152e-Audio_SP12.v0,group_0,1,fave,437.7622878366415,74.92129883903831,6,tú,,0.0800000000000409,que,puedas,t,#,t,p,final,8.44073785760155,50.25865724586112,102.17854057880558,f061152e-Audio_SP12.csv,f061152e-Audio_SP12,947.07775,2353.872,1176.936,time column: time,audio_duration,H1
556.8455876735582,1025.0034098548165,2772.3596440238207,3.365462170677998,2.872206310068394,3.107900755923365,5512.820512820513,0.000601079752294,952.68275,0.025,0.3378378378378378,0-0-1881-1,u,f061152e-Audio_SP12.v0,group_0,1,fave,321.5578699236418,70.10233203861246,6,cuando,,0.0500000000000682,y,trabajo,k,á,k,á,internal,28.946872603712443,17.675973889030324,22.374026524361987,f061152e-Audio_SP12.csv,f061152e-Audio_SP12,952.68275,2353.872,1176.936,time column: time,audio_duration,H1
670.5878188486469,1570.8105454352394,2141.5358271477794,2.995454680383763,3.497287141963041,3.917672091329666,4974.358974358975,9.17387315289e-05,955.25375,0.027,0.3214285714285714,0-0-1892-1,u,f061152e-Audio_SP12.v0,group_0,1,fave,333.97686841028224,80.5993939538481,6,nueve,,0.0599999999999454,a,de,n,é,n,é,internal,19.994448907103827,33.02573618679772,50.28325360377643,f061152e-Audio_SP12.csv,f061152e-Audio_SP12,955.25375,2353.872,1176.936,time column: time,audio_duration,H1
431.6783407121234,1050.7041445883929,1589.0348381813335,2.913468311920303,3.04841953308731,4.257506995528673,4974.358974358975,0.0008128532047856,978.80775,0.035,0.3365384615384615,0-0-1960-4,u,f061152e-Audio_SP12.v0,group_0,1,fave,202.15632797336525,76.92442176025433,6,madrugada,,0.0800000000000409,la,[silence],R,g,R,g,internal,18.420576206747818,21.08199867719545,70.63367371071479,f061152e-Audio_SP12.csv,f061152e-Audio_SP12,978.80775,2353.872,1176.936,time column: time,audio_duration,H1
433.2418308379831,889.8006480157964,1337.4978499800577,1.5939309950962108,2.8589033420466663,3.71624056294684,4256.410256410256,0.0001208381364717,984.53375,0.027,0.3214285714285714,0-0-1977-4,u,f061152e-Audio_SP12.v0,group_0,1,fave,424.23816329736985,84.41957067955353,6,madrugadas,,0.0600000000000591,las,va,R,g,R,g,internal,4.923063479147345,17.442388110478692,41.10955445375763,f061152e-Audio_SP12.csv,f061152e-Audio_SP12,984.53375,2353.872,1176.936,time column: time,audio_duration,H1
622.2355501362639,805.7432067649445,1452.8595027438846,3.6424532301922894,1.7087118651412967,4.6500241088129854,4256.410256410256,0.0012114255245994,988.84875,0.037,0.324561403508772,0-0-1994-1,u,f061152e-Audio_SP12.v0,group_0,1,fave,275.2573623896637,76.57133072202254,6,buscando,,0.0899999999999181,plataformas,eso,b,s,b,s,internal,38.18539948790609,5.521844014722445,104.58750702736702,f061152e-Audio_SP12.csv,f061152e-Audio_SP12,988.84875,2353.872,1176.936,time column: time,audio_duration,H1
411.1844424776619,1257.281357405602,2658.421062368004,2.225564488040205,4.065493452925659,4.1123114610154365,5871.794871794871,0.0002693919300207,995.13775,0.035,0.3365384615384616,0-0-2013-4,u,f061152e-Audio_SP12.v0,group_0,1,fave,192.77329859516684,84.89906838702107,6,madrugada,,0.0800000000000409,la,[silence],R,g,R,g,internal,9.258707758853488,58.29366660692257,61.08775647146903,f061152e-Audio_SP12.csv,f061152e-Audio_SP12,995.13775,2353.872,1176.936,time column: time,audio_duration,H1
528.5063016946511,1044.8330441574356,2483.11792008378,2.933705123218701,2.2680427528484683,4.787991487562352,5871.794871794871,0.0005917275189158,1023.62375,0.027,0.3214285714285714,0-0-2075-4,u,f061152e-Audio_SP12.v0,group_0,1,fave,256.27545564621056,74.82989658920343,6,computadora,,0.0599999999999454,la,o,p,t,p,t,internal,18.797147380039775,9.660474362314838,120.05998436082396,f061152e-Audio_SP12.csv,f061152e-Audio_SP12,1023.62375,2353.872,1176.936,time column: time,audio_duration,H1
398.0828767645601,911.3107793939986,2199.6199448098027,3.3093373330775337,2.78915348638776,4.8305145993067296,6230.769230769231,0.0003682110697862,1071.0437499999998,0.027,0.3214285714285714,0-0-2187-1,u,f061152e-Audio_SP12.v0,group_0,1,fave,311.43935432897524,73.63714049182907,6,puedes,,0.0599999999999454,ahí,llevar,p,é,p,é,internal,27.36698426653762,16.2672435286291,125.27541070986766,f061152e-Audio_SP12.csv,f061152e-Audio_SP12,1071.0437499999998,2353.872,1176.936,time column: time,audio_duration,H1
636.8770510738354,866.3541582161536,2561.377198885431,4.4197040534046925,2.4609069608375385,3.787729234187959,6589.74358974359,0.0055033843103531,1073.44575,0.031,0.3297872340425531,0-0-2193-1,u,f061152e-Audio_SP12.v0,group_0,1,fave,228.89599377502367,64.86411020852717,6,Bueno,,0.0699999999999363,.,los,b,é,b,é,internal,83.07169693421893,11.715432161174109,44.15601837030635,f061152e-Audio_SP12.csv,f061152e-Audio_SP12,1073.44575,2353.872,1176.936,time column: time,audio_duration,H1
490.0336967984292,963.7815773963412,2435.34621193738,3.2320514479177422,3.1689013298801663,4.079581083919718,5333.333333333333,0.0014518418820103,1082.84575,0.031,0.3297872340425531,0-0-2231-1,u,f061152e-Audio_SP12.v0,group_0,1,fave,199.4490329775256,79.52029069877327,6,pues,,0.0700000000001637,control,",",p,e,p,e,internal,25.331570100952323,23.781342148199013,59.120698050501154,f061152e-Audio_SP12.csv,f061152e-Audio_SP12,1082.84575,2353.872,1176.936,time column: time,audio_duration,H1
423.0324525574709,746.6238302748607,1930.8668719360005,2.314933342947871,3.676972288671248,4.323289046188494,4256.410256410256,0.0007826051600268,1092.48375,0.027,0.3214285714285714,0-0-2265-1,u,f061152e-Audio_SP12.v0,group_0,1,fave,246.2206192523863,72.47719400188592,6,cuándo,,0.0599999999999454,sé,me,k,á,k,á,internal,10.124248043721348,39.5265377727938,75.4363342982696,f061152e-Audio_SP12.csv,f061152e-Audio_SP12,1092.48375,2353.872,1176.936,time column: time,audio_duration,H1
525.8665635134773,1279.5310287176503,1566.9559079708745,3.2773478581586,2.594233353658413,4.024023479555798,3538.4615384615386,0.0014350971565552,1126.75375,0.027,0.3214285714285714,0-0-2341-1,u,f061152e-Audio_SP12.v0,group_0,1,fave,292.27975802715963,66.94870396725801,6,bueno,,0.0599999999999454,aquí,las,b,é,b,é,internal,26.50538336364003,13.386320852611016,55.92566954815238,f061152e-Audio_SP12.csv,f061152e-Audio_SP12,1126.75375,2353.872,1176.936,time column: time,audio_duration,H1
544.7019508167173,976.654606468317,2232.3427069917634,3.4988427457102205,3.1325280532547106,4.935831815728096,6589.74358974359,0.0045684935108293,1168.19775,0.035,0.3365384615384615,0-0-2454-1,u,f061152e-Audio_SP12.v0,group_0,1,fave,246.1111728150949,75.93505524087216,6,cuarenta,,0.0799999999999272,cero,",",k,a,k,a,internal,33.07715112603107,22.93187933691648,139.18887388629966,f061152e-Audio_SP12.csv,f061152e-Audio_SP12,1168.19775,2353.872,1176.936,time column: time,audio_duration,H1
