F1,F2,F3,B1,B2,B3,max_formant,smooth_error,time,rel_time,prop_time,id,label,file_name,group,speaker_num,point_heuristic,f0,intensity,optimized,word,stress,dur,pre_word,fol_word,pre_seg,fol_seg,abs_pre_seg,abs_fol_seg,context
731.7582900614826,1783.1004043557755,2850.5948509500786,3.372595857993381,2.9769154049565367,3.093928828092323,6051.282051282051,0.000032546569154219966,35.33375,0.027000000000000003,0.32142857142857145,0-0-3-1,a,51a17262-Audio_SP18.v0,group_0,1,fave,205.82042947154613,78.3798976128941,9,básicamente,"",0.060000000000002274,",",ahorita,b,s,b,s,internal
807.7605625212093,1831.0725725210066,2835.4484086672774,3.096425005825735,3.9023254940296033,3.7940056848718506,5692.3076923076915,0.001981583858190591,36.14274999999999,0.045,0.33582089552238803,0-0-4-0,a,51a17262-Audio_SP18.v0,group_0,1,fave,207.09278721980675,73.84936147641095,9,ahorita,"",0.10999999999999943,básicamente,estoy,#,o,e,o,initial
829.5335511593998,1831.0758065517412,2529.80977571114,2.6740248722506292,3.59110397550175,3.5734588726925227,6051.282051282051,0.00032950763845211923,40.99875,0.037000000000000005,0.324561403508772,0-0-14-0,a,51a17262-Audio_SP18.v0,group_0,1,fave,202.8528654127713,81.61253659617208,9,a,"",0.09000000000000341,%%,raíz,#,#,&,r,coextensive
793.4795501321382,1648.3323200898985,2748.2571956089787,3.0164535421761927,4.255026390363168,3.073687386620038,6948.717948717948,0.016573480717495526,41.737750000000005,0.195,0.33390410958904104,0-0-17-1,a,51a17262-Audio_SP18.v0,group_0,1,fave,178.54268865341945,77.54824202947859,9,la,"",0.5600000000000023,de,pandemia,l,#,l,p,final
838.9804370718675,1557.8986842403033,2712.8250967409194,3.15465471961707,3.745957868067932,3.1303659906683787,5871.794871794871,0.00010847725629269612,42.30775,0.035,0.3365384615384616,0-0-18-1,a,51a17262-Audio_SP18.v0,group_0,1,fave,190.2751000885834,80.07857672723243,9,pandemia,"",0.0799999999999983,la,[silence],p,n,p,n,internal
881.0393553582521,2420.082806229943,3019.3317313353336,3.921609517404573,4.011961617014694,4.029093646009463,10000.0,0.000422142231166869,42.73775,0.035,0.3365384615384616,0-0-18-7,a,51a17262-Audio_SP18.v0,group_0,1,fave,252.10721769399723,79.43742327496196,9,pandemia,"",0.0799999999999983,la,[silence],i,#,i,.,final
764.1263266363487,1789.0991466926566,2883.8995342478947,3.3201171200880175,3.7174906865446355,3.818854773644588,7128.205128205128,0.016083246621035222,45.702749999999995,0.045,0.3358208955223881,0-0-24-3,a,51a17262-Audio_SP18.v0,group_0,1,fave,261.1599677169236,76.9670287615308,9,casa,"",0.10999999999999943,en,.,s,#,s,.,final
783.9156751466259,1899.7764279331598,2771.2533483854763,2.7484435260919686,3.4136439850377713,3.4922391003852753,5692.3076923076915,0.0005372234364428251,48.00775,0.035,0.33653846153846156,0-0-30-1,a,51a17262-Audio_SP18.v0,group_0,1,fave,183.61979099780484,75.38154125747995,9,la,"",0.0799999999999983,[silence],que,l,#,l,k,final
827.5731716001004,1726.2191663423023,2731.9822075941424,3.060028311382263,3.1936318838553834,3.49784953445133,5692.3076923076915,0.0010263288836653722,66.95275000000001,0.045,0.33582089552238803,0-0-44-0,a,51a17262-Audio_SP18.v0,group_0,1,fave,250.23118349350267,82.25451369284929,9,Actualmente,"",0.10999999999999943,[silence],no,#,k,.,k,initial
636.9140935905627,1539.86350317772,2937.0432649454046,3.2217266812826515,3.7891158921607313,3.2182638464316824,5692.3076923076915,0.00007680628365962305,67.19575,0.031,0.32978723404255317,0-0-44-4,a,51a17262-Audio_SP18.v0,group_0,1,fave,274.1692900951088,84.03119728756533,9,Actualmente,"",0.06999999999999318,[silence],no,u,l,u,l,internal
837.3452351270747,1483.2605091590226,2645.2652731375765,3.8829691063346288,4.127059780739009,3.041198773063654,5512.820512820513,0.0026733301646147587,71.09075000000001,0.101,0.3322368421052631,0-0-54-6,a,51a17262-Audio_SP18.v0,group_0,1,fave,190.90693491570661,78.35191229305977,9,ninguna,"",0.2799999999999869,ejerciendo,otra,n,#,n,ó,final
770.1898614147193,1771.684018385198,2760.3199008070974,3.7363332660088564,3.6096273732657673,3.771368293928568,5333.333333333333,0.0017302138170609458,71.53774999999999,0.035,0.3365384615384616,0-0-55-3,a,51a17262-Audio_SP18.v0,group_0,1,fave,195.1706966330547,63.78421885158514,9,otra,"",0.0799999999999983,ninguna,[silence],R,#,R,®,final
744.5309949720229,1292.9622711655886,2730.7696332218543,3.261097051597188,4.315060833719928,3.2527962837735895,5512.820512820513,0.0003820071365428417,76.18775,0.035,0.33653846153846156,0-0-66-4,a,51a17262-Audio_SP18.v0,group_0,1,fave,178.37339859101144,74.74269700532444,9,plataforma,"",0.0799999999999983,otra,aparte,t,f,t,f,internal
797.2282948193221,1373.2671880490823,2598.9897496155736,3.4258868562691798,3.728090972828691,3.3094404538050664,5871.794871794871,0.005757579128545613,76.59575,0.051000000000000004,0.3311688311688312,0-0-67-0,a,51a17262-Audio_SP18.v0,group_0,1,fave,162.38386322066637,74.52739854606327,9,aparte,"",0.13000000000000966,plataforma,de,#,p,a,p,initial
753.1178875399537,964.8002511524298,1774.1273695211141,3.8849242522081298,3.674847761143301,4.184956102450249,4076.923076923077,0.0335276158094151,80.03275000000001,0.065,0.33505154639175255,0-0-72-0,a,51a17262-Audio_SP18.v0,group_0,1,fave,198.86680502730167,77.152239088029,9,a,"",0.1700000000000017,[silence],raíz,#,#,.,r,coextensive
703.2561184572693,2319.8745152846254,3178.5152411066747,3.117846900751187,3.580865882122943,4.319683090808967,6948.717948717948,0.00013472025808135204,84.27375,0.027000000000000003,0.32142857142857145,0-0-80-4,a,51a17262-Audio_SP18.v0,group_0,1,fave,213.6811971513541,82.72469873384803,9,medianamente,"",0.05999999999998806,[silence],se,i,n,i,n,internal
753.8892435491457,1735.076509634344,2764.8884108255415,2.740793605509242,3.360964664640306,3.9142910717398065,5692.3076923076915,0.00008022826724374523,84.36375,0.027000000000000003,0.32142857142857145,0-0-80-6,a,51a17262-Audio_SP18.v0,group_0,1,fave,213.8526206969722,83.14906116074309,9,medianamente,"",0.060000000000002274,[silence],se,n,m,n,m,internal
807.1241855067726,1654.2446261218918,2625.903397147046,3.227712373917263,3.9532755829735398,4.237109842630648,6051.282051282051,0.0013375072374066047,90.00575,0.051000000000000004,0.3311688311688312,0-0-94-3,a,51a17262-Audio_SP18.v0,group_0,1,fave,198.82554995082225,79.77401464813703,9,tema,"",0.12999999999999545,el,de,m,#,m,d,final
804.8501678100208,1683.9709869983335,2747.4041881119565,2.585082468262655,3.4905678949535663,2.9050470771530783,6589.74358974359,0.00009107160111363056,92.27775,0.035,0.33653846153846156,0-0-98-1,a,51a17262-Audio_SP18.v0,group_0,1,fave,200.01246549670722,81.39595674273895,9,pandemia,"",0.0799999999999983,situación,[silence],p,n,p,n,internal
798.9687709690338,2452.0226739920527,3049.910447994812,3.436717871699838,3.7160395744926413,3.8702858382874314,6051.282051282051,0.0001530366748995567,92.73375,0.027000000000000003,0.32142857142857145,0-0-98-7,a,51a17262-Audio_SP18.v0,group_0,1,fave,290.23872757691004,76.26663593540616,9,pandemia,"",0.060000000000002274,situación,[silence],i,#,i,.,final
793.7679035038359,2049.3528934636906,2655.7410584496142,2.73881118568143,3.3735744594185317,3.8164028003993895,6410.25641025641,0.0001351860488991939,94.32375,0.027000000000000003,0.32142857142857145,0-0-100-3,a,51a17262-Audio_SP18.v0,group_0,1,fave,195.67030355429424,78.03637717121808,9,para,"",0.060000000000002274,[silence],no,R,#,R,n,final
756.8941986065211,1863.8099679819231,2713.9856034914624,2.836846119331342,3.010567746525627,3.2484110890796565,5512.820512820513,0.00006374119980552514,96.00874999999999,0.037000000000000005,0.324561403508772,0-0-104-4,a,51a17262-Audio_SP18.v0,group_0,1,fave,201.72575069273856,80.34422879925641,9,fuera,"",0.09000000000000341,[silence],[silence],R,#,R,®,final
821.1389803103009,1701.2495897500296,2908.5511980515516,3.480122355047158,4.145705710179649,3.458281972270571,5871.794871794871,0.009201406300702137,97.60275,0.045,0.33582089552238803,0-0-109-3,a,51a17262-Audio_SP18.v0,group_0,1,fave,151.9838523840161,78.80100769113957,9,casa,"",0.10999999999999943,de,[silence],s,#,s,.,final
718.7786961345718,1968.0093912216403,2803.6482732878185,2.8557643026176485,3.9998837680081083,2.9357040754347463,5871.794871794871,0.0007205726103925726,98.83375,0.047,0.3263888888888889,0-0-113-0,a,51a17262-Audio_SP18.v0,group_0,1,fave,177.81461462590514,78.06377661404805,9,a,"",0.12000000000000455,recurrí,este,#,#,i,s,coextensive
711.7135803719111,1495.836571464502,2793.336094931703,2.950316691402914,4.032749432527935,3.3736202436575504,6051.282051282051,0.0015578750976891831,110.56275000000001,0.125,0.33422459893048123,0-0-122-9,a,51a17262-Audio_SP18.v0,group_0,1,fave,148.77670745748793,79.11376992775135,9,licenciada,"",0.3499999999999943,soy,en,d,#,d,e,final
806.288539365991,1574.368569579204,2578.0132408700592,2.9274958532491397,4.2268477220057825,3.241363179101911,6769.2307692307695,0.0010768440405982294,114.51975,0.13899999999999998,0.33574879227053134,0-0-130-5,a,51a17262-Audio_SP18.v0,group_0,1,fave,173.12651474905496,79.45127175335203,9,estaba,"",0.39000000000000057,[silence],en,b,#,b,e,final
777.4217745913833,1735.819454666796,2858.271073470849,3.1979937426733978,3.7547905728962316,3.1554736992108365,6051.282051282051,0.000198307231694047,116.88775,0.035,0.33653846153846156,0-0-139-1,a,51a17262-Audio_SP18.v0,group_0,1,fave,189.7354396222979,72.16349681068121,9,la,"",0.0799999999999983,de,pandemia,l,#,l,p,final
820.749309570194,1448.9408798259649,2712.564606961441,2.8473876886407092,4.155531569141603,2.6758913730567864,5692.3076923076915,0.00005971338722982041,117.01375,0.027000000000000003,0.32142857142857145,0-0-140-1,a,51a17262-Audio_SP18.v0,group_0,1,fave,173.24774922506452,79.5936085828672,9,pandemia,"",0.060000000000002274,la,[silence],p,n,p,n,internal
681.6329208442552,2559.753935640709,3518.980111629266,3.5383237224613886,3.519336479585932,4.418286554979796,8384.615384615383,0.00013785592591183433,117.37774999999999,0.035,0.3365384615384616,0-0-140-7,a,51a17262-Audio_SP18.v0,group_0,1,fave,231.03956461881407,80.45840285832395,9,pandemia,"",0.0799999999999983,la,[silence],i,#,i,.,final
402.5278859815528,832.8022754309737,1635.6252898690475,2.96952140229155,2.410683758118694,4.170525258384313,3358.974358974359,0.005021385440555097,120.06775,0.07500000000000001,0.3348214285714286,0-0-145-9,a,51a17262-Audio_SP18.v0,group_0,1,fave,295.3292292084124,78.67161364933047,9,voluntaria,"",0.20000000000000284,[silence],",",i,#,i,.,final
893.6716417726794,1703.2424275887395,2758.1328557763723,3.1656692792065257,3.8192407192856854,3.4437636013408257,6230.7692307692305,0.0009099866315537886,121.16075,0.041,0.3306451612903226,0-0-147-0,a,51a17262-Audio_SP18.v0,group_0,1,fave,191.50295937423385,78.16433238201132,9,atendiendo,"",0.09999999999999432,",",a,#,t,.,t,initial
736.6141524485726,1410.0679392419026,2700.6623747275316,2.594503459966847,3.721952955097043,3.4399743481883847,5333.333333333333,0.00006106117773549469,147.41875,0.037,0.32456140350877194,0-0-173-4,a,51a17262-Audio_SP18.v0,group_0,1,fave,180.8074653820114,82.3729412115155,9,educadora,"",0.09000000000000341,[silence],[silence],k,d,k,d,internal
631.646447571446,1912.2143816425319,2775.6918734219994,3.5282734739937824,3.318101153476254,3.90196310513463,6589.74358974359,0.0002615438530609066,147.71775,0.035,0.33653846153846156,0-0-173-8,a,51a17262-Audio_SP18.v0,group_0,1,fave,315.00348486846974,83.36574263345297,9,educadora,"",0.0800000000000125,[silence],[silence],R,#,R,.,final
841.7327336893749,1246.534720880651,2687.989696959772,3.1379422289996293,4.141337327497446,3.4556019510321363,5512.820512820513,0.006639979565772234,154.02775,0.175,0.3339694656488549,0-0-187-0,a,51a17262-Audio_SP18.v0,group_0,1,fave,207.930949838924,77.39326626385807,9,a,"",0.5,llegar,[silence],#,#,R,.,coextensive
673.0550772765589,930.1895732318156,1881.68909347974,3.5296694585998583,3.1495818292844997,3.8252679809891452,3717.948717948718,0.00002663789064596826,156.10375000000002,0.027000000000000003,0.32142857142857145,0-0-190-2,a,51a17262-Audio_SP18.v0,group_0,1,fave,233.43663010693388,83.01869912715881,9,trabajar,"",0.060000000000002274,poder,como,R,b,R,b,internal
767.0133619704536,1641.2018373356398,2635.14772032408,3.334538016499134,4.5522282930537985,3.914864331744339,5333.333333333333,0.0008873276727927594,156.19775,0.035,0.3365384615384616,0-0-190-4,a,51a17262-Audio_SP18.v0,group_0,1,fave,253.4081380433003,80.80182047868027,9,trabajar,"",0.07999999999998408,poder,como,b,x,b,x,internal
455.7165452352245,725.9643933033113,1953.2953701325528,4.092139996607683,2.7754759582800923,3.7246843562115517,3897.4358974358975,0.00013590861532073768,157.43274999999997,0.025,0.33783783783783783,0-0-192-9,a,51a17262-Audio_SP18.v0,group_0,1,fave,238.07827317363683,81.56687316983538,9,voluntaria,"",0.05000000000001137,como,algún,i,#,i,á,final
735.6593103319326,2168.8152102672707,2859.5150900080876,3.0031424612888613,4.01781780292224,3.9304979082710645,5871.794871794871,0.0027990644363571214,170.41875,0.037000000000000005,0.324561403508772,0-0-223-0,a,51a17262-Audio_SP18.v0,group_0,1,fave,174.20001376264054,77.3037388588155,9,ayudándoles,"",0.09000000000000341,pues,en,#,y,s,y,initial
623.9832157718298,1779.1269240795516,2932.9048496067767,2.505579305752739,3.98845725792398,3.7146151813095925,5871.794871794871,0.0009758329246781197,170.71075000000002,0.041,0.3306451612903226,0-0-223-4,a,51a17262-Audio_SP18.v0,group_0,1,fave,193.95805268152685,81.72197222902706,9,ayudándoles,"",0.09999999999999432,pues,en,d,n,d,n,internal
753.2873328893453,1816.8462837799673,2638.4734243868197,2.414679518772422,3.8572805802895282,3.3558960630808645,6051.282051282051,0.00004088376594282924,171.44875,0.037000000000000005,0.324561403508772,0-0-226-0,a,51a17262-Audio_SP18.v0,group_0,1,fave,182.86042853222625,83.49410424945123,9,área,"",0.09000000000000341,el,académica,#,R,l,R,initial
788.9097246706987,1875.4845204098217,2601.589987501748,2.944764589582554,3.8043369031148053,2.9227306404730005,5692.3076923076915,0.000048815561142897955,171.68574999999998,0.031,0.32978723404255317,0-0-227-0,a,51a17262-Audio_SP18.v0,group_0,1,fave,158.2033600481914,79.74708925486176,9,académica,"",0.0700000000000216,área,en,#,k,a,k,initial
812.0542280566241,1926.2392349490367,2663.1899760819365,2.9234340575906486,3.8981448501472227,3.241725331592501,5871.794871794871,0.000014380420815460668,171.84375000000003,0.027000000000000003,0.32142857142857145,0-0-227-2,a,51a17262-Audio_SP18.v0,group_0,1,fave,209.51360143829237,80.93650834303908,9,académica,"",0.05999999999997385,área,en,k,d,k,d,internal
799.3878176282977,1646.9580829691672,2871.2522089233316,2.906312084851051,3.490104183741396,3.5293937764531553,5692.3076923076915,0.00042453288711315337,172.42575000000002,0.051000000000000004,0.3311688311688312,0-0-227-8,a,51a17262-Audio_SP18.v0,group_0,1,fave,216.72022805910498,81.74621482217117,9,académica,"",0.12999999999999545,área,en,k,#,k,e,final
750.1721827838068,1860.1587294629398,2775.808809441877,2.2990280072790967,3.8561996978969915,3.694501531266332,6051.282051282051,0.00023463205560579858,172.77874999999997,0.037000000000000005,0.324561403508772,0-0-230-0,a,51a17262-Audio_SP18.v0,group_0,1,fave,182.09723949100118,82.83864850361356,9,área,"",0.09000000000000341,el,[silence],#,R,l,R,initial
713.0869568334278,1889.3011498463475,2717.6133934569866,3.139256087017954,3.5609529752749625,3.7074359013653386,6410.25641025641,0.0002428442317337046,194.76575,0.031,0.32978723404255317,0-0-262-2,a,51a17262-Audio_SP18.v0,group_0,1,fave,197.4497296127759,78.44867642081064,9,Exactamente,"",0.06999999999999318,.,.,s,k,s,k,internal
674.3297748897027,1865.5549614004024,2868.63175772394,3.1837387599876954,3.597396976958651,3.262861189662882,6410.25641025641,0.000013930216328228504,194.96274999999997,0.025,0.33783783783783783,0-0-262-5,a,51a17262-Audio_SP18.v0,group_0,1,fave,101.73987772856357,78.42293029439408,9,Exactamente,"",0.05000000000001137,.,.,t,m,t,m,internal
761.7809191718945,1762.1059591916548,2982.5510738566127,2.688748534919382,3.7483572763425044,4.089712717625613,5692.3076923076915,0.0000848837839496739,200.52575,0.031,0.32978723404255317,0-0-272-6,a,51a17262-Audio_SP18.v0,group_0,1,fave,266.62033658651296,84.17084778046035,9,voluntariado,"",0.0700000000000216,un,pero,t,R,t,R,internal
763.1208265479167,1229.3652264787006,2854.073292556342,2.9684659677359937,4.387990357304891,3.968903125061548,5871.794871794871,0.00661550250736691,203.01274999999998,0.065,0.33505154639175255,0-0-276-3,a,51a17262-Audio_SP18.v0,group_0,1,fave,210.61978499970905,82.0243416353639,9,hacia,"",0.17000000000001592,llevado,una,i,#,i,ú,final
912.448141393958,1700.7274928601528,2733.92893487119,3.1974644068312337,3.857983199326842,3.7354084350941577,5871.794871794871,0.0007949505080810813,203.37775000000002,0.07500000000000001,0.33482142857142866,0-0-277-2,a,51a17262-Audio_SP18.v0,group_0,1,fave,224.3120629486934,81.52718136299083,9,una,"",0.19999999999998863,hacia,asociación,n,#,n,a,final
748.5082671010907,1954.891544456174,2950.6264173983723,2.975081190665953,3.9449284554147908,3.304428884963612,5871.794871794871,0.0006036860971163644,207.54275,0.045,0.33582089552238803,0-0-287-9,a,51a17262-Audio_SP18.v0,group_0,1,fave,245.46272383930508,80.74826544589749,9,suministra,"",0.10999999999998522,nos,algunas,R,#,R,a,final
928.2892780703693,1597.1945371065735,2648.9657709655626,3.0894540909139057,4.090669078504675,3.4475384212148246,6051.282051282051,0.0026725874257021633,207.65775,0.055,0.33536585365853655,0-0-288-0,a,51a17262-Audio_SP18.v0,group_0,1,fave,256.7953248218428,78.77933619689554,9,algunas,"",0.14000000000001478,suministra,cosas,#,l,a,l,initial
816.4093497050118,1693.5798143098955,3135.137598467438,3.6408028909430974,3.5169560586016964,4.133506662523743,6230.7692307692305,0.0022190647273449583,208.03775000000002,0.035,0.33653846153846156,0-0-288-5,a,51a17262-Audio_SP18.v0,group_0,1,fave,288.74863153944347,83.10132039524972,9,algunas,"",0.07999999999998408,suministra,cosas,n,s,n,s,internal
836.7208037190794,1931.3174940757847,2799.2391246719217,3.184620517655775,3.77910312156372,3.055955703740341,5692.3076923076915,0.0062299711187570475,208.46275,0.045,0.33582089552238803,0-0-289-3,a,51a17262-Audio_SP18.v0,group_0,1,fave,286.59261918545786,80.45657132446453,9,cosas,"",0.11000000000001364,algunas,[silence],s,s,s,s,internal
790.5800142669608,1841.984258722304,2934.8156280350127,3.2174982969232375,3.977475691192502,3.3404444431682143,6948.717948717948,3.3443197278158803e-6,209.80274999999997,0.025,0.33783783783783783,0-0-293-7,a,51a17262-Audio_SP18.v0,group_0,1,fave,188.22819593621352,79.50150421303401,9,necesitan,"",0.05000000000001137,se,%%,t,n,t,n,internal
824.6461447616108,1784.3270864090819,2700.6269199010544,3.1635046134059395,4.020965648515178,3.8438900603728454,5871.794871794871,0.021680449364930413,213.92374999999998,0.10700000000000001,0.3302469135802469,0-0-300-3,a,51a17262-Audio_SP18.v0,group_0,1,fave,271.00549882383353,82.76857392350077,9,ropa,"",0.29999999999998295,de,.,p,#,p,.,final
756.3088993898591,1925.5126010436404,2821.926776145119,3.372240026281916,3.637514158896718,2.7941465933402396,5692.3076923076915,0.00048100875515637634,217.29075000000003,0.041,0.3306451612903226,0-0-308-3,a,51a17262-Audio_SP18.v0,group_0,1,fave,85.20846896539825,69.98441766964112,9,cosas,"",0.09999999999999432,de,.,s,s,s,s,internal
886.9442331017045,1669.3242220367051,2665.840088443511,3.7169338055833827,3.999841501466667,3.850247307248527,6230.7692307692305,0.002156988876329992,218.28375,0.067,0.32843137254901966,0-0-311-3,a,51a17262-Audio_SP18.v0,group_0,1,fave,302.0243034578436,84.07973574368218,9,demás,"",0.18000000000000682,Lo,pues,m,s,m,s,internal
837.5447861243773,1738.1098294200012,2729.7846925370463,2.7814583956881016,3.7130960531220354,3.524711957055878,5692.3076923076915,0.000017113359175545012,222.45375,0.027000000000000003,0.32142857142857145,0-0-324-2,a,51a17262-Audio_SP18.v0,group_0,1,fave,223.05838990220786,83.07030054833578,9,transcurso,"",0.060000000000002274,el,del,R,n,R,n,internal
780.1707965432838,1911.1032339017315,2808.001101157539,2.803102924339077,3.853641732055228,3.3920708623216655,6230.7692307692305,0.00017204790734230225,225.12775000000002,0.035,0.33653846153846156,0-0-332-1,a,51a17262-Audio_SP18.v0,group_0,1,fave,181.94084830146505,81.37006158155687,9,la,"",0.07999999999998408,dando,[silence],l,#,l,.,final
706.9264885309535,1882.1211716583734,2781.604374551253,2.9565187969615456,3.7537023883091423,3.529739490444785,6230.7692307692305,0.000018931358266269447,225.40375,0.027000000000000003,0.32142857142857145,0-0-334-1,a,51a17262-Audio_SP18.v0,group_0,1,fave,182.35451743739875,79.73294881786624,9,las,"",0.060000000000002274,[silence],situaciones,l,s,l,s,internal
896.6053475251587,1693.9311901886667,2467.455758580427,3.016073041521103,4.025746908763158,3.536740858020528,5692.3076923076915,0.000019398714557908747,226.26375000000002,0.027000000000000003,0.32142857142857145,0-0-337-0,a,51a17262-Audio_SP18.v0,group_0,1,fave,189.9455595830113,79.40474925228669,9,algunas,"",0.060000000000002274,",",personas,#,l,.,l,initial
725.1216834636339,1794.8978239439987,2723.914610610977,3.0963997932062752,4.030312055286038,3.431315145813691,5871.794871794871,0.0013248823637892419,227.43575,0.051000000000000004,0.3311688311688312,0-0-340-4,a,51a17262-Audio_SP18.v0,group_0,1,fave,87.63422869747538,75.46724206709864,9,puedan,"",0.12999999999999545,que,aportar,d,n,d,n,internal
911.1049675322824,1416.2595584439246,2734.2532052494244,3.2803513561571536,4.007471811641977,3.762336650123797,5333.333333333333,0.010907821077646799,227.61775,0.055,0.33536585365853655,0-0-341-0,a,51a17262-Audio_SP18.v0,group_0,1,fave,250.6228298747297,75.16938052174083,9,aportar,"",0.13999999999998636,puedan,[silence],#,p,n,p,initial
792.7699129537721,1882.6941916022417,2825.8232693391665,3.2045940580505805,3.9763455466551103,3.783706854682317,5692.3076923076915,3.786654728241273e-6,230.20274999999998,0.025,0.33783783783783783,0-0-346-3,a,51a17262-Audio_SP18.v0,group_0,1,fave,192.71431139973177,79.8596238217335,9,están,"",0.05000000000001137,este,allí,t,n,t,n,internal
903.6452792936147,2385.8557251700586,4352.24415620212,3.758308778766799,3.4224549119145267,4.291079626865369,9641.02564102564,0.004747658250713244,231.70275,0.10500000000000001,0.3343949044585987,0-0-350-3,a,51a17262-Audio_SP18.v0,group_0,1,fave,1260.3130202213702,76.4524615689026,9,para,"",0.28999999999999204,prestos,[silence],R,#,R,.,final
801.3647131405494,1671.435547606267,2715.9605545801783,3.040726677749081,3.982909251641863,3.0769830956463657,6051.282051282051,0.000010898529729744776,232.61375,0.027000000000000003,0.32142857142857145,0-0-353-1,a,51a17262-Audio_SP18.v0,group_0,1,fave,197.66705629405038,81.76660162351921,9,la,"",0.060000000000002274,tender,mano,l,#,l,m,final
757.3847701920791,1877.8603566088227,2680.4742440126947,3.023278410134832,3.8977163925510943,3.7937909874038382,5871.794871794871,0.000018983129531833587,233.22375000000002,0.027000000000000003,0.32142857142857145,0-0-355-3,a,51a17262-Audio_SP18.v0,group_0,1,fave,188.98323504016236,78.7406159400433,9,para,"",0.060000000000002274,mano,colaborar,R,#,R,k,final
732.9095119390337,1796.1614326479678,2727.5303875596237,2.6781929906952735,3.955831555875269,3.356029521799425,5871.794871794871,0.00005375418567572451,233.47575,0.031,0.32978723404255317,0-0-356-3,a,51a17262-Audio_SP18.v0,group_0,1,fave,178.24943592866347,83.00422536302551,9,colaborar,"",0.06999999999999318,para,",",l,b,l,b,internal
854.2508238932107,1754.920499042312,2780.892187363162,2.6144344326915063,3.285392566975476,3.9767712338739463,5871.794871794871,0.00003090863641298207,237.69575,0.031,0.32978723404255317,0-0-367-2,a,51a17262-Audio_SP18.v0,group_0,1,fave,221.07875090462608,83.32740986290993,9,una,"",0.06999999999999318,",",remuneración,n,#,n,r,final
893.7782983371031,1791.7576241804568,2556.5077585869703,3.6586670127091168,4.038250088848596,4.3285757168500245,5871.794871794871,0.02894401420478583,239.05875,0.07700000000000001,0.3290598290598291,0-0-369-3,a,51a17262-Audio_SP18.v0,group_0,1,fave,295.4432780771875,75.93580343230505,9,fija,"",0.20999999999997954,remuneración,[silence],x,#,x,.,final
785.4103129966794,1773.5306496204591,2841.1582541102466,2.6234586280946464,3.663321092748949,3.030324694168558,5692.3076923076915,0.0002320205661353094,240.19775,0.035,0.33653846153846156,0-0-373-1,a,51a17262-Audio_SP18.v0,group_0,1,fave,381.94551106022794,82.13330202467607,9,tampoco,"",0.07999999999998408,[silence],por,t,m,t,m,internal
771.2600406974726,1988.3282390238746,2909.4298935796064,3.016299389429329,3.5973978474878368,3.943017343349456,6230.7692307692305,0.000026133010018186617,244.74375,0.027000000000000003,0.32142857142857145,0-0-386-4,a,51a17262-Audio_SP18.v0,group_0,1,fave,191.34005577879168,80.86024365347502,9,quieran,"",0.060000000000002274,quienes,acceder,R,n,R,n,internal
793.221113340978,1781.2671881204228,2606.252822040677,2.9521166713026417,3.398506153113339,3.737685360697876,4974.358974358975,0.00010195036649475329,244.87775000000002,0.035,0.33653846153846156,0-0-387-0,a,51a17262-Audio_SP18.v0,group_0,1,fave,197.95992694173756,79.27234043491644,9,acceder,"",0.07999999999998408,quieran,a,#,k,n,k,initial
720.7810063716503,1804.2089776725577,2527.9945501270968,2.66520368422695,3.200943971382582,3.5080883233005236,5333.333333333333,0.00001648339531694147,245.36775,0.035,0.3365384615384616,0-0-388-0,a,51a17262-Audio_SP18.v0,group_0,1,fave,177.53182110662956,78.73064950268504,9,a,"",0.0800000000000125,acceder,colaborar,#,#,R,k,coextensive
729.9652139736172,1628.6633998569248,2722.9720414758667,2.4527505027699386,4.091510067227427,2.966064302774935,6051.282051282051,0.000024137398753843756,245.62375000000003,0.027000000000000003,0.32142857142857145,0-0-389-3,a,51a17262-Audio_SP18.v0,group_0,1,fave,177.51450856857204,81.418613071622,9,colaborar,"",0.05999999999997385,a,.,l,b,l,b,internal
562.6537400899687,918.2186403638466,1900.9633221793267,3.4863200928798714,2.875019648477734,3.6374151963784773,3717.948717948718,0.003740781816871913,257.72074999999995,0.041,0.3306451612903226,0-0-399-1,a,51a17262-Audio_SP18.v0,group_0,1,fave,326.18691962035984,82.33041386495286,9,salud,"",0.10000000000002274,de,%%,s,l,s,l,internal
710.3678957153763,1812.2231295207039,2848.274191060016,2.9356949133743564,4.286227967474221,3.0401634762061427,5692.3076923076915,0.00014670383505720612,263.37575,0.031,0.32978723404255317,0-0-414-6,a,51a17262-Audio_SP18.v0,group_0,1,fave,101.46675425633298,80.96520845711302,9,voluntariado,"",0.06999999999999318,del,para,t,R,t,R,internal
755.4913525450963,1860.3421281807484,2859.6632151254535,3.2507412650188163,3.920508494874703,2.909391824708046,5692.3076923076915,0.000784109499826582,264.10275,0.045,0.33582089552238803,0-0-415-3,a,51a17262-Audio_SP18.v0,group_0,1,fave,105.92734526859346,77.1030668961853,9,para,"",0.11000000000001364,voluntariado,[silence],R,#,R,&,final
681.6896221324312,1235.9750769138057,2704.866649765133,3.717536838267566,4.101654993182822,3.1829244111141026,4794.871794871795,0.01136457480185354,264.63075,0.041,0.3306451612903226,0-0-417-0,a,51a17262-Audio_SP18.v0,group_0,1,fave,321.94394702770353,76.1813406345123,9,algunos,"",0.0999999999999659,[silence],chequeos,#,l,&,l,initial
789.9964235706295,1895.3244468041576,2680.86059132978,2.9961246547766764,4.03494582846422,4.112150817033461,5871.794871794871,0.005436020776946704,271.31874999999997,0.137,0.33091787439613524,0-0-428-7,a,51a17262-Audio_SP18.v0,group_0,1,fave,156.68240087881108,81.62167892970973,9,encerrada,"",0.38999999999998636,[silence],en,d,#,d,e,final
765.6835757186449,1766.155314222934,2770.278280720986,2.9648179360077616,4.03018899727397,3.7065939052053904,5692.3076923076915,0.000992846577577352,273.92075,0.061000000000000006,0.3315217391304348,0-0-436-0,a,51a17262-Audio_SP18.v0,group_0,1,fave,212.9354069959552,81.93389422819376,9,ahora,"",0.160000000000025,estoy,[silence],#,ó,y,ó,initial
866.9840141370871,1987.1536309629432,2940.255028534765,3.017439363341765,3.8527395904873183,3.951337894487383,6230.7692307692305,0.0032461421215132127,274.24075,0.061000000000000006,0.3315217391304348,0-0-436-3,a,51a17262-Audio_SP18.v0,group_0,1,fave,211.9922961765035,75.8623888802785,9,ahora,"",0.160000000000025,estoy,[silence],R,#,R,®,final
648.6967607245567,2075.552437517206,2918.1278013125047,4.025516763150788,3.7475562205607353,3.456158932150883,5692.3076923076915,0.0022403568606456986,278.04875,0.037,0.32456140350877194,0-0-446-3,a,51a17262-Audio_SP18.v0,group_0,1,fave,259.1602669154105,78.40306409053125,9,otras,"",0.09000000000003183,buscar,[silence],R,s,R,s,internal
639.7650790314758,1924.428927519577,2640.2499449990296,3.0736474549195303,3.818721580827285,3.736532900984112,5692.3076923076915,0.00008346584067436827,280.02574999999996,0.031,0.32978723404255317,0-0-450-6,a,51a17262-Audio_SP18.v0,group_0,1,fave,103.31308210620426,80.9354916580261,9,pudiera,"",0.06999999999999318,donde,estar,R,#,R,e,final
859.081109709727,1716.005807980928,2502.4420129108216,3.2297808800477235,3.888343175412074,3.993967627861748,5692.3076923076915,0.00189462110222997,281.11375,0.087,0.3295454545454546,0-0-454-3,a,51a17262-Audio_SP18.v0,group_0,1,fave,250.2210756236728,80.60650119499955,9,casa,"",0.2400000000000091,en,de,s,#,s,d,final
831.5272754295901,1656.6106166691623,2675.0268517652494,2.9839680255017433,4.0172855666307745,3.4221216182709093,5871.794871794871,0.00003640247969289143,281.57275000000004,0.025,0.33783783783783783,0-0-456-1,a,51a17262-Audio_SP18.v0,group_0,1,fave,199.94912937000962,82.04973082593436,9,manera,"",0.05000000000001137,de,un,m,n,m,n,internal
780.3715263027168,2259.0097848491146,3139.6145259762125,3.1399848787837215,3.5537771796582343,4.7391559438443505,8025.641025641025,0.00019350363943328712,281.80575,0.031,0.32978723404255317,0-0-456-5,a,51a17262-Audio_SP18.v0,group_0,1,fave,192.4094464994389,79.73883616050495,9,manera,"",0.06999999999999318,de,un,R,#,R,ú,final
764.1683784017829,1977.7694737262484,2663.3739637324597,3.231975281691631,3.4166647698626877,4.066632833254866,5692.3076923076915,0.00047567219326151195,283.23774999999995,0.055,0.33536585365853655,0-0-460-7,a,51a17262-Audio_SP18.v0,group_0,1,fave,246.10351004177522,79.26932106002766,9,tranquila,"",0.1400000000000432,más,",",l,#,l,.,final
558.099210630776,949.3532006912665,2801.485092250942,3.2747557754233503,3.778410985971626,3.9573069140788797,5692.3076923076915,0.0022979359947192307,285.53274999999996,0.065,0.33505154639175255,0-0-465-0,a,51a17262-Audio_SP18.v0,group_0,1,fave,232.25192549033704,81.7705014033448,9,agitada,"",0.17000000000001592,[pron=pi],[silence],#,x,&,x,initial
376.4609959276163,820.0833011949045,1379.3461815538492,3.0873047098992474,3.048461119363503,3.928289483755579,3000.0,0.044479553983379265,286.35075,0.101,0.3322368421052631,0-0-465-6,a,51a17262-Audio_SP18.v0,group_0,1,fave,158.772650056071,62.865424097431976,9,agitada,"",0.2799999999999727,[pron=pi],[silence],d,#,d,"",final
667.2550572559624,2119.537019465595,2844.489043678875,2.619637715267209,3.849375930192679,3.124230819904885,5692.3076923076915,0.000025584841208885814,288.80575,0.031,0.32978723404255317,0-0-471-0,a,51a17262-Audio_SP18.v0,group_0,1,fave,195.80559589728983,81.71769137618179,9,a,"",0.06999999999999318,llegué,Microworkers,#,#,e,m,coextensive
921.7843128655917,1804.7452770013388,2653.484227630163,3.0464176928112705,3.9800055186973435,4.374128712357959,5333.333333333333,0.0030826673117506464,298.53075,0.061000000000000006,0.3315217391304348,0-0-476-0,a,51a17262-Audio_SP18.v0,group_0,1,fave,257.6921346887772,81.63755694491941,9,A,"",0.160000000000025,[silence],través,#,#,.,t,coextensive
782.9573015336608,1414.3705160784361,2708.007238495836,3.105146255972081,3.7258854590484884,3.510516106335046,6051.282051282051,0.00011168990603797385,301.43375,0.027000000000000003,0.32142857142857145,0-0-483-1,a,51a17262-Audio_SP18.v0,group_0,1,fave,202.19197681909688,81.4553776081696,9,manera,"",0.060000000000002274,la,de,m,n,m,n,internal
701.4862303361292,1943.3984921792717,2755.9857069032773,2.9925281362932115,3.4054551485954296,3.5466733666835495,5692.3076923076915,0.0002304836065990263,301.83775,0.035,0.33653846153846156,0-0-483-5,a,51a17262-Audio_SP18.v0,group_0,1,fave,204.7106478466123,81.82403273892888,9,manera,"",0.07999999999998408,la,de,R,#,R,d,final
692.7687734807312,2028.2759051287976,2828.4073082722107,3.483002323524873,3.913544904116579,2.7575639012297835,5871.794871794871,0.00018836838053199676,304.20875,0.037000000000000005,0.324561403508772,0-0-491-0,a,51a17262-Audio_SP18.v0,group_0,1,fave,204.56018202841636,77.21199431968586,9,hacer,"",0.08999999999997499,que,[silence],#,z,é,z,initial
351.1620509488252,943.1925192155204,1772.0401037902266,3.2054141319964757,2.8846453917727803,3.842221354599883,3538.4615384615386,0.005482752199682422,305.63075000000003,0.061000000000000006,0.3315217391304348,0-0-494-3,a,51a17262-Audio_SP18.v0,group_0,1,fave,310.2595019355804,77.08644647020542,9,casa,"",0.15999999999996817,en,.,s,#,s,.,final
702.7295975476395,1840.231713871441,2617.6303060066703,3.158470994264076,3.8773180015857194,3.4019003324917976,5512.820512820513,0.0009491442214013965,306.64374999999995,0.027000000000000003,0.32142857142857145,0-0-497-1,a,51a17262-Audio_SP18.v0,group_0,1,fave,177.11538706570687,76.81406921466022,9,la,"",0.060000000000002274,Encontré,plataforma,l,#,l,p,final
676.9430310074433,1739.4881001141484,2766.405384656588,3.165771143253395,3.9876487349110024,3.2548776483127226,5692.3076923076915,0.00008154026468504379,306.77574999999996,0.031,0.32978723404255317,0-0-498-2,a,51a17262-Audio_SP18.v0,group_0,1,fave,207.51721783697144,79.15397329118485,9,plataforma,"",0.06999999999999318,la,fueron,l,t,l,t,internal
767.3162046152995,1668.647793608796,2898.356035630263,3.3431856457987403,4.2189146393387125,3.324141313150303,5512.820512820513,0.0008477976283919463,306.90875,0.037000000000000005,0.324561403508772,0-0-498-4,a,51a17262-Audio_SP18.v0,group_0,1,fave,98.71088430721797,74.42258041915498,9,plataforma,"",0.09000000000003183,la,fueron,t,f,t,f,internal
545.3917694589471,794.8428034682735,1919.3094118131671,3.7731338351752526,3.2694471437793284,4.309820355093783,3717.948717948718,0.003125059783245911,311.57775,0.055,0.33536585365853655,0-0-507-6,a,51a17262-Audio_SP18.v0,group_0,1,fave,257.221598055214,79.99656912996147,9,búsqueda,"",0.13999999999998636,[silence],continúa,d,#,d,k,final
1006.2995077604137,1544.7527473641721,2770.714125049146,3.739242820591509,3.7431221236031478,3.557667572173003,6230.7692307692305,0.03542291430596308,312.30075,0.101,0.3322368421052631,0-0-508-7,a,51a17262-Audio_SP18.v0,group_0,1,fave,261.70686307397017,79.73658629999696,9,continúa,"",0.2799999999999727,búsqueda,porque,u,#,u,p,final
573.506932777604,2568.2797896435645,2959.3142440917677,3.0902739590084694,3.5358997323651957,3.1414447090662607,5871.794871794871,0.00013350005014606354,318.61775000000006,0.035,0.3365384615384616,0-0-513-3,a,51a17262-Audio_SP18.v0,group_0,1,fave,185.87453703089417,79.28951693795403,9,hasta,"",0.07999999999998408,brindan,[silence],t,#,t,&,final
779.4615297910821,1792.6889122892571,2849.144802112278,3.257594784102669,4.4114371835542405,3.4588661352624674,5871.794871794871,0.00470055397085107,318.84574999999995,0.051000000000000004,0.3311688311688312,0-0-515-0,a,51a17262-Audio_SP18.v0,group_0,1,fave,180.2404207989914,76.84039700392624,9,ahora,"",0.12999999999999545,[silence],[silence],#,ó,&,ó,initial
786.459733823111,1779.5702138297218,2690.7455814483665,3.1541993944477187,3.8582361363377626,3.634558438853271,5512.820512820513,0.00435388543918316,319.21375000000006,0.10700000000000001,0.3302469135802469,0-0-515-3,a,51a17262-Audio_SP18.v0,group_0,1,fave,208.7398219113422,76.54691668966376,9,ahora,"",0.2999999999999545,[silence],[silence],R,#,R,.,final
783.4195298151357,1833.482853192757,2713.668868551685,2.879233061858331,4.035904302405809,3.4410569591322386,5871.794871794871,0.00015268675563246707,334.94775000000004,0.035,0.3365384615384616,0-0-530-1,a,51a17262-Audio_SP18.v0,group_0,1,fave,192.7568786099597,79.53924106531171,9,la,"",0.07999999999998408,%%,plataforma,l,#,l,p,final
715.6291143245088,1797.7153166762225,2689.8496849022963,2.793065147945778,3.914153558120612,3.144284860986743,5512.820512820513,0.0009518757094744885,335.10775,0.035,0.33653846153846156,0-0-531-2,a,51a17262-Audio_SP18.v0,group_0,1,fave,179.2725426386047,79.066429765449,9,plataforma,"",0.08000000000004093,la,[silence],l,t,l,t,internal
735.4544426644334,1633.8143199186056,2794.140744657244,2.9655596158333224,4.434999567932515,3.1245048550849774,5692.3076923076915,0.00003867435843817115,335.24375,0.027000000000000003,0.32142857142857145,0-0-531-4,a,51a17262-Audio_SP18.v0,group_0,1,fave,177.92909303594934,78.68249593329051,9,plataforma,"",0.060000000000002274,la,[silence],t,f,t,f,internal
741.6919108821819,2071.3189664399283,2865.559149821512,2.928064710241032,3.604964686713056,3.3156775560946885,6051.282051282051,0.00007163257595625131,336.51075,0.041,0.3306451612903226,0-0-535-0,a,51a17262-Audio_SP18.v0,group_0,1,fave,175.8914236155376,78.61094946046865,9,adecuara,"",0.0999999999999659,se,a,#,d,e,d,initial
741.0582762593532,1950.836101133059,2600.236449209301,2.9843487882871313,4.019545129402337,3.033935429346012,5871.794871794871,0.00032580006888283244,337.07875,0.037000000000000005,0.324561403508772,0-0-535-7,a,51a17262-Audio_SP18.v0,group_0,1,fave,196.40860579997744,78.32970013863655,9,adecuara,"",0.08999999999997499,se,a,R,#,R,a,final
916.9378382186927,1676.747465973466,2726.15934139858,3.475015478485766,4.107617971770332,2.915238132093463,5871.794871794871,0.0010794520209627919,337.17875,0.057,0.32758620689655177,0-0-536-0,a,51a17262-Audio_SP18.v0,group_0,1,fave,202.31969932150378,78.02290275904942,9,a,"",0.1500000000000341,adecuara,mí,#,#,a,m,coextensive
684.8227896129794,1306.825079037252,2668.2864536753764,3.2829571002620064,4.292650965717378,4.246465216070096,5692.3076923076915,0.0008841958368607044,340.01375,0.047,0.3263888888888889,0-0-541-3,a,51a17262-Audio_SP18.v0,group_0,1,fave,223.24684954295248,82.19330572046195,9,todas,"",0.12000000000000455,no,la,d,s,d,s,internal
804.4264927776508,2047.5434581396562,2731.741847983631,3.20272499363247,4.461428901929076,3.993122151598949,5692.3076923076915,0.0010403958330496396,340.20775000000003,0.035,0.33653846153846156,0-0-542-1,a,51a17262-Audio_SP18.v0,group_0,1,fave,259.343643683095,80.0551427847194,9,la,"",0.07999999999998408,todas,[silence],l,#,l,.,final
805.5968227992693,1896.1824181467498,2872.2902955856407,2.98491636647236,3.821749842577664,3.4319011463108895,5692.3076923076915,0.0001325186232568419,340.55575,0.031,0.32978723404255317,0-0-544-2,a,51a17262-Audio_SP18.v0,group_0,1,fave,209.24493527882132,81.97599978139185,9,plataformas,"",0.06999999999999318,[silence],[silence],l,t,l,t,internal
786.6761177713329,1665.4723534985292,2940.6680462836302,3.1376274063571814,4.311017768835502,3.572255609592726,5333.333333333333,0.00029878460838961095,340.67775000000006,0.035,0.3365384615384616,0-0-544-4,a,51a17262-Audio_SP18.v0,group_0,1,fave,193.2989773365209,79.98607748740685,9,plataformas,"",0.07999999999998408,[silence],[silence],t,f,t,f,internal
780.8335527750032,1919.2608618712686,2858.3318561524284,2.517062802745801,3.608483966161839,3.404452881526155,5871.794871794871,0.00046759314588790254,345.15375,0.047,0.3263888888888889,0-0-554-4,a,51a17262-Audio_SP18.v0,group_0,1,fave,194.46399749398253,81.43847179319968,9,actualmente,"",0.12000000000000455,[silence],la,u,l,u,l,internal
749.7770118026649,1951.5191227904772,2867.4733650237235,3.1711973777385096,3.6588990171495706,3.617108403760122,5692.3076923076915,0.0008913922934659175,345.59375,0.067,0.32843137254901966,0-0-555-1,a,51a17262-Audio_SP18.v0,group_0,1,fave,184.66022219013234,79.35308938010162,9,la,"",0.18000000000000682,actualmente,[silence],l,#,l,.,final
815.4061931660526,1964.5243264732828,2751.543779408696,3.674365524595749,4.032022231515024,3.475284052563947,5692.3076923076915,0.0008017902279789543,349.63575,0.031,0.32978723404255317,0-0-567-3,a,51a17262-Audio_SP18.v0,group_0,1,fave,NaN,76.56945899311545,9,otras,"",0.06999999999999318,en,plataformas,R,s,R,s,internal
747.1822047416878,1668.6646843243457,2782.257336756138,2.6317192786973065,3.6584551154315124,3.274910829838584,5692.3076923076915,0.00037575226456171534,349.81875,0.037,0.32456140350877194,0-0-568-2,a,51a17262-Audio_SP18.v0,group_0,1,fave,179.0397334989128,78.22839155232982,9,plataformas,"",0.08999999999997499,otras,.,l,t,l,t,internal
776.2288241681026,1571.5288307299336,2621.2843305143697,2.9927725456729712,4.405380614521808,3.31613154572298,5333.333333333333,0.004507588403069611,349.95074999999997,0.041,0.3306451612903226,0-0-568-4,a,51a17262-Audio_SP18.v0,group_0,1,fave,-41453.464575797756,72.2525841209755,9,plataformas,"",0.0999999999999659,otras,.,t,f,t,f,internal
654.3517177671791,1889.2042791575782,2919.6370420022536,2.904721000689506,4.049645742498391,3.5199750498813285,6410.25641025641,0.0012139313561470096,362.37575,0.051000000000000004,0.3311688311688312,0-0-577-3,a,51a17262-Audio_SP18.v0,group_0,1,fave,223.26449313731416,83.89620123974737,9,había,"",0.12999999999999545,ya,escuchado,i,#,i,e,final
849.2474495671772,1409.36522633065,2638.7612183079746,2.776310912907174,3.452292299639851,3.9182575802933175,4615.384615384615,0.00515219493431595,365.32975,0.119,0.33615819209039544,0-0-582-0,a,51a17262-Audio_SP18.v0,group_0,1,fave,218.41886785852762,79.8137183313909,9,a,"",0.3300000000000409,[silence],un,#,#,.,ú,coextensive
775.3494492625582,1746.5849249341227,2731.1389942470764,2.570319148086335,3.6078429437367356,3.1889011361992097,5871.794871794871,0.0016972654657919424,369.13475,0.129,0.33593749999999994,0-0-590-3,a,51a17262-Audio_SP18.v0,group_0,1,fave,192.73420493002834,79.75596284027925,9,hacía,"",0.36000000000001364,pues,[silence],i,#,i,®,final
577.4010732971572,819.3357457542065,1512.9404755379367,3.7879537747303518,2.138841628862152,3.519150566105971,3000.0,0.000269697458529345,370.49575,0.031,0.32978723404255317,0-0-595-2,a,51a17262-Audio_SP18.v0,group_0,1,fave,268.0041827502034,83.98311093289753,9,trabajo,"",0.06999999999999318,de,desde,R,b,R,b,internal
853.0941887666236,1877.338049893631,2509.2267513197758,3.275111324169931,3.651825942028752,3.9599241078281295,6051.282051282051,0.001311041502581422,372.30075,0.061000000000000006,0.3315217391304348,0-0-600-3,a,51a17262-Audio_SP18.v0,group_0,1,fave,219.56059032518985,80.53444433096627,9,atrás,"",0.160000000000025,tiempo,.,R,s,R,s,internal
600.3930868867991,760.8482072915965,1799.8579411447909,3.3938681059833145,3.3102281538545157,3.7279691309394636,3538.4615384615386,0.0018573492007206765,375.54875,0.037000000000000005,0.324561403508772,0-0-605-3,a,51a17262-Audio_SP18.v0,group_0,1,fave,196.55018949374906,83.17905273905158,9,había,"",0.09000000000003183,no,hablado,i,#,i,a,final
768.4809759652094,1876.22020375772,2718.454178309081,4.136302751528487,3.501427691591577,3.5501360306452834,5512.820512820513,0.00018060647320235633,380.07374999999996,0.027000000000000003,0.32142857142857145,0-0-617-3,a,51a17262-Audio_SP18.v0,group_0,1,fave,225.2313071319459,76.56370318470802,9,otra,"",0.060000000000002274,[silence],alternativas,R,#,R,a,final
861.9654680350725,2010.5439508629042,2728.3184346708613,3.126540545790507,3.8012031425111164,3.8587472270590544,6051.282051282051,0.00005127532605422588,380.13374999999996,0.027000000000000003,0.32142857142857145,0-0-618-0,a,51a17262-Audio_SP18.v0,group_0,1,fave,243.89849435642947,81.84952961796252,9,alternativas,"",0.060000000000002274,otra,encontré,#,l,a,l,initial
794.8079993365897,1682.0906309103461,2144.9115520024784,3.22045497894047,4.016419378895576,4.759158502765483,6410.25641025641,0.005203139224727963,380.43875,0.037,0.32456140350877194,0-0-618-6,a,51a17262-Audio_SP18.v0,group_0,1,fave,262.71524199589373,79.28327266783191,9,alternativas,"",0.08999999999997499,otra,encontré,n,t,n,t,internal
534.5477536183726,865.280466236167,1428.0118959338683,3.467393393125664,2.5348873486135406,3.631974022906717,3358.974358974359,0.00030397996277159054,380.68275000000006,0.025,0.33783783783783783,0-0-618-10,a,51a17262-Audio_SP18.v0,group_0,1,fave,295.5885054665552,81.37710168673028,9,alternativas,"",0.05000000000001137,otra,encontré,b,s,b,s,internal
791.1331912725633,1743.7128972187443,2901.769999352181,3.4441930461361276,4.211365985306845,4.4908495887176265,5871.794871794871,0.0004097074799289128,381.47374999999994,0.027000000000000003,0.32142857142857145,0-0-620-3,a,51a17262-Audio_SP18.v0,group_0,1,fave,NaN,72.76030449581813,9,esta,"",0.060000000000002274,encontré,pagina,t,#,t,p,final
810.1315123149102,1387.093623763989,2669.1324764159663,2.866736488526603,4.238048588999311,3.44816421267165,6589.74358974359,0.00009224079723473398,381.61575,0.031,0.32978723404255317,0-0-621-1,a,51a17262-Audio_SP18.v0,group_0,1,fave,191.80782068025434,80.15257241360261,9,pagina,"",0.06999999999999318,esta,.,p,x,p,x,internal
920.2516384670367,1895.154297077865,2615.7399901301756,3.30141391213727,4.098560727610885,3.627412699410915,6769.2307692307695,0.002898244795380049,398.53774999999996,0.07500000000000001,0.33482142857142855,0-0-629-1,a,51a17262-Audio_SP18.v0,group_0,1,fave,242.91612982672757,71.28832080897736,9,Rapidworkers,"",0.19999999999998863,con,.,r,p,r,p,internal
641.3697840030094,1741.8240767626787,2933.583269283386,3.1294948648304324,4.164763979067615,4.374567182777261,5692.3076923076915,0.001992923295811302,401.74075,0.041,0.3306451612903226,0-0-633-2,a,51a17262-Audio_SP18.v0,group_0,1,fave,257.327175687311,81.29660539903503,9,Esa,"",0.0999999999999659,[silence],fue,s,#,s,f,final
681.3314499321784,1760.6749424634013,2762.9389989966535,3.020847557609816,3.7220079558190378,2.932189636054711,5871.794871794871,0.000051966187934718044,402.60374999999993,0.027000000000000003,0.32142857142857145,0-0-638-1,a,51a17262-Audio_SP18.v0,group_0,1,fave,195.23662768584862,80.57400787024818,9,la,"",0.060000000000002274,fue,primera,l,#,l,p,final
808.4940226223587,1539.4318128955454,2708.61135291817,3.1240453665409906,4.206854306968706,3.0428820839258033,5692.3076923076915,0.003347124086289076,404.79575,0.231,0.33285302593659943,0-0-645-0,a,51a17262-Audio_SP18.v0,group_0,1,fave,178.98225531001194,79.16849272007344,9,a,"",0.6700000000000159,cuanto,remuneración,#,#,o,r,coextensive
728.7313378303002,1866.2853459026153,2908.196570939843,2.7948314133492884,3.3661453095957485,3.484034313144,6051.282051282051,0.00017455753985276952,407.37875,0.037000000000000005,0.324561403508772,0-0-650-1,a,51a17262-Audio_SP18.v0,group_0,1,fave,360.7676343163011,78.29697637005282,9,satisfizo,"",0.08999999999997499,[silence],entonces,s,t,s,t,internal
834.6702815113609,1981.550260115021,2638.6598297556893,3.0325232146144776,4.1530125155568705,3.2038642489435807,5871.794871794871,0.002633471302878496,409.92375000000004,0.10700000000000001,0.3302469135802469,0-0-656-0,a,51a17262-Audio_SP18.v0,group_0,1,fave,170.7949525429705,78.51105119719769,9,a,"",0.30000000000001137,ir,otra,#,#,R,ó,coextensive
780.9342331138312,2053.068689214887,2832.178091125474,3.2779302555958956,3.6792139225312566,3.4704793367540634,5692.3076923076915,0.00025535141680873343,410.43375,0.027000000000000003,0.32142857142857145,0-0-657-3,a,51a17262-Audio_SP18.v0,group_0,1,fave,NaN,72.28573699886287,9,otra,"",0.060000000000002274,a,",",R,#,R,.,final
677.191157856506,2001.9904666874381,2813.027046059847,3.0222344597402047,3.630384674497772,3.1391565721172183,6051.282051282051,3.7078128926638304e-6,411.88374999999996,0.027000000000000003,0.32142857142857145,0-0-664-0,a,51a17262-Audio_SP18.v0,group_0,1,fave,177.68307562375307,78.88422879603235,9,a,"",0.060000000000002274,encontré,Microworkers,#,#,e,m,coextensive
584.0480047258254,1035.3453411353898,1527.9377386150425,2.524516604601099,3.7009785847209153,3.4381521627339695,3538.4615384615386,0.010331718165582605,417.96975000000003,0.119,0.33615819209039544,0-0-668-1,a,51a17262-Audio_SP18.v0,group_0,1,fave,298.31766673516097,80.66255975054061,9,Las,"",0.3299999999999841,[silence],[silence],l,s,l,s,internal
752.490790391967,1930.227150607914,2896.5665499216975,2.6756008428485063,3.3624323345796325,3.4711760754022776,5692.3076923076915,0.0002573315132647144,418.72875,0.037,0.32456140350877194,0-0-670-1,a,51a17262-Audio_SP18.v0,group_0,1,fave,284.79713196247764,84.50991420950945,9,tareas,"",0.09000000000003183,[silence],[silence],t,R,t,R,internal
570.2222231761212,1006.0775137393439,2417.8279341836464,3.212749719528137,3.5585356803069983,3.7642071921869342,5692.3076923076915,0.0003699137043980874,419.00374999999997,0.027000000000000003,0.32142857142857145,0-0-670-4,a,51a17262-Audio_SP18.v0,group_0,1,fave,353.5587390094461,82.03974138501907,9,tareas,"",0.060000000000002274,[silence],[silence],é,s,é,s,internal
781.499635198289,1947.5383638331884,2704.161368829112,3.613269845119827,3.6794867930310406,3.8588835298786797,6051.282051282051,0.00005172503232935943,421.27374999999995,0.027000000000000003,0.32142857142857145,0-0-677-5,a,51a17262-Audio_SP18.v0,group_0,1,fave,284.4744115039583,83.99109285599124,9,generalmente,"",0.060000000000002274,[silence],[silence],R,l,R,l,internal
477.1390000192065,869.3534929139133,1743.4825747822224,3.9267679621122413,1.8395322522971764,2.6491035810687835,3538.4615384615386,0.00026731307114758336,422.53275,0.045,0.33582089552238803,0-0-680-3,a,51a17262-Audio_SP18.v0,group_0,1,fave,291.3791549906727,84.69195480819553,9,basa,"",0.11000000000001364,se,en,s,#,s,e,final
856.1801345519614,1618.8162940048335,2488.14553069532,3.405324856653823,4.287697493665352,3.059526337017641,6230.7692307692305,0.009897785437012474,425.90875,0.057,0.32758620689655177,0-0-691-3,a,51a17262-Audio_SP18.v0,group_0,1,fave,177.6644888488395,74.05198339975775,9,baja,"",0.14999999999997726,más,.,x,#,x,.,final
866.8270038390441,1756.093152036014,2695.0102408628927,3.3468008839465067,3.782906166319492,3.124387085752769,5512.820512820513,0.004834308483698566,438.25875,0.057,0.32758620689655177,0-0-698-2,a,51a17262-Audio_SP18.v0,group_0,1,fave,153.26782125348177,79.18047304652465,9,una,"",0.14999999999997726,fue,tarea,n,#,n,t,final
714.0056028417486,1885.3045339566845,2936.4692726770236,2.090952839350626,3.0960918345400965,4.090139003609934,5692.3076923076915,0.00002430328583176255,438.45574999999997,0.031,0.32978723404255317,0-0-699-1,a,51a17262-Audio_SP18.v0,group_0,1,fave,231.1964659100151,83.60784608772094,9,tarea,"",0.06999999999999318,una,de,t,R,t,R,internal
750.6283049716648,1917.4434847366745,2631.784847743713,2.501441941004833,3.6697079611457615,3.5558052851756825,6051.282051282051,0.00007579564469553515,438.72375,0.047,0.3263888888888889,0-0-699-4,a,51a17262-Audio_SP18.v0,group_0,1,fave,182.07242290344712,82.66267196747694,9,tarea,"",0.12000000000000455,una,de,é,#,é,d,final
720.6106753138184,1413.6532678979863,2756.8100230908167,3.0202178182145225,4.3371968106314895,3.3286879795006983,5692.3076923076915,0.00010678870015925461,440.46374999999995,0.027000000000000003,0.32142857142857145,0-0-702-4,a,51a17262-Audio_SP18.v0,group_0,1,fave,225.75387919027048,84.1350548511493,9,compartir,"",0.060000000000002274,[silence],[silence],p,R,p,R,internal
513.2058921717003,845.9230412425173,1476.492127920419,3.9123019159734476,2.979333986040042,3.586136932775526,3000.0,0.009736060546038405,441.99075,0.041,0.3306451612903226,0-0-704-2,a,51a17262-Audio_SP18.v0,group_0,1,fave,104.1195635233395,78.57752205942919,9,una,"",0.0999999999999659,[silence],página,n,#,n,p,final
808.1388049536145,1598.524263419308,2676.3317623463477,2.72893076955589,3.9730014614693223,3.2794476714825,5692.3076923076915,0.0005408382773327855,442.14074999999997,0.041,0.3306451612903226,0-0-705-1,a,51a17262-Audio_SP18.v0,group_0,1,fave,420.276020081855,81.34491986401184,9,página,"",0.10000000000002274,una,en,p,x,p,x,internal
848.4366959876223,2079.2424839396754,2747.7983042207707,3.4101899359562524,3.2311470221649086,3.827803794076999,6051.282051282051,0.00014902022183674578,442.41775,0.035,0.33653846153846156,0-0-705-5,a,51a17262-Audio_SP18.v0,group_0,1,fave,224.51117139919768,79.82997812216553,9,página,"",0.08000000000004093,una,en,n,#,n,e,final
704.127348630168,1844.4446856371742,2825.33087118284,3.350752754337839,2.9581095660550747,3.5439559231410724,5871.794871794871,4.840422832199873e-6,446.79275,0.025,0.33783783783783783,0-0-719-1,a,51a17262-Audio_SP18.v0,group_0,1,fave,NaN,80.38680355182926,9,casillas,"",0.05000000000001137,las,como,k,s,k,s,internal
620.4956527724412,1979.65643077493,3072.8760919233205,3.3779088090243308,3.006477627559099,2.749027320645167,5692.3076923076915,0.00033000145010156454,447.17875000000004,0.037,0.32456140350877194,0-0-719-5,a,51a17262-Audio_SP18.v0,group_0,1,fave,207.15986740865924,80.56344263370929,9,casillas,"",0.08999999999997499,las,como,L,s,L,s,internal
886.6012122869687,1654.4421992900545,2725.5806164009477,3.6172162113876296,3.186254202464501,4.375722178728464,5871.794871794871,0.00789519834520017,448.09275,0.08499999999999999,0.33464566929133854,0-0-721-5,a,51a17262-Audio_SP18.v0,group_0,1,fave,-393.1903808895026,60.268488887283056,9,prueba,"",0.22999999999996135,como,[silence],b,#,b,®,final
669.6844266439995,1982.5317295676903,2732.0012313204033,3.3819443552458996,3.4125025387806693,3.1964375162974896,5692.3076923076915,0.00010439443311534253,454.06374999999997,0.027000000000000003,0.32142857142857145,0-0-733-1,a,51a17262-Audio_SP18.v0,group_0,1,fave,207.35851920071042,80.49491429784567,9,las,"",0.060000000000002274,en,redes,l,s,l,s,internal
440.97483283894155,894.4701468498346,1388.2577382318514,4.12534193644842,3.2259024293565113,3.6349443501466037,4076.923076923077,0.0004812969837716087,466.54374999999993,0.027000000000000003,0.32142857142857145,0-0-740-5,a,51a17262-Audio_SP18.v0,group_0,1,fave,225.28802302058585,81.92395766890203,9,última,"",0.060000000000002274,Mi,tarea,m,#,m,t,final
694.8585329693352,1797.2305426802607,2891.109104674329,2.775108115613114,3.663679017638781,3.4965948129915003,6051.282051282051,0.00001244372000047847,466.69575,0.031,0.32978723404255317,0-0-741-1,a,51a17262-Audio_SP18.v0,group_0,1,fave,220.7288753686136,83.06770994447511,9,tarea,"",0.06999999999999318,última,fue,t,R,t,R,internal
845.9361905600233,1914.642141418232,2761.616457388025,3.4889762992233413,3.856416748025324,3.5552344739682575,6230.7692307692305,0.024026640342569513,466.97875000000005,0.097,0.3299319727891157,0-0-741-4,a,51a17262-Audio_SP18.v0,group_0,1,fave,286.580700287253,79.919174547046,9,tarea,"",0.2699999999999818,última,fue,é,#,é,f,final
913.6599625301064,1863.049299011304,2672.024599195206,3.2617195111286654,3.8841297318752894,3.80362842819802,5512.820512820513,0.0013139572131627007,469.12075,0.041,0.3306451612903226,0-0-744-0,a,51a17262-Audio_SP18.v0,group_0,1,fave,216.19316996275225,75.59500842083439,9,hacer,"",0.0999999999999659,[silence],[silence],#,z,.,z,initial
542.889812994386,809.0777257510616,1822.8443672876804,4.267532108649847,2.6403787491968815,3.6599200736871556,3538.4615384615386,0.00002846358880607494,470.41374999999994,0.027000000000000003,0.32142857142857145,0-0-748-3,a,51a17262-Audio_SP18.v0,group_0,1,fave,196.58798051982228,80.52196671017028,9,para,"",0.060000000000002274,voto,la,R,#,R,l,final
759.9995097957958,1819.552748348342,2751.2402644425947,2.4462474185304344,4.1755891264076235,2.966052710737153,5692.3076923076915,0.0006434624784378552,470.61574999999993,0.051000000000000004,0.3311688311688312,0-0-750-0,a,51a17262-Audio_SP18.v0,group_0,1,fave,185.08335998014383,78.85399957209887,9,aplicación,"",0.1300000000000523,la,de,#,p,a,p,initial
814.9533021162696,1747.985292089961,2684.7026573937846,1.887946993662477,3.793392571478545,4.17446347472298,5153.846153846154,0.00029208249186734285,495.56575,0.031,0.32978723404255317,0-0-770-1,a,51a17262-Audio_SP18.v0,group_0,1,fave,267.4593001484682,85.6211112067324,9,mayoría,"",0.06999999999999318,la,",",m,y,m,y,internal
734.4520595661943,1829.954767648046,2971.5003781582973,2.6367606140941806,3.4000247494216027,3.044955013940511,5692.3076923076915,0.0000777627708062401,495.79574999999994,0.031,0.32978723404255317,0-0-770-6,a,51a17262-Audio_SP18.v0,group_0,1,fave,161.3786665894786,74.96902141849445,9,mayoría,"",0.07000000000005002,la,",",i,#,i,.,final
771.6239953607923,1584.3660248652993,2727.780989320609,2.7727630392373404,3.9424041148614704,3.2767132485091928,5692.3076923076915,0.00017505275863948243,496.74575,0.031,0.32978723404255317,0-0-772-4,a,51a17262-Audio_SP18.v0,group_0,1,fave,257.1398952297665,83.4644667845277,9,compartir,"",0.06999999999999318,",",[silence],p,R,p,R,internal
771.679315496637,1717.9589544246162,2697.211267916064,3.7441374630586273,4.069791792952487,3.455983758236776,5871.794871794871,0.000029253791456396876,505.77275000000003,0.025,0.33783783783783783,0-0-795-1,a,51a17262-Audio_SP18.v0,group_0,1,fave,192.47810129114154,77.82037064046294,9,pantalla,"",0.05000000000001137,de,y,p,n,p,n,internal
661.834519244752,2173.5434814631844,2997.4228719357684,3.075254541718072,3.3027955796792616,3.4706437239344186,5871.794871794871,0.00006110606624526441,506.21875,0.037000000000000005,0.324561403508772,0-0-795-6,a,51a17262-Audio_SP18.v0,group_0,1,fave,217.0430247956368,78.39732403362926,9,pantalla,"",0.09000000000003183,de,y,L,#,L,i,final
728.6252068786573,1753.8601669080158,2933.979474299875,2.436816391616992,3.7027671645119,3.7491444550087722,5871.794871794871,0.0005103684169274975,508.73375,0.047,0.3263888888888889,0-0-801-3,a,51a17262-Audio_SP18.v0,group_0,1,fave,242.55725466617102,83.3523569647556,9,basa,"",0.12000000000000455,se,eso,s,#,s,é,final
827.0476435607685,1559.2977760578199,2856.6255352348644,3.356603457113263,4.072870478873509,3.9134675440187956,5871.794871794871,0.01591037359556425,514.2877500000001,0.175,0.33396946564885494,0-0-814-5,a,51a17262-Audio_SP18.v0,group_0,1,fave,208.77662219865744,76.62051290714403,9,alguna,"",0.5,para,publicación,n,#,n,p,final
456.5596996727326,940.5114064648751,1855.2240256697833,3.6754033596343265,3.648415144408792,3.5915819935332682,3717.948717948718,0.0069125874642946,543.5687499999999,0.07700000000000001,0.3290598290598291,0-0-836-8,a,51a17262-Audio_SP18.v0,group_0,1,fave,165.1613917858496,74.30439801731379,9,convencía,"",0.21000000000003638,me,del,i,#,i,d,final
742.6096173819204,1912.24233669003,2851.3898915463797,3.3719580304630887,3.1400497504942204,2.901791528083596,5692.3076923076915,0.00013328339844153082,556.6437500000001,0.027000000000000003,0.32142857142857145,0-0-862-3,a,51a17262-Audio_SP18.v0,group_0,1,fave,200.00490388434568,78.32986644924598,9,otras,"",0.06000000000005912,[silence],redes,R,s,R,s,internal
716.9057727659674,1842.7929002763349,2752.2604373367535,3.447510280655216,4.372956030520459,3.136188048840882,5692.3076923076915,0.000011283002688625368,564.93375,0.027000000000000003,0.32142857142857145,0-0-877-6,a,51a17262-Audio_SP18.v0,group_0,1,fave,177.28512438999076,82.27470676996253,9,personalmente,"",0.06000000000005912,hecho,no,n,l,n,l,internal
799.4906280690716,1882.7765128915592,2780.4950948479573,3.1498445022298376,4.118885617349107,2.936049001116785,5871.794871794871,0.0005303639345725806,566.06875,0.037000000000000005,0.324561403508772,0-0-880-1,a,51a17262-Audio_SP18.v0,group_0,1,fave,186.16374793277797,77.6610781785432,9,las,"",0.09000000000003183,no,[silence],l,s,l,s,internal
331.4893155073717,875.8589873572256,1383.1550458313686,3.271257659690902,3.051111416826726,3.8967044075809487,3000.0,0.006992622898089038,567.11075,0.061000000000000006,0.3315217391304348,0-0-882-4,a,51a17262-Audio_SP18.v0,group_0,1,fave,332.20202403267484,72.96162530474186,9,usaba,"",0.15999999999996817,[silence],",",b,#,b,.,final
502.877287047893,883.5826780555658,1934.7843683530944,4.0024016108700415,3.562412869970486,4.034243541160908,4076.923076923077,0.002745951102552392,568.05275,0.045,0.33582089552238803,0-0-886-0,a,51a17262-Audio_SP18.v0,group_0,1,fave,175.42912212686406,80.2051611134833,9,ha,"",0.11000000000001364,me,[silence],#,#,e,.,coextensive
758.2805122553317,1780.904481707563,2580.5250564046946,2.844645687223213,3.791089067415133,3.682625431107424,5512.820512820513,0.00016455483709952741,571.53075,0.041,0.3306451612903226,0-0-894-4,a,51a17262-Audio_SP18.v0,group_0,1,fave,195.15394872801974,81.08298303842602,9,nunca,"",0.10000000000002274,Reddit,he,k,#,k,é,final
538.9116302445163,865.1809077670919,1807.254293950122,3.883959714154551,3.3791218242734637,3.7104464197608045,3897.4358974358975,0.0038622651232423796,574.22875,0.07700000000000001,0.3290598290598291,0-0-900-3,a,51a17262-Audio_SP18.v0,group_0,1,fave,102.4945909968271,75.7065031065791,9,para,"",0.2099999999999227,como,algo,R,#,R,á,final
744.0908062557963,1886.3253776116237,2336.695778600965,2.6624556955157197,4.388154581567375,3.7755464827774294,5871.794871794871,2.4938842669138027e-6,579.30275,0.025,0.33783783783783783,0-0-917-2,a,51a17262-Audio_SP18.v0,group_0,1,fave,182.71901766232898,81.74998666457948,9,trabajos,"",0.05000000000006821,[silence],.,R,b,R,b,internal
888.1490788118707,1932.3424948459813,2617.2459577744285,3.439470114224636,3.633150591760086,4.064020367028079,5871.794871794871,0.004023750187064235,599.93075,0.101,0.3322368421052631,0-0-924-2,a,51a17262-Audio_SP18.v0,group_0,1,fave,286.53771786116886,82.57323996761765,9,unas,"",0.2799999999999727,hay,tareas,n,s,n,s,internal
723.972042860444,1948.848916361068,2998.8242205416054,2.7629395260647582,3.334026426835113,3.5747878138792246,5692.3076923076915,0.000023756692466715317,600.4837500000001,0.027000000000000003,0.32142857142857145,0-0-925-1,a,51a17262-Audio_SP18.v0,group_0,1,fave,237.42234812554096,81.98793098564036,9,tareas,"",0.05999999999994543,unas,[silence],t,R,t,R,internal
768.4416364224259,1939.671934781895,2783.909657818489,3.211454972343157,3.630212435723604,3.274272522737505,6051.282051282051,0.000592934646886741,600.8437500000001,0.047,0.3263888888888889,0-0-925-4,a,51a17262-Audio_SP18.v0,group_0,1,fave,267.54893283460206,81.09874809419422,9,tareas,"",0.12000000000000455,unas,[silence],é,s,é,s,internal
951.9974226753458,1493.148358032049,2696.3964774674405,4.0091546215579985,4.28398892891776,3.252786102542925,5692.3076923076915,0.013778261155387725,608.4807500000001,0.061000000000000006,0.3315217391304348,0-0-936-0,a,51a17262-Audio_SP18.v0,group_0,1,fave,188.58710977035153,73.84127000594975,9,algunos,"",0.15999999999996817,alguno,sonidos,#,l,o,l,initial
694.9269834829497,2147.0724171513166,2725.178431048594,3.3340214462618163,3.5303600445402346,3.4709837012573774,6410.25641025641,0.000022695286784993735,612.16375,0.027000000000000003,0.32142857142857145,0-0-941-0,a,51a17262-Audio_SP18.v0,group_0,1,fave,166.37130966764877,82.0683902727167,9,algunos,"",0.06000000000005912,imitar,[silence],#,l,R,l,initial
754.3558337135521,1935.0019384687819,2782.4313482405896,2.8832701931821774,3.8243254453385913,2.944247238129157,5871.794871794871,0.00015544528730278937,614.05275,0.045,0.33582089552238803,0-0-946-5,a,51a17262-Audio_SP18.v0,group_0,1,fave,176.81376285721996,80.08981231678726,9,empleador,"",0.11000000000001364,el,te,e,d,e,d,internal
723.8868780462642,1965.2728612884723,2756.2789844819217,3.114828984347023,3.67889428797873,3.329632832545362,5871.794871794871,0.002657091226926732,614.95575,0.051000000000000004,0.3311688311688312,0-0-948-4,a,51a17262-Audio_SP18.v0,group_0,1,fave,284.2401950453523,79.40679315796763,9,envía,"",0.12999999999999545,te,[silence],i,#,i,.,final
836.2706298206963,1555.5633266065995,2751.605648692245,3.4910190173576114,4.19442101454847,2.8965452512229963,5692.3076923076915,0.000021949777497807526,616.7237500000001,0.027000000000000003,0.32142857142857145,0-0-950-9,a,51a17262-Audio_SP18.v0,group_0,1,fave,179.3745960218129,79.39076421245007,9,aproximadamente,"",0.05999999999994543,[silence],unos,d,m,d,m,internal
811.3302618197782,1848.1895211787955,2734.0379540414056,2.968036320996644,4.0559628297182755,3.0056044382592115,5692.3076923076915,0.0011088952881485167,618.1427500000001,0.08499999999999999,0.33464566929133854,0-0-953-6,a,51a17262-Audio_SP18.v0,group_0,1,fave,192.9245204984468,77.20868027229903,9,treinta,"",0.2300000000000182,[silence],[silence],t,#,t,"",final
871.3576346350475,1888.587989956309,2742.910259085917,3.011718743416151,3.7925286356351235,3.5894391849608294,5871.794871794871,0.00307226195430394,624.2327499999999,0.145,0.3341013824884792,0-0-963-0,a,51a17262-Audio_SP18.v0,group_0,1,fave,230.9770061396586,80.9622132398215,9,ha,"",0.41000000000008185,[silence],[silence],#,#,&,.,coextensive
695.5657586490214,1879.6906689199518,2370.58365246818,3.328399924420643,2.949653207963886,4.278387135006691,5871.794871794871,6.78199930481643e-6,628.91275,0.025,0.33783783783783783,0-0-975-3,a,51a17262-Audio_SP18.v0,group_0,1,fave,213.6553731400585,83.32671956978561,9,para,"",0.05000000000006821,sí,qué,R,#,R,k,final
757.6325522847523,1957.646099089729,2780.88546962427,3.6242153508078947,3.4813678113712094,3.53235585716305,5692.3076923076915,0.00007024534232509213,631.87575,0.031,0.32978723404255317,0-0-984-0,a,51a17262-Audio_SP18.v0,group_0,1,fave,191.02897158633908,82.0458035750377,9,a,"",0.06999999999993634,dan,eso,#,#,n,é,coextensive
396.7260844657792,825.883777880066,1237.272538502263,3.991410212414269,2.506648651181023,3.897489821102898,3000.0,0.000347317703986907,660.76575,0.031,0.32978723404255317,0-0-995-2,a,51a17262-Audio_SP18.v0,group_0,1,fave,206.65234137503924,81.82767922468763,9,eran,"",0.07000000000005002,principio,como,R,n,R,n,internal
611.5014892819443,862.2089520304653,1870.3094306262944,4.021126223021669,2.8631337154109406,3.100587122923295,4794.871794871795,0.0001894515850010329,667.42775,0.035,0.3365384615384616,0-0-1007-1,a,51a17262-Audio_SP18.v0,group_0,1,fave,213.37672089921705,81.06514604024142,9,la,"",0.08000000000004093,cambió,técnica,l,#,l,t,final
800.7549805274203,1633.9808586364538,3629.9029375677796,2.645394897232485,3.701979214779429,4.239708770203331,6589.74358974359,0.004328508051032461,668.1837499999999,0.087,0.32954545454545453,0-0-1008-6,a,51a17262-Audio_SP18.v0,group_0,1,fave,393.19010179194015,77.73637913195209,9,técnica,"",0.2400000000000091,la,y,k,#,k,i,final
617.2710134696388,899.998218393577,1718.0494570191988,3.8831065406028076,3.1572117135209483,3.8207898607012845,4974.358974358975,0.00001871243335223988,669.0727499999999,0.025,0.33783783783783783,0-0-1011-1,a,51a17262-Audio_SP18.v0,group_0,1,fave,182.54631701934719,81.28704657766885,9,palabras,"",0.05000000000006821,usó,[silence],p,l,p,l,internal
613.4325228023835,879.9253919410462,1837.5852826857763,4.11245280364142,3.3644213065237794,3.111668391938289,4794.871794871795,0.00032060796016528017,669.50275,0.045,0.33582089552238803,0-0-1011-6,a,51a17262-Audio_SP18.v0,group_0,1,fave,173.84710361503144,75.4166628545015,9,palabras,"",0.11000000000001364,usó,[silence],R,s,R,s,internal
629.4913465712924,884.6063387575598,2203.0646126429133,3.6343642090635564,4.296870915019275,4.27023125094265,5333.333333333333,0.0005851016150986429,674.12575,0.031,0.32978723404255317,0-0-1019-1,a,51a17262-Audio_SP18.v0,group_0,1,fave,214.49971608758216,79.990853764198,9,las,"",0.06999999999993634,Se,den,l,s,l,s,internal
549.1422034474411,801.7294004653489,1617.9369853115174,3.2032622197454756,2.9086287611436976,3.5325348174392817,3897.4358974358975,0.0012281983046926832,678.0377500000001,0.055,0.33536585365853655,0-0-1028-3,a,51a17262-Audio_SP18.v0,group_0,1,fave,201.98136857723978,81.95483366731425,9,deba,"",0.13999999999998636,uno,[silence],b,#,b,.,final
809.3742335347673,1825.2278892655017,2982.9382427027676,2.6412505342741746,3.4549975573044773,4.348014012250174,6410.25641025641,0.0009146605764766484,679.4437499999999,0.067,0.32843137254901966,0-0-1031-1,a,51a17262-Audio_SP18.v0,group_0,1,fave,184.10999981727954,81.21386308280452,9,la,"",0.18000000000006366,imitar,emoción,l,#,l,e,final
534.0556256097082,903.4464489925781,1325.947746777558,3.92818002460421,3.0636817399322887,4.241426808990576,4076.923076923077,0.005241859571868101,682.59775,0.035,0.3365384615384616,0-0-1036-2,a,51a17262-Audio_SP18.v0,group_0,1,fave,48.31999195153107,74.49521964293767,9,español,"",0.07999999999992724,en,[silence],p,N,p,N,internal
493.9467710968957,780.3067476050244,1369.0962406869385,3.6375725108437678,2.757477466555774,4.245761165633645,3179.4871794871797,0.018955711263456222,698.6377499999999,0.155,0.334051724137931,0-0-1051-1,a,51a17262-Audio_SP18.v0,group_0,1,fave,191.51272324105184,79.37714056817477,9,la,"",0.44000000000005457,[silence],[silence],l,#,l,.,final
410.7286156929872,1514.9844725934756,2908.164401867519,2.847125741652515,4.397745366762261,3.309801717316117,5692.3076923076915,0.00807185834257096,699.20875,0.057,0.3275862068965517,0-0-1053-0,a,51a17262-Audio_SP18.v0,group_0,1,fave,194.0292161462454,78.39109540639973,9,hacemos,"",0.15000000000009095,[silence],en,#,z,.,z,initial
472.2784170736707,1758.4487969052998,2875.2023420290466,3.3926950387544914,3.436736636900282,4.0808201020622565,5692.3076923076915,0.000286330562652325,721.3587500000001,0.037,0.32456140350877194,0-0-1063-3,a,51a17262-Audio_SP18.v0,group_0,1,fave,212.3293805210889,78.23431594385418,9,Muchas,"",0.08999999999991815,[silence],que,h,s,h,s,internal
458.11035530261614,856.3829152667361,1330.5731089534588,3.3339367630344343,3.229956003916491,4.0557329599599905,3717.948717948718,0.0005994399006836,723.15575,0.031,0.32978723404255317,0-0-1069-1,a,51a17262-Audio_SP18.v0,group_0,1,fave,220.29343784011263,82.09926538593461,9,participar,"",0.07000000000005002,querido,porque,p,R,p,R,internal
545.7059991855467,792.8289241236115,1414.635268631691,3.6894173016814276,2.8189493581456224,4.101263820939038,3358.974358974359,0.001483946755784046,731.54075,0.041,0.3306451612903226,0-0-1088-1,a,51a17262-Audio_SP18.v0,group_0,1,fave,194.2981001784365,78.57395161237666,9,la,"",0.10000000000002274,enviar,tarea,l,#,l,t,final
766.8573145826158,1800.8263520092971,3040.4373664561554,2.535058652187973,3.307243521711141,4.2402920655623415,6051.282051282051,7.540737523428491e-6,731.7037500000001,0.027000000000000003,0.32142857142857145,0-0-1089-1,a,51a17262-Audio_SP18.v0,group_0,1,fave,186.9842779611095,80.82562664367303,9,tarea,"",0.05999999999994543,la,[silence],t,R,t,R,internal
463.1520528425591,837.5281111581455,1086.3465299030188,2.74034753160104,3.2243845277836027,3.9699253837258737,3179.4871794871797,0.016269391320457485,731.99575,0.091,0.3321167883211679,0-0-1089-4,a,51a17262-Audio_SP18.v0,group_0,1,fave,282.0160336438765,76.14987906698698,9,tarea,"",0.25,la,[silence],é,#,é,.,final
503.69451106243383,809.4470352950336,1436.2480819141138,3.7042257151674347,2.7091999100941937,4.354008263266125,3538.4615384615386,0.0005658594567316314,735.24075,0.041,0.3306451612903226,0-0-1098-1,a,51a17262-Audio_SP18.v0,group_0,1,fave,196.19119185177547,80.10694020331306,9,la,"",0.10000000000002274,tengo,red,l,#,l,r,final
748.9275293453335,1815.7105146492129,3162.954351952829,2.7819449963770233,3.619312219148448,4.70976144033341,6230.7692307692305,0.00222614060876056,738.85275,0.10500000000000001,0.3343949044585987,0-0-1106-1,a,51a17262-Audio_SP18.v0,group_0,1,fave,193.6635495689607,80.57475526250998,9,la,"",0.2900000000000773,porque,red,l,#,l,r,final
768.0320189553574,1647.4117349359688,3141.5005894739884,2.8229727635130173,4.142467809791889,4.2247430749780905,5871.794871794871,0.004443840227251782,740.57475,0.129,0.33593749999999994,0-0-1111-7,a,51a17262-Audio_SP18.v0,group_0,1,fave,194.95007416395632,81.64458438555444,9,limitada,"",0.36000000000001364,está,para,d,#,d,p,final
742.165834743314,1752.5487372741159,2710.1980372557687,2.2017155279974934,3.8641759588718045,4.4900238940101005,5692.3076923076915,0.00018284407964559853,741.0577499999999,0.035,0.33653846153846156,0-0-1112-3,a,51a17262-Audio_SP18.v0,group_0,1,fave,184.30461924396963,82.72559107457339,9,para,"",0.08000000000004093,limitada,el,R,#,R,e,final
679.6814502090416,1222.0186000882786,2045.645860286016,2.701127527320627,3.92518621839147,4.157333563518302,4615.384615384615,0.0007774779703184956,748.5037500000001,0.047,0.3263888888888889,0-0-1126-0,a,51a17262-Audio_SP18.v0,group_0,1,fave,227.37187939413207,84.76888369771763,9,alguna,"",0.12000000000000455,O,tarea,#,l,o,l,initial
863.8642687088173,1644.9978132393157,2872.60832561678,3.150662788542095,3.436244661414477,4.790821925391527,6230.7692307692305,0.0015506661846912658,748.87275,0.045,0.3358208955223881,0-0-1126-5,a,51a17262-Audio_SP18.v0,group_0,1,fave,235.18704484395244,80.96106785440452,9,alguna,"",0.11000000000001364,O,tarea,n,#,n,t,final
790.4289926960205,1918.6662030115372,3027.8437375867516,2.685121577146584,3.725531006184948,4.4787731592183615,5512.820512820513,0.0005681710817184347,749.1187500000001,0.037000000000000005,0.324561403508772,0-0-1127-4,a,51a17262-Audio_SP18.v0,group_0,1,fave,209.38086021766392,82.58141477540137,9,tarea,"",0.09000000000003183,alguna,que,é,#,é,k,final
670.1533422163631,876.7498623304151,1623.559873887235,3.72375721674126,3.203950597495908,4.040095664807853,4435.897435897436,0.0006870718533666565,756.38775,0.035,0.3365384615384616,0-0-1142-1,a,51a17262-Audio_SP18.v0,group_0,1,fave,179.12755712236356,82.02495956979169,9,valores,"",0.08000000000004093,mis,[silence],b,l,b,l,internal
679.6537313301785,1735.6029071267615,3511.7317196271924,2.739452784023642,3.7756435965789072,4.455245598362496,6410.25641025641,0.0010450972642616395,760.42375,0.027000000000000003,0.32142857142857145,0-0-1148-1,a,51a17262-Audio_SP18.v0,group_0,1,fave,231.05308159731842,81.6279962973074,9,tareas,"",0.06000000000005912,unas,que,t,R,t,R,internal
693.3363862825548,1844.5691185794803,2925.893417479458,2.8296633345132887,3.276129780675689,3.845035115270669,5871.794871794871,0.0005853747501036723,760.6537500000001,0.047,0.3263888888888889,0-0-1148-4,a,51a17262-Audio_SP18.v0,group_0,1,fave,112.33252161327584,77.85167426687731,9,tareas,"",0.12000000000000455,unas,que,é,s,é,s,internal
614.9416487947219,1653.5507879576999,3015.2825862023924,3.039449723729866,4.231382652027344,3.682415266162615,5692.3076923076915,0.00022638404771662817,768.79575,0.031,0.32978723404255317,0-0-1169-6,a,51a17262-Audio_SP18.v0,group_0,1,fave,143.42612180282265,79.62127710156243,9,estarían,"",0.07000000000005002,valores,[silence],i,n,i,n,internal
438.07302920855454,831.6058081658333,1269.7152491430484,4.018316379963762,2.574380933774896,3.9438084477030158,3179.4871794871797,0.003896227151147489,770.9757500000001,0.051000000000000004,0.3311688311688312,0-0-1171-5,a,51a17262-Audio_SP18.v0,group_0,1,fave,215.59481464674425,82.12774159380156,9,encima,"",0.12999999999999545,[silence],de,m,#,m,d,final
749.8989098639031,1547.9385394883782,3101.732794726903,3.4772400407223776,3.699636552973553,3.918144022316841,5692.3076923076915,0.0011912827354264174,773.3387500000001,0.037,0.32456140350877194,0-0-1180-1,a,51a17262-Audio_SP18.v0,group_0,1,fave,237.46596704208,76.17798396804879,9,las,"",0.08999999999991815,",",[silence],l,s,l,s,internal
398.0156324612697,835.5913572670185,1451.120316690927,3.8067500392165883,2.7627233778567923,3.240990307642451,3179.4871794871797,0.0017024685206203385,790.79775,0.035,0.33653846153846156,0-0-1199-2,a,51a17262-Audio_SP18.v0,group_0,1,fave,217.36680471849093,79.34504769211404,9,una,"",0.08000000000004093,des,votación,n,#,n,b,final
488.22453191268505,786.7282787014639,1210.5984367663534,4.292850801070591,3.0485416168166286,3.7564904854365873,3358.974358974359,0.0009231196472346873,792.03275,0.045,0.33582089552238803,0-0-1202-3,a,51a17262-Audio_SP18.v0,group_0,1,fave,191.4334805912082,79.63214522961829,9,para,"",0.11000000000001364,[silence],[silence],R,#,R,.,final
494.109480074506,834.3949309153777,1221.5440275216679,3.915232239223005,2.7727789280372273,4.024382521980189,3358.974358974359,0.011686061663420347,798.9437499999999,0.067,0.32843137254901966,0-0-1215-0,a,51a17262-Audio_SP18.v0,group_0,1,fave,195.07461227163773,81.23306531995163,9,adultos,"",0.18000000000006366,[silence],.,#,d,.,d,initial
751.2049766790109,1858.2934062872803,4042.6542152532465,3.139763781402288,4.150019829329888,4.494913872622456,8743.589743589742,0.0033850491579528286,818.1727500000001,0.065,0.33505154639175255,0-0-1219-3,a,51a17262-Audio_SP18.v0,group_0,1,fave,190.70210172233098,80.24840798342129,9,Muchas,"",0.16999999999995907,[silence],",",h,s,h,s,internal
804.7598240120668,1548.3056664310277,3304.8951833963424,3.3796596354662873,3.7444530591664877,4.308302272416254,6051.282051282051,0.00009576380773853957,819.32575,0.031,0.32978723404255317,0-0-1221-7,a,51a17262-Audio_SP18.v0,group_0,1,fave,198.01139916697963,79.2869164772335,9,muchísimas,"",0.07000000000005002,",",.,m,s,m,s,internal
318.97059860064553,1019.8825226405526,1714.3527183205683,2.8318840238980223,3.250704789110618,2.948495938051749,4076.923076923077,0.005657364616865554,829.07275,0.065,0.33505154639175255,0-0-1229-2,a,51a17262-Audio_SP18.v0,group_0,1,fave,340.0934916230001,82.59068414930653,9,unas,"",0.17000000000007276,Hay,que,n,s,n,s,internal
731.9346350556632,1838.9842924024742,2933.486778863037,2.4782702008992934,3.035474754818997,3.2038412526468782,5871.794871794871,0.000011388895956016006,836.8837500000001,0.027000000000000003,0.32142857142857145,0-0-1247-1,a,51a17262-Audio_SP18.v0,group_0,1,fave,185.04105880602143,80.21818846122059,9,la,"",0.05999999999994543,de,billetera,l,#,l,b,final
643.6513283894244,852.5041183649322,1522.472393312056,2.942497831250287,2.4306074139526967,3.820660770128838,3000.0,0.017862282713244197,837.53575,0.07100000000000001,0.3317757009345795,0-0-1248-7,a,51a17262-Audio_SP18.v0,group_0,1,fave,317.2993181876645,82.7706135599329,9,billetera,"",0.19000000000005457,la,[silence],R,#,R,.,final
707.9945541607818,833.8177822278262,1945.9895863952852,3.8034890526613694,3.1268415296169723,3.8903190765640763,3897.4358974358975,0.010890578178942088,838.7127499999999,0.125,0.33422459893048123,0-0-1252-0,a,51a17262-Audio_SP18.v0,group_0,1,fave,202.39763225493633,83.56509331632053,9,al,"",0.35000000000002274,[silence],[silence],#,l,.,l,initial
507.21372874405944,868.0748822162162,1202.8828990076456,4.05007819036621,2.7336825661885884,3.815768349457585,3000.0,0.00018898647305855184,839.3937500000001,0.027000000000000003,0.32142857142857145,0-0-1254-0,a,51a17262-Audio_SP18.v0,group_0,1,fave,206.38717961652506,82.6238480496411,9,al,"",0.06000000000005912,[silence],empleador,#,l,.,l,initial
641.7072663030743,1654.9781403859968,2869.3793909651263,2.6540708790172043,4.15959350354073,4.0081693427766885,5692.3076923076915,0.00017349024585549316,839.78875,0.037,0.32456140350877194,0-0-1255-5,a,51a17262-Audio_SP18.v0,group_0,1,fave,182.42221614148175,80.47930409147179,9,empleador,"",0.09000000000003183,al,.,e,d,e,d,internal
747.9528194144359,1595.2569640207075,3096.6607467554068,2.6873902796371083,3.486577350832411,4.434679637083138,5692.3076923076915,0.00001588497890354734,845.04275,0.025,0.33783783783783783,0-0-1272-4,a,51a17262-Audio_SP18.v0,group_0,1,fave,203.44043779880016,80.60700755619027,9,nunca,"",0.05000000000006821,pero,va,k,#,k,b,final
789.2768985653024,1613.759508533752,2813.6427148629077,2.577899326564024,3.744367630190829,3.968074058777049,5692.3076923076915,0.00001924486130433637,845.17575,0.031,0.32978723404255317,0-0-1274-0,a,51a17262-Audio_SP18.v0,group_0,1,fave,202.4088420722682,78.97550210641339,9,a,"",0.07000000000005002,va,ser,#,#,á,s,coextensive
877.6734746140745,1159.8102909381753,1627.5653680954424,3.6931216604973507,3.240894163778577,3.754523423018724,3897.4358974358975,0.004655467742505352,846.2107500000001,0.041,0.3306451612903226,0-0-1278-0,a,51a17262-Audio_SP18.v0,group_0,1,fave,422.2908270859105,78.68372782841008,9,a,"",0.09999999999990905,[silence],lo,#,#,®,l,coextensive
542.1657928559575,851.4014070963917,1508.5780306867214,2.397855681470255,3.2446169118281465,3.9245786090461228,4076.923076923077,0.06805788600145558,849.5557500000001,0.151,0.3325991189427312,0-0-1290-0,a,51a17262-Audio_SP18.v0,group_0,1,fave,212.24265371237755,80.03670353511012,9,a,"",0.42999999999995,des,cambio,#,#,s,k,coextensive
409.5700796893143,779.65157310821,1677.2178960928752,2.446102593181755,3.5156816770531476,3.656320368451648,3897.4358974358975,0.00005594278514743565,876.68875,0.037000000000000005,0.324561403508772,0-0-1302-1,a,51a17262-Audio_SP18.v0,group_0,1,fave,200.09353008244986,83.12585505565654,9,las,"",0.09000000000003183,%%,ve(ces),l,s,l,s,internal
772.6862792233616,1656.7261552809898,2982.5539039241935,2.871206765054098,3.8149414079349384,4.226407074278504,5692.3076923076915,0.000021776778108286597,877.24575,0.031,0.32978723404255317,0-0-1305-1,a,51a17262-Audio_SP18.v0,group_0,1,fave,179.72556414062421,80.05250026366896,9,tareas,"",0.06999999999993634,las,que,t,R,t,R,internal
619.3330217616254,886.2848820634329,1897.228434223629,3.575777676375041,3.0193002594680913,3.6651007792016217,4076.923076923077,0.0012413860674673355,877.50275,0.045,0.33582089552238803,0-0-1305-4,a,51a17262-Audio_SP18.v0,group_0,1,fave,216.77329480380016,80.38660142190366,9,tareas,"",0.11000000000001364,las,que,é,s,é,s,internal
604.126480674065,850.9498912998646,1786.6120799218036,3.675349774189193,3.7027665221475323,3.6108025583106103,4256.410256410256,0.024758173895546232,877.99275,0.205,0.33387622149837126,0-0-1310-0,a,51a17262-Audio_SP18.v0,group_0,1,fave,187.33979011398233,77.9601383878887,9,ha,"",0.5900000000000318,que,[silence],#,#,é,&,coextensive
439.4722833673611,812.1193726839721,1102.9468463554376,3.531646352999185,3.0084061622683507,3.9438348085905535,3000.0,0.0029874203550006376,880.92775,0.035,0.33653846153846156,0-0-1312-5,a,51a17262-Audio_SP18.v0,group_0,1,fave,193.46548845108845,80.99744774914602,9,programado,"",0.08000000000004093,[silence],O,R,m,R,m,internal
482.1368697494985,759.894180060409,1398.8079936527477,3.3533957704629307,2.7566815329631664,3.970749779313214,3000.0,0.0009392558547564665,883.52575,0.051000000000000004,0.3311688311688312,0-0-1321-0,a,51a17262-Audio_SP18.v0,group_0,1,fave,250.16713309170814,83.88298311103902,9,a,"",0.12999999999999545,sube,la,#,#,e,l,coextensive
781.170801071656,1499.6975587677834,2850.2788132540068,2.59992674868374,4.143115907225071,4.048886681084752,5871.794871794871,0.0004981671138322892,883.70075,0.041,0.3306451612903226,0-0-1322-1,a,51a17262-Audio_SP18.v0,group_0,1,fave,182.29427512113728,82.00629484921514,9,la,"",0.10000000000002274,a,plataforma,l,#,l,p,final
708.9208584926853,1552.4955390137964,2920.850529637871,2.800301307587547,3.4935747657939658,4.221542297850648,5692.3076923076915,0.00038571225481641745,883.87775,0.035,0.33653846153846156,0-0-1323-2,a,51a17262-Audio_SP18.v0,group_0,1,fave,175.90621986046912,80.48867401388995,9,plataforma,"",0.08000000000004093,la,para,l,t,l,t,internal
846.4917635946365,1378.7998154353459,3328.7870587270495,3.388746455046621,3.915515318831161,4.6648944624101105,6051.282051282051,0.007445413403620611,884.02075,0.061000000000000006,0.3315217391304348,0-0-1323-4,a,51a17262-Audio_SP18.v0,group_0,1,fave,173.82217769081666,70.04207945437545,9,plataforma,"",0.15999999999996817,la,para,t,f,t,f,internal
299.1061994320885,759.8847190617219,1101.4377804560647,3.5957672946744212,3.052967654566969,3.6518296084906856,3358.974358974359,0.002174342497376518,884.4777500000001,0.055,0.3353658536585366,0-0-1323-9,a,51a17262-Audio_SP18.v0,group_0,1,fave,244.92904358249282,77.81900760930938,9,plataforma,"",0.13999999999998636,la,para,m,#,m,p,final
555.142508450549,791.9765815794527,1792.3270153780006,3.595699545372447,3.4814784950467517,3.1582747578530825,4615.384615384615,0.0005115323300441953,884.79075,0.041,0.3306451612903226,0-0-1324-3,a,51a17262-Audio_SP18.v0,group_0,1,fave,179.74887942396018,74.50118517815383,9,para,"",0.10000000000002274,plataforma,que,R,#,R,k,final
844.6952596130452,1752.32343415575,3632.043952472055,2.884388555038859,4.039915432093621,3.4770530583020194,6230.7692307692305,0.00017399543383877998,887.96775,0.035,0.33653846153846156,0-0-1332-2,a,51a17262-Audio_SP18.v0,group_0,1,fave,232.75324824117456,79.49522175140989,9,una,"",0.07999999999992724,tenemos,idea,n,#,n,i,final
479.2489705444479,778.2617517955703,1820.4961530613132,3.7531384216518995,2.696111879797799,3.3953245906690928,4435.897435897436,0.0003734998123578843,888.39575,0.031,0.32978723404255317,0-0-1333-3,a,51a17262-Audio_SP18.v0,group_0,1,fave,202.93341024583552,78.89363660580239,9,idea,"",0.07000000000005002,una,.,é,#,é,.,final
472.069480553706,766.9773326979576,1930.117458135704,3.3223466956776977,2.556111062026052,3.8888622456620223,4615.384615384615,0.00010889656268480902,891.44575,0.031,0.32978723404255317,0-0-1342-5,a,51a17262-Audio_SP18.v0,group_0,1,fave,260.7969811203091,79.79893119703888,9,empleador,"",0.07000000000005002,el,.,e,d,e,d,internal
508.3284259566299,792.0579414088912,1677.3221543482848,3.1218795666161845,2.9820453837025154,4.33571201685911,4256.410256410256,0.00019053126569466546,927.56575,0.031,0.32978723404255317,0-0-1351-1,a,51a17262-Audio_SP18.v0,group_0,1,fave,255.24672278199313,84.45478896077991,9,básicamente,"",0.07000000000005002,Pues,[silence],b,s,b,s,internal
656.920417332206,1082.127559716342,1733.4626036119466,4.120156063645472,3.6304627609349795,4.29540658047429,4076.923076923077,0.00009570187252324956,927.9327499999999,0.025,0.33783783783783783,0-0-1351-5,a,51a17262-Audio_SP18.v0,group_0,1,fave,310.01614335327764,79.93705880947682,9,básicamente,"",0.05000000000006821,Pues,[silence],k,m,k,m,internal
263.9785041536733,797.5256299937396,1193.1615464984075,2.6113775953969234,2.7776365234581704,3.5433013879042297,3179.4871794871797,0.0008783390061745451,929.47275,0.045,0.33582089552238803,0-0-1354-6,a,51a17262-Audio_SP18.v0,group_0,1,fave,258.82151778977936,80.60529006907718,9,personas,"",0.10999999999989996,son,[silence],n,s,n,s,internal
360.77594143714634,950.7456487494318,1361.3771608881998,3.1837344020177065,3.3633973634369227,4.1254134070852375,3179.4871794871797,0.007920580052708542,931.4777500000001,0.055,0.33536585365853655,0-0-1360-6,a,51a17262-Audio_SP18.v0,group_0,1,fave,238.564993229207,76.73527705392563,9,personas,"",0.13999999999998636,son,[silence],n,s,n,s,internal
937.3415934088634,1639.9484346618938,3395.5120415692318,3.3488988422089507,3.4142653525396227,3.9864704559462183,6230.7692307692305,0.03121382285396687,933.18975,0.119,0.33615819209039544,0-0-1363-7,a,51a17262-Audio_SP18.v0,group_0,1,fave,242.46470694473513,82.19095843884223,9,necesitan,"",0.3300000000000409,que,[silence],t,n,t,n,internal
621.4560150648905,810.0441800370373,1603.1034405874111,3.5836223356498667,3.4481199760261445,4.127869135160762,4256.410256410256,0.010487658540757965,939.1177500000001,0.055,0.33536585365853655,0-0-1379-3,a,51a17262-Audio_SP18.v0,group_0,1,fave,231.5885294334811,79.30025019654083,9,muchas,"",0.13999999999998636,Hay,[silence],h,s,h,s,internal
523.4080888871798,807.5252286983551,1675.5494600767117,3.903575414682102,2.6012416660657007,3.417285945097916,4974.358974358975,0.0001353280641662273,939.8277499999999,0.035,0.33653846153846156,0-0-1381-1,a,51a17262-Audio_SP18.v0,group_0,1,fave,194.657283582295,80.65557060751115,9,tareas,"",0.08000000000004093,[silence],para,t,R,t,R,internal
772.5954110089464,1740.9055330928886,2891.1132238558343,3.0453787265486865,4.18609987533009,4.026971108356636,5692.3076923076915,0.0008185981995997259,940.05075,0.041,0.3306451612903226,0-0-1381-4,a,51a17262-Audio_SP18.v0,group_0,1,fave,196.49945298374826,77.6334991041949,9,tareas,"",0.10000000000002274,[silence],para,é,s,é,s,internal
561.7582485712521,835.2116646418717,1776.3663167107127,3.974719787859667,3.1427662767121434,3.2525427632152897,4615.384615384615,0.00014317388462459248,942.53775,0.035,0.3365384615384616,0-0-1387-4,a,51a17262-Audio_SP18.v0,group_0,1,fave,197.41986345780705,78.51708024675594,9,Instagram,"",0.08000000000004093,en,en,t,g,t,g,internal
623.5772306035711,1756.6648295319949,2942.2043083138856,2.815449360333376,3.9877765738564825,3.388274957865455,5512.820512820513,0.00015623296049198284,943.4807500000001,0.041,0.3306451612903226,0-0-1389-1,a,51a17262-Audio_SP18.v0,group_0,1,fave,183.65395275492622,79.54705768504886,9,Facebook,"",0.09999999999990905,en,[silence],f,s,f,s,internal
753.7614647203676,1862.717154913554,3389.0009772184894,4.514767913350694,4.216014117702436,4.691521106302856,7128.205128205128,0.012299443596680108,946.93775,0.055,0.33536585365853655,0-0-1397-6,a,51a17262-Audio_SP18.v0,group_0,1,fave,140.01086135533458,61.627158005413115,9,personas,"",0.13999999999998636,entonces,que,n,s,n,s,internal
430.94908424927826,886.0063543194898,1578.3454394035548,4.291323451453031,2.709917462256361,2.9905554919642054,3897.4358974358975,0.00017362653701358236,949.6237500000001,0.027000000000000003,0.32142857142857145,0-0-1402-2,a,51a17262-Audio_SP18.v0,group_0,1,fave,224.7536195363643,80.53985071081394,9,una,"",0.05999999999994543,tener,mejor,n,#,n,m,final
527.7261673562385,933.9419438247418,1705.4822082290254,3.930065346815202,3.348864180346782,4.132747261816089,4974.358974358975,0.005371789648493282,952.95075,0.061000000000000006,0.3315217391304348,0-0-1411-0,a,51a17262-Audio_SP18.v0,group_0,1,fave,187.62296616680214,79.10192906307084,9,a,"",0.16000000000008185,[silence],los,#,#,.,l,coextensive
654.6510646773576,923.6910094043695,1809.8386678877464,3.882964924694802,3.4847768348050527,3.610408687746061,4794.871794871795,0.004695162378520522,954.17575,0.051000000000000004,0.3311688311688312,0-0-1415-6,a,51a17262-Audio_SP18.v0,group_0,1,fave,243.16141244051747,79.08680058747511,9,búsqueda,"",0.12999999999999545,de,.,d,#,d,.,final
594.0239930580216,782.6922645167999,1888.5877360791746,4.395948685107377,3.390660919104628,3.3327007002917632,5333.333333333333,0.0002771653534291712,955.3127499999999,0.025,0.33783783783783783,0-0-1419-3,a,51a17262-Audio_SP18.v0,group_0,1,fave,186.02978898078655,80.30715670155666,9,Para,"",0.05000000000006821,[silence],la,R,#,R,l,final
526.8802057031005,936.9956666649884,1980.7260577938043,3.653536869334148,3.770335077681017,3.6428349317130473,4076.923076923077,0.003965191544765528,955.43075,0.061000000000000006,0.3315217391304348,0-0-1420-1,a,51a17262-Audio_SP18.v0,group_0,1,fave,176.82929048866202,74.49541335941129,9,la,"",0.15999999999996817,Para,para,l,#,l,p,final
519.445847873609,836.5839749580084,1876.6182800821532,3.712932560351024,3.2334919452754565,3.038164030232132,4435.897435897436,0.00004093151456081564,955.8337500000001,0.027000000000000003,0.32142857142857145,0-0-1421-3,a,51a17262-Audio_SP18.v0,group_0,1,fave,188.3726772069226,76.8388868887652,9,para,"",0.05999999999994543,la,sus,R,#,R,s,final
541.1304787663032,806.9365684607745,1459.9031012449896,4.346407300233576,2.875512877279482,3.7133231197643446,4615.384615384615,0.00013923035113115416,957.9837500000001,0.027000000000000003,0.32142857142857145,0-0-1427-1,a,51a17262-Audio_SP18.v0,group_0,1,fave,196.56127292145638,80.58970995147997,9,básicamente,"",0.05999999999994543,[silence],podrían,b,s,b,s,internal
482.1673873733957,755.823711862557,2301.8111007233542,3.842993931300618,3.183782855192534,3.9744886518118805,4435.897435897436,0.0000303229400903288,958.8937500000001,0.027000000000000003,0.32142857142857145,0-0-1428-5,a,51a17262-Audio_SP18.v0,group_0,1,fave,184.9995145080335,82.18970097430574,9,podrían,"",0.06000000000005912,básicamente,ser,i,n,i,n,internal
896.7502977463483,1643.2734471147148,2579.04929635353,3.009432697113518,3.9905157198487107,4.706075885777573,5871.794871794871,0.006069132312102111,964.66975,0.159,0.3354430379746835,0-0-1443-2,a,51a17262-Audio_SP18.v0,group_0,1,fave,210.27727095090566,80.74901508696134,9,una,"",0.4499999999999318,[silence],[silence],n,#,n,.,final
887.8072648628356,1660.7034313909194,2789.060331331873,3.0787361183510313,4.321547527629862,4.286510641241353,7128.205128205128,0.01487970237322631,966.51875,0.097,0.3299319727891157,0-0-1445-3,a,51a17262-Audio_SP18.v0,group_0,1,fave,309.37711428026324,81.61996390094201,9,idea,"",0.2699999999999818,[silence],[silence],é,#,é,.,final
498.6616576455104,751.4516146511183,1840.27167433354,3.8244034563661975,3.1813929936628753,3.819019695511106,5153.846153846154,0.0006637789446715789,972.92375,0.027000000000000003,0.32142857142857145,0-0-1462-1,a,51a17262-Audio_SP18.v0,group_0,1,fave,189.03537429214444,76.61785454978919,9,tareas,"",0.06000000000005912,estas,.,t,R,t,R,internal
601.5468851420802,929.8197169523872,1786.3087369355937,3.672158193280805,2.6282080802180476,3.7005793198870975,4256.410256410256,0.0001932295908751008,999.5887500000001,0.037000000000000005,0.324561403508772,0-0-1468-1,a,51a17262-Audio_SP18.v0,group_0,1,fave,232.90487314729663,82.51209948490212,9,básicamente,"",0.08999999999991815,[silence],[silence],b,s,b,s,internal
558.3905064543931,819.4933044940025,1674.0802827126022,3.4350585209230284,3.3567636637687626,3.6081840784381116,3717.948717948718,0.000026113632332303586,1000.8127499999999,0.025,0.33783783783783783,0-0-1471-3,a,51a17262-Audio_SP18.v0,group_0,1,fave,204.5142407949045,82.57604335253731,9,para,"",0.05000000000006821,eso,mí,R,#,R,m,final
545.0368946957087,824.0432898118794,1599.6087322240558,3.6950814516173223,2.4360302475787363,3.674628564765961,3897.4358974358975,0.000017003046246978557,1001.15275,0.025,0.33783783783783783,0-0-1473-1,a,51a17262-Audio_SP18.v0,group_0,1,fave,268.9043621075352,84.3852677995827,9,básicamente,"",0.05000000000006821,mí,eso,b,s,b,s,internal
745.3243006081032,1017.9196656446079,1761.7214377646424,3.008190442294887,3.4545085998010454,3.950383257694968,3358.974358974359,0.003643918163206002,1003.19875,0.057,0.32758620689655177,0-0-1478-4,a,51a17262-Audio_SP18.v0,group_0,1,fave,246.5211802243684,84.64353318387319,9,pueda,"",0.15000000000009095,que,aumentar,d,#,d,a,final
546.1075057756826,886.7565431851434,1799.1514509605847,4.109241760260462,3.442336803306795,3.245704350584492,4794.871794871795,0.019866193339693944,1006.1737499999999,0.087,0.3295454545454546,0-0-1485-6,a,51a17262-Audio_SP18.v0,group_0,1,fave,332.39884222242125,71.96545485580228,9,búsqueda,"",0.2400000000000091,de,.,d,#,d,®,final
488.38214569983484,753.4096805204849,1317.5846987277255,3.605929425339301,3.0997167489092887,3.912942655095597,3717.948717948718,0.016406652046042993,1010.06075,0.061000000000000006,0.3315217391304348,0-0-1491-0,a,51a17262-Audio_SP18.v0,group_0,1,fave,247.84070836181104,85.08240884233152,9,aumente,"",0.16000000000008185,[silence],también,#,u,.,u,initial
277.5637730299462,899.6495370466539,1530.4355997972066,3.6368109504597994,3.8341232045518234,4.224808024251851,3538.4615384615386,0.038141939631162025,1021.04775,0.035,0.33653846153846156,0-0-1523-0,a,51a17262-Audio_SP18.v0,group_0,1,fave,195.5275753454896,77.74704792415397,9,Al,"",0.08000000000004093,[silence],darle,#,l,.,l,initial
895.6982818517429,1760.197185156865,2909.815567046195,3.8205946789403833,4.330299097490171,4.0272358695553345,6051.282051282051,0.006182859117709379,1028.91275,0.045,0.33582089552238803,0-0-1541-0,a,51a17262-Audio_SP18.v0,group_0,1,fave,164.40994269356005,74.57385032266507,9,a,"",0.10999999999989996,[silence],través,#,#,®,t,coextensive
773.520618462906,1815.5446821686778,2788.7726393405283,3.7198403046683555,2.562433970402714,3.578273459578839,5692.3076923076915,0.00010229309742330406,1030.83575,0.031,0.32978723404255317,0-0-1548-0,a,51a17262-Audio_SP18.v0,group_0,1,fave,229.49081575685383,80.7315610212652,9,actividades,"",0.07000000000016371,esas,que,#,k,s,k,initial
860.7531480622913,1534.8040668403562,2588.270359854493,3.8104919621289755,3.5467708465375365,4.500618368918259,5692.3076923076915,0.007139680116277094,1033.0537499999998,0.047,0.3263888888888889,0-0-1553-0,a,51a17262-Audio_SP18.v0,group_0,1,fave,184.70899395089526,71.66380536952992,9,a,"",0.12000000000011823,realizando,través,#,#,o,t,coextensive
759.9218287431422,1743.8909591986906,2816.303194326217,3.7928771761995583,3.400788872541181,4.248171844349854,5871.794871794871,0.003995676167878935,1033.53775,0.035,0.3365384615384616,0-0-1556-1,a,51a17262-Audio_SP18.v0,group_0,1,fave,181.88132778144595,74.780403459535,9,la,"",0.07999999999992724,de,plataforma,l,#,l,p,final
610.6726474209203,1722.5767308696036,2834.9130712899973,3.1343741564336955,3.5628207453533745,3.634115026418931,6230.7692307692305,0.0006084439454193903,1033.67775,0.035,0.33653846153846156,0-0-1557-2,a,51a17262-Audio_SP18.v0,group_0,1,fave,122.29817888841205,76.35479039051933,9,plataforma,"",0.07999999999992724,la,[silence],l,t,l,t,internal
329.09107063013226,1661.8932419569865,3802.094462673808,4.00128452197565,2.8783793446529025,3.2665165837132126,7128.205128205128,0.0016834379629417939,1034.2837499999998,0.027000000000000003,0.32142857142857145,0-0-1557-9,a,51a17262-Audio_SP18.v0,group_0,1,fave,186.7925074256436,71.26164337129957,9,plataforma,"",0.05999999999994543,la,[silence],m,#,m,.,final
496.73918639816213,1741.4277976222254,2691.878471244925,4.061903609025184,2.6567751607799766,3.7304437687234975,5692.3076923076915,0.00005992011627105865,1054.3637499999998,0.027000000000000003,0.32142857142857145,0-0-1578-5,a,51a17262-Audio_SP18.v0,group_0,1,fave,186.07047176719118,80.61897172995405,9,manejan,"",0.060000000000172804,que,contenidos,x,n,x,n,internal
620.4837837721748,1799.2429405627367,2977.9880552522936,3.778154200380765,3.16288432933454,2.6680971397241966,5871.794871794871,0.0005311524603004262,1065.41275,0.045,0.33582089552238803,0-0-1604-3,a,51a17262-Audio_SP18.v0,group_0,1,fave,194.3759848854176,72.744248313083,9,cosas,"",0.10999999999989996,de,.,s,s,s,s,internal
849.8641785973508,1706.1921270830646,2920.8295404139517,3.6513875126864654,2.9081436582104265,3.39171935264906,6230.7692307692305,0.007917974109579763,1082.4937499999999,0.267,0.332089552238806,0-0-1614-0,a,51a17262-Audio_SP18.v0,group_0,1,fave,216.0524997383681,76.97547278196903,9,a,"",0.7800000000002001,pues,este,#,#,s,é,coextensive
771.8746892959467,1789.4608414135353,2953.9450736443905,3.577522162471507,2.3964646193716104,2.5878537021886245,5871.794871794871,0.0006740376902329925,1088.0327499999999,0.045,0.33582089552238803,0-0-1627-1,a,51a17262-Audio_SP18.v0,group_0,1,fave,196.7466815435324,76.59993538667312,9,las,"",0.10999999999989996,más,[silence],l,s,l,s,internal
717.4227275782141,1836.2416875957967,2968.6385984458875,3.344585691034997,2.094846552161778,2.972403301365716,5692.3076923076915,8.318851087358055e-6,1088.6227499999998,0.025,0.33783783783783783,0-0-1630-1,a,51a17262-Audio_SP18.v0,group_0,1,fave,182.7988562754041,79.0314790099213,9,tareas,"",0.0500000000001819,las,",",t,R,t,R,internal
646.2240671374476,1446.2180924773281,2488.675727041068,3.602660699512599,3.225638877922599,3.73121513049697,5512.820512820513,0.00018768711088480963,1089.50575,0.031,0.32978723404255317,0-0-1635-0,a,51a17262-Audio_SP18.v0,group_0,1,fave,241.5666119050739,71.40575264457527,9,aquellas,"",0.06999999999993634,",",que,#,k,.,k,initial
558.5879364938746,2005.21095437266,3342.7911231551275,3.618964064980882,4.161958587304351,3.7332620858404955,6051.282051282051,0.00015566281982541815,1089.7937499999998,0.027000000000000003,0.32142857142857145,0-0-1635-4,a,51a17262-Audio_SP18.v0,group_0,1,fave,289.439087272571,78.22565895849846,9,aquellas,"",0.05999999999994543,",",que,L,s,L,s,internal
739.9697179137805,1714.9109977537169,2769.732552198179,3.5014157531665617,3.3012438300947933,4.395498869925279,5871.794871794871,0.002226495217243933,1090.57575,0.051000000000000004,0.3311688311688312,0-0-1638-4,a,51a17262-Audio_SP18.v0,group_0,1,fave,252.92096921539337,76.82279278540288,9,pueda,"",0.13000000000010914,no,comprender,d,#,d,k,final
702.590682155449,1604.6575867455565,2591.9791861992617,3.701659029075742,2.7426375238469727,3.831065678532632,6051.282051282051,0.00026609384925819216,1093.33775,0.035,0.33653846153846156,0-0-1645-1,a,51a17262-Audio_SP18.v0,group_0,1,fave,254.7182036200715,78.95330651415118,9,pasar,"",0.08000000000015461,dejo,[silence],p,s,p,s,internal
889.7249506249165,1777.6419909139752,2987.408849123908,3.739409590363074,2.1800723944386835,4.1628532202773485,6051.282051282051,0.0008313263898136723,1095.3427499999998,0.08499999999999999,0.33464566929133854,0-0-1650-2,a,51a17262-Audio_SP18.v0,group_0,1,fave,217.32994238195155,77.71118724517785,9,una,"",0.2300000000000182,también,[silence],n,#,n,.,final
884.100509542429,1654.383293375463,2435.815872085681,4.297934877893019,2.916306053149346,4.653752103020167,5871.794871794871,0.0020098425494325316,1101.86075,0.041,0.3306451612903226,0-0-1659-5,a,51a17262-Audio_SP18.v0,group_0,1,fave,236.019936222014,80.6823763984158,9,colocan,"",0.10000000000013642,las,[silence],k,n,k,n,internal
511.1703793639437,1665.3938397249804,3145.4407457309426,3.079163032432037,2.98940151263727,4.796192770183788,6589.74358974359,0.00030480391476442504,1102.62575,0.031,0.32978723404255317,0-0-1662-1,a,51a17262-Audio_SP18.v0,group_0,1,fave,246.63976437320574,83.55128851518754,9,satisfechas,"",0.07000000000016371,no,",",s,t,s,t,internal
567.7227478062625,1787.988536163834,2844.4490947257145,4.199008085317328,3.198177846753583,2.6885977820332503,6051.282051282051,0.010787677175522483,1103.1607500000002,0.041,0.3306451612903226,0-0-1662-8,a,51a17262-Audio_SP18.v0,group_0,1,fave,238.25620658764726,75.1855731767645,9,satisfechas,"",0.09999999999990905,no,",",h,s,h,s,internal
1103.5387128650855,1731.0520420321006,2715.5082547334064,3.79148768406279,3.056771703829531,3.6268981357971235,6051.282051282051,0.0019046033419379627,1105.3987499999998,0.057,0.32758620689655177,0-0-1669-0,a,51a17262-Audio_SP18.v0,group_0,1,fave,205.9764793059266,76.07115438256646,9,a,"",0.15000000000009095,[silence],tus,#,#,.,t,coextensive
923.335597905693,1677.7428380455253,2970.602296015032,3.4998160385849273,3.281722074893474,3.8805656161075004,5871.794871794871,0.00684914809317287,1106.1237499999997,0.047,0.3263888888888889,0-0-1672-0,a,51a17262-Audio_SP18.v0,group_0,1,fave,202.63024695753944,75.24647563993416,9,a,"",0.12000000000011823,[silence],tus,#,#,.,t,coextensive
611.0990276072177,1725.3749093448266,2693.4627707945206,3.607709234486576,2.2764668743570597,3.487245161257295,5871.794871794871,0.0000450685640903665,1106.4737499999999,0.027000000000000003,0.32142857142857145,0-0-1674-1,a,51a17262-Audio_SP18.v0,group_0,1,fave,198.35173644715704,81.0116633826944,9,calificaciones,"",0.05999999999994543,tus,no,k,l,k,l,internal
635.3891405816094,1758.6614614175417,2827.442804830728,3.4705072671952344,2.824508129776796,3.563571521236786,5871.794871794871,0.00009137694264937872,1106.89375,0.027000000000000003,0.32142857142857145,0-0-1674-7,a,51a17262-Audio_SP18.v0,group_0,1,fave,191.2427208323889,75.2874802826802,9,calificaciones,"",0.05999999999994543,tus,no,k,z,k,z,internal
614.4300835709029,1822.6948373033445,2929.060103645634,3.9538330994948114,3.5827627709425083,3.194184411234541,6230.7692307692305,0.00024173298294567799,1110.0937499999998,0.027000000000000003,0.32142857142857145,0-0-1682-6,a,51a17262-Audio_SP18.v0,group_0,1,fave,249.29983946496176,77.07019531680952,9,dejarlas,"",0.060000000000172804,prefiero,pasar,l,s,l,s,internal
729.0869128751787,1652.5722217805292,2620.3128135574852,2.9914109689980948,2.6780124869429818,3.98772471805644,5871.794871794871,0.000022990210432151923,1110.2737499999998,0.027000000000000003,0.32142857142857145,0-0-1683-1,a,51a17262-Audio_SP18.v0,group_0,1,fave,246.99393284116832,78.96104010540913,9,pasar,"",0.05999999999994543,dejarlas,cuando,p,s,p,s,internal
599.4280370979783,1726.6102040347678,2890.646584162318,3.6386293493010293,2.845273901386233,2.878036480315361,5871.794871794871,2.1368414675352755e-6,1113.3727499999998,0.025,0.33783783783783783,0-0-1694-5,a,51a17262-Audio_SP18.v0,group_0,1,fave,209.05246077485296,78.14490585597134,9,segura,"",0.0500000000001819,estoy,de,R,#,R,d,final
749.1094681534075,1590.1588811051834,2532.028734719135,3.7761853251052058,3.594483448804088,3.791826712568289,5871.794871794871,0.0005138895790316793,1115.3337499999998,0.027000000000000003,0.32142857142857145,0-0-1700-1,a,51a17262-Audio_SP18.v0,group_0,1,fave,95.57451546490957,75.18843373731599,9,pasar,"",0.060000000000172804,dejo,.,p,s,p,s,internal
711.1967183270227,1893.9651292077258,2973.9332512426495,3.244433613784025,2.2119804189177787,3.5466020354405248,5871.794871794871,0.00006324434377824183,1133.6287499999999,0.037000000000000005,0.324561403508772,0-0-1714-4,a,51a17262-Audio_SP18.v0,group_0,1,fave,214.13880504352926,80.1910904586524,9,tareas,"",0.09000000000014552,[silence],sean,é,s,é,s,internal
591.1471540317649,1328.6620821625872,3018.4122634893374,3.7821238939828588,3.02974856708274,3.6570846270044144,6051.282051282051,0.00007703943111232755,1134.83875,0.037000000000000005,0.324561403508772,0-0-1720-0,a,51a17262-Audio_SP18.v0,group_0,1,fave,217.01896644973544,79.51964968339472,9,a,"",0.09000000000014552,",",veces,#,#,.,b,coextensive
700.1587283790886,1891.8430456258034,2852.323531910896,3.7419445374592204,2.80477495818159,2.877575793552906,5692.3076923076915,0.00013704274560768804,1141.33875,0.037,0.32456140350877194,0-0-1737-5,a,51a17262-Audio_SP18.v0,group_0,1,fave,189.01468816996564,79.52892692371731,9,empleador,"",0.09000000000014552,el,[silence],e,d,e,d,internal
788.5212428497796,1970.9315364240388,2964.147390693422,3.3270615130857295,2.8064451576099168,4.219960986679431,6410.25641025641,0.01367162782309757,1142.38375,0.067,0.32843137254901966,0-0-1739-4,a,51a17262-Audio_SP18.v0,group_0,1,fave,260.50991263897424,78.12969826859599,9,desea,"",0.18000000000006366,[silence],que,é,#,é,k,final
893.5996010267039,1766.1470946983836,2767.7550579849017,3.759527372221731,2.5186488951280395,4.08156321110116,6410.25641025641,0.0049661909821954574,1143.1607500000002,0.041,0.3306451612903226,0-0-1742-5,a,51a17262-Audio_SP18.v0,group_0,1,fave,292.96546403308014,78.81916017285596,9,corrijas,"",0.09999999999990905,lo,[silence],x,s,x,s,internal
810.3917141195898,1865.4985071641484,2873.293428457981,3.3316466599257653,3.0035429862855323,2.9523225119050416,5871.794871794871,0.0015566161963519389,1144.77575,0.091,0.33211678832116787,0-0-1746-4,a,51a17262-Audio_SP18.v0,group_0,1,fave,199.77220418600962,78.83790755075528,9,envía,"",0.25,te,[silence],i,#,i,.,final
932.5924643376161,1728.6467773301001,2848.428337512791,3.794834985448295,2.9818507666492433,4.47497145190626,6230.7692307692305,0.0022471720951588825,1145.81375,0.10700000000000001,0.3302469135802469,0-0-1748-2,a,51a17262-Audio_SP18.v0,group_0,1,fave,203.63893336359916,78.28065844994832,9,una,"",0.2999999999999545,[silence],[silence],n,#,n,.,final
890.4605251296346,1684.9033294900728,3032.212457263819,4.031846145632028,3.2281972269388035,4.611320527868332,6410.25641025641,0.011627259620208259,1147.44275,0.045,0.33582089552238803,0-0-1750-2,a,51a17262-Audio_SP18.v0,group_0,1,fave,243.65478606057204,78.52488762765205,9,una,"",0.10999999999989996,[silence],corrección,n,#,n,k,final
765.8511268924567,1840.3442645152854,2913.4518136846077,3.571188733071941,2.903682887736122,3.757823277157973,6589.74358974359,0.0013084594336321919,1149.8927499999998,0.045,0.3358208955223881,0-0-1758-2,a,51a17262-Audio_SP18.v0,group_0,1,fave,208.8238747732413,75.62182190137608,9,exactamente,"",0.11000000000012733,que,[silence],s,k,s,k,internal
721.184353318803,1836.5249412459618,2858.020447088613,3.738720664666699,2.9901457405617475,3.825869437292392,6051.282051282051,0.002658963258338622,1153.65375,0.047,0.3263888888888889,0-0-1765-4,a,51a17262-Audio_SP18.v0,group_0,1,fave,205.97823166040513,76.57630432493819,9,desea,"",0.11999999999989086,él,que,é,#,é,k,final
538.6629039433461,1776.2188842194057,2577.702197272167,4.10764438524806,3.2659689640303586,4.810571786390281,7307.692307692308,0.024927246863897017,1154.5237499999998,0.047,0.3263888888888889,0-0-1768-2,a,51a17262-Audio_SP18.v0,group_0,1,fave,346.9739690816125,75.87065639286298,9,haga,"",0.11999999999989086,se,[silence],g,#,g,.,final
591.2448627217605,1724.3176103843302,2920.3784905279695,3.5232880839937404,3.075049472097526,3.14306199019705,6410.25641025641,0.00026786613816585724,1157.45575,0.031,0.32978723404255317,0-0-1778-1,a,51a17262-Audio_SP18.v0,group_0,1,fave,238.40039254886244,78.41941335366404,9,las,"",0.06999999999993634,de,posibilidades,l,s,l,s,internal
974.2121619480371,1728.5710290910604,2876.3208882050876,3.9532076676419043,3.266403020272719,4.241567786812324,7128.205128205128,0.0025934733677953933,1159.71275,0.065,0.33505154639175255,0-0-1784-3,a,51a17262-Audio_SP18.v0,group_0,1,fave,207.67033926503225,81.72786637049177,9,reparas,"",0.16999999999984539,lo,[silence],p,R,p,R,internal
857.1788369584963,1906.0148136940488,2973.344362731563,4.193651836758571,2.971142549180762,4.501335513015728,7487.179487179487,0.012134633233127254,1159.92275,0.045,0.33582089552238803,0-0-1784-5,a,51a17262-Audio_SP18.v0,group_0,1,fave,341.24039496464246,78.82119744155163,9,reparas,"",0.10999999999989996,lo,[silence],R,s,R,s,internal
674.838590989905,1679.100209204264,2789.9029392889233,3.589632831143452,2.645456312534844,3.4992985505314302,6230.7692307692305,0.00011382040695117445,1162.13575,0.031,0.32978723404255317,0-0-1788-5,a,51a17262-Audio_SP18.v0,group_0,1,fave,211.55320286954787,79.26116211226064,9,rechazas,"",0.07000000000016371,[silence],la,z,s,z,s,internal
799.2167059127447,1819.4199703222882,2971.1106747516073,3.454824805750292,2.9108999101367137,3.1662035642818425,6589.74358974359,0.0024638445828919528,1162.33775,0.035,0.33653846153846156,0-0-1789-1,a,51a17262-Audio_SP18.v0,group_0,1,fave,194.74048856828645,78.66853618805747,9,la,"",0.08000000000015461,rechazas,tarea,l,#,l,t,final
719.1782241426228,1816.582884559147,2922.9572571806984,3.9146467428870846,2.5169117524575406,2.5946377251672543,5871.794871794871,0.000019384060042365234,1162.47575,0.031,0.32978723404255317,0-0-1790-1,a,51a17262-Audio_SP18.v0,group_0,1,fave,175.01175755005247,79.50663828787955,9,tarea,"",0.06999999999993634,la,.,t,R,t,R,internal
670.3265977720223,1613.3225787975828,2811.161326644521,3.9077561606655538,3.3490675837043398,4.772786500822193,6051.282051282051,0.0005116871028015771,1174.34575,0.031,0.32978723404255317,0-0-1808-5,a,51a17262-Audio_SP18.v0,group_0,1,fave,200.55021466053188,80.24490695013775,9,colocan,"",0.07000000000016371,te,no,k,n,k,n,internal
602.7323264287282,1655.3793366538116,2948.782457031324,3.6385445805562564,3.2096910705407717,3.4362426440001754,5871.794871794871,0.006384300700798208,1174.71275,0.045,0.33582089552238803,0-0-1810-1,a,51a17262-Audio_SP18.v0,group_0,1,fave,220.33057649727365,75.03707042080443,9,satisfecho,"",0.10999999999989996,no,y,s,t,s,t,internal
631.0549109802585,1738.4335672524646,2901.1999700042447,3.376747651923104,3.033859553922716,2.924917270014394,5692.3076923076915,0.0017481848763259082,1191.7437499999999,0.047,0.3263888888888889,0-0-1824-3,a,51a17262-Audio_SP18.v0,group_0,1,fave,101.06702533390273,76.592778888077,9,toda,"",0.11999999999989086,Pierdo,[silence],d,#,d,.,final
291.26472196750063,824.8189269056259,1451.9777031080612,3.805475473041231,2.6640931549193487,3.9695934101982315,3358.974358974359,0.0008282506528755316,1200.26875,0.037000000000000005,0.324561403508772,0-0-1838-2,a,51a17262-Audio_SP18.v0,group_0,1,fave,197.64658612835225,79.09590040220827,9,una,"",0.08999999999991815,[silence],tarea,n,#,n,t,final
450.6285522444758,863.5972128918596,2202.7516759961572,3.603089506248731,2.1682643392687964,3.906039073094358,4256.410256410256,0.00010970647839590391,1200.54775,0.035,0.3365384615384616,0-0-1839-4,a,51a17262-Audio_SP18.v0,group_0,1,fave,216.02234909334018,79.90866196496317,9,tarea,"",0.07999999999992724,una,no,é,#,é,n,final
467.81637749096683,834.232831249431,1962.5716680635314,2.8700696319586614,3.51116624536086,4.067139699057067,4435.897435897436,0.00021994824790804384,1200.85575,0.031,0.32978723404255317,0-0-1841-1,a,51a17262-Audio_SP18.v0,group_0,1,fave,227.56304892315802,81.0552633486526,9,satisfecha,"",0.07000000000016371,no,porque,s,t,s,t,internal
412.65514892504126,751.831572374851,1924.4908050328156,3.510238509244851,3.027563256239849,3.4732265031176786,4256.410256410256,0.0007738996742316797,1201.39575,0.051000000000000004,0.3311688311688312,0-0-1841-8,a,51a17262-Audio_SP18.v0,group_0,1,fave,255.02237895411008,80.97341871631228,9,satisfecha,"",0.13000000000010914,no,porque,h,#,h,p,final
696.4590449641412,1906.4241258489074,2679.7535936888885,3.253635027728516,2.70781946973571,2.180588879830235,5692.3076923076915,0.00017227102900314783,1202.30075,0.041,0.3306451612903226,0-0-1843-2,a,51a17262-Audio_SP18.v0,group_0,1,fave,193.09758184581764,79.4116414932961,9,era,"",0.10000000000013642,porque,recibir,R,#,R,r,final
622.1802886830219,2074.315374719046,3044.266180446711,3.220154314097628,3.040166317584018,3.71845676165176,6051.282051282051,0.00009621004274133702,1216.05775,0.035,0.33653846153846156,0-0-1875-0,a,51a17262-Audio_SP18.v0,group_0,1,fave,178.5144695223496,80.28497699626023,9,a,"",0.07999999999992724,Si,spam,#,#,í,s,coextensive
505.848465296085,1846.7466669985545,2909.1716543159005,3.2289776390509335,2.676737498209506,3.208246796972839,5692.3076923076915,1.2383880657018476e-6,1226.6127499999998,0.025,0.33783783783783783,0-0-1906-1,a,51a17262-Audio_SP18.v0,group_0,1,fave,185.82713752627404,79.67601157917312,9,satisfecho,"",0.0500000000001819,no,",",s,t,s,t,internal
784.1966769644303,1722.7447583777666,2522.6788323396836,3.8755805263312317,3.5420059308801823,4.14163588566498,5512.820512820513,0.001955323052954527,1232.7837499999998,0.047,0.3263888888888889,0-0-1923-1,a,51a17262-Audio_SP18.v0,group_0,1,fave,194.8682417151127,75.69064016682728,9,capture,"",0.12000000000011823,el,para,k,t,k,t,internal
496.8951799385987,1826.1801417805175,2451.480552199221,3.6126337157704533,3.002611970360669,4.6905536594873345,5871.794871794871,0.000493349208152285,1233.6657500000001,0.031,0.32978723404255317,0-0-1924-3,a,51a17262-Audio_SP18.v0,group_0,1,fave,173.7780883422768,76.88993777402771,9,para,"",0.06999999999993634,capture,[silence],R,#,R,&,final
708.5221077725862,1838.6684947108718,2687.587398843963,3.504994383088502,2.138132463835163,4.013880668411912,5871.794871794871,0.00010596938350608298,1257.46775,0.035,0.3365384615384616,0-0-1936-3,a,51a17262-Audio_SP18.v0,group_0,1,fave,205.1253876071357,80.0654363525216,9,Ahora,"",0.07999999999992724,[silence],[silence],R,#,R,.,final
823.6648010859326,1591.6867362163769,2815.150077458779,3.5536899613160498,2.719894627905238,3.770892174097938,5871.794871794871,0.001245084681903554,1259.6557500000001,0.031,0.32978723404255317,0-0-1942-1,a,51a17262-Audio_SP18.v0,group_0,1,fave,106.86792925604705,81.92869046954209,9,manejar,"",0.06999999999993634,sé,[silence],m,n,m,n,internal
738.0596540594139,1887.2741872944348,2827.3702619740498,3.723058881876701,2.840108915890309,3.937810210334986,6948.717948717948,0.00017260557213246244,1263.89375,0.027000000000000003,0.32142857142857145,0-0-1953-5,a,51a17262-Audio_SP18.v0,group_0,1,fave,190.79494598797007,81.81559801162662,9,empleador,"",0.05999999999994543,el,pide,e,d,e,d,internal
702.5500550852629,1729.8588746683668,2772.5159067171935,3.856043435281185,3.1014290782779614,4.189284694384777,6051.282051282051,0.00009046367215401869,1264.9607500000002,0.041,0.3306451612903226,0-0-1956-3,a,51a17262-Audio_SP18.v0,group_0,1,fave,250.33822489086543,79.83962755630164,9,cosa,"",0.09999999999990905,tal,",",s,#,s,.,final
538.6597171346175,2012.483099241299,2780.9370119604246,3.2259588182657093,2.932750619444028,3.648725295527943,6051.282051282051,0.000035340025931275624,1268.01875,0.037000000000000005,0.324561403508772,0-0-1972-0,a,51a17262-Audio_SP18.v0,group_0,1,fave,219.56789163052835,81.3712140620648,9,alerta,"",0.08999999999991815,así,y,#,l,i,l,initial
369.68977882912617,1954.4666717122855,2658.359099033358,4.085503972334742,2.508113953809536,4.840396914057383,6948.717948717948,0.002365147028726079,1268.4907500000002,0.041,0.3306451612903226,0-0-1972-5,a,51a17262-Audio_SP18.v0,group_0,1,fave,352.4183077528642,79.17476937827033,9,alerta,"",0.09999999999990905,así,y,t,#,t,i,final
664.2841796922952,1752.4112591463029,2888.1802569908314,3.6613215829692014,2.830975284555803,4.084262360065296,5871.794871794871,0.0005291166779151165,1269.46775,0.035,0.3365384615384616,0-0-1976-1,a,51a17262-Audio_SP18.v0,group_0,1,fave,225.98032959868644,75.44131848107646,9,las,"",0.07999999999992724,[silence],instrucciones,l,s,l,s,internal
724.0802302359349,1785.3424415642448,2810.204087858436,3.3523302391464953,3.2591827889262133,3.053169705159082,5692.3076923076915,0.000017787800774366268,1272.2637499999998,0.027000000000000003,0.32142857142857145,0-0-1983-5,a,51a17262-Audio_SP18.v0,group_0,1,fave,171.92919752687465,75.83119661761413,9,empleador,"",0.05999999999994543,el,[silence],e,d,e,d,internal
622.6808838255962,1809.6749693919485,2504.5560466549746,4.086423503586143,3.5499038608723903,4.859765920809721,6410.25641025641,0.0013084985680029714,1275.65875,0.037,0.32456140350877194,0-0-1992-0,a,51a17262-Audio_SP18.v0,group_0,1,fave,171.34885594716067,77.76915835297841,9,al,"",0.08999999999991815,error,no,#,l,R,l,initial
1061.2696459620458,1819.50706830964,2838.8452928724405,4.114771148871423,3.2187505029967434,2.990447210202387,5692.3076923076915,0.0015154431137114183,1320.22775,0.035,0.33653846153846156,0-0-2037-0,a,51a17262-Audio_SP18.v0,group_0,1,fave,23.48932559153186,74.44482619698286,9,a,"",0.07999999999992724,[silence],un,#,#,®,"",coextensive
681.615197980091,1736.864941851062,2849.600900587108,4.026451424874988,3.0462935364553236,3.0245182560592,5692.3076923076915,0.0000156793878046597,1321.2737499999998,0.027000000000000003,0.32142857142857145,0-0-2041-1,a,51a17262-Audio_SP18.v0,group_0,1,fave,192.179656532439,78.59825126820287,9,canal,"",0.05999999999994543,[silence],[silence],k,n,k,n,internal
404.7256316264181,1854.6602627909963,2727.130571365233,2.5884234916910365,2.2045407246055984,2.621511955909031,5692.3076923076915,0.00001246655887755709,1327.2837499999998,0.027000000000000003,0.32142857142857145,0-0-2059-4,a,51a17262-Audio_SP18.v0,group_0,1,fave,187.45601369029083,83.96962175022645,9,probablemente,"",0.05999999999994543,[silence],[silence],b,b,b,b,internal
731.623582722334,1772.6664699909009,2873.933674514433,3.0377814480691385,3.0841193161000895,4.05822193140668,6051.282051282051,0.00003866590080753414,1328.94575,0.031,0.32978723404255317,0-0-2063-2,a,51a17262-Audio_SP18.v0,group_0,1,fave,185.4039597542227,80.48888669186333,9,una,"",0.06999999999993634,[silence],tarea,n,#,n,t,final
751.7123621599793,1844.1890283331877,2863.773887488331,3.1363649387772106,2.909928205184273,4.399061963734834,6589.74358974359,0.0001739865760990207,1329.0837499999998,0.027000000000000003,0.32142857142857145,0-0-2064-1,a,51a17262-Audio_SP18.v0,group_0,1,fave,191.8258053216149,81.35960833913057,9,tarea,"",0.060000000000172804,una,.,t,R,t,R,internal
733.3871480258435,1826.2489639712282,2765.4387092302645,3.7282720185029468,2.7993286160848325,3.330299827804146,5692.3076923076915,0.0005641414156776426,1329.29575,0.051000000000000004,0.3311688311688312,0-0-2064-4,a,51a17262-Audio_SP18.v0,group_0,1,fave,187.77252720234307,78.9048949741513,9,tarea,"",0.13000000000010914,una,.,é,#,é,.,final
706.4192644489499,1849.6553367177078,2932.524284611918,2.844516590640405,2.335334799541401,3.6766968633283645,5871.794871794871,0.00001667623187356565,1331.1457500000001,0.031,0.32978723404255317,0-0-2070-5,a,51a17262-Audio_SP18.v0,group_0,1,fave,183.226933368055,80.29883071861337,9,empleador,"",0.06999999999993634,un,que,e,d,e,d,internal
637.8238353364778,1845.6306537972669,3174.1100380142025,4.205636890921361,3.5117555572615275,4.129330751692442,7846.153846153846,0.0020865223394596058,1331.9307500000002,0.041,0.3306451612903226,0-0-2073-2,a,51a17262-Audio_SP18.v0,group_0,1,fave,177.63204585365304,77.07117926215447,9,trabaja,"",0.09999999999990905,[silence],[silence],R,b,R,b,internal
518.412897877835,1889.3583917501826,2990.3223431505994,3.329970628353836,3.395631612184947,3.2497883087774393,6051.282051282051,0.0002777644474190736,1336.2207500000002,0.041,0.3306451612903226,0-0-2086-0,a,51a17262-Audio_SP18.v0,group_0,1,fave,192.2596734314614,76.52198154368614,9,al,"",0.09999999999990905,más,[silence],#,l,s,l,initial
572.4349436263367,1825.8244894444317,2401.8324919447778,3.452874163436788,2.962303607550937,4.361241171321689,5871.794871794871,0.00010391764867354984,1342.3827499999998,0.025,0.33783783783783783,0-0-2096-3,a,51a17262-Audio_SP18.v0,group_0,1,fave,172.08010050003557,77.84160390905909,9,para,"",0.0500000000001819,Microworkers,[silence],R,#,R,.,final
786.5567542772493,1831.055978441365,2975.6947360532126,3.8254673114706406,3.262136856487751,4.250663962024103,6051.282051282051,0.0008924993311560599,1376.85775,0.035,0.33653846153846156,0-0-2106-6,a,51a17262-Audio_SP18.v0,group_0,1,fave,288.6510742659544,76.84604445926158,9,Todavía,"",0.08000000000015461,[silence],[silence],i,#,i,.,final
600.3215077294235,1820.4107044611235,2705.3016799802995,3.903773189367357,2.405468593593469,3.7556013891331963,6230.7692307692305,0.00034678410773207905,1397.45875,0.037,0.32456140350877194,0-0-2130-2,a,51a17262-Audio_SP18.v0,group_0,1,fave,191.66622167308378,81.99448278153945,9,Exactamente,"",0.08999999999991815,[silence],es,s,k,s,k,internal
536.4425202653405,1717.5674352039835,2794.0499746902565,4.251772053314339,2.646800266860603,3.2029042115911985,6051.282051282051,0.00004355069709030937,1397.6327499999998,0.025,0.33783783783783783,0-0-2130-5,a,51a17262-Audio_SP18.v0,group_0,1,fave,206.92542300351073,80.35218241171766,9,Exactamente,"",0.0500000000001819,[silence],es,t,m,t,m,internal
705.5070963496959,1786.7874978551822,3182.6004246815137,3.5518702718316066,2.885272027945431,4.79429436527685,6769.2307692307695,0.0001853746543934534,1399.0237499999998,0.027000000000000003,0.32142857142857145,0-0-2134-3,a,51a17262-Audio_SP18.v0,group_0,1,fave,229.20712006024988,80.51977507586817,9,poca,"",0.05999999999994543,muy,la,k,#,k,l,final
578.6943611225337,1775.2485045163028,3218.8588228787307,3.5724219285380006,3.322770427302839,4.371367233471065,7307.692307692308,0.0004740667673418717,1399.1277499999999,0.035,0.3365384615384616,0-0-2135-1,a,51a17262-Audio_SP18.v0,group_0,1,fave,244.66111895169638,79.09186275389028,9,la,"",0.08000000000015461,poca,cantidad,l,#,l,k,final
635.2532748165127,1753.1637873598315,2766.513838109786,3.6687154219036135,2.7013726811697865,3.167643499164152,6410.25641025641,0.0009289574029084065,1408.65775,0.035,0.33653846153846156,0-0-2157-1,a,51a17262-Audio_SP18.v0,group_0,1,fave,170.2861125185791,77.53534617629623,9,la,"",0.07999999999992724,[silence],%%,l,p,l,p,internal
731.09970060283,1759.7614608166787,2774.6337474476045,3.6182018929938486,3.7368908869341637,2.8772841987455218,5153.846153846154,0.00002576489241928909,1408.8827499999998,0.025,0.33783783783783783,0-0-2157-4,a,51a17262-Audio_SP18.v0,group_0,1,fave,NaN,55.618837822440625,9,la,"",0.0500000000001819,[silence],%%,l,#,l,"",final
642.8891369252663,1773.0802766575919,2717.1901389933046,3.5213618969139837,2.4617031556373847,3.595010309073728,5692.3076923076915,0.00012289765250818015,1425.8627499999998,0.025,0.33783783783783783,0-0-2170-2,a,51a17262-Audio_SP18.v0,group_0,1,fave,178.18438016692056,75.76111754555367,9,horas,"",0.0500000000001819,[silence],diarias,R,s,R,s,internal
758.2551697655924,1777.5164300981635,2991.606420818856,3.274456450471619,2.8880885474275675,4.407384182379193,6769.2307692307695,0.0018601256337669064,1437.4607500000002,0.061000000000000006,0.3315217391304348,0-0-2193-6,a,51a17262-Audio_SP18.v0,group_0,1,fave,245.50250803504323,82.39000073897245,9,calmada,"",0.15999999999985448,[silence],",",d,#,d,.,final
652.26183493554,1853.817973928008,2971.0903206304215,4.041473309008334,2.768070628237983,2.9530841901938607,5871.794871794871,0.0010551977565826408,1448.1337499999997,0.027000000000000003,0.32142857142857145,0-0-2229-5,a,51a17262-Audio_SP18.v0,group_0,1,fave,210.6962665420174,72.4751066852745,9,fluidas,"",0.060000000000172804,bastante,las,d,s,d,s,internal
407.0407451821521,1879.5606415163782,3021.265955116962,3.870895670630328,2.324615702086156,2.995598162272942,6410.25641025641,0.0009380762672079711,1465.69375,0.027000000000000003,0.32142857142857145,0-0-2242-1,a,51a17262-Audio_SP18.v0,group_0,1,fave,234.40296313750392,81.3995113237747,9,mañana,"",0.05999999999994543,la,",",m,N,m,N,internal
752.5456101800424,1836.967818881519,3884.6743735387186,3.949167916448496,2.441832497815319,4.372113763778139,7487.179487179487,0.000152363486920909,1465.91275,0.045,0.33582089552238803,0-0-2242-5,a,51a17262-Audio_SP18.v0,group_0,1,fave,263.7048375728268,81.8390021506155,9,mañana,"",0.10999999999989996,la,",",n,#,n,.,final
601.0854244135094,1735.4459464577342,2821.199696925876,3.4980421775463926,2.9295704726072382,3.1769172189655546,6051.282051282051,0.00008299465292741178,1473.95575,0.031,0.32978723404255317,0-0-2257-0,a,51a17262-Audio_SP18.v0,group_0,1,fave,186.56053885476612,78.67686489949882,9,activida,"",0.06999999999993634,[silence],[b],#,k,.,k,initial
477.3393567342209,1549.1195445763985,3048.9340130022165,3.985365429728143,3.6426056495958568,3.6301393804015136,6769.2307692307695,0.000060022155907769776,1474.3427499999998,0.025,0.33783783783783783,0-0-2257-7,a,51a17262-Audio_SP18.v0,group_0,1,fave,167.40446344199583,79.69244016369441,9,activida,"",0.0500000000001819,[silence],[b],d,#,d,®,final
826.9329700836548,1757.3548866240903,3008.494139328304,3.3540851493626085,3.1986473707891494,3.3139337189863656,5692.3076923076915,0.00005761071240899295,1480.28575,0.031,0.32978723404255317,0-0-2269-1,a,51a17262-Audio_SP18.v0,group_0,1,fave,198.43661737202024,80.3219750058886,9,la,"",0.06999999999993634,con,plataforma,l,#,l,p,final
782.4981134170233,1447.7507832602175,2892.6944187437057,3.5505972787895854,3.5557183481041648,3.6679833477400217,5512.820512820513,0.002450987410050298,1480.86075,0.041,0.3306451612903226,0-0-2270-9,a,51a17262-Audio_SP18.v0,group_0,1,fave,249.43989489665518,79.51122581674136,9,plataforma,"",0.10000000000013642,la,para,m,#,m,p,final
718.9963237835912,1726.5225157514374,2963.3987767003873,3.339703182774496,3.195180553656794,3.860246755761728,5692.3076923076915,0.00003540703883391855,1481.09575,0.031,0.32978723404255317,0-0-2271-3,a,51a17262-Audio_SP18.v0,group_0,1,fave,186.30045427009335,79.1665606580031,9,para,"",0.07000000000016371,plataforma,ver,R,#,R,b,final
512.1852498063538,1469.375672892693,2965.4011453410826,2.601774486009403,3.2128362364157588,3.4499141308785544,6410.25641025641,0.0007274900956017874,1485.48775,0.055,0.33536585365853655,0-0-2286-0,a,51a17262-Audio_SP18.v0,group_0,1,fave,255.74921316974388,85.73433234891348,9,algunos,"",0.13999999999987267,hay,empleadores,#,l,y,l,initial
677.6225120501931,1833.9116534876098,3047.6112191628295,2.699456040085284,3.190100207351788,3.622235082559254,5871.794871794871,0.0007365571374957803,1488.5987499999999,0.057,0.32758620689655177,0-0-2296-0,a,51a17262-Audio_SP18.v0,group_0,1,fave,222.37050026880033,77.53898554210713,9,activos,"",0.15000000000009095,muy,",",#,k,y,k,initial
768.5413586110359,1872.5922625629416,2858.843454516191,3.7096297449130615,2.81311595066209,3.0160112632300957,6051.282051282051,0.00001644457752396512,1501.5537499999998,0.027000000000000003,0.32142857142857145,0-0-2333-0,a,51a17262-Audio_SP18.v0,group_0,1,fave,193.64446827963192,79.21368060066479,9,actividades,"",0.05999999999994543,las,varían,#,k,s,k,initial
363.7930860367937,1693.5686988363332,3004.6715402047666,3.6761083144690003,3.145424446436221,3.700633636669166,6948.717948717948,0.00017478069833411404,1508.2537499999999,0.027000000000000003,0.32142857142857145,0-0-2351-3,a,51a17262-Audio_SP18.v0,group_0,1,fave,167.34818257492046,79.89223518981854,9,demasiados,"",0.05999999999994543,son,pasivos,m,s,m,s,internal
800.1821411801296,1593.7757340939556,2834.6126390465647,4.116594655226266,2.972019483611274,3.8601385644135857,6589.74358974359,0.003991231313316431,1508.7827499999999,0.045,0.3358208955223881,0-0-2352-1,a,51a17262-Audio_SP18.v0,group_0,1,fave,193.70309611418364,74.75213411475316,9,pasivos,"",0.10999999999989996,demasiados,[silence],p,s,p,s,internal
819.810267192506,1488.4073642715737,1790.2652505934009,4.125422464269037,3.9158145487833727,4.02592082667744,4615.384615384615,0.0678300857778705,1512.61575,0.091,0.33211678832116787,0-0-2362-4,a,51a17262-Audio_SP18.v0,group_0,1,fave,251.28663683468093,78.82119572460174,9,logran,"",0.25,[silence],lo,R,n,R,n,internal
647.1988964761667,1839.8593981296567,2833.4088980936604,3.423416410891048,3.2529520702048473,3.9948417253564004,5692.3076923076915,0.0000317821433705768,1528.5137499999998,0.027000000000000003,0.32142857142857145,0-0-2378-1,a,51a17262-Audio_SP18.v0,group_0,1,fave,182.62388723321232,77.73247572439112,9,la,"",0.05999999999994543,de,casa,l,#,l,k,final
889.7732197517212,1686.9337074228922,2950.5141978885526,4.120280876922292,2.898767873623059,3.6587748571166387,6410.25641025641,0.008585592413645019,1551.41575,0.17099999999999999,0.3326848249027236,0-0-2393-0,a,51a17262-Audio_SP18.v0,group_0,1,fave,229.19516756747245,80.51401511098997,9,A,"",0.4900000000000091,[silence],través,#,#,.,t,coextensive
686.5795297746464,1655.2107363128493,1922.5373582817872,2.9178556466657763,2.1436965173099285,4.022200533691684,4974.358974358975,0.00016027282608231728,1588.67375,0.027000000000000003,0.32142857142857145,0-0-2432-2,a,51a17262-Audio_SP18.v0,group_0,1,fave,237.9442830695967,83.74138622239391,9,Una,"",0.05999999999994543,[silence],vez,n,#,n,b,final
782.3157726571736,1898.1619031295832,2886.9769361426333,3.328013446714479,3.2024745179646588,3.9534525972629257,6230.7692307692305,0.00009322106822162073,1622.56575,0.031,0.32978723404255317,0-0-2460-1,a,51a17262-Audio_SP18.v0,group_0,1,fave,193.67246011220652,77.99669972373464,9,la,"",0.06999999999993634,pues,plataforma,l,#,l,p,final
670.4518051755618,1778.583435745893,2852.9455194272273,3.326268841671008,2.997655041245781,3.2151981086386208,5692.3076923076915,0.00020331440369934954,1622.70775,0.035,0.33653846153846156,0-0-2461-2,a,51a17262-Audio_SP18.v0,group_0,1,fave,179.575671059729,79.31734320382495,9,plataforma,"",0.07999999999992724,la,ofrece,l,t,l,t,internal
616.2231018146226,1690.8910757784295,2929.801134642612,3.646102317209094,3.314805909215784,3.242180942537742,5692.3076923076915,0.00026700755594927873,1622.82575,0.031,0.32978723404255317,0-0-2461-4,a,51a17262-Audio_SP18.v0,group_0,1,fave,175.35147015062512,77.75145265441262,9,plataforma,"",0.07000000000016371,la,ofrece,t,f,t,f,internal
806.6654650294234,1274.572860820771,1885.2394216185196,3.49652988917275,3.3371998526737268,4.181051891949831,4076.923076923077,0.0038193130946936912,1623.17575,0.07100000000000001,0.33177570093457953,0-0-2461-9,a,51a17262-Audio_SP18.v0,group_0,1,fave,195.13079608557368,80.48865190636346,9,plataforma,"",0.1899999999998272,la,ofrece,m,#,m,o,final
286.85457443046516,1838.5647035061022,3088.3823653708428,3.9004763326776617,2.5892398487122117,3.9378595285307685,6410.25641025641,0.002835537990509168,1625.44375,0.027000000000000003,0.32142857142857145,0-0-2467-5,a,51a17262-Audio_SP18.v0,group_0,1,fave,243.6845087459719,71.88864174456862,9,divisas,"",0.05999999999994543,de,a,s,s,s,s,internal
845.7921070244166,1860.7683475893166,2789.2035779854064,3.8525654406569,2.584314293019146,3.6475423146903827,6051.282051282051,0.003981785699922136,1625.59875,0.07700000000000001,0.3290598290598291,0-0-2468-0,a,51a17262-Audio_SP18.v0,group_0,1,fave,221.03345284264145,76.17723362967696,9,a,"",0.21000000000003638,divisas,la,#,#,s,l,coextensive
708.8414688753336,1800.148469384207,2745.0424948521677,3.9715320416945388,2.9011756860542257,3.28242408914182,5692.3076923076915,0.00015601632214794545,1625.91375,0.047,0.3263888888888889,0-0-2469-1,a,51a17262-Audio_SP18.v0,group_0,1,fave,182.77239423854434,77.58200372897399,9,la,"",0.11999999999989086,a,[silence],l,#,l,.,final
784.4759216571223,1748.4000633991277,2975.5515923322932,4.031844936120958,2.808412382817434,3.3754547505629975,5871.794871794871,0.0047659922972597924,1626.60575,0.131,0.33248730964466994,0-0-2471-5,a,51a17262-Audio_SP18.v0,group_0,1,fave,170.10410101283023,77.38684760066229,9,moneda,"",0.37000000000011823,[silence],[silence],d,#,d,.,final
304.0081305590733,1099.7649636436215,1789.8386791321914,2.5207855774991503,3.353165053719301,2.186154222733022,3717.948717948718,0.00040889063792790784,1653.6637500000002,0.067,0.32843137254901966,0-0-2483-2,a,51a17262-Audio_SP18.v0,group_0,1,fave,301.3265037450737,83.26363653369405,9,una,"",0.1799999999998363,es,",",n,#,n,.,final
778.842945970006,1803.4329579024586,2964.5925046288453,3.847910384623325,3.052546146200784,3.6904382438564927,6051.282051282051,0.00023823448252418194,1661.01775,0.035,0.33653846153846156,0-0-2495-5,a,51a17262-Audio_SP18.v0,group_0,1,fave,196.20233754824793,81.10453006822256,9,ochenta,"",0.07999999999992724,De,a,t,#,t,a,final
780.0732422446276,1656.4408110189313,2550.2960956592387,4.817512737971772,3.3697575845140872,4.323521521810891,5692.3076923076915,0.0849352438537308,1661.09775,0.035,0.33653846153846156,0-0-2496-0,a,51a17262-Audio_SP18.v0,group_0,1,fave,173.37639475290976,83.74491195101454,9,a,"",0.08000000000015461,ochenta,noventa,#,#,a,n,coextensive
707.504758671839,1880.7904241451506,2946.836571993918,3.700209011775713,3.2374258896145696,3.249768126196834,5871.794871794871,0.0009930316477743343,1661.70575,0.051000000000000004,0.3311688311688312,0-0-2497-6,a,51a17262-Audio_SP18.v0,group_0,1,fave,179.99538196287577,79.42661813813025,9,noventa,"",0.12999999999988177,a,[silence],t,#,t,&,final
376.30280334488094,812.2652454182903,1557.8312415511652,3.0158934835672593,3.9294049827031863,3.3711965640852863,3717.948717948718,0.0006050694162905693,1691.4307500000002,0.041,0.3306451612903226,0-0-2511-1,a,51a17262-Audio_SP18.v0,group_0,1,fave,175.18916417462856,71.61627780007481,9,la,"",0.09999999999990905,en,casa,l,#,l,k,final
750.4740927576538,1734.0769892332246,2998.519920532192,3.4219926489864743,3.1753571465492123,3.4683200327265533,6051.282051282051,0.0006363511057462718,1755.58075,0.041,0.3306451612903226,0-0-2572-1,a,51a17262-Audio_SP18.v0,group_0,1,fave,247.95953258857534,82.06030871653712,9,las,"",0.10000000000013642,Tengo,dos,l,s,l,s,internal
717.6881990583714,1473.647872903963,2928.9579099215757,3.139621736955715,3.3888049817699386,3.991217921517623,5692.3076923076915,0.00013926027772738782,1755.96775,0.035,0.33653846153846156,0-0-2574-1,a,51a17262-Audio_SP18.v0,group_0,1,fave,185.35880328402862,82.06497196461122,9,páginas,"",0.07999999999992724,dos,siempre,p,x,p,x,internal
808.6744509843635,1808.2104815363311,2963.223910894708,3.476437957298878,2.9791612085714507,3.655665694365214,5871.794871794871,0.000027179095123125948,1756.2237499999999,0.027000000000000003,0.32142857142857145,0-0-2574-5,a,51a17262-Audio_SP18.v0,group_0,1,fave,198.21805731531074,75.93331564782783,9,páginas,"",0.05999999999994543,dos,siempre,n,s,n,s,internal
434.9135613099407,788.791373487104,1528.5319649556475,3.760725526231477,3.0044794150123795,4.115587379191048,3000.0,0.0024916003774628093,1757.2827499999999,0.045,0.33582089552238803,0-0-2578-0,a,51a17262-Audio_SP18.v0,group_0,1,fave,201.55992898321375,77.86018708687439,9,abiertas,"",0.10999999999989996,[silence],.,#,b,&,b,initial
805.8879125986005,1722.8807432014405,2888.969401289545,3.504648300202693,3.0043629426029055,3.8790258084066793,6051.282051282051,0.00018869004274319238,1760.57775,0.035,0.33653846153846156,0-0-2585-3,a,51a17262-Audio_SP18.v0,group_0,1,fave,170.84583124931146,72.19991133902835,9,ambas,"",0.08000000000015461,de,[silence],b,s,b,s,internal
889.2337866224403,1751.8201149211345,2353.579724159531,3.8741144622471992,2.8214835061029433,4.013233948646274,6769.2307692307695,0.00024558730295005823,1766.8037499999998,0.027000000000000003,0.32142857142857145,0-0-2597-0,a,51a17262-Audio_SP18.v0,group_0,1,fave,212.10579382923794,78.09988488031654,9,atención,"",0.05999999999994543,más,a,#,t,s,t,initial
714.1914296130651,1691.3624251318386,2984.041595167934,3.899289024601121,3.274021037889759,3.399533501853826,5333.333333333333,0.000027948190029886057,1767.34575,0.031,0.32978723404255317,0-0-2598-0,a,51a17262-Audio_SP18.v0,group_0,1,fave,188.5964378181675,77.70873558614929,9,a,"",0.07000000000016371,atención,Micro,#,#,n,m,coextensive
788.9483279108678,1809.843874171528,2879.7579395049547,3.193272391825403,3.014215747925692,3.985417641416348,5871.794871794871,0.00041091483673848727,1782.06375,0.087,0.3295454545454546,0-0-2613-1,a,51a17262-Audio_SP18.v0,group_0,1,fave,202.4480508210828,79.7658499430672,9,la,"",0.2400000000000091,por,remuneración,l,#,l,r,final
864.9815909893057,1849.3946869537688,2937.796078622224,4.045517952981722,2.7200778780893726,3.6362608898139044,5871.794871794871,0.001877958189140938,1783.2827499999999,0.065,0.33505154639175255,0-0-2616-1,a,51a17262-Audio_SP18.v0,group_0,1,fave,194.58964590218483,75.93406646550538,9,las,"",0.17000000000007276,de,tareas,l,s,l,s,internal
748.5314719926043,1864.390460049854,2961.1422278103355,3.6412899685144,2.195143992319183,3.347098384867511,5692.3076923076915,0.000013191389937265917,1783.67575,0.031,0.32978723404255317,0-0-2617-1,a,51a17262-Audio_SP18.v0,group_0,1,fave,189.96438231574757,79.45329027391547,9,tareas,"",0.06999999999993634,las,.,t,R,t,R,internal
666.1409060193685,1934.162624410994,3007.3032139790557,3.006690754821553,2.73297606947138,2.9126511987919894,6051.282051282051,0.000058055833847885866,1783.93775,0.035,0.33653846153846156,0-0-2617-4,a,51a17262-Audio_SP18.v0,group_0,1,fave,228.94447288791753,78.10011332349049,9,tareas,"",0.07999999999992724,las,.,é,s,é,s,internal
712.4061662740722,1669.0635124699775,2801.7617051689854,3.3219843793875086,3.785743159201149,4.0969009882370235,5692.3076923076915,0.0001865028607475732,1788.06775,0.035,0.33653846153846156,0-0-2626-1,a,51a17262-Audio_SP18.v0,group_0,1,fave,261.81158425195247,79.60929122587163,9,parecidas,"",0.08000000000015461,muy,[silence],p,R,p,R,internal
720.153880094449,1851.9133604483588,2897.945626361937,3.554567437324887,2.7649326849979206,3.367736805939141,6230.7692307692305,0.0032829690681661695,1788.61375,0.067,0.32843137254901966,0-0-2626-7,a,51a17262-Audio_SP18.v0,group_0,1,fave,179.87450523586696,78.83826815348849,9,parecidas,"",0.18000000000006366,muy,[silence],d,s,d,s,internal
833.0983390065219,1891.1418168811178,2910.276940355425,3.663969608525909,2.5900585124113866,3.5427079796168934,6051.282051282051,0.0005558368771887437,1796.9937499999999,0.047,0.3263888888888889,0-0-2645-1,a,51a17262-Audio_SP18.v0,group_0,1,fave,213.13662346559974,79.36663761586928,9,la,"",0.11999999999989086,[silence],segunda,l,#,l,s,final
686.552445613927,1804.3856051145422,3077.9334882509233,3.323476766413156,3.068862864373948,2.557378099899176,5871.794871794871,6.488529992853347e-6,1797.4937499999999,0.027000000000000003,0.32142857142857145,0-0-2646-6,a,51a17262-Audio_SP18.v0,group_0,1,fave,203.67016333143587,79.22380097559662,9,segunda,"",0.05999999999994543,la,razón,d,#,d,r,final
625.2536800097112,1482.2755270680882,2983.031936360537,3.3764637370638964,3.618967271497158,3.7635448480777853,6410.25641025641,0.0004133224373608803,1806.9007500000002,0.041,0.3306451612903226,0-0-2668-8,a,51a17262-Audio_SP18.v0,group_0,1,fave,212.52647124073943,80.29562074770301,9,dificulta,"",0.09999999999990905,me,un,t,#,t,ú,final
699.0592870193817,1780.527484807021,2906.2189260643063,3.1468055828362176,3.9185086758246817,3.336069349697485,6051.282051282051,0.00019738952804831597,1814.97575,0.031,0.32978723404255317,0-0-2676-1,a,51a17262-Audio_SP18.v0,group_0,1,fave,269.5105011288242,84.11259338972305,9,básicamente,"",0.06999999999993634,Pues,igual,b,s,b,s,internal
633.3600776837659,1839.065108025983,2986.854648976907,3.859529641167451,2.5568901031633815,2.429643861903157,6410.25641025641,0.00008049408438838021,1818.15375,0.027000000000000003,0.32142857142857145,0-0-2684-1,a,51a17262-Audio_SP18.v0,group_0,1,fave,210.23425299692317,79.67884014362573,9,tareas,"",0.05999999999994543,las,que,t,R,t,R,internal
536.631673764309,1998.206082729881,3022.9935930388137,3.7586908613767305,3.51904706643786,2.7316740429288204,5692.3076923076915,0.00017039046802956972,1818.3437499999998,0.027000000000000003,0.32142857142857145,0-0-2684-4,a,51a17262-Audio_SP18.v0,group_0,1,fave,182.8678601144377,79.37698319863493,9,tareas,"",0.060000000000172804,las,que,é,s,é,s,internal
568.3002081127377,1826.4010433682454,2813.430090523302,3.7092777653857962,2.9291576894603444,3.1930586875545224,6051.282051282051,0.000010635933704980658,1818.8437499999998,0.027000000000000003,0.32142857142857145,0-0-2687-5,a,51a17262-Audio_SP18.v0,group_0,1,fave,185.22058131869483,78.98947601510012,9,empleador,"",0.060000000000172804,el,te,e,d,e,d,internal
879.848234303512,1736.1213096203774,2629.7197450159383,3.713494069483293,3.0001059391616764,4.3038931974761825,6769.2307692307695,0.0260106832115573,1819.7977500000002,0.11499999999999999,0.3343023255813952,0-0-2689-3,a,51a17262-Audio_SP18.v0,group_0,1,fave,382.8759125040142,81.32713818490217,9,diga,"",0.31999999999993634,te,%%,g,#,g,&,final
783.9851008421936,1618.5263507154439,2700.830432572422,2.995710902066931,3.551842106230083,3.6554727914701317,5871.794871794871,0.00009938208357568934,1825.79775,0.035,0.3365384615384616,0-0-2705-0,a,51a17262-Audio_SP18.v0,group_0,1,fave,194.6952410859576,80.17583264347289,9,a,"",0.07999999999992724,cuanto,la,#,#,o,l,coextensive
802.4925262319092,1634.6705823799398,2777.4152569610596,4.01663200451135,3.3203687400893136,3.8935257391732474,7128.205128205128,0.00009043407636193308,1826.10575,0.031,0.32978723404255317,0-0-2707-1,a,51a17262-Audio_SP18.v0,group_0,1,fave,185.94308156044943,79.24971766262166,9,manera,"",0.07000000000016371,la,de,m,n,m,n,internal
765.7869948559596,1845.1123238665787,2887.856451044556,3.403553891604348,2.6638190167126052,2.853041994689359,6769.2307692307695,0.0007430049381716661,1826.4157500000001,0.051000000000000004,0.3311688311688312,0-0-2707-5,a,51a17262-Audio_SP18.v0,group_0,1,fave,218.45584719812948,79.9578345306623,9,manera,"",0.12999999999988177,la,de,R,#,R,d,final
545.9127186658859,1748.2754956812614,2950.4973849159906,2.3324738337540807,4.168091010640105,2.964176812020965,6051.282051282051,0.002744805055588536,1830.1027499999998,0.045,0.33582089552238803,0-0-2725-1,a,51a17262-Audio_SP18.v0,group_0,1,fave,254.14935703843744,85.40834774240388,9,PayPal,"",0.11000000000012733,por,[silence],p,y,p,y,internal
597.4459767155948,1795.8443994362362,2764.2130792434564,3.0509783212178085,3.102785784442586,4.2277308760674455,5871.794871794871,0.00010726186055334735,1833.86575,0.031,0.32978723404255317,0-0-2731-3,a,51a17262-Audio_SP18.v0,group_0,1,fave,223.08285381604745,75.62027193274464,9,toca,"",0.07000000000016371,me,cambiarlo,k,#,k,k,final
680.303510917248,1819.2683732571084,2870.165175701902,3.3925676182530764,3.1495419175854935,4.222639692313552,6410.25641025641,0.000045044239797390066,1834.0037499999999,0.027000000000000003,0.32142857142857145,0-0-2732-1,a,51a17262-Audio_SP18.v0,group_0,1,fave,263.34547946149814,81.07949014986991,9,cambiarlo,"",0.05999999999994543,toca,a,k,m,k,m,internal
1208.4602928582524,1983.7265846353007,2740.2535344430867,4.288559483548169,3.554393689978437,3.6956883013703856,7487.179487179487,0.005006484013636028,1834.5927499999998,0.045,0.33582089552238803,0-0-2733-0,a,51a17262-Audio_SP18.v0,group_0,1,fave,229.18769132044739,75.0860387793019,9,a,"",0.11000000000012733,cambiarlo,la,#,#,o,l,coextensive
894.5703466704281,1903.2460762659698,2893.569748157077,3.6369071695134574,3.55926836131853,4.321910922656183,7307.692307692308,0.020377016023814903,1834.90575,0.07100000000000001,0.3317757009345795,0-0-2734-1,a,51a17262-Audio_SP18.v0,group_0,1,fave,204.37923038988674,78.47958837046889,9,la,"",0.19000000000005457,a,moneda,l,#,l,m,final
865.2308939307143,1895.5813225843983,2731.4528654485825,3.886404786915482,3.3481465579268574,3.907637333387348,6769.2307692307695,0.037364799292947004,1835.58375,0.167,0.3313492063492064,0-0-2735-5,a,51a17262-Audio_SP18.v0,group_0,1,fave,193.80154369438668,76.74384828250244,9,moneda,"",0.4800000000000182,la,[silence],d,#,d,®,final
680.8943990557892,1651.264560521748,1893.2392212950012,3.8857051944311047,3.6001622691888033,3.1355031356938925,4794.871794871795,0.0014089169969558112,1837.0987499999999,0.037,0.32456140350877194,0-0-2737-1,a,51a17262-Audio_SP18.v0,group_0,1,fave,233.66738024164988,80.76347113202463,9,nacional,"",0.09000000000014552,[silence],[silence],n,z,n,z,internal
782.8746057136013,1819.2648462159668,2956.3222895243575,3.5855298222920995,3.229610618607743,4.304255265662221,7487.179487179487,0.0025179946666645516,1853.17775,0.055,0.3353658536585366,0-0-2757-1,a,51a17262-Audio_SP18.v0,group_0,1,fave,185.07869912343915,76.29975174637195,9,la,"",0.13999999999987267,También,tasa,l,#,l,t,final
671.5273163296253,1830.0082438775653,2894.0069293855627,3.4979252955339937,2.2179441823110637,3.3479878463336585,5692.3076923076915,0.00014953381439743288,1853.56875,0.037,0.32456140350877194,0-0-2758-3,a,51a17262-Audio_SP18.v0,group_0,1,fave,203.83746001169328,81.5268715595131,9,tasa,"",0.09000000000014552,la,es,s,#,s,é,final
735.6121464547238,1636.9173783455017,2802.40518049735,3.9024169190376052,3.5146401105271865,4.225082593065731,9282.051282051281,0.011041213363590131,1854.50575,0.051000000000000004,0.3311688311688312,0-0-2761-3,a,51a17262-Audio_SP18.v0,group_0,1,fave,295.05231938916796,81.89001206978871,9,baja,"",0.12999999999988177,muy,[silence],x,#,x,.,final
690.7483124341234,1534.1766986881976,2815.521377308602,3.4960601228435237,4.174402237085537,3.776519559847547,5512.820512820513,0.004808610463923572,1856.42775,0.035,0.33653846153846156,0-0-2767-0,a,51a17262-Audio_SP18.v0,group_0,1,fave,184.8037527156594,79.56986422607345,9,a,"",0.07999999999992724,cambio,bolívares,#,#,o,b,coextensive
578.3981155312541,1657.0731355494324,2785.7632025691364,3.7820992238007802,3.651466401208271,3.9685606512476146,5692.3076923076915,0.001731644764909649,1884.41275,0.045,0.33582089552238803,0-0-2777-0,a,51a17262-Audio_SP18.v0,group_0,1,fave,182.72126129512537,82.39048891687665,9,algunos,"",0.10999999999989996,[silence],[silence],#,l,.,l,initial
1000.9217624596544,1685.5004322051907,2775.7710404386326,3.6355525618525313,3.322905617015498,4.625555330161883,6051.282051282051,0.0018838597082548626,1885.1187499999999,0.037000000000000005,0.324561403508772,0-0-2779-0,a,51a17262-Audio_SP18.v0,group_0,1,fave,201.6066704690848,82.00253466138915,9,amigos,"",0.09000000000014552,[silence],[silence],#,m,.,m,initial
539.4285312247009,1533.6941157419337,2582.7299018984254,2.6047540712725454,3.804647309257173,4.432801321379479,5153.846153846154,0.0003989415887029372,1894.35575,0.031,0.32978723404255317,0-0-2783-0,a,51a17262-Audio_SP18.v0,group_0,1,fave,273.43675283288377,83.26248306922852,9,algunos,"",0.07000000000016371,Hay,que,#,l,y,l,initial
591.1585599591953,1876.8549470122973,3024.345614947854,3.9636505797131907,3.0243602348225584,3.1961308531102075,5692.3076923076915,0.0001845412698315824,1894.96375,0.027000000000000003,0.32142857142857145,0-0-2786-3,a,51a17262-Audio_SP18.v0,group_0,1,fave,232.21728635452968,79.31734164092593,9,habían,"",0.05999999999994543,lo,intentado,i,n,i,n,internal
682.4393255011702,1898.1410650569142,2995.609751675171,3.659600937903032,3.363082260185087,3.957302280558665,5871.794871794871,0.00044818671835227154,1901.96575,0.031,0.32978723404255317,0-0-2802-5,a,51a17262-Audio_SP18.v0,group_0,1,fave,197.317016266821,79.90399807428749,9,manera,"",0.06999999999993634,su,de,R,#,R,d,final
448.4371809158751,726.9089711595262,998.0847239525525,3.8075186381089887,3.655257374337654,3.1589551811174528,3000.0,0.004497777928202116,1902.3527499999998,0.045,0.33582089552238803,0-0-2804-4,a,51a17262-Audio_SP18.v0,group_0,1,fave,170.09731530840185,75.76488156917384,9,trabajar,"",0.11000000000012733,de,prefieren,b,x,b,x,internal
828.203872858685,1925.1728305040654,2888.958851620523,3.5588867685834202,2.7401900332021687,4.366705658199376,6051.282051282051,0.0006620033978499906,1905.62075,0.041,0.3306451612903226,0-0-2811-0,a,51a17262-Audio_SP18.v0,group_0,1,fave,190.20510063736177,78.61808799280132,9,actividad,"",0.10000000000013642,de,.,#,k,e,k,initial
739.3441836295906,1817.106052551304,3116.1435271512,3.7096204382612523,3.5568376932260453,4.167496523171481,6948.717948717948,0.001595760834109373,1933.91775,0.055,0.3353658536585366,0-0-2824-3,a,51a17262-Audio_SP18.v0,group_0,1,fave,189.33185356186968,78.78299736429537,9,para,"",0.13999999999987267,están,trabajar,R,#,R,t,final
591.0981943357672,1195.9456135782057,2559.6306382250546,3.7781413299641304,4.218504869836094,3.9932484742265126,6051.282051282051,0.0003074511790572419,1934.2337499999999,0.027000000000000003,0.32142857142857145,0-0-2825-4,a,51a17262-Audio_SP18.v0,group_0,1,fave,185.3168358415228,77.9834980197054,9,trabajar,"",0.05999999999994543,para,[silence],b,x,b,x,internal
689.042768703781,1859.016351783531,2921.065552426829,3.2438949746382986,2.8478448987001843,3.4067221036184967,6769.2307692307695,0.00020353268120897427,1937.40875,0.037,0.32456140350877194,0-0-2833-2,a,51a17262-Audio_SP18.v0,group_0,1,fave,158.9668881512944,74.86964361966795,9,plataformas,"",0.08999999999991815,de,[silence],l,t,l,t,internal
748.6321619976898,1849.6904363138708,3021.5050688285837,3.874345496955624,3.015181085052653,3.981821818260429,6051.282051282051,0.001674129109561617,1937.54875,0.037000000000000005,0.324561403508772,0-0-2833-4,a,51a17262-Audio_SP18.v0,group_0,1,fave,-7498.005010231588,70.5058776111608,9,plataformas,"",0.08999999999991815,de,[silence],t,f,t,f,internal
566.0332287421074,1937.5490475309198,2911.8880169717504,3.7806585247134246,2.0952132943592745,3.4519361511305533,5871.794871794871,0.0010463085224667896,1939.50775,0.035,0.3365384615384616,0-0-2837-0,a,51a17262-Audio_SP18.v0,group_0,1,fave,188.32509676060863,77.65106723991119,9,hacer,"",0.07999999999992724,Debes,debes,#,z,s,z,initial
898.4935451112066,1909.7766603118375,2987.0877036076845,3.7999240674188597,3.153127153880317,3.868864483006171,6051.282051282051,0.0019576734002419625,1940.7807500000001,0.08099999999999999,0.3319672131147541,0-0-2841-0,a,51a17262-Audio_SP18.v0,group_0,1,fave,229.74070643318916,77.02637354917933,9,ágil,"",0.22000000000002728,muy,",",#,x,y,x,initial
730.6745677727321,1838.890497047972,2405.9744549968896,2.587589788814728,2.1592889948998497,4.573819580227355,6051.282051282051,0.0002301067925430346,1942.08575,0.031,0.32978723404255317,0-0-2845-0,a,51a17262-Audio_SP18.v0,group_0,1,fave,183.98050764505072,78.5619920238049,9,al,"",0.07000000000016371,tener,menos,#,l,R,l,initial
834.1119178423573,1785.5564961725215,3135.1142008810666,4.162746979220362,3.8040869714953733,4.303959691844395,6051.282051282051,0.00045401491997032397,1942.73775,0.035,0.33653846153846156,0-0-2847-2,a,51a17262-Audio_SP18.v0,group_0,1,fave,194.17543614696785,77.28309375341678,9,una,"",0.07999999999992724,menos,buena,n,#,n,b,final
642.5460311366927,1715.7800275815275,3236.092408350745,4.151782891757327,3.4214252080208163,4.507409394347626,5871.794871794871,0.00090614658643561,1943.04775,0.035,0.3365384615384616,0-0-2848-4,a,51a17262-Audio_SP18.v0,group_0,1,fave,184.93096450070396,78.2640973479541,9,buena,"",0.07999999999992724,una,comprensión,n,#,n,k,final
798.9713801732919,1972.6939914857878,3065.6917890505156,3.3279446222034585,2.9342757309598135,3.768639467747973,6948.717948717948,0.002845544879027953,1949.96575,0.051000000000000004,0.3311688311688312,0-0-2859-1,a,51a17262-Audio_SP18.v0,group_0,1,fave,200.5640447934639,81.193377622365,9,la,"",0.12999999999988177,[silence],rapidez,l,#,l,r,final
444.0368986564081,780.2856696949923,1592.0987425787337,3.3591452004851936,3.256488920455316,4.001406927957944,3000.0,0.0006796747073917333,1950.18775,0.035,0.33653846153846156,0-0-2860-1,a,51a17262-Audio_SP18.v0,group_0,1,fave,189.49948351018634,78.44888640731234,9,rapidez,"",0.07999999999992724,la,también,r,p,r,p,internal
451.2752810948904,804.7764367528877,1511.3891106825147,3.6462123006023996,3.001566941087938,3.7614624456225836,3000.0,0.0023363171556176135,1955.5727499999998,0.065,0.33505154639175255,0-0-2869-0,a,51a17262-Audio_SP18.v0,group_0,1,fave,197.71720002654828,79.58958038933962,9,a,"",0.17000000000007276,frente,un,#,#,e,ú,coextensive
717.3546877993131,1748.4308618348775,2884.220474375005,3.491978815231257,3.3009660991131007,3.7684866326089494,5871.794871794871,0.00010976393228815266,1956.2627499999999,0.045,0.33582089552238803,0-0-2871-6,a,51a17262-Audio_SP18.v0,group_0,1,fave,209.4291276243306,78.86872129714604,9,computador,"",0.10999999999989996,un,no,t,d,t,d,internal
690.7733523440552,1877.9946157334607,2542.0223650508647,3.9735931668743683,3.0494905050154815,4.538121689277145,6230.7692307692305,0.006375633993267752,1959.48575,0.051000000000000004,0.3311688311688312,0-0-2877-0,a,51a17262-Audio_SP18.v0,group_0,1,fave,204.5044403797852,76.33215477595661,9,agradable,"",0.12999999999988177,[silence],todo,#,g,®,g,initial
786.9320184368121,1879.0600783827165,2966.654122422901,3.6015524799781566,3.2012550723454707,4.042900418498364,6410.25641025641,0.0006590016185561427,1959.73875,0.037,0.32456140350877194,0-0-2877-3,a,51a17262-Audio_SP18.v0,group_0,1,fave,189.63771196637194,78.79025617206484,9,agradable,"",0.08999999999991815,[silence],todo,R,d,R,d,internal
549.5147297141227,1881.5339329453354,3017.738451009706,3.6520451307626134,2.2444604835186888,2.807551263970171,5692.3076923076915,0.00005826047943048885,1962.79575,0.031,0.32978723404255317,0-0-2884-4,a,51a17262-Audio_SP18.v0,group_0,1,fave,185.48665404424017,76.57898457774603,9,cansa,"",0.06999999999993634,[silence],[silence],s,#,s,&,final
392.1514233525504,752.241103206453,1366.7974667682968,3.6864482859127383,3.2438147701508178,4.1476998040810775,3000.0,0.00319028463406991,1963.56875,0.037000000000000005,0.324561403508772,0-0-2887-0,a,51a17262-Audio_SP18.v0,group_0,1,fave,199.35962343224026,66.25248346445596,9,a,"",0.09000000000014552,es,veces,#,#,s,b,coextensive
739.2564358282546,1659.3802775308807,2902.483921547801,3.4067240920105437,3.4691940435047184,3.934528641787492,5692.3076923076915,0.00005169148680248404,1964.22775,0.035,0.33653846153846156,0-0-2890-4,a,51a17262-Audio_SP18.v0,group_0,1,fave,183.94558230596786,78.89691683732346,9,agotador,"",0.07999999999992724,es,[silence],t,d,t,d,internal
662.5995620400624,1602.5695585479841,3338.743334830449,4.454729735088423,4.291039602657496,5.14582996064258,6948.717948717948,0.0006845587067478659,1968.6027499999998,0.025,0.33783783783783783,0-0-2903-0,a,51a17262-Audio_SP18.v0,group_0,1,fave,197.19814221234358,60.68861225059774,9,activas,"",0.0500000000001819,más,[silence],#,k,s,k,initial
395.8393993008152,750.7636972424386,1471.4356500847255,3.8006531900221936,3.433382138093144,4.1601675669803235,3179.4871794871797,0.014474548461000294,1969.05575,0.07100000000000001,0.3317757009345795,0-0-2903-5,a,51a17262-Audio_SP18.v0,group_0,1,fave,215.7746703564779,73.93188225656006,9,activas,"",0.19000000000005457,más,[silence],b,s,b,s,internal
689.0628351129242,1704.275483734342,2743.5152122072695,3.748205938757796,3.613128774065586,4.072660647236446,5871.794871794871,0.0022688480738572454,1972.27875,0.057,0.32758620689655177,0-0-2910-0,a,51a17262-Audio_SP18.v0,group_0,1,fave,186.4776439384842,78.00925037128185,9,áreas,"",0.15000000000009095,otras,.,#,R,s,R,initial
477.7611726690172,722.9596898140124,1305.5361149365797,2.9027431080126362,3.2711323936248484,3.764287521609356,3358.974358974359,0.014279491367579897,1992.14375,0.10700000000000001,0.3302469135802469,0-0-2914-1,a,51a17262-Audio_SP18.v0,group_0,1,fave,258.2235393814566,83.319872455009,9,Participé,"",0.3000000000001819,[silence],o,p,R,p,R,internal
865.6890194345119,1533.239186259405,2829.9373427029004,3.837671854671044,2.9919154837840876,3.87176206688935,6769.2307692307695,0.0008453747520625477,1992.97775,0.035,0.3365384615384616,0-0-2916-1,a,51a17262-Audio_SP18.v0,group_0,1,fave,222.43915077665346,84.46785124527389,9,participo,"",0.07999999999992724,o,en,p,R,p,R,internal
521.4220370883032,905.2788000864907,1424.6207453511074,3.8450840331397425,3.21285529956248,3.44352655594072,3000.0,0.015154972570680894,2003.35575,0.07100000000000001,0.3317757009345795,0-0-2938-0,a,51a17262-Audio_SP18.v0,group_0,1,fave,147.9769348608912,66.87741127437113,9,ahorita,"",0.19000000000005457,no,no,#,o,ó,o,initial
879.3378412094813,1818.2033093546877,3161.3983290788606,3.9303465706147214,3.4555964591397323,3.929384498753401,5692.3076923076915,0.0002972888145050775,2004.42775,0.035,0.33653846153846156,0-0-2942-0,a,51a17262-Audio_SP18.v0,group_0,1,fave,203.00035286282753,76.44217363387484,9,activa,"",0.07999999999992724,tan,en,#,k,n,k,initial
663.7954918778116,1679.1483558940158,2940.281866036694,3.716796475715676,2.9188336513556243,3.3750961751583857,5692.3076923076915,0.0002582970621353268,2004.8637499999998,0.047,0.3263888888888889,0-0-2942-5,a,51a17262-Audio_SP18.v0,group_0,1,fave,193.08807877010108,78.80392885185371,9,activa,"",0.12000000000011823,tan,en,b,#,b,e,final
643.02212578061,1356.1338633347877,2805.7519300657355,3.2047721841340575,4.103527769431532,4.297650518960532,6051.282051282051,0.0004922655538384911,2007.08575,0.031,0.32978723404255317,0-0-2950-0,a,51a17262-Audio_SP18.v0,group_0,1,fave,214.9879185779701,82.3509738455661,9,algunas,"",0.07000000000016371,veo,publicaciones,#,l,o,l,initial
900.4258092820677,1785.8207669457745,3167.732989181149,3.978501054319514,3.4834781525547025,4.090516707035135,5871.794871794871,0.0008456431652419049,2007.39875,0.037000000000000005,0.324561403508772,0-0-2950-5,a,51a17262-Audio_SP18.v0,group_0,1,fave,212.7763170654791,73.04775670927873,9,algunas,"",0.08999999999991815,veo,publicaciones,n,s,n,s,internal
474.3796147522875,1854.729311320342,3026.6059235940347,3.876873189608702,3.3296862120367394,4.10661466442858,5871.794871794871,0.000050063189925791584,2007.8437499999998,0.027000000000000003,0.32142857142857145,0-0-2951-6,a,51a17262-Audio_SP18.v0,group_0,1,fave,185.3636332057744,77.65690429256362,9,publicaciones,"",0.060000000000172804,algunas,y,k,z,k,z,internal
769.1601243564335,1882.7014021090483,3021.725413131181,3.5108055628389176,2.763068580209747,4.2102758936086975,6230.7692307692305,0.00008061450831838486,2009.44375,0.027000000000000003,0.32142857142857145,0-0-2954-3,a,51a17262-Audio_SP18.v0,group_0,1,fave,201.96544030621226,79.88892289598253,9,está,"",0.05999999999994543,si,la,t,#,t,l,final
614.2444310463532,1795.4752855702209,3049.9364147536185,3.63654548671199,3.3780353207881135,3.8635436784857324,5692.3076923076915,0.00022692620389717992,2009.55575,0.031,0.32978723404255317,0-0-2955-1,a,51a17262-Audio_SP18.v0,group_0,1,fave,198.938930422235,79.82098406872474,9,la,"",0.06999999999993634,está,posibilidad,l,#,l,p,final
740.0565391366616,1808.5816992585255,2827.8425506200965,3.0588661346264954,3.090062721155647,4.591928599977015,6410.25641025641,0.000732283474175187,2011.73875,0.037,0.32456140350877194,0-0-2959-3,a,51a17262-Audio_SP18.v0,group_0,1,fave,186.1540619079436,80.62420323900503,9,para,"",0.08999999999991815,comentar,ayudar,R,#,R,a,final
740.930477361392,1786.1025363451295,2768.1575615799425,3.4886530579953856,2.732625876976132,4.247241303533741,6230.7692307692305,0.00025120188063144027,2011.8337499999998,0.047,0.3263888888888889,0-0-2960-0,a,51a17262-Audio_SP18.v0,group_0,1,fave,117.5604606072017,79.49092284656281,9,ayudar,"",0.12000000000011823,para,a,#,y,a,y,initial
702.1626088692666,1867.2230782533034,2918.2997065452955,3.7000609581336708,2.7122411065890373,4.295728523974848,7128.205128205128,0.00015656707306681194,2012.3737499999997,0.027000000000000003,0.32142857142857145,0-0-2961-0,a,51a17262-Audio_SP18.v0,group_0,1,fave,91.96183994685596,79.17740973037425,9,a,"",0.060000000000172804,ayudar,alguién,#,#,R,á,coextensive
838.0272956095082,1887.5364161862879,3125.7771221628846,2.652511443383933,3.7265070093663852,3.022035476442343,6051.282051282051,0.000033313881502718765,2016.04775,0.035,0.33653846153846156,0-0-2972-5,a,51a17262-Audio_SP18.v0,group_0,1,fave,208.47386582638714,80.18347842646725,9,alguna,"",0.07999999999992724,tiene,duda,n,#,n,d,final
433.65135644020063,855.8156840111723,1695.6755450622509,3.369115422657971,2.803799540676399,3.717254520946313,4256.410256410256,0.01488236704333777,2016.4157500000001,0.07100000000000001,0.3317757009345795,0-0-2973-3,a,51a17262-Audio_SP18.v0,group_0,1,fave,285.0364049814753,68.67654369259475,9,duda,"",0.1899999999998272,alguna,[silence],d,#,d,.,final
703.0540005465175,1911.9172632594084,3209.3876321954854,4.275627655021135,3.933027380514825,4.812665252729647,6948.717948717948,0.001458507676684974,2018.97775,0.035,0.3365384615384616,0-0-2979-2,a,51a17262-Audio_SP18.v0,group_0,1,fave,196.98742097927868,79.72518779896072,9,trabajo,"",0.07999999999992724,algún,pues,R,b,R,b,internal
801.970424686166,1823.990757670795,3003.606520376979,3.1907318155115485,2.740801982000707,2.9181190043608445,5692.3076923076915,0.000018048091576757713,2030.0237499999998,0.027000000000000003,0.32142857142857145,0-0-2997-5,a,51a17262-Audio_SP18.v0,group_0,1,fave,203.16400250623352,80.66394818173431,9,alguna,"",0.05999999999994543,por,razón,n,#,n,r,final
651.1251179562743,1771.9494402027972,3043.6641130300013,3.3488558317838706,3.4838046436510144,3.446914665881982,5871.794871794871,0.0005603941425517215,2112.9237500000004,0.047,0.3263888888888889,0-0-3025-3,a,51a17262-Audio_SP18.v0,group_0,1,fave,338.6128991484787,82.27279737234926,9,para,"",0.11999999999989086,es,[silence],R,#,R,&,final
781.5707751661104,1803.6056832289833,3049.5149038765244,3.772372402160432,3.213230626975388,4.519458074611604,5871.794871794871,0.0009041264304989606,2115.41575,0.031,0.32978723404255317,0-0-3029-0,a,51a17262-Audio_SP18.v0,group_0,1,fave,281.24766726150085,77.25656896717739,9,asuntos,"",0.06999999999970896,[silence],técnicos,#,s,.,s,initial
905.9411998957905,1752.9640870556404,3067.0279309456614,3.2956363503570896,3.5941247689636695,3.614285325424332,6230.7692307692305,0.00017554507930912723,2118.43275,0.045,0.3358208955223881,0-0-3034-5,a,51a17262-Audio_SP18.v0,group_0,1,fave,206.32622863685762,80.83354784542185,9,alguna,"",0.11000000000012733,[silence],duda,n,#,n,d,final
858.2096520270485,1765.9189823455001,2947.0965227878,3.5184247338792622,3.370469213034736,3.7632596293041916,5871.794871794871,0.004639285355131058,2119.05275,0.165,0.3340080971659919,0-0-3035-3,a,51a17262-Audio_SP18.v0,group_0,1,fave,192.96197351215096,78.71381528946522,9,duda,"",0.47000000000025466,alguna,de,d,#,d,d,final
800.8062392975821,1832.6247380015664,3036.593427450011,3.85752658170643,2.3807563603145123,3.248184718376906,6230.7692307692305,0.00004960380581702273,2134.98575,0.031,0.32978723404255317,0-0-3049-0,a,51a17262-Audio_SP18.v0,group_0,1,fave,192.74907870986152,76.28815134765242,9,ayudaron,"",0.07000000000016371,me,.,#,y,e,y,initial
827.7360910897341,1870.0415795906113,2813.4010687805508,3.154521302496721,2.8775377799197694,3.7614459865704,5871.794871794871,0.0006196165904901006,2136.83575,0.031,0.32978723404255317,0-0-3053-0,a,51a17262-Audio_SP18.v0,group_0,1,fave,194.11028783603336,80.35172903040798,9,Al,"",0.06999999999970896,[silence],principio,#,l,.,l,initial
744.9814845872229,1795.4176906138969,3211.040505621455,3.383013510336077,3.3169348912515773,3.69807195373866,6230.7692307692305,0.006115780396363712,2138.43275,0.08499999999999999,0.33464566929133854,0-0-3057-3,a,51a17262-Audio_SP18.v0,group_0,1,fave,228.10316117684894,80.3904414918331,9,nada,"",0.2300000000000182,sabía,",",d,#,d,.,final
565.5246246424775,2051.0939642071244,2964.8084163438716,3.2471197603545896,4.127735154783164,3.5611647122700223,5692.3076923076915,0.000155637157605349,2139.76375,0.027000000000000003,0.32142857142857145,0-0-3060-6,a,51a17262-Audio_SP18.v0,group_0,1,fave,182.42415116247875,78.97437872787434,9,conocía,"",0.05999999999994543,no,muchas,i,#,i,m,final
529.5266143670514,1929.258684475566,2843.0765390522747,4.409030151888,3.89331720143365,3.966130716556293,5692.3076923076915,0.1453794628745995,2140.05775,0.035,0.33653846153846156,0-0-3061-3,a,51a17262-Audio_SP18.v0,group_0,1,fave,178.13266121078078,68.87889810827413,9,muchas,"",0.07999999999992724,conocía,cosas,h,s,h,s,internal
755.9763891388649,1870.0448344614251,2530.0228651188163,3.1991064955340227,3.29176143370821,4.415420748216329,5692.3076923076915,0.0007822493962069983,2144.61775,0.035,0.33653846153846156,0-0-3069-0,a,51a17262-Audio_SP18.v0,group_0,1,fave,219.4599804164158,79.33869196663358,9,ayuda,"",0.07999999999992724,[silence],también,#,y,.,y,initial
583.4514161231823,1637.0677601429593,2994.3120393139216,3.3954320806563207,3.6083464346134244,2.777695275928949,5871.794871794871,0.000013649104178238223,2144.95375,0.027000000000000003,0.32142857142857145,0-0-3069-4,a,51a17262-Audio_SP18.v0,group_0,1,fave,232.32101042925547,81.87733668178213,9,ayuda,"",0.05999999999994543,[silence],también,d,#,d,t,final
713.4712217120766,2093.7675689653584,3173.8457898978913,3.1803627350615202,3.5531322045471603,4.035002347722987,5692.3076923076915,0.0005308375398253058,2153.38075,0.041,0.3306451612903226,0-0-3085-3,a,51a17262-Audio_SP18.v0,group_0,1,fave,204.341060033982,81.64265728809085,9,habían,"",0.09999999999990905,%%,situaciones,i,n,i,n,internal
535.9458913077212,1701.9680188330321,4145.063962660337,3.202228545286199,3.121052373861115,4.676190933449706,8205.128205128205,0.0006670185988415591,2153.7487499999997,0.037,0.32456140350877194,0-0-3086-4,a,51a17262-Audio_SP18.v0,group_0,1,fave,236.60685562437564,78.28101060504736,9,situaciones,"",0.09000000000014552,habían,muy,u,z,u,z,internal
667.4548060297077,1894.5341411763015,2717.679376570784,3.218012950069861,3.1325001364383085,3.7649815422291515,5692.3076923076915,0.000058065707469163,2158.43575,0.031,0.32978723404255317,0-0-3097-3,a,51a17262-Audio_SP18.v0,group_0,1,fave,183.1579825202243,79.35633203009279,9,para,"",0.06999999999970896,hago,retirar,R,#,R,r,final
706.8996845970757,1657.4262776989551,2813.45411915853,3.4583952021402395,3.682479046140161,3.625483851132618,5512.820512820513,0.00008344689002506389,2160.46375,0.027000000000000003,0.32142857142857145,0-0-3103-0,a,51a17262-Audio_SP18.v0,group_0,1,fave,177.46517130667422,72.79061508830175,9,hacer,"",0.06000000000040018,debo,y,#,z,o,z,initial
630.0353178406262,2378.921957703422,3087.120333608881,2.95135390900362,4.121356840427264,2.3521858132454105,5692.3076923076915,0.000056818810396423006,2163.89375,0.027000000000000003,0.32142857142857145,0-0-3112-3,a,51a17262-Audio_SP18.v0,group_0,1,fave,203.72632060578678,81.17719415419732,9,habían,"",0.05999999999994543,[silence],personas,i,n,i,n,internal
776.2592712192655,1925.2657684705016,3013.222643873116,3.579008883416897,2.6374684105129123,3.7915453610480774,5871.794871794871,0.00026786353286539484,2166.01775,0.035,0.3365384615384616,0-0-3118-1,a,51a17262-Audio_SP18.v0,group_0,1,fave,271.1435331774293,81.15829529187988,9,las,"",0.07999999999992724,casi,mismas,l,s,l,s,internal
752.7960694770971,1639.5028515947683,2638.66191931103,4.367334397802704,3.021399312899149,5.147987539276419,6410.25641025641,0.0002610777686895908,2166.46275,0.025,0.33783783783783783,0-0-3119-4,a,51a17262-Audio_SP18.v0,group_0,1,fave,246.80834711969285,83.10836192157639,9,mismas,"",0.0500000000001819,las,inquietudes,m,s,m,s,internal
673.2141786534231,1999.8024905921168,2905.3849747948966,3.3880007583514846,2.6832094585481507,3.5158347562157273,5871.794871794871,0.00013307744441604544,2169.6937500000004,0.047,0.3263888888888889,0-0-3126-3,a,51a17262-Audio_SP18.v0,group_0,1,fave,199.80161387005685,78.83953606472662,9,había,"",0.11999999999989086,siempre,alguien,i,#,i,á,final
843.5287246600137,1841.2663086054201,2841.1173418681724,3.817502766875624,3.7944562151895833,3.7455307922255536,6230.7692307692305,0.0034563682559565012,2170.8337500000002,0.047,0.3263888888888889,0-0-3130-0,a,51a17262-Audio_SP18.v0,group_0,1,fave,219.81828287233353,77.42224333009287,9,amablemente,"",0.11999999999989086,[silence],pues,#,m,.,m,initial
934.9183369706301,1758.9612399843127,2976.2541512402086,3.5401729629858707,3.6664861434661686,3.8961311929273927,6051.282051282051,0.0006039542104159851,2171.0527500000003,0.045,0.33582089552238803,0-0-3130-2,a,51a17262-Audio_SP18.v0,group_0,1,fave,197.536901881435,81.82127451576548,9,amablemente,"",0.10999999999967258,[silence],pues,m,b,m,b,internal
772.0470928228717,1562.458860956855,2808.090445365922,3.292856095251182,3.708669992168202,3.7331176793675325,5692.3076923076915,0.0013421008360468777,2172.7557500000003,0.051000000000000004,0.3311688311688312,0-0-3133-7,a,51a17262-Audio_SP18.v0,group_0,1,fave,171.1230556571427,75.33613674267379,9,prestaba,"",0.13000000000010914,se,para,b,#,b,p,final
720.5227060961972,1908.0254289387292,2507.536864342978,3.661297407057646,3.3329489126738188,4.819477156486901,5512.820512820513,0.000014872397059182086,2172.9927500000003,0.025,0.33783783783783783,0-0-3134-3,a,51a17262-Audio_SP18.v0,group_0,1,fave,87.56957641431512,76.3094614643135,9,para,"",0.0500000000001819,prestaba,comentar,R,#,R,k,final
791.7984590050146,1878.975219328637,3144.592251172561,2.6183399578995528,2.784347194756373,4.219974257071077,6230.7692307692305,0.0005261462680431477,2176.0477499999997,0.055,0.3353658536585366,0-0-3143-5,a,51a17262-Audio_SP18.v0,group_0,1,fave,268.0382238367717,81.598460035268,9,manera,"",0.13999999999987267,esta,lo,R,#,R,l,final
539.778176730668,1912.374745866877,3030.951712403761,3.2355098205993436,2.427485674764057,3.3085686303027715,5871.794871794871,0.000010236632195529306,2176.71375,0.027000000000000003,0.32142857142857145,0-0-3147-0,a,51a17262-Audio_SP18.v0,group_0,1,fave,172.53023850203047,75.44655287652947,9,aquella,"",0.06000000000040018,de,podemos,#,k,e,k,initial
732.5573048305683,1865.4488623170755,3187.423867812419,3.0575375586920592,3.814145179557155,4.154441516013858,6051.282051282051,0.005533335601791158,2177.22275,0.08499999999999999,0.33464566929133854,0-0-3147-4,a,51a17262-Audio_SP18.v0,group_0,1,fave,258.6995283862228,72.23708095587274,9,aquella,"",0.2300000000000182,de,podemos,L,#,L,p,final
366.75358056937876,878.8147242263992,1368.4525328503921,3.8541808447965047,2.1890513414698356,3.957894711126073,3358.974358974359,0.014363033856048951,2178.19875,0.057,0.32758620689655177,0-0-3149-0,a,51a17262-Audio_SP18.v0,group_0,1,fave,243.77238289390468,60.72206174818247,9,hacerlo,"",0.15000000000009095,podemos,así,#,z,s,z,initial
657.3596129054695,1958.4881552374466,2950.4265158942003,3.550546396737065,2.5389067821920914,2.95205906428938,5871.794871794871,2.968079690335795e-6,2209.73375,0.027000000000000003,0.32142857142857145,0-0-3188-1,a,51a17262-Audio_SP18.v0,group_0,1,fave,194.48830069467837,79.41178636642952,9,tareas,"",0.06000000000040018,de,",",t,R,t,R,internal
716.2158384043088,1967.288422897893,2969.939378082179,3.3455884129609794,2.6162662630127658,2.8273741519916844,5871.794871794871,0.000316104849418449,2210.00875,0.057,0.32758620689655177,0-0-3188-4,a,51a17262-Audio_SP18.v0,group_0,1,fave,183.46809280797,78.73842760517476,9,tareas,"",0.15000000000009095,de,",",é,s,é,s,internal
591.149852214536,1821.3936263683886,2969.487630239294,3.996210979277955,3.144926048848117,4.498357196033237,6948.717948717948,0.0015073703484648183,2212.36775,0.035,0.3365384615384616,0-0-3193-0,a,51a17262-Audio_SP18.v0,group_0,1,fave,165.30521534380472,76.12346655343177,9,hacer,"",0.07999999999992724,recomendable,.,#,z,e,z,initial
784.5166933895724,1890.6642583284897,2979.5331853879666,3.815273823329816,2.8277367892990397,4.512334185080926,6410.25641025641,0.0002722322172823248,2218.05075,0.041,0.3306451612903226,0-0-3203-1,a,51a17262-Audio_SP18.v0,group_0,1,fave,188.94877956535007,79.18749208484344,9,tardar,"",0.09999999999990905,[silence],en,t,R,t,R,internal
571.2604778986522,1843.4646025445,2770.3789605054326,3.9088733046291697,3.0612563316437273,4.553832501199522,6410.25641025641,0.000014328541367438985,2218.98275,0.025,0.33783783783783783,0-0-3206-0,a,51a17262-Audio_SP18.v0,group_0,1,fave,185.39611533674216,78.92014841890636,9,alguna,"",0.0500000000001819,realizar,tarea,#,l,R,l,initial
434.40679724876327,1813.3278673291832,3064.238173679785,3.2670688623172683,3.075280232129204,3.2656370108955755,6051.282051282051,0.00014794674595140108,2219.22775,0.035,0.33653846153846156,0-0-3206-5,a,51a17262-Audio_SP18.v0,group_0,1,fave,222.87737086204334,80.37320374077997,9,alguna,"",0.07999999999992724,realizar,tarea,n,#,n,t,final
704.8375542196383,2025.7650650852297,3052.5628619127783,3.442073744763093,2.852263041127082,3.3950688896247923,6410.25641025641,0.00006831066402847771,2219.64875,0.037,0.32456140350877194,0-0-3207-4,a,51a17262-Audio_SP18.v0,group_0,1,fave,235.19585997335923,79.56321288269976,9,tarea,"",0.08999999999969077,alguna,qué,é,#,é,k,final
534.400371720523,1801.4742211176294,2960.8466011516034,2.887209673155766,2.3316288064122457,2.96272226193237,5692.3076923076915,0.000022473401166952915,2220.11375,0.027000000000000003,0.32142857142857145,0-0-3209-3,a,51a17262-Audio_SP18.v0,group_0,1,fave,192.4922780027063,79.22428140427475,9,pasa,"",0.05999999999994543,qué,si,s,#,s,s,final
478.45128558385136,1938.415450235416,2993.1633786526268,3.5931481653416304,2.949587757346981,3.5255720528882293,5871.794871794871,0.0007759618529687339,2220.60775,0.035,0.3365384615384616,0-0-3213-0,a,51a17262-Audio_SP18.v0,group_0,1,fave,183.33648091381977,75.44389369492731,9,acaba,"",0.07999999999992724,les,el,#,k,s,k,initial
669.0232376529638,1744.7135419712713,3113.7270539345227,3.3521044169760907,3.1240182821556184,4.084537961299989,5871.794871794871,0.000909550971180215,2222.79775,0.035,0.3365384615384616,0-0-3218-5,a,51a17262-Audio_SP18.v0,group_0,1,fave,184.93326085116772,80.14504211031698,9,alguna,"",0.07999999999992724,realizar,tarea,n,#,n,t,final
793.1569139804749,1854.7627527470606,2924.843923824805,3.3576527771628237,2.5563134057176127,3.361804033731068,5871.794871794871,0.00018228845169502813,2225.85575,0.031,0.32978723404255317,0-0-3223-1,a,51a17262-Audio_SP18.v0,group_0,1,fave,213.84211554524288,78.45943612393506,9,Básicamente,"",0.06999999999970896,[silence],eso,b,s,b,s,internal
659.1904681317341,1282.1400663516417,2627.25440231129,3.323134158193993,3.8331931949994433,4.875581713382348,5692.3076923076915,0.0001669967483805485,2231.0637500000003,0.027000000000000003,0.32142857142857145,0-0-3233-1,a,51a17262-Audio_SP18.v0,group_0,1,fave,218.9347913981836,80.58278718384352,9,favor,"",0.05999999999994543,por,",",f,b,f,b,internal
605.8487846323832,1933.9793109549573,3070.998670489782,3.5412150019505284,2.466872904694125,3.881509220839424,6410.25641025641,0.00009273975917809618,2233.23575,0.031,0.32978723404255317,0-0-3240-1,a,51a17262-Audio_SP18.v0,group_0,1,fave,102.7479260972211,78.75884466984282,9,tareas,"",0.07000000000016371,qué,puedo,t,R,t,R,internal
632.8367407744247,2068.383771131454,2960.5913685732226,3.5382981017004114,2.732378773303218,4.200652250666369,6051.282051282051,0.00016252000387358346,2233.40375,0.027000000000000003,0.32142857142857145,0-0-3240-4,a,51a17262-Audio_SP18.v0,group_0,1,fave,212.68439020241274,77.43882829799765,9,tareas,"",0.05999999999994543,qué,puedo,é,s,é,s,internal
604.9350985690224,1711.098333625129,2746.9262249208637,3.316736381201803,2.6916176297192225,4.090425954553136,5692.3076923076915,0.00005339554302433211,2233.78375,0.027000000000000003,0.32142857142857145,0-0-3242-0,a,51a17262-Audio_SP18.v0,group_0,1,fave,193.05791783838828,75.80915642364053,9,hacer,"",0.05999999999994543,puedo,.,#,z,o,z,initial
766.729854109142,1679.806378262269,2946.1427402022123,3.3187897361650163,3.1971603048911215,3.1755685478375586,6051.282051282051,0.002475130603775388,2248.15375,0.067,0.32843137254901966,0-0-3251-0,a,51a17262-Audio_SP18.v0,group_0,1,fave,240.062589324305,76.39452753938882,9,al,"",0.18000000000029104,grupo,inicio,#,l,o,l,initial
801.2361382588645,2049.7730086831766,3121.0179519147614,2.729126251907812,3.596628381085604,3.0874886180904406,5871.794871794871,0.00090839801539227,2249.79875,0.057,0.32758620689655177,0-0-3253-3,a,51a17262-Audio_SP18.v0,group_0,1,fave,208.4845566551975,75.66148420099776,9,habían,"",0.15000000000009095,inicio,[silence],i,n,i,n,internal
777.0336788025353,1775.1630201795742,3068.474434046172,4.175993899138516,3.8597498292535253,3.2167709859880045,7487.179487179487,0.013527813166007388,2253.56275,0.045,0.33582089552238803,0-0-3262-6,a,51a17262-Audio_SP18.v0,group_0,1,fave,133.7997343724312,75.59853662435866,9,personas,"",0.11000000000012733,mil,.,n,s,n,s,internal
554.1480997704302,2277.907202834313,3080.5977753991747,3.3937162251642325,3.7040891386278556,2.4675186809738436,6051.282051282051,0.00011453008684643995,2264.80575,0.031,0.32978723404255317,0-0-3275-3,a,51a17262-Audio_SP18.v0,group_0,1,fave,182.3804292373869,82.33623031803728,9,habían,"",0.07000000000016371,No,también,i,n,i,n,internal
827.6089585705377,1817.1412108370462,3046.833360086896,3.8099981143725192,2.4655456804355627,3.8318919114291625,5871.794871794871,0.00016864962962398304,2266.31775,0.035,0.3365384615384616,0-0-3279-1,a,51a17262-Audio_SP18.v0,group_0,1,fave,202.90347023493408,76.07785594356655,9,nacionalidades,"",0.07999999999992724,otras,.,n,z,n,z,internal
434.902330137057,1787.4806677077747,2650.304334261411,3.9214028358457935,2.6014424905567624,4.985810296272924,6769.2307692307695,0.00044906094018088707,2266.59375,0.027000000000000003,0.32142857142857145,0-0-3279-6,a,51a17262-Audio_SP18.v0,group_0,1,fave,184.979479376969,82.4739640024321,9,nacionalidades,"",0.05999999999994543,otras,.,n,l,n,l,internal
628.426734251833,1679.687942275288,2832.0067157262015,2.7301756215256123,3.5067703656125113,3.03161183206905,5871.794871794871,0.00029024978864213507,2323.70875,0.037000000000000005,0.324561403508772,0-0-3323-2,a,51a17262-Audio_SP18.v0,group_0,1,fave,221.5557072890456,79.33230590825474,9,tratado,"",0.09000000000014552,he,de,R,t,R,t,internal
851.63158735296,1348.823576102323,3023.8184730820703,3.5587793151082954,3.452737482889788,3.8984042629569644,5871.794871794871,0.00007440559510430396,2324.9087499999996,0.037000000000000005,0.324561403508772,0-0-3330-0,a,51a17262-Audio_SP18.v0,group_0,1,fave,215.67335503254122,78.5292538366712,9,A,"",0.09000000000014552,?,veces,#,#,.,b,coextensive
801.1910756118483,1871.9263721553064,2875.6907987824356,3.6500494760711497,2.746950189881032,4.2594530828221115,6410.25641025641,0.0025176662675715743,2326.41375,0.10700000000000001,0.3302469135802469,0-0-3333-2,a,51a17262-Audio_SP18.v0,group_0,1,fave,217.69713262479064,81.31186335542661,9,era,"",0.29999999999972715,[silence],[silence],R,#,R,.,final
739.0913119153885,1859.8528505836055,2897.4832498732994,2.9007232316254017,2.56563051445544,3.8734188856488987,5692.3076923076915,0.000011425838623800283,2330.97375,0.027000000000000003,0.32142857142857145,0-0-3343-1,a,51a17262-Audio_SP18.v0,group_0,1,fave,186.4564533075826,83.55339621303871,9,la,"",0.05999999999994543,Por,necesidad,l,#,l,n,final
662.7027302617383,1793.61286169151,3117.7801352615634,3.5360181199012866,2.264369434355838,3.3955498759384724,6230.7692307692305,0.008018512750741395,2334.07375,0.067,0.32843137254901966,0-0-3352-3,a,51a17262-Audio_SP18.v0,group_0,1,fave,212.3335394279189,77.32487172252269,9,casa,"",0.1799999999998363,de,y,s,#,s,i,final
816.1682097019252,1810.9105767958536,2943.186452388407,3.3416233783951816,3.33505567414879,4.250864895795819,5871.794871794871,0.0013326848725735275,2338.30575,0.091,0.33211678832116787,0-0-3364-0,a,51a17262-Audio_SP18.v0,group_0,1,fave,198.6920169950395,80.97960110482192,9,a,"",0.25,frente,un,#,#,e,ú,coextensive
700.3010983330051,1835.4722093523048,2604.334584929662,3.4101537373491793,2.9409096632827305,4.989777211145485,6051.282051282051,0.0033084693559848333,2347.37875,0.037000000000000005,0.324561403508772,0-0-3394-1,a,51a17262-Audio_SP18.v0,group_0,1,fave,225.32869135009338,81.14900078396649,9,navegando,"",0.08999999999969077,[silence],en,n,b,n,b,internal
847.2199610092891,1715.1367990487104,3084.1634841900063,3.528035985404089,2.9488609984345153,3.5052325820861867,6051.282051282051,0.0010178676317647481,2348.27775,0.035,0.33653846153846156,0-0-3396-1,a,51a17262-Audio_SP18.v0,group_0,1,fave,201.59297716685407,79.1179082127876,9,las,"",0.07999999999992724,en,redes,l,s,l,s,internal
725.2259743785327,1716.0506249444804,2908.8988625654492,3.6592443819032794,3.325240694690201,3.9630732046384574,6051.282051282051,0.005007456400069029,2350.89575,0.051000000000000004,0.3311688311688312,0-0-3402-3,a,51a17262-Audio_SP18.v0,group_0,1,fave,153.5749928509309,76.15538705396062,9,cosas,"",0.13000000000010914,qué,publican,s,s,s,s,internal
835.2026451205513,1943.9872719267778,3067.9820925642725,3.585049826789067,2.460076037986998,3.526810067204997,5871.794871794871,0.0005032964478303532,2351.45775,0.035,0.3365384615384616,0-0-3403-6,a,51a17262-Audio_SP18.v0,group_0,1,fave,274.9021033738336,81.15238397188932,9,publican,"",0.07999999999992724,cosas,qué,k,n,k,n,internal
739.2763783166533,1434.8235956356746,1968.519775430351,3.311322763688553,3.6924239285884055,3.6342679629537007,4076.923076923077,9.440539579442544e-6,2353.5727500000003,0.025,0.33783783783783783,0-0-3411-4,a,51a17262-Audio_SP18.v0,group_0,1,fave,209.35949310903638,77.43308439728199,9,torna,"",0.0500000000001819,se,a,n,#,n,a,final
407.32498889848455,828.2716725270111,1492.5123997391713,3.679727644405874,2.7189272825850623,4.028455070112664,3179.4871794871797,0.0014897845191012592,2355.71775,0.035,0.33653846153846156,0-0-3422-3,a,51a17262-Audio_SP18.v0,group_0,1,fave,204.63346174041232,78.23721994719972,9,está,"",0.08000000000038199,[silence],perdiendo,t,#,t,p,final
745.2725025812535,1570.547472106714,2928.207507954378,3.6794374263976692,3.5896272130464695,4.2610047438398695,6410.25641025641,0.0009947344179529482,2360.8027500000003,0.045,0.33582089552238803,0-0-3435-0,a,51a17262-Audio_SP18.v0,group_0,1,fave,247.32183940139777,79.37220447105557,9,a,"",0.10999999999967258,llevarlo,que,#,#,o,k,coextensive
773.7572817922877,1681.6156120616054,2753.1108594571397,3.402484413240459,3.5948992225022085,4.4268560370223,6051.282051282051,0.00005186349327579208,2361.74375,0.027000000000000003,0.32142857142857145,0-0-3440-2,a,51a17262-Audio_SP18.v0,group_0,1,fave,202.61628521055215,81.87474346736978,9,trabajo,"",0.05999999999994543,un,.,R,b,R,b,internal
655.2783372144818,1979.9996921284965,2968.1818634614965,3.7200133626794694,2.5680073362666427,3.5370656878905367,5871.794871794871,8.369824452378282e-6,2362.67275,0.025,0.33783783783783783,0-0-3442-3,a,51a17262-Audio_SP18.v0,group_0,1,fave,186.86487724605786,79.43088968716023,9,Mira,"",0.0500000000001819,.,lo,R,#,R,l,final
739.2053256099971,1870.8764966697684,2960.0611975814836,3.5273977914785797,2.8657677615525725,3.945178162860975,6051.282051282051,0.0008866960005484699,2365.1787499999996,0.07700000000000001,0.3290598290598291,0-0-3451-3,a,51a17262-Audio_SP18.v0,group_0,1,fave,175.8826060792528,75.67903587865891,9,está,"",0.21000000000003638,nos,[silence],t,#,t,.,final
643.6969856264175,1882.043139707258,2212.2534217142424,3.386039119423984,2.7216349750884063,4.6102398732156855,7128.205128205128,0.0003912347423488997,2368.9687499999995,0.037000000000000005,0.324561403508772,0-0-3466-3,a,51a17262-Audio_SP18.v0,group_0,1,fave,176.26247957054778,79.42254788069704,9,para,"",0.09000000000014552,como,ellos,R,#,R,é,final
549.5567504576435,1387.6069169509321,2157.3137400002706,3.053667386668608,3.685498802878336,4.13482208920104,5692.3076923076915,0.00008015864265088849,2369.57375,0.027000000000000003,0.32142857142857145,0-0-3469-1,a,51a17262-Audio_SP18.v0,group_0,1,fave,177.3513372375205,78.93785418245628,9,bastante,"",0.05999999999994543,fue,[silence],b,s,b,s,internal
775.4560921267184,1997.6973721222,3075.6574069160074,2.884269769242172,2.135025357803935,3.6428325781835995,6589.74358974359,0.00011282567611927814,2379.19775,0.035,0.33653846153846156,0-0-3500-3,a,51a17262-Audio_SP18.v0,group_0,1,fave,184.66698633173328,76.23353037848287,9,está,"",0.08000000000038199,[silence],yendo,t,#,t,y,final
743.6474743600859,1829.9756915269356,2961.6383988763623,3.388021340334096,3.1665459936190103,4.1582360706511174,6051.282051282051,0.0009979760815297426,2381.0637500000003,0.047,0.3263888888888889,0-0-3508-2,a,51a17262-Audio_SP18.v0,group_0,1,fave,180.139606068154,73.03572105651344,9,sea,"",0.11999999999989086,o,",",é,#,é,.,final
653.8077435763706,2025.5439868202352,2974.790090369206,2.9249601094916633,2.1969109085639285,3.2937657884418043,6051.282051282051,0.0000328392558866828,2384.3027500000003,0.025,0.33783783783783783,0-0-3522-4,a,51a17262-Audio_SP18.v0,group_0,1,fave,182.77573705264928,80.58267480489972,9,medianamente,"",0.0500000000001819,[silence],necesitamos,i,n,i,n,internal
486.31193702452316,1851.5628502625534,2954.235495381149,4.540516130601079,2.8620602288091797,4.1603874541302135,6948.717948717948,0.0003488582028580768,2384.42275,0.025,0.33783783783783783,0-0-3522-6,a,51a17262-Audio_SP18.v0,group_0,1,fave,190.2866598759448,79.08414764825075,9,medianamente,"",0.0500000000001819,[silence],necesitamos,n,m,n,m,internal
527.1181703988518,1712.8780366798792,2939.713124284559,3.6573427936783265,3.2567001608947264,3.4834378308632323,7307.692307692308,0.00020546963200470048,2414.5237500000003,0.027000000000000003,0.32142857142857145,0-0-3553-1,a,51a17262-Audio_SP18.v0,group_0,1,fave,185.84231036888804,77.57568488432332,9,la,"",0.05999999999994543,de,plataforma,l,#,l,p,final
615.5492258103272,1563.3807928856318,2916.7347608818754,3.751754543279434,3.673509843863648,4.1974761687057045,6230.7692307692305,0.0007045185821080112,2414.80575,0.031,0.32978723404255317,0-0-3554-4,a,51a17262-Audio_SP18.v0,group_0,1,fave,187.73756641656945,76.0338584327437,9,plataforma,"",0.07000000000016371,la,Fue,t,f,t,f,internal
794.7683268464231,1908.6347036301518,2830.12747492579,2.873457078433193,2.7152140135149505,3.469044282076732,5512.820512820513,0.00008554669893118905,2423.72375,0.027000000000000003,0.32142857142857145,0-0-3563-0,a,51a17262-Audio_SP18.v0,group_0,1,fave,266.69639218868224,84.20724573211912,9,al,"",0.05999999999994543,fue,principio,#,l,é,l,initial
843.1575195711716,1921.0645223867857,3007.2393704708757,3.195427430592101,2.8070975321840357,3.9774845817046276,5871.794871794871,0.0006164399251704454,2432.2337500000003,0.047,0.3263888888888889,0-0-3579-3,a,51a17262-Audio_SP18.v0,group_0,1,fave,282.8003192460947,80.65537847816728,9,llegas,"",0.11999999999989086,tú,[silence],g,s,g,s,internal
769.8745485813479,1789.7657319834505,2969.5965882423616,3.294123595396519,2.3902785252730117,3.6159222407424534,5871.794871794871,0.00009721932126834808,2432.64775,0.035,0.3365384615384616,0-0-3581-0,a,51a17262-Audio_SP18.v0,group_0,1,fave,196.72966874553302,80.56936497086507,9,al,"",0.07999999999992724,[silence],mínimo,#,l,.,l,initial
735.592349056464,1845.6670784299122,2854.2983345427733,3.9645547431548698,3.095355078468192,4.3092170321980126,7128.205128205128,0.00023068374984624068,2435.39375,0.027000000000000003,0.32142857142857145,0-0-3586-3,a,51a17262-Audio_SP18.v0,group_0,1,fave,177.7961279571921,78.96752703549016,9,para,"",0.05999999999994543,dólares,poder,R,#,R,p,final
604.1813473042043,1773.0652316299995,2895.6835977853643,3.644127725566749,3.049545059733467,3.305345877684319,6051.282051282051,0.00006899983129504641,2436.73375,0.027000000000000003,0.32142857142857145,0-0-3592-1,a,51a17262-Audio_SP18.v0,group_0,1,fave,177.0386015341634,78.55030324317102,9,la,"",0.06000000000040018,de,plataforma,l,#,l,p,final
699.1306542123195,1736.2169561461346,2899.876896216203,3.8279013778203406,2.9412308448489197,2.8139844457381056,7128.205128205128,0.0004369042370617407,2436.8687499999996,0.037000000000000005,0.324561403508772,0-0-3593-2,a,51a17262-Audio_SP18.v0,group_0,1,fave,200.1330601666245,78.11710686378515,9,plataforma,"",0.09000000000014552,la,[silence],l,t,l,t,internal
674.8016702697412,1733.1665308747235,2810.066685636641,2.989137688035743,3.32030900440024,3.8059832095557455,8564.102564102563,0.0030192381655362805,2437.0037500000003,0.047,0.3263888888888889,0-0-3593-4,a,51a17262-Audio_SP18.v0,group_0,1,fave,221.89085653448615,75.8095229675964,9,plataforma,"",0.11999999999989086,la,[silence],t,f,t,f,internal
495.1425753677568,1078.5331016528335,1648.7502591772443,3.4310421830067908,3.7798257734222727,3.6503105211846782,3179.4871794871797,0.04158169706997615,2437.36375,0.067,0.32843137254901966,0-0-3593-9,a,51a17262-Audio_SP18.v0,group_0,1,fave,122.71309509321549,65.80669255870485,9,plataforma,"",0.18000000000029104,la,[silence],m,#,m,®,final
953.0611596453025,1947.369491249734,2777.507089748431,3.9401169016787416,3.1146925777193246,4.379411560071394,6769.2307692307695,0.029462678941186097,2446.8127500000005,0.10500000000000001,0.3343949044585987,0-0-3612-3,a,51a17262-Audio_SP18.v0,group_0,1,fave,225.56373301359739,80.49310791188478,9,llega,"",0.2899999999999636,que,[silence],g,#,g,®,final
759.7082022056788,1747.720954470416,2784.2361767543966,4.007101220710626,3.981430045454742,3.9200500502421614,5692.3076923076915,0.00027481210794508043,2447.89575,0.031,0.32978723404255317,0-0-3614-0,a,51a17262-Audio_SP18.v0,group_0,1,fave,87.7700535484056,78.68299777445758,9,a,"",0.06999999999970896,[silence],oficinas,#,#,®,o,coextensive
876.1109220908651,1856.774642019141,2857.0627565637446,3.87704728467586,3.1858858147719338,3.6135512483119556,6051.282051282051,0.01623196690542308,2452.93775,0.035,0.33653846153846156,0-0-3624-7,a,51a17262-Audio_SP18.v0,group_0,1,fave,230.5508495995373,78.0663501349398,9,funciona,"",0.07999999999992724,no,.,n,#,n,.,final
377.5770003224247,947.4323855766613,1612.8805200132408,3.18205543707812,3.203502963956334,3.859070164530436,3000.0,0.03227694110727082,2455.58575,0.07100000000000001,0.3317757009345795,0-0-3628-7,a,51a17262-Audio_SP18.v0,group_0,1,fave,252.57119838699117,69.3944774290978,9,funciona,"",0.18999999999959982,no,para,n,#,n,p,final
770.7487088258231,1997.7820444572449,2969.713308115596,4.052526277304747,2.9378655463986467,4.010553743814573,6589.74358974359,0.0007370087117574305,2460.07575,0.031,0.32978723404255317,0-0-3641-0,a,51a17262-Audio_SP18.v0,group_0,1,fave,233.15126083377734,79.43634443270889,9,hablar,"",0.07000000000016371,debes,[silence],#,b,s,b,initial
681.4438833285075,1945.3945683414167,2940.2850503976692,3.741591587582257,2.451502666220872,4.0104797835052866,7307.692307692308,0.000046883970210619206,2463.37375,0.027000000000000003,0.32142857142857145,0-0-3649-1,a,51a17262-Audio_SP18.v0,group_0,1,fave,218.61763283841208,81.1804887235658,9,la,"",0.05999999999994543,comunicarles,situación,l,#,l,s,final
954.4254863778032,1806.3733419401258,2833.681568945771,4.324368631765695,3.130525998607283,4.890930915550786,6410.25641025641,0.0002644747793201987,2465.49375,0.027000000000000003,0.32142857142857145,0-0-3655-3,a,51a17262-Audio_SP18.v0,group_0,1,fave,199.1943770511627,77.53179422995053,9,llegan,"",0.05999999999994543,no,[silence],g,n,g,n,internal
587.0199364884309,1856.3694300479299,2960.1374655880036,3.942328712175126,2.8222044742700025,4.457443420303297,6589.74358974359,0.00020567170797538396,2468.69375,0.027000000000000003,0.32142857142857145,0-0-3662-0,a,51a17262-Audio_SP18.v0,group_0,1,fave,186.2493320145624,78.59282099550666,9,a,"",0.05999999999994543,proceden,hacer,#,#,n,a,coextensive
671.7409565539239,1715.194850370297,3150.558825527941,3.514686967346208,3.1028784365360083,3.999857317366791,5871.794871794871,0.000044733389586372406,2468.75375,0.027000000000000003,0.32142857142857145,0-0-3663-0,a,51a17262-Audio_SP18.v0,group_0,1,fave,183.4656054427964,75.92528986810619,9,hacer,"",0.06000000000040018,a,la,#,z,a,z,initial
734.5939832797736,1844.2841894603546,2806.59845034723,3.294732776067409,1.9461800134932101,2.7190177164560643,5692.3076923076915,0.00012641224352105793,2469.32075,0.061000000000000006,0.3315217391304348,0-0-3664-1,a,51a17262-Audio_SP18.v0,group_0,1,fave,186.02151271483254,79.7354507876217,9,la,"",0.15999999999985448,hacer,liberación,l,#,l,l,final
475.6478465245992,736.6018007805809,1639.7852258936214,4.085030471108728,2.915661855746784,3.9631423558050716,3358.974358974359,0.0006186458337800265,2472.2937500000003,0.027000000000000003,0.32142857142857145,0-0-3671-3,a,51a17262-Audio_SP18.v0,group_0,1,fave,182.4309144511946,76.88619976340195,9,para,"",0.05999999999994543,[silence],poder,R,#,R,p,final
545.9385629352639,1302.874543540102,1952.3363982446501,3.6218535298709975,3.74348679908073,3.730176655998476,4256.410256410256,0.0012016754197627865,2498.02775,0.035,0.3365384615384616,0-0-3682-1,a,51a17262-Audio_SP18.v0,group_0,1,fave,232.00185798957028,78.75909086265281,9,mayormente,"",0.07999999999992724,[silence],son,m,y,m,y,internal
644.7876276722799,1858.5539498971389,3074.1432071566383,4.016203396712068,1.9146693198455604,4.432143767115968,7307.692307692308,0.0004440244693793413,2505.0527500000003,0.025,0.33783783783783783,0-0-3690-3,a,51a17262-Audio_SP18.v0,group_0,1,fave,207.07056944703035,75.11021716070296,9,otras,"",0.0500000000001819,Hay,nacionalidades,R,s,R,s,internal
857.4774176768099,1798.3705766496325,3029.405111628831,3.3754414825362153,2.861911956407037,4.463671618832928,6230.7692307692305,0.0013383693676519994,2505.19775,0.035,0.33653846153846156,0-0-3691-1,a,51a17262-Audio_SP18.v0,group_0,1,fave,208.3239698660778,75.3508734296131,9,nacionalidades,"",0.08000000000038199,otras,también,n,z,n,z,internal
640.7938478541824,1799.799771658749,3085.9268431192786,3.8038616319091387,2.9327528627309873,3.512629287222763,6589.74358974359,0.000345502949112558,2505.43775,0.035,0.33653846153846156,0-0-3691-6,a,51a17262-Audio_SP18.v0,group_0,1,fave,181.93416488967785,81.04419662117117,9,nacionalidades,"",0.07999999999992724,otras,también,n,l,n,l,internal
878.2097329988511,1686.3655412736416,2813.4583467056036,3.9115858884954933,3.4078197487082,3.7473957676427765,5871.794871794871,0.00608735690811418,2509.4727500000004,0.065,0.33505154639175255,0-0-3699-3,a,51a17262-Audio_SP18.v0,group_0,1,fave,173.93110586521917,74.57181716398698,9,pocas,"",0.17000000000007276,[silence],pocas,k,s,k,s,internal
482.85353659388375,1545.0101328479484,2958.6921001896694,3.9172339222692014,3.905294877467178,4.065474937656997,6230.7692307692305,0.0023773522064126354,2510.46775,0.035,0.33653846153846156,0-0-3701-6,a,51a17262-Audio_SP18.v0,group_0,1,fave,184.33911316766176,79.48612087139588,9,personas,"",0.08000000000038199,pocas,de,n,s,n,s,internal
397.7798047114604,1633.844353257204,3160.9496390223517,3.890689172090605,3.2255894379888526,4.47714317226345,6410.25641025641,0.0009191427402868082,2510.99375,0.027000000000000003,0.32142857142857145,0-0-3704-1,a,51a17262-Audio_SP18.v0,group_0,1,fave,99.18746034703948,74.48207149468347,9,nacionalidades,"",0.05999999999994543,otras,.,n,z,n,z,internal
583.9369044426195,1812.6001424557412,3017.3471200567446,3.7690182615619037,3.4998584506552795,3.2105502439280653,6230.7692307692305,0.000011699173573976424,2511.2227500000004,0.025,0.33783783783783783,0-0-3704-6,a,51a17262-Audio_SP18.v0,group_0,1,fave,186.3273334520329,78.91126335768065,9,nacionalidades,"",0.0500000000001819,otras,.,n,l,n,l,internal
664.800190667969,1822.2764881434182,3387.4975672001146,4.18539326218362,3.959876170087463,3.758249626414133,6051.282051282051,0.011490579844656536,2556.28775,0.035,0.33653846153846156,0-0-3724-0,a,51a17262-Audio_SP18.v0,group_0,1,fave,-18.740878036855037,58.23488949950184,9,A,"",0.07999999999992724,tengo,ver,#,#,o,b,coextensive
593.1297181552235,1842.4548401394923,2919.462509571954,3.64198388405616,2.897847930775378,2.754202760314134,6410.25641025641,0.000637860408490784,2559.86575,0.031,0.32978723404255317,0-0-3741-2,a,51a17262-Audio_SP18.v0,group_0,1,fave,208.09352869440482,80.43716996549755,9,tratado,"",0.07000000000016371,he,de,R,t,R,t,internal
342.74299862369844,802.3276908760621,1734.391201568981,3.357856752776872,2.8749256970975137,3.8950826501573625,3538.4615384615386,0.002961139114204885,2564.66375,0.047,0.3263888888888889,0-0-3753-5,a,51a17262-Audio_SP18.v0,group_0,1,fave,241.5461022948089,71.62531556174105,9,manera,"",0.12000000000034561,esta,",",R,#,R,®,final
767.4749713421127,1821.0713641990915,3086.2850870687703,3.354480090719189,3.445449802361257,4.409491584076128,7666.666666666666,0.0038929364499281816,2566.64075,0.061000000000000006,0.3315217391304348,0-0-3762-0,a,51a17262-Audio_SP18.v0,group_0,1,fave,194.95801537644718,79.7659622710527,9,ha,"",0.15999999999985448,le,llamado,#,#,e,L,coextensive
608.3817490358898,1942.9369166747247,3080.2102770465945,3.2329236682206495,3.2160245969311987,3.63307430137591,5871.794871794871,0.00005029729789393225,2566.87375,0.027000000000000003,0.32142857142857145,0-0-3763-1,a,51a17262-Audio_SP18.v0,group_0,1,fave,199.3850312649077,79.07847344823344,9,llamado,"",0.05999999999994543,ha,[silence],L,m,L,m,internal
781.5439320605578,1851.4113638930742,2846.169931405258,3.2050523474838215,2.677717353580247,3.5818664269173435,5871.794871794871,1.6558694433403382e-6,2568.42275,0.025,0.33783783783783783,0-0-3766-1,a,51a17262-Audio_SP18.v0,group_0,1,fave,198.14852848708594,80.10561634639735,9,la,"",0.0500000000001819,totalmente,atención,l,#,l,a,final
616.5735064863718,1712.2341629521802,3005.7340176588395,3.465412375876976,2.3102823299738366,3.5931030384077007,6769.2307692307695,0.0002115279876745646,2570.24375,0.027000000000000003,0.32142857142857145,0-0-3771-2,a,51a17262-Audio_SP18.v0,group_0,1,fave,281.6121470125291,82.36706207645419,9,tratado,"",0.05999999999994543,han,de,R,t,R,t,internal
886.89470438706,1835.7047837706023,2740.9694584044373,3.6459809287954115,2.6898572828870337,4.045525679413104,6051.282051282051,0.0028653681447471397,2585.0377499999995,0.095,0.33450704225352107,0-0-3787-2,a,51a17262-Audio_SP18.v0,group_0,1,fave,243.0348627220836,79.70268488415559,9,sea,"",0.2600000000002183,o,",",é,#,é,.,final
661.6698536731502,1953.9097355790725,3084.167994083686,3.729151191542533,3.785846315014556,4.627307749094294,7307.692307692308,0.002011669183306012,2594.0257500000002,0.031,0.32978723404255317,0-0-3807-2,a,51a17262-Audio_SP18.v0,group_0,1,fave,172.40894123477995,78.34126615983007,9,trabajar,"",0.06999999999970896,para,Microworkers,R,b,R,b,internal
754.25289438156,2131.7826349033057,3099.6796219188195,3.522198691702101,3.8323507107427113,3.5576964858448843,5871.794871794871,0.0014504237103801821,2601.0327500000003,0.045,0.33582089552238803,0-0-3824-3,a,51a17262-Audio_SP18.v0,group_0,1,fave,120.0171648202874,80.12962360421125,9,habían,"",0.10999999999967258,si,[silence],i,n,i,n,internal
782.3904943374058,1801.4851456916224,3097.871589445442,3.976073408151385,2.8224779488666165,3.1502887552473755,6410.25641025641,0.00004057656378560586,2602.5237500000003,0.027000000000000003,0.32142857142857145,0-0-3829-1,a,51a17262-Audio_SP18.v0,group_0,1,fave,190.77107316047434,75.44921892602027,9,nacionalidades,"",0.05999999999994543,otras,.,n,z,n,z,internal
542.4231879051183,1589.271199840678,2664.1598154396324,3.826318232357322,2.9113749286760777,4.286996976191251,6410.25641025641,0.0019353070634396505,2621.4607499999997,0.041,0.3306451612903226,0-0-3833-7,a,51a17262-Audio_SP18.v0,group_0,1,fave,207.10352887968855,80.08902627953019,9,Disculpa,"",0.09999999999990905,[silence],",",p,#,p,.,final
600.3937513858131,1229.9142319254356,2871.595912405208,3.5689927944630906,3.1559813382253052,2.76486703443418,5692.3076923076915,0.00024993392578455783,2622.28775,0.035,0.33653846153846156,0-0-3837-1,a,51a17262-Audio_SP18.v0,group_0,1,fave,193.13011259433188,78.75596575965112,9,favor,"",0.07999999999992724,por,.,f,b,f,b,internal
1144.9854911039563,1624.946682848257,2912.6435652445502,4.0419268021889305,3.2556699535382787,3.5806600237650184,6230.7692307692305,0.006241747778538527,2649.37375,0.047,0.3263888888888889,0-0-3857-0,a,51a17262-Audio_SP18.v0,group_0,1,fave,-206.96692110060326,77.63608244855078,9,ha,"",0.11999999999989086,[silence],sido,#,#,®,s,coextensive
701.5860199891476,1786.1315931592846,2856.753899053081,2.8044068473802555,2.2927300037644898,3.634677305967361,5871.794871794871,3.8570903749522276e-6,2657.40375,0.027000000000000003,0.32142857142857145,0-0-3871-0,a,51a17262-Audio_SP18.v0,group_0,1,fave,361.40787918665865,84.63122893386418,9,algunos,"",0.05999999999994543,principio,meses,#,l,o,l,initial
825.5172293078682,1752.5785792069616,2941.637431751642,3.929777349681029,3.806116265159002,4.337374809192152,5871.794871794871,0.004576683807244709,2659.45375,0.047,0.3263888888888889,0-0-3876-0,a,51a17262-Audio_SP18.v0,group_0,1,fave,207.79631441543253,73.22180258961691,9,afluencia,"",0.12000000000034561,más,de,#,f,s,f,initial
555.2136497088534,2048.3296177232996,3040.7379013499117,3.3681715991126637,2.702271859044074,3.2947093851775744,5871.794871794871,0.00007358092391918019,2660.07775,0.035,0.3365384615384616,0-0-3876-8,a,51a17262-Audio_SP18.v0,group_0,1,fave,188.11720671833447,78.82299097870914,9,afluencia,"",0.07999999999992724,más,de,i,#,i,d,final
600.2371804517134,1754.4784301391562,3086.972443192027,3.556527902553921,3.255014484604,4.287285558380883,8923.076923076922,0.0035792027308806725,2660.43275,0.045,0.33582089552238803,0-0-3878-2,a,51a17262-Audio_SP18.v0,group_0,1,fave,-129181.16166580585,75.91343104532193,9,trabajos,"",0.11000000000012733,de,[silence],R,b,R,b,internal
703.9748082642221,1669.6202776054167,2926.4898998556837,3.7828012937258646,3.1120588084263465,3.1023556326831283,5692.3076923076915,0.00024212239931736438,2664.13075,0.041,0.3306451612903226,0-0-3889-3,a,51a17262-Audio_SP18.v0,group_0,1,fave,209.64895001564653,80.3756876498649,9,toda,"",0.09999999999990905,en,la,d,#,d,l,final
775.5328213387654,1667.4695744085102,2881.8853683360603,3.3650283890127692,3.3783469510432877,4.086626362645621,5871.794871794871,0.0013801791069671348,2664.4177499999996,0.13499999999999998,0.33415841584158407,0-0-3890-1,a,51a17262-Audio_SP18.v0,group_0,1,fave,194.15631202593408,77.92339704007118,9,la,"",0.38000000000010914,toda,[silence],l,#,l,&,final
765.6307134025767,1774.977689171523,2875.5292532182243,3.496453047143532,3.126241061852886,4.022967488201309,5692.3076923076915,0.00017199146337086742,2665.25375,0.027000000000000003,0.32142857142857145,0-0-3892-1,a,51a17262-Audio_SP18.v0,group_0,1,fave,190.43602113075454,77.9065434257037,9,la,"",0.06000000000040018,[silence],pandemia,l,#,l,p,final
723.9605382174905,1818.5646643872906,2418.9106420893245,3.363619100288197,3.3932732325020125,4.594601342721642,6051.282051282051,0.00005317374902027797,2665.38375,0.027000000000000003,0.32142857142857145,0-0-3893-1,a,51a17262-Audio_SP18.v0,group_0,1,fave,194.9992558599882,79.06892171777346,9,pandemia,"",0.05999999999994543,la,[silence],p,n,p,n,internal
406.66800030583596,1610.5863549149474,2813.634119949386,3.9452598265986447,3.562974632351063,4.781600526555576,7307.692307692308,0.0003791831051194632,2665.89375,0.027000000000000003,0.32142857142857145,0-0-3893-7,a,51a17262-Audio_SP18.v0,group_0,1,fave,370.8744487935014,77.29474047653041,9,pandemia,"",0.05999999999994543,la,[silence],i,#,i,.,final
927.2077779668248,1810.9693955351102,2616.4757751417974,3.889169278031474,2.8002257079282047,4.367182958674511,5871.794871794871,0.00019678249718634662,2666.57775,0.035,0.3365384615384616,0-0-3895-0,a,51a17262-Audio_SP18.v0,group_0,1,fave,100.94996124537433,80.10176194688039,9,ha,"",0.07999999999992724,[silence],sido,#,#,.,s,coextensive
726.4485769473113,1838.3897742572535,2795.441888461433,3.2553923837798813,3.4784177998358627,4.138654870461381,5692.3076923076915,0.0008444019783467889,2669.67775,0.035,0.33653846153846156,0-0-3904-1,a,51a17262-Audio_SP18.v0,group_0,1,fave,188.15072279141864,78.16879921933855,9,la,"",0.07999999999992724,de,pandemia,l,#,l,p,final
747.9178049273916,1668.6654963621718,2515.963902809712,3.777674274847926,3.1313832047306653,4.448470388942157,5871.794871794871,0.00014232902401246214,2669.8137500000003,0.027000000000000003,0.32142857142857145,0-0-3905-1,a,51a17262-Audio_SP18.v0,group_0,1,fave,189.9566672990965,79.63180446121385,9,pandemia,"",0.05999999999994543,la,[silence],p,n,p,n,internal
927.3687821068602,1696.4683005100285,3152.0262998859967,4.049052165756038,3.4652671490027007,4.108302890916694,6230.7692307692305,0.01730144042326378,2670.28775,0.11499999999999999,0.3343023255813953,0-0-3905-7,a,51a17262-Audio_SP18.v0,group_0,1,fave,168.70988784600436,75.30869115154236,9,pandemia,"",0.3200000000001637,la,[silence],i,#,i,®,final
752.2302545820959,1818.3899934165302,3044.45962896614,4.2757856775005205,3.3273561941503234,4.8123066353506285,8384.615384615383,0.00893468195769704,2671.49575,0.051000000000000004,0.3311688311688312,0-0-3909-2,a,51a17262-Audio_SP18.v0,group_0,1,fave,190.99485233120205,80.90850635743787,9,era,"",0.13000000000010914,[silence],más,R,#,R,m,final
320.866671473502,771.3550234714046,1350.894289835207,3.0420084552790367,3.1688481495858505,3.8127163251595384,3000.0,0.00842324660221119,2672.3757499999997,0.091,0.3321167883211679,0-0-3911-5,a,51a17262-Audio_SP18.v0,group_0,1,fave,280.3556707747093,79.7392025233002,9,fluida,"",0.25,más,[silence],d,#,d,®,final
698.9738744900292,1900.7037801171814,3110.177915802378,3.364131721745654,3.555338739876643,3.309825416265515,6051.282051282051,0.0006326230281787203,2695.25275,0.045,0.33582089552238803,0-0-3933-3,a,51a17262-Audio_SP18.v0,group_0,1,fave,234.1633924697425,79.09616824235256,9,habían,"",0.11000000000012733,sí,comentado,i,n,i,n,internal
812.6010372429938,1707.6579207779885,2839.251108109039,3.418099669246125,3.9342325854734477,3.7530352277336436,5692.3076923076915,0.011925760730129985,2698.13275,0.08499999999999999,0.33464566929133854,0-0-3941-2,a,51a17262-Audio_SP18.v0,group_0,1,fave,200.23342328079195,74.98227267730259,9,era,"",0.2300000000000182,[silence],por,R,#,R,p,final
750.0983033981765,1891.1046982989697,2441.314646656998,3.3848905826008076,3.506762738816701,4.295300197896826,5871.794871794871,0.0047700357798916345,2705.51375,0.047,0.3263888888888889,0-0-3954-2,a,51a17262-Audio_SP18.v0,group_0,1,fave,191.24978209762781,76.62474664279698,9,Era,"",0.12000000000034561,[silence],posible,R,#,R,p,final
589.3408878703813,2055.442906251758,3103.63857509486,2.883200059032756,3.0107191976483723,3.286787516153857,5692.3076923076915,0.000013428868608220756,2707.0637500000003,0.027000000000000003,0.32142857142857145,0-0-3959-4,a,51a17262-Audio_SP18.v0,group_0,1,fave,184.23211281271523,80.30489033705176,9,debía,"",0.05999999999994543,se,a,i,#,i,a,final
700.4744157237533,1849.9114737089567,2935.554494719763,3.3656056878315104,2.632861111169686,4.263211230425461,6051.282051282051,0.00024057843976916493,2707.12875,0.037000000000000005,0.324561403508772,0-0-3960-0,a,51a17262-Audio_SP18.v0,group_0,1,fave,178.7774425754801,78.83604936785612,9,a,"",0.08999999999969077,debía,esa,#,#,a,é,coextensive
641.3032790544087,1825.01707045445,2904.056258498954,2.3661620762596933,3.451351351921292,4.9679247692596515,6230.7692307692305,0.00037400482248396255,2707.43575,0.031,0.32978723404255317,0-0-3961-2,a,51a17262-Audio_SP18.v0,group_0,1,fave,-7450.175147042132,68.91364700958314,9,esa,"",0.06999999999970896,a,[silence],s,#,s,®,final
829.8688679246654,1649.8006620592687,1956.3412919218204,3.325975588291917,3.1403513526685916,4.21810918251409,5871.794871794871,0.002101816072751596,2707.70275,0.045,0.33582089552238803,0-0-3963-0,a,51a17262-Audio_SP18.v0,group_0,1,fave,187.04359681514848,74.6555195385752,9,a,"",0.11000000000012733,[silence],esa,#,#,®,é,coextensive
582.3157203383661,1668.1299114106885,2826.2336712410297,2.8287682126265445,2.8210584902857945,3.4792941139680083,6230.7692307692305,0.0002529785716930859,2707.97775,0.035,0.33653846153846156,0-0-3964-2,a,51a17262-Audio_SP18.v0,group_0,1,fave,185.70637737387815,77.2173232948044,9,esa,"",0.07999999999992724,a,situación,s,#,s,s,final
629.86690688778,1916.4889750436,2568.3074537974867,3.8717802677644575,3.033510733501827,4.073363436327827,5871.794871794871,0.00015348588124961958,2737.88275,0.025,0.33783783783783783,0-0-3970-3,a,51a17262-Audio_SP18.v0,group_0,1,fave,217.0636405848301,77.79629424485292,9,para,"",0.0500000000001819,Esto,mí,R,#,R,m,final
851.6106859194718,1845.9779974803944,3106.923043047883,3.8623690108914386,2.4792198853784986,3.530522947732993,5871.794871794871,0.0000361631720706693,2748.13375,0.027000000000000003,0.32142857142857145,0-0-3995-0,a,51a17262-Audio_SP18.v0,group_0,1,fave,197.74036674826777,77.36430801238143,9,actividades,"",0.05999999999994543,mis,.,#,k,s,k,initial
678.1834344625496,1798.701651829187,2919.9111665322694,3.538930421860131,2.880599566565565,3.1549174522934584,6051.282051282051,0.000021493493861797065,2751.73375,0.027000000000000003,0.32142857142857145,0-0-4003-1,a,51a17262-Audio_SP18.v0,group_0,1,fave,207.65519394792454,79.85504899654582,9,la,"",0.06000000000040018,toda,vida,l,#,l,b,final
662.3119148563496,1929.7988848724883,2929.1443535131425,3.1007247583477904,2.4675784837161707,2.960435818460139,6051.282051282051,0.000028469729863090722,2752.1407499999996,0.041,0.3306451612903226,0-0-4004-3,a,51a17262-Audio_SP18.v0,group_0,1,fave,173.4839918522825,78.24044838297633,9,vida,"",0.09999999999990905,la,en,d,#,d,e,final
961.684870047386,1953.2633026463184,2858.395692764851,3.9914220115489716,2.4693549505152057,3.6392316624124743,7128.205128205128,0.00019754014271142765,2753.82375,0.027000000000000003,0.32142857142857145,0-0-4009-0,a,51a17262-Audio_SP18.v0,group_0,1,fave,225.34478954477183,78.5938988897876,9,Haciendo,"",0.05999999999994543,[silence],tareas,#,z,.,z,initial
845.2906048224803,1792.238979964609,2805.3385039090817,3.6847191518159974,3.1203382760089178,3.9817526790608415,6410.25641025641,0.002191802853178673,2756.9897499999997,0.119,0.3361581920903954,0-0-4015-2,a,51a17262-Audio_SP18.v0,group_0,1,fave,180.09050022346563,78.73012767036043,9,sea,"",0.330000000000382,que,.,é,#,é,.,final
957.0715402588984,1601.1660602525797,2457.900145834011,3.8638445872304845,3.1363555525816182,3.8746161875742575,6051.282051282051,0.0032842315213501743,2759.6537500000004,0.047,0.3263888888888889,0-0-4025-0,a,51a17262-Audio_SP18.v0,group_0,1,fave,187.8565063793257,78.99652553387821,9,ayudó,"",0.11999999999989086,nos,mucho,#,y,s,y,initial
731.9316979780023,1893.7009125991535,2972.403130459443,3.7240406416230525,2.9655779619321607,3.4268500152669903,6589.74358974359,0.00002766652593274844,2761.40275,0.025,0.33783783783783783,0-0-4030-1,a,51a17262-Audio_SP18.v0,group_0,1,fave,192.64534794283983,78.51416078345763,9,la,"",0.0500000000001819,por,situación,l,#,l,s,final
860.4929733968742,1895.7380431374413,2877.892228409895,3.8164993652655093,3.026815886616087,3.90731597950798,6051.282051282051,0.0000737386249567055,2772.55775,0.035,0.33653846153846156,0-0-4055-3,a,51a17262-Audio_SP18.v0,group_0,1,fave,207.47019319816638,78.82951221223765,9,otra,"",0.07999999999992724,hay,manera,R,#,R,m,final
697.547490969372,1913.2507312253044,2953.9235657059935,3.5780543097964768,1.9156179996520881,3.5902198743607463,5871.794871794871,7.339825005472756e-6,2772.94275,0.025,0.33783783783783783,0-0-4056-5,a,51a17262-Audio_SP18.v0,group_0,1,fave,193.114497804266,80.20208159666888,9,manera,"",0.0500000000001819,otra,ahorita,R,#,R,a,final
612.4583318025078,1920.0434037846292,3052.2896270020633,3.622579764883544,3.8508315474289594,3.6084965883353233,6410.25641025641,0.001002002658789075,2780.1407499999996,0.041,0.3306451612903226,0-0-4076-1,a,51a17262-Audio_SP18.v0,group_0,1,fave,180.76657532818803,77.57776669812839,9,mayores,"",0.09999999999990905,son,son,m,y,m,y,internal
858.0172931737509,1682.179790335214,1779.016496152848,3.6197052310337883,3.4587869434904532,4.165327073204505,4435.897435897436,0.003384785769036071,2785.58875,0.057,0.32758620689655177,0-0-4091-4,a,51a17262-Audio_SP18.v0,group_0,1,fave,211.8899090345787,78.61073963176106,9,salgan,"",0.15000000000009095,no,para,g,n,g,n,internal
674.6572645391299,1792.8991900406718,2950.584119022388,3.961146193927885,2.3924765514140427,3.4754995532427215,5871.794871794871,0.00295657246333199,2785.9807499999997,0.041,0.3306451612903226,0-0-4092-3,a,51a17262-Audio_SP18.v0,group_0,1,fave,175.53387548638824,76.38185392512668,9,para,"",0.09999999999990905,salgan,[silence],R,#,R,.,final
549.8520598470188,1858.9860595197472,2791.3267129894743,4.350567609877169,2.9952687036695855,4.5344203768394,6769.2307692307695,0.0013216389218741456,2793.6787499999996,0.037,0.32456140350877194,0-0-4112-3,a,51a17262-Audio_SP18.v0,group_0,1,fave,189.7397770792926,81.45440873622954,9,llena,"",0.09000000000014552,te,no,n,#,n,n,final
634.7913899585058,1853.2563325450062,3049.9400670670543,3.4873695475348576,2.5765341147685525,3.6521267206261823,6051.282051282051,0.0010501758162288083,2794.2537500000003,0.047,0.3263888888888889,0-0-4115-1,a,51a17262-Audio_SP18.v0,group_0,1,fave,260.69457184876586,79.58784881394978,9,satisface,"",0.11999999999989086,te,del,s,t,s,t,internal
878.6089380112853,1783.3500824698474,3118.667454977186,4.128520456593717,2.9935994510522583,3.7948884793336224,6769.2307692307695,0.003098373349457636,2801.1537500000004,0.047,0.3263888888888889,0-0-4126-3,a,51a17262-Audio_SP18.v0,group_0,1,fave,194.16524166778723,79.57260939257213,9,enmarcado,"",0.11999999999989086,[silence],en,m,R,m,R,internal
753.9723461462177,1790.8250893218553,2987.8887311218637,4.120165154241117,3.2001010991744634,4.085895448930015,6230.7692307692305,0.02172287180925564,2802.29875,0.097,0.3299319727891157,0-0-4129-3,a,51a17262-Audio_SP18.v0,group_0,1,fave,158.13089927002844,78.14355586867356,9,vida,"",0.2699999999999818,tu,",",d,#,d,.,final
292.7475225386324,782.8945382706972,1430.4414432648468,3.16858772062576,2.8132625419236184,3.735483107218314,3000.0,0.002331855614409975,2802.8577499999997,0.055,0.33536585365853655,0-0-4131-2,a,51a17262-Audio_SP18.v0,group_0,1,fave,258.1822257449308,76.64888616575118,9,una,"",0.13999999999987267,",",pasión,n,#,n,p,final
719.1531331834367,1583.9141350546718,1988.7015473433248,2.79867958948144,3.6874117867704284,3.7654863059039556,4256.410256410256,0.00013144314065558624,2806.20775,0.035,0.3365384615384616,0-0-4141-2,a,51a17262-Audio_SP18.v0,group_0,1,fave,182.6789714157301,80.80056909342187,9,trabajar,"",0.07999999999992724,de,con,R,b,R,b,internal
634.2007959428536,1326.6355075859592,2695.6518599553883,3.822333764698172,3.695264613888507,4.051395870767003,5692.3076923076915,0.00046264224448954664,2806.32575,0.031,0.32978723404255317,0-0-4141-4,a,51a17262-Audio_SP18.v0,group_0,1,fave,179.6912363363846,79.66383588732354,9,trabajar,"",0.07000000000016371,de,con,b,x,b,x,internal
648.8409635090718,1778.4021802427242,3015.5813862138925,3.17792652123435,3.0785185935379324,3.859827004676969,6051.282051282051,0.0004349985763262412,2810.2507499999997,0.041,0.3306451612903226,0-0-4152-0,a,51a17262-Audio_SP18.v0,group_0,1,fave,220.54669710818104,81.16519669338993,9,a,"",0.09999999999990905,frente,una,#,#,e,ú,coextensive
821.2175217651195,1785.2534263932293,2928.947519274797,3.456675367331312,3.7971786268954744,4.389058119850608,6589.74358974359,0.003060061514497975,2810.4687499999995,0.07700000000000001,0.3290598290598291,0-0-4153-2,a,51a17262-Audio_SP18.v0,group_0,1,fave,201.5245835139071,76.99494918250036,9,una,"",0.21000000000003638,a,computadora,n,#,n,k,final
595.807224996459,1865.397196310923,2867.948691672729,3.9130183953857434,2.7822809447774106,4.614240761352181,6948.717948717948,0.0005089748716308933,2811.23575,0.031,0.32978723404255317,0-0-4154-10,a,51a17262-Audio_SP18.v0,group_0,1,fave,176.2063938781478,80.0425457728451,9,computadora,"",0.07000000000016371,una,no,R,#,R,n,final
644.0300297561519,1792.5893522229374,3217.506638173125,3.6311222601794335,2.756994085200301,4.137605264934631,6410.25641025641,0.00014690815749991053,2812.17575,0.031,0.32978723404255317,0-0-4157-1,a,51a17262-Audio_SP18.v0,group_0,1,fave,219.8385050401434,79.91247629079157,9,satisface,"",0.07000000000016371,me,[silence],s,t,s,t,internal
886.194614274011,1741.2828239972912,2822.086032305095,3.9566434215190074,3.2035087845411057,3.5806855685372785,5871.794871794871,0.0008625550040342026,2818.4807499999997,0.041,0.3306451612903226,0-0-4172-0,a,51a17262-Audio_SP18.v0,group_0,1,fave,202.41559805261394,77.57837740071227,9,ahora,"",0.09999999999990905,puntuales,[silence],#,ó,s,ó,initial
736.0955454776007,1803.034473831319,2883.614874958952,3.9058604548354086,3.612750000352766,3.9098138879876987,7128.205128205128,0.04212362258173619,2818.84575,0.07100000000000001,0.3317757009345794,0-0-4172-3,a,51a17262-Audio_SP18.v0,group_0,1,fave,286.1595927640666,76.33337869046363,9,ahora,"",0.19000000000005457,puntuales,[silence],R,#,R,®,final
677.3015006358615,1878.638113041497,2909.4957153444316,4.076738829579648,2.499706531220856,3.4585666333139233,6051.282051282051,0.0004300322576678843,2821.34775,0.035,0.33653846153846156,0-0-4181-4,a,51a17262-Audio_SP18.v0,group_0,1,fave,192.84112141404125,79.56883661425752,9,pueda,"",0.07999999999992724,que,ya,d,#,d,y,final
698.4192824922901,1963.0623010933207,2501.806853237848,3.769171443525108,3.004151607174727,4.788767528764114,6051.282051282051,0.00012609238935541364,2824.96375,0.027000000000000003,0.32142857142857145,0-0-4191-0,a,51a17262-Audio_SP18.v0,group_0,1,fave,225.1668633353823,77.96934125192477,9,a,"",0.06000000000040018,volver,mí,#,#,R,m,coextensive
868.7802392261368,1895.748269233744,2887.927568251652,4.449106602961198,3.377494341831675,5.035194392440765,8384.615384615383,0.0013349487541431887,2825.44375,0.027000000000000003,0.32142857142857145,0-0-4194-0,a,51a17262-Audio_SP18.v0,group_0,1,fave,206.136663156965,77.00891761321955,9,a,"",0.05999999999994543,",",mi,#,#,.,m,coextensive
396.5760409298696,1898.4885995109805,3036.724123100145,4.072931502668013,2.6143236971841333,3.3508249478872245,7666.666666666666,0.006036076805774779,2826.1007499999996,0.041,0.3306451612903226,0-0-4196-5,a,51a17262-Audio_SP18.v0,group_0,1,fave,177.91331759846616,79.83311685634159,9,rutina,"",0.09999999999990905,mi,que,n,#,n,k,final
800.1422766132877,1986.0795027118115,2933.0440106434467,4.0702234444090495,2.9646695700476977,3.884886295401238,6589.74358974359,0.000461911884444797,2827.6807499999995,0.041,0.3306451612903226,0-0-4202-0,a,51a17262-Audio_SP18.v0,group_0,1,fave,186.18458022207713,81.0646941385969,9,agrada,"",0.1000000000003638,e,más,#,g,é,g,initial
770.8555745007045,1709.59959574679,3011.9523353991085,4.026112832160297,3.572220908246904,4.205628367875976,6051.282051282051,0.00034801613817515517,2828.03075,0.041,0.3306451612903226,0-0-4202-5,a,51a17262-Audio_SP18.v0,group_0,1,fave,174.34181039405232,81.89993002656709,9,agrada,"",0.09999999999990905,e,más,d,#,d,m,final
797.5244044926559,1547.2958229761243,3128.463047548518,4.387994895442087,3.985902197154991,4.440644118652158,6230.7692307692305,0.00810450046053126,2848.37275,0.045,0.3358208955223881,0-0-4209-0,a,51a17262-Audio_SP18.v0,group_0,1,fave,174.54450336946869,81.22834090626787,9,al,"",0.11000000000012733,",",principio,#,l,.,l,initial
707.9468347372774,1933.3495364973255,2730.956317746077,3.421467396447437,3.2424654006866342,3.9916725963264574,6051.282051282051,0.00216006266651052,2862.9407499999998,0.061000000000000006,0.3315217391304348,0-0-4221-1,a,51a17262-Audio_SP18.v0,group_0,1,fave,233.749602994554,79.84807524956867,9,la,"",0.16000000000030923,[silence],retroalimentación,l,#,l,r,final
625.1110484783686,1908.1538062521045,3173.3349367237342,4.01202023525686,2.77249186633085,3.9720951709965187,6769.2307692307695,0.008384776487101491,2865.84075,0.061000000000000006,0.3315217391304348,0-0-4228-3,a,51a17262-Audio_SP18.v0,group_0,1,fave,173.04802612472986,79.51752424787762,9,vida,"",0.15999999999985448,da,[silence],d,#,d,®,final
839.3494135039936,1887.6534588903255,2958.9122023230475,3.2663814364913253,2.1887495591856494,3.7494771396545685,6230.7692307692305,0.0011691501791713113,2869.99375,0.067,0.32843137254901966,0-0-4241-2,a,51a17262-Audio_SP18.v0,group_0,1,fave,273.60736482146274,78.13555927755554,9,acá,"",0.1799999999998363,",",tú,k,#,k,t,final
718.4604307493466,1921.5148072720374,2819.3641132322105,3.6225188894986173,3.0661153039533926,3.956116989403801,5871.794871794871,0.0015953350805633525,2870.65575,0.07100000000000001,0.3317757009345795,0-0-4243-3,a,51a17262-Audio_SP18.v0,group_0,1,fave,224.88954270624566,76.62726712634051,9,estás,"",0.19000000000005457,tú,[silence],t,s,t,s,internal
665.3396547752496,1884.4390634355052,2368.828934611768,4.209739574694802,2.422457865782799,5.036085704869092,5871.794871794871,0.00005096003045524435,2872.0127500000003,0.025,0.33783783783783783,0-0-4247-2,a,51a17262-Audio_SP18.v0,group_0,1,fave,236.0299691185472,84.07983906736904,9,prácticamente,"",0.0500000000001819,[silence],contigo,R,k,R,k,internal
699.8117987453819,1805.4102297709758,2757.0126079770403,3.6996859398961512,3.849260051973418,4.388165007388244,5871.794871794871,0.00018720449999977388,2873.0527500000003,0.025,0.33783783783783783,0-0-4249-4,a,51a17262-Audio_SP18.v0,group_0,1,fave,212.30216597701036,74.02370052737366,9,misma,"",0.0500000000001819,contigo,será,m,#,m,s,final
878.0610795664342,1790.4386794319566,2822.014917051928,3.5375586250829887,2.7893081976657204,4.258148861374679,6051.282051282051,0.0017012859008266419,2879.81275,0.08499999999999999,0.33464566929133854,0-0-4276-5,a,51a17262-Audio_SP18.v0,group_0,1,fave,224.64847626492207,79.47376617649377,9,vendrá,"",0.2300000000000182,qué,qué,R,#,R,k,final
822.1084696903827,1778.003384082289,2765.9002254742554,3.580201412568845,2.765063727792069,3.5593412781365825,5871.794871794871,0.001091965465940099,2880.24275,0.045,0.33582089552238803,0-0-4278-1,a,51a17262-Audio_SP18.v0,group_0,1,fave,162.976615581167,73.01305912089036,9,pasará,"",0.11000000000012733,qué,que,p,s,p,s,internal
945.8835415149151,1844.905661222301,2968.5652667384493,3.5345967364772823,2.5754309785809966,3.649065943184094,6051.282051282051,0.0032390885639474332,2880.6297500000005,0.159,0.3354430379746835,0-0-4278-5,a,51a17262-Audio_SP18.v0,group_0,1,fave,218.7756923336042,70.08251117487939,9,pasará,"",0.4499999999998181,qué,que,R,#,R,k,final
691.4450503399048,1613.1074906385254,2816.081293285513,3.4383491706230367,3.4250992860902865,4.656226999352088,6589.74358974359,0.00017577253265395175,2890.3137500000003,0.027000000000000003,0.32142857142857145,0-0-4301-1,a,51a17262-Audio_SP18.v0,group_0,1,fave,215.0577401291629,83.13043664592743,9,parecer,"",0.05999999999994543,[silence],[silence],p,R,p,R,internal
789.7780549492513,1965.2886915255315,2911.5184389380447,3.04695502423832,2.8779575482909276,3.414219641839859,5871.794871794871,0.00008194041937785709,2895.52775,0.035,0.3365384615384616,0-0-4311-0,a,51a17262-Audio_SP18.v0,group_0,1,fave,196.10404536608132,81.68821351628088,9,aleja,"",0.07999999999992724,te,[silence],#,l,e,l,initial
337.5032681886659,1124.4543233645159,1756.380112214227,3.029661969043678,3.173821317990243,2.629565494151238,4794.871794871795,0.0015369334614421923,2896.0527500000003,0.045,0.33582089552238803,0-0-4311-4,a,51a17262-Audio_SP18.v0,group_0,1,fave,305.4348825288585,81.69622165445969,9,aleja,"",0.10999999999967258,te,[silence],x,#,x,.,final
842.2502846863838,1803.9314362501993,3354.3381124560538,4.365184360593382,3.5453447769096016,4.8319768149006865,8205.128205128205,0.005815831615522576,2896.42775,0.035,0.33653846153846156,0-0-4313-0,a,51a17262-Audio_SP18.v0,group_0,1,fave,198.93985667023728,79.34278888183631,9,además,"",0.07999999999992724,[silence],[silence],#,d,.,d,initial
618.7635188438165,1788.6101213266863,3023.5309432802756,4.114416318350172,3.4751665009990527,4.078584537157598,7307.692307692308,0.003709020924039061,2896.74575,0.07100000000000001,0.3317757009345795,0-0-4313-4,a,51a17262-Audio_SP18.v0,group_0,1,fave,206.24581105721364,80.03255766067234,9,además,"",0.19000000000005457,[silence],[silence],m,s,m,s,internal
1786.3545006908867,1979.1863047228721,2942.8713714181827,4.284509411758091,3.1503578008167326,2.809020228478607,6051.282051282051,0.001517708353958999,2901.46375,0.027000000000000003,0.32142857142857145,0-0-4324-0,a,51a17262-Audio_SP18.v0,group_0,1,fave,NaN,74.24651166680503,9,al,"",0.06000000000040018,[silence],pendiente,#,l,®,l,initial
772.1932424964576,1894.6117470257918,3137.427383267815,3.704966765589613,3.462661688125701,4.628781351283417,7487.179487179487,0.0010500056959915403,2902.72775,0.035,0.33653846153846156,0-0-4326-3,a,51a17262-Audio_SP18.v0,group_0,1,fave,181.18145505641482,73.62469010748698,9,para,"",0.07999999999992724,pendiente,poder,R,#,R,p,final
809.4537906471444,1803.8579683406629,3259.372819040235,4.373637697176695,3.283784560888443,4.6758610587934895,6769.2307692307695,0.0019243500582718782,2908.12575,0.031,0.32978723404255317,0-0-4340-3,a,51a17262-Audio_SP18.v0,group_0,1,fave,189.23568540045758,78.22283928985094,9,están,"",0.06999999999970896,que,cerca,t,n,t,n,internal
743.2412751740824,1791.9597087878146,2988.3454119407156,3.7324612733033478,3.216241969908549,3.5466826795072506,5692.3076923076915,0.00022221222227912182,2908.6787499999996,0.037,0.32456140350877194,0-0-4341-4,a,51a17262-Audio_SP18.v0,group_0,1,fave,125.8137429864559,78.80889044655703,9,cerca,"",0.09000000000014552,están,",",k,#,k,.,final
700.8981011103606,1933.3543418317167,3098.9717591222434,3.444013059177667,2.9066860565361576,3.5902049694022278,6051.282051282051,0.001343781647657233,2910.4177499999996,0.055,0.33536585365853655,0-0-4349-0,a,51a17262-Audio_SP18.v0,group_0,1,fave,187.52546459810247,80.05659665056358,9,arropa,"",0.14000000000032742,te,[silence],#,r,e,r,initial
746.445628250363,1504.8898805738036,2918.6421504395194,3.928647775759091,3.436119729718632,2.97535589377383,5871.794871794871,0.00038324159244589186,2910.93575,0.031,0.32978723404255317,0-0-4349-4,a,51a17262-Audio_SP18.v0,group_0,1,fave,179.39911280200727,79.77524092117982,9,arropa,"",0.06999999999970896,te,[silence],p,#,p,&,final
862.019295339816,1709.5102259725618,2695.340129047637,3.2831467416310907,3.2638238848189305,4.651749290728703,6051.282051282051,0.0010883249903058513,2914.6187499999996,0.037000000000000005,0.324561403508772,0-0-4360-1,a,51a17262-Audio_SP18.v0,group_0,1,fave,206.86589167572794,79.02624049253936,9,pasaste,"",0.09000000000014552,que,doce,p,s,p,s,internal
609.0859369783026,1915.3629772186644,3051.3255610384654,3.6011607917793302,3.2655870474041824,2.9844200203176467,5692.3076923076915,0.000014906406319073023,2918.91375,0.027000000000000003,0.32142857142857145,0-0-4369-0,a,51a17262-Audio_SP18.v0,group_0,1,fave,197.63627022148313,79.36252969399335,9,a,"",0.05999999999994543,Frente,un,#,#,e,ú,coextensive
646.8542632997443,1842.9482420919655,3029.420311671541,3.4088496866303366,3.022908275340275,3.20258854853592,5871.794871794871,0.00004329522143131825,2919.44375,0.027000000000000003,0.32142857142857145,0-0-4371-6,a,51a17262-Audio_SP18.v0,group_0,1,fave,195.6420587464121,78.67893078879302,9,computador,"",0.05999999999994543,un,y,t,d,t,d,internal
941.9762208230803,1832.1198572582834,3042.2709672350798,3.9797459034161693,3.2311825850036193,4.4061031592859985,6051.282051282051,0.0030815570271900436,2921.00075,0.101,0.3322368421052631,0-0-4376-3,a,51a17262-Audio_SP18.v0,group_0,1,fave,202.788315282866,75.36166439856741,9,está,"",0.2800000000002001,dónde,dónde,t,#,t,d,final
716.9439639959708,1937.0481015846235,3180.0540815267227,3.95834269974133,2.728368517585091,4.629811106926966,6410.25641025641,0.00014912364111105116,2921.85375,0.027000000000000003,0.32142857142857145,0-0-4378-3,a,51a17262-Audio_SP18.v0,group_0,1,fave,196.39414866020914,76.99741892512867,9,queda,"",0.05999999999994543,dónde,[silence],d,#,d,&,final
751.2730075101465,1871.2562053792183,3059.2354277538475,2.9529861389955543,3.0449114277742084,3.879503678562545,5692.3076923076915,0.00013808061386501606,2922.56575,0.031,0.32978723404255317,0-0-4380-1,a,51a17262-Audio_SP18.v0,group_0,1,fave,186.94467253516555,80.22400960860408,9,la,"",0.06999999999970896,[silence],parte,l,#,l,p,final
750.7305643167962,1691.2538225019298,2944.1100094058047,3.3502326187154665,3.6385575486855593,3.6633609833080993,5871.794871794871,0.00048744894603984355,2923.05775,0.035,0.3365384615384616,0-0-4382-1,a,51a17262-Audio_SP18.v0,group_0,1,fave,217.7778896543239,75.39657643652201,9,familiar,"",0.07999999999992724,parte,dónde,f,m,f,m,internal
748.6117010004128,1868.1591819124396,3158.098398079302,3.24135066565893,3.6289129136106584,3.8700382449642783,6589.74358974359,0.0003692870145815471,2924.40275,0.045,0.3358208955223881,0-0-4384-3,a,51a17262-Audio_SP18.v0,group_0,1,fave,205.94830040437043,75.83559752187266,9,queda,"",0.10999999999967258,dónde,tu,d,#,d,t,final
539.1484620980686,1747.3812058698759,3299.423035142516,2.783866137465682,3.6900513184485013,4.410628396812312,6769.2307692307695,0.000357421288277195,2924.8137500000003,0.027000000000000003,0.32142857142857145,0-0-4386-3,a,51a17262-Audio_SP18.v0,group_0,1,fave,266.2484067560192,83.677030786187,9,vida,"",0.05999999999994543,tu,social,d,#,d,s,final
511.31535586216415,1555.5939185719062,2910.416465953086,2.783701766397849,3.500705260485696,4.2255382772648575,6230.7692307692305,0.0009195558927351975,2926.84775,0.035,0.33653846153846156,0-0-4391-4,a,51a17262-Audio_SP18.v0,group_0,1,fave,244.04241775032037,83.88438036979167,9,obviamente,"",0.07999999999992724,[silence],no,i,m,i,m,internal
623.0464068919898,1919.705310260626,2999.6754987183476,3.2399195046979035,2.5936916413267292,3.982057239449991,5871.794871794871,0.0004489462394647587,2934.3137500000003,0.027000000000000003,0.32142857142857145,0-0-4409-3,a,51a17262-Audio_SP18.v0,group_0,1,fave,219.2340117221296,80.66531295915742,9,relacionarnos,"",0.05999999999994543,podemos,podemos,l,z,l,z,internal
789.6222469205227,1829.9209881633758,2907.803298691684,3.3963781482736044,2.6427619036843626,3.4050308963215405,5871.794871794871,0.0012385119240844343,2936.2107499999997,0.041,0.3306451612903226,0-0-4413-3,a,51a17262-Audio_SP18.v0,group_0,1,fave,209.4105499907692,77.25653294080699,9,otras,"",0.09999999999990905,[silence],[silence],R,s,R,s,internal
365.90316762404217,1760.7139897294167,2009.1483068695854,4.060352069872029,3.2879568645814023,4.106579041324155,6769.2307692307695,0.00022794710752788237,2937.0727500000003,0.025,0.33783783783783783,0-0-4415-4,a,51a17262-Audio_SP18.v0,group_0,1,fave,179.06101986088896,76.08009323771077,9,formas,"",0.0500000000001819,[silence],.,m,s,m,s,internal
714.7626984456433,1853.8140943204105,2796.017655058063,4.256583215788375,3.878126528730733,4.690083804415855,6948.717948717948,0.002554710524866815,2938.97775,0.035,0.3365384615384616,0-0-4420-2,a,51a17262-Audio_SP18.v0,group_0,1,fave,182.1846099784692,77.7372307203463,9,trabajo,"",0.07999999999992724,de,[silence],R,b,R,b,internal
625.8427180224506,1853.8315557481483,2727.9251499294496,3.774661658745053,2.3747558313658725,3.5600710885720734,5871.794871794871,0.0008386882654251155,2941.0387499999997,0.037000000000000005,0.324561403508772,0-0-4424-5,a,51a17262-Audio_SP18.v0,group_0,1,fave,164.15060392086485,71.08264439138023,9,estresa,"",0.09000000000014552,te,[silence],s,#,s,&,final
675.2323251078991,1853.9388224451563,3017.684981278091,4.1802567650910625,2.865707082753392,4.32526628682546,7307.692307692308,0.006830446721718009,2943.3237500000005,0.047,0.3263888888888889,0-0-4428-4,a,51a17262-Audio_SP18.v0,group_0,1,fave,164.25792918255198,79.18731310541756,9,carga,"",0.11999999999989086,Te,.,g,#,g,.,final
975.6497043788978,1912.0692561157496,2821.535193623771,3.9974205896274833,2.6723004004976665,4.517899624573548,6230.7692307692305,0.015287285294460252,2946.89575,0.051000000000000004,0.3311688311688312,0-0-4436-3,a,51a17262-Audio_SP18.v0,group_0,1,fave,177.65259096991315,78.14939853225603,9,hasta,"",0.13000000000010914,veces,ansiosa,t,#,t,a,final
1089.0984117158234,1869.0774614252673,3013.71261692551,4.345842990506139,3.31076369343906,4.699332293720837,6230.7692307692305,0.03036195060387207,2947.0327500000003,0.065,0.33505154639175255,0-0-4437-0,a,51a17262-Audio_SP18.v0,group_0,1,fave,207.48481496584992,78.31328796303605,9,ansiosa,"",0.17000000000007276,hasta,porque,#,n,a,n,initial
1013.6824763720078,1667.4878384397161,2853.7382797453192,4.048685287784548,3.7585104949483985,4.407277091799091,6051.282051282051,0.013735229708352883,2947.73875,0.097,0.3299319727891157,0-0-4437-6,a,51a17262-Audio_SP18.v0,group_0,1,fave,143.8884853029432,78.56300453970661,9,ansiosa,"",0.2699999999999818,hasta,porque,s,#,s,p,final
827.4151301226291,1805.1198552964008,3197.275846359138,3.8592420770308715,3.5518392363707476,4.599819197621545,6230.7692307692305,0.0074044309828179,2951.68075,0.061000000000000006,0.3315217391304348,0-0-4447-3,a,51a17262-Audio_SP18.v0,group_0,1,fave,264.07092646889515,74.35968626636036,9,cosa,"",0.15999999999985448,tal,o,s,#,s,o,final
793.6673244737163,1656.6615541178016,2893.6649598005156,3.541138086029314,3.620457477117164,2.9697604081002713,5692.3076923076915,0.0033261658553180324,2952.3107499999996,0.041,0.3306451612903226,0-0-4450-1,a,51a17262-Audio_SP18.v0,group_0,1,fave,211.4696723117118,78.40905272491048,9,la,"",0.09999999999990905,no,pude,l,#,l,p,final
711.0803118665345,1873.9545816463649,3115.177369018298,3.467780964387035,3.165980044436157,4.02867364354017,6410.25641025641,0.0005319397392489139,2954.36575,0.031,0.32978723404255317,0-0-4455-6,a,51a17262-Audio_SP18.v0,group_0,1,fave,246.55736563281553,79.42680453176682,9,molestas,"",0.07000000000016371,Te,porque,t,s,t,s,internal
610.0668619327905,1760.7126644365105,2536.4268266633685,2.779458667633622,3.519331869696224,3.428537216217795,5692.3076923076915,0.0008630965061714488,2961.2707499999997,0.041,0.3306451612903226,0-0-4479-1,a,51a17262-Audio_SP18.v0,group_0,1,fave,165.94904227648917,74.21919865674903,9,la,"",0.09999999999990905,cayó,conexión,l,#,l,k,final
658.3721929312577,2028.9859649332648,2964.505559773766,2.709765889086971,2.6581635437795725,3.063829853587741,5512.820512820513,0.00012290184902279447,2963.10775,0.035,0.33653846153846156,0-0-4486-1,a,51a17262-Audio_SP18.v0,group_0,1,fave,96.75817241412237,80.06267306108961,9,la,"",0.07999999999992724,fue,electricidad,l,#,l,e,final
569.6877148409903,1857.0108937525108,3096.3590053567855,3.5619124870874757,2.083078445379018,3.660531225656613,5871.794871794871,0.00007418683927145015,2966.13775,0.035,0.3365384615384616,0-0-4494-3,a,51a17262-Audio_SP18.v0,group_0,1,fave,268.8079285806658,77.8260018985042,9,cosas,"",0.07999999999992724,de,te,s,s,s,s,internal
674.9694396978095,1604.0672038162854,3137.2838617305792,3.2108759437421313,3.4538670383904706,4.247922100807047,5871.794871794871,7.113633348910028e-6,2972.21275,0.025,0.33783783783783783,0-0-4510-0,a,51a17262-Audio_SP18.v0,group_0,1,fave,268.6219134260042,82.44143698164379,9,a,"",0.0500000000001819,Comunicarlo,los,#,#,o,l,coextensive
1120.4884942915417,1792.79955280634,3068.668175801649,3.9693049024206966,3.4924627645814565,3.4783995558442635,6230.7692307692305,0.0010690758375201713,2972.6737500000004,0.047,0.3263888888888889,0-0-4512-3,a,51a17262-Audio_SP18.v0,group_0,1,fave,206.93925127558515,78.6989086503544,9,demás,"",0.11999999999989086,los,",",m,s,m,s,internal
662.1362775461557,1687.0190680939186,3001.837692806413,3.403018489707282,2.942420900646077,2.7380679129546053,5692.3076923076915,0.00001692864289792634,2974.57375,0.027000000000000003,0.32142857142857145,0-0-4520-6,a,51a17262-Audio_SP18.v0,group_0,1,fave,213.0689377568241,81.87567366700074,9,computador,"",0.05999999999994543,el,",",t,d,t,d,internal
799.7919942042804,1678.1870582031174,2888.049543528846,3.8171425509099097,2.720141153844479,3.2756052688476167,6410.25641025641,0.00004657658198932469,2978.00375,0.027000000000000003,0.32142857142857145,0-0-4530-1,a,51a17262-Audio_SP18.v0,group_0,1,fave,240.46777151792622,81.64454574197246,9,parece,"",0.06000000000040018,me,que,p,R,p,R,internal
840.7964647945229,1813.3743330828618,3070.851991029682,3.602837977455916,3.533807297037993,3.587607489986146,5871.794871794871,0.0009915629076419595,2980.35875,0.037000000000000005,0.324561403508772,0-0-4538-2,a,51a17262-Audio_SP18.v0,group_0,1,fave,224.45448659767416,76.158134457904,9,una,"",0.08999999999969077,que,persona,n,#,n,p,final
905.2830845602799,1822.7002672114083,3221.929355814341,3.6468127514569435,3.124835004843653,3.825458630503167,6230.7692307692305,0.00819666513193223,2980.90275,0.125,0.33422459893048123,0-0-4539-6,a,51a17262-Audio_SP18.v0,group_0,1,fave,211.93652165752064,75.4832633602163,9,persona,"",0.34999999999990905,una,disfrute,n,#,n,d,final
286.81299319976233,894.6116885417383,1351.7489675135155,3.031361226566688,2.9832970499608984,3.5762456885285925,3000.0,0.00818827031898316,3018.44275,0.165,0.33400809716599184,0-0-4558-2,a,51a17262-Audio_SP18.v0,group_0,1,fave,252.32794526887562,77.52598444138219,9,una,"",0.4699999999997999,[silence],[silence],n,#,n,.,final
335.063306696872,1016.8717307087873,1658.2299104352567,2.324549206366016,3.5988452073461352,3.597479064139562,3358.974358974359,0.0029434447063946267,3019.93075,0.061000000000000006,0.3315217391304348,0-0-4562-2,a,51a17262-Audio_SP18.v0,group_0,1,fave,313.0185441248549,84.62146194519968,9,una,"",0.15999999999985448,[silence],opción,n,#,n,ó,final
723.7742213826863,1438.9899403820496,1819.1615194507372,3.6386402353983303,3.6491781763610613,3.59876636080918,4256.410256410256,0.0024267628292408945,3021.2857500000005,0.051000000000000004,0.3311688311688312,0-0-4565-2,a,51a17262-Audio_SP18.v0,group_0,1,fave,237.33899321826925,79.29012386950457,9,una,"",0.1299999999996544,",",opción,n,#,n,ó,final
871.2877046824592,1931.5215954127796,2959.1884946338596,3.7585290611915916,3.4931567595515136,3.1711401685298313,5512.820512820513,0.0006770517994311612,3034.78075,0.041,0.3306451612903226,0-0-4592-0,a,51a17262-Audio_SP18.v0,group_0,1,fave,212.22855581212568,76.60844645666718,9,algunos,"",0.09999999999990905,en,casos,#,l,n,l,initial
663.2763009986147,1881.6794629114927,2996.2001327330745,2.915380183396437,3.875996676579336,3.334577526648306,5871.794871794871,0.0028248986882655077,3036.2387499999995,0.07700000000000001,0.3290598290598291,0-0-4599-4,a,51a17262-Audio_SP18.v0,group_0,1,fave,258.282213433188,75.64238157258227,9,gusta,"",0.21000000000003638,me,es,t,#,t,é,final
788.4375314871905,1923.0598016421156,2791.9215255209015,3.443256522000909,2.844425171432887,3.095601742582517,6051.282051282051,0.00001543019330026811,3037.57375,0.027000000000000003,0.32142857142857145,0-0-4604-1,a,51a17262-Audio_SP18.v0,group_0,1,fave,194.86001802435257,78.74111113273881,9,la,"",0.05999999999994543,veces,plataforma,l,#,l,p,final
689.274032095247,1818.7821053866342,2773.2352004578415,3.447795973922283,2.9313185845682326,2.891106784035001,5692.3076923076915,0.00020501826724891954,3037.74575,0.031,0.32978723404255317,0-0-4605-2,a,51a17262-Audio_SP18.v0,group_0,1,fave,186.99455484884425,79.51764133327201,9,plataforma,"",0.07000000000016371,la,es,l,t,l,t,internal
576.3246727202312,1718.4675689532185,2893.114045650098,3.653778298006228,3.4087178099096027,3.527070755174466,5692.3076923076915,0.00016497434888383049,3037.86375,0.027000000000000003,0.32142857142857145,0-0-4605-4,a,51a17262-Audio_SP18.v0,group_0,1,fave,NaN,77.62294509959595,9,plataforma,"",0.05999999999994543,la,es,t,f,t,f,internal
1121.3240983668793,1822.3968957207924,2919.3066692189755,3.9048765702188586,3.5653379999849015,4.124634474456036,6051.282051282051,0.003209387648021597,3038.2887499999997,0.07700000000000001,0.3290598290598291,0-0-4605-9,a,51a17262-Audio_SP18.v0,group_0,1,fave,173.5736347055479,72.76825714853008,9,plataforma,"",0.21000000000003638,la,es,m,#,m,é,final
698.6384143053263,1796.8449009848525,3054.7714270620017,3.368014792187748,2.7293820420353065,3.6917660472661953,6948.717948717948,0.0026444369689594873,3040.0387499999997,0.097,0.3299319727891157,0-0-4609-5,a,51a17262-Audio_SP18.v0,group_0,1,fave,154.300457238072,81.49252389623902,9,cerrada,"",0.27000000000043656,muy,",",d,#,d,.,final
534.6908035224466,830.42514884792,1424.404535615777,3.2440574062712124,3.13934264150433,3.7357233248054835,3358.974358974359,0.004108084924621643,3043.0807499999996,0.041,0.3306451612903226,0-0-4618-0,a,51a17262-Audio_SP18.v0,group_0,1,fave,207.6971047443629,73.82101914133935,9,a,"",0.09999999999990905,Microworkers,veces,#,#,s,b,coextensive
833.3845326856505,1864.9440759762604,2866.5030738926025,3.480462467878966,2.792050553213593,3.1926695542389063,5871.794871794871,0.0006232373331832941,3045.20775,0.035,0.3365384615384616,0-0-4623-1,a,51a17262-Audio_SP18.v0,group_0,1,fave,210.02375802380115,79.93253655551814,9,la,"",0.07999999999992724,[silence],comunicación,l,#,l,k,final
875.4525680500864,1828.1246636790584,3059.9548709678684,4.289509249400173,2.2773075494497483,4.218118838292653,6410.25641025641,0.004546305623918454,3050.15775,0.035,0.33653846153846156,0-0-4634-8,a,51a17262-Audio_SP18.v0,group_0,1,fave,301.0863238976598,79.1481295713549,9,inmediata,"",0.07999999999992724,muy,.,t,#,t,.,final
476.9235127127626,1821.8901702422272,2815.7241934012945,3.470919788599927,3.537131810102726,3.139324982848536,5512.820512820513,0.00005838093322702683,3053.57375,0.027000000000000003,0.32142857142857145,0-0-4641-3,a,51a17262-Audio_SP18.v0,group_0,1,fave,186.6052134557352,73.93500615113254,9,cosas,"",0.05999999999994543,de,es,s,s,s,s,internal
678.3523516924561,1949.8706920539037,2941.6893218511595,3.6700676992941554,2.8412324206251376,2.7423915248685953,5692.3076923076915,0.00012791363857838834,3053.99575,0.031,0.32978723404255317,0-0-4643-2,a,51a17262-Audio_SP18.v0,group_0,1,fave,197.94724532826592,78.9050876217933,9,realmente,"",0.07000000000016371,es,no,e,l,e,l,internal
668.6324975905598,1715.0132000814367,2996.6796309696824,3.3911366910465883,3.3342393479041323,3.5180032298053994,5692.3076923076915,0.000043259444779735016,3054.7607499999995,0.041,0.3306451612903226,0-0-4645-1,a,51a17262-Audio_SP18.v0,group_0,1,fave,228.2884914853206,81.67331650597872,9,saber,"",0.1000000000003638,no,[silence],s,b,s,b,internal
401.5414663705209,1165.1963364673506,1427.252909120062,3.996938483280438,3.111679750294297,4.228850454611332,3717.948717948718,0.00022042279369659015,3057.36375,0.027000000000000003,0.32142857142857145,0-0-4655-1,a,51a17262-Audio_SP18.v0,group_0,1,fave,115.58291750136102,80.35965203942916,9,manejando,"",0.05999999999994543,están,todo,m,n,m,n,internal
576.9996305133031,1098.742335703133,1655.2938118703682,3.5267699511157327,3.8690197157405626,3.2618718381631098,3000.0,0.02350454912188344,3071.13775,0.035,0.33653846153846156,0-0-4676-2,a,51a17262-Audio_SP18.v0,group_0,1,fave,216.88077699701688,73.69799452925669,9,realmente,"",0.07999999999992724,[silence],quién,e,l,e,l,internal
851.5024484872815,1743.407927288662,2979.5102926748204,3.3492982610557864,3.2629626133156955,3.389004295014273,6230.7692307692305,0.0007735710656723323,3072.1107500000003,0.181,0.3327205882352941,0-0-4678-3,a,51a17262-Audio_SP18.v0,group_0,1,fave,200.58220591935194,80.29882143693274,9,está,"",0.5199999999999818,quién,%%,t,#,t,&,final
717.5545980461028,1759.4475995311504,2917.550501770598,3.4660100099626954,3.0233616157806664,3.8752109810840594,5692.3076923076915,0.00017944107426649412,3097.99375,0.027000000000000003,0.32142857142857145,0-0-4693-3,a,51a17262-Audio_SP18.v0,group_0,1,fave,278.2519192829259,80.53384930853701,9,hasta,"",0.05999999999994543,que,ahora,t,#,t,a,final
544.5294612754677,1627.7604695905939,2896.9001725458725,2.7816813190311764,3.504582573780293,4.128308140002255,5512.820512820513,0.000012060059426897009,3098.05375,0.027000000000000003,0.32142857142857145,0-0-4694-0,a,51a17262-Audio_SP18.v0,group_0,1,fave,253.8293881323841,82.8559876216108,9,ahora,"",0.05999999999994543,hasta,[silence],#,ó,a,ó,initial
634.9602387658931,1790.1085245419752,3047.302801542757,3.8727091600096393,3.3036666735945386,2.6474617774243083,5871.794871794871,0.028616492323208412,3098.2587499999995,0.07700000000000001,0.3290598290598291,0-0-4694-3,a,51a17262-Audio_SP18.v0,group_0,1,fave,251.81805701374387,71.95243657030917,9,ahora,"",0.21000000000003638,hasta,[silence],R,#,R,.,final
664.0509965688278,1899.498248328432,2856.1069673531833,3.108303844515203,2.7671694366910122,3.5504149208821,6051.282051282051,0.0025400220352673297,3126.14275,0.08499999999999999,0.33464566929133854,0-0-4707-6,a,51a17262-Audio_SP18.v0,group_0,1,fave,218.7573181717643,82.94155659885904,9,pudiera,"",0.2300000000000182,%%,ser,R,#,R,s,final
704.5904150872236,1394.4078041619136,2803.9917206581677,3.6640938627211392,3.7349983595182086,4.414428857216206,5512.820512820513,0.0000885196874501811,3128.02775,0.035,0.33653846153846156,0-0-4712-0,a,51a17262-Audio_SP18.v0,group_0,1,fave,191.35867122375498,79.84594163999934,9,a,"",0.07999999999992724,cuanto,la,#,#,o,l,coextensive
752.5148140350426,1776.1148508928688,2892.0637575076657,3.3822491248445994,3.1300988606487765,4.106531081001092,6230.7692307692305,0.0007242076533345404,3128.20075,0.061000000000000006,0.3315217391304348,0-0-4713-1,a,51a17262-Audio_SP18.v0,group_0,1,fave,189.8111736775131,78.94830336963231,9,la,"",0.15999999999985448,a,remuneración,l,#,l,r,final
505.23341102987706,807.4156864433602,1514.7584418706729,3.330195064389139,2.6808554797724113,3.4484051583185464,3358.974358974359,0.00003820667287851104,3130.80375,0.027000000000000003,0.32142857142857145,0-0-4717-2,a,51a17262-Audio_SP18.v0,group_0,1,fave,264.5532831363586,81.54282798801877,9,trabajos,"",0.05999999999994543,Hay,que,R,b,R,b,internal
763.1277930694976,1986.163654470477,3083.5015675777495,3.1730864240986456,2.636995339317225,3.5894483130717325,6051.282051282051,0.00034202299310222864,3138.56275,0.045,0.33582089552238803,0-0-4730-0,a,51a17262-Audio_SP18.v0,group_0,1,fave,194.86712510855705,80.5396732280178,9,hacer,"",0.11000000000012733,qué,[silence],#,z,é,z,initial
729.4840838155463,1916.7761645077767,2827.844810803413,3.409616262050229,2.2054930431373534,3.5738720723918207,5692.3076923076915,0.000048943300042649304,3141.08575,0.031,0.32978723404255317,0-0-4733-1,a,51a17262-Audio_SP18.v0,group_0,1,fave,190.93527899764518,80.88229323455738,9,la,"",0.06999999999970896,y,remuneración,l,#,l,r,final
456.4711761406282,844.5699340703043,1315.8413671186274,3.545079939655028,3.502312810267552,3.692747400323229,3000.0,0.00317661421170604,3142.52375,0.067,0.3284313725490196,0-0-4737-3,a,51a17262-Audio_SP18.v0,group_0,1,fave,146.73518510291217,75.90615562580771,9,poca,"",0.18000000000029104,[silence],[silence],k,#,k,.,final
674.6032517973664,1382.8219984144375,2637.4314923769966,3.824646301943601,4.161071228105377,4.493808430867576,5871.794871794871,0.0017224710396413535,3144.73275,0.045,0.33582089552238803,0-0-4745-0,a,51a17262-Audio_SP18.v0,group_0,1,fave,187.960057926976,77.14494966480072,9,a,"",0.11000000000012733,cuanto,Microworkers,#,#,o,m,coextensive
428.50433774331714,1129.9753278445714,1543.8914920727,3.6283810103330985,3.9659807174292903,3.954905979044937,3358.974358974359,0.005186763764063483,3146.52275,0.10500000000000001,0.3343949044585987,0-0-4750-0,a,51a17262-Audio_SP18.v0,group_0,1,fave,196.51695734347055,76.01339439401595,9,a,"",0.29000000000041837,también,[silence],#,#,n,®,coextensive
880.7656362105705,1754.6374790909326,2845.726985409424,3.7166844204585585,3.800483751403829,3.9304481878381337,7128.205128205128,0.009257214093016473,3147.45375,0.087,0.3295454545454546,0-0-4752-0,a,51a17262-Audio_SP18.v0,group_0,1,fave,204.11460354067395,78.91253232052743,9,a,"",0.24000000000023647,[silence],otras,#,#,®,ó,coextensive
638.1735524789885,1891.9502558043744,2953.1639494116707,3.755146060651021,3.201510709079593,4.097982543466036,5871.794871794871,0.00029730189807409695,3147.89575,0.031,0.32978723404255317,0-0-4753-3,a,51a17262-Audio_SP18.v0,group_0,1,fave,182.84769327349733,77.54573839513624,9,otras,"",0.06999999999970896,a,",",R,s,R,s,internal
353.9627945466068,868.5046666660348,1387.2107785582293,3.769437874204204,3.1130005546471233,3.2764952217395953,3358.974358974359,0.0024291469694148688,3148.39575,0.051000000000000004,0.3311688311688312,0-0-4755-0,a,51a17262-Audio_SP18.v0,group_0,1,fave,125.42282113593402,72.78140731082124,9,a,"",0.13000000000010914,",",otras,#,#,.,ó,coextensive
615.4450960116457,1914.8916160828965,2740.84358184953,3.4086317673529622,3.3100058258950957,4.171681944242957,5512.820512820513,0.001691574483182703,3148.85575,0.031,0.32978723404255317,0-0-4757-2,a,51a17262-Audio_SP18.v0,group_0,1,fave,NaN,76.48645089238185,9,plataformas,"",0.06999999999970896,otras,.,l,t,l,t,internal
735.7330690107162,1746.7044418484056,2916.158477788986,3.22442859231147,3.725435161800461,3.7043571173069956,5871.794871794871,0.00048345857274750717,3149.0207499999997,0.041,0.3306451612903226,0-0-4757-4,a,51a17262-Audio_SP18.v0,group_0,1,fave,180.41247764764955,68.39228559829681,9,plataformas,"",0.09999999999990905,otras,.,t,f,t,f,internal
501.4742186036981,2013.1203186929654,2446.9047671370254,3.0038204233318972,3.519139005912375,4.2643284859288135,4974.358974358975,0.0009757337910648953,35.45375,0.027000000000000003,0.32142857142857145,0-0-3-3,i,51a17262-Audio_SP18.v0,group_0,1,fave,560.7407595116106,73.60733220086436,9,básicamente,"",0.060000000000002274,",",ahorita,s,k,s,k,internal
415.09392191363935,2456.1449421058664,3017.5395385639877,3.0271192193203684,3.7759358725436156,4.119156268571496,8205.128205128205,0.0014171687696973466,37.618750000000006,0.037,0.32456140350877194,0-0-7-1,i,51a17262-Audio_SP18.v0,group_0,1,fave,200.00788908442166,82.27218654934572,9,viviendo,"",0.0899999999999963,[silence],con,b,b,b,b,internal
395.29157625637214,2233.015605964819,2777.6790345082745,3.217822148591594,3.24930801475857,3.678939590023447,7666.666666666666,0.0005794625791239698,37.73575,0.031,0.32978723404255317,0-0-7-3,i,51a17262-Audio_SP18.v0,group_0,1,fave,193.13275057684453,78.56856370232366,9,viviendo,"",0.07000000000000028,[silence],con,b,é,b,é,internal
449.4923028469615,2825.2861208007216,3855.497672785209,2.3929966400003053,2.516244092218323,4.1133240844842724,7846.153846153846,0.008340579549981783,40.18275,0.185,0.3339350180505415,0-0-12-0,i,51a17262-Audio_SP18.v0,group_0,1,fave,258.76389919429516,79.5647918653337,9,y,"",0.529999999999994,[silence],%%,#,#,.,&,coextensive
508.79730345109886,2722.728045080862,3218.2985909219738,3.651072737981988,3.555563742186652,4.0506898111397245,7487.179487179487,0.0008983659578889634,41.24775,0.055,0.3353658536585366,0-0-15-2,i,51a17262-Audio_SP18.v0,group_0,1,fave,185.79157282260903,76.55634062357394,9,raíz,"",0.14000000000000057,a,de,á,z,á,z,internal
363.21363967072824,2768.061826148642,3151.977026477059,3.478188236967647,3.001778171185956,4.12433682545647,8743.589743589742,0.00018413573318958463,42.66575,0.031,0.32978723404255317,0-0-18-6,i,51a17262-Audio_SP18.v0,group_0,1,fave,176.56586168922183,80.92416542588829,9,pandemia,"",0.07000000000000028,la,[silence],m,a,m,a,internal
392.73747106796037,2856.288868713198,3243.916761419455,2.9287651832201065,2.6762256568775293,3.43297436049399,6051.282051282051,0.007504148062751115,46.51775,0.095,0.33450704225352107,0-0-26-0,i,51a17262-Audio_SP18.v0,group_0,1,fave,193.67335858454558,71.4447533887518,9,Y,"",0.259999999999998,.,bueno,#,#,.,b,coextensive
459.8337419996798,2322.327086585523,2874.536881511126,3.3216136517458907,2.9412706783708513,4.1292418214148086,7846.153846153846,0.00004075849773653581,49.753750000000004,0.027000000000000003,0.32142857142857145,0-0-35-5,i,51a17262-Audio_SP18.v0,group_0,1,fave,224.56428870427237,79.54788327800313,9,prácticamente,"",0.05999999999999517,[silence],sosteniendo,t,k,t,k,internal
408.62415930086297,2445.7703871047197,2872.0117984683366,3.2852458798604833,3.6828857136949993,3.8765146033922346,7307.692307692308,0.00012791348876160859,50.51375,0.027000000000000003,0.32142857142857145,0-0-36-6,i,51a17262-Audio_SP18.v0,group_0,1,fave,183.6097207107901,79.63144583680825,9,sosteniendo,"",0.060000000000002274,prácticamente,el,n,é,n,é,internal
387.5525614256961,2687.0408734082484,3388.2850689148468,2.984633388487321,2.686140178805152,4.961787317441415,9461.538461538461,0.0019746906968984073,51.73375,0.047,0.3263888888888889,0-0-40-6,i,51a17262-Audio_SP18.v0,group_0,1,fave,257.826483331301,78.53100264142793,9,económicamente,"",0.11999999999999744,[silence],.,m,k,m,k,internal
612.0649743743337,2817.380411001716,3243.81626378881,3.7744464660620465,2.773983550280663,4.386590113011344,7666.666666666666,0.0020430060581713948,70.71275,0.045,0.33582089552238803,0-0-54-1,i,51a17262-Audio_SP18.v0,group_0,1,fave,212.65647768785198,76.48754498922716,9,ninguna,"",0.10999999999999943,ejerciendo,otra,n,n,n,n,internal
474.39797763273265,2701.3707249870363,3178.7590641463544,3.3878338521241274,3.5822129270355814,4.006402574167009,8205.128205128205,0.000671717886855699,74.50075,0.041,0.3306451612903226,0-0-62-1,i,51a17262-Audio_SP18.v0,group_0,1,fave,248.36949742924864,76.38285032946058,9,Microworkers,"",0.09999999999999432,%%,y,m,k,m,k,internal
424.6009969402102,2443.210719375309,2951.0221671083664,3.4016100421992945,2.7062813196780975,3.0643483803945606,6948.717948717948,0.00033175397420118777,75.11574999999999,0.031,0.32978723404255317,0-0-63-0,i,51a17262-Audio_SP18.v0,group_0,1,fave,313.20099419641326,81.8569522511587,9,y,"",0.07000000000000739,Microworkers,trabajo,#,#,s,t,coextensive
423.2886754793728,2761.723650391333,3061.6233475304516,2.6529417980716823,3.5772164886279345,3.9683888195681747,7666.666666666666,0.000305802038600708,80.36874999999999,0.037,0.32456140350877194,0-0-73-2,i,51a17262-Audio_SP18.v0,group_0,1,fave,102.37272992793443,80.310879296327,9,raíz,"",0.09000000000000341,a,de,á,z,á,z,internal
477.7225077133049,3135.524835225283,5178.517592676765,3.1866638576230475,4.183804710308286,4.466166543052367,9641.02564102564,0.0015229271143809985,80.89774999999999,0.035,0.33653846153846156,0-0-76-0,i,51a17262-Audio_SP18.v0,group_0,1,fave,278.2618514201177,82.26527286746094,9,ingresos,"",0.0799999999999983,esos,pues,#,n,s,n,initial
458.33688211886624,2868.1491035677423,3227.1573864457473,3.4037311881562626,2.79586873192566,3.722892931898855,6769.2307692307695,0.0025100188455755065,87.61275,0.10500000000000001,0.3343949044585987,0-0-87-0,i,51a17262-Audio_SP18.v0,group_0,1,fave,187.9632298862584,77.42365919068,9,y,"",0.28999999999999204,[silence],este,#,#,.,é,coextensive
476.31399022329833,2328.1018936789133,3064.6677451238447,2.798176281420603,3.493403498534527,3.743612222338538,6948.717948717948,0.00005697697650165107,91.77575,0.031,0.32978723404255317,0-0-97-1,i,51a17262-Audio_SP18.v0,group_0,1,fave,231.4523299587988,80.9348252356885,9,situación,"",0.06999999999999318,[silence],pandemia,s,t,s,t,internal
333.1421385017475,2462.4164424258856,3197.4746754296407,2.7005067391478432,3.3344047111896993,3.7736456968231478,6948.717948717948,0.0001344025451237635,96.86375,0.027000000000000003,0.32142857142857145,0-0-107-1,i,51a17262-Audio_SP18.v0,group_0,1,fave,233.5202960077961,78.47614437878869,9,tiempo,"",0.060000000000002274,tanto,de,t,é,t,é,internal
431.7838887292543,2648.9594452037363,2955.37658848683,3.3465190407159975,3.0954386081884353,4.115144357598901,7846.153846153846,0.001114736435047532,98.71374999999999,0.047,0.3263888888888889,0-0-112-5,i,51a17262-Audio_SP18.v0,group_0,1,fave,171.82837159981355,77.53561986851862,9,recurrí,"",0.12000000000000455,pues,a,r,#,r,a,final
354.8895828921084,2534.2291025393097,2896.6809402778267,3.2233195113718427,2.5213682996056668,3.178721941994837,8025.641025641025,0.00046520858867345037,99.47375,0.027000000000000003,0.32142857142857145,0-0-115-3,i,51a17262-Audio_SP18.v0,group_0,1,fave,319.36984489232026,73.564579440698,9,medio,"",0.060000000000002274,este,.,d,o,d,o,internal
393.0802285943744,2838.0912152632804,3440.383044387731,3.2509673525282246,3.1547192212830106,4.808270536676459,8564.102564102563,0.0002843620956628219,111.59575,0.031,0.32978723404255317,0-0-126-0,i,51a17262-Audio_SP18.v0,group_0,1,fave,265.28555643910573,77.10217988551258,9,inicial,"",0.07000000000000739,[silence],[silence],#,n,.,n,initial
489.58532106761606,2756.0726902064957,3121.9295634420423,3.326852221826698,2.294209821806042,3.4892538260162853,6948.717948717948,0.0002862060910371292,111.70774999999999,0.035,0.3365384615384616,0-0-126-2,i,51a17262-Audio_SP18.v0,group_0,1,fave,208.33125528697008,73.76542014589373,9,inicial,"",0.0799999999999983,[silence],[silence],n,z,n,z,internal
344.88370830558614,2897.428282429672,3597.9527882084185,2.9378077314334323,2.6582621174935945,4.384086471831631,8205.128205128205,0.029078743123992723,113.09275000000001,0.185,0.3339350180505415,0-0-128-0,i,51a17262-Audio_SP18.v0,group_0,1,fave,206.57820435120678,73.61314244496502,9,y,"",0.5300000000000011,[silence],[silence],#,#,.,.,coextensive
389.7844875133894,2803.0420353647896,3660.808553850847,3.7242379147617495,2.239419995730662,4.6853909917653445,9282.051282051281,0.000303347683925493,117.30575,0.031,0.32978723404255317,0-0-140-6,i,51a17262-Audio_SP18.v0,group_0,1,fave,100.87549937464674,78.13040953726187,9,pandemia,"",0.06999999999999318,la,[silence],m,a,m,a,internal
437.67737008655473,2754.1802158362066,3384.6162627235785,2.604645760071486,2.56057767236955,4.279521115415532,8564.102564102563,0.0001013914231833328,119.95075,0.041,0.3306451612903226,0-0-145-8,i,51a17262-Audio_SP18.v0,group_0,1,fave,231.05066796840939,81.51697949208233,9,voluntaria,"",0.09999999999999432,[silence],",",R,a,R,a,internal
503.45084917129276,2344.21097695206,3147.9144785947883,2.8081332290942087,2.3704521651272983,3.5276407499397546,6230.7692307692305,0.00009247065553966202,122.83574999999999,0.031,0.32978723404255317,0-0-152-1,i,51a17262-Audio_SP18.v0,group_0,1,fave,224.21114719801628,75.17326531009174,9,situación,"",0.07000000000000739,en,de,s,t,s,t,internal
433.9871108294232,2820.4598378208284,4355.937585768729,3.7853734769296734,2.8780477776357007,4.40948408657765,9102.564102564102,0.003913426961633158,125.73075,0.08099999999999999,0.3319672131147541,0-0-159-2,i,51a17262-Audio_SP18.v0,group_0,1,fave,175.44253083466,74.87202427128878,9,país,"",0.21999999999999886,del,[silence],á,s,á,s,internal
444.81730552772245,2498.559316019571,2929.629351661512,3.5436395125609663,2.9034664175040885,3.1955380342933775,6948.717948717948,0.00014044927501214284,144.50575,0.031,0.32978723404255317,0-0-170-1,i,51a17262-Audio_SP18.v0,group_0,1,fave,215.82774573999652,79.21479311674702,9,licencié,"",0.06999999999999318,me,como,l,z,l,z,internal
558.790162473642,2876.713755650549,3443.595903597486,3.214510250394648,4.03820203670371,3.9206450074316748,6589.74358974359,0.06770755159564124,149.98874999999998,0.037,0.32456140350877194,0-0-178-0,i,51a17262-Audio_SP18.v0,group_0,1,fave,256.1461241319488,81.6989858744703,9,inicial,"",0.09000000000000341,[silence],.,#,n,.,n,initial
401.61693131010514,2288.7319620484677,3035.0949310781416,3.404930398344758,3.211432341458345,4.513900099794009,7846.153846153846,0.06485282970192033,151.33775000000003,0.07500000000000001,0.3348214285714286,0-0-180-0,i,51a17262-Audio_SP18.v0,group_0,1,fave,305.42772805257596,77.10731918949166,9,Y,"",0.19999999999998863,.,pues,#,#,®,p,coextensive
393.17217155806503,2528.2477855326824,2993.1908959916677,3.1629003506116713,2.356361021712003,2.9199696661626335,6948.717948717948,0.000033819402570132695,153.25375000000003,0.027000000000000003,0.32142857142857145,0-0-185-6,i,51a17262-Audio_SP18.v0,group_0,1,fave,189.1261510474904,78.6792484321077,9,permitió,"",0.060000000000002274,me,llegar,t,o,t,o,internal
385.32151870365544,2722.5218059956,3051.4036748620847,2.933523040175174,2.742241488748498,3.1240061703632476,6051.282051282051,0.0000903436563267757,158.01575,0.031,0.32978723404255317,0-0-194-1,i,51a17262-Audio_SP18.v0,group_0,1,fave,224.57138994680787,77.59118313633603,9,tiempo,"",0.06999999999999318,algún,.,t,é,t,é,internal
428.412040793998,2780.2693734776876,3065.5106977186983,3.347015749738655,3.8847701936179315,4.362492787167779,6769.2307692307695,0.005979002768644286,159.80375,0.047,0.3263888888888889,0-0-196-0,i,51a17262-Audio_SP18.v0,group_0,1,fave,254.12844421150413,80.71850570298133,9,Y,"",0.12000000000000455,.,ofrecerle,#,#,.,o,coextensive
510.6313004377015,2531.607221584272,3158.7794712180803,3.734877642718133,3.289447697132347,4.070295984491197,7666.666666666666,0.00047568298720726836,166.15075000000002,0.041,0.3306451612903226,0-0-212-7,i,51a17262-Audio_SP18.v0,group_0,1,fave,189.02335615403697,76.73879355480327,9,oportunidad,"",0.09999999999999432,la,de,n,d,n,d,internal
355.34894811898374,2982.3461496019695,3367.6749516563586,3.056412310914487,2.1485430006411876,3.5632598544111884,6230.7692307692305,0.004399561083593133,175.28775,0.11499999999999999,0.3343023255813953,0-0-236-0,i,51a17262-Audio_SP18.v0,group_0,1,fave,220.3271498774284,75.43750060841077,9,y,"",0.3200000000000216,[silence],bueno,#,#,.,b,coextensive
342.0370673582085,1979.7600885675547,2891.6061855402013,3.739937566931099,3.914835703006461,3.879694704522979,5871.794871794871,0.006531679789882517,178.30575000000002,0.051000000000000004,0.3311688311688312,0-0-244-1,i,51a17262-Audio_SP18.v0,group_0,1,fave,216.53946671977917,81.95204862358615,9,día,"",0.12999999999999545,su,a,d,á,d,á,internal
333.8898646617047,2790.1814243648487,3089.308306931289,3.8818104962226956,2.8674402995934773,3.6751856976435944,6769.2307692307695,0.0019991448405368103,178.56275,0.045,0.33582089552238803,0-0-246-1,i,51a17262-Audio_SP18.v0,group_0,1,fave,228.83530973066004,81.22581336372444,9,día,"",0.11000000000001364,a,",",d,á,d,á,internal
361.42704672813767,2527.6633194933984,2931.949869535968,3.1985003443609425,3.7451305762606992,3.220144025805811,7128.205128205128,0.000504416941558353,179.48874999999998,0.037000000000000005,0.324561403508772,0-0-249-6,i,51a17262-Audio_SP18.v0,group_0,1,fave,170.05346814893952,78.70796241416943,9,conviví,"",0.09000000000000341,porque,con,b,#,b,k,final
401.878520022119,2435.601138503942,2899.6283481701453,3.802228154985398,2.7716243123100237,3.227630787641438,6948.717948717948,0.00013604594973436703,181.08375,0.027000000000000003,0.32142857142857145,0-0-255-3,i,51a17262-Audio_SP18.v0,group_0,1,fave,178.18485213878373,79.3112259354035,9,varios,"",0.060000000000002274,por,años,R,o,R,o,internal
371.8449741305081,2382.2227899944482,2880.5035006552666,3.784250420434466,2.8620701762329586,3.346517766560423,5692.3076923076915,0.005487882863012221,204.05575,0.031,0.32978723404255317,0-0-278-7,i,51a17262-Audio_SP18.v0,group_0,1,fave,297.99665251119535,79.51501392955521,9,asociación,"",0.0700000000000216,una,[silence],z,o,z,o,internal
270.8232299022518,2220.5281185935282,2990.8647218438,2.85328915467208,3.1857227359137346,3.5399123247032844,5692.3076923076915,0.009572251397359038,205.97375000000002,0.027000000000000003,0.32142857142857145,0-0-283-7,i,51a17262-Audio_SP18.v0,group_0,1,fave,226.72597607211932,76.98757345517957,9,asociación,"",0.060000000000002274,esta,pues,z,o,z,o,internal
646.9811372064443,2701.1949574196833,3158.6486999149693,3.74484071900543,3.6905397366108113,4.425910173874683,7846.153846153846,0.0013644943803856197,207.08775,0.035,0.33653846153846156,0-0-287-3,i,51a17262-Audio_SP18.v0,group_0,1,fave,221.02188824634226,78.33935683921335,9,suministra,"",0.0800000000000125,nos,algunas,m,n,m,n,internal
465.22329022613565,2261.987125194804,2820.6167710823875,2.759779367184905,2.9192059286768557,3.892942440999531,5871.794871794871,0.0138048322374174,225.55375,0.047,0.3263888888888889,0-0-335-1,i,51a17262-Audio_SP18.v0,group_0,1,fave,277.50178040180253,74.25871953458977,9,situaciones,"",0.12000000000000455,las,",",s,t,s,t,internal
410.3088738253853,2828.2512806873424,3065.3723614955206,2.5348004693966555,2.7999031517221837,3.2417122047450926,7307.692307692308,0.00001606019993678863,230.48775,0.035,0.3365384615384616,0-0-347-2,i,51a17262-Audio_SP18.v0,group_0,1,fave,208.74555304627742,75.38891584842361,9,allí,"",0.0800000000000125,están,siempre,L,#,L,s,final
414.6852211532634,2579.101176010742,2993.379430835898,2.636751060417052,2.687954486316935,2.9690721106718883,6948.717948717948,0.000020150185572079342,230.67274999999998,0.025,0.33783783783783783,0-0-348-1,i,51a17262-Audio_SP18.v0,group_0,1,fave,104.48253617389292,77.65313738077273,9,siempre,"",0.05000000000001137,allí,prestos,s,é,s,é,internal
992.626417161224,2256.252694622365,3013.7924971421116,3.5916879643147483,2.9254850076124717,3.3493788069005883,5692.3076923076915,0.002107221057917838,238.34575,0.031,0.32978723404255317,0-0-368-9,i,51a17262-Audio_SP18.v0,group_0,1,fave,180.3380808383408,74.93090907622772,9,remuneración,"",0.06999999999999318,una,fija,z,o,z,o,internal
340.78095360635024,2786.000636213989,3153.972318472185,3.242951592980235,3.3048248691695274,3.257926699803007,8205.128205128205,0.0009721172699980391,239.83275,0.045,0.3358208955223881,0-0-371-0,i,51a17262-Audio_SP18.v0,group_0,1,fave,110.47192354443393,76.15427673494082,9,y,"",0.10999999999998522,[silence],[silence],#,#,.,.,coextensive
584.698251083515,1953.7859120268035,3054.2676886073214,3.208847186461985,3.815659958276003,4.099870832669909,6769.2307692307695,0.006204002281040724,257.33875,0.037,0.32456140350877194,0-0-397-6,i,51a17262-Audio_SP18.v0,group_0,1,fave,231.63494530880186,69.70384917813219,9,situación,"",0.09000000000003183,[silence],de,z,o,z,o,internal
440.507528544513,2622.5616717365747,3212.0766686606316,3.263535797731432,3.2038988068485277,4.792700577548916,8384.615384615383,0.00010933297088136057,261.11375,0.027000000000000003,0.32142857142857145,0-0-409-3,i,51a17262-Audio_SP18.v0,group_0,1,fave,225.17306326178414,79.90649214378396,9,retirarme,"",0.060000000000002274,que,[silence],t,R,t,R,internal
509.89725018355193,2648.275206437882,3621.910731932318,2.907953146129539,3.4316464030906157,4.93460605763303,8923.076923076922,0.00194977371525014,263.47875,0.037000000000000005,0.324561403508772,0-0-414-8,i,51a17262-Audio_SP18.v0,group_0,1,fave,247.0361612268416,81.16847122161047,9,voluntariado,"",0.09000000000003183,del,para,R,á,R,á,internal
384.753350915895,2834.0910762144003,3451.508960971417,3.5972279738507478,2.704003574903989,4.715704336020131,7487.179487179487,0.013593761650854914,266.93774999999994,0.07500000000000001,0.3348214285714286,0-0-422-0,i,51a17262-Audio_SP18.v0,group_0,1,fave,228.47069213360166,77.88561765427691,9,y,"",0.20000000000004547,[silence],luego,#,#,.,l,coextensive
437.968851955326,2873.738360883794,3556.450857383534,3.3155766369254027,2.775853328507141,4.691592914786341,8025.641025641025,0.0011245074846108999,276.11074999999994,0.041,0.3306451612903226,0-0-439-0,i,51a17262-Audio_SP18.v0,group_0,1,fave,259.29025414834007,82.74227732807634,9,Y,"",0.10000000000002274,.,bueno,#,#,.,b,coextensive
435.63812694035977,2249.3366089365986,2942.05081243588,2.9658131265411445,4.013259858979727,3.0467669187584416,5512.820512820513,0.0021252112255570246,278.98775000000006,0.035,0.33653846153846156,0-0-448-3,i,51a17262-Audio_SP18.v0,group_0,1,fave,229.4500417920665,78.90738675555507,9,opción,"",0.07999999999998408,[silence],donde,z,o,z,o,internal
479.09211161142514,2465.3155655358473,3133.780014154684,2.985103378498026,2.8737186464813678,3.553314539827686,6051.282051282051,0.0819715748782514,283.56875,0.037000000000000005,0.324561403508772,0-0-462-1,i,51a17262-Audio_SP18.v0,group_0,1,fave,220.567105628849,77.93602359161838,9,sin,"",0.08999999999997499,",",estar,s,n,s,n,internal
455.5785094964759,2726.593130411746,3142.0248978538843,2.9145296321805705,3.500967776990359,3.677538505883721,7846.153846153846,0.0009828336198675586,285.78574999999995,0.051000000000000004,0.3311688311688312,0-0-465-2,i,51a17262-Audio_SP18.v0,group_0,1,fave,202.32170385000802,74.86960008958428,9,agitada,"",0.12999999999999545,[pron=pi],[silence],x,t,x,t,internal
397.91712286445335,2895.0659543554516,3124.315879775236,2.8465520921692744,2.972628998220759,3.8359246055129543,6589.74358974359,0.012695729412671638,288.12274999999994,0.065,0.33505154639175255,0-0-468-0,i,51a17262-Audio_SP18.v0,group_0,1,fave,250.70963317106904,76.43605271610639,9,y,"",0.17000000000001592,[silence],bueno,#,#,®,b,coextensive
453.980620353495,2606.2682404035545,2935.0716007383967,3.515103724410912,3.6507913014242366,4.081637385767343,7846.153846153846,0.0000349648021018867,288.93375,0.027000000000000003,0.32142857142857145,0-0-472-1,i,51a17262-Audio_SP18.v0,group_0,1,fave,205.50335397561625,78.9421594629672,9,Microworkers,"",0.060000000000002274,a,.,m,k,m,k,internal
330.33854982018744,3108.7729936787973,3144.146787627125,3.1784016238265975,3.138297205813253,4.0021279106971335,7487.179487179487,0.0012139492768714578,309.41774999999996,0.07500000000000001,0.3348214285714286,0-0-503-1,i,51a17262-Audio_SP18.v0,group_0,1,fave,239.99897673386658,81.02582868669468,9,días,"",0.19999999999998863,unos,[silence],d,á,d,á,internal
476.67133245003555,2953.8160951537425,3857.093683778864,3.385495748681646,2.7936155802861364,4.5837170807156316,8025.641025641025,0.0005405512603358018,320.25775000000004,0.035,0.33653846153846156,0-0-517-1,i,51a17262-Audio_SP18.v0,group_0,1,fave,198.2657794144802,78.08779912301848,9,Microworkers,"",0.07999999999998408,[silence],que,m,k,m,k,internal
404.1207606622164,2715.874326971159,3107.6350092377943,3.0493841846106604,3.395246628548529,4.187504287377233,8025.641025641025,0.0006468841745612846,332.96774999999997,0.055,0.3353658536585366,0-0-526-1,i,51a17262-Audio_SP18.v0,group_0,1,fave,212.3028696661759,78.49634009170569,9,días,"",0.13999999999998636,varios,[silence],d,á,d,á,internal
411.8329278750634,2963.551201971362,3754.2653323698696,3.261351324261729,2.8587482512623192,4.4789808860384595,8564.102564102563,0.0016326567272472114,337.42275,0.08499999999999999,0.33464566929133854,0-0-537-1,i,51a17262-Audio_SP18.v0,group_0,1,fave,191.0514618264285,76.10269797742116,9,mí,"",0.2300000000000182,a,porque,m,#,m,p,final
444.6903192689842,2461.737355797554,2814.192834820096,3.5915136686148483,4.038680389275461,4.287752443597469,6948.717948717948,0.05142515384912608,343.31874999999997,0.07700000000000001,0.3290598290598291,0-0-551-1,i,51a17262-Audio_SP18.v0,group_0,1,fave,148.51693426421005,71.6029986541548,9,Microworkers,"",0.21000000000003638,que,tiene,m,k,m,k,internal
733.538004392208,2507.1713604787014,3096.4816784436644,3.5469446822008943,3.5633433596596804,4.418992169478971,7666.666666666666,7.212635683786339e-6,344.13275000000004,0.025,0.33783783783783783,0-0-552-1,i,51a17262-Audio_SP18.v0,group_0,1,fave,185.48943766160076,80.19124271444385,9,tiene,"",0.05000000000001137,Microworkers,[silence],t,é,t,é,internal
300.73539836628174,2633.5065115170323,2910.058740587798,3.4931294672849327,2.8046520516669062,3.7391436909288256,7307.692307692308,0.00335251020486086,347.87575,0.051000000000000004,0.3311688311688312,0-0-563-0,i,51a17262-Audio_SP18.v0,group_0,1,fave,193.65474422902062,72.46443915058127,9,igual,"",0.12999999999999545,es,[silence],#,g,s,g,initial
466.2238539342101,2690.800606974466,3077.6833398446333,3.438933116621749,3.0527283495530537,3.782092407632929,8025.641025641025,0.00011952372771893646,362.28775,0.035,0.33653846153846156,0-0-577-2,i,51a17262-Audio_SP18.v0,group_0,1,fave,239.90014769998555,79.73994246350038,9,había,"",0.08000000000004093,ya,escuchado,b,a,b,a,internal
305.6589748049989,2863.4166885793707,3276.764914210471,3.1258851078985743,3.2856466096377113,4.233840939186361,6769.2307692307695,0.0000871579129982866,364.46275,0.025,0.33783783783783783,0-0-580-3,i,51a17262-Audio_SP18.v0,group_0,1,fave,2539.9645927102824,56.99580124997319,9,seguía,"",0.05000000000001137,[silence],[silence],g,a,g,a,internal
347.5350741153146,2920.454195268042,4505.34250179206,4.054040812437049,2.2452949275001672,4.894374093927944,9102.564102564102,0.0042838445744849026,367.45275,0.065,0.33505154639175255,0-0-586-0,i,51a17262-Audio_SP18.v0,group_0,1,fave,159.72401246823475,77.89873870498337,9,y,"",0.16999999999995907,[silence],[silence],#,#,.,.,coextensive
248.5735651499932,2793.283660549674,2876.4825511847616,2.803329555204477,3.8423925459205623,3.534915267789264,4794.871794871795,0.23436934719102007,368.92375,0.067,0.32843137254901966,0-0-590-2,i,51a17262-Audio_SP18.v0,group_0,1,fave,175.9768312959781,72.78934833436057,9,hacía,"",0.18000000000000682,pues,[silence],z,a,z,a,internal
696.752727491014,2402.711496469702,2862.512944833648,3.217127792271525,4.027808457444777,3.859288184924377,5871.794871794871,0.09671552465021337,374.54574999999994,0.031,0.32978723404255317,0-0-603-7,i,51a17262-Audio_SP18.v0,group_0,1,fave,260.6504939994921,80.67224589028088,9,específicamente,"",0.07000000000005002,Pero,no,f,k,f,k,internal
444.7528261121625,2474.597042511666,2879.8492915367638,2.9017363546332477,3.268519995307569,3.3341765471189846,7487.179487179487,0.000012567920613961688,375.48375,0.027000000000000003,0.32142857142857145,0-0-605-2,i,51a17262-Audio_SP18.v0,group_0,1,fave,208.25191300370446,79.27292569844083,9,había,"",0.05999999999994543,no,hablado,b,a,b,a,internal
459.78479364149064,2741.0757031160374,3680.037081387253,3.635363643621193,2.8072310798740667,4.805073549000162,8743.589743589742,0.0006354899121650443,376.13575,0.031,0.32978723404255317,0-0-608-1,i,51a17262-Audio_SP18.v0,group_0,1,fave,209.7459368637918,77.6638150892267,9,Microworkers,"",0.06999999999999318,de,[silence],m,k,m,k,internal
503.5261798295659,2352.8353200716,2999.826294059269,3.5744860577175657,3.1039769664237933,3.5028255733732747,8025.641025641025,0.012614183219168268,398.75575,0.051000000000000004,0.3311688311688312,0-0-629-3,i,51a17262-Audio_SP18.v0,group_0,1,fave,232.02963652763742,73.75673019128817,9,Rapidworkers,"",0.12999999999999545,con,.,p,d,p,d,internal
598.3649120431205,2349.596348695714,3050.785364078328,3.1807494446617386,2.8124766039201545,3.6137180899319197,5871.794871794871,0.000502117712414667,405.97374999999994,0.027000000000000003,0.32142857142857145,0-0-646-9,i,51a17262-Audio_SP18.v0,group_0,1,fave,219.65724677882585,73.31318772214014,9,remuneración,"",0.060000000000002274,a,no,z,o,z,o,internal
423.81706392744775,2378.184101691033,3115.1722370499288,2.322743674334654,3.209198403070537,2.9345870915504606,7128.205128205128,0.000019655856742102664,407.52574999999996,0.031,0.32978723404255317,0-0-650-3,i,51a17262-Audio_SP18.v0,group_0,1,fave,211.51361964563742,77.05419102024277,9,satisfizo,"",0.06999999999999318,[silence],entonces,t,s,t,s,internal
360.78133776185103,2741.4071338617637,4477.725954411295,3.621833274194997,2.6566634212610563,3.7852774467241224,8564.102564102563,0.0005070476247187767,410.81575,0.031,0.32978723404255317,0-0-659-0,i,51a17262-Audio_SP18.v0,group_0,1,fave,256.24189353301716,72.7493922588492,9,y,"",0.06999999999999318,",",allí,#,#,.,á,coextensive
416.0968539723996,2709.268675981543,3097.288350618848,3.066024547820526,2.828275081154968,4.381964085663711,6769.2307692307695,0.0016399781128042519,411.05775000000006,0.035,0.3365384615384616,0-0-660-2,i,51a17262-Audio_SP18.v0,group_0,1,fave,188.76982370118728,75.08521871999194,9,allí,"",0.07999999999998408,y,fue,L,#,L,f,final
369.17214130918444,2825.9062911046885,3302.6211748082974,1.9253909987533515,3.011143398784965,4.210789405322454,6948.717948717948,0.0014320501445217997,412.03875,0.057,0.32758620689655177,0-0-665-1,i,51a17262-Audio_SP18.v0,group_0,1,fave,170.455925142755,78.65052353497546,9,Microworkers,"",0.1500000000000341,a,[silence],m,k,m,k,internal
401.7795941477932,2450.9230715741332,2973.804652501028,2.5784483912041334,3.0476790205027395,2.7456831149294385,5871.794871794871,0.00011295102085233433,443.79875,0.037000000000000005,0.324561403508772,0-0-709-2,i,51a17262-Audio_SP18.v0,group_0,1,fave,182.16003391136275,74.40662969937682,9,ubicar,"",0.09000000000003183,sociales,un,b,k,b,k,internal
384.5791067937968,2982.362127261822,3389.0262930530307,3.0541752426390754,2.940453111919083,3.5068976369708205,6230.7692307692305,0.0077548343201797616,449.94775,0.11499999999999999,0.3343023255813953,0-0-723-0,i,51a17262-Audio_SP18.v0,group_0,1,fave,229.37856436829378,79.19338974584143,9,y,"",0.3199999999999932,[silence],colocarlo,#,#,®,k,coextensive
395.7436317183041,2437.8442721490487,2936.51452322955,3.5383166874301386,3.184948622285504,3.9840473095307436,7487.179487179487,0.000200447109060431,470.79374999999993,0.027000000000000003,0.32142857142857145,0-0-750-3,i,51a17262-Audio_SP18.v0,group_0,1,fave,341.52773192194525,75.59773120302144,9,aplicación,"",0.060000000000002274,la,de,l,k,l,k,internal
418.45106819767096,2479.467473439048,2936.8352928950007,3.466747327846984,3.871590781347827,3.548129239603409,7307.692307692308,0.000845552024286076,473.61775000000006,0.035,0.3365384615384616,0-0-758-4,i,51a17262-Audio_SP18.v0,group_0,1,fave,176.47142865088264,74.14803031454048,9,publicado,"",0.07999999999998408,",",[silence],l,k,l,k,internal
383.1467391755804,2918.090996300885,3187.0546737735335,3.007210664564038,3.3004217117334176,4.384536241372644,8384.615384615383,0.0005494012577423521,499.01574999999997,0.051000000000000004,0.3311688311688312,0-0-782-1,i,51a17262-Audio_SP18.v0,group_0,1,fave,197.40687671715173,76.55265614340654,9,vídeo,"",0.12999999999999545,algún,.,b,d,b,d,internal
473.9387455746071,2434.1284707721993,3031.854594903992,3.6433999271884727,3.15828950378221,3.649448342409347,7307.692307692308,0.00027587708777060594,506.31075,0.041,0.3306451612903226,0-0-796-0,i,51a17262-Audio_SP18.v0,group_0,1,fave,195.61904079833948,76.30881608529937,9,y,"",0.0999999999999659,pantalla,enviarlo,#,#,a,e,coextensive
388.20369105917473,2607.1420690217,3101.5166061922173,3.0803685723210137,2.861192093330964,3.435932874629423,7487.179487179487,0.00004055670380760751,506.57374999999996,0.027000000000000003,0.32142857142857145,0-0-797-3,i,51a17262-Audio_SP18.v0,group_0,1,fave,194.3748255201977,78.48994331960287,9,enviarlo,"",0.060000000000002274,y,[silence],b,á,b,á,internal
465.0153670495319,2386.307940906395,2976.189345052943,2.712412414659587,2.9115792703018863,3.34548208726239,5692.3076923076915,7.641758991426332e-6,510.25275000000005,0.025,0.33783783783783783,0-0-806-3,i,51a17262-Audio_SP18.v0,group_0,1,fave,185.84648143672493,72.21128059754346,9,sociales,"",0.05000000000001137,redes,.,z,á,z,á,internal
423.6207927017849,2575.15786496769,3047.1971188951757,3.4507264881261848,3.368941127008079,3.574681947737466,7128.205128205128,0.00016000531802896442,514.9377499999999,0.035,0.33653846153846156,0-0-815-4,i,51a17262-Audio_SP18.v0,group_0,1,fave,250.53052732405342,78.17749460677805,9,publicación,"",0.08000000000004093,alguna,[silence],l,k,l,k,internal
346.49346717240996,2276.986479276362,3100.6046826209586,3.1422269637530857,3.2870089797577218,3.5049411282980993,7307.692307692308,0.00015937289917484544,541.0727499999999,0.025,0.33783783783783783,0-0-830-3,i,51a17262-Audio_SP18.v0,group_0,1,fave,326.7276939016915,82.72228774833913,9,sitio,"",0.05000000000006821,un,.,t,o,t,o,internal
408.71632912518874,2660.5611487870597,3313.6076034679722,3.434401693621912,3.272242853569219,4.6574018969669035,8205.128205128205,0.0004732766750485389,543.4587500000001,0.037,0.32456140350877194,0-0-836-7,i,51a17262-Audio_SP18.v0,group_0,1,fave,194.75073799931062,76.58109121755479,9,convencía,"",0.08999999999991815,me,del,z,a,z,a,internal
371.9295802553993,2934.203890863625,3103.1835133176055,3.646712961837862,3.095972796524558,3.585022906850999,7487.179487179487,0.0005039684398503195,552.86075,0.061000000000000006,0.3315217391304348,0-0-854-3,i,51a17262-Audio_SP18.v0,group_0,1,fave,183.4313387873321,76.32753111237037,9,seguidores,"",0.15999999999996817,De,[silence],g,d,g,d,internal
360.5950198938354,2907.338959583323,3223.7023833205476,2.617322787033654,2.987433470234698,3.5328777586370355,6410.25641025641,0.018420879374999137,554.59975,0.119,0.3361581920903954,0-0-857-0,i,51a17262-Audio_SP18.v0,group_0,1,fave,219.18506299636047,75.94981234528247,9,y,"",0.3300000000000409,[silence],[silence],#,#,®,.,coextensive
440.1520970729792,2529.9089533828314,2855.3270972463492,3.031318949017061,3.850315894726991,3.8078290323269237,6948.717948717948,0.0010531030533259271,561.68375,0.047,0.3263888888888889,0-0-870-3,i,51a17262-Audio_SP18.v0,group_0,1,fave,223.9494042061692,78.9585186938966,9,sociales,"",0.12000000000000455,[silence],[silence],z,á,z,á,internal
525.8587411232699,2834.9582472017596,4237.394077639363,3.253892807651506,1.9132310868175273,4.563288116426573,8743.589743589742,0.0006069072527686398,576.85775,0.035,0.33653846153846156,0-0-910-1,i,51a17262-Audio_SP18.v0,group_0,1,fave,195.77400615425987,67.77606375630846,9,Microworkers,"",0.07999999999992724,por,[silence],m,k,m,k,internal
464.88564701903965,2335.21291496103,2911.8726504827923,3.2549658073339316,3.4788994505541178,3.495630141609483,7846.153846153846,0.000223166246084584,578.5957500000001,0.031,0.32978723404255317,0-0-914-4,i,51a17262-Audio_SP18.v0,group_0,1,fave,178.0204915661109,78.57157723008321,9,realizar,"",0.06999999999993634,[silence],los,l,z,l,z,internal
442.25184209223835,2606.0144654716587,3056.8588340703473,3.8006910203542232,3.089188372899143,4.09438142722683,7307.692307692308,0.0002476948118849708,603.88575,0.031,0.32978723404255317,0-0-929-1,i,51a17262-Audio_SP18.v0,group_0,1,fave,214.28430129676192,77.88455009525694,9,tienes,"",0.07000000000005002,donde,[silence],t,é,t,é,internal
461.8542866441363,2631.590434961848,3009.6154147299562,3.1636096307850723,3.383739467399358,3.5309588897754782,7128.205128205128,0.0006002315209742753,611.4657500000001,0.051000000000000004,0.3311688311688311,0-0-940-0,i,51a17262-Audio_SP18.v0,group_0,1,fave,210.95389002905563,81.20464915971051,9,imitar,"",0.12999999999999545,o,algunos,#,m,o,m,initial
408.01887740089467,2978.604010031833,3193.221651303614,3.5159812438185485,3.510024715285887,4.2828146533517435,7487.179487179487,0.003418470888499213,611.62575,0.051000000000000004,0.3311688311688312,0-0-940-2,i,51a17262-Audio_SP18.v0,group_0,1,fave,269.031312233078,76.08790550449606,9,imitar,"",0.12999999999999545,o,algunos,m,t,m,t,internal
388.38170096554285,2945.385246970642,3407.532998191113,3.516423648992761,2.7498714039058987,4.128009913013399,7307.692307692308,0.0007649775322316301,614.7677500000001,0.07500000000000001,0.3348214285714286,0-0-948-3,i,51a17262-Audio_SP18.v0,group_0,1,fave,194.0755258581125,76.60333430925547,9,envía,"",0.1999999999999318,te,[silence],b,a,b,a,internal
426.50755020976675,2232.8710986596857,2913.492298004521,3.5931149296682343,2.0622749835550795,3.4223882051062016,5871.794871794871,0.0009318621650568669,616.54275,0.025,0.33783783783783783,0-0-950-5,i,51a17262-Audio_SP18.v0,group_0,1,fave,NaN,65.14620550742049,9,aproximadamente,"",0.05000000000006821,[silence],unos,s,m,s,m,internal
410.46115789104044,2955.1938060554935,3365.0938061899355,3.59291372614771,3.267670470926968,4.213838595244851,8205.128205128205,0.016388203084229017,621.6657500000001,0.191,0.3327526132404181,0-0-958-0,i,51a17262-Audio_SP18.v0,group_0,1,fave,235.51773522259475,73.41815651928653,9,y,"",0.5499999999999545,[silence],[silence],#,#,.,.,coextensive
698.4732044105646,2414.1514290207356,2988.2303353458683,3.2354389632769656,3.7915600215401484,3.921660185831445,6051.282051282051,0.17976730449224412,630.3357500000001,0.031,0.32978723404255317,0-0-978-4,i,51a17262-Audio_SP18.v0,group_0,1,fave,238.98213409782858,79.60555375629018,9,función,"",0.06999999999993634,[silence],",",z,o,z,o,internal
422.3892474181683,3470.720311573427,4464.766972071897,2.6377416550417645,3.4369016495493554,4.368575534390603,8205.128205128205,0.026655040212225,668.4177500000001,0.07500000000000001,0.3348214285714286,0-0-1009-0,i,51a17262-Audio_SP18.v0,group_0,1,fave,232.04588003155646,72.69801199671943,9,y,"",0.20000000000004547,técnica,usó,#,#,a,ú,coextensive
457.506493061459,3044.705145119655,3362.8130039781577,2.2972827790821295,3.045492513350471,4.538362594106597,7128.205128205128,0.02807725078140208,676.4557500000001,0.211,0.33280757097791797,0-0-1025-0,i,51a17262-Audio_SP18.v0,group_0,1,fave,173.46664750508793,78.94231242362352,9,y,"",0.6100000000000136,inglés,[silence],#,#,s,.,coextensive
488.0727051720447,3040.439021662273,3578.6172876313926,2.5512779392441467,3.368343022183728,4.2578505533328155,7666.666666666666,0.0017976277562932685,678.40875,0.037,0.32456140350877194,0-0-1030-0,i,51a17262-Audio_SP18.v0,group_0,1,fave,221.08061884020861,78.55056403604374,9,imitar,"",0.09000000000003183,[silence],la,#,m,.,m,initial
405.2348795162741,3035.759740832579,3466.664276769196,2.6552084984559703,3.6379933911184175,4.70861147864306,7307.692307692308,0.0007302452723830875,678.62575,0.031,0.32978723404255317,0-0-1030-2,i,51a17262-Audio_SP18.v0,group_0,1,fave,185.68041489080434,82.41363475709144,9,imitar,"",0.06999999999993634,[silence],la,m,t,m,t,internal
432.78877562672864,2772.847302202187,4593.627678605972,2.3677640821530845,3.8277351670680657,3.2681504367393006,8743.589743589742,0.000054817373192523495,723.3637500000001,0.027000000000000003,0.32142857142857145,0-0-1069-4,i,51a17262-Audio_SP18.v0,group_0,1,fave,198.53259861792267,79.92760465332066,9,participar,"",0.05999999999994543,querido,porque,t,z,t,z,internal
377.3391071086242,2814.4988637650104,4281.441991337872,2.404895213465321,3.5655644216097016,3.6042170645840237,8025.641025641025,0.0010858410833160348,723.52575,0.051000000000000004,0.3311688311688312,0-0-1069-6,i,51a17262-Audio_SP18.v0,group_0,1,fave,169.52833303521956,73.72747547906164,9,participar,"",0.12999999999999545,querido,porque,z,p,z,p,internal
417.3898529969149,3535.207798630644,3778.819137662523,2.4157395743750962,3.117820234347268,4.289083828874589,8025.641025641025,0.0033641366194735525,729.63075,0.041,0.3306451612903226,0-0-1083-3,i,51a17262-Audio_SP18.v0,group_0,1,fave,207.3005161688905,74.90305106428089,9,requieren,"",0.10000000000002274,[silence],allí,k,é,k,é,internal
457.0077364536291,3115.297753829412,4376.540648825147,2.666619070575999,3.1419235243799024,4.22252112260318,10000.0,0.007632574601059766,730.40075,0.121,0.3324175824175823,0-0-1084-2,i,51a17262-Audio_SP18.v0,group_0,1,fave,287.4457013124641,75.37468425118385,9,allí,"",0.33999999999991815,requieren,[silence],L,#,L,.,final
469.3939949244447,2594.0154085911604,3380.7343405506927,2.030141783300265,4.169622941877086,4.331666097420348,6051.282051282051,0.0007114678833079096,735.89575,0.031,0.32978723404255317,0-0-1100-3,i,51a17262-Audio_SP18.v0,group_0,1,fave,416.0014510474918,77.3977218775251,9,social,"",0.07000000000005002,red,.,z,á,z,á,internal
491.1736747467623,3063.8230766986253,3909.231206498942,3.3152854173823787,3.697195671025512,4.3958656145917905,8923.076923076922,0.0015905627705231841,740.20775,0.035,0.33653846153846156,0-0-1111-3,i,51a17262-Audio_SP18.v0,group_0,1,fave,198.65152018525302,76.81174776034528,9,limitada,"",0.07999999999992724,está,para,m,t,m,t,internal
361.17328147364486,2863.482932831424,3441.739841025164,2.1974506960176163,3.009656941082981,3.5194819096486096,6410.25641025641,0.0016021864154614368,741.44575,0.091,0.33211678832116787,0-0-1114-2,i,51a17262-Audio_SP18.v0,group_0,1,fave,198.00612460493508,79.04257512405577,9,país,"",0.25,el,.,á,s,á,s,internal
402.9128564949449,3169.512906343745,4745.142796214402,2.8241849217687207,3.9674896925706795,3.254957196913045,9102.564102564102,0.00012329429116864342,743.3337500000001,0.027000000000000003,0.32142857142857145,0-0-1118-0,i,51a17262-Audio_SP18.v0,group_0,1,fave,149.48561830176988,78.37386996735228,9,Y,"",0.05999999999994543,[silence],[silence],#,#,.,.,coextensive
387.3017932294793,2928.224384843634,4109.64062635178,2.50400097567003,3.653002424788034,4.499836783345845,8025.641025641025,0.01761651241601503,744.7307500000001,0.08100000000000002,0.3319672131147542,0-0-1121-2,i,51a17262-Audio_SP18.v0,group_0,1,fave,176.90044345510532,68.59817006580893,9,así,"",0.2199999999999136,bueno,.,s,#,s,.,final
524.5050061323989,3080.7073565997653,4456.798241125035,2.4207327935184395,3.418433145457112,4.092333932822849,9641.02564102564,0.0018599528900676676,752.8477499999999,0.13499999999999998,0.33415841584158407,0-0-1136-2,i,51a17262-Audio_SP18.v0,group_0,1,fave,210.13305338961536,79.87663857370427,9,principios,"",0.37999999999999545,%%,.,R,n,R,n,internal
468.00185262030357,2849.065539834184,4713.176395337356,3.4288057628121713,3.3724832146580863,4.749989482376824,9820.51282051282,0.006594002746302907,753.7157500000001,0.051000000000000004,0.3311688311688311,0-0-1136-7,i,51a17262-Audio_SP18.v0,group_0,1,fave,159.35489992547804,80.96121329277119,9,principios,"",0.12999999999999545,%%,.,p,o,p,o,internal
405.98170924245557,3006.1217078840923,3956.7014325313303,2.719359518962324,3.1182671852692807,4.754045563347843,7307.692307692308,0.0008944422266963447,761.95875,0.057,0.32758620689655177,0-0-1151-1,i,51a17262-Audio_SP18.v0,group_0,1,fave,196.23433181553114,81.6009247660408,9,tienen,"",0.15000000000009095,[silence],[silence],t,é,t,é,internal
427.30779364523386,2926.0934397819915,3404.313026546147,2.851566560452199,3.010562239083999,3.8227878733594673,7666.666666666666,0.002060291680432563,766.51375,0.087,0.32954545454545453,0-0-1162-0,i,51a17262-Audio_SP18.v0,group_0,1,fave,205.52330368243332,76.0419344117372,9,y,"",0.2400000000000091,[silence],[silence],#,#,.,.,coextensive
395.6722849769887,2875.207121320307,3512.280327274521,2.988698166659669,3.4186220377813155,3.629842081467337,7487.179487179487,0.0014258319869041576,767.05875,0.037000000000000005,0.324561403508772,0-0-1164-0,i,51a17262-Audio_SP18.v0,group_0,1,fave,104.14442356167136,74.60422089901247,9,y,"",0.09000000000003183,[silence],creo,#,#,.,k,coextensive
379.77481376808686,2721.4962411756806,3318.227791865894,2.627888838802062,4.22196195760996,3.4815093988245405,6410.25641025641,0.0017243966881189854,768.6927499999999,0.045,0.33582089552238803,0-0-1169-5,i,51a17262-Audio_SP18.v0,group_0,1,fave,181.67966021274552,79.19362478411766,9,estarían,"",0.11000000000001364,valores,[silence],R,a,R,a,internal
428.7606337301473,2991.029491362438,4612.260177499373,3.090853139090618,3.3295380808358983,4.116432569867395,7666.666666666666,0.0003365174319386417,771.6057500000001,0.031,0.32978723404255317,0-0-1174-0,i,51a17262-Audio_SP18.v0,group_0,1,fave,229.45139235723002,70.16655503762465,9,y,"",0.06999999999993634,eso,creo,#,#,ó,k,coextensive
232.95157965531865,1926.2572323616566,3320.1451862448107,2.646429732684057,4.465052320189779,3.88322793336297,6051.282051282051,0.004065683614255734,818.97775,0.035,0.33653846153846156,0-0-1221-3,i,51a17262-Audio_SP18.v0,group_0,1,fave,236.6964411589184,75.0812674312079,9,muchísimas,"",0.07999999999992724,",",.,h,s,h,s,internal
442.98752002838023,3000.1949229255124,3286.943787256854,2.4110575672531893,3.000496369814013,3.78068139477259,6410.25641025641,0.019945972495425946,841.4527499999999,0.145,0.3341013824884792,0-0-1259-0,i,51a17262-Audio_SP18.v0,group_0,1,fave,201.96727662975786,76.22410847014314,9,Y,"",0.40999999999996817,[silence],[silence],#,#,.,.,coextensive
399.6762098749945,2820.905785604495,4051.578423200654,2.9204164219478117,2.7705980185627372,4.571112260421845,9461.538461538461,0.0001597568770495711,845.43375,0.027000000000000003,0.32142857142857145,0-0-1276-0,i,51a17262-Audio_SP18.v0,group_0,1,fave,191.44594767087415,78.73479498691998,9,igual,"",0.06000000000005912,ser,[silence],#,g,R,g,initial
417.8196824915264,2761.882306459984,3186.0312766677507,1.9933675454621966,3.8776403440971743,3.655095094051975,6410.25641025641,0.0005135287556390004,847.04275,0.045,0.33582089552238803,0-0-1283-1,i,51a17262-Audio_SP18.v0,group_0,1,fave,157.26472640754673,81.34736667346338,9,pidiendo,"",0.11000000000001364,están,que,p,d,p,d,internal
416.169491200553,3115.531634665514,4294.885621821644,2.0250226455053717,2.851079168036566,5.085511278913657,9461.538461538461,0.0006823136056963309,847.17775,0.035,0.33653846153846156,0-0-1283-3,i,51a17262-Audio_SP18.v0,group_0,1,fave,207.68257019623638,82.7922837189816,9,pidiendo,"",0.08000000000004093,están,que,d,é,d,é,internal
431.4266317372031,2948.863945459715,3267.5635146838713,3.410388713509995,3.816764951321746,4.528981706219088,7846.153846153846,0.004764414009064244,888.05775,0.055,0.33536585365853655,0-0-1333-0,i,51a17262-Audio_SP18.v0,group_0,1,fave,226.27459610533455,75.61432805786343,9,idea,"",0.13999999999998636,una,.,#,d,a,d,initial
407.9861574379209,3081.4704931883666,4238.44127548509,2.9291625405865833,3.667188226434319,4.344420084462184,8564.102564102563,0.010768009600337391,889.7927500000001,0.08499999999999999,0.33464566929133854,0-0-1338-1,i,51a17262-Audio_SP18.v0,group_0,1,fave,194.97504404704273,79.56844244773445,9,quién,"",0.2300000000000182,De,realmente,k,é,k,é,internal
493.6384636239795,3062.167095622869,4482.2244873816835,2.458319307305141,3.7738025903946006,4.505308921039627,9282.051282051281,0.003394591160765366,930.2257500000001,0.051000000000000004,0.3311688311688312,0-0-1357-0,i,51a17262-Audio_SP18.v0,group_0,1,fave,311.84244429868363,73.93113734757449,9,imagino,"",0.12999999999999545,que,que,#,m,é,m,initial
429.6682673195142,2803.3737482245183,4605.541518562332,2.253996591335683,3.2983188037998254,4.473158255015609,8384.615384615383,0.00013597291215761958,937.02575,0.031,0.32978723404255317,0-0-1373-3,i,51a17262-Audio_SP18.v0,group_0,1,fave,209.44917035387482,81.66113743065553,9,sociales,"",0.07000000000005002,redes,en,z,á,z,á,internal
367.1201574151687,2958.111829415355,4447.060693547389,2.6509737683004455,2.1446738163278165,4.169161853782273,8923.076923076922,0.0015540779039338998,938.24575,0.051000000000000004,0.3311688311688312,0-0-1376-3,i,51a17262-Audio_SP18.v0,group_0,1,fave,176.9458847658903,78.12559687729559,9,seguidores,"",0.12999999999999545,sus,.,g,d,g,d,internal
380.13147864458574,3148.3013197053074,3652.589647254951,2.865015073225941,3.4353686838259594,3.9980601848148747,7487.179487179487,0.0009027636232866611,942.15575,0.07100000000000001,0.3317757009345795,0-0-1387-0,i,51a17262-Audio_SP18.v0,group_0,1,fave,196.16003573137883,81.51056201915945,9,Instagram,"",0.18999999999994088,en,en,#,n,n,n,initial
400.866225446301,2925.429196279636,4219.755179645842,2.80133087297863,2.606882698290313,4.155431954859233,8923.076923076922,0.0004707905365091161,944.76075,0.061000000000000006,0.3315217391304348,0-0-1393-2,i,51a17262-Audio_SP18.v0,group_0,1,fave,214.66910806407077,79.11579678377467,9,Twitter,"",0.15999999999996817,[silence],[silence],u,t,u,t,internal
321.14110748113825,2147.885750479666,3760.6505509637914,2.186088335108714,3.78085339400981,3.959379798903152,6051.282051282051,0.023357866373453474,945.77075,0.041,0.3306451612903226,0-0-1395-0,i,51a17262-Audio_SP18.v0,group_0,1,fave,260.03701850918026,71.92610368837074,9,y,"",0.10000000000002274,[silence],entonces,#,#,®,e,coextensive
414.26241218818643,3071.4101691392293,3870.0815957131017,2.5926573863779003,3.1933542492397065,4.631601600552187,8743.589743589742,0.03346582213463735,957.16575,0.131,0.33248730964466994,0-0-1425-0,i,51a17262-Audio_SP18.v0,group_0,1,fave,167.89033444985483,73.06408833702062,9,y,"",0.37000000000000455,sociales,[silence],#,#,s,.,coextensive
726.2037007325033,3128.859698866294,4864.084678056676,3.2958688102803944,3.855072512016357,4.049192497244714,8564.102564102563,0.00037594788427014724,958.1137500000001,0.027000000000000003,0.32142857142857145,0-0-1427-3,i,51a17262-Audio_SP18.v0,group_0,1,fave,426.30616885389276,74.20260378788997,9,básicamente,"",0.05999999999994543,[silence],podrían,s,k,s,k,internal
366.92945188103346,3063.9806504292983,4502.338154084595,2.4567470131436275,2.631517444672508,4.249089192981668,8743.589743589742,0.007752746312144992,966.1587499999999,0.07700000000000001,0.3290598290598291,0-0-1445-0,i,51a17262-Audio_SP18.v0,group_0,1,fave,145.0912372795903,78.27621673507254,9,idea,"",0.21000000000003638,[silence],[silence],#,d,.,d,initial
445.5352080282892,2941.9990376752075,4245.55761769439,3.36668295946738,3.684301349304301,4.565739482563195,10000.0,0.030796010582690186,1000.9707500000001,0.061000000000000006,0.3315217391304348,0-0-1472-1,i,51a17262-Audio_SP18.v0,group_0,1,fave,300.88359699814174,83.08871558973918,9,mí,"",0.15999999999996817,para,básicamente,m,#,m,b,final
455.68895006849044,2984.024249636614,4710.0731835392835,2.6833652368136183,3.6327030276329033,4.524287945991111,8743.589743589742,0.000016431882851531958,1001.30275,0.025,0.33783783783783783,0-0-1473-3,i,51a17262-Audio_SP18.v0,group_0,1,fave,246.17709680117684,82.03311611177848,9,básicamente,"",0.05000000000006821,mí,eso,s,k,s,k,internal
470.69263958646627,3023.137872008126,3863.856420267648,3.196472892608905,3.59624070953715,4.5368176061269,7666.666666666666,0.0139488473308068,1011.1537500000001,0.047,0.3263888888888889,0-0-1494-0,i,51a17262-Audio_SP18.v0,group_0,1,fave,90.36413840789987,71.82276522855632,9,ingresos,"",0.12000000000000455,sus,porque,#,n,s,n,initial
398.49808210143743,2968.9034795971315,4055.307624946243,3.3067417227263056,3.442646561786526,4.915844402832837,8025.641025641025,0.006150452226987091,1016.8507500000001,0.041,0.3306451612903226,0-0-1513-0,i,51a17262-Audio_SP18.v0,group_0,1,fave,97.68198595293158,72.41203528433373,9,ingresos,"",0.09999999999990905,obtener,como,#,n,R,n,initial
362.0974122896045,2988.961248233198,3929.5329541957753,2.55741086573738,2.3830249812592603,4.827767037214425,8923.076923076922,0.001266371325604762,1025.2207500000002,0.041,0.3306451612903226,0-0-1532-1,i,51a17262-Audio_SP18.v0,group_0,1,fave,187.90186642516363,81.73801467109467,9,video,"",0.09999999999990905,algún,pues,b,d,b,d,internal
411.77897834950727,2378.3260217099846,3186.871464445933,3.2562807572610395,3.6768933008812894,2.606409647394072,6410.25641025641,8.001788103500427e-6,1026.3627499999998,0.025,0.33783783783783783,0-0-1535-4,i,51a17262-Audio_SP18.v0,group_0,1,fave,190.27695949721925,80.39872560105043,9,también,"",0.0500000000001819,ellos,están,b,e,b,e,internal
409.2346753870526,2700.7692996943233,3653.780988187102,2.6636670392337662,2.757761746887165,4.754394363719086,8923.076923076922,0.00047930133025970675,1031.06875,0.037000000000000005,0.324561403508772,0-0-1548-5,i,51a17262-Audio_SP18.v0,group_0,1,fave,200.86587244426383,82.48142052761011,9,actividades,"",0.09000000000014552,esas,que,b,d,b,d,internal
388.522964941403,2524.2289288737084,2875.564862280422,3.098182364345813,3.641414916416828,4.958291829177967,9102.564102564102,0.00008639176649250661,1032.41375,0.027000000000000003,0.32142857142857145,0-0-1552-4,i,51a17262-Audio_SP18.v0,group_0,1,fave,190.42023896282964,80.47481761693642,9,realizando,"",0.05999999999994543,están,a,l,z,l,z,internal
353.12084411566605,2930.7680912697856,3363.531401372936,2.2395758352371016,2.528177795267078,3.694231706762891,6051.282051282051,0.02657545820921343,1057.11375,0.227,0.3318713450292398,0-0-1583-0,i,51a17262-Audio_SP18.v0,group_0,1,fave,170.7805252280274,75.70351155611182,9,y,"",0.6600000000000819,[silence],bueno,#,#,.,b,coextensive
398.2403568401767,2791.5034623596866,3771.3140025973835,3.0354991468579273,3.4276359456212315,4.615422672375054,6948.717948717948,0.003686954754765836,1058.3037499999998,0.047,0.3263888888888889,0-0-1585-1,i,51a17262-Audio_SP18.v0,group_0,1,fave,195.9746072351781,78.62572082776906,9,quieren,"",0.12000000000011823,bueno,[silence],k,é,k,é,internal
481.46130923678334,2994.808560668885,4302.663458028191,2.5547384150161716,2.7946208924392804,4.709184516251832,9461.538461538461,0.0005667766140085544,1061.0637499999998,0.027000000000000003,0.32142857142857145,0-0-1591-8,i,51a17262-Audio_SP18.v0,group_0,1,fave,252.30428326909046,82.2284939085976,9,comentario,"",0.05999999999994543,un,quiere,R,o,R,o,internal
390.5218634606566,2901.656291644005,3382.655235125987,3.3664432385735026,2.4930994165979223,5.327372831949648,10000.0,0.0001523500876382825,1106.6227499999998,0.025,0.33783783783783783,0-0-1674-3,i,51a17262-Audio_SP18.v0,group_0,1,fave,189.38875246675357,79.67527470419886,9,calificaciones,"",0.0500000000001819,tus,no,l,f,l,f,internal
415.09878464262533,2803.215138104669,2958.8737952841916,2.8603150276875087,3.6549409210305064,4.620837266833917,8743.589743589742,0.0006120255435705141,1106.75575,0.031,0.32978723404255317,0-0-1674-5,i,51a17262-Audio_SP18.v0,group_0,1,fave,358.4989186155355,79.34446307759195,9,calificaciones,"",0.06999999999993634,tus,no,f,k,f,k,internal
372.0709801575985,2720.859124573859,3366.218265123429,3.0647315554093653,3.9859843350547304,5.355903479369879,10000.0,0.0013006844221191687,1130.4157500000001,0.031,0.32978723404255317,0-0-1706-6,i,51a17262-Audio_SP18.v0,group_0,1,fave,245.47200848595253,83.05964078309995,9,dependiendo,"",0.06999999999993634,",",[silence],d,é,d,é,internal
432.53023552827676,2936.4189832834863,4158.86810475815,2.5202037973055726,3.113402515403522,5.190357535416477,9282.051282051281,0.0004499121281783213,1131.5837499999998,0.027000000000000003,0.32142857142857145,0-0-1708-6,i,51a17262-Audio_SP18.v0,group_0,1,fave,214.85780084859437,83.66875430748276,9,dependiendo,"",0.060000000000172804,[silence],%%,d,é,d,é,internal
321.36657302797033,2911.0222615211947,3906.2042288477496,2.5144963907760847,2.491094487125768,4.726067479096712,8923.076923076922,0.00017085593022851843,1138.18375,0.027000000000000003,0.32142857142857145,0-0-1729-2,i,51a17262-Audio_SP18.v0,group_0,1,fave,214.7071990579315,79.96157984412558,9,equivocarte,"",0.05999999999994543,o,en,k,b,k,b,internal
366.0269443697221,3003.022584783107,3405.460890236008,2.905500580967303,2.8928927765513133,3.867002339257684,6948.717948717948,0.019247049374822127,1139.8077500000002,0.195,0.33390410958904104,0-0-1733-0,i,51a17262-Audio_SP18.v0,group_0,1,fave,206.44323534751254,73.28471600085568,9,y,"",0.5599999999999454,[silence],[silence],#,#,.,.,coextensive
519.7758310310709,2833.4944983678097,4297.463373886495,2.3053904969832506,2.7158765409161583,4.415002539875922,8564.102564102563,0.00012970322386984438,1143.0037499999999,0.027000000000000003,0.32142857142857145,0-0-1742-3,i,51a17262-Audio_SP18.v0,group_0,1,fave,255.29849262468906,81.58805503251814,9,corrijas,"",0.05999999999994543,lo,[silence],r,x,r,x,internal
369.50747072892995,2935.727889894071,4533.219085406426,3.1440961012192394,2.3044593729215657,4.423718622367154,9820.51282051282,0.001442219073659309,1144.6087499999999,0.057,0.32758620689655177,0-0-1746-3,i,51a17262-Audio_SP18.v0,group_0,1,fave,191.06178389852013,80.41775478063647,9,envía,"",0.15000000000009095,te,[silence],b,a,b,a,internal
433.89186615539967,2916.1384441433215,4033.34736751676,2.503130598950315,2.5823650973033687,4.403238476013152,9820.51282051282,0.008369314458365116,1155.13075,0.061000000000000006,0.3315217391304348,0-0-1770-0,i,51a17262-Audio_SP18.v0,group_0,1,fave,236.33363329687268,80.08917746968983,9,y,"",0.16000000000008185,[silence],uno,#,#,.,ú,coextensive
400.3318548718724,2259.269181059212,3105.2135166161893,1.9195030819928234,4.131412338296626,3.7129571286266287,6051.282051282051,0.0004991486869133211,1157.75775,0.035,0.33653846153846156,0-0-1779-3,i,51a17262-Audio_SP18.v0,group_0,1,fave,206.02538421046384,81.15084144936327,9,posibilidades,"",0.07999999999992724,las,",",s,b,s,b,internal
371.89651655205154,2888.231192575624,4486.639361228038,3.02995455671323,2.3314712157858666,4.1477687467472055,9461.538461538461,0.0008114949537565972,1157.8737499999997,0.047,0.3263888888888889,0-0-1779-5,i,51a17262-Audio_SP18.v0,group_0,1,fave,195.3202494668132,80.42498009500672,9,posibilidades,"",0.12000000000011823,las,",",b,l,b,l,internal
532.2105140655893,2836.769901849833,3627.0285441378423,4.4429199503706736,2.920241919468727,4.555275324200037,8025.641025641025,0.0025547046965433123,1173.20575,0.031,0.32978723404255317,0-0-1803-7,i,51a17262-Audio_SP18.v0,group_0,1,fave,214.38740869499208,76.08275055148599,9,oportunidades,"",0.06999999999993634,otras,no,n,d,n,d,internal
423.17511272686914,1153.5220430117292,2833.968170246465,3.0387471439965736,3.8448574147812757,4.2903932036287875,6769.2307692307695,0.00142164765725994,1173.8687499999999,0.037,0.32456140350877194,0-0-1806-0,i,51a17262-Audio_SP18.v0,group_0,1,fave,187.96651715461562,80.32993743908959,9,y,"",0.09000000000014552,",",te,#,#,.,t,coextensive
446.0114107625616,2534.178486345258,4721.185733617563,3.7462502072465487,2.7545782756348443,4.23530402839001,9102.564102564102,0.0033857324759866076,1174.84575,0.031,0.32978723404255317,0-0-1810-3,i,51a17262-Audio_SP18.v0,group_0,1,fave,101.83001265671493,73.97135155478738,9,satisfecho,"",0.07000000000016371,no,y,t,s,t,s,internal
554.1881310925828,2705.18795987802,4057.145664494811,3.543994625783566,3.0117492137861874,4.75509069109689,10000.0,0.005642286504433316,1175.60575,0.031,0.32978723404255317,0-0-1813-1,i,51a17262-Audio_SP18.v0,group_0,1,fave,94.59266016576207,78.9719151452172,9,pierdes,"",0.07000000000016371,ya,[silence],p,é,p,é,internal
443.9308049783672,2653.813491357166,3104.9792739972677,1.9526314574417902,3.4418006418759193,4.8777539329399735,7307.692307692308,0.0011320588153450758,1200.96875,0.037000000000000005,0.324561403508772,0-0-1841-3,i,51a17262-Audio_SP18.v0,group_0,1,fave,236.8409532069621,82.93121624898518,9,satisfecha,"",0.08999999999991815,no,porque,t,s,t,s,internal
376.2715834473059,2835.750567549897,4640.100116773847,2.882775022596738,2.7376298529319745,3.8405531118141583,9102.564102564102,0.0003328388593822124,1202.6387499999998,0.037,0.32456140350877194,0-0-1844-3,i,51a17262-Audio_SP18.v0,group_0,1,fave,100.25453940938023,80.91223920451971,9,recibir,"",0.09000000000014552,era,unos,z,b,z,b,internal
344.5114068991825,3032.576307068463,3690.4471540470136,2.6518328444281116,3.453074830933743,4.416884314524026,6948.717948717948,0.014486871684424137,1204.52275,0.245,0.33378746594005443,0-0-1848-0,i,51a17262-Audio_SP18.v0,group_0,1,fave,145.16691982453403,73.41576365188202,9,y,"",0.709999999999809,[silence],[silence],#,#,.,.,coextensive
326.50398858892675,2853.7911485417894,3610.9909399038193,2.716864982916692,2.8463937050229595,4.341189838366086,6948.717948717948,0.0006404729901582878,1210.8927499999998,0.045,0.3358208955223881,0-0-1861-0,i,51a17262-Audio_SP18.v0,group_0,1,fave,101.12934777468577,77.32789398385732,9,Y,"",0.11000000000012733,.,luego,#,#,.,l,coextensive
414.72200503958396,2873.6196330723205,4848.557083958304,2.8414914221907126,3.2770148799009426,4.307890924020935,7666.666666666666,0.01080665735588274,1212.0937499999998,0.047,0.3263888888888889,0-0-1865-3,i,51a17262-Audio_SP18.v0,group_0,1,fave,248.0159468943603,75.63546672854628,9,indicar,"",0.12000000000011823,que,tenía,d,k,d,k,internal
408.2941520773386,2892.6126836452404,3138.5341775932097,3.5895466818197286,3.722550019220619,5.0178399402302105,8384.615384615383,0.0004978727719797606,1212.9507500000002,0.041,0.3306451612903226,0-0-1868-0,i,51a17262-Audio_SP18.v0,group_0,1,fave,228.41870856767835,77.22986839840172,9,indicar,"",0.09999999999990905,que,dónde,#,n,é,n,initial
372.0654915770708,2738.0372050757005,2959.492428681068,3.206989817941829,3.981338626620627,4.355271448988321,8743.589743589742,0.006509604599212538,1213.1427499999998,0.045,0.33582089552238803,0-0-1868-3,i,51a17262-Audio_SP18.v0,group_0,1,fave,245.70861379345146,74.77621416575431,9,indicar,"",0.11000000000012733,que,dónde,d,k,d,k,internal
426.6110846906497,2814.3657729153088,3234.9394027181156,2.582229686786433,2.441727113595254,3.722047472020002,6589.74358974359,0.00402474415579613,1217.9407500000002,0.041,0.3306451612903226,0-0-1881-0,i,51a17262-Audio_SP18.v0,group_0,1,fave,270.21176513944516,75.50219792247962,9,Y,"",0.09999999999990905,?,entonces,#,#,.,e,coextensive
369.4987826298026,2953.2021882102317,3461.1070172865047,2.3327824234312446,3.5871756893741376,3.9022693177705543,6769.2307692307695,0.004776647154673809,1224.8527499999998,0.065,0.33505154639175255,0-0-1899-0,i,51a17262-Audio_SP18.v0,group_0,1,fave,100.49110020482922,78.53521871590384,9,Y,"",0.17000000000007276,[silence],[silence],#,#,.,.,coextensive
442.72515086736115,2646.284363940582,2958.7509789750957,2.696587278758581,4.0528530585111895,4.140600490084055,7128.205128205128,0.0024807042539173665,1267.89575,0.051000000000000004,0.3311688311688311,0-0-1971-2,i,51a17262-Audio_SP18.v0,group_0,1,fave,214.83958626743282,81.14104441647139,9,así,"",0.13000000000010914,[silence],alerta,s,#,s,a,final
373.24694934766643,2947.897405432614,4723.670593600908,3.869511934421853,3.345366353525492,4.317120621490286,9461.538461538461,0.016086071055551442,1268.5927499999998,0.045,0.3358208955223881,0-0-1973-0,i,51a17262-Audio_SP18.v0,group_0,1,fave,253.39509491403632,77.87043811020463,9,y,"",0.11000000000012733,alerta,leyendo,#,#,a,l,coextensive
552.85138307457,2841.7838076377916,3054.828977829209,3.9244794860792473,3.7410161371790607,4.359870500739175,8205.128205128205,0.001993416601623055,1271.4107500000002,0.041,0.3306451612903226,0-0-1981-3,i,51a17262-Audio_SP18.v0,group_0,1,fave,208.82358773767308,73.8088340315202,9,modificar,"",0.09999999999990905,puede,el,d,f,d,f,internal
395.87674531098963,3034.622523657867,3742.1895647649535,2.776569108702764,2.567104841198033,4.251929190187856,6230.7692307692305,0.024480178005423982,1273.26075,0.20099999999999998,0.3327814569536423,0-0-1985-0,i,51a17262-Audio_SP18.v0,group_0,1,fave,215.24467602616542,73.10167246666776,9,y,"",0.5799999999999272,[silence],pues,#,#,®,p,coextensive
398.245605593332,2790.2660881521597,3498.2318126425175,1.9959003236535537,2.9079765265245507,4.159806664257745,7846.153846153846,0.00004519138031546346,1278.21375,0.027000000000000003,0.32142857142857145,0-0-2000-1,i,51a17262-Audio_SP18.v0,group_0,1,fave,207.45892786556894,80.81877957518161,9,bien,"",0.05999999999994543,[silence],[silence],b,é,b,é,internal
522.7681778320385,2738.9459593191386,3648.490174709495,3.803637501888394,3.126159833377955,5.12868059346413,8564.102564102563,0.0011430189725362347,1279.61575,0.051000000000000004,0.3311688311688311,0-0-2005-0,i,51a17262-Audio_SP18.v0,group_0,1,fave,202.71519505412186,77.63574989391294,9,instrucciones,"",0.13000000000010914,[silence],[silence],#,n,.,n,initial
347.276749022282,2703.510608202708,3056.9515554236605,2.7741372662895882,3.7271440895967145,4.054836481417732,6769.2307692307695,0.018852254171595435,1341.23075,0.121,0.33241758241758235,0-0-2095-1,i,51a17262-Audio_SP18.v0,group_0,1,fave,199.5133280625845,76.27899231265648,9,Microworkers,"",0.33999999999991815,[],para,m,k,m,k,internal
483.16985263195073,2621.4870554006297,2996.1534897826136,3.1051804542338135,4.356140234487347,3.955637841454236,7487.179487179487,0.01196904394078605,1345.4207500000002,0.061000000000000006,0.3315217391304348,0-0-2100-0,i,51a17262-Audio_SP18.v0,group_0,1,fave,240.52552422504226,75.55053247572452,9,y,"",0.15999999999985448,[],poder,#,#,.,p,coextensive
384.74789242216866,2945.1847444104483,4459.712470374078,3.2443125769097634,3.0319988483092972,4.371202640755491,8923.076923076922,0.0014805550092278413,1384.7627499999999,0.045,0.33582089552238803,0-0-2123-4,i,51a17262-Audio_SP18.v0,group_0,1,fave,181.28297567070095,76.52182617951601,9,cantidad,"",0.10999999999989996,menos,[silence],t,d,t,d,internal
391.0749547796174,2206.1259132331616,2836.462769215136,2.2723799409510614,3.7954660101402555,3.965435445708318,6410.25641025641,0.00007900276032630836,1399.4157500000001,0.031,0.32978723404255317,0-0-2136-4,i,51a17262-Audio_SP18.v0,group_0,1,fave,103.42643965775191,81.81321674089752,9,cantidad,"",0.06999999999993634,la,de,t,d,t,d,internal
476.94744041510666,2982.4631734808413,4343.407133064469,3.08357298536475,3.143649394004915,4.603336660052414,8564.102564102563,0.02544433040126296,1402.40475,0.149,0.33558558558558554,0-0-2142-0,i,51a17262-Audio_SP18.v0,group_0,1,fave,288.20586173663827,81.51113486907825,9,y,"",0.42000000000007276,[silence],%%,#,#,.,&,coextensive
480.5840493730833,3004.5059632237626,4581.814104259306,3.4082866067811715,3.4525024441046566,4.6302543697154075,8564.102564102563,0.00022076203083792512,1405.0937499999998,0.027000000000000003,0.32142857142857145,0-0-2150-3,i,51a17262-Audio_SP18.v0,group_0,1,fave,192.553696726542,72.6512579855426,9,actividades,"",0.060000000000172804,otras,[silence],t,b,t,b,internal
346.73188266891884,2858.1861910711696,4128.24676869267,3.224218640147771,2.326809903884147,3.9616232816539725,8923.076923076922,0.00010797132958590112,1405.19275,0.045,0.33582089552238803,0-0-2150-5,i,51a17262-Audio_SP18.v0,group_0,1,fave,176.62037162670032,78.02517349416166,9,actividades,"",0.10999999999989996,otras,[silence],b,d,b,d,internal
384.15198849060283,2698.247332637975,3009.2892601489275,2.589535253517897,2.7309780975111035,4.091455780943679,7487.179487179487,0.005133013022039088,1423.3427499999998,0.045,0.33582089552238803,0-0-2163-1,i,51a17262-Audio_SP18.v0,group_0,1,fave,224.909728823048,77.59686697903332,9,pienso,"",0.11000000000012733,[silence],que,p,é,p,é,internal
437.9605422877574,2686.8082165745604,4403.098508467743,2.965672615275187,3.555473939517715,4.700225279062062,9461.538461538461,0.0006470613606258612,1426.09775,0.035,0.33653846153846156,0-0-2171-4,i,51a17262-Audio_SP18.v0,group_0,1,fave,104.71825419617386,73.73066368308527,9,diarias,"",0.08000000000015461,horas,[silence],R,a,R,a,internal
926.3607845549136,2954.192949494328,4948.276386069684,4.132090913609867,3.6096736614188387,5.019250814390192,9102.564102564102,0.05095644622872958,1428.1277499999999,0.035,0.33653846153846156,0-0-2174-1,i,51a17262-Audio_SP18.v0,group_0,1,fave,104.54054957485035,71.46122035645007,9,bien,"",0.08000000000015461,[silence],temprano,b,é,b,é,internal
310.0652230145523,2873.354167595269,3267.2678584258397,3.352507140378765,2.8923193809078915,4.5797998175452825,7307.692307692308,0.057179389329711,1430.65875,0.07700000000000001,0.3290598290598291,0-0-2179-0,i,51a17262-Audio_SP18.v0,group_0,1,fave,297.53665736850047,78.9783231610204,9,Y,"",0.21000000000003638,[silence],[silence],#,#,.,.,coextensive
346.4429678956406,2998.1006034362827,3141.641481407453,2.710571622454428,3.1682267689155363,3.7937799165535573,6589.74358974359,0.011486487278532619,1442.50575,0.151,0.3325991189427312,0-0-2214-0,i,51a17262-Audio_SP18.v0,group_0,1,fave,210.5797391586649,73.98205773549479,9,y,"",0.4299999999998363,[silence],[silence],#,#,.,.,coextensive
309.3186796774348,2909.230976816175,4505.956443061696,2.845074033151955,2.4434086466963953,3.7860898779776457,9461.538461538461,0.002229882500098426,1443.6577499999999,0.07500000000000001,0.33482142857142866,0-0-2217-0,i,51a17262-Audio_SP18.v0,group_0,1,fave,200.28791169813366,78.53650106019832,9,y,"",0.20000000000004547,volver,así,#,#,R,á,coextensive
375.38666376873596,2977.0567127849313,4458.059250282084,3.1776087101715498,2.7746374699249334,4.137386674419374,9102.564102564102,0.0003793670902642371,1444.05575,0.051000000000000004,0.3311688311688312,0-0-2218-2,i,51a17262-Audio_SP18.v0,group_0,1,fave,174.22762862173923,80.1433724031497,9,así,"",0.13000000000010914,y,bastante,s,#,s,b,final
445.782788510614,2616.960061952517,3027.3251197762283,2.295523523065465,3.6260975494602263,2.53394794624112,6410.25641025641,0.0007217053104652589,1447.93775,0.055,0.33536585365853655,0-0-2229-3,i,51a17262-Audio_SP18.v0,group_0,1,fave,216.5442311456489,79.53476084592104,9,fluidas,"",0.13999999999987267,bastante,las,ú,d,ú,d,internal
374.4415229301124,2998.4218854274013,4583.520054319979,3.5437405568547478,2.716785099057611,3.7943754057664005,9102.564102564102,0.0006678888592744172,1467.89575,0.051000000000000004,0.3311688311688312,0-0-2246-3,i,51a17262-Audio_SP18.v0,group_0,1,fave,191.40537821827692,77.15756061651545,9,medio,"",0.13000000000010914,del,[silence],d,o,d,o,internal
401.893040804543,2964.068541225656,3247.2118801741735,2.5628870079831856,2.5115189974466876,4.745809949325138,8564.102564102563,0.0032315389779289773,1468.61075,0.041,0.3306451612903226,0-0-2250-0,i,51a17262-Audio_SP18.v0,group_0,1,fave,184.33853931175418,80.58774698457549,9,y,"",0.10000000000013642,",",[silence],#,#,&,.,coextensive
431.0664641560702,2882.977222504026,3689.7587157625157,3.1701687743176565,3.1042652651367746,5.040326260894673,7666.666666666666,0.004531010604360292,1479.9707500000002,0.041,0.3306451612903226,0-0-2267-2,i,51a17262-Audio_SP18.v0,group_0,1,fave,209.44422959002316,78.62277566796939,9,allí,"",0.09999999999990905,con,con,L,#,L,k,final
299.1652754481175,2826.41901764398,3557.155134704931,2.8721462528229718,2.9695556546242505,4.555744231597611,7307.692307692308,0.07817293595870527,1485.2007500000002,0.08099999999999999,0.3319672131147541,0-0-2284-0,i,51a17262-Audio_SP18.v0,group_0,1,fave,278.212397805899,76.89497728924214,9,Y,"",0.22000000000002728,[silence],hay,#,#,.,á,coextensive
386.5536020195204,2487.133161897117,4324.511483331169,2.9576254897222936,3.4943784209709743,4.707460598850739,8923.076923076922,0.000952896910801951,1495.0937499999998,0.027000000000000003,0.32142857142857145,0-0-2313-1,i,51a17262-Audio_SP18.v0,group_0,1,fave,200.93967385790793,82.61181196651849,9,siguiente,"",0.060000000000172804,al,mes,s,g,s,g,internal
362.2539763623676,3025.296091536405,3909.5991236661516,2.6364508421318757,3.205758686711786,4.668711201258588,6948.717948717948,0.017696002709929742,1497.66775,0.11499999999999999,0.3343023255813952,0-0-2322-0,i,51a17262-Audio_SP18.v0,group_0,1,fave,187.76672323572566,74.45521145279226,9,y,"",0.3200000000001637,fueron,no,#,#,n,n,coextensive
477.9118056380744,2982.229953573436,3880.655508230296,2.4839251052416693,2.8876184505309754,4.6779756348788215,8025.641025641025,0.00034131057150443985,1498.84075,0.041,0.3306451612903226,0-0-2326-0,i,51a17262-Audio_SP18.v0,group_0,1,fave,231.28634594916838,80.45544586245259,9,y,"",0.10000000000013642,vuelto,así,#,#,o,á,coextensive
458.7361900709518,2793.5745011916474,3199.2877084736197,2.482287655451499,3.972921972749411,3.4285931675177763,6051.282051282051,0.003314688853900652,1499.16775,0.055,0.33536585365853655,0-0-2327-2,i,51a17262-Audio_SP18.v0,group_0,1,fave,216.62590671584212,80.60921189622756,9,así,"",0.13999999999987267,y,.,s,#,s,.,final
419.7304099136927,2990.961453939382,4536.459137405429,2.777592369838901,2.7582180164705163,3.8355433899341786,10000.0,0.000048469883616523415,1501.75575,0.031,0.32978723404255317,0-0-2333-3,i,51a17262-Audio_SP18.v0,group_0,1,fave,210.90190314266073,81.97253625980636,9,actividades,"",0.06999999999993634,las,varían,t,b,t,b,internal
388.2021347116851,2976.057938200866,3224.1970555177954,2.6636921892809444,3.159438377830708,4.33012262950407,8743.589743589742,0.0003194140458776158,1501.8687499999999,0.037000000000000005,0.324561403508772,0-0-2333-5,i,51a17262-Audio_SP18.v0,group_0,1,fave,202.60158099097976,81.61051072816618,9,actividades,"",0.09000000000014552,las,varían,b,d,b,d,internal
417.4464460614269,2682.792752425164,3081.396489253672,2.7236833277815675,3.000310292255394,4.414711217250199,8384.615384615383,0.0002833551506560796,1502.8787499999999,0.037000000000000005,0.324561403508772,0-0-2334-3,i,51a17262-Audio_SP18.v0,group_0,1,fave,207.24962957953667,81.16893917494204,9,varían,"",0.09000000000014552,actividades,[silence],R,a,R,a,internal
345.5266443647729,3132.0934082843796,3447.317370661277,2.612721751513575,2.9398990395908267,4.070742823655351,6410.25641025641,0.025187400297548672,1510.16575,0.11100000000000002,0.3323353293413173,0-0-2356-0,i,51a17262-Audio_SP18.v0,group_0,1,fave,177.27261763965907,72.54592842615493,9,y,"",0.3100000000001728,[silence],[silence],#,#,.,.,coextensive
342.5473274047886,2147.6588939650346,2900.4864399332246,2.250717374000661,3.3134081389833394,3.4401916495200062,6230.7692307692305,0.002242341624417313,1510.92275,0.045,0.3358208955223881,0-0-2358-0,i,51a17262-Audio_SP18.v0,group_0,1,fave,244.82677187818345,77.84922449711914,9,y,"",0.10999999999989996,[silence],no,#,#,.,n,coextensive
548.7716721087522,1999.58654753368,3193.5655854943057,3.6314211289209926,4.838455619854066,3.8612862397668826,6948.717948717948,0.004417645858556244,1555.68375,0.027000000000000003,0.32142857142857145,0-0-2400-1,i,51a17262-Audio_SP18.v0,group_0,1,fave,236.4407888459398,74.34866019419177,9,billetera,"",0.05999999999994543,[silence],",",b,L,b,L,internal
414.0942271834812,2111.9037489592806,2977.8532005945804,3.9202208033805204,4.447324138270981,3.075247324496467,7128.205128205128,0.0025249311247516476,1618.1277499999999,0.035,0.33653846153846156,0-0-2449-1,i,51a17262-Audio_SP18.v0,group_0,1,fave,236.92246537176217,78.15243866364122,9,mi,"",0.08000000000015461,en,caso,m,#,m,k,final
439.52385678910395,2958.8443317077126,4129.515734464351,2.719544613528694,3.7426280459480195,4.496480218479177,9282.051282051281,0.0014698963843597596,1621.58075,0.041,0.3306451612903226,0-0-2457-0,i,51a17262-Audio_SP18.v0,group_0,1,fave,205.82148353443273,82.35185334055602,9,Y,"",0.10000000000013642,.,allí,#,#,.,á,coextensive
394.21001139387806,2979.2224366629007,4009.1968261673965,3.1888995865063654,2.7468443795563138,4.73675301193606,8923.076923076922,0.00438447070532424,1621.9077499999999,0.095,0.334507042253521,0-0-2458-2,i,51a17262-Audio_SP18.v0,group_0,1,fave,223.26659662921142,81.1201438897874,9,allí,"",0.2599999999999909,Y,pues,L,#,L,p,final
384.080828395414,2994.336020705633,4682.306897020306,3.984849292106045,2.590364757367478,4.683926016257791,9641.02564102564,0.00019727451919464737,1625.1037499999998,0.027000000000000003,0.32142857142857145,0-0-2467-1,i,51a17262-Audio_SP18.v0,group_0,1,fave,188.52543070048125,81.29974218792243,9,divisas,"",0.060000000000172804,de,a,d,b,d,b,internal
320.9627289918487,2905.8713095526277,4663.367023012677,3.6814720862700874,3.503655238942552,5.058433774307791,8923.076923076922,0.032967334890568155,1627.83075,0.041,0.3306451612903226,0-0-2474-2,i,51a17262-Audio_SP18.v0,group_0,1,fave,192.0857160298944,81.0862511977633,9,país,"",0.10000000000013642,del,donde,á,s,á,s,internal
400.8253981969018,2227.769639116778,3162.3862933407795,2.4265135878048767,3.137137736534048,3.0234141192357646,5692.3076923076915,0.006743696422179162,1677.66875,0.057,0.3275862068965517,0-0-2501-2,i,51a17262-Audio_SP18.v0,group_0,1,fave,115.38869659557675,77.90276966612502,9,Así,"",0.14999999999986358,[silence],es,s,#,s,s,final
289.0135178731255,2750.934115545515,3062.426250983068,1.969281611230902,2.7578866479997624,3.0617708439097746,4974.358974358975,0.09843093697114279,1706.0427499999998,0.065,0.33505154639175255,0-0-2526-0,i,51a17262-Audio_SP18.v0,group_0,1,fave,188.20910250281366,72.97720786073593,9,y,"",0.17000000000007276,[silence],[silence],#,#,.,.,coextensive
361.9914721359067,2863.607649562878,3163.706868951831,2.452167335501554,2.7809664158035226,2.8230015315096684,6769.2307692307695,0.005109451030238596,1706.44075,0.101,0.3322368421052631,0-0-2528-0,i,51a17262-Audio_SP18.v0,group_0,1,fave,148.2761166843727,73.45874823458338,9,y,"",0.2799999999999727,[silence],[silence],#,#,.,.,coextensive
331.3913587735207,2331.2820436650313,3114.250629220137,2.4322661408404462,3.2352903021337847,2.196039724178782,5512.820512820513,0.0006086211470737036,1708.11575,0.031,0.32978723404255317,0-0-2532-7,i,51a17262-Audio_SP18.v0,group_0,1,fave,401.4565289765729,69.20896630800205,9,beneficia,"",0.07000000000016371,[silence],.,z,a,z,a,internal
433.10312659987744,2754.514716831363,3126.3423990155284,2.2156235351778664,3.9193165101198426,3.328637837689458,7487.179487179487,0.0016631346266116492,1737.5407500000001,0.041,0.3306451612903226,0-0-2550-1,i,51a17262-Audio_SP18.v0,group_0,1,fave,224.5896344751547,76.72239133975715,9,Picoworkers,"",0.09999999999990905,trabajo,.,p,k,p,k,internal
332.0987228805597,2875.9200474315467,3137.0844547276147,3.7177556546404427,3.267541225272415,3.550064024297155,6589.74358974359,0.0036248053934519785,1749.4307500000002,0.041,0.3306451612903226,0-0-2560-1,i,51a17262-Audio_SP18.v0,group_0,1,fave,237.747050183346,76.79914640827633,9,Microworkers,"",0.09999999999990905,más,[silence],m,k,m,k,internal
371.2060114024373,2942.10708653987,4272.413355161298,3.1478613651352845,2.664826126675709,4.266559338333138,8743.589743589742,0.00011671541362368241,1756.95775,0.035,0.33653846153846156,0-0-2576-2,i,51a17262-Audio_SP18.v0,group_0,1,fave,179.30006166820712,74.06206379587421,9,allí,"",0.07999999999992724,siempre,[silence],L,#,L,&,final
383.98775388647346,2948.0416035661624,3157.691578389987,2.7469267562856268,2.6089504350141803,4.892365594238862,8743.589743589742,0.00016642973865593986,1757.42375,0.027000000000000003,0.32142857142857145,0-0-2578-2,i,51a17262-Audio_SP18.v0,group_0,1,fave,191.30920413655178,81.82829141178112,9,abiertas,"",0.05999999999994543,[silence],.,b,é,b,é,internal
401.22745902415545,2627.157957681581,4556.389355573918,3.7724981935264696,3.520635907039322,3.149499837525828,9641.02564102564,0.0005886569630165871,1759.9157500000001,0.031,0.32978723404255317,0-0-2583-4,i,51a17262-Audio_SP18.v0,group_0,1,fave,190.93065693180768,79.00823262673565,9,pendiente,"",0.06999999999993634,al,de,d,é,d,é,internal
630.4399655209565,2751.642215754142,3029.19716036136,2.5669028986499005,4.299325008091458,2.856425107027708,6410.25641025641,0.0004494409809798467,1777.7237499999999,0.027000000000000003,0.32142857142857145,0-0-2607-2,i,51a17262-Audio_SP18.v0,group_0,1,fave,125.4220042664408,64.43783885072288,9,Primero,"",0.05999999999994543,%%,",",R,m,R,m,internal
412.61228890351634,2100.589526047865,3044.77537413142,2.5001866898381677,3.2218684917620593,3.2704153518432726,6230.7692307692305,0.0001486875244270725,1782.90375,0.027000000000000003,0.32142857142857145,0-0-2614-9,i,51a17262-Audio_SP18.v0,group_0,1,fave,201.54942013058965,78.07452951103903,9,remuneración,"",0.05999999999994543,la,de,z,o,z,o,internal
423.0936455118438,3039.3216150680278,3649.4278807077862,3.1582456327438373,2.4851076715482088,4.909087503977159,8923.076923076922,0.0013756736121793268,1785.22575,0.031,0.32978723404255317,0-0-2622-1,i,51a17262-Audio_SP18.v0,group_0,1,fave,199.061094423389,77.72464606176275,9,Picoworkers,"",0.06999999999993634,En,%%,p,k,p,k,internal
331.5037880993593,3201.024215311745,3449.010175128443,2.8085050109350065,2.896473599762355,4.089953990908354,6769.2307692307695,0.05642056333349868,1796.18875,0.057,0.32758620689655177,0-0-2643-0,i,51a17262-Audio_SP18.v0,group_0,1,fave,241.3790952069282,76.84215946239894,9,Y,"",0.14999999999986358,[silence],[silence],#,#,.,.,coextensive
390.07954537415765,2713.8331686643232,2961.4188273800223,3.0453983724958147,3.1142379724854368,2.8917233244048046,6230.7692307692305,0.00009085049015168711,1799.6337499999997,0.027000000000000003,0.32142857142857145,0-0-2651-1,i,51a17262-Audio_SP18.v0,group_0,1,fave,214.5724223128914,73.36004060065997,9,Picoworkers,"",0.060000000000172804,[silence],no,p,k,p,k,internal
389.761466159334,3144.168313180783,4745.4323973898745,3.255710174800101,3.092988416008556,4.812818077551983,10000.0,0.0006393619487714908,1800.55775,0.035,0.3365384615384616,0-0-2653-1,i,51a17262-Audio_SP18.v0,group_0,1,fave,237.89302622954793,81.5567103811308,9,tiene,"",0.07999999999992724,no,[silence],t,é,t,é,internal
366.51681440029245,2931.2712154880664,4608.863725249521,2.999165897506716,3.0346965043682754,4.226355009979413,9641.02564102564,0.0008467074127926136,1803.2607500000001,0.041,0.3306451612903226,0-0-2661-1,i,51a17262-Audio_SP18.v0,group_0,1,fave,189.96204298646768,79.12108543260251,9,tiene,"",0.09999999999990905,que,[silence],t,é,t,é,internal
474.8300945210422,3036.2494776277636,3612.5975470574767,3.9404118973732682,4.228744494512747,4.208075949206639,5871.794871794871,0.4407764635903488,1804.52775,0.055,0.33536585365853655,0-0-2663-1,i,51a17262-Audio_SP18.v0,group_0,1,fave,239.20203213085148,78.61607440797263,9,Microworkers,"",0.14000000000010004,[silence],",",m,k,m,k,internal
260.3778180143739,2376.572290340797,3255.489045068081,2.681287698366904,3.903659051817516,4.3956430448838235,6948.717948717948,0.061104569767960505,1805.66975,0.119,0.3361581920903954,0-0-2665-0,i,51a17262-Audio_SP18.v0,group_0,1,fave,189.5150814931269,72.40437137794757,9,y,"",0.3300000000001546,",",se,#,#,.,s,coextensive
383.3937624176406,3036.0371313729306,4539.054499926832,3.4929169268280127,2.13646826017712,4.25211018586766,9461.538461538461,0.0002836538863054594,1806.38575,0.031,0.32978723404255317,0-0-2668-1,i,51a17262-Audio_SP18.v0,group_0,1,fave,193.60298569555013,81.70661205938595,9,dificulta,"",0.07000000000016371,me,un,d,f,d,f,internal
258.6999510855042,2076.265388501404,2592.472859778434,3.27015391461018,4.520590633005525,4.525239514982551,5512.820512820513,0.00469898155706222,1806.5237499999998,0.027000000000000003,0.32142857142857145,0-0-2668-3,i,51a17262-Audio_SP18.v0,group_0,1,fave,210.56526088073497,79.2752196963964,9,dificulta,"",0.05999999999994543,me,un,f,k,f,k,internal
390.9029858574694,2093.949595414827,3030.7171198290985,2.953788612747005,3.230630389897488,2.6777934397259058,6769.2307692307695,0.0015865661361739924,1815.1127499999998,0.045,0.33582089552238803,0-0-2676-3,i,51a17262-Audio_SP18.v0,group_0,1,fave,306.9665931929452,80.11558629622517,9,básicamente,"",0.11000000000012733,Pues,igual,s,k,s,k,internal
472.90232503262973,2786.993825215115,2957.5950756190814,2.6046048514022115,3.444260516065524,2.683794079687004,7128.205128205128,0.00014361306525261812,1815.65875,0.037000000000000005,0.324561403508772,0-0-2677-0,i,51a17262-Audio_SP18.v0,group_0,1,fave,241.56907325737748,81.03118211125634,9,igual,"",0.08999999999991815,básicamente,",",#,g,e,g,initial
367.6849052588023,2294.5667695314705,2850.3859192031605,2.2479434783236885,3.349714128827387,4.256102551486873,8564.102564102563,0.004460701258995797,1816.29875,0.037000000000000005,0.324561403508772,0-0-2679-0,i,51a17262-Audio_SP18.v0,group_0,1,fave,153.58972291680652,79.22018633679386,9,igual,"",0.08999999999991815,",",tienes,#,g,.,g,initial
381.53907480777576,2976.7068914561905,3316.0975458978937,3.596623456861548,2.9115770788979045,4.711193048499602,7666.666666666666,0.00244003535417352,1821.66375,0.047,0.3263888888888889,0-0-2693-0,i,51a17262-Audio_SP18.v0,group_0,1,fave,197.70884416835574,80.98264334673813,9,igual,"",0.11999999999989086,también,compartir,#,g,n,g,initial
435.9838379533153,2814.75137768774,3092.3003332223952,3.453753784354407,3.712897367956131,4.267171522117397,7666.666666666666,0.0023293778680905965,1829.0987499999999,0.037,0.32456140350877194,0-0-2719-1,i,51a17262-Audio_SP18.v0,group_0,1,fave,196.6683340009468,76.79624775194083,9,mi,"",0.09000000000014552,en,caso,m,#,m,k,final
339.28548360582386,1979.5055074792178,3499.959851579545,3.4440890902392227,4.1530765205349995,4.434164640992275,5692.3076923076915,0.00014745814768177414,1834.16375,0.027000000000000003,0.32142857142857145,0-0-2732-4,i,51a17262-Audio_SP18.v0,group_0,1,fave,275.2941242061766,82.36526850523967,9,cambiarlo,"",0.05999999999994543,toca,a,b,á,b,á,internal
358.9441986849709,2943.2062659991534,3209.7382441654267,2.8991964549028166,3.3284137041558686,3.611677928861387,7307.692307692308,0.005846285883728168,1839.17775,0.035,0.3365384615384616,0-0-2741-1,i,51a17262-Audio_SP18.v0,group_0,1,fave,237.54290726981645,80.74799770844304,9,pierdo,"",0.07999999999992724,[silence],[silence],p,é,p,é,internal
629.9243100364372,3153.2736524852917,4840.762837139572,2.3978229787700602,5.00644962807003,4.989546383381569,8923.076923076922,0.012787745394760176,1848.5237499999998,0.027000000000000003,0.32142857142857145,0-0-2749-5,i,51a17262-Audio_SP18.v0,group_0,1,fave,80.32068301300454,72.8271274274771,9,comisiones,"",0.05999999999994543,Hay,cuando,s,ó,s,ó,internal
381.96484111463457,3073.01870482618,4408.680349943468,2.7388505854601104,2.7740372944356246,3.844114354796298,9282.051282051281,0.000011611741075725912,1852.48575,0.031,0.32978723404255317,0-0-2756-4,i,51a17262-Audio_SP18.v0,group_0,1,fave,184.07673442865365,83.2544883928501,9,También,"",0.06999999999993634,%%,la,b,e,b,e,internal
534.1744400049828,2293.4916851641033,3325.879673694548,2.869577645539075,3.562925469510588,2.957860232702566,7487.179487179487,0.017546440160187877,1856.71875,0.057,0.3275862068965517,0-0-2768-3,i,51a17262-Audio_SP18.v0,group_0,1,fave,220.3539452602202,60.35231563954821,9,bolívares,"",0.14999999999986358,a,[silence],l,b,l,b,internal
346.88195693439815,2364.884290091515,2994.4926396188803,4.377260880735112,4.606615684360353,3.3460785269178737,6769.2307692307695,0.012033939639697238,1895.05575,0.031,0.32978723404255317,0-0-2787-0,i,51a17262-Audio_SP18.v0,group_0,1,fave,247.95724081491187,81.46319425991396,9,intentado,"",0.06999999999993634,habían,[silence],#,n,n,n,initial
345.13308800573077,3110.0721534039612,3831.6593199681406,2.5584317613158283,3.093135701687585,4.322665679672904,7128.205128205128,0.009917887667107262,1905.88575,0.091,0.3321167883211679,0-0-2811-3,i,51a17262-Audio_SP18.v0,group_0,1,fave,188.55197745564436,78.87547157601324,9,actividad,"",0.25,de,.,t,b,t,b,internal
412.1832246381692,2966.7920244500324,4434.998983068403,3.5446872982274016,2.58711511407724,3.7856525316103493,9461.538461538461,0.00007499043634756001,1950.33775,0.035,0.33653846153846156,0-0-2860-3,i,51a17262-Audio_SP18.v0,group_0,1,fave,202.88163040366263,81.5680724385467,9,rapidez,"",0.08000000000015461,la,también,p,d,p,d,internal
408.5710987086794,2920.2961030596257,3725.5005524208077,3.306153877152239,3.79929223784367,5.210137684399948,9102.564102564102,0.00031821251056466873,1950.89375,0.027000000000000003,0.32142857142857145,0-0-2861-4,i,51a17262-Audio_SP18.v0,group_0,1,fave,203.68037654149902,79.68025258241725,9,también,"",0.05999999999994543,rapidez,cuenta,b,e,b,e,internal
465.933154427783,3186.1232382459934,4343.468124960945,3.239797632232617,3.468542241813615,4.916710158986926,7846.153846153846,0.00007031747523646154,1953.8037499999998,0.027000000000000003,0.32142857142857145,0-0-2865-0,i,51a17262-Audio_SP18.v0,group_0,1,fave,81.97430247361628,81.42234543385416,9,Y,"",0.05999999999994543,.,el,#,#,.,e,coextensive
381.56275232852585,3037.7270647795153,4696.202252013025,2.8389506198307894,2.472438982781489,3.8377702194543923,9282.051282051281,0.00024030822355488438,1960.6387499999998,0.037000000000000005,0.324561403508772,0-0-2880-1,i,51a17262-Audio_SP18.v0,group_0,1,fave,217.82661177550202,77.8429990269258,9,tiempo,"",0.09000000000014552,el,y,t,é,t,é,internal
319.78067189768376,2938.438387351549,3814.1958907201956,2.7053093413303166,3.1181027498108365,4.5576915202100325,8205.128205128205,0.022306718507916712,1961.28975,0.239,0.3347338935574229,0-0-2881-0,i,51a17262-Audio_SP18.v0,group_0,1,fave,188.99644313084576,71.53841844797239,9,y,"",0.6899999999998272,tiempo,sí,#,#,o,s,coextensive
413.7412737390028,2838.969012986699,3034.604706122075,2.7678880744606658,3.5243954239558475,3.770939876004219,6769.2307692307695,0.0009088469170512879,1966.95775,0.035,0.3365384615384616,0-0-2897-4,i,51a17262-Audio_SP18.v0,group_0,1,fave,203.57049154375989,76.00544927594855,9,prefieren,"",0.07999999999992724,que,pues,f,é,f,é,internal
423.66610537613815,2102.0600282501273,2907.7443335174835,2.587517590635348,3.5345840012405794,2.3552718535451054,6589.74358974359,0.00011223468146333944,1993.21875,0.037,0.32456140350877194,0-0-2916-4,i,51a17262-Audio_SP18.v0,group_0,1,fave,206.66656386793872,77.98368623448025,9,participo,"",0.08999999999991815,o,en,t,z,t,z,internal
379.28465688862616,2035.5466757686092,3034.7928682019,2.756078076985746,4.084447899076094,3.503828878241398,6230.7692307692305,0.005762171852295347,1999.3437499999998,0.047,0.3263888888888889,0-0-2931-1,i,51a17262-Audio_SP18.v0,group_0,1,fave,184.0497985712371,71.86992943449042,9,mi,"",0.12000000000011823,en,país,m,#,m,p,final
508.9771369364958,2321.549084396763,3036.275454932393,2.92288662974246,3.789846282883045,3.3570618695669765,7128.205128205128,0.003803272147045115,1999.62375,0.067,0.32843137254901966,0-0-2932-2,i,51a17262-Audio_SP18.v0,group_0,1,fave,176.71034125526953,75.8759054926268,9,país,"",0.18000000000006366,mi,",",á,s,á,s,internal
1099.2130404035747,2099.5183341962334,3412.4820427232444,3.19494345172804,4.338983457796984,3.3171856995126867,6051.282051282051,0.10446303604708461,2008.0237499999998,0.027000000000000003,0.32142857142857145,0-0-2951-8,i,51a17262-Audio_SP18.v0,group_0,1,fave,208.12185054636507,76.66283317010038,9,publicaciones,"",0.05999999999994543,algunas,y,z,ó,z,ó,internal
378.2742355063207,3131.8881885868223,3613.3829975710423,3.1630824583041806,4.101994357732028,4.573499919723445,7128.205128205128,0.0213559391824574,2008.74875,0.057,0.32758620689655177,0-0-2952-0,i,51a17262-Audio_SP18.v0,group_0,1,fave,196.89071728203143,76.15939029920837,9,y,"",0.14999999999986358,publicaciones,si,#,#,s,s,coextensive
391.8467252860216,2314.936171319379,2913.4302876939973,2.395280244398314,3.6826926207167183,3.121938786577392,5692.3076923076915,0.009495366260167186,2009.87875,0.07700000000000001,0.3290598290598291,0-0-2956-3,i,51a17262-Audio_SP18.v0,group_0,1,fave,227.91771021910083,79.3148592295514,9,posibilidad,"",0.21000000000003638,la,de,s,b,s,b,internal
382.6585423070242,2183.50381046508,2959.5227718234346,2.3404873775586017,3.303917816667938,3.472791674942362,6051.282051282051,0.00003899130795935511,2010.1127499999998,0.025,0.33783783783783783,0-0-2956-5,i,51a17262-Audio_SP18.v0,group_0,1,fave,187.3066725554697,80.36335984186768,9,posibilidad,"",0.0500000000001819,la,de,b,l,b,l,internal
376.4163861399557,2917.76381831139,4345.605784602571,2.2162519073642586,2.819714923037996,4.572473716059043,9820.51282051282,0.0002670301802498681,2012.82575,0.031,0.32978723404255317,0-0-2962-3,i,51a17262-Audio_SP18.v0,group_0,1,fave,194.4839437878841,79.13039973200742,9,alguién,"",0.07000000000016371,a,que,g,e,g,e,internal
487.22439787497194,2997.473478013807,4236.040662357071,3.228031564983777,3.2969230789217185,5.571681747430277,9282.051282051281,0.00030006062638978016,2013.49575,0.031,0.32978723404255317,0-0-2967-0,i,51a17262-Audio_SP18.v0,group_0,1,fave,184.88249359381558,80.36703093121848,9,ingresando,"",0.06999999999993634,está,[silence],#,n,á,n,initial
360.4794065465274,2945.873898040047,4677.778600910883,2.2646997012298598,2.0301353178171913,4.417825087085031,8923.076923076922,0.00003493719306079289,2015.6337499999997,0.027000000000000003,0.32142857142857145,0-0-2971-1,i,51a17262-Audio_SP18.v0,group_0,1,fave,187.68038552688796,81.8254967139809,9,tiene,"",0.060000000000172804,que,alguna,t,é,t,é,internal
386.90361022356655,2905.179092924989,4756.568764688882,3.8784869707941696,2.447346050353856,3.71033703216093,9641.02564102564,0.0015515142183929122,2031.49575,0.051000000000000004,0.3311688311688312,0-0-3000-3,i,51a17262-Audio_SP18.v0,group_0,1,fave,198.15551567405802,81.75221470611297,9,salí,"",0.12999999999988177,[silence],de,l,#,l,d,final
622.9549247647624,2783.0400693056695,4474.204975698477,3.010805487301417,3.345923675602376,4.47353092226127,7487.179487179487,0.008229989666235674,2121.19575,0.031,0.32978723404255317,0-0-3040-2,i,51a17262-Audio_SP18.v0,group_0,1,fave,198.42292336791402,75.85296068685238,9,así,"",0.07000000000016371,algo,.,s,#,s,.,final
393.87719956839464,2912.800478312169,4573.498682913979,2.871703475927674,2.8768552070348314,3.3341083926394166,9102.564102564102,0.000011951849388303348,2137.07375,0.027000000000000003,0.32142857142857145,0-0-3054-2,i,51a17262-Audio_SP18.v0,group_0,1,fave,196.64345771877666,81.50789439231269,9,principio,"",0.05999999999994543,Al,no,R,n,R,n,internal
364.9877908245935,2951.249007309937,4258.323798119131,2.4201351490920673,3.168117757365827,4.601063991728335,9102.564102564102,0.00033114478168178594,2137.98275,0.045,0.33582089552238803,0-0-3056-3,i,51a17262-Audio_SP18.v0,group_0,1,fave,185.9701856010906,79.03196079568254,9,sabía,"",0.11000000000012733,no,nada,b,a,b,a,internal
374.04377832027694,2548.825453772297,3010.833881679528,2.4386333117659924,4.281502147830437,2.902764070878547,5692.3076923076915,0.004652310470678553,2139.66275,0.045,0.33582089552238803,0-0-3060-5,i,51a17262-Audio_SP18.v0,group_0,1,fave,180.67646129479775,79.95517522289674,9,conocía,"",0.11000000000012733,no,muchas,z,a,z,a,internal
433.08411426133955,3068.771493897242,4417.471939919283,3.214461922037278,3.1832861928603324,3.8200008777201178,9282.051282051281,0.0018156140359881414,2145.2827500000003,0.10500000000000001,0.3343949044585987,0-0-3070-4,i,51a17262-Audio_SP18.v0,group_0,1,fave,188.9874850985412,82.26729158128977,9,también,"",0.2899999999999636,ayuda,en,b,e,b,e,internal
365.121768551751,2993.5200906537293,4223.933529172756,3.7681862638881074,3.2074565948588836,4.815884163394476,10000.0,0.0027623826207473015,2148.24275,0.045,0.3358208955223881,0-0-3075-1,i,51a17262-Audio_SP18.v0,group_0,1,fave,183.5975079508287,79.65451195645043,9,videos,"",0.11000000000012733,Ver,[silence],b,d,b,d,internal
493.27586291970175,2919.386497582048,4501.313572579259,3.983996248430564,3.392338168916424,4.529657289726461,10000.0,0.003419024283226642,2150.3687499999996,0.037,0.32456140350877194,0-0-3079-0,i,51a17262-Audio_SP18.v0,group_0,1,fave,195.63282236499796,78.7009532706852,9,información,"",0.09000000000014552,proporcionó,[silence],#,n,o,n,initial
419.8495613754234,2988.6438456533647,4129.461603329376,3.4175560496590975,2.9655430162395833,4.723353282526988,9461.538461538461,0.0009364449370813503,2153.28075,0.041,0.3306451612903226,0-0-3085-2,i,51a17262-Audio_SP18.v0,group_0,1,fave,212.88678556259902,80.17460096132929,9,habían,"",0.09999999999990905,%%,situaciones,b,a,b,a,internal
458.8006205193934,2340.3274357171513,3067.335770963109,2.7398418722043827,3.513830883826116,2.9920115822568665,5692.3076923076915,0.0011816403274582947,2153.58875,0.037,0.32456140350877194,0-0-3086-1,i,51a17262-Audio_SP18.v0,group_0,1,fave,232.20721654011675,80.63344169121255,9,situaciones,"",0.08999999999969077,habían,muy,s,t,s,t,internal
386.408659041528,2206.590795067926,3054.650699621095,2.65616347840624,3.048196483746057,3.6538545469747508,5871.794871794871,0.0006330087602499711,2153.90375,0.027000000000000003,0.32142857142857145,0-0-3086-6,i,51a17262-Audio_SP18.v0,group_0,1,fave,213.63256066731495,79.79645136131158,9,situaciones,"",0.05999999999994543,habían,muy,z,ó,z,ó,internal
448.3542772441896,2308.8639706441295,3061.0573109729385,2.9469970909975998,3.320728792298142,2.5461157078967154,5871.794871794871,0.0002915898351091782,2154.5077499999998,0.035,0.3365384615384616,0-0-3088-1,i,51a17262-Audio_SP18.v0,group_0,1,fave,236.9879689284856,81.57795349104354,9,similares,"",0.08000000000038199,muy,",",s,m,s,m,internal
465.9439240883832,3079.0392565263696,3093.186879992284,3.243452880372063,4.24688399196174,3.59660481787321,7666.666666666666,0.004562403553409129,2154.64375,0.047,0.3263888888888889,0-0-3088-3,i,51a17262-Audio_SP18.v0,group_0,1,fave,208.96395789117315,77.67334688406127,9,similares,"",0.11999999999989086,muy,",",m,l,m,l,internal
367.2721907751917,3016.6363493311173,4485.280152003529,2.6982838864801892,2.2902645393375303,4.104009808618074,9282.051282051281,0.0007554818839237243,2158.74575,0.031,0.32978723404255317,0-0-3098-3,i,51a17262-Audio_SP18.v0,group_0,1,fave,183.9875121725327,79.52246847147971,9,retirar,"",0.07000000000016371,para,el,t,R,t,R,internal
380.79608891166924,2953.464154779983,4479.544466315832,2.60475904709185,3.33103393722324,3.9569323874578237,9641.02564102564,0.01629805328002098,2159.18875,0.07700000000000001,0.3290598290598291,0-0-3100-1,i,51a17262-Audio_SP18.v0,group_0,1,fave,168.7374373605416,80.0369443935103,9,dinero,"",0.21000000000003638,el,qué,d,n,d,n,internal
362.3203917635815,3070.318426679769,4454.48228176587,3.0717346714990517,2.8156117890340195,4.278478363895867,9461.538461538461,0.006502074052990785,2161.0707500000003,0.181,0.3327205882352941,0-0-3104-0,i,51a17262-Audio_SP18.v0,group_0,1,fave,166.4591924570372,75.7148040422569,9,y,"",0.5199999999999818,hacer,por,#,#,R,p,coextensive
454.8329659364399,2126.2842777774235,3198.3219064048985,2.895890661345659,3.4534977855198647,3.686073814537352,5692.3076923076915,0.00033328318435535414,2162.8627500000002,0.025,0.33783783783783783,0-0-3110-1,i,51a17262-Audio_SP18.v0,group_0,1,fave,236.93590585554236,68.60005276778229,9,siempre,"",0.0500000000001819,Facebook,[silence],s,é,s,é,internal
436.3813228493614,2860.716350902803,3071.2967322352906,2.655015411716512,3.1381087588765504,5.126161427579664,8923.076923076922,0.0005418072518994788,2163.8337500000002,0.027000000000000003,0.32142857142857145,0-0-3112-2,i,51a17262-Audio_SP18.v0,group_0,1,fave,215.42829696659456,82.17911794522695,9,habían,"",0.05999999999994543,[silence],personas,b,a,b,a,internal
342.97960724143996,1999.5558142243256,3087.7967398157416,3.1718591985958153,3.3795660956931117,3.720228915348813,6410.25641025641,0.000024562768251242942,2165.8227500000003,0.025,0.33783783783783783,0-0-3117-3,i,51a17262-Audio_SP18.v0,group_0,1,fave,296.9631075154382,82.91193896363355,9,casi,"",0.0500000000001819,[silence],las,s,#,s,l,final
270.4375199939517,2876.635780789054,3499.449713048293,3.640822612273244,3.3032664474621662,4.63363358757677,8025.641025641025,0.002406464226565293,2166.5527500000003,0.045,0.3358208955223881,0-0-3120-0,i,51a17262-Audio_SP18.v0,group_0,1,fave,246.80166447794693,83.13242496006691,9,inquietudes,"",0.10999999999967258,mismas,[silence],#,n,s,n,initial
372.6862168862768,2994.3588798932133,4436.415525716986,2.549331443905449,2.6015914894942758,4.423357621521342,9102.564102564102,0.00010994494454461893,2166.82375,0.027000000000000003,0.32142857142857145,0-0-3120-3,i,51a17262-Audio_SP18.v0,group_0,1,fave,218.9319613758504,80.62910360047168,9,inquietudes,"",0.05999999999994543,mismas,[silence],k,e,k,e,internal
429.63601731132263,2868.8526784586147,3097.414902723358,2.3086844281433936,2.2716292623578678,2.4187061481364864,6410.25641025641,0.0008958082990132973,2168.1937500000004,0.087,0.32954545454545453,0-0-3122-0,i,51a17262-Audio_SP18.v0,group_0,1,fave,243.62680770992816,79.07896305431403,9,y,"",0.23999999999978172,[silence],bueno,#,#,.,b,coextensive
202.94440339802864,1827.086902865745,2100.664361044871,2.744326809465867,4.4340877362135895,4.153972867535276,4794.871794871795,0.014539973967165278,2169.23375,0.027000000000000003,0.32142857142857145,0-0-3125-1,i,51a17262-Audio_SP18.v0,group_0,1,fave,112.4248671973784,74.94000842425889,9,siempre,"",0.06000000000040018,entonces,había,s,é,s,é,internal
426.99941147680124,2821.8245521594718,4414.932785965092,3.4515198426415608,3.4982760332014733,5.216512345703408,9102.564102564102,0.002952945223163381,2169.60775,0.035,0.33653846153846156,0-0-3126-2,i,51a17262-Audio_SP18.v0,group_0,1,fave,206.5475386922596,82.16000206598463,9,había,"",0.07999999999992724,siempre,alguien,b,a,b,a,internal
485.90806491729694,3082.449037106588,4277.010741207572,3.260069122527402,2.7100231272702944,5.225548907409242,9820.51282051282,0.002613200632529386,2173.7287499999998,0.037000000000000005,0.324561403508772,0-0-3136-0,i,51a17262-Audio_SP18.v0,group_0,1,fave,233.18340892347032,80.23886664470015,9,y,"",0.09000000000014552,comentar,decir,#,#,R,d,coextensive
500.7194523737598,2887.5642543442777,3165.1699399559416,2.307605640480286,2.854802310374787,2.690149808643306,6230.7692307692305,0.0027257667016395873,2178.83875,0.057,0.32758620689655177,0-0-3150-2,i,51a17262-Audio_SP18.v0,group_0,1,fave,295.69173834643493,78.84584253971602,9,así,"",0.15000000000009095,hacerlo,[silence],s,#,s,.,final
492.8459434106871,2884.01348580388,3995.4100415371863,3.268876330716455,2.5919989182698218,5.318469982424852,8923.076923076922,0.021865169026778493,2179.41875,0.037000000000000005,0.324561403508772,0-0-3152-0,i,51a17262-Audio_SP18.v0,group_0,1,fave,219.78685478360896,78.63335952766413,9,y,"",0.08999999999969077,[silence],por,#,#,.,p,coextensive
412.88538304515424,2963.251009434032,3413.388981123798,3.3905146271691775,2.872737845845521,4.444692824806246,8384.615384615383,0.0011037897299287834,2179.9437500000004,0.047,0.3263888888888889,0-0-3154-2,i,51a17262-Audio_SP18.v0,group_0,1,fave,210.89615226417627,73.02343068692907,9,allí,"",0.11999999999989086,por,pues,L,#,L,p,final
323.63562272372286,2283.9994444695653,3288.5125290100045,2.918440950305312,3.6122212724373823,4.540391495220837,8025.641025641025,0.0026774422834243412,2181.2507499999997,0.08100000000000002,0.3319672131147542,0-0-3160-1,i,51a17262-Audio_SP18.v0,group_0,1,fave,181.59697452774336,78.06006113089657,9,guiando,"",0.2199999999997999,[silence],[silence],g,á,g,á,internal
255.41214824147963,2982.9362239680668,3441.065706956176,2.6694175338006185,2.8237609922040545,4.197196148168037,7666.666666666666,0.11650884243324289,2183.5047499999996,0.189,0.33510638297872336,0-0-3166-0,i,51a17262-Audio_SP18.v0,group_0,1,fave,205.0248157498288,70.37385891813436,9,y,"",0.5399999999999636,[silence],[silence],#,#,.,.,coextensive
382.79055797128143,2641.5704444687262,2999.603670101068,2.4758844116553975,3.512675682225742,3.218810289339272,6410.25641025641,0.0012493635764146594,2184.7607499999995,0.041,0.3306451612903226,0-0-3170-2,i,51a17262-Audio_SP18.v0,group_0,1,fave,189.2572838650976,74.96454666161225,9,utilidad,"",0.1000000000003638,gran,.,t,l,t,l,internal
382.9854060893095,1981.1076128046514,2988.1735157685953,3.350712630197026,3.741518825407651,3.559363860891383,9102.564102564102,0.0001577348898630862,2184.88275,0.025,0.33783783783783783,0-0-3170-4,i,51a17262-Audio_SP18.v0,group_0,1,fave,174.1256676591523,76.27591071075436,9,utilidad,"",0.0500000000001819,gran,.,l,d,l,d,internal
384.2534288587854,2657.342294220754,3079.1521124139085,2.2891972361879604,3.1860854253713273,3.3405128668851383,7487.179487179487,0.008630306068253829,2215.54275,0.045,0.33582089552238803,0-0-3198-1,i,51a17262-Audio_SP18.v0,group_0,1,fave,202.0426489870263,79.05602139101899,9,tiempo,"",0.11000000000012733,Cuánto,[silence],t,é,t,é,internal
409.03346699557386,2089.8664981660622,3010.6026089666816,2.9931267422533088,3.4555238112909756,2.5877717476237443,6051.282051282051,0.000012269655354216425,2218.72375,0.027000000000000003,0.32142857142857145,0-0-3205-4,i,51a17262-Audio_SP18.v0,group_0,1,fave,185.87564623213848,79.27488304617835,9,realizar,"",0.05999999999994543,en,alguna,l,z,l,z,internal
272.3894864758866,2917.8074872500515,4556.478836241347,2.9473714104950433,3.64058600490721,3.7440743987612732,9820.51282051282,0.0008014532079911377,2221.13275,0.025,0.33783783783783783,0-0-3215-1,i,51a17262-Audio_SP18.v0,group_0,1,fave,233.63535604847465,77.59403107662521,9,tiempo,"",0.0500000000001819,el,en,t,é,t,é,internal
410.97916443027714,2167.8532914996545,3033.6873136537806,2.631103334232427,3.2278544907504347,2.300460212929541,6051.282051282051,0.00001024860626669511,2222.2827500000003,0.025,0.33783783783783783,0-0-3217-4,i,51a17262-Audio_SP18.v0,group_0,1,fave,190.23627972935333,78.46871675781468,9,realizar,"",0.0500000000001819,en,alguna,l,z,l,z,internal
401.8275524140999,1910.818633170803,3258.3718100903748,2.8743400734902784,3.128536946203557,3.2421003844572027,5512.820512820513,0.0010738990684888428,2225.95575,0.031,0.32978723404255317,0-0-3223-3,i,51a17262-Audio_SP18.v0,group_0,1,fave,252.709850920253,79.09431823438044,9,Básicamente,"",0.07000000000016371,[silence],eso,s,k,s,k,internal
415.1015242963644,2983.9109881049017,3051.342944661633,3.310890567173223,3.066147551678139,5.034702193043896,8923.076923076922,7.114971832186346e-6,2232.40275,0.025,0.33783783783783783,0-0-3238-2,i,51a17262-Audio_SP18.v0,group_0,1,fave,226.65592204548048,75.61635104782403,9,iniciando,"",0.0500000000001819,estoy,qué,n,z,n,z,internal
374.0974734481081,2359.0897498335003,3094.7943622307653,2.697716345801048,3.8101448995871907,2.9727268555568602,6230.7692307692305,0.00031830891063284946,2232.56575,0.031,0.32978723404255317,0-0-3238-4,i,51a17262-Audio_SP18.v0,group_0,1,fave,242.5327778506492,79.46219006603795,9,iniciando,"",0.06999999999970896,estoy,qué,z,á,z,á,internal
449.8615744952001,2939.7251011998105,4313.633381166693,3.0819722190982732,3.0467400436121936,4.151877380327511,8743.589743589742,0.0036405112751704484,2248.37275,0.045,0.33582089552238803,0-0-3252-0,i,51a17262-Audio_SP18.v0,group_0,1,fave,219.439902565189,78.7771799041021,9,inicio,"",0.11000000000012733,al,habían,#,n,l,n,initial
430.4429258469469,2750.9058322058,3120.7852164941955,3.245860397471371,4.045434906446494,2.996893894285924,5512.820512820513,0.010832167146912128,2248.99375,0.047,0.3263888888888889,0-0-3252-4,i,51a17262-Audio_SP18.v0,group_0,1,fave,286.04501843242974,74.9803517919731,9,inicio,"",0.12000000000034561,al,habían,z,o,z,o,internal
408.1994332672174,3073.765412678812,4686.837020324815,2.631425021295457,3.093739429103842,4.611847708310781,10000.0,0.0031945084268905645,2249.62375,0.067,0.3284313725490197,0-0-3253-2,i,51a17262-Audio_SP18.v0,group_0,1,fave,209.51088690339387,75.94362404272762,9,habían,"",0.1799999999998363,inicio,[silence],b,a,b,a,internal
359.221190618195,2914.235264450268,3361.8653456007028,2.855527266101594,2.463248185221592,4.765011561680882,9282.051282051281,0.002150174884699143,2264.66875,0.057,0.32758620689655177,0-0-3275-2,i,51a17262-Audio_SP18.v0,group_0,1,fave,179.3288368186784,80.75003913185678,9,habían,"",0.15000000000009095,No,también,b,a,b,a,internal
396.1157356648452,3043.5740592156103,4389.081006188842,3.358078676699418,2.7123520546483384,3.8173659032107303,10000.0,0.0030767214048876223,2266.7207499999995,0.041,0.3306451612903226,0-0-3279-8,i,51a17262-Audio_SP18.v0,group_0,1,fave,179.49952621640392,79.55715971909439,9,nacionalidades,"",0.1000000000003638,otras,.,l,d,l,d,internal
378.0179731079334,2744.6791945493082,3037.6264732696363,3.62668314322713,4.25655720314278,4.807288176439098,8564.102564102563,0.005643827271430334,2285.04875,0.037000000000000005,0.324561403508772,0-0-3285-4,i,51a17262-Audio_SP18.v0,group_0,1,fave,235.15958928738218,80.56379983553285,9,surgió,"",0.08999999999969077,grupo,por,x,o,x,o,internal
397.5101723047333,2329.3792098726312,3089.342338869316,3.320435999860809,3.4190180927170157,3.731375505964713,7487.179487179487,0.0004361525785256282,2288.16575,0.031,0.32978723404255317,0-0-3290-1,i,51a17262-Audio_SP18.v0,group_0,1,fave,292.7918274305482,83.28115301385381,9,video,"",0.06999999999970896,un,[silence],b,d,b,d,internal
311.36804643085975,3162.3628658983494,4871.152448866246,2.826299726915221,3.087006825433177,4.292524923666591,10000.0,0.005892597679286636,2290.49275,0.045,0.3358208955223881,0-0-3295-0,i,51a17262-Audio_SP18.v0,group_0,1,fave,164.28747328864034,79.5485783375271,9,y,"",0.11000000000012733,[silence],dejaron,#,#,.,d,coextensive
365.10985287020225,2036.7190155334192,2766.8369960965724,2.622560388422523,3.5726656385483913,3.455835767504107,5871.794871794871,0.0003266602166133651,2324.3137500000003,0.027000000000000003,0.32142857142857145,0-0-3325-4,i,51a17262-Audio_SP18.v0,group_0,1,fave,226.930849722744,74.7878587759412,9,explicar,"",0.05999999999994543,de,",",l,k,l,k,internal
359.26159346165343,2930.6120653635376,4672.151563180018,3.863584845859468,2.880596045330496,4.134765774528555,10000.0,0.049448075443712824,2328.52375,0.067,0.3284313725490197,0-0-3338-0,i,51a17262-Audio_SP18.v0,group_0,1,fave,203.54850109224333,77.05037428315674,9,inició,"",0.18000000000029104,[silence],[silence],#,n,&,n,initial
394.2228389860566,2572.2427232087825,3068.3490405646303,2.1484428101078943,3.883242692700237,3.3855668303494677,4794.871794871795,0.028184115800860443,2329.0187499999997,0.037,0.32456140350877194,0-0-3338-4,i,51a17262-Audio_SP18.v0,group_0,1,fave,203.09761352454478,78.05632659836014,9,inició,"",0.09000000000014552,[silence],[silence],z,o,z,o,internal
381.89938776965516,2396.267210809886,3067.7422357751807,2.407628893898242,3.941307719124731,2.8670319691544406,5512.820512820513,0.0039820581122255744,2331.4637500000003,0.047,0.3263888888888889,0-0-3344-5,i,51a17262-Audio_SP18.v0,group_0,1,fave,184.026729194026,79.6640877290977,9,necesidad,"",0.11999999999989086,la,de,s,d,s,d,internal
454.1794628978932,2488.5199138821313,3081.88795964173,3.4884715655420635,4.101073380018723,4.693279029091932,8923.076923076922,0.00041693488641060094,2334.23775,0.035,0.33653846153846156,0-0-3353-0,i,51a17262-Audio_SP18.v0,group_0,1,fave,189.7143254639496,80.25497941236333,9,y,"",0.08000000000038199,casa,todo,#,#,a,t,coextensive
400.59263746794994,2216.1193524182922,2982.5942102824965,3.4630597597253527,4.015534342675428,3.68586841028272,7487.179487179487,0.00350468461545354,2336.1387499999996,0.037000000000000005,0.324561403508772,0-0-3358-5,i,51a17262-Audio_SP18.v0,group_0,1,fave,303.64510423605026,78.44802344588048,9,complicado,"",0.09000000000014552,es,porque,l,k,l,k,internal
346.10453749666783,2894.509392866283,3198.999823485184,3.0058678193482233,2.67770678706898,2.7797649618731026,6230.7692307692305,0.0035113502837203973,2340.7137500000003,0.087,0.3295454545454546,0-0-3369-0,i,51a17262-Audio_SP18.v0,group_0,1,fave,271.01321836910523,79.83478589900592,9,y,"",0.23999999999978172,monitor,luego,#,#,R,l,coextensive
420.92549890229213,3019.1844710568234,3952.2361712536285,3.1782658504582666,2.9203301851246737,5.20927582673467,9282.051282051281,0.00022474772966129492,2344.47375,0.027000000000000003,0.32142857142857145,0-0-3385-0,i,51a17262-Audio_SP18.v0,group_0,1,fave,184.9427330758723,81.62400632882336,9,Y,"",0.05999999999994543,.,entonces,#,#,.,e,coextensive
627.8426631729886,1834.4558184135135,2042.2976423250489,3.4111339469574173,4.503851872937029,3.2089613408809385,4435.897435897436,0.0025115281585064565,2346.13775,0.035,0.3365384615384616,0-0-3392-1,i,51a17262-Audio_SP18.v0,group_0,1,fave,344.9831920882856,73.358170437297,9,simplemente,"",0.07999999999992724,[silence],[silence],s,m,s,m,internal
381.8165119278751,3101.0881926021425,3562.525302184355,2.963044383642416,3.0377434572647672,4.1600466579876425,7666.666666666666,0.000024183299978867232,2349.90375,0.027000000000000003,0.32142857142857145,0-0-3400-1,i,51a17262-Audio_SP18.v0,group_0,1,fave,240.7231867361701,81.82008869289817,9,viendo,"",0.05999999999994543,",",qué,b,é,b,é,internal
350.24363031838624,2921.4733327722206,3357.711116414157,3.0786050589422826,2.5234921055304267,4.200810579195665,8564.102564102563,0.031139413900520073,2352.51275,0.045,0.33582089552238803,0-0-3407-0,i,51a17262-Audio_SP18.v0,group_0,1,fave,111.89902093209464,73.06937270916136,9,y,"",0.11000000000012733,[silence],es,#,#,®,é,coextensive
435.7808711766604,2035.8619414681846,2991.328667246529,3.4618379803663073,3.7262354447364343,3.3032165468672954,6769.2307692307695,0.008495392128246803,2356.2937500000003,0.047,0.3263888888888889,0-0-3423-4,i,51a17262-Audio_SP18.v0,group_0,1,fave,184.49233717453353,69.94222162935908,9,perdiendo,"",0.11999999999989086,está,[silence],d,é,d,é,internal
391.7792116058366,2935.2880779187103,3328.3042376299218,3.0506115691229465,2.869795855286164,3.071798451620641,7128.205128205128,0.004022449996913896,2359.8837500000004,0.087,0.3295454545454546,0-0-3432-0,i,51a17262-Audio_SP18.v0,group_0,1,fave,226.8903912466152,78.32584738618536,9,y,"",0.23999999999978172,",",y,#,#,.,i,coextensive
322.10601722461473,2949.7281083683797,3242.2535574327,2.7799275834979573,2.66994560560347,3.2313069376839145,6410.25641025641,0.0006348122760069725,2360.1077499999997,0.055,0.33536585365853655,0-0-3433-0,i,51a17262-Audio_SP18.v0,group_0,1,fave,109.76833820585077,75.43229136153252,9,y,"",0.13999999999987267,y,llevarlo,#,#,i,L,coextensive
417.6586216190605,2275.4735745748085,3132.1075165603934,2.055531934896904,3.6948376413700594,2.769219841833232,6051.282051282051,0.00003426271175365349,2363.42275,0.025,0.33783783783783783,0-0-3447-2,i,51a17262-Audio_SP18.v0,group_0,1,fave,193.9258802193599,75.42315765499673,9,haciendo,"",0.0500000000001819,está,[silence],z,é,z,é,internal
396.35075579782114,3111.087388667039,3970.882765079822,2.891899466244976,2.898890241575264,4.959163821572272,9282.051282051281,0.0009652349944724861,2368.5087499999995,0.037000000000000005,0.324561403508772,0-0-3464-1,i,51a17262-Audio_SP18.v0,group_0,1,fave,176.78257334738663,77.26493750318545,9,mí,"",0.09000000000014552,para,como,m,#,m,k,final
373.3636270196223,2321.748065742888,3157.9540000575944,2.2397124407037814,3.625181187935591,2.5216251328242194,6769.2307692307695,0.00039346210894005876,2370.71775,0.035,0.3365384615384616,0-0-3471-1,i,51a17262-Audio_SP18.v0,group_0,1,fave,186.66699278665345,78.41179104069636,9,difícil,"",0.08000000000038199,[silence],",",d,f,d,f,internal
378.82282674955394,2764.992960138023,3127.441359799313,2.1376453001572946,3.097610764346556,2.1708481365652275,6230.7692307692305,0.00005659441195633752,2370.87575,0.031,0.32978723404255317,0-0-3471-3,i,51a17262-Audio_SP18.v0,group_0,1,fave,195.71559959330693,78.80037593001822,9,difícil,"",0.06999999999970896,[silence],",",f,z,f,z,internal
394.8007293924262,3048.2622075849044,4615.160916433934,3.460959743210258,2.55065044287919,4.469341051539671,9461.538461538461,0.000026628410034272208,2384.24375,0.027000000000000003,0.32142857142857145,0-0-3522-3,i,51a17262-Audio_SP18.v0,group_0,1,fave,188.14650561320002,80.54673998529607,9,medianamente,"",0.05999999999994543,[silence],necesitamos,d,a,d,a,internal
291.67742564992136,2270.905996837362,3102.928690238449,2.6441021888183656,3.3037317693282047,3.100457029119058,5512.820512820513,0.0002516863836784542,2385.31575,0.031,0.32978723404255317,0-0-3523-5,i,51a17262-Audio_SP18.v0,group_0,1,fave,264.3890141756988,65.7237032592017,9,necesitamos,"",0.06999999999970896,medianamente,[silence],s,t,s,t,internal
394.95381275890435,2954.083178872885,3618.570156606583,2.7356223847131784,2.3695734577763363,4.50978213276986,8564.102564102563,0.008489601165552642,2389.02475,0.129,0.3359374999999999,0-0-3529-0,i,51a17262-Audio_SP18.v0,group_0,1,fave,207.98569379678815,78.67251314616911,9,y,"",0.36000000000012733,alimentación,bueno,#,#,n,b,coextensive
366.9130366866032,2844.2037753160635,3882.798381057361,2.7985495228138375,2.8660474223702335,5.000429184898518,7307.692307692308,0.003979171224009811,2421.9237500000004,0.047,0.3263888888888889,0-0-3558-7,i,51a17262-Audio_SP18.v0,group_0,1,fave,197.67937796587032,80.60528897914872,9,principio,"",0.11999999999989086,el,.,p,o,p,o,internal
552.0728117750024,2867.355248650582,3050.343013022606,3.918321405435349,3.2861620598068284,3.3418342020516247,8384.615384615383,0.000056356367824011064,2424.82575,0.031,0.32978723404255317,0-0-3566-1,i,51a17262-Audio_SP18.v0,group_0,1,fave,209.08456525843326,77.20113014561281,9,Microworkers,"",0.07000000000016371,porque,tiene,m,k,m,k,internal
405.05825023136873,2512.261328705766,3180.152986106077,2.571197205765391,3.1077335756537954,3.280885814262268,7128.205128205128,0.004001588833234657,2425.65275,0.045,0.3358208955223881,0-0-3567-1,i,51a17262-Audio_SP18.v0,group_0,1,fave,213.61561811879594,71.09034607696637,9,tiene,"",0.10999999999967258,Microworkers,[silence],t,é,t,é,internal
412.33599644681425,2962.0994428157637,4242.062942551801,3.009400384211423,3.1366451710865904,4.88243440563131,9820.51282051282,0.0025429222890852917,2442.68275,0.045,0.3358208955223881,0-0-3604-1,i,51a17262-Audio_SP18.v0,group_0,1,fave,201.7135720537583,83.14317219310377,9,liberar,"",0.11000000000012733,o,un,l,b,l,b,internal
464.1333563752942,2806.823327650715,3096.9722448913,2.5849431202721465,3.187444898288552,4.089643751778791,6051.282051282051,0.002702959235408765,2444.76375,0.047,0.3263888888888889,0-0-3608-1,i,51a17262-Audio_SP18.v0,group_0,1,fave,230.13795898369324,80.97820052286454,9,físico,"",0.12000000000034561,[silence],[silence],f,s,f,s,internal
336.5093840624523,2187.0283522490604,3717.1250236370433,3.9434031442516977,3.05162677480068,4.817849784175752,7307.692307692308,0.0012185077075831212,2452.59375,0.027000000000000003,0.32142857142857145,0-0-3624-4,i,51a17262-Audio_SP18.v0,group_0,1,fave,-3933.4569658799587,47.069038641509124,9,funciona,"",0.05999999999994543,no,.,z,ó,z,ó,internal
420.4560319254009,2900.270336303209,4429.006325575995,2.9099716840071985,2.5361309878380927,3.977638895356846,9282.051282051281,0.00012190006024140077,2454.21775,0.035,0.3365384615384616,0-0-3626-0,i,51a17262-Audio_SP18.v0,group_0,1,fave,206.7230510377424,83.419325429494,9,Ipostel,"",0.08000000000038199,.,no,#,p,.,p,initial
419.9359255233034,2116.987921100319,2939.2003429033816,2.1719807826741557,3.709467099868043,2.081958556868999,5692.3076923076915,0.00016448935275141987,2455.36375,0.027000000000000003,0.32142857142857145,0-0-3628-4,i,51a17262-Audio_SP18.v0,group_0,1,fave,200.33378934461393,77.54593964171478,9,funciona,"",0.05999999999994543,no,para,z,ó,z,ó,internal
447.0577895926944,2914.5263915777673,3275.6213900077373,2.394709715591908,2.815576708177606,4.21133004062906,7307.692307692308,0.009972406442254549,2458.70575,0.191,0.3327526132404181,0-0-3637-0,i,51a17262-Audio_SP18.v0,group_0,1,fave,259.92851926025014,79.28189003196667,9,y,"",0.5499999999997272,[silence],[silence],#,#,.,.,coextensive
376.4154423643813,2910.975940056818,4030.1012887606344,2.782662039843398,2.38415276421879,4.758050319052194,9461.538461538461,0.0004329138613137524,2462.77775,0.035,0.33653846153846156,0-0-3648-5,i,51a17262-Audio_SP18.v0,group_0,1,fave,173.136489800911,78.38263912097494,9,comunicarles,"",0.07999999999992724,[silence],la,n,k,n,k,internal
434.24349565622066,3015.107136609909,4665.383446624216,3.2944311321351734,2.8686322475498707,4.112562220925087,8743.589743589742,0.0011035251114172395,2463.5187499999997,0.037000000000000005,0.324561403508772,0-0-3650-1,i,51a17262-Audio_SP18.v0,group_0,1,fave,216.96287609285528,77.98565060599651,9,situación,"",0.09000000000014552,la,del,s,t,s,t,internal
348.0338316304392,2228.9620251802226,2955.746016355729,1.901851168081772,3.7030550563776123,1.9677530443029072,5512.820512820513,0.00012794088970747867,2463.88375,0.027000000000000003,0.32142857142857145,0-0-3650-6,i,51a17262-Audio_SP18.v0,group_0,1,fave,208.75819014192544,78.36121217197622,9,situación,"",0.05999999999994543,la,del,z,o,z,o,internal
424.78188172908307,2831.952144640756,2992.548280699668,2.7396441739521245,2.563065891978692,4.480049317289671,7307.692307692308,0.0009532478506486824,2466.9207499999998,0.041,0.3306451612903226,0-0-3657-0,i,51a17262-Audio_SP18.v0,group_0,1,fave,260.3837871361014,80.16207544745912,9,y,"",0.09999999999990905,[silence],entonces,#,#,.,e,coextensive
377.1216751984688,2902.0987506299325,4373.496013096265,2.760753319552476,2.2958418754410754,5.029781994136254,9820.51282051282,0.00020917912807997947,2469.55075,0.041,0.3306451612903226,0-0-3665-1,i,51a17262-Audio_SP18.v0,group_0,1,fave,185.5289851411161,81.6684256736016,9,liberación,"",0.09999999999990905,la,del,l,b,l,b,internal
346.1177810450695,2978.3942639656707,4552.635987761971,3.1728828942437897,2.669270813412401,3.672904822013301,9820.51282051282,0.028110355142020885,2471.69575,0.07100000000000001,0.3317757009345794,0-0-3669-0,i,51a17262-Audio_SP18.v0,group_0,1,fave,195.87782343170167,75.32314149610539,9,y,"",0.19000000000005457,[silence],[silence],#,#,.,.,coextensive
387.7395439738083,2832.2242646439668,4617.688148289998,3.4144652156550914,2.959862332096944,4.043124034298665,9102.564102564102,0.000045323263358974656,2473.88275,0.025,0.33783783783783783,0-0-3676-1,i,51a17262-Audio_SP18.v0,group_0,1,fave,181.63066260645863,80.23491217273731,9,dinero,"",0.0500000000001819,el,.,d,n,d,n,internal
462.55678660894756,2822.092290910189,4402.295373011822,3.9788877995341667,3.109293702460955,4.946775479076273,9461.538461538461,0.0000624475047703052,2505.5527500000003,0.025,0.33783783783783783,0-0-3691-8,i,51a17262-Audio_SP18.v0,group_0,1,fave,169.23541867730222,78.86078453450926,9,nacionalidades,"",0.0500000000001819,otras,también,l,d,l,d,internal
446.4527049484375,2783.0549027778375,3212.0479522826126,2.81164614468369,3.604958281547813,3.8789267556079254,7307.692307692308,0.00030780770028464104,2506.2587499999995,0.037000000000000005,0.324561403508772,0-0-3692-4,i,51a17262-Audio_SP18.v0,group_0,1,fave,176.77395381963183,77.67460550865451,9,también,"",0.09000000000014552,nacionalidades,.,b,e,b,e,internal
316.9897238263936,3093.685232863144,3478.4770326680673,3.247883243141282,4.00325596200551,4.491817824967963,7846.153846153846,0.00635355136846624,2515.43275,0.045,0.33582089552238803,0-0-3715-0,i,51a17262-Audio_SP18.v0,group_0,1,fave,233.5180829801643,79.25689752358858,9,y,"",0.11000000000012733,Hombres,mujeres,#,#,s,m,coextensive
233.43525591798726,1980.7258592450348,3036.3353019779265,2.7809990585643516,3.3270355503060984,3.1589468240944303,5333.333333333333,0.00031519012546926337,2562.39375,0.027000000000000003,0.32142857142857145,0-0-3745-6,i,51a17262-Audio_SP18.v0,group_0,1,fave,189.03826347125184,75.87942495351679,9,promocionar,"",0.05999999999994543,[silence],.,z,o,z,o,internal
420.12758968427755,3011.2200735256492,3820.8832542430896,3.475636422942,3.0179765330925963,4.721028952551871,8743.589743589742,0.0006774285244459408,2570.7387499999995,0.037000000000000005,0.324561403508772,0-0-3773-0,i,51a17262-Audio_SP18.v0,group_0,1,fave,204.00433694820848,76.72929939811397,9,iniciar,"",0.09000000000014552,de,[silence],#,n,e,n,initial
388.2848084006988,3063.4621519432035,3910.591596370661,3.30988830659084,3.2274345700392253,4.668919800583555,9641.02564102564,0.0020127928438911456,2570.87275,0.045,0.3358208955223881,0-0-3773-2,i,51a17262-Audio_SP18.v0,group_0,1,fave,265.31954588627747,82.26273782251054,9,iniciar,"",0.11000000000012733,de,[silence],n,z,n,z,internal
392.87478646849337,2877.9458267234872,3089.3419072459724,3.6693400066217334,3.8742076109616126,4.738500846630635,8923.076923076922,0.0010088973140596163,2589.38075,0.041,0.3306451612903226,0-0-3800-2,i,51a17262-Audio_SP18.v0,group_0,1,fave,187.5770178088513,82.83677555612893,9,países,"",0.09999999999990905,otros,tienen,á,s,á,s,internal
404.57659212159194,2987.220657437747,3420.397719566285,3.1461562821061637,3.0263474549717047,5.09699973664705,8564.102564102563,0.00022831699388545473,2589.73375,0.027000000000000003,0.32142857142857145,0-0-3801-1,i,51a17262-Audio_SP18.v0,group_0,1,fave,210.94293495382536,81.18824096130062,9,tienen,"",0.06000000000040018,países,grupos,t,é,t,é,internal
398.56601349197905,2850.8555570744306,3180.7634151543725,2.403493479507468,3.888980798772754,3.7953775726945853,7487.179487179487,0.00817054261765915,2592.4857500000003,0.051000000000000004,0.3311688311688312,0-0-3804-5,i,51a17262-Audio_SP18.v0,group_0,1,fave,218.87186243012243,79.92149965014127,9,específicos,"",0.13000000000010914,%%,[silence],z,f,z,f,internal
444.57052096746025,2648.7110886513874,3024.471546206045,3.259863473950999,3.2608219723253535,2.8768085428274563,6230.7692307692305,0.00010815580949305863,2599.94775,0.035,0.33653846153846156,0-0-3820-7,i,51a17262-Audio_SP18.v0,group_0,1,fave,197.7742877250454,78.12873775405616,9,oportunidades,"",0.08000000000038199,dos,",",n,d,n,d,internal
420.20656282154573,2752.968884172635,3100.0142952307983,1.9588079856260072,3.0456172057292923,3.2345548150715646,8025.641025641025,0.00006993169638998576,2600.93875,0.037,0.32456140350877194,0-0-3824-2,i,51a17262-Audio_SP18.v0,group_0,1,fave,206.5688757582229,80.09617954527594,9,habían,"",0.09000000000014552,si,[silence],b,a,b,a,internal
451.7927341559944,3057.521113571174,3555.5837167832005,2.1363914524353946,3.119644026341129,5.293765056055936,9641.02564102564,0.000011845989529409923,2621.0327500000003,0.025,0.33783783783783783,0-0-3833-1,i,51a17262-Audio_SP18.v0,group_0,1,fave,222.3891457699409,81.25557962744186,9,Disculpa,"",0.0500000000001819,[silence],",",d,s,d,s,internal
433.26642790262184,2178.218273667515,2918.0263852317407,2.4961404083016365,3.6333263516926038,3.123844401512519,6230.7692307692305,0.0005089848237062308,2650.09575,0.031,0.32978723404255317,0-0-3859-5,i,51a17262-Audio_SP18.v0,group_0,1,fave,390.9573512227384,77.89840064647244,9,prácticamente,"",0.07000000000016371,sido,igual,t,k,t,k,internal
406.8228348805913,2979.353005566495,3159.2966950242835,2.6883290821887598,3.6654353647492983,4.252884556267945,7846.153846153846,0.0007288278376293997,2650.6387499999996,0.037000000000000005,0.324561403508772,0-0-3860-0,i,51a17262-Audio_SP18.v0,group_0,1,fave,181.09165835914007,78.01388602447588,9,igual,"",0.09000000000014552,prácticamente,.,#,g,e,g,initial
518.8866821173907,2230.3429880915246,3082.496914567102,3.433901740424102,4.3181522663908245,3.0661576914748143,6230.7692307692305,0.00045291545084533087,2656.99375,0.027000000000000003,0.32142857142857145,0-0-3870-2,i,51a17262-Audio_SP18.v0,group_0,1,fave,256.90972067245883,83.66608856555222,9,principio,"",0.05999999999994543,al,algunos,R,n,R,n,internal
388.79666049520705,2598.158272383219,3210.9660000203185,3.1511076126694695,3.677584716295811,3.6977658915078178,8025.641025641025,0.00485474262781185,2665.7677499999995,0.055,0.3353658536585366,0-0-3893-6,i,51a17262-Audio_SP18.v0,group_0,1,fave,314.88994974328045,84.85084548080643,9,pandemia,"",0.14000000000032742,la,[silence],m,a,m,a,internal
400.52016346481173,2115.47260364159,2993.110894602174,1.9168683319860196,2.800748058649606,2.363858118260558,5512.820512820513,5.517714159240173e-6,2666.86375,0.027000000000000003,0.32142857142857145,0-0-3897-0,i,51a17262-Audio_SP18.v0,group_0,1,fave,198.9861025290498,82.82899182512396,9,igual,"",0.05999999999994543,sido,no,#,g,o,g,initial
373.9631270528048,2545.66707242706,3031.2424797413896,2.38323443818824,3.427181728441017,3.9006197706713173,5692.3076923076915,0.0045911545772646676,2668.04575,0.031,0.32978723404255317,0-0-3900-3,i,51a17262-Audio_SP18.v0,group_0,1,fave,215.67588939469726,77.76570617183727,9,noción,"",0.06999999999970896,tengo,si,z,o,z,o,internal
502.02647230727746,2909.635420518667,4308.445408126641,3.813719635104999,3.657355303889074,4.651213876270278,9102.564102564102,0.00008434035092089672,2670.19275,0.025,0.33783783783783783,0-0-3905-6,i,51a17262-Audio_SP18.v0,group_0,1,fave,197.16560006115165,79.63910227739638,9,pandemia,"",0.0500000000001819,la,[silence],m,a,m,a,internal
389.7477058270347,2932.455049302488,3960.69902633932,3.962631928344346,3.5545346035482175,5.143710509541602,8564.102564102563,0.002835946823576033,2672.11775,0.07500000000000001,0.3348214285714286,0-0-3911-3,i,51a17262-Audio_SP18.v0,group_0,1,fave,197.4314100949884,80.94873682910769,9,fluida,"",0.20000000000027285,más,[silence],ú,d,ú,d,internal
427.3698440640464,2960.190316309896,4702.643171156544,3.4845887470618657,1.77289009707881,4.693691911043715,9641.02564102564,6.158985288011925e-6,2693.46275,0.025,0.33783783783783783,0-0-3926-1,i,51a17262-Audio_SP18.v0,group_0,1,fave,185.76514803491008,78.29550852807881,9,ni,"",0.0500000000001819,tengo,idea,n,#,n,i,final
469.078305890241,2909.7260179293226,4337.272926601362,2.7791983414740122,2.921502068566807,4.396372791946994,9820.51282051282,0.00020621623600794526,2695.17575,0.031,0.32978723404255317,0-0-3933-2,i,51a17262-Audio_SP18.v0,group_0,1,fave,240.85815618621768,81.78286166968012,9,habían,"",0.07000000000016371,sí,comentado,b,a,b,a,internal
415.53144937811084,2810.5935674849825,3499.3732364274556,2.729746124286225,3.276663596091256,4.454785369345411,8923.076923076922,0.00020863178354525798,2700.39775,0.035,0.33653846153846156,0-0-3945-4,i,51a17262-Audio_SP18.v0,group_0,1,fave,206.83431182539204,84.02495439353541,9,cambio,"",0.07999999999992724,el,de,b,o,b,o,internal
446.7661795640455,3033.5836143895726,4329.450985960084,3.622358412696861,3.344460486281688,4.149070739361091,9461.538461538461,0.00026494929560255464,2702.0387499999997,0.037000000000000005,0.324561403508772,0-0-3947-4,i,51a17262-Audio_SP18.v0,group_0,1,fave,218.73692607095504,78.50324118869763,9,horario,"",0.09000000000014552,de,en,R,o,R,o,internal
363.9803404865242,3139.2766537246234,4160.039643358504,2.4590518958569776,2.8899916322805166,3.259207411882144,10000.0,0.0004974789009215233,2706.9457500000003,0.051000000000000004,0.3311688311688312,0-0-3959-3,i,51a17262-Audio_SP18.v0,group_0,1,fave,181.41107354610256,81.16992069726751,9,debía,"",0.13000000000010914,se,a,b,a,b,a,internal
543.7652335628136,2185.2718728389955,3072.9748403805993,2.897435905719875,3.646489137219647,3.7444544061150404,6230.7692307692305,0.000128359482113622,2708.10375,0.027000000000000003,0.32142857142857145,0-0-3965-1,i,51a17262-Audio_SP18.v0,group_0,1,fave,NaN,69.52362270705218,9,situación,"",0.05999999999994543,esa,.,s,t,s,t,internal
341.2378975494029,2981.3463851525667,3347.214345870924,3.965467576765362,3.578230665744888,4.031980387782837,6769.2307692307695,0.05225755893694216,2738.03875,0.057,0.32758620689655177,0-0-3971-1,i,51a17262-Audio_SP18.v0,group_0,1,fave,241.3559901849224,80.10086843219825,9,mí,"",0.1499999999996362,para,es,m,#,m,s,final
359.6476674801384,3006.3459067710905,3253.793720978499,2.0790612864061617,2.9697768742058064,3.5236536712887156,6410.25641025641,0.01257969563698667,2744.2147499999996,0.189,0.33510638297872336,0-0-3987-0,i,51a17262-Audio_SP18.v0,group_0,1,fave,193.8972298936137,76.08975067277774,9,y,"",0.5399999999999636,deje,[silence],#,#,e,.,coextensive
436.4774015081597,2657.434709266549,3142.5505201289984,3.30664454518386,4.293558121891221,3.5935784516814566,6410.25641025641,0.0018779259327455116,2746.03775,0.035,0.33653846153846156,0-0-3990-4,i,51a17262-Audio_SP18.v0,group_0,1,fave,188.1199595373248,76.48908864739977,9,iniciar,"",0.07999999999992724,pueda,[silence],z,á,z,á,internal
416.4725352486315,2986.399865957151,4467.138085707178,3.66212413161534,3.3961582824909518,4.268152625222499,9461.538461538461,0.002079606425765581,2748.31775,0.035,0.33653846153846156,0-0-3995-3,i,51a17262-Audio_SP18.v0,group_0,1,fave,177.441799717742,76.42542799057829,9,actividades,"",0.07999999999992724,mis,.,t,b,t,b,internal
402.6270733540599,2942.932349134325,4404.405850969905,2.4356907100783878,2.6609569746208153,2.0890832346659085,8384.615384615383,0.000014001989533460827,2748.44575,0.031,0.32978723404255317,0-0-3995-5,i,51a17262-Audio_SP18.v0,group_0,1,fave,172.41139382789916,76.08387804640284,9,actividades,"",0.07000000000016371,mis,.,b,d,b,d,internal
371.02499684143913,3002.2844960966204,4465.985903808491,3.0034465498446004,2.610505149135686,4.8866086440839505,9282.051282051281,0.006883167102591115,2758.6737500000004,0.087,0.3295454545454546,0-0-4021-2,i,51a17262-Audio_SP18.v0,group_0,1,fave,201.04704303015848,78.75267287330408,9,país,"",0.23999999999978172,del,.,á,s,á,s,internal
411.8239436320962,3057.7552671985104,4623.841504203015,3.5067086720963614,3.0904681758120534,3.2115609202010904,9102.564102564102,0.00008801372085770026,2761.5237500000003,0.027000000000000003,0.32142857142857145,0-0-4031-1,i,51a17262-Audio_SP18.v0,group_0,1,fave,199.7837196201148,81.98104270070819,9,situación,"",0.05999999999994543,la,de,s,t,s,t,internal
380.73349630136516,2932.4046198277356,4364.345891372729,3.3361609582815595,2.575188990331315,4.646330075315312,9641.02564102564,0.004593231493886922,2762.5337500000005,0.047,0.3263888888888889,0-0-4033-2,i,51a17262-Audio_SP18.v0,group_0,1,fave,172.81117935804153,77.65581841770124,9,país,"",0.11999999999989086,de,que,á,s,á,s,internal
458.2979369095332,2965.501810140627,3590.589651754354,3.2867057756650864,2.88933053277637,5.036827280648526,10000.0,0.0007655203606031189,2774.84775,0.035,0.3365384615384616,0-0-4061-0,i,51a17262-Audio_SP18.v0,group_0,1,fave,217.37907091107166,79.73361426032648,9,Y,"",0.07999999999992724,[silence],[silence],#,#,&,.,coextensive
415.56380105312684,2925.19919166772,4617.094258197174,2.7796240936615884,2.4261179064193903,4.567162109279226,10000.0,0.0006618799912246349,2776.00575,0.031,0.32978723404255317,0-0-4065-2,i,51a17262-Audio_SP18.v0,group_0,1,fave,207.85140885679735,82.84884804968951,9,cuidado,"",0.07000000000016371,el,que,u,d,u,d,internal
367.8388680429801,2990.9610000159073,4130.321971937486,2.4393107089077914,2.9970545627511975,4.439296762781177,9102.564102564102,0.005708274082645268,2780.84075,0.041,0.3306451612903226,0-0-4078-0,i,51a17262-Audio_SP18.v0,group_0,1,fave,178.86744356968092,82.8917272253677,9,hipertensos,"",0.09999999999990905,son,[silence],#,p,n,p,initial
296.3504714001443,3018.808183673003,4565.7176936932565,2.593903181662462,2.695990617237991,4.485048725880556,10000.0,0.01680740447287797,2782.3837500000004,0.047,0.3263888888888889,0-0-4080-0,i,51a17262-Audio_SP18.v0,group_0,1,fave,190.96880446826574,67.1895483962173,9,y,"",0.11999999999989086,[silence],hay,#,#,.,á,coextensive
363.50735692853027,2943.44489130346,3570.1060116532344,2.5160335620488263,2.8796294342472266,5.043665138129259,9641.02564102564,0.002301914854432558,2786.7777499999997,0.055,0.33536585365853655,0-0-4095-2,i,51a17262-Audio_SP18.v0,group_0,1,fave,257.2581405354635,76.0759717038337,9,evitar,"",0.13999999999987267,para,",",b,t,b,t,internal
431.22142197261854,2452.615686218608,3162.759705272584,2.4778228941003846,3.698506002765644,2.67455932991507,6051.282051282051,0.0003557732649455703,2788.61575,0.031,0.32978723404255317,0-0-4100-1,i,51a17262-Audio_SP18.v0,group_0,1,fave,230.26374270298956,80.86722812219678,9,Sin,"",0.07000000000016371,?,embargo,s,n,s,n,internal
430.0911759319643,2942.988175067474,4679.51157835387,3.173855411115423,2.7607144502617493,4.087238788508593,9102.564102564102,0.000016435754401976196,2794.43375,0.027000000000000003,0.32142857142857145,0-0-4115-3,i,51a17262-Audio_SP18.v0,group_0,1,fave,202.83145908153512,78.42572192561225,9,satisface,"",0.05999999999994543,te,del,t,s,t,s,internal
437.6491295592617,2891.9654667992154,3274.282502358869,2.625318307373529,3.7218351806548977,4.240520476967129,8025.641025641025,0.000094239270540389,2797.89575,0.031,0.32978723404255317,0-0-4122-1,i,51a17262-Audio_SP18.v0,group_0,1,fave,230.47840972458704,80.29178416196368,9,tienes,"",0.06999999999970896,cuando,[silence],t,é,t,é,internal
401.68605433332544,2121.6331973376587,3074.0654371360174,2.339764903363461,4.096090062395283,3.464695194140286,5692.3076923076915,0.011560664624728163,2803.27775,0.035,0.33653846153846156,0-0-4132-3,i,51a17262-Audio_SP18.v0,group_0,1,fave,223.57466931530374,77.8472358629586,9,pasión,"",0.07999999999992724,una,por,s,o,s,o,internal
396.0517726381576,2679.1598039858322,3106.827026603685,2.330469987155472,3.7988188403063785,2.2418446244613217,6230.7692307692305,0.0006380348480283487,2816.88775,0.035,0.33653846153846156,0-0-4168-5,i,51a17262-Audio_SP18.v0,group_0,1,fave,184.47392620178599,75.85855768684658,9,necesidades,"",0.07999999999992724,algunas,que,s,d,s,d,internal
279.2804303715247,2292.528485232295,3091.676398144924,2.524668755559855,2.972298589447957,3.5594237081143607,6589.74358974359,0.007275685880838572,2824.45275,0.045,0.3358208955223881,0-0-4189-0,i,51a17262-Audio_SP18.v0,group_0,1,fave,103.12624940387852,68.89162177258217,9,Y,"",0.11000000000012733,%%,volver,#,#,&,b,coextensive
342.8136665637578,3118.324853847318,4660.588792104253,3.564725614167696,2.7027298045946053,3.5261666986116036,10000.0,0.010126336624980725,2825.15375,0.10700000000000001,0.3302469135802469,0-0-4192-1,i,51a17262-Audio_SP18.v0,group_0,1,fave,245.68047071849665,76.52219668356484,9,mí,"",0.3000000000001819,a,",",m,#,m,.,final
387.638676892172,3009.1135105848384,4474.487015103269,3.4304787761623294,3.3342424246004936,4.158264626845723,9820.51282051282,0.0009055184482743125,2825.57775,0.035,0.33653846153846156,0-0-4195-1,i,51a17262-Audio_SP18.v0,group_0,1,fave,199.27694195575788,78.5567763436027,9,mi,"",0.07999999999992724,a,rutina,m,#,m,r,final
355.2780061349738,2108.6701172133207,3316.780126141909,2.5120924586477944,3.1738813675925446,3.6385444952917587,5333.333333333333,0.00004713990868239487,2863.94275,0.025,0.33783783783783783,0-0-4222-14,i,51a17262-Audio_SP18.v0,group_0,1,fave,230.59020500794838,74.18661461879144,9,retroalimentación,"",0.0500000000001819,la,te,z,o,z,o,internal
461.8939201858525,3039.5110172598925,3175.5909877247327,3.186206190827501,4.205648580551422,4.255709953418559,6589.74358974359,0.023050454872124652,2873.9207499999998,0.061000000000000006,0.3315217391304348,0-0-4254-2,i,51a17262-Audio_SP18.v0,group_0,1,fave,252.4303231064796,80.75767236649082,9,así,"",0.16000000000030923,hago,",",s,#,s,.,final
450.3189631542112,2405.977252866603,3046.8842633075133,2.7666051566173913,3.9795536160297034,3.470249379687673,5871.794871794871,0.05140056292739253,2875.0827500000005,0.065,0.33505154639175255,0-0-4261-2,i,51a17262-Audio_SP18.v0,group_0,1,fave,226.72070101217628,76.17382384653732,9,así,"",0.169999999999618,hago,",",s,#,s,.,final
420.9410335443505,2352.742047854846,3072.6980016575826,1.8505308069139685,3.157338726218085,3.0808441854957773,5871.794871794871,0.003944903207227699,2876.56875,0.037000000000000005,0.324561403508772,0-0-4268-2,i,51a17262-Audio_SP18.v0,group_0,1,fave,201.8152267768694,78.30333180650916,9,así,"",0.08999999999969077,[silence],me,s,#,s,m,final
439.83098538924025,3023.2783704631793,3353.2376543529836,2.4614493234343726,3.1308403647656617,4.12297870088401,8025.641025641025,0.004529273454840183,2886.48775,0.235,0.3338068181818182,0-0-4293-0,i,51a17262-Audio_SP18.v0,group_0,1,fave,247.840382111329,76.8868823593548,9,y,"",0.680000000000291,[silence],[silence],#,#,®,.,coextensive
388.5982483361851,2750.0691141562747,3060.181688014167,2.0401515843131874,3.4753404869098703,3.0622459804288096,6769.2307692307695,0.0037478718805228025,2888.66075,0.121,0.33241758241758235,0-0-4299-1,i,51a17262-Audio_SP18.v0,group_0,1,fave,196.405698731675,78.4032997862542,9,mi,"",0.3400000000001455,a,[silence],m,#,m,.,final
384.0735147436919,2957.9848521746994,3932.6557255813973,2.5004531828442476,2.6459169591573803,4.972784519300848,9282.051282051281,0.0007028742763281529,2901.91875,0.037000000000000005,0.324561403508772,0-0-4325-4,i,51a17262-Audio_SP18.v0,group_0,1,fave,194.96203781661197,82.039846068846,9,pendiente,"",0.08999999999969077,al,para,d,é,d,é,internal
420.7238339052874,2999.692847074006,4434.679321711237,3.1035735372555537,2.8533042180312393,4.033512042346829,8923.076923076922,6.699612012550956e-6,2905.46375,0.027000000000000003,0.32142857142857145,0-0-4331-1,i,51a17262-Audio_SP18.v0,group_0,1,fave,222.94789789568708,82.44209881268769,9,Disfrutar,"",0.06000000000040018,%%,[silence],d,s,d,s,internal
454.18739193928707,3108.6017864056544,3196.8853997534497,2.504546350359002,2.6047705722341856,3.410279766030455,6410.25641025641,0.014737446009701678,2911.63475,0.209,0.33493589743589736,0-0-4351-0,i,51a17262-Audio_SP18.v0,group_0,1,fave,230.70004785157175,74.60438039917517,9,y,"",0.599999999999909,[silence],[silence],#,#,&,.,coextensive
290.672481094513,2934.2355813721533,3552.6608318991507,2.996380529309655,2.828324439437063,4.268950830960161,8384.615384615383,0.00929823949654241,2912.89275,0.045,0.33582089552238803,0-0-4353-0,i,51a17262-Audio_SP18.v0,group_0,1,fave,203.85279467273446,69.69875236204588,9,y,"",0.11000000000012733,[silence],ya,#,#,.,y,coextensive
341.61850834013046,2953.2801050131884,3987.6555786119584,3.179273058693155,2.440351708248332,4.619142720881499,9282.051282051281,0.008640759093654336,2919.8407500000003,0.101,0.3322368421052631,0-0-4372-0,i,51a17262-Audio_SP18.v0,group_0,1,fave,226.13804097109738,75.56259009282479,9,y,"",0.2800000000002001,computador,[silence],#,#,R,.,coextensive
372.00425076185877,2935.6676824227006,3200.351275827458,2.536867292763814,2.596904271385931,4.148404251530643,6589.74358974359,0.011360653205799454,2920.2907499999997,0.041,0.3306451612903226,0-0-4374-0,i,51a17262-Audio_SP18.v0,group_0,1,fave,201.89740031550542,76.39732443916918,9,y,"",0.09999999999990905,[silence],dónde,#,#,.,d,coextensive
400.02840165506456,1784.453970328805,2906.8577312673583,2.268030770112563,4.321121785476047,3.0826137634048427,4974.358974358975,0.0063677109039537725,2925.23775,0.035,0.33653846153846156,0-0-4387-3,i,51a17262-Audio_SP18.v0,group_0,1,fave,189.933646954791,79.05985523070605,9,social,"",0.08000000000038199,vida,[silence],z,á,z,á,internal
417.11994245741056,2927.2545839276977,3452.131476408576,3.2695254033105794,2.908846771335356,4.789771986359816,8564.102564102563,0.00008835895959642379,2952.85375,0.027000000000000003,0.32142857142857145,0-0-4452-4,i,51a17262-Audio_SP18.v0,group_0,1,fave,198.40801958745448,77.6281030498673,9,realizar,"",0.05999999999994543,pude,.,l,z,l,z,internal
462.18462096325806,3011.7469256726267,4541.896839967053,3.4869735105602553,2.8456470920690227,4.606892939435789,10000.0,0.0002992508865673308,2957.34575,0.031,0.32978723404255317,0-0-4466-2,i,51a17262-Audio_SP18.v0,group_0,1,fave,207.838580165298,82.59033955400601,9,país,"",0.07000000000016371,qué,estés,á,s,á,s,internal
450.1792127181943,3084.2548105947676,4240.688046801484,3.3311016890133485,2.586401170781358,4.042234587365695,10000.0,0.0035519165583019316,2958.53075,0.041,0.3306451612903226,0-0-4471-0,i,51a17262-Audio_SP18.v0,group_0,1,fave,217.06857678692563,81.88677899355892,9,Internet,"",0.09999999999990905,el,influye,#,n,l,n,initial
505.00989173801185,2843.6206801932035,3963.259741782843,3.475738055879622,2.926520987788317,4.698991097603436,9102.564102564102,0.00718092843009707,2959.0427500000005,0.065,0.33505154639175255,0-0-4472-0,i,51a17262-Audio_SP18.v0,group_0,1,fave,185.38560292953076,81.06480622063191,9,influye,"",0.169999999999618,Internet,muchísimo,#,n,t,n,initial
433.2190177848668,2876.0631480500565,3092.6309423590833,1.9251214805713048,3.3585626727075217,3.684631557219643,4974.358974358975,0.010543689539874238,2959.8137500000003,0.047,0.3263888888888889,0-0-4473-3,i,51a17262-Audio_SP18.v0,group_0,1,fave,224.74623294955745,77.41871118785045,9,muchísimo,"",0.11999999999989086,influye,que,h,s,h,s,internal
300.0861870517402,2471.094496207924,3057.9038599229516,2.2066428729288097,3.389279308100324,3.0068661427111367,5153.846153846154,0.0021979301161074417,2961.74575,0.031,0.32978723404255317,0-0-4480-6,i,51a17262-Audio_SP18.v0,group_0,1,fave,215.3923334371282,71.86051137072631,9,conexión,"",0.07000000000016371,la,[silence],s,o,s,o,internal
349.61004885595355,2128.9634700956053,2990.4072464513006,2.865625172161967,3.873664128643802,2.969441402205337,7307.692307692308,0.00002218534254941494,2963.49375,0.027000000000000003,0.32142857142857145,0-0-4487-6,i,51a17262-Audio_SP18.v0,group_0,1,fave,236.92544357670934,84.23290356680668,9,electricidad,"",0.05999999999994543,la,[silence],R,z,R,z,internal
404.7332086290467,2647.0885338380367,4177.85542314036,3.2566687440296436,3.152427275210573,4.400979005218859,8564.102564102563,0.0009493056250500861,2963.70375,0.047,0.3263888888888889,0-0-4487-8,i,51a17262-Audio_SP18.v0,group_0,1,fave,193.1789997773783,79.02975109603317,9,electricidad,"",0.12000000000034561,la,[silence],z,d,z,d,internal
425.95142481899967,2998.252333415298,4305.2310239887065,2.943383574684219,2.48822225185098,4.46373007943286,9820.51282051282,0.0036805383073185045,2968.63575,0.11100000000000002,0.3323353293413173,0-0-4502-0,i,51a17262-Audio_SP18.v0,group_0,1,fave,108.16544953482077,72.3552364704886,9,y,"",0.30999999999994543,cargando,y,#,#,o,i,coextensive
341.2400269897956,2917.0288863742903,3390.4217074884655,2.5548673636440564,2.607987335912411,4.481449403732847,7307.692307692308,0.002286599526801157,2968.9087499999996,0.037000000000000005,0.324561403508772,0-0-4503-0,i,51a17262-Audio_SP18.v0,group_0,1,fave,243.8363994159197,67.61048763869428,9,y,"",0.09000000000014552,y,no,#,#,i,n,coextensive
451.30208603743023,2880.934734782672,3250.409418473564,3.2258632273648664,3.247883559134208,4.579717275020588,8025.641025641025,0.0031908718076772906,2971.7107499999997,0.041,0.3306451612903226,0-0-4509-5,i,51a17262-Audio_SP18.v0,group_0,1,fave,194.36619966311548,77.82247251372712,9,Comunicarlo,"",0.09999999999990905,[silence],a,n,k,n,k,internal
294.989087941736,2724.5429112286633,3562.497492162732,3.0133248984188636,2.4969340982750765,4.893977416847748,7487.179487179487,0.008874454945071603,2973.95275,0.045,0.33582089552238803,0-0-4518-0,i,51a17262-Audio_SP18.v0,group_0,1,fave,267.12620880276694,75.88434496567677,9,y,"",0.11000000000012733,[silence],el,#,#,.,e,coextensive
384.3753392597104,3048.9340747811075,3901.15163238705,3.2891540066768186,2.605777108026315,4.797362253708297,8923.076923076922,0.0011852823695614645,2981.34075,0.041,0.3306451612903226,0-0-4540-1,i,51a17262-Audio_SP18.v0,group_0,1,fave,201.3668151671493,77.93128409619086,9,disfrute,"",0.09999999999990905,persona,plenamente,d,s,d,s,internal
337.5742153084835,2248.6865753889088,3036.1745422703766,2.687329282296743,3.814622213415977,2.837352762793466,5333.333333333333,0.0003226161717949287,3021.6127500000002,0.025,0.33783783783783783,0-0-4566-3,i,51a17262-Audio_SP18.v0,group_0,1,fave,192.37463147874143,73.76262510830671,9,opción,"",0.0500000000001819,una,que,z,o,z,o,internal
451.4340610039935,2876.0355121069692,3341.3030905133337,3.534207501440906,3.0116790565389038,5.115054784267811,8923.076923076922,0.000012661900118199187,3025.15275,0.025,0.33783783783783783,0-0-4574-0,i,51a17262-Audio_SP18.v0,group_0,1,fave,221.25059380849237,79.8542025548643,9,ingreso,"",0.0500000000001819,algún,con,#,n,n,n,initial
292.06950800950705,2291.350084543023,3048.2167155009706,2.515693557979115,3.760006790199826,3.7670944837797853,5333.333333333333,0.11637838106672778,3028.3627500000002,0.065,0.33505154639175255,0-0-4582-4,i,51a17262-Audio_SP18.v0,group_0,1,fave,188.30613001129421,72.14891436136094,9,subsistir,"",0.17000000000007276,%%,[silence],s,s,s,s,internal
443.9752449256657,2905.764830300997,3650.1363587943347,2.744796677087348,2.7154494406430287,4.595483608829038,8743.589743589742,0.029975538509903563,3031.0137499999996,0.327,0.3323170731707317,0-0-4586-0,i,51a17262-Audio_SP18.v0,group_0,1,fave,251.7855628538575,74.0895588550567,9,y,"",0.9600000000000364,[silence],[silence],#,#,.,"",coextensive
438.30001870312145,2771.464053356509,3096.7387246019957,3.248906358767104,3.0714682386733356,4.804918280650231,8923.076923076922,0.0005667321162034865,3042.25375,0.027000000000000003,0.32142857142857145,0-0-4617-1,i,51a17262-Audio_SP18.v0,group_0,1,fave,232.8252349276092,77.28550295128512,9,Microworkers,"",0.06000000000040018,de,a,m,k,m,k,internal
441.34117200780497,2917.7781838173337,3253.45693880775,3.3131292987921577,3.074011131612956,4.38059624774101,8205.128205128205,0.0007760028836833743,3045.54575,0.031,0.32978723404255317,0-0-4624-5,i,51a17262-Audio_SP18.v0,group_0,1,fave,212.3024497098482,79.81728847911779,9,comunicación,"",0.06999999999970896,la,con,n,k,n,k,internal
309.8888551348783,2661.8269017880957,4399.598943420065,3.326757820541986,3.186984837968675,4.01935498916157,9282.051282051281,0.006688303468279261,3049.20775,0.035,0.3365384615384616,0-0-4634-0,i,51a17262-Audio_SP18.v0,group_0,1,fave,265.2840002967949,68.19211285543417,9,inmediata,"",0.07999999999992724,muy,.,#,n,y,n,initial
374.27609835355463,3010.5160023302774,3568.481439935109,3.2702117264112913,2.822188224576896,4.642084575737303,8923.076923076922,0.003342539294584906,3049.67775,0.055,0.33536585365853655,0-0-4634-5,i,51a17262-Audio_SP18.v0,group_0,1,fave,195.64605792485466,80.45943546462301,9,inmediata,"",0.13999999999987267,muy,.,d,á,d,á,internal
429.11328662201976,2839.768539575092,3625.449620952413,1.8914486910409347,1.6272402391269392,3.857413776346217,6230.7692307692305,0.00009779904470835571,3056.09075,0.041,0.3306451612903226,0-0-4650-1,i,51a17262-Audio_SP18.v0,group_0,1,fave,218.0582540999363,78.71508712345505,9,quienes,"",0.09999999999990905,",",son,k,é,k,é,internal
453.9705455505183,2987.7891561538977,4244.27408388739,3.1669430362841204,3.1781460947429307,4.169540891191424,7666.666666666666,0.00001135530296052966,3129.0127500000003,0.025,0.33783783783783783,0-0-4714-9,i,51a17262-Audio_SP18.v0,group_0,1,fave,197.433710908415,73.55009617675024,9,remuneración,"",0.0500000000001819,la,[silence],z,o,z,o,internal
402.6548992087341,2987.5778314458635,3661.4740152087456,2.6668347686238745,2.2798385826371685,4.461486776486407,8384.615384615383,0.027001182455992267,3140.3157499999998,0.151,0.3325991189427312,0-0-4732-0,i,51a17262-Audio_SP18.v0,group_0,1,fave,256.08844661873445,75.38786678240369,9,y,"",0.43000000000029104,[silence],la,#,#,®,l,coextensive
440.9862900958378,2937.54059743537,3218.2229402457856,2.351901890646843,3.8395416984850512,3.9263408037655556,7846.153846153846,0.002259017575498964,3143.2707499999997,0.08099999999999999,0.3319672131147541,0-0-4739-0,i,51a17262-Audio_SP18.v0,group_0,1,fave,216.2569119771693,79.72904694088896,9,y,"",0.2199999999997999,[silence],no,#,#,.,n,coextensive
407.9606851557752,2910.9451011745746,4111.253553466817,3.7794076540079176,3.626185847547439,4.903832947744421,10000.0,0.0006935811090972154,3144.91775,0.035,0.3365384615384616,0-0-4746-1,i,51a17262-Audio_SP18.v0,group_0,1,fave,182.68630544707463,80.08661976869742,9,Microworkers,"",0.07999999999992724,a,",",m,k,m,k,internal
565.4242746272259,2382.3518239360988,2947.9333948447515,3.028814616627992,3.8736944145056618,3.1936718715807078,6589.74358974359,0.0014095040516299432,35.940749999999994,0.08100000000000002,0.3319672131147542,0-0-3-10,e,51a17262-Audio_SP18.v0,group_0,1,fave,232.09529626420598,76.61659250445626,9,básicamente,"",0.21999999999999886,",",ahorita,t,#,t,a,final
641.3270068803381,2085.3056455059063,2906.4091948320456,3.633061215225064,3.740099304899781,3.1720629385413135,6948.717948717948,4.8305024765887555e-6,36.55275,0.025,0.33783783783783783,0-0-5-0,e,51a17262-Audio_SP18.v0,group_0,1,fave,213.17530667052498,75.65789831984483,9,estoy,"",0.05000000000000426,ahorita,[silence],#,s,a,s,initial
584.6408733901549,2078.027540975019,2905.969660522613,3.0480369728769188,3.6020446384624636,3.5742365170943526,6769.2307692307695,0.002003504608516911,38.73375,0.047,0.3263888888888889,0-0-10-4,e,51a17262-Audio_SP18.v0,group_0,1,fave,321.22741241970215,80.79986295077371,9,padres,"",0.11999999999999744,mis,[silence],R,s,R,s,internal
587.3732996061665,2301.7699991620843,2881.2744893182366,3.023022110424538,3.2976165196187854,3.151357615720835,6589.74358974359,0.0000847886432816592,41.44375,0.047,0.3263888888888889,0-0-16-1,e,51a17262-Audio_SP18.v0,group_0,1,fave,197.54934813200623,78.56480491147308,9,de,"",0.11999999999999744,raíz,la,d,#,d,l,final
759.5491903225999,2407.8512131711313,3072.2711148597305,3.3571770809096324,3.1962634326721733,2.9354659472821862,7128.205128205128,0.001292143316928376,44.552749999999996,0.045,0.3358208955223881,0-0-20-1,e,51a17262-Audio_SP18.v0,group_0,1,fave,200.74813419974853,77.21081866681162,9,me,"",0.10999999999999943,[silence],tocó,m,#,m,t,final
597.0072566793416,2111.4707816868518,2763.6289304918296,3.626682302842467,3.555979931090768,3.3801636774359705,6948.717948717948,0.000019679070592165623,45.213750000000005,0.027000000000000003,0.32142857142857145,0-0-23-0,e,51a17262-Audio_SP18.v0,group_0,1,fave,191.84012737537645,75.71747467189931,9,en,"",0.05999999999999517,estar,casa,#,n,R,n,initial
517.4191441751492,1976.1405547633533,2781.0273429390654,2.949556748864069,3.6080185831489735,3.2217117026449538,6948.717948717948,0.000013773057604840924,50.11375,0.027000000000000003,0.32142857142857145,0-0-35-12,e,51a17262-Audio_SP18.v0,group_0,1,fave,191.8516788978125,77.95396342820435,9,prácticamente,"",0.05999999999999517,[silence],sosteniendo,t,#,t,s,final
592.5166087118766,2074.5085937721233,3017.9326754713384,3.215801264318893,3.292904376217925,3.0420222030502315,6230.7692307692305,0.000028110838331870703,50.42275,0.025,0.33783783783783783,0-0-36-4,e,51a17262-Audio_SP18.v0,group_0,1,fave,106.41766973967916,75.96798632375143,9,sosteniendo,"",0.05000000000000426,prácticamente,el,t,n,t,n,internal
572.5056296267256,2241.7385077261924,2809.9628270097546,3.1061700663883625,4.184033680335019,3.253790719521542,6230.7692307692305,0.00001521993413132718,50.73275,0.025,0.33783783783783783,0-0-37-0,e,51a17262-Audio_SP18.v0,group_0,1,fave,172.9994241402674,78.73875258455801,9,el,"",0.05000000000000426,sosteniendo,hogar,#,l,o,l,initial
535.8128851958071,2284.962493303482,2854.1102869014944,2.7393276798374373,2.99843871876819,3.4695418336574977,6230.7692307692305,0.00028025732381719524,51.35875000000001,0.037,0.32456140350877194,0-0-40-0,e,51a17262-Audio_SP18.v0,group_0,1,fave,216.1560865818289,76.12622848103469,9,económicamente,"",0.0899999999999963,[silence],.,#,k,.,k,initial
428.5411463355983,2306.1893750154845,3047.6351226749684,3.491942164334814,2.8994866962836583,3.494347623113473,6230.7692307692305,0.0017354506830635967,70.12575,0.031,0.32978723404255317,0-0-53-0,e,51a17262-Audio_SP18.v0,group_0,1,fave,246.08960174951838,78.7959278232577,9,ejerciendo,"",0.07000000000000739,[silence],ninguna,#,x,.,x,initial
648.1059282105475,2325.919446923481,2924.6873179113077,3.152142844918401,3.6088461824162383,3.234745777448793,6589.74358974359,0.00001452431427729745,70.24375,0.027000000000000003,0.32142857142857145,0-0-53-2,e,51a17262-Audio_SP18.v0,group_0,1,fave,201.67897009322468,80.42822686701012,9,ejerciendo,"",0.060000000000002274,[silence],ninguna,x,R,x,R,internal
589.2029607111024,1966.4230273878877,2890.8875698319684,2.5337850870683445,3.585428404769067,2.996786024547645,6948.717948717948,0.001387382350854246,77.00275,0.065,0.33505154639175255,0-0-67-5,e,51a17262-Audio_SP18.v0,group_0,1,fave,187.47904538929777,75.76729756348982,9,aparte,"",0.1700000000000017,plataforma,de,t,#,t,d,final
360.11520294293194,2723.417187025804,2819.6043576533184,2.1671570144088843,3.256662278354156,3.880045525834181,9282.051282051281,0.00007540412390826738,77.19375000000001,0.027000000000000003,0.32142857142857145,0-0-68-1,e,51a17262-Audio_SP18.v0,group_0,1,fave,175.48516718184536,78.70517116705393,9,de,"",0.05999999999998806,aparte,Microworkers,d,#,d,m,final
437.85615795846127,2279.0607450484454,2835.4204955391956,2.455781348379949,3.423924611608413,3.4230471669762728,7128.205128205128,0.0021643327413142905,80.52074999999999,0.041,0.3306451612903226,0-0-74-1,e,51a17262-Audio_SP18.v0,group_0,1,fave,221.8065058829708,81.1830711833756,9,de,"",0.09999999999999432,raíz,esos,d,#,d,é,final
599.19707742052,2390.605520864435,2833.085172068197,2.797101908092552,3.05947179215814,2.9827129585003425,7487.179487179487,0.002297822216769888,81.65775000000001,0.07500000000000001,0.3348214285714286,0-0-77-2,e,51a17262-Audio_SP18.v0,group_0,1,fave,197.83355234730791,77.18620837586931,9,pues,"",0.19999999999998863,ingresos,%%,u,s,u,s,internal
696.6039729500757,2419.3575280843893,3195.8163067851883,3.4570488321382395,3.5530851814062774,4.238888021283868,7487.179487179487,0.00014119778842510778,84.12575,0.031,0.32978723404255317,0-0-80-1,e,51a17262-Audio_SP18.v0,group_0,1,fave,222.8977497252201,83.51483312340784,9,medianamente,"",0.07000000000000739,[silence],se,m,d,m,d,internal
646.9751909721793,2731.3303183569233,4505.629251983632,3.859421105879991,3.029576764861699,4.41857637831281,9102.564102564102,0.00004816790625625598,84.70375,0.027000000000000003,0.32142857142857145,0-0-81-1,e,51a17262-Audio_SP18.v0,group_0,1,fave,251.1806449514597,78.83300078446703,9,se,"",0.060000000000002274,medianamente,pueden,s,#,s,p,final
688.0445633135157,2544.3201069404513,2950.6950026697145,3.4219244375897584,3.952140502798237,3.937273110041222,6589.74358974359,0.0007727559897770498,88.13875,0.057,0.32758620689655177,0-0-88-3,e,51a17262-Audio_SP18.v0,group_0,1,fave,182.503498081538,76.41119716178751,9,este,"",0.15000000000000568,y,[silence],t,#,t,.,final
595.4094127244841,2446.8372146897295,3093.47251014982,2.9615532447850366,2.7553843638716002,3.3103062554328986,6589.74358974359,3.0639498044394668e-6,88.85375,0.027000000000000003,0.32142857142857145,0-0-90-5,e,51a17262-Audio_SP18.v0,group_0,1,fave,188.7089069508353,78.74626846375217,9,también,"",0.060000000000002274,[silence],es,i,n,i,n,internal
585.7400137623599,2332.5059066160406,2945.867694871053,3.3370565046688014,3.5461511884828605,3.4166021931565305,6230.7692307692305,0.0017379210190591736,89.49875,0.057,0.32758620689655177,0-0-93-0,e,51a17262-Audio_SP18.v0,group_0,1,fave,200.68458042876264,76.99218464738742,9,el,"",0.15000000000000568,por,tema,#,l,R,l,initial
589.0298186361389,2406.118859115326,3046.545124283204,3.6709394747406905,4.1362477093439765,4.141488434152652,6769.2307692307695,0.005014302354904248,90.22075000000001,0.161,0.3326446280991735,0-0-95-1,e,51a17262-Audio_SP18.v0,group_0,1,fave,223.3834123303738,78.41610372068962,9,de,"",0.45999999999999375,tema,[silence],d,#,d,®,final
637.9250962557848,2014.1064211180562,2847.8903718720885,4.008936021014384,3.9157745144753013,3.121451362098161,7128.205128205128,0.0016944714521196008,97.15275,0.045,0.3358208955223881,0-0-108-1,e,51a17262-Audio_SP18.v0,group_0,1,fave,233.70871645862064,69.40607283114771,9,de,"",0.10999999999999943,tiempo,casa,d,#,d,k,final
773.0167825455809,2543.872875280636,3049.8704976248814,3.37209421897744,3.7964465845795305,4.09735057227204,6769.2307692307695,0.00010426978271115614,110.97375,0.027000000000000003,0.32142857142857145,0-0-124-0,e,51a17262-Audio_SP18.v0,group_0,1,fave,213.8154435521942,77.1118701817498,9,educación,"",0.060000000000002274,en,[silence],#,d,n,d,initial
622.4022116619603,2422.7502049168747,2947.168500470027,3.061655684261222,3.16427643108496,3.184138860112139,6948.717948717948,0.00003059704460093576,113.97375,0.027000000000000003,0.32142857142857145,0-0-130-0,e,51a17262-Audio_SP18.v0,group_0,1,fave,158.19173296121633,77.43189013783868,9,estaba,"",0.060000000000002274,[silence],en,#,s,.,s,initial
570.4365404578272,2143.713363521616,2940.081954138124,3.2496373197800654,3.9998959180936557,2.983941517468321,6051.282051282051,0.00007820136571684867,116.75574999999999,0.031,0.32978723404255317,0-0-138-1,e,51a17262-Audio_SP18.v0,group_0,1,fave,229.17327687076377,79.2344010409088,9,de,"",0.07000000000000739,antes,la,d,#,d,l,final
578.5339029912623,2805.111326455382,4095.7758942974942,3.9719620092908934,3.2463395964009605,4.498965912234663,7846.153846153846,0.00206473313246441,117.88775,0.035,0.33653846153846156,0-0-142-5,e,51a17262-Audio_SP18.v0,group_0,1,fave,189.27905966378856,77.34997952567164,9,estuve,"",0.0799999999999983,[silence],como,b,#,b,k,final
584.5974450033635,1967.4401698983568,2941.309191805189,3.463281747566849,3.698941436423699,3.586418913292837,6230.7692307692305,0.004672871836079409,121.29775,0.055,0.3353658536585366,0-0-147-2,e,51a17262-Audio_SP18.v0,group_0,1,fave,210.77199606503976,74.68642815202223,9,atendiendo,"",0.14000000000000057,",",a,t,n,t,n,internal
565.0810137853687,2107.0123628707706,2974.5604536980322,2.2118898425895726,3.561788990899922,3.3528937559827585,7128.205128205128,0.00007640659252051624,123.30375000000001,0.027000000000000003,0.32142857142857145,0-0-153-1,e,51a17262-Audio_SP18.v0,group_0,1,fave,189.92021576664044,80.22296009430843,9,de,"",0.05999999999998806,situación,riesgo,d,#,d,r,final
546.7257552148202,2021.5888346332115,2797.59607281046,2.742818439902748,3.944050636666085,3.4168692557949387,6948.717948717948,0.0010388643063479039,125.40875,0.037000000000000005,0.324561403508772,0-0-158-1,e,51a17262-Audio_SP18.v0,group_0,1,fave,181.4536485123661,78.98065417890494,9,del,"",0.09000000000000341,dentro,país,d,l,d,l,internal
550.6097220743039,2420.1611898885994,2908.963388272368,2.916204481751373,3.1513441135486593,3.3216968672455556,6948.717948717948,0.01257458985862442,126.74775,0.035,0.3365384615384616,0-0-161-0,e,51a17262-Audio_SP18.v0,group_0,1,fave,214.09695348279828,75.32927831176256,9,en,"",0.0799999999999983,[silence],varios,#,n,®,n,initial
737.2768525159319,1987.106925210434,2779.213432876587,3.5125406949634668,3.907139353555838,3.3602167483490826,6948.717948717948,0.0005247867468200663,127.13875,0.037000000000000005,0.324561403508772,0-0-163-0,e,51a17262-Audio_SP18.v0,group_0,1,fave,207.68689025326645,76.5458104602485,9,estados,"",0.0899999999999892,varios,.,#,s,s,s,initial
694.7276559224595,2364.3334880702337,2836.0988947684896,3.278235481275894,2.989935888593111,3.1435146714958995,6948.717948717948,0.000020963025906992957,144.38575,0.031,0.32978723404255317,0-0-169-1,e,51a17262-Audio_SP18.v0,group_0,1,fave,215.51253154658872,81.07597902533469,9,me,"",0.06999999999999318,",",licencié,m,#,m,l,final
483.2123496793808,2169.05932466607,2887.6062154425567,3.2815756269017733,2.8100037132508326,3.814444851179911,6051.282051282051,0.00038391364746990684,144.66075,0.041,0.3306451612903226,0-0-170-3,e,51a17262-Audio_SP18.v0,group_0,1,fave,221.55020877582157,79.44804256944526,9,licencié,"",0.10000000000002274,me,como,z,n,z,n,internal
549.5846168027198,2551.43568791027,2851.2527991242755,3.562276859865437,3.2865259302749843,3.6591001594996735,7307.692307692308,0.00044482098126725914,144.89874999999998,0.037000000000000005,0.324561403508772,0-0-170-7,e,51a17262-Audio_SP18.v0,group_0,1,fave,206.88651122849106,77.48851302135456,9,licencié,"",0.09000000000000341,me,como,i,#,i,k,final
552.9132225189961,2512.9364276679676,2984.522820535224,3.2079768336633303,3.8715454892055776,3.3879182762941986,6410.25641025641,0.0009154723292242883,147.04274999999998,0.08499999999999999,0.33464566929133854,0-0-173-0,e,51a17262-Audio_SP18.v0,group_0,1,fave,279.6797814501781,80.22899214222768,9,educadora,"",0.22999999999998977,[silence],[silence],#,d,.,d,initial
557.3812658922986,2373.1071720146497,3065.8015744512986,3.0418501639906057,3.7295163235323985,2.864296318613223,6230.7692307692305,0.0002015247420082323,148.14575,0.031,0.32978723404255317,0-0-175-0,e,51a17262-Audio_SP18.v0,group_0,1,fave,243.10781589119577,78.53676535478782,9,en,"",0.06999999999999318,[silence],educación,#,n,.,n,initial
580.0516341434983,1576.492738102315,2637.2199918957303,2.7437078049158945,4.019298494412966,4.507762221502872,7487.179487179487,0.004205849007831074,151.61375,0.087,0.3295454545454546,0-0-181-2,e,51a17262-Audio_SP18.v0,group_0,1,fave,267.60225300757963,85.10090868218248,9,pues,"",0.2400000000000091,Y,[silence],u,s,u,s,internal
704.0256476561963,2276.5678600844594,4260.2453724568095,3.6250145832884977,3.6664657882924523,4.935344564616881,9461.538461538461,0.0008965228083366576,152.78775000000002,0.035,0.33653846153846156,0-0-184-1,e,51a17262-Audio_SP18.v0,group_0,1,fave,236.2248356282586,77.69198733177087,9,me,"",0.07999999999998408,esto,permitió,m,#,m,p,final
681.1915391523456,1661.9370803863515,2745.8355615236055,2.808231893006984,3.8852646990243462,3.6618691363099347,6769.2307692307695,0.00021546267862567852,152.92575,0.031,0.32978723404255317,0-0-185-1,e,51a17262-Audio_SP18.v0,group_0,1,fave,214.4522343183789,82.87612214989234,9,permitió,"",0.06999999999999318,me,llegar,p,R,p,R,internal
537.6335906703184,2185.1352044950836,2875.184051987946,3.7435536051310967,3.791684193034568,3.218306510902429,6230.7692307692305,0.0008591690755995288,153.45775,0.035,0.33653846153846156,0-0-186-1,e,51a17262-Audio_SP18.v0,group_0,1,fave,209.44272535703007,80.36257335091415,9,llegar,"",0.0800000000000125,permitió,a,L,g,L,g,internal
521.7489307226215,1928.3938450960813,3001.0523368715276,3.1426686326725215,4.006526186268977,3.8573208360668145,6410.25641025641,0.00022468838141016874,160.10775,0.035,0.33653846153846156,0-0-197-3,e,51a17262-Audio_SP18.v0,group_0,1,fave,231.6429847580091,84.11218836985812,9,ofrecerle,"",0.07999999999998408,Y,[silence],R,z,R,z,internal
546.7476225581635,1977.4476780331136,2980.127860926874,3.1354155768627754,4.022038032020717,3.5870528359069564,6410.25641025641,0.01729955936153669,160.63875000000002,0.177,0.33146067415730335,0-0-197-8,e,51a17262-Audio_SP18.v0,group_0,1,fave,182.074070659995,80.47594300800989,9,ofrecerle,"",0.5099999999999909,Y,[silence],l,#,l,.,final
457.12703014780936,845.4003980912051,2224.591228236027,3.576958484557362,3.0402550761485134,3.93686219885919,4256.410256410256,0.00043338876363152644,162.85375000000002,0.027000000000000003,0.32142857142857145,0-0-201-2,e,51a17262-Audio_SP18.v0,group_0,1,fave,282.6344034740879,83.53294442219025,9,bienestar,"",0.060000000000002274,de,a,i,n,i,n,internal
647.9604564646985,2085.545169772323,2828.7299398278014,3.3899369766796577,3.1293874946990576,4.116890044217732,7846.153846153846,0.00023623131667672623,162.94375000000002,0.027000000000000003,0.32142857142857145,0-0-201-4,e,51a17262-Audio_SP18.v0,group_0,1,fave,239.40585149377395,81.92551945004928,9,bienestar,"",0.060000000000002274,de,a,n,s,n,s,internal
582.673582242777,2593.691013645511,3015.4625208599696,3.0979187743661027,3.3054966125189846,3.3180556771036174,6948.717948717948,0.0022346582858023736,166.53275,0.10500000000000001,0.3343949044585987,0-0-213-1,e,51a17262-Audio_SP18.v0,group_0,1,fave,186.11656094245424,76.92310568780047,9,de,"",0.29000000000002046,oportunidad,[silence],d,#,d,.,final
538.0040380132765,2287.954636063788,2862.5553329962395,3.2029638151850683,2.8376361076036574,2.7882034367588573,6948.717948717948,0.0005978246523348594,168.44774999999998,0.055,0.3353658536585366,0-0-217-6,e,51a17262-Audio_SP18.v0,group_0,1,fave,90.37974539344198,78.22563680703729,9,durante,"",0.14000000000001478,[silence],esos,t,#,t,s,final
597.3429393806986,2483.886096619742,2946.907244695203,3.242668118629946,3.5063067668088688,2.92568964971179,6769.2307692307695,0.000019388629937019114,170.22375000000002,0.027000000000000003,0.32142857142857145,0-0-222-2,e,51a17262-Audio_SP18.v0,group_0,1,fave,197.897890596985,75.67169322073242,9,pues,"",0.060000000000002274,[silence],ayudándoles,u,s,u,s,internal
529.2164391809201,2393.6536509110474,2980.631662545399,3.6442074928179657,2.989421195236446,2.6642324033091125,6410.25641025641,0.000875303447052635,171.07875,0.057,0.32758620689655177,0-0-224-0,e,51a17262-Audio_SP18.v0,group_0,1,fave,209.46325240904247,79.34574517459664,9,en,"",0.14999999999997726,ayudándoles,el,#,n,s,n,initial
639.0174802941369,2488.6547133597514,2956.3834268228384,3.5586314599827005,3.4105804576119723,3.3468976809761357,6410.25641025641,0.0019324105988877444,171.30874999999997,0.037,0.32456140350877194,0-0-225-0,e,51a17262-Audio_SP18.v0,group_0,1,fave,192.16535726126102,78.73824190300488,9,el,"",0.09000000000000341,en,área,#,l,n,l,initial
583.8678112931657,2327.006713562301,2988.036782999893,3.2547340112455188,3.264729960217696,3.2499476568318912,6948.717948717948,0.0005016482264499273,171.97575,0.051000000000000004,0.3311688311688312,0-0-227-4,e,51a17262-Audio_SP18.v0,group_0,1,fave,233.68081229306688,81.149852456784,9,académica,"",0.13000000000002387,área,en,d,m,d,m,internal
732.9823449629863,2491.8916629091054,3058.0811547096887,2.722967027623477,4.012767736303587,3.201980370413128,6051.282051282051,0.000027409707666391206,172.63375000000002,0.027000000000000003,0.32142857142857145,0-0-229-0,e,51a17262-Audio_SP18.v0,group_0,1,fave,201.385628325764,79.51755580630056,9,el,"",0.060000000000002274,en,área,#,l,n,l,initial
563.0752248165426,2409.8369255605744,2988.806150445375,3.662363589597023,3.9350459497040973,4.126012637716151,8025.641025641025,0.00006415527584074823,173.09375000000003,0.027000000000000003,0.32142857142857145,0-0-232-0,e,51a17262-Audio_SP18.v0,group_0,1,fave,178.12756239346504,82.32291996070316,9,emocional,"",0.05999999999997385,[silence],[silence],#,m,.,m,initial
764.2761656740691,2396.906210375356,3013.6067462723213,3.502469899711732,3.3123159695869937,3.669352730111035,6410.25641025641,0.00002718333436385493,176.00375000000003,0.027000000000000003,0.32142857142857145,0-0-239-0,e,51a17262-Audio_SP18.v0,group_0,1,fave,211.16801522497326,78.74765279293523,9,en,"",0.060000000000002274,",",su,#,n,.,n,initial
572.6202416593541,2429.2737609360797,3038.275424825374,3.2117328653047705,2.7950477901900954,3.6087759095741885,6948.717948717948,0.00008002217410163425,177.91575,0.031,0.32978723404255317,0-0-242-0,e,51a17262-Audio_SP18.v0,group_0,1,fave,509.8928311099637,83.67964891230484,9,en,"",0.06999999999999318,[silence],su,#,n,.,n,initial
487.06179269969317,2443.457605516481,2831.1499444901137,2.9981108211264766,3.4988111089947624,3.874888063821744,6410.25641025641,0.0006365387576106038,179.02075000000002,0.041,0.3306451612903226,0-0-248-4,e,51a17262-Audio_SP18.v0,group_0,1,fave,229.87937765091056,79.270250775077,9,porque,"",0.09999999999999432,",",conviví,k,#,k,k,final
599.4547038729328,2356.704104378626,2952.239437670736,3.6543440444036692,2.9054047795331677,4.062742175088509,6948.717948717948,0.0017752368065493988,194.60875,0.037000000000000005,0.324561403508772,0-0-262-0,e,51a17262-Audio_SP18.v0,group_0,1,fave,199.79057886930926,75.05457741475689,9,Exactamente,"",0.09000000000000341,.,.,#,s,.,s,initial
562.5187649159751,2337.671819700009,2953.6247957046053,3.4755220439091787,2.940408182628199,3.432651750921271,6948.717948717948,0.0007448649850642722,195.31075,0.041,0.3306451612903226,0-0-262-10,e,51a17262-Audio_SP18.v0,group_0,1,fave,78.7693196767114,75.87138026740227,9,Exactamente,"",0.09999999999999432,.,.,t,#,t,.,final
589.1169688408372,2087.9594694534876,3344.984009856293,3.1954820458753006,3.5075293144097754,4.085727355227485,7307.692307692308,0.009824161230103403,198.59275,0.10500000000000001,0.3343949044585987,0-0-266-1,e,51a17262-Audio_SP18.v0,group_0,1,fave,252.68867621936917,82.97518820976967,9,de,"",0.29000000000002046,[silence],es,d,#,d,é,final
526.3706445978265,2780.2616579762184,3665.6184284122005,3.6055446947845957,4.443847126380909,4.9180791205251655,8384.615384615383,0.001438819321698581,202.30775,0.035,0.3365384615384616,0-0-275-1,e,51a17262-Audio_SP18.v0,group_0,1,fave,227.20088982807158,84.25830263949021,9,llevado,"",0.0800000000000125,%%,hacia,L,b,L,b,internal
545.8938155486667,2058.360325488994,3079.9682931080542,3.5054875932711145,3.472035924608221,2.8587179148200135,6589.74358974359,9.03806550596735e-6,205.23274999999998,0.025,0.33783783783783783,0-0-280-4,e,51a17262-Audio_SP18.v0,group_0,1,fave,221.32296325978976,82.52701012923737,9,donde,"",0.05000000000001137,[silence],[silence],d,#,d,.,final
715.2214203954572,1994.9861266667076,2930.009688069686,3.400495925511251,3.799025678664011,3.592046877594186,6230.7692307692305,0.0005681336806966472,206.31375,0.047,0.3263888888888889,0-0-284-2,e,51a17262-Audio_SP18.v0,group_0,1,fave,276.4480334927116,81.75588505105898,9,pues,"",0.12000000000000455,asociación,[silence],u,s,u,s,internal
581.0186546316029,1929.3174428789644,2799.7335418126595,2.8819279707013363,3.2873867172460502,2.9575065269666565,6769.2307692307695,0.0008067873565436201,209.03875,0.037,0.32456140350877194,0-0-292-1,e,51a17262-Audio_SP18.v0,group_0,1,fave,195.4073565257562,81.12606977882838,9,se,"",0.09000000000000341,que,necesitan,s,#,s,n,final
487.79089632851475,2448.8152345737813,2796.6470740148843,3.9033118318705284,3.741179251785331,3.1824472935025447,7307.692307692308,0.004448508688777356,209.16075,0.041,0.3306451612903226,0-0-293-1,e,51a17262-Audio_SP18.v0,group_0,1,fave,167.028704359678,79.55192733942528,9,necesitan,"",0.10000000000002274,se,%%,n,z,n,z,internal
546.9515718888061,2261.989725731762,2854.3321616934522,2.751420289170342,2.9990571712434306,2.912380763931149,6769.2307692307695,0.0002727991742691803,209.34875,0.037,0.32456140350877194,0-0-293-3,e,51a17262-Audio_SP18.v0,group_0,1,fave,250.7399751321174,75.88161526754936,9,necesitan,"",0.08999999999997499,se,%%,z,s,z,s,internal
582.4681157205273,1792.1778873634387,2659.8726727639023,2.683134019909465,3.6407104926375986,3.152565656595784,6589.74358974359,3.3744210587833197e-6,211.48274999999998,0.025,0.33783783783783783,0-0-296-1,e,51a17262-Audio_SP18.v0,group_0,1,fave,569.1395406990827,82.50790694760275,9,personales,"",0.05000000000001137,útiles,",",p,R,p,R,internal
544.9970416142747,2563.0246083037064,2969.0408118211326,3.1111704671501585,3.9377609147313213,3.5610682071765116,6230.7692307692305,0.0011893703813283716,212.28374999999997,0.10700000000000001,0.3302469135802469,0-0-296-8,e,51a17262-Audio_SP18.v0,group_0,1,fave,240.94038417373136,81.84610433159385,9,personales,"",0.30000000000001137,útiles,",",l,s,l,s,internal
515.5189020035876,2468.888479757692,2998.3299987018054,2.757221598592401,3.123958029197097,3.210065698508484,6230.7692307692305,0.0005875014463923605,215.28875,0.177,0.33146067415730335,0-0-304-2,e,51a17262-Audio_SP18.v0,group_0,1,fave,177.50828392633818,75.38418543153078,9,Ese,"",0.5100000000000193,[silence],[silence],s,#,s,.,final
685.1871173915171,2119.364323264309,2988.1812991420215,3.3702158861143867,4.014274131687041,3.128677391427433,7487.179487179487,0.0005062142429798391,216.87075000000002,0.041,0.3306451612903226,0-0-307-1,e,51a17262-Audio_SP18.v0,group_0,1,fave,211.3267742252553,77.30818613121909,9,de,"",0.09999999999999432,tipo,cosas,d,#,d,k,final
703.9223028447842,2085.4970223602995,2984.785401061116,3.3438777469480265,4.1434217986617305,3.9210813036964356,7487.179487179487,0.001042234265690203,218.71275,0.045,0.33582089552238803,0-0-312-2,e,51a17262-Audio_SP18.v0,group_0,1,fave,330.32129796032837,83.82985996189862,9,pues,"",0.11000000000001364,demás,[silence],u,s,u,s,internal
655.086453353059,2288.4511898418205,2999.7917177230142,3.3297181236874365,2.7638110843248183,3.615261920644234,6948.717948717948,0.00010815251737921871,220.75775000000002,0.035,0.3365384615384616,0-0-317-0,e,51a17262-Audio_SP18.v0,group_0,1,fave,229.98802749817247,80.58166157192828,9,en,"",0.07999999999998408,[silence],el,#,n,.,n,initial
640.6886542138798,2316.962418020193,2794.5090648964097,3.363343580456992,3.533244420987811,3.652423095012617,6769.2307692307695,0.0008936021113436305,220.96375,0.067,0.32843137254901966,0-0-318-0,e,51a17262-Audio_SP18.v0,group_0,1,fave,202.8401515247602,80.38591135021666,9,el,"",0.18000000000000682,en,en,#,l,n,l,initial
575.1478571570756,2273.220609407891,3082.932392425356,3.860365996988285,3.1221654718018033,3.5787433871128487,6948.717948717948,0.001140122112815844,221.17874999999998,0.037000000000000005,0.324561403508772,0-0-319-0,e,51a17262-Audio_SP18.v0,group_0,1,fave,154.66093840025883,72.54441546614056,9,en,"",0.09000000000000341,el,el,#,n,l,n,initial
562.191518900318,2154.054809738934,2896.635760514333,3.5149677556096828,3.997772192315365,3.491922728206696,6948.717948717948,0.008357615628026505,221.45475,0.149,0.33558558558558554,0-0-320-0,e,51a17262-Audio_SP18.v0,group_0,1,fave,194.3856092842377,77.8100984024769,9,el,"",0.4200000000000159,en,[silence],#,l,n,l,initial
699.0287356897865,2480.3372936455135,2994.60957126913,3.455888675684173,2.992919704413039,3.7124208429448506,7307.692307692308,0.000010289724868480855,222.11274999999998,0.025,0.33783783783783783,0-0-322-0,e,51a17262-Audio_SP18.v0,group_0,1,fave,218.9768188044156,80.11398674015278,9,en,"",0.05000000000001137,[silence],el,#,n,.,n,initial
707.8252463354158,2291.291958673314,2805.02005120841,2.9094584431850445,3.4968164271150046,4.033162154919853,6410.25641025641,0.00011323012272250536,222.23575,0.031,0.32978723404255317,0-0-323-0,e,51a17262-Audio_SP18.v0,group_0,1,fave,221.669704870853,83.3355318291117,9,el,"",0.06999999999999318,en,transcurso,#,l,n,l,initial
558.1313782796632,1716.3731240159404,2933.8217350733985,2.932702551144327,3.1248227175189283,3.6829475501280604,7307.692307692308,0.0006161653780457524,222.92375,0.027000000000000003,0.32142857142857145,0-0-325-1,e,51a17262-Audio_SP18.v0,group_0,1,fave,248.7497745163009,84.58733148679985,9,del,"",0.060000000000002274,transcurso,proceso,d,l,d,l,internal
578.6552205531418,2551.832208664964,3083.7468586333102,2.589178680748305,3.4722558279362397,3.6538624813400107,7487.179487179487,0.0023037966270921754,228.94875,0.07700000000000001,0.3290598290598291,0-0-343-2,e,51a17262-Audio_SP18.v0,group_0,1,fave,187.74135293564095,80.709127170521,9,pues,"",0.21000000000000796,[silence],[silence],u,s,u,s,internal
568.1782406278539,2417.882280986564,2962.8809583365187,2.5528502165052944,2.9915547536120797,3.1519474571060124,6410.25641025641,0.0008969372366002223,229.79874999999998,0.07700000000000001,0.3290598290598291,0-0-345-3,e,51a17262-Audio_SP18.v0,group_0,1,fave,189.41051521287088,77.69287866057836,9,este,"",0.21000000000000796,[silence],están,t,#,t,é,final
606.4988822423895,2300.742551899768,2953.6265669742256,3.5541630333785244,4.132200895950184,4.054583435599245,8205.128205128205,0.0033030992194876528,230.94775,0.035,0.33653846153846156,0-0-348-6,e,51a17262-Audio_SP18.v0,group_0,1,fave,109.43532760497673,74.11313094040295,9,siempre,"",0.07999999999998408,allí,prestos,R,#,R,p,final
588.3375973789106,2173.2168158255754,2885.41510016324,2.5100772741077315,2.5238253278098335,2.712946988980018,6948.717948717948,0.00004074090715412042,232.28575,0.031,0.32978723404255317,0-0-352-1,e,51a17262-Audio_SP18.v0,group_0,1,fave,189.80900896636896,78.95011798994578,9,tender,"",0.06999999999999318,[silence],la,t,n,t,n,internal
589.3907709208283,1887.7041994552453,2761.01853624843,3.0472911517931274,3.5571718556177974,3.3393032832699303,6589.74358974359,1.7574610234009192e-6,240.79274999999998,0.025,0.33783783783783783,0-0-375-0,e,51a17262-Audio_SP18.v0,group_0,1,fave,199.31012972113066,82.69304286790678,9,el,"",0.05000000000001137,por,Estado,#,l,R,l,initial
613.3891698853657,2072.8952160581734,2941.5948147074955,3.030220639441215,3.936748069619202,3.7861449969400485,6589.74358974359,0.00007593798998665747,242.97375000000002,0.027000000000000003,0.32142857142857145,0-0-382-1,e,51a17262-Audio_SP18.v0,group_0,1,fave,251.41487695581264,83.96749605061187,9,depende,"",0.060000000000002274,ya,netamente,d,p,d,p,internal
674.2910053327047,2331.3340882003276,3025.170664154239,3.0204560601709307,3.7469368524690965,3.5416352426153614,6948.717948717948,0.0001218642084053761,243.28775000000002,0.035,0.3365384615384616,0-0-382-6,e,51a17262-Audio_SP18.v0,group_0,1,fave,230.1440579228918,79.57283160772423,9,depende,"",0.07999999999998408,ya,netamente,d,#,d,n,final
699.2195601589729,2359.0547339267105,3081.225250792721,3.3873027009149026,3.9249981637290707,3.897497065400419,7128.205128205128,0.0015191849844216577,243.41875,0.037000000000000005,0.324561403508772,0-0-383-1,e,51a17262-Audio_SP18.v0,group_0,1,fave,243.90452098191787,75.85995360910474,9,netamente,"",0.09000000000000341,depende,de,n,t,n,t,internal
538.5794647779857,1958.4407349488467,2808.2459289837507,3.329447850999359,4.214983567048395,3.33239322112046,6948.717948717948,0.0000718472536954408,243.84375000000003,0.027000000000000003,0.32142857142857145,0-0-383-8,e,51a17262-Audio_SP18.v0,group_0,1,fave,203.51919820490872,76.40148992767125,9,netamente,"",0.05999999999997385,depende,de,t,#,t,d,final
602.7394401018651,2331.5325643634606,2980.1403040385144,3.5565846515854553,3.7098465323032728,3.6697731195896597,7487.179487179487,0.0005875946897948738,243.93874999999997,0.037000000000000005,0.324561403508772,0-0-384-1,e,51a17262-Audio_SP18.v0,group_0,1,fave,208.84811433200952,76.22625348433188,9,de,"",0.09000000000000341,netamente,quienes,d,#,d,k,final
559.3202151519704,1946.4212173136168,2856.035880283107,3.1175556979284127,3.135067278044986,3.829638672140587,6051.282051282051,0.002557838338445434,257.57275000000004,0.045,0.33582089552238803,0-0-398-1,e,51a17262-Audio_SP18.v0,group_0,1,fave,267.05456990790117,80.4158527620063,9,de,"",0.11000000000001364,situación,salud,d,#,d,s,final
738.8150284938885,2532.845240041142,3132.5414095258784,2.6189443242425035,3.2287004256636544,3.348108694608896,6410.25641025641,0.00016604784511416878,259.48275,0.045,0.33582089552238803,0-0-405-3,e,51a17262-Audio_SP18.v0,group_0,1,fave,254.01443648317124,81.56804290035853,9,antes,"",0.11000000000001364,[silence],[silence],t,s,t,s,internal
508.47531851088695,2266.8097859070276,2920.698825436025,3.515765417328912,3.261608918883903,3.376519596661071,6051.282051282051,0.00016040319157660995,262.92375,0.027000000000000003,0.32142857142857145,0-0-413-1,e,51a17262-Audio_SP18.v0,group_0,1,fave,209.9950387864899,80.99401805239759,9,del,"",0.060000000000002274,[silence],voluntariado,d,l,d,l,internal
537.225548819633,2285.6378283727604,3006.307917454041,2.916226442797816,3.972701595569731,4.7510327865908355,7128.205128205128,0.00016545804100230122,265.12775000000005,0.035,0.33653846153846156,0-0-418-1,e,51a17262-Audio_SP18.v0,group_0,1,fave,256.16038071165815,81.79604049216042,9,chequeos,"",0.07999999999998408,algunos,[silence],h,k,h,k,internal
727.625407797844,2447.196970720878,2784.479540403862,2.6449242162373596,3.4882305779765006,3.5699497736357557,6230.7692307692305,0.00003947486099038592,266.21374999999995,0.027000000000000003,0.32142857142857145,0-0-420-1,e,51a17262-Audio_SP18.v0,group_0,1,fave,250.85313188266716,82.59423779996982,9,médicos,"",0.060000000000002274,[silence],[silence],m,d,m,d,internal
607.1222859489579,2205.6275929843177,2720.3333520090687,3.645481166065604,3.4455074440846194,3.8522828051000237,6948.717948717948,0.0005630454921354836,269.24075,0.041,0.3306451612903226,0-0-425-3,e,51a17262-Audio_SP18.v0,group_0,1,fave,214.70544441140916,81.31601953623368,9,quedé,"",0.0999999999999659,[silence],como,d,#,d,k,final
529.1829296750336,2381.110304610558,3072.9722392486146,2.711913204990652,2.9575914400083683,3.9026850359606824,6948.717948717948,0.0002170472110479598,270.75575,0.031,0.32978723404255317,0-0-428-0,e,51a17262-Audio_SP18.v0,group_0,1,fave,491.89217175423096,74.22630422076973,9,encerrada,"",0.06999999999999318,[silence],en,#,n,.,n,initial
590.849209032117,2061.670445477447,2848.415559529805,3.2519994880056347,3.138219173581148,3.4705290475461337,6589.74358974359,0.00049728847377053,270.98375,0.047,0.3263888888888889,0-0-428-3,e,51a17262-Audio_SP18.v0,group_0,1,fave,216.1924856381032,82.1533339167151,9,encerrada,"",0.12000000000000455,[silence],en,z,r,z,r,internal
650.5444132233094,2278.298285250369,2918.073861488765,3.4162705889836933,3.3037265271536156,3.498806818864681,6589.74358974359,0.0022518118666880684,271.66574999999995,0.051000000000000004,0.3311688311688312,0-0-429-0,e,51a17262-Audio_SP18.v0,group_0,1,fave,110.2913973244311,75.06655802187501,9,en,"",0.12999999999999545,encerrada,[silence],#,n,a,n,initial
787.0063208164594,2505.5679057570896,2931.7899895285705,3.0773729878643863,3.744941595655936,3.1139126656632996,6051.282051282051,9.364823680130023e-6,272.95275000000004,0.025,0.33783783783783783,0-0-432-0,e,51a17262-Audio_SP18.v0,group_0,1,fave,208.90570442928328,81.74673672276357,9,el,"",0.05000000000001137,en,estado,#,l,n,l,initial
675.8267514204695,2273.6709079356847,2761.7249065395895,3.4897713405231694,3.2251169456892828,3.4805922709419925,6589.74358974359,0.00009832688230460602,273.05575,0.031,0.32978723404255317,0-0-433-0,e,51a17262-Audio_SP18.v0,group_0,1,fave,207.80698261395582,79.96967072572727,9,estado,"",0.06999999999999318,el,donde,#,s,l,s,initial
602.7478729909144,1866.0961514357152,2897.8268731976796,3.565070476867315,3.1144368164708407,3.1244069660699365,7128.205128205128,0.0016685961903092387,273.62575,0.031,0.32978723404255317,0-0-434-4,e,51a17262-Audio_SP18.v0,group_0,1,fave,236.59818079949673,80.604015684686,9,donde,"",0.06999999999999318,estado,estoy,d,#,d,s,final
550.7066082606416,1618.7064272183359,2711.297978661585,3.5884644980252207,3.917164346524802,2.3728983551846943,6051.282051282051,0.00043798821957425694,277.08574999999996,0.031,0.32978723404255317,0-0-442-3,e,51a17262-Audio_SP18.v0,group_0,1,fave,221.90158334000688,81.62026647239745,9,tuve,"",0.06999999999999318,",",[silence],b,#,b,.,final
591.6373596009249,2304.506968981248,2937.854788866378,3.526453360469423,4.184613099315565,3.2222895231769946,5871.794871794871,0.007098409144762213,279.56075,0.061000000000000006,0.3315217391304348,0-0-449-4,e,51a17262-Audio_SP18.v0,group_0,1,fave,162.01754894879664,75.03704963459177,9,donde,"",0.160000000000025,opción,pudiera,d,#,d,p,final
524.7711117782718,2074.6642135626234,3129.5569362889064,3.5517048135892884,3.645860961371027,3.7972050846101113,6410.25641025641,0.00008979345581155861,281.41574999999995,0.031,0.32978723404255317,0-0-455-1,e,51a17262-Audio_SP18.v0,group_0,1,fave,218.96769617409643,79.49845751709974,9,de,"",0.07000000000005002,casa,manera,d,#,d,m,final
798.6973922236842,2640.22174413818,3084.9585462851555,3.7053698876363566,3.7821466879179555,3.7091533604161335,6769.2307692307695,0.000882289794549103,283.70574999999997,0.031,0.32978723404255317,0-0-463-0,e,51a17262-Audio_SP18.v0,group_0,1,fave,203.9171789080899,77.8996201169482,9,estar,"",0.06999999999999318,sin,[pron=pi],#,s,n,s,initial
458.6533526585265,2769.5240807150017,4377.89230938423,4.153233073979395,2.885029899347495,4.004777177545794,9102.564102564102,0.00009190695575929453,288.71875,0.037,0.32456140350877194,0-0-470-3,e,51a17262-Audio_SP18.v0,group_0,1,fave,200.20908763802336,81.67369108795461,9,llegué,"",0.09000000000003183,bueno,a,g,#,g,a,final
734.8212946380457,2141.9447593771965,2810.844399236691,3.831724861846411,3.6531702226870144,3.5681973048271325,6769.2307692307695,0.0005417353150054998,289.52574999999996,0.031,0.32978723404255317,0-0-472-8,e,51a17262-Audio_SP18.v0,group_0,1,fave,-4289.435104615767,70.78297474754066,9,Microworkers,"",0.06999999999999318,a,.,k,R,k,R,internal
528.1137363983617,2100.089125292507,3217.264503089608,2.594894570107267,4.01419475926584,4.052172790250189,7666.666666666666,0.012855628574079372,298.96575,0.11100000000000002,0.3323353293413173,0-0-477-4,e,51a17262-Audio_SP18.v0,group_0,1,fave,248.2336432098633,83.11676422082776,9,través,"",0.3100000000000023,A,de,b,s,b,s,internal
533.0280549518143,1711.4085006862317,4427.950573440323,3.158916253690069,4.155106288307007,4.542566536696225,9820.51282051282,0.007085599473174301,299.36875000000003,0.037000000000000005,0.324561403508772,0-0-478-1,e,51a17262-Audio_SP18.v0,group_0,1,fave,253.08116196896611,85.81627430181808,9,de,"",0.08999999999997499,través,YouTube,d,#,d,y,final
513.8723815169252,2476.36678960886,2934.0247371774476,2.8441684741723474,3.0946810517945784,3.4416448834165148,6769.2307692307695,0.0006991360261403886,302.02775,0.11499999999999999,0.3343023255813952,0-0-484-1,e,51a17262-Audio_SP18.v0,group_0,1,fave,200.1826781677865,78.2345008928318,9,de,"",0.3199999999999932,manera,[silence],d,#,d,®,final
344.44789949398137,2187.36615042515,2874.532146513179,3.5173493069470383,3.685462477230343,3.5929141508597042,6948.717948717948,0.003306446598254362,302.70374999999996,0.027000000000000003,0.32142857142857145,0-0-486-0,e,51a17262-Audio_SP18.v0,group_0,1,fave,NaN,75.91764496257669,9,encontrar,"",0.060000000000002274,[silence],pues,#,n,®,n,initial
588.1499266132398,2088.490403327466,2956.271906733575,3.371473675234921,3.2563477703504837,3.2779931764000976,6948.717948717948,0.0002769315032315769,303.53875,0.037000000000000005,0.324561403508772,0-0-487-2,e,51a17262-Audio_SP18.v0,group_0,1,fave,227.43057358735476,81.41821913018823,9,pues,"",0.09000000000003183,encontrar,[silence],u,s,u,s,internal
520.4506661156823,2434.39755654964,3014.8270001012033,3.186434228405469,2.9525845475483443,2.9589692133487073,6230.7692307692305,0.00020498253256112433,305.10574999999994,0.031,0.32978723404255317,0-0-493-0,e,51a17262-Audio_SP18.v0,group_0,1,fave,97.07608049629643,75.59032574102147,9,en,"",0.07000000000005002,[silence],casa,#,n,.,n,initial
542.7173244302595,2218.1837565869805,2829.4551503958946,2.532641350925269,3.381112661290735,3.4328524307928663,6769.2307692307695,0.0005339866923118888,306.48574999999994,0.051000000000000004,0.3311688311688312,0-0-496-7,e,51a17262-Audio_SP18.v0,group_0,1,fave,181.2657739206274,79.02502545104929,9,Encontré,"",0.12999999999999545,.,la,R,#,R,l,final
447.0458634337245,2406.1177494900285,3004.589924063744,3.294602484573435,3.218296896781411,3.460124291885141,7307.692307692308,0.0015449073021984807,310.63775,0.055,0.33536585365853655,0-0-505-1,e,51a17262-Audio_SP18.v0,group_0,1,fave,194.88241097193642,78.96031668213405,9,de,"",0.13999999999998636,[silence],[silence],d,#,d,.,final
443.4991358418745,2602.5784877555084,3023.0261126699297,2.9934000052375254,3.6802710472056877,3.0887178471976102,6051.282051282051,2.7344556452345195e-6,312.91275,0.025,0.33783783783783783,0-0-509-4,e,51a17262-Audio_SP18.v0,group_0,1,fave,204.3519616971791,78.83991738020764,9,porque,"",0.05000000000001137,continúa,[silence],k,#,k,.,final
527.4727281379313,1455.281800818676,2244.6055033764687,2.9557166394756487,3.912199854894404,4.535208011028771,6948.717948717948,0.027036009410239963,332.13075,0.041,0.3306451612903226,0-0-524-0,e,51a17262-Audio_SP18.v0,group_0,1,fave,252.20713046429637,82.70698263819409,9,estuvo,"",0.0999999999999659,Que,varios,#,s,é,s,initial
541.1244736884935,2187.298961959027,2891.3503686599342,2.626609024700247,3.429835707917769,2.842757308431102,6948.717948717948,0.000016840538248361996,336.43575,0.031,0.32978723404255317,0-0-534-1,e,51a17262-Audio_SP18.v0,group_0,1,fave,185.8863652944031,75.79205055095053,9,se,"",0.06999999999999318,que,adecuara,s,#,s,a,final
507.57037263434694,2621.558682889586,3135.5936244287877,3.230452081506177,3.67799485650525,4.487972186152368,8384.615384615383,0.0005004272289188317,336.65074999999996,0.041,0.3306451612903226,0-0-535-2,e,51a17262-Audio_SP18.v0,group_0,1,fave,162.63732790600335,77.67180486302772,9,adecuara,"",0.10000000000002274,se,a,d,k,d,k,internal
544.2073714132271,2540.1177101699395,2896.80708151265,3.556694739888585,3.7298180564525443,3.8371414021159276,7487.179487179487,0.00615168245446884,337.98575,0.091,0.3321167883211679,0-0-538-4,e,51a17262-Audio_SP18.v0,group_0,1,fave,207.42511445892896,78.35970235740467,9,porque,"",0.25,mí,[silence],k,#,k,.,final
666.6762546535158,1586.3275272182345,2666.386024260459,3.444929664182045,4.013234423216548,3.769948915528206,6589.74358974359,0.0009747664845260512,343.92074999999994,0.041,0.3306451612903226,0-0-551-8,e,51a17262-Audio_SP18.v0,group_0,1,fave,173.25598684866134,76.88120545226681,9,Microworkers,"",0.10000000000002274,que,tiene,k,R,k,R,internal
507.4640358776185,2190.005312758074,2977.495497690261,3.0535845540344635,3.0523911304839912,3.228180788131594,6589.74358974359,0.004286348407183637,344.38575,0.051000000000000004,0.3311688311688312,0-0-552-4,e,51a17262-Audio_SP18.v0,group_0,1,fave,184.49801153367216,73.1618617024623,9,tiene,"",0.12999999999999545,Microworkers,[silence],n,#,n,.,final
342.47066087747726,2195.7702725057484,3092.7965121454604,2.93376380579646,3.8146083696771655,3.6994457199149395,5871.794871794871,0.005379299925916725,349.30775000000006,0.035,0.3365384615384616,0-0-566-0,e,51a17262-Audio_SP18.v0,group_0,1,fave,126.55676842230132,68.94154572189063,9,en,"",0.07999999999998408,como,otras,#,n,o,n,initial
521.8750014288474,2362.9137031195655,2718.908343840827,3.553144677079214,3.498817904890302,5.014983492308274,7846.153846153846,0.0021359281404309508,368.12375000000003,0.047,0.3263888888888889,0-0-588-3,e,51a17262-Audio_SP18.v0,group_0,1,fave,289.7119895427227,73.01568944563276,9,este,"",0.12000000000000455,[silence],pues,t,#,t,p,final
565.1079307472726,2345.6059251223705,2701.994801464217,3.6512329059038904,3.2726599280827164,3.046082573460922,6410.25641025641,0.0009345530059468366,368.34774999999996,0.055,0.33536585365853655,0-0-589-2,e,51a17262-Audio_SP18.v0,group_0,1,fave,208.4831531342448,78.68948586963882,9,pues,"",0.13999999999998636,este,hacía,u,s,u,s,internal
600.1805970409679,1748.1063514185219,2856.594554612703,3.562139030850258,3.699352624852329,3.40989036626056,6948.717948717948,8.888897156923938e-6,370.33275000000003,0.025,0.33783783783783783,0-0-594-1,e,51a17262-Audio_SP18.v0,group_0,1,fave,234.85884351972425,83.59556071524085,9,de,"",0.05000000000001137,tipo,trabajo,d,#,d,t,final
478.342561464258,2184.3650676946245,2947.4641087681507,3.2254836010511263,3.4327650612082836,2.9193261420493326,6589.74358974359,0.00016766033524375745,371.17775000000006,0.035,0.33653846153846156,0-0-596-4,e,51a17262-Audio_SP18.v0,group_0,1,fave,195.58550785916574,77.97095054815065,9,desde,"",0.07999999999998408,trabajo,hace,d,#,d,á,final
532.8307582249023,1917.5162502549917,2950.4065231473505,3.1063964488112217,2.9455573380560964,3.7843520613968575,6589.74358974359,0.0002621196902219623,371.47275,0.025,0.33783783783783783,0-0-597-2,e,51a17262-Audio_SP18.v0,group_0,1,fave,503.37635209781814,76.22794058652342,9,hace,"",0.05000000000001137,desde,mucho,z,#,z,m,final
529.289711875567,1609.2029870104493,3264.8327988258734,2.455136161791717,3.1659319196939633,4.550319374846662,7487.179487179487,0.0003237403526456132,374.28574999999995,0.031,0.32978723404255317,0-0-603-3,e,51a17262-Audio_SP18.v0,group_0,1,fave,251.8000466752324,85.56194495815551,9,específicamente,"",0.06999999999999318,Pero,no,p,z,p,z,internal
547.769997205314,2142.5215396903577,3111.419934598452,3.189579172770786,3.256298121596898,3.8020441648441263,6410.25641025641,0.0002787711794785918,375.00775000000004,0.035,0.33653846153846156,0-0-603-14,e,51a17262-Audio_SP18.v0,group_0,1,fave,231.56232429462395,82.5233508890942,9,específicamente,"",0.07999999999998408,Pero,no,t,#,t,n,final
596.355818991085,2110.052004358682,2896.583399512278,3.5018901831753215,2.782415783649538,2.973439235722432,6051.282051282051,8.213728781802114e-6,376.02374999999995,0.027000000000000003,0.32142857142857145,0-0-607-1,e,51a17262-Audio_SP18.v0,group_0,1,fave,210.32310018446444,80.60743687140081,9,de,"",0.060000000000002274,hablado,Microworkers,d,#,d,m,final
839.4918857711451,2137.4687481741507,3181.0141069361302,3.320135767409568,3.4738619910908817,3.6086224179005395,6589.74358974359,0.000059941727871531406,380.76775000000004,0.035,0.33653846153846156,0-0-619-0,e,51a17262-Audio_SP18.v0,group_0,1,fave,281.4628463058461,81.53106699123244,9,encontré,"",0.07999999999998408,alternativas,esta,#,n,s,n,initial
621.1132068216598,1977.5282800056586,2837.4109772512743,3.7865604017131806,3.8219635684091653,2.8047382103870877,6769.2307692307695,0.00047875356111917977,397.85875,0.057,0.32758620689655177,0-0-627-4,e,51a17262-Audio_SP18.v0,group_0,1,fave,210.23476289963025,79.48138083409977,9,estuve,"",0.1500000000000341,",",con,b,#,b,k,final
757.0616593551367,1924.46601226631,2770.9672805122627,2.9234349497483128,3.074484645841754,3.610321688342586,6948.717948717948,0.00018208796317158664,399.37875,0.037000000000000005,0.324561403508772,0-0-629-9,e,51a17262-Audio_SP18.v0,group_0,1,fave,414.6837894701114,82.10193450002505,9,Rapidworkers,"",0.08999999999997499,con,.,k,R,k,R,internal
639.8227917071897,1489.6692665520766,2641.059811839709,3.0423585184537383,3.9375895207912053,3.2522736131143457,6948.717948717948,0.000023876155353856634,404.02374999999995,0.027000000000000003,0.32142857142857145,0-0-643-0,e,51a17262-Audio_SP18.v0,group_0,1,fave,202.96774797214115,79.83386622336835,9,en,"",0.060000000000002274,pero,cuanto,#,n,o,n,initial
705.6549417591915,1912.236385990816,2943.9357945132883,3.7826676191635684,3.6604095917656565,3.620140951840085,7487.179487179487,0.00005301230256028648,405.69575,0.031,0.32978723404255317,0-0-646-5,e,51a17262-Audio_SP18.v0,group_0,1,fave,97.90904921517664,79.22101789763421,9,remuneración,"",0.06999999999999318,a,no,n,R,n,R,internal
696.2292837590657,2330.5121719054478,3195.979316043036,3.2926296021817296,2.8639141609726497,3.464752992345281,6948.717948717948,0.0006955336165806025,406.58975,0.159,0.3354430379746835,0-0-648-1,e,51a17262-Audio_SP18.v0,group_0,1,fave,229.70529448429255,79.41663736332151,9,me,"",0.44999999999998863,no,[silence],m,#,m,.,final
716.5016194097005,1739.3734044982402,2967.4369152218715,3.1069854108292194,2.8317515202927455,4.017098766594157,7128.205128205128,0.003764502779558005,408.00575,0.051000000000000004,0.3311688311688311,0-0-651-0,e,51a17262-Audio_SP18.v0,group_0,1,fave,418.3047162588874,78.17569840739154,9,entonces,"",0.12999999999999545,satisfizo,tuve,#,n,o,n,initial
567.0754906524024,1950.0781739143827,2947.235418705701,3.681673813850303,2.792186783811193,3.0439273881868005,6948.717948717948,0.0015305537890873012,408.43275000000006,0.045,0.3358208955223881,0-0-651-6,e,51a17262-Audio_SP18.v0,group_0,1,fave,214.33578395149632,79.82740443432994,9,entonces,"",0.1099999999999568,satisfizo,tuve,z,s,z,s,internal
522.9367115109702,2218.953589900134,2879.696583992755,2.6594543358406906,3.919262923839315,3.0964860014706685,6589.74358974359,0.0007841742980210637,408.81275000000005,0.045,0.3358208955223881,0-0-652-3,e,51a17262-Audio_SP18.v0,group_0,1,fave,167.988846739497,74.67214532364818,9,tuve,"",0.1099999999999568,entonces,que,b,#,b,k,final
577.6999216912188,1966.6370315472207,2859.696628616675,2.9501125335348224,3.156032524882919,3.1445241538554747,7128.205128205128,0.000010439865012009933,411.81575,0.031,0.32978723404255317,0-0-663-7,e,51a17262-Audio_SP18.v0,group_0,1,fave,179.81872969731032,78.7595750446363,9,encontré,"",0.06999999999999318,donde,a,R,#,R,a,final
611.5534187683701,2511.0839908254993,2894.579504467636,3.3955926192373678,3.7522873358004003,3.94339095705388,6948.717948717948,0.00034361007752157217,421.04574999999994,0.031,0.32978723404255317,0-0-677-1,e,51a17262-Audio_SP18.v0,group_0,1,fave,279.2779907556305,83.08743209918369,9,generalmente,"",0.07000000000005002,[silence],[silence],x,n,x,n,internal
807.6222453611374,2330.965194700173,3079.621784306678,3.1485174537030622,2.6735449572599332,3.046002468545694,7307.692307692308,0.0016099555607680261,421.70075,0.08099999999999999,0.3319672131147541,0-0-677-11,e,51a17262-Audio_SP18.v0,group_0,1,fave,363.9887951141042,80.70860121289238,9,generalmente,"",0.21999999999997044,[silence],[silence],t,#,t,®,final
545.3722667428764,1884.12409969894,2911.8810346127943,2.718373231326075,3.560061445357279,3.319254677247648,6769.2307692307695,0.0003042546624578839,422.17875000000004,0.037,0.32456140350877194,0-0-679-1,e,51a17262-Audio_SP18.v0,group_0,1,fave,255.27126978821326,84.24195183180748,9,se,"",0.08999999999997499,[silence],basa,s,#,s,b,final
680.8245973774028,2246.7425053549805,3064.935002028111,3.3768083112647203,3.879722710675497,3.138770125713298,6948.717948717948,0.00016868242512438843,422.63875,0.037000000000000005,0.324561403508772,0-0-681-0,e,51a17262-Audio_SP18.v0,group_0,1,fave,272.8850802593764,81.95204643916546,9,en,"",0.08999999999997499,basa,lo,#,n,a,n,initial
640.4708155378363,1866.7017619252633,2800.8966503851525,3.3732130052616665,4.166317944145037,3.4164006274426697,6948.717948717948,8.028055004707208e-6,424.11375,0.027000000000000003,0.32142857142857145,0-0-687-1,e,51a17262-Audio_SP18.v0,group_0,1,fave,206.14645992443758,80.04888413436097,9,remuneración,"",0.060000000000002274,la,es,r,m,r,m,internal
565.796208365895,2449.9628370782466,2905.134916125398,3.0868217653973042,3.0470794848295815,3.0821849049211103,6948.717948717948,0.003946681489679966,439.04275,0.225,0.3338278931750742,0-0-700-1,e,51a17262-Audio_SP18.v0,group_0,1,fave,211.1232235569224,75.77411994392052,9,de,"",0.6499999999999773,tarea,[silence],d,#,d,.,final
562.592187526801,2281.7765681621117,3074.580514853778,3.9407362132294708,3.652932467346784,2.7553358496139984,6410.25641025641,0.0019796628895586083,443.37775,0.055,0.33536585365853655,0-0-708-6,e,51a17262-Audio_SP18.v0,group_0,1,fave,290.79637235931057,80.33548604390485,9,sociales,"",0.13999999999998636,redes,ubicar,l,s,l,s,internal
673.0243395229982,1626.9367345139815,2988.617747498817,3.2567557029975096,2.808480699871174,3.756913752711067,7307.692307692308,0.004892271502266923,445.85574999999994,0.031,0.32978723404255317,0-0-713-0,e,51a17262-Audio_SP18.v0,group_0,1,fave,218.4634563777621,81.4840519209541,9,en,"",0.07000000000005002,colocarlo,una,#,n,o,n,initial
679.3056094687653,2001.279885251609,3198.3458590666746,2.8215405710197974,2.9119105115190154,3.5788769371419886,6948.717948717948,1.506923478749389e-6,446.36375,0.027000000000000003,0.32142857142857145,0-0-716-1,e,51a17262-Audio_SP18.v0,group_0,1,fave,221.8106671279257,84.3645464600596,9,de,"",0.060000000000002274,[silence],[silence],d,#,d,.,final
591.670276634555,2455.0185208703692,3028.8969708076997,3.1219372878653733,2.6502075936849576,2.8656257949027424,6769.2307692307695,0.0018771694925324744,452.67075000000006,0.14100000000000001,0.33254716981132076,0-0-728-1,e,51a17262-Audio_SP18.v0,group_0,1,fave,184.84132193817786,76.88860655561415,9,de,"",0.39999999999997726,[silence],dónde,d,#,d,d,final
541.2116850856286,1922.6351398609781,2994.5180284531184,2.919811437326032,3.2244055250498285,3.241283577422343,6948.717948717948,0.00005291941560842804,453.22374999999994,0.027000000000000003,0.32142857142857145,0-0-729-4,e,51a17262-Audio_SP18.v0,group_0,1,fave,188.86020538234473,79.58513931051452,9,dónde,"",0.060000000000002274,de,se,d,#,d,s,final
563.6684430875977,2002.6196236585909,2887.6221498541363,3.4105569964108557,3.3725238819752374,3.2394398205482613,6589.74358974359,0.0020070579114170807,453.35775,0.035,0.33653846153846156,0-0-730-1,e,51a17262-Audio_SP18.v0,group_0,1,fave,337.7885528018525,76.80096102029103,9,se,"",0.08000000000004093,dónde,compartió,s,#,s,k,final
608.8141186681715,2261.3499655364017,2742.831430286554,3.0211420362905166,3.136880408572343,3.4971744672544274,6948.717948717948,0.0004684152205537262,454.28774999999996,0.07500000000000001,0.3348214285714286,0-0-734-3,e,51a17262-Audio_SP18.v0,group_0,1,fave,189.83528638367358,79.40364796893114,9,redes,"",0.19999999999998863,las,sociales,d,s,d,s,internal
409.0521566133873,2441.9894911574106,2873.974655473603,3.186259704614179,3.394969667381387,3.9005244248805644,6948.717948717948,0.0012638234935662832,454.97375,0.047,0.3263888888888889,0-0-735-6,e,51a17262-Audio_SP18.v0,group_0,1,fave,167.42176861612842,74.51498556782114,9,sociales,"",0.12000000000000455,redes,.,l,s,l,s,internal
598.7122538171596,2025.2124944632685,2925.1132676530256,2.624934272711415,3.8488935328707616,2.956214099365913,6948.717948717948,4.162739321341793e-6,471.29275,0.025,0.33783783783783783,0-0-751-1,e,51a17262-Audio_SP18.v0,group_0,1,fave,195.94762101397228,80.43129926682155,9,de,"",0.05000000000001137,aplicación,Reddit,d,#,d,r,final
663.0635797131854,2167.1103707652805,2890.900114740021,3.3643192780126174,3.6208967827444147,3.000819234855355,6589.74358974359,0.0005569096811288702,471.45574999999997,0.051000000000000004,0.3311688311688312,0-0-752-1,e,51a17262-Audio_SP18.v0,group_0,1,fave,200.18784165785377,77.2996760521216,9,Reddit,"",0.12999999999999545,de,",",r,d,r,d,internal
550.4096694486258,2459.584141464152,2993.433040877587,3.0007443228362343,3.555181348571452,3.0692409834146748,6051.282051282051,5.2759455347932014e-6,491.09275,0.025,0.33783783783783783,0-0-767-1,e,51a17262-Audio_SP18.v0,group_0,1,fave,259.29349527252236,79.34468100083373,9,Generalmente,"",0.05000000000001137,[silence],",",x,n,x,n,internal
516.903554976583,2423.3066764709542,3029.994348749984,3.2820678514711394,3.7963971352132266,3.565241057040796,6410.25641025641,0.002829702785166534,491.27975000000004,0.239,0.3347338935574229,0-0-767-3,e,51a17262-Audio_SP18.v0,group_0,1,fave,247.57062255641253,80.37561781846297,9,Generalmente,"",0.6899999999999977,[silence],",",n,R,n,R,internal
603.6847726091355,2107.8605933464123,2917.2458050016926,2.944781396902097,4.0716030312818186,2.616248367392324,5871.794871794871,0.0003780523876669756,497.65275,0.045,0.33582089552238803,0-0-775-3,e,51a17262-Audio_SP18.v0,group_0,1,fave,245.21424385262523,84.4598917189724,9,redes,"",0.11000000000001364,en,[silence],d,s,d,s,internal
539.4863487147613,2329.186779333834,3081.039054550136,2.484009614218655,3.772543541507614,4.277459401590559,7128.205128205128,0.0002017979026347799,498.44875,0.037000000000000005,0.324561403508772,0-0-777-6,e,51a17262-Audio_SP18.v0,group_0,1,fave,258.1137003253202,85.62052425522991,9,sociales,"",0.08999999999997499,[silence],",",l,s,l,s,internal
520.932899466877,2546.7479536455944,3006.9058736550455,2.8403749476601203,4.037896213520165,3.434792391593672,6410.25641025641,0.0016423297879220988,500.61775,0.13499999999999998,0.33415841584158407,0-0-787-1,e,51a17262-Audio_SP18.v0,group_0,1,fave,160.30151985775043,74.98816782173544,9,Responder,"",0.37999999999999545,%%,algún,r,s,r,s,internal
570.1246474668937,2022.4276269802835,2886.435737575851,3.010805045639601,3.912254567438916,3.555932129751358,6948.717948717948,0.00003466836599329032,505.68375,0.027000000000000003,0.32142857142857145,0-0-794-1,e,51a17262-Audio_SP18.v0,group_0,1,fave,196.46458722353898,80.7994344069793,9,de,"",0.060000000000002274,impresiones,pantalla,d,#,d,p,final
600.494290263626,2316.3543067776395,2837.0483992470786,3.1953738561459692,3.7447710896466653,3.873537733465608,6948.717948717948,0.00020214722723098095,507.63575,0.031,0.32978723404255317,0-0-799-1,e,51a17262-Audio_SP18.v0,group_0,1,fave,264.6103366568359,83.05240196593965,9,generalmente,"",0.06999999999999318,[silence],se,x,n,x,n,internal
697.0385429893552,1967.5551175150354,2904.7964273282105,3.1454435751658827,3.2386244688811816,4.338303676049879,6051.282051282051,0.00007670729608220832,507.74375,0.027000000000000003,0.32142857142857145,0-0-799-3,e,51a17262-Audio_SP18.v0,group_0,1,fave,269.00000600286796,83.0540099194275,9,generalmente,"",0.060000000000002274,[silence],se,n,R,n,R,internal
496.68299553046813,2190.3996027117164,2992.947315164259,3.6357432735509283,2.451443457026354,3.2101744148724123,7128.205128205128,0.00008127638173289092,508.25575,0.031,0.32978723404255317,0-0-799-11,e,51a17262-Audio_SP18.v0,group_0,1,fave,309.81719898695815,83.14007776109229,9,generalmente,"",0.06999999999999318,[silence],se,t,#,t,s,final
529.117088696249,2131.392221527225,2944.0214680206245,3.1810419796554674,3.577562860095695,3.7594721107590323,6769.2307692307695,0.00016731544673433016,508.37375,0.027000000000000003,0.32142857142857145,0-0-800-1,e,51a17262-Audio_SP18.v0,group_0,1,fave,300.20780389472475,81.48186607476387,9,se,"",0.060000000000002274,generalmente,basa,s,#,s,b,final
497.15182633572925,2332.080558099049,2879.23118624725,2.0050986967645636,2.9857375809519398,2.855863558717674,6410.25641025641,0.000054471465040507785,510.47574999999995,0.031,0.32978723404255317,0-0-806-6,e,51a17262-Audio_SP18.v0,group_0,1,fave,174.23475383108251,75.60160578312934,9,sociales,"",0.06999999999999318,redes,.,l,s,l,s,internal
450.71824107739826,2133.6502597990407,3071.6041439400537,2.6432610666067147,3.8874445015182104,3.3236853312056898,6948.717948717948,0.000017122592281656106,516.41375,0.027000000000000003,0.32142857142857145,0-0-819-3,e,51a17262-Audio_SP18.v0,group_0,1,fave,177.47995867187478,81.37916979266322,9,like,"",0.06000000000005912,un,.,k,#,k,.,final
823.105088403753,2350.993791431649,2865.413923525647,3.7443138193126457,3.7634561031940126,4.026511312112391,6769.2307692307695,0.002872881149296376,540.3387500000001,0.037,0.32456140350877194,0-0-828-0,e,51a17262-Audio_SP18.v0,group_0,1,fave,305.7943250561954,75.38066154709126,9,en,"",0.08999999999991815,Bueno,un,#,n,o,n,initial
723.9134848230442,2139.230390428328,2923.058168300441,3.738738634089948,3.4673092870543085,3.8679484594081726,6948.717948717948,0.00033550364135060393,543.00775,0.035,0.3365384615384616,0-0-835-1,e,51a17262-Audio_SP18.v0,group_0,1,fave,216.97512316225172,77.97978960753741,9,me,"",0.08000000000004093,No,convencía,m,#,m,k,final
523.5094434035674,2018.9645271444585,2858.0468857345068,3.228349075163231,2.9615514657245203,3.728158594762955,6948.717948717948,0.00001955131216855165,543.8837500000001,0.027000000000000003,0.32142857142857145,0-0-837-1,e,51a17262-Audio_SP18.v0,group_0,1,fave,200.79694996490258,79.29971056516375,9,del,"",0.05999999999994543,convencía,todo,d,l,d,l,internal
475.78028221451314,2111.25425559291,2939.521715660262,2.9713874537510367,3.588997823782927,3.1380834701493474,6051.282051282051,0.00031555280346714343,546.94075,0.041,0.3306451612903226,0-0-846-3,e,51a17262-Audio_SP18.v0,group_0,1,fave,228.26889570068494,82.70369597082414,9,piden,"",0.10000000000002274,[silence],[silence],d,n,d,n,internal
529.7436573898857,2619.5992396177944,3020.2551758158925,3.0481729883805655,3.0091271489957805,3.3797402245101416,7128.205128205128,0.0007350753657641385,552.35075,0.121,0.3324175824175823,0-0-853-1,e,51a17262-Audio_SP18.v0,group_0,1,fave,185.3406587974558,77.26072339718833,9,De,"",0.34000000000003183,[silence],seguidores,d,#,d,s,final
524.5609632888417,2048.4284150691537,2924.117711288186,3.6327751243585764,2.9228325241595745,3.152518685701897,6230.7692307692305,0.0003891078358663662,552.72775,0.035,0.33653846153846156,0-0-854-1,e,51a17262-Audio_SP18.v0,group_0,1,fave,144.14319111858404,77.724353029478,9,seguidores,"",0.07999999999992724,De,[silence],s,g,s,g,internal
586.0707036123221,2507.0078614493027,2984.0688853042248,3.5140474433402833,3.760041259638301,3.697818564099068,6589.74358974359,0.00678695466591598,553.2837499999999,0.067,0.32843137254901966,0-0-854-7,e,51a17262-Audio_SP18.v0,group_0,1,fave,309.6781577533973,78.6954413141938,9,seguidores,"",0.17999999999994998,De,[silence],R,s,R,s,internal
570.958698315091,2216.763036459388,2849.014239900815,3.460644226003184,3.3286909025413163,3.1155187237742648,6230.7692307692305,0.0012074827871687672,555.2827500000001,0.065,0.33505154639175255,0-0-859-0,e,51a17262-Audio_SP18.v0,group_0,1,fave,198.13885160830077,77.80125671178268,9,entonces,"",0.16999999999995907,[silence],tengo,#,n,.,n,initial
583.3648864364038,2234.5906636052155,2899.792864306016,3.5370033116071307,3.416252707933721,2.8878720173702175,6051.282051282051,0.0008083336076822452,557.20375,0.047,0.3263888888888889,0-0-864-6,e,51a17262-Audio_SP18.v0,group_0,1,fave,261.24359893456835,78.3053347643141,9,sociales,"",0.12000000000000455,redes,[silence],l,s,l,s,internal
639.2385206347361,2317.1498427499573,2887.886789704149,3.7070673414514514,3.75879338225682,3.9866930976457016,6589.74358974359,0.011277229136673856,559.44775,0.055,0.33536585365853655,0-0-868-3,e,51a17262-Audio_SP18.v0,group_0,1,fave,192.7308461761385,78.83741456827399,9,redes,"",0.13999999999998636,[b],[silence],d,s,d,s,internal
519.4757650401235,2099.854281407306,2776.849456691812,3.3111953898947766,3.2340499219462413,3.7441728314084224,7307.692307692308,0.00012414686726724896,565.25775,0.035,0.3365384615384616,0-0-877-12,e,51a17262-Audio_SP18.v0,group_0,1,fave,216.26246253035498,77.921448026339,9,personalmente,"",0.08000000000004093,hecho,no,t,#,t,n,final
560.5445101534331,2244.8968368667283,2731.7404127035384,2.541165818763116,3.161286317160138,3.301785757793514,6948.717948717948,0.000014890131069646655,569.15575,0.031,0.32978723404255317,0-0-889-2,e,51a17262-Audio_SP18.v0,group_0,1,fave,184.7231399715537,78.73690332367268,9,crear,"",0.07000000000005002,tocado,por,R,á,R,á,internal
615.5151770042756,1821.748470052538,2644.3119629429057,3.4309257538358198,3.284612674062852,3.4303382478872346,6410.25641025641,3.6148645431995374e-6,569.6927499999999,0.025,0.33783783783783783,0-0-891-0,e,51a17262-Audio_SP18.v0,group_0,1,fave,181.5867865608101,82.94368256679387,9,ejemplo,"",0.05000000000006821,por,en,#,x,R,x,initial
694.2026239212344,2012.6394225762228,2860.149433450366,2.939690242252435,3.128011820135001,3.764866940781743,6410.25641025641,0.013972830532370197,570.42275,0.045,0.33582089552238803,0-0-892-0,e,51a17262-Audio_SP18.v0,group_0,1,fave,248.84696615665388,72.05318789245742,9,en,"",0.11000000000001364,ejemplo,Reddit,#,n,o,n,initial
597.1641460457254,2140.510838376478,2881.9626205242976,2.7820637954351684,3.375763345018556,2.992932867265631,6948.717948717948,0.00003257676689346425,570.71275,0.045,0.3358208955223881,0-0-893-1,e,51a17262-Audio_SP18.v0,group_0,1,fave,190.10055707872093,81.34327081128457,9,Reddit,"",0.10999999999989996,en,nunca,r,d,r,d,internal
569.3011500355292,2269.2175620836206,2920.8519701726846,2.876737307645347,3.4162640025092275,3.3310618991174277,7128.205128205128,0.00018286469709511327,572.63575,0.051000000000000004,0.3311688311688311,0-0-897-1,e,51a17262-Audio_SP18.v0,group_0,1,fave,184.16942899490587,78.93507100446313,9,Reddit,"",0.12999999999999545,usado,%%,r,d,r,d,internal
463.73804567799647,2136.590314276639,2923.9918819451073,3.058464290032413,3.339680959924295,3.700836475026076,6948.717948717948,0.00007242743297389743,603.68875,0.037000000000000005,0.324561403508772,0-0-928-4,e,51a17262-Audio_SP18.v0,group_0,1,fave,212.04369848166215,80.93078860665501,9,donde,"",0.09000000000003183,%%,tienes,d,#,d,t,final
545.8393435980778,2553.5644021313365,2930.5876623393747,2.620629175263045,3.4239143004050367,3.434576174433241,7128.205128205128,0.0007489412335438389,613.49075,0.101,0.3322368421052631,0-0-945-0,e,51a17262-Audio_SP18.v0,group_0,1,fave,179.81524543367618,78.05003228796062,9,el,"",0.2799999999999727,%%,empleador,#,l,&,l,initial
528.1872098067105,2357.889717773689,2914.5128912975356,2.685550675831566,3.4449450934569903,3.341712274206147,6948.717948717948,9.342419171833428e-6,613.79575,0.031,0.32978723404255317,0-0-946-0,e,51a17262-Audio_SP18.v0,group_0,1,fave,178.86758731766912,80.06239465129613,9,empleador,"",0.07000000000005002,el,te,#,m,l,m,initial
559.1562199399353,2428.4082569872007,2961.331762544673,3.3464015605839297,3.658102254454496,3.7445413733766126,6769.2307692307695,0.0007753390102538231,614.54075,0.041,0.3306451612903226,0-0-947-1,e,51a17262-Audio_SP18.v0,group_0,1,fave,192.78858077045902,78.40682855124788,9,te,"",0.10000000000002274,empleador,envía,t,#,t,é,final
584.3661596718673,2218.297852926068,2820.8547609683137,2.6690393430315686,3.8648118518522643,2.974897824822964,6051.282051282051,0.00021299333192189467,617.04875,0.037000000000000005,0.324561403508772,0-0-950-14,e,51a17262-Audio_SP18.v0,group_0,1,fave,189.40005303174559,77.01371317734319,9,aproximadamente,"",0.09000000000003183,[silence],unos,t,#,t,ú,final
524.4272817114261,2566.2692318322925,3150.7989714878863,3.5943658214239993,3.7683647547857904,4.571079798417561,7666.666666666666,0.0010403209488527227,628.40875,0.037,0.32456140350877194,0-0-973-0,e,51a17262-Audio_SP18.v0,group_0,1,fave,208.40835238749435,80.13412131463551,9,en,"",0.09000000000003183,[silence],sí,#,n,®,n,initial
519.9569449491221,2065.7523947148643,3183.1598865199776,3.3442884864717355,3.0698274508265415,4.0808963006602115,6948.717948717948,0.0021990432039538255,631.5277500000001,0.055,0.3353658536585366,0-0-982-1,e,51a17262-Audio_SP18.v0,group_0,1,fave,191.10898827838736,80.95141531905428,9,le,"",0.13999999999998636,[silence],dan,l,#,l,d,final
477.5049058643089,1709.9180254906073,2972.9115691668585,2.426197050272716,4.383560902419937,4.073829875655159,6948.717948717948,0.0034787778583106237,659.25575,0.091,0.3321167883211679,0-0-992-0,e,51a17262-Audio_SP18.v0,group_0,1,fave,231.36397087849966,85.71676522414887,9,En,"",0.25,.,un,#,n,"",n,initial
609.3186155628277,2559.2302442431705,3142.746647956862,3.281281480749813,4.036393014450647,4.252762381725442,6589.74358974359,0.001999590845198354,663.34075,0.061000000000000006,0.3315217391304348,0-0-998-3,e,51a17262-Audio_SP18.v0,group_0,1,fave,223.77899096213787,81.60779697428106,9,voces,"",0.16000000000008185,[silence],",",z,s,z,s,internal
516.5487304516153,1512.8461946294042,2828.892260588163,2.6913912038332954,3.8626590152583993,4.341924323506803,8025.641025641025,0.02304441451824548,667.63375,0.067,0.3284313725490197,0-0-1008-1,e,51a17262-Audio_SP18.v0,group_0,1,fave,245.44579585779016,84.67212906656724,9,técnica,"",0.17999999999994998,la,y,t,k,t,k,internal
478.4801606538827,2093.0145741083797,3065.497710194434,2.930685601339389,4.444611602361085,4.270549578639993,5512.820512820513,0.012961983059941458,671.09275,0.045,0.33582089552238803,0-0-1014-4,e,51a17262-Audio_SP18.v0,group_0,1,fave,110.34266836485764,75.75187004900802,9,frases,"",0.10999999999989996,o,[b],s,s,s,s,internal
562.330713301113,2091.1228325737097,2937.132625022653,3.286167217623837,4.225034367643969,4.425775390672654,6230.7692307692305,0.000028133190563607547,674.03375,0.027000000000000003,0.32142857142857145,0-0-1018-1,e,51a17262-Audio_SP18.v0,group_0,1,fave,199.37365388939145,82.84182269864682,9,Se,"",0.06000000000005912,[silence],las,s,#,s,l,final
539.6225512423675,1801.0418739730535,2754.687074217628,3.3088282342156674,4.415111814584584,4.715956547272007,6051.282051282051,0.0058019810506507105,674.52775,0.035,0.33653846153846156,0-0-1022-0,e,51a17262-Audio_SP18.v0,group_0,1,fave,189.19070042246042,79.97296501337017,9,en,"",0.08000000000004093,[silence],[silence],#,n,&,n,initial
479.74412872016126,1700.8266351866548,3211.060747242143,2.8801066976562533,4.3334282708906935,4.49761576146637,7487.179487179487,0.02559530394708849,675.9187499999999,0.097,0.3299319727891157,0-0-1024-4,e,51a17262-Audio_SP18.v0,group_0,1,fave,267.6542528655911,83.77329218697788,9,inglés,"",0.2699999999999818,[silence],y,l,s,l,s,internal
538.3333182317508,2497.730422690379,4150.9948853968435,2.897527751528615,4.355600233447356,4.694445730608213,9641.02564102564,0.002971810417420442,679.61575,0.051000000000000004,0.3311688311688312,0-0-1032-0,e,51a17262-Audio_SP18.v0,group_0,1,fave,179.26190745345292,83.05394628477273,9,emoción,"",0.12999999999999545,la,[silence],#,m,a,m,initial
581.9162057007799,1847.700419999685,3120.9471873278576,2.764692678667536,4.358143498085392,3.68023542990144,6589.74358974359,0.0015895942277331385,695.2487500000001,0.037,0.32456140350877194,0-0-1044-0,e,51a17262-Audio_SP18.v0,group_0,1,fave,269.1651168512991,82.25202257987803,9,en,"",0.09000000000003183,es,inglés,#,n,s,n,initial
486.3921544551841,1430.7266718853152,3160.243673753554,2.400873960604143,3.3059427222154087,4.340682500228149,6769.2307692307695,0.0003002528757433237,695.69875,0.037,0.32456140350877194,0-0-1045-4,e,51a17262-Audio_SP18.v0,group_0,1,fave,248.3698841956167,85.5308171033493,9,inglés,"",0.09000000000003183,en,",",l,s,l,s,internal
485.232403721193,2646.5537659035094,4014.0714499904334,2.9502028927328117,3.9874130170221593,4.63895512293022,7846.153846153846,0.00013460210382595884,722.80375,0.027000000000000003,0.32142857142857145,0-0-1068-1,e,51a17262-Audio_SP18.v0,group_0,1,fave,100.88750240380443,82.93918034242566,9,querido,"",0.06000000000005912,[silence],participar,k,R,k,R,internal
535.1505328230689,2896.3285451982847,4166.081370447625,2.7736034694312517,3.5330619958781453,4.196809385278671,8564.102564102563,0.0008701972470600674,725.2177500000001,0.055,0.3353658536585366,0-0-1072-1,e,51a17262-Audio_SP18.v0,group_0,1,fave,179.014357474334,77.71543030601468,9,de,"",0.13999999999998636,[silence],[silence],d,#,d,.,final
549.1961367964649,1992.6218192153979,2899.4719327900816,3.4128094179603887,3.793274500670705,4.093384059115758,5871.794871794871,0.00029405978237159947,727.75575,0.031,0.32978723404255317,0-0-1079-1,e,51a17262-Audio_SP18.v0,group_0,1,fave,184.66417651104882,78.59301975880936,9,requisitos,"",0.06999999999993634,los,que,r,k,r,k,internal
499.1578009594984,2886.475840830675,4429.546422247872,3.438074207484566,3.6365724603408576,3.451308753324548,8923.076923076922,0.00039775204233845487,728.70775,0.055,0.33536585365853655,0-0-1081-1,e,51a17262-Audio_SP18.v0,group_0,1,fave,193.43426440911543,78.88211848338817,9,se,"",0.14000000000010004,que,[silence],s,#,s,.,final
405.47725655738344,2906.541742864838,3977.920780225355,3.1983294589641664,3.4571498541755576,4.884547987024227,7846.153846153846,0.00023699479627854167,729.4937500000001,0.027000000000000003,0.32142857142857145,0-0-1083-1,e,51a17262-Audio_SP18.v0,group_0,1,fave,333.0508889268485,73.35335331103452,9,requieren,"",0.05999999999994543,[silence],allí,r,k,r,k,internal
534.1626853499852,2847.1262779340254,3570.410559384557,3.3839946535374446,3.8938923349917998,4.613964338949452,7846.153846153846,0.00003886590345171191,734.15275,0.025,0.33783783783783783,0-0-1094-4,e,51a17262-Audio_SP18.v0,group_0,1,fave,206.55914850044496,81.62977544609656,9,porque,"",0.05000000000006821,o,no,k,#,k,n,final
473.7181539160936,3047.2489756645177,4379.621552049495,3.508203788337964,4.026284638464155,4.611708713683535,8564.102564102563,0.000046399897487909905,738.7037500000001,0.027000000000000003,0.32142857142857145,0-0-1105-4,e,51a17262-Audio_SP18.v0,group_0,1,fave,205.83622633257892,81.90546103896978,9,porque,"",0.05999999999994543,O,la,k,#,k,l,final
476.8582272913651,1761.8446812172945,2871.4564280578916,3.0243239337780663,3.6489347852646543,3.967226410761024,5692.3076923076915,0.00014940303043564857,741.1337500000001,0.027000000000000003,0.32142857142857145,0-0-1113-0,e,51a17262-Audio_SP18.v0,group_0,1,fave,178.40820214067128,80.32483114095537,9,el,"",0.05999999999994543,para,país,#,l,a,l,initial
614.8412129777215,1897.0166477188754,3061.8313968383613,3.2460122351407703,4.10516768747172,3.181947172909792,6051.282051282051,0.00013748618794270716,750.8387500000001,0.037000000000000005,0.324561403508772,0-0-1132-5,e,51a17262-Audio_SP18.v0,group_0,1,fave,211.7906517201418,81.00206131015156,9,cumple,"",0.08999999999991815,no,con,l,#,l,k,final
743.9057231935051,3273.772042204685,4211.092581635788,3.354987083493803,4.209139805878929,3.79732699393056,8564.102564102563,0.000021376053710420216,765.4637500000001,0.027000000000000003,0.32142857142857145,0-0-1159-1,e,51a17262-Audio_SP18.v0,group_0,1,fave,226.16069818102932,79.16534680817296,9,me,"",0.05999999999994543,[silence],convence,m,#,m,k,final
681.06652597662,2968.4583697581243,4305.302789486535,3.8101249049533448,4.179680417687343,4.327039050481502,8923.076923076922,0.0015186007059133416,766.2087500000001,0.037000000000000005,0.324561403508772,0-0-1160-7,e,51a17262-Audio_SP18.v0,group_0,1,fave,317.4994413686287,83.21339666326361,9,convence,"",0.08999999999991815,me,[silence],z,#,z,.,final
510.81162789015093,1820.5083444323727,3055.18318052464,2.7793569964300424,4.41332230527317,3.505224626009285,5692.3076923076915,0.00016343492174757508,768.28275,0.025,0.33783783783783783,0-0-1168-5,e,51a17262-Audio_SP18.v0,group_0,1,fave,98.0767487091194,81.98420207749055,9,valores,"",0.05000000000006821,mis,estarían,R,s,R,s,internal
552.0140977872503,3036.2802223538956,4237.223757791325,3.5495851487912957,3.5498398348818356,4.357182965427611,8564.102564102563,0.00004220872445916801,768.3837500000001,0.027000000000000003,0.32142857142857145,0-0-1169-0,e,51a17262-Audio_SP18.v0,group_0,1,fave,226.9051661555935,77.8160124697459,9,estarían,"",0.05999999999994543,valores,[silence],#,s,s,s,initial
483.44027781858927,2620.523343564621,4049.7927294994242,3.4092585851241006,3.969198986093366,4.452968159073923,8564.102564102563,0.0003712086705338201,771.19875,0.037000000000000005,0.324561403508772,0-0-1172-1,e,51a17262-Audio_SP18.v0,group_0,1,fave,202.6120077359398,82.556237462393,9,de,"",0.09000000000003183,encima,eso,d,#,d,s,final
450.6178706873893,2907.822132509685,4602.155830445348,3.216325980413628,3.8291380452098154,3.845045042202957,8923.076923076922,0.00027012259817141065,790.37075,0.041,0.3306451612903226,0-0-1197-1,e,51a17262-Audio_SP18.v0,group_0,1,fave,203.40189787089594,78.73234719817502,9,le,"",0.10000000000002274,[silence],des,l,#,l,d,final
515.0963168137795,1696.0448611808713,3064.811447902095,2.583910328332859,4.029152781545556,2.651121818969039,7128.205128205128,0.0012893678589994389,794.1537500000001,0.047,0.3263888888888889,0-0-1207-1,e,51a17262-Audio_SP18.v0,group_0,1,fave,142.140758300057,78.18937200502185,9,de,"",0.12000000000000455,[silence],[silence],d,#,d,.,final
574.0871036784816,2963.078003997164,4641.280807412608,3.283126704330968,4.236411233614621,4.720153582592463,9282.051282051281,0.00773215062977154,796.98275,0.185,0.3339350180505415,0-0-1211-1,e,51a17262-Audio_SP18.v0,group_0,1,fave,195.77086473864566,81.22689541846363,9,de,"",0.5299999999999727,[silence],contenido,d,#,d,k,final
452.6730918726387,2485.5376061591655,3209.9343290018364,2.6556710488587543,4.57233185305682,4.818320017475756,7846.153846153846,0.00036676444545879843,820.3437500000001,0.027000000000000003,0.32142857142857145,0-0-1224-5,e,51a17262-Audio_SP18.v0,group_0,1,fave,219.59849530695908,83.22454894097851,9,también,"",0.05999999999994543,Esas,[silence],i,n,i,n,internal
464.6261642476508,2284.846047003267,3061.2093387139175,2.975274632598479,4.650735562979447,2.8656377426783,6051.282051282051,0.0013532605021340585,836.7157500000001,0.051000000000000004,0.3311688311688312,0-0-1246-1,e,51a17262-Audio_SP18.v0,group_0,1,fave,187.7184398473128,78.22065121673921,9,de,"",0.12999999999999545,del,la,d,#,d,l,final
465.94063160062694,2405.8718424402023,3135.5993870078164,3.0247552519444056,3.9120564243856557,3.715658206906006,6051.282051282051,0.0019119332491922213,837.13075,0.041,0.3306451612903226,0-0-1248-3,e,51a17262-Audio_SP18.v0,group_0,1,fave,171.916690366722,75.22143780153482,9,billetera,"",0.10000000000002274,la,[silence],L,t,L,t,internal
579.5501736182613,2102.5391052447935,3030.2361235576427,2.9088535507629696,4.294693989418074,3.511728685862897,6051.282051282051,0.000042828287154197336,839.5237500000001,0.027000000000000003,0.32142857142857145,0-0-1255-0,e,51a17262-Audio_SP18.v0,group_0,1,fave,193.75294658252005,80.85173191589745,9,empleador,"",0.06000000000005912,al,.,#,m,l,m,initial
676.3193192848192,3062.185732555215,4920.118208463829,3.8822340271921902,4.102286046918971,4.164634616047317,9282.051282051281,0.00020016037716630083,843.03375,0.027000000000000003,0.32142857142857145,0-0-1263-1,e,51a17262-Audio_SP18.v0,group_0,1,fave,209.33432824930944,81.45912529802874,9,te,"",0.06000000000005912,Ellos,",",t,#,t,.,final
574.6062601100512,3056.5313343447892,4793.633988345918,3.407042020832,4.280562280107672,4.003879065326218,8205.128205128205,0.0002149417702892533,873.77575,0.031,0.32978723404255317,0-0-1298-1,e,51a17262-Audio_SP18.v0,group_0,1,fave,204.28724008521561,78.0921641720367,9,de,"",0.07000000000005002,oportunidad,poder,d,#,d,p,final
504.467521451002,2964.515831149881,4743.402639605934,2.7629061553262924,3.394941376352824,4.74980280725095,7487.179487179487,0.00015691832927788456,885.12575,0.031,0.32978723404255317,0-0-1326-1,e,51a17262-Audio_SP18.v0,group_0,1,fave,178.5990176642731,79.68900975047316,9,se,"",0.06999999999993634,que,realicen,s,#,s,r,final
506.86681896052386,3052.4455192245255,4590.588531645845,3.4672877485751235,3.333886067201787,4.510053513715248,8743.589743589742,0.0033802177341695754,889.5137500000001,0.047,0.3263888888888889,0-0-1337-1,e,51a17262-Audio_SP18.v0,group_0,1,fave,198.7105265776656,78.66643295804582,9,De,"",0.12000000000000455,[silence],quién,d,#,d,k,final
486.34581908934894,2819.348514468319,4340.73899357776,3.359551234956481,3.547050663375391,3.839869997284111,8025.641025641025,0.001429684670110286,890.8187499999999,0.07700000000000001,0.3290598290598291,0-0-1339-8,e,51a17262-Audio_SP18.v0,group_0,1,fave,200.80308261811803,77.87215956593434,9,realmente,"",0.21000000000003638,quién,es,t,#,t,s,final
589.3618546456712,2964.434933556147,4531.869567044325,3.4216222104111838,3.1968596023146416,4.071824820604652,8564.102564102563,0.002671660226924966,891.04075,0.041,0.3306451612903226,0-0-1341-0,e,51a17262-Audio_SP18.v0,group_0,1,fave,193.40479002866604,75.71122577757987,9,el,"",0.10000000000002274,es,empleador,#,l,s,l,initial
432.95900462787444,2978.709336909723,3890.8508700790057,3.189773788248027,3.3813927806066673,4.243945736550676,7307.692307692308,0.000059021434669884785,891.17375,0.027000000000000003,0.32142857142857145,0-0-1342-0,e,51a17262-Audio_SP18.v0,group_0,1,fave,193.205900878323,75.25140526524109,9,empleador,"",0.06000000000005912,el,.,#,m,l,m,initial
528.2088188014743,1550.2575810986355,3297.463509643126,2.734522359036822,3.1462989848986758,4.86120921104986,7307.692307692308,0.000031384005383193765,927.4427499999999,0.025,0.33783783783783783,0-0-1350-2,e,51a17262-Audio_SP18.v0,group_0,1,fave,255.72101888976937,86.24355118129223,9,Pues,"",0.05000000000006821,[silence],básicamente,u,s,u,s,internal
555.932789793325,1169.7191288867643,2894.7583002300207,2.8124311613898025,4.669807586922674,3.955709644085203,7307.692307692308,0.006752783249710518,928.31275,0.08499999999999999,0.33464566929133854,0-0-1351-10,e,51a17262-Audio_SP18.v0,group_0,1,fave,260.8498456719215,82.3717441172698,9,básicamente,"",0.2300000000000182,Pues,[silence],t,#,t,.,final
613.8878199043528,1709.6120672532604,4104.888749043149,3.3277171827496916,3.30736085893976,4.6267866267803734,8025.641025641025,0.0002274039937591897,929.0677499999999,0.035,0.33653846153846156,0-0-1354-1,e,51a17262-Audio_SP18.v0,group_0,1,fave,240.27514877359383,83.67381627630853,9,personas,"",0.08000000000004093,son,[silence],p,R,p,R,internal
681.0413605286949,1604.6436039023715,3167.7708645036287,2.9084104860867357,3.1278111014248444,4.475413494130311,6230.7692307692305,0.00021973701699015143,931.05575,0.031,0.32978723404255317,0-0-1360-1,e,51a17262-Audio_SP18.v0,group_0,1,fave,229.7244000208338,82.95776178668915,9,personas,"",0.07000000000005002,son,[silence],p,R,p,R,internal
482.7022360964633,2875.9608666043523,4727.208056483022,3.4005246731789223,3.6189131553925384,4.013664209780193,8923.076923076922,0.00028594318969173854,932.6877499999999,0.035,0.33653846153846156,0-0-1363-3,e,51a17262-Audio_SP18.v0,group_0,1,fave,99.70275431747879,80.62891862289769,9,necesitan,"",0.08000000000004093,que,[silence],z,s,z,s,internal
530.2578713770778,3060.643143955386,4648.417063417198,2.9879388730166796,3.5021650383268814,3.7768923928136755,8743.589743589742,0.0001866368479472849,934.83775,0.035,0.33653846153846156,0-0-1367-0,e,51a17262-Audio_SP18.v0,group_0,1,fave,159.52700184063784,82.91926837378116,9,en,"",0.07999999999992724,[silence],sus,#,n,.,n,initial
606.5827076025082,1870.3688532088613,2966.132262210683,3.125681590735,4.380135527696388,3.3092187835788396,6051.282051282051,0.00047990545720680305,936.62075,0.041,0.3306451612903226,0-0-1372-3,e,51a17262-Audio_SP18.v0,group_0,1,fave,219.88073586684055,82.26084731279893,9,redes,"",0.10000000000002274,[silence],sociales,d,s,d,s,internal
503.2027811442239,833.3258002684871,2139.2932186156254,2.620407088993722,3.996486774009414,4.091984588882916,4794.871794871795,0.005246971413655479,937.4077500000001,0.095,0.334507042253521,0-0-1373-6,e,51a17262-Audio_SP18.v0,group_0,1,fave,249.96683451057754,83.58524945088517,9,sociales,"",0.2599999999999909,redes,en,l,s,l,s,internal
519.44242840066,2915.014845563273,4476.001040698903,2.823910874199837,3.526141280310228,4.511720519522084,8564.102564102563,0.002434887744241866,938.1087500000001,0.037000000000000005,0.324561403508772,0-0-1376-1,e,51a17262-Audio_SP18.v0,group_0,1,fave,182.3776702394439,81.25729201686637,9,seguidores,"",0.08999999999991815,sus,.,s,g,s,g,internal
523.6323127042589,3003.8969278813515,4779.138047123669,2.590579233024048,3.0317116472310275,4.353106575983361,8743.589743589742,0.0005726338712619349,940.52075,0.041,0.3306451612903226,0-0-1383-1,e,51a17262-Audio_SP18.v0,group_0,1,fave,175.09309389866988,78.78030985973668,9,seguir,"",0.10000000000002274,para,como,s,g,s,g,internal
553.0067766566533,3107.3502155987194,4311.046633007202,2.666207273558933,3.3962174375489904,4.933246983319382,8384.615384615383,0.00003845921412049453,941.9937500000001,0.027000000000000003,0.32142857142857145,0-0-1386-0,e,51a17262-Audio_SP18.v0,group_0,1,fave,191.01299800891397,76.20214414465727,9,en,"",0.05999999999994543,[silence],Instagram,#,n,®,n,initial
529.4164850249214,2873.5612727856615,4260.852728361674,2.3512081560629796,3.6582928832273405,4.375090831445653,9282.051282051281,0.0014163240457438137,943.62575,0.07100000000000001,0.3317757009345795,0-0-1389-3,e,51a17262-Audio_SP18.v0,group_0,1,fave,195.49564754520387,81.82695260134778,9,Facebook,"",0.18999999999994088,en,[silence],s,b,s,b,internal
420.3698478196047,2907.2399256515205,4473.031845422463,3.144353495696486,3.1353256939414056,4.61643211387758,8743.589743589742,0.0014738769729536656,944.31375,0.027000000000000003,0.32142857142857145,0-0-1391-0,e,51a17262-Audio_SP18.v0,group_0,1,fave,189.8501015267738,71.70148856070294,9,en,"",0.06000000000005912,[silence],[silence],#,n,.,n,initial
445.64833434902926,3194.503871163212,4649.679871584808,3.0891773345253215,3.5706550174792397,5.0195634963205835,9102.564102564102,0.0005245343433780673,945.8637500000001,0.027000000000000003,0.32142857142857145,0-0-1396-0,e,51a17262-Audio_SP18.v0,group_0,1,fave,210.79501614941725,83.45834533996194,9,entonces,"",0.05999999999994543,y,personas,#,n,i,n,initial
531.7369191552247,2928.404401857199,4833.654607499232,3.5219662300018464,4.036528815229026,4.143801955065162,9102.564102564102,0.00270035515877069,946.1937499999999,0.067,0.3284313725490197,0-0-1396-6,e,51a17262-Audio_SP18.v0,group_0,1,fave,225.49433168192624,78.98895173501397,9,entonces,"",0.18000000000006366,y,personas,z,s,z,s,internal
736.1398681765288,2895.7110222856872,4451.788781692662,3.211802184621658,4.273029372080482,4.762574171259133,8743.589743589742,0.000037115569652779726,946.5937500000001,0.027000000000000003,0.32142857142857145,0-0-1397-1,e,51a17262-Audio_SP18.v0,group_0,1,fave,202.26815075437764,80.1516292836092,9,personas,"",0.05999999999994543,entonces,que,p,R,p,R,internal
533.719649379754,2849.78342989905,4019.6145853377716,3.326129448292627,3.4856782389634478,4.793665346957844,8205.128205128205,0.0024017940535975045,948.07775,0.055,0.33536585365853655,0-0-1399-4,e,51a17262-Audio_SP18.v0,group_0,1,fave,192.62723580878063,80.98691986555873,9,quieren,"",0.14000000000010004,que,[silence],R,n,R,n,internal
487.91090751771657,2553.6172989857882,4599.067321575903,3.7344889552222367,3.95097483547029,4.1798524297939785,9461.538461538461,0.000018990360281065065,949.2037500000001,0.027000000000000003,0.32142857142857145,0-0-1401-1,e,51a17262-Audio_SP18.v0,group_0,1,fave,208.17337899036855,81.0913219210232,9,tener,"",0.05999999999994543,[silence],una,t,n,t,n,internal
580.6520186424303,1752.6251267352288,2957.862253441876,3.0985849966433827,3.5790851961983083,4.517358235517843,6051.282051282051,0.000022281014720177492,953.54275,0.025,0.33783783783783783,0-0-1413-5,e,51a17262-Audio_SP18.v0,group_0,1,fave,199.20605076985004,80.37935699865413,9,motores,"",0.05000000000006821,los,de,R,s,R,s,internal
606.8288631444452,3016.3749497556983,4611.322138093242,3.6933874782243343,4.098033636238774,2.9235759790555838,9641.02564102564,0.0025349812564397583,956.78075,0.041,0.3306451612903226,0-0-1424-6,e,51a17262-Audio_SP18.v0,group_0,1,fave,388.09866355097154,78.5239583513464,9,sociales,"",0.10000000000002274,redes,y,l,s,l,s,internal
552.4565179460128,1787.6612257298095,2989.055023792569,3.1025695900129433,4.194490812817214,3.3792376488811335,5871.794871794871,0.001982242245873888,958.51775,0.035,0.3365384615384616,0-0-1427-10,e,51a17262-Audio_SP18.v0,group_0,1,fave,109.86513701860902,77.26270060851097,9,básicamente,"",0.08000000000004093,[silence],podrían,t,#,t,p,final
677.0031103121453,2670.6348215066414,4065.1133896029055,3.627005363262727,3.94964621567613,4.729446816062537,8564.102564102563,0.022707402039828642,962.01875,0.097,0.3299319727891157,0-0-1437-2,e,51a17262-Audio_SP18.v0,group_0,1,fave,221.88563001063213,80.60263366317407,9,pues,"",0.2699999999999818,sí,[silence],u,s,u,s,internal
532.7473887879133,1922.7840746293443,4459.81694476379,3.2296333897352993,4.121802030481983,4.3357283265713455,10000.0,0.006485722336573196,998.44075,0.101,0.3322368421052631,0-0-1466-2,e,51a17262-Audio_SP18.v0,group_0,1,fave,237.9947763493648,83.93621995437154,9,Pues,"",0.2799999999999727,[silence],[silence],u,s,u,s,internal
563.7912361636545,3127.715563089841,3791.9268387575858,2.594342411781765,3.5152274840017763,5.69536604392177,10000.0,0.015001566705913238,1000.17275,0.045,0.3358208955223881,0-0-1468-10,e,51a17262-Audio_SP18.v0,group_0,1,fave,277.3665065383562,82.69418693676602,9,básicamente,"",0.11000000000001364,[silence],[silence],t,#,t,.,final
555.6207290484593,2872.5676219886072,4152.91967458465,3.274160670552075,3.373335470763695,4.325888298157679,8384.615384615383,0.0032014840507959496,1001.7827500000001,0.08499999999999999,0.33464566929133854,0-0-1473-10,e,51a17262-Audio_SP18.v0,group_0,1,fave,175.08526891607013,80.87967484404456,9,básicamente,"",0.2300000000000182,mí,eso,t,#,t,s,final
589.9834761020978,2503.1404793032375,2962.9270469111802,3.2292204627380494,4.460337894629961,4.009470708702346,6230.7692307692305,0.014382324607228382,1007.32275,0.065,0.33505154639175255,0-0-1487-4,e,51a17262-Audio_SP18.v0,group_0,1,fave,201.93496183836808,81.34178221979461,9,Porque,"",0.17000000000007276,.,%%,k,#,k,&,final
497.8352354496241,1504.1515499806756,2760.009677108836,2.5767798556680135,3.53077433233607,4.936850131773294,6948.717948717948,0.0012791046163410174,1010.43575,0.031,0.32978723404255317,0-0-1491-6,e,51a17262-Audio_SP18.v0,group_0,1,fave,238.35087440323318,84.7252007434749,9,aumente,"",0.07000000000005002,[silence],también,t,#,t,t,final
516.3706874498969,2796.290117126843,4030.610769043648,3.4399770826561205,3.485012249059398,4.162688740875363,7846.153846153846,0.000034742246926657277,1012.19375,0.027000000000000003,0.32142857142857145,0-0-1495-4,e,51a17262-Audio_SP18.v0,group_0,1,fave,190.26679909052794,80.55379871484017,9,porque,"",0.06000000000005912,ingresos,no,k,#,k,n,final
551.6015218824385,2476.5105050175725,3347.883144317413,2.6330015576143744,3.732548642821177,4.152843779991813,6589.74358974359,0.00012377720343779422,1014.03875,0.037,0.32456140350877194,0-0-1500-0,e,51a17262-Audio_SP18.v0,group_0,1,fave,193.0462030191807,80.03538193152244,9,el,"",0.09000000000003183,[silence],hecho,#,l,.,l,initial
517.268293182385,2808.4124503314933,4804.659191237987,3.3431604605281997,3.65776689369417,3.195280689683487,8923.076923076922,0.00033235245988396756,1014.63075,0.041,0.3306451612903226,0-0-1502-1,e,51a17262-Audio_SP18.v0,group_0,1,fave,189.7720382038404,77.6205934822853,9,de,"",0.10000000000002274,hecho,[silence],d,#,d,.,final
482.7839303613919,1732.0516257517734,3370.172714063839,2.453749363463964,3.774796537142789,3.3628424670070354,7487.179487179487,0.013529636292851257,1022.1107499999999,0.101,0.3322368421052631,0-0-1526-3,e,51a17262-Audio_SP18.v0,group_0,1,fave,150.44872859891015,79.0369900581343,9,like,"",0.2800000000000864,un,al,k,#,k,a,final
499.7448812674348,1729.7759285305312,3026.6080110866665,3.2647691086137995,3.7810382490816288,3.141203384431479,7487.179487179487,4.151503242275023e-6,1023.53275,0.025,0.33783783783783783,0-0-1529-3,e,51a17262-Audio_SP18.v0,group_0,1,fave,192.8626408664051,82.09071404474113,9,comentar,"",0.05000000000006821,[silence],[silence],m,n,m,n,internal
426.9073142742972,1708.1358232675364,2967.0008747899324,3.6887221683105498,3.476323855062576,2.5241704345568725,7487.179487179487,0.00029466688512926525,1025.7937499999998,0.027000000000000003,0.32142857142857145,0-0-1533-2,e,51a17262-Audio_SP18.v0,group_0,1,fave,207.1946525924158,74.37649478797644,9,pues,"",0.05999999999994543,video,ellos,u,s,u,s,internal
465.6112998330066,3016.5669162583267,4557.948689804489,3.5371162342632347,3.940048083381207,4.576176788321929,8923.076923076922,0.00023940578523366486,1027.45375,0.027000000000000003,0.32142857142857145,0-0-1538-1,e,51a17262-Audio_SP18.v0,group_0,1,fave,221.20777885576294,81.2191732702998,9,generando,"",0.05999999999994543,[silence],ingresos,x,n,x,n,internal
501.647300399179,2606.245005340584,4809.391741514382,4.2730325362137656,3.816045131701698,4.9507367327585845,10000.0,0.009682408978571592,1027.5637499999998,0.047,0.3263888888888889,0-0-1538-3,e,51a17262-Audio_SP18.v0,group_0,1,fave,202.01445322282532,78.93402935908564,9,generando,"",0.12000000000011823,[silence],ingresos,n,R,n,R,internal
511.7688615870455,1982.7169338599035,2859.7970762000054,2.176992748924849,4.045861930962266,3.212233708625622,6589.74358974359,0.0008952474503659019,1029.23575,0.051000000000000004,0.3311688311688312,0-0-1542-4,e,51a17262-Audio_SP18.v0,group_0,1,fave,173.33542288794655,80.67815401046282,9,través,"",0.12999999999988177,a,de,b,s,b,s,internal
443.51508448468917,2412.339877822682,2917.371498940775,3.132730913513824,4.04041110849414,2.717761103316808,6051.282051282051,0.0006544278411483125,1029.44275,0.065,0.33505154639175255,0-0-1543-1,e,51a17262-Audio_SP18.v0,group_0,1,fave,185.05662113499636,78.79670644436435,9,de,"",0.16999999999984539,través,esto,d,#,d,s,final
468.7303501806265,2156.055995818595,2922.24779779967,3.107072957480726,4.066952562310562,3.9600045041647354,6769.2307692307695,0.00006550033435477642,1030.6457500000001,0.031,0.32978723404255317,0-0-1546-1,e,51a17262-Audio_SP18.v0,group_0,1,fave,193.17435218833023,83.44752773170484,9,de,"",0.06999999999993634,[silence],esas,d,#,d,s,final
506.35892774587074,2003.1793080030598,2937.082246756988,3.1230641212737504,3.6361036231047734,2.7142074939455165,6948.717948717948,0.0005573612627442986,1031.95775,0.035,0.3365384615384616,0-0-1550-1,e,51a17262-Audio_SP18.v0,group_0,1,fave,185.51108794219166,78.4873359167887,9,se,"",0.07999999999992724,que,están,s,#,s,s,final
514.5930471617057,1743.328773134116,2763.5666953735226,2.3720048456211487,3.375233056846258,2.9001355326324654,6051.282051282051,0.00002018423839907917,1033.33575,0.031,0.32978723404255317,0-0-1554-4,e,51a17262-Audio_SP18.v0,group_0,1,fave,171.72141513571404,80.17546982408132,9,través,"",0.07000000000016371,a,de,b,s,b,s,internal
440.7143238003131,1760.3673706581897,2787.775145912979,2.4735466848266805,2.82805565022117,3.0303905140045484,6948.717948717948,0.0005254246286390596,1053.44875,0.037000000000000005,0.324561403508772,0-0-1576-1,e,51a17262-Audio_SP18.v0,group_0,1,fave,186.16780259281268,80.28222271503971,9,personas,"",0.08999999999991815,Hay,que,p,R,p,R,internal
442.8385926732131,1975.8800278981248,2914.0421493266003,2.734633642852129,3.4757309787269293,3.4054426372827327,5692.3076923076915,0.00007511411919651847,1055.97575,0.031,0.32978723404255317,0-0-1580-0,e,51a17262-Audio_SP18.v0,group_0,1,fave,98.13324079026545,79.23404397312203,9,en,"",0.06999999999993634,contenidos,blogs,#,n,s,n,initial
492.06028301559354,1990.2694331303458,2967.7113657476825,3.3456431168054,3.864665004653018,3.086379966405002,5871.794871794871,0.000026586873692102687,1058.48775,0.035,0.3365384615384616,0-0-1585-4,e,51a17262-Audio_SP18.v0,group_0,1,fave,185.1164846045209,81.92226403549154,9,quieren,"",0.07999999999992724,bueno,[silence],R,n,R,n,internal
533.8658365661925,2190.3118251588025,2980.836336305198,2.5544301139739307,3.892956081217521,3.1431306238538235,6589.74358974359,0.0010883369215997718,1059.8937499999997,0.047,0.3263888888888889,0-0-1588-1,e,51a17262-Audio_SP18.v0,group_0,1,fave,186.18025597713984,77.76524878624126,9,les,"",0.12000000000011823,que,hagas,l,s,l,s,internal
413.09339740590514,2091.377800003305,2918.0324238198523,2.7756321314969252,4.112573982099206,3.5702479141765644,6410.25641025641,0.0022127390746028135,1061.65275,0.045,0.33582089552238803,0-0-1592-4,e,51a17262-Audio_SP18.v0,group_0,1,fave,143.88500712869157,71.12706390006271,9,quiere,"",0.10999999999989996,comentario,que,R,#,R,k,final
502.0303601868178,1932.6386780535317,2926.619146053775,2.185504811023471,3.2944327873189976,2.4303211955337365,6410.25641025641,0.00036465417373981714,1061.94875,0.057,0.32758620689655177,0-0-1594-1,e,51a17262-Audio_SP18.v0,group_0,1,fave,172.10895226915846,79.38562656877593,9,les,"",0.14999999999986358,que,des,l,s,l,s,internal
438.8814290441602,2589.4709905506606,3060.980748554362,1.888679338281328,3.5524602279839104,2.7907447900528988,6410.25641025641,0.00009064869954072225,1062.69575,0.051000000000000004,0.3311688311688312,0-0-1598-3,e,51a17262-Audio_SP18.v0,group_0,1,fave,219.00544155206742,77.73117267188525,9,like,"",0.12999999999988177,un,[silence],k,#,k,"",final
470.79993246235705,1952.5250616090802,2904.9857052480706,3.054812033461596,2.763188236286867,3.203749860671754,6230.7692307692305,0.0013599113635031305,1064.64875,0.037,0.32456140350877194,0-0-1601-2,e,51a17262-Audio_SP18.v0,group_0,1,fave,210.18592026052005,76.54513995746115,9,Ese,"",0.08999999999991815,[silence],tipo,s,#,s,t,final
487.5542903767014,1802.561974470323,2949.2697860459352,3.082360571324124,3.1664321741623174,2.668066490468996,6948.717948717948,6.978760042961027e-6,1065.0537499999998,0.027000000000000003,0.32142857142857145,0-0-1603-1,e,51a17262-Audio_SP18.v0,group_0,1,fave,199.97695176328978,75.99276670544863,9,de,"",0.05999999999994543,tipo,cosas,d,#,d,k,final
557.1366441467281,2384.2767710556195,3950.684020671095,3.616085463169964,4.080868425994537,4.8789090301534594,9820.51282051282,0.010510324464347812,1082.14575,0.07100000000000001,0.3317757009345794,0-0-1613-2,e,51a17262-Audio_SP18.v0,group_0,1,fave,201.64817170064768,76.6736932216295,9,pues,"",0.19000000000005457,[silence],a,u,s,u,s,internal
450.0487739351962,1993.426387814307,2907.526556735887,1.9614887111108381,2.464136789391768,2.800976280699577,8025.641025641025,8.713853144057766e-6,1083.44575,0.031,0.32978723404255317,0-0-1615-3,e,51a17262-Audio_SP18.v0,group_0,1,fave,222.30839833418338,83.7126712322853,9,este,"",0.06999999999993634,a,tiempo,t,#,t,t,final
482.08284724482843,1663.7227404927692,2931.4557988008473,3.266838503570053,3.0229587985318385,3.5913645211205782,7128.205128205128,0.0007470778641541104,1084.02575,0.031,0.32978723404255317,0-0-1617-2,e,51a17262-Audio_SP18.v0,group_0,1,fave,235.4087633679544,77.42028674026525,9,pues,"",0.06999999999993634,tiempo,uno,u,s,u,s,internal
553.3301084828018,1761.0797325598105,2852.505299677519,3.5428239585712356,3.9671117862806256,3.6379989628421865,7307.692307692308,0.00007968640847936669,1089.0937499999998,0.027000000000000003,0.32142857142857145,0-0-1633-0,e,51a17262-Audio_SP18.v0,group_0,1,fave,211.05916391488483,75.61606052252849,9,embargo,"",0.060000000000172804,sin,",",#,m,n,m,initial
650.860480088724,2019.0280003171783,2889.349837602497,3.518961824710588,3.5395351779575277,3.25700468646892,6589.74358974359,0.003898273996404831,1092.1227499999998,0.065,0.33505154639175255,0-0-1641-2,e,51a17262-Audio_SP18.v0,group_0,1,fave,264.65554910046586,79.42039165586309,9,pues,"",0.17000000000007276,[silence],[silence],u,s,u,s,internal
441.98010418755655,2012.4698330634926,2929.879608992877,2.8649719683889407,3.575465044057603,2.716303557579705,6948.717948717948,0.00006157781899545983,1094.22575,0.031,0.32978723404255317,0-0-1647-4,e,51a17262-Audio_SP18.v0,group_0,1,fave,191.2635100405883,79.22944133297267,9,porque,"",0.06999999999993634,[silence],tenemos,k,#,k,t,final
472.40735149958175,1938.00632054715,2929.6363551474706,2.950768967946214,3.726227651668843,2.7780554918610116,6948.717948717948,0.0000124364949858026,1094.3427499999998,0.025,0.33783783783783783,0-0-1648-1,e,51a17262-Audio_SP18.v0,group_0,1,fave,201.5988657894128,79.65281276996707,9,tenemos,"",0.0500000000001819,porque,también,t,n,t,n,internal
463.1568005825386,1839.84184378259,2908.6704706347423,3.288784928254078,3.9980764503464896,2.764463951416048,6948.717948717948,0.0020849300001443637,1103.82375,0.067,0.32843137254901966,0-0-1664-6,e,51a17262-Audio_SP18.v0,group_0,1,fave,218.54604588821826,75.22019057250535,9,entonces,"",0.18000000000006366,",",eso,z,s,z,s,internal
339.03618828617107,2140.6332700451635,3028.218689654095,2.861204898462578,4.040168173981427,3.0990048281367186,6948.717948717948,0.006858092017665406,1107.30875,0.057,0.32758620689655177,0-0-1674-12,e,51a17262-Audio_SP18.v0,group_0,1,fave,258.91404517711874,81.5702877350478,9,calificaciones,"",0.15000000000009095,tus,no,n,s,n,s,internal
513.0496224848922,1915.7128316600458,2981.482868446803,2.8940958660371767,3.875420904972515,2.9623363540785617,6230.7692307692305,0.08613564585294832,1108.7037500000001,0.087,0.3295454545454546,0-0-1677-0,e,51a17262-Audio_SP18.v0,group_0,1,fave,149.3886308511514,77.35868982934461,9,en,"",0.2400000000000091,",",ese,#,n,.,n,initial
397.13343534382335,2138.5566020259294,3330.089712521965,1.7539293772288327,4.658146446216576,4.64150218013269,6051.282051282051,0.0007287397886453909,1109.0337499999998,0.027000000000000003,0.32142857142857145,0-0-1678-1,e,51a17262-Audio_SP18.v0,group_0,1,fave,192.3647181997572,76.89294169658208,9,ese,"",0.05999999999994543,en,caso,s,#,s,k,final
407.79344477652546,1929.8876417075062,2835.4962110180145,2.4981154044978697,3.280131555479458,3.5884858412079237,6410.25641025641,0.0005404044724284063,1113.10775,0.035,0.33653846153846156,0-0-1694-1,e,51a17262-Audio_SP18.v0,group_0,1,fave,105.45519880434664,78.60833018422629,9,segura,"",0.08000000000015461,estoy,de,s,g,s,g,internal
448.75173786163475,1871.1585959797703,2914.8138979591135,3.1219989771304713,3.3854332018153857,2.3778042895263556,7487.179487179487,0.00008552879982168275,1113.5207500000001,0.041,0.3306451612903226,0-0-1695-1,e,51a17262-Audio_SP18.v0,group_0,1,fave,206.44014803273635,75.29078414379771,9,de,"",0.09999999999990905,segura,algo,d,#,d,á,final
507.7851109854069,2021.358262861809,2955.32473797145,2.6567687060191787,3.62663356541369,3.335680801873559,6948.717948717948,0.00016400567999094831,1130.11775,0.035,0.3365384615384616,0-0-1706-1,e,51a17262-Audio_SP18.v0,group_0,1,fave,230.0668709703446,83.31155773373833,9,dependiendo,"",0.08000000000015461,",",[silence],d,p,d,p,internal
424.543422971321,2063.4307697069826,2938.4481044474282,2.791704588974409,3.8744685995449615,2.5979678208433,6589.74358974359,0.0014503919521300635,1131.30775,0.035,0.33653846153846156,0-0-1708-1,e,51a17262-Audio_SP18.v0,group_0,1,fave,206.20886203035042,79.18212918158304,9,dependiendo,"",0.07999999999992724,[silence],%%,d,p,d,p,internal
608.7250011307864,2057.3678902609977,2922.7145435485736,3.1381973608967124,3.415419364905087,2.8431326897956217,5871.794871794871,0.002706878070113832,1132.68875,0.037000000000000005,0.324561403508772,0-0-1710-1,e,51a17262-Audio_SP18.v0,group_0,1,fave,220.86707880587005,77.94204357669963,9,de,"",0.08999999999991815,%%,[silence],d,#,d,.,final
569.8564213261643,1965.0908604164483,3092.4268194238584,3.5962045167574637,3.1245860909602277,2.780420590519114,6410.25641025641,0.00009156308374029908,1134.38575,0.031,0.32978723404255317,0-0-1718-0,e,51a17262-Audio_SP18.v0,group_0,1,fave,107.89813380846047,77.10792169883389,9,ejemplo,"",0.07000000000016371,Por,",",#,x,R,x,initial
543.6657223770428,2114.723084361148,3105.970050377647,2.6119468875165355,3.1330892713232106,2.9396347151261812,6948.717948717948,0.0005196446749507918,1135.1807500000002,0.061000000000000006,0.3315217391304348,0-0-1721-3,e,51a17262-Audio_SP18.v0,group_0,1,fave,181.2606126522254,80.61844126537004,9,veces,"",0.15999999999985448,a,[silence],z,s,z,s,internal
574.0683460804008,1953.266142999183,2931.2533464236612,3.3203165642848687,3.9410104504627714,2.9584803165791045,6410.25641025641,0.0001378343406737215,1136.46575,0.031,0.32978723404255317,0-0-1724-4,e,51a17262-Audio_SP18.v0,group_0,1,fave,223.06977474006027,81.20791221457822,9,puedes,"",0.06999999999993634,%%,cometer,d,s,d,s,internal
703.5732908108702,1677.3350984642318,2800.8352974145564,3.314195988397289,3.968408898481765,4.062477196803122,6051.282051282051,0.0002971684898979869,1136.73575,0.031,0.32978723404255317,0-0-1725-3,e,51a17262-Audio_SP18.v0,group_0,1,fave,223.27343871242255,80.32720328086582,9,cometer,"",0.06999999999993634,puedes,algún,m,t,m,t,internal
532.34392078956,1815.980662716681,2818.2919497896,3.883409630492748,3.43833887149281,3.8522380392424527,6948.717948717948,0.0031674839019149113,1137.3877499999999,0.055,0.3353658536585366,0-0-1727-0,e,51a17262-Audio_SP18.v0,group_0,1,fave,209.66791090092997,74.45424601061914,9,error,"",0.14000000000010004,algún,o,#,r,n,r,initial
489.19844504740513,1805.9278535379412,2793.5048665021664,2.5325821607917107,2.2594725021995803,3.4227938251538377,6948.717948717948,0.00005550506488472748,1138.0237499999998,0.027000000000000003,0.32142857142857145,0-0-1729-0,e,51a17262-Audio_SP18.v0,group_0,1,fave,228.9070711406745,80.08970972543365,9,equivocarte,"",0.05999999999994543,o,en,#,k,o,k,initial
469.52554976915206,2149.305620741887,3068.577204635603,3.0456101780612705,4.068916950560845,2.808974785926459,6948.717948717948,0.0002993516176389443,1138.70575,0.051000000000000004,0.3311688311688312,0-0-1729-9,e,51a17262-Audio_SP18.v0,group_0,1,fave,108.86514658732175,78.96010641242822,9,equivocarte,"",0.12999999999988177,o,en,t,#,t,e,final
503.625958807852,1973.4258813783767,2894.7559356902734,2.8878990358378536,3.6289602887754144,2.862153480057981,6948.717948717948,0.0002400659719605033,1140.96875,0.037000000000000005,0.324561403508772,0-0-1736-0,e,51a17262-Audio_SP18.v0,group_0,1,fave,198.976797828069,82.58400862127594,9,el,"",0.08999999999991815,si,empleador,#,l,í,l,initial
437.5100911713445,1993.4574476570579,2907.955970756965,3.183474182360775,3.6730454513146547,3.0617910608762644,6948.717948717948,0.00001700770082064256,1141.0937499999998,0.027000000000000003,0.32142857142857145,0-0-1737-0,e,51a17262-Audio_SP18.v0,group_0,1,fave,197.11401315600946,82.20747414764386,9,empleador,"",0.060000000000172804,el,[silence],#,m,l,m,initial
437.5867683122803,1936.7033603802674,2977.591157523933,2.761876172140119,3.4221060909939545,3.2775264740332064,6948.717948717948,0.0004609030285719316,1142.05875,0.037000000000000005,0.324561403508772,0-0-1739-1,e,51a17262-Audio_SP18.v0,group_0,1,fave,220.42185368226524,81.72077774906157,9,desea,"",0.09000000000014552,[silence],que,d,s,d,s,internal
506.596923907598,2685.785284019277,3571.278681375615,3.1816343603274273,3.989042896650881,4.440291474717695,7487.179487179487,0.015807052769075118,1144.23575,0.091,0.3321167883211679,0-0-1745-1,e,51a17262-Audio_SP18.v0,group_0,1,fave,198.46130299428654,80.73148990902243,9,te,"",0.25,pues,envía,t,#,t,é,final
419.2978052500771,1930.3311580188638,2930.214142338345,2.2576564492509625,2.9553421412991234,3.0134920099828517,6948.717948717948,8.197335936146672e-6,1148.98575,0.031,0.32978723404255317,0-0-1755-4,e,51a17262-Audio_SP18.v0,group_0,1,fave,205.46956476453295,83.01273868836627,9,donde,"",0.06999999999993634,feedback,dice,d,#,d,d,final
444.1270063811082,1973.7174137882482,2911.372777577597,2.543779457265641,4.04707409588872,2.834980587908125,6051.282051282051,0.002393284987672319,1149.35075,0.041,0.3306451612903226,0-0-1756-3,e,51a17262-Audio_SP18.v0,group_0,1,fave,214.53045517095444,80.14503349616012,9,dice,"",0.10000000000013642,donde,que,z,#,z,k,final
429.1972958647742,2405.3710681427992,2973.084825077587,3.1664597701725206,4.142533505395474,2.862333696328351,6230.7692307692305,0.0007217322125390831,1149.61775,0.07500000000000001,0.3348214285714286,0-0-1758-0,e,51a17262-Audio_SP18.v0,group_0,1,fave,187.72062405211153,80.5996263751206,9,exactamente,"",0.20000000000004547,que,[silence],#,s,é,s,initial
463.8648469279772,1991.1405908213337,2989.355470015182,2.482715368886763,4.494888533847791,3.1309122164156786,6589.74358974359,0.0014147906212703815,1150.4607500000002,0.061000000000000006,0.3315217391304348,0-0-1758-10,e,51a17262-Audio_SP18.v0,group_0,1,fave,225.22217985877893,82.14036004063726,9,exactamente,"",0.15999999999985448,que,[silence],t,#,t,®,final
416.4371197790806,1968.9786811533704,2949.613058779294,1.6810169790094094,3.6378196575277113,3.153386509653198,6410.25641025641,0.007022078434954138,1152.8327499999998,0.10500000000000001,0.3343949044585987,0-0-1764-0,e,51a17262-Audio_SP18.v0,group_0,1,fave,211.70632252202319,84.08949476915959,9,él,"",0.2899999999999636,[silence],desea,#,l,.,l,initial
442.67697614756224,2081.294892194649,3050.5357269062874,2.683356813392848,4.120132399777447,2.822371735005572,6948.717948717948,0.00027934083740596834,1153.28875,0.037000000000000005,0.324561403508772,0-0-1765-1,e,51a17262-Audio_SP18.v0,group_0,1,fave,102.4516456029929,83.04488524202026,9,desea,"",0.08999999999991815,él,que,d,s,d,s,internal
510.54187626437334,1877.2548886044276,3446.603774453251,1.6008584331721714,3.4795281581195106,4.8679922200124315,7846.153846153846,0.027772600880100185,1154.1227499999998,0.045,0.33582089552238803,0-0-1767-1,e,51a17262-Audio_SP18.v0,group_0,1,fave,346.12570061805,83.8187144142989,9,se,"",0.11000000000012733,que,haga,s,#,s,á,final
593.552196630062,2373.5092011524325,2955.1420164654323,3.5579413982313484,4.218236079163187,3.0689487330098326,6410.25641025641,0.016081110731134468,1155.7507500000002,0.08099999999999999,0.3319672131147541,0-0-1772-2,e,51a17262-Audio_SP18.v0,group_0,1,fave,196.71853578722252,79.81649077344412,9,pues,"",0.22000000000002728,uno,[silence],u,s,u,s,internal
627.0008957645822,2049.895215964417,3129.4656186135135,3.5651057798856636,3.440279542380699,2.631411212634078,6948.717948717948,0.004124455649897513,1158.41375,0.047,0.3263888888888889,0-0-1779-11,e,51a17262-Audio_SP18.v0,group_0,1,fave,356.54745088872505,79.71911542316668,9,posibilidades,"",0.11999999999989086,las,",",d,s,d,s,internal
529.1441743201772,1812.0509627142587,2745.5713429390617,3.84236871307193,2.8288351891994252,4.6423038293233265,7666.666666666666,0.0008462968642007527,1159.52775,0.035,0.3365384615384616,0-0-1784-1,e,51a17262-Audio_SP18.v0,group_0,1,fave,198.69661868971798,81.12746478981985,9,reparas,"",0.07999999999992724,lo,[silence],r,p,r,p,internal
499.21968686145493,1935.617252363629,2865.2228458251234,3.3100878795816313,3.4454176782014,2.802536809789702,6948.717948717948,0.00010994489478396517,1161.78575,0.031,0.32978723404255317,0-0-1788-1,e,51a17262-Audio_SP18.v0,group_0,1,fave,199.28425093538053,80.87657191062917,9,rechazas,"",0.06999999999993634,[silence],la,r,h,r,h,internal
556.9842980027821,1977.683383431455,2973.75301430426,3.19825247758685,2.970359109484312,3.3932739672860572,6948.717948717948,0.00003349419525248371,1173.43775,0.035,0.3365384615384616,0-0-1803-11,e,51a17262-Audio_SP18.v0,group_0,1,fave,201.90623779049534,79.89740187129291,9,oportunidades,"",0.07999999999992724,otras,no,d,s,d,s,internal
651.7069342936334,1952.4842426727184,2941.1147801665215,2.8303567595688968,3.193163314128371,2.78854205400376,6948.717948717948,0.00012962773938642714,1174.02775,0.035,0.3365384615384616,0-0-1807-1,e,51a17262-Audio_SP18.v0,group_0,1,fave,191.72395898634335,71.20330869144269,9,te,"",0.07999999999992724,y,colocan,t,#,t,k,final
490.7647094950576,2170.151139315459,2859.5373898885764,2.6840746323190063,3.8002905281349553,2.766642979940387,6230.7692307692305,0.0003967196437003924,1175.8937499999997,0.047,0.3263888888888889,0-0-1813-5,e,51a17262-Audio_SP18.v0,group_0,1,fave,105.03145084810245,80.93544078505778,9,pierdes,"",0.12000000000011823,ya,[silence],d,s,d,s,internal
656.3762142658022,1396.1075064767101,3458.2732594182417,3.204305102760097,3.6757216671051633,5.046107226488255,6948.717948717948,0.0031057200741144474,1195.3327499999998,0.045,0.3358208955223881,0-0-1829-0,e,51a17262-Audio_SP18.v0,group_0,1,fave,220.2193611698612,81.81401959402213,9,ejemplo,"",0.11000000000012733,[silence],",",#,x,.,x,initial
453.99631336488125,1773.4113514332987,2918.288784954328,2.455066259249738,3.9184690370560125,2.9887765668587494,6051.282051282051,0.00007424221097571986,1198.2637499999998,0.027000000000000003,0.32142857142857145,0-0-1833-2,e,51a17262-Audio_SP18.v0,group_0,1,fave,225.85199460691751,82.9262922686263,9,hace,"",0.05999999999994543,[silence],poco,z,#,z,p,final
721.5373325249507,1873.5023850239706,3273.8150275341063,3.4563060356541424,3.767784968531539,4.802073898513113,6410.25641025641,0.0000387324346614864,1198.6137499999998,0.027000000000000003,0.32142857142857145,0-0-1835-1,e,51a17262-Audio_SP18.v0,group_0,1,fave,239.69949273523022,77.16838744522501,9,me,"",0.060000000000172804,poco,colocaron,m,#,m,k,final
409.8219714429606,2703.2118734046485,3491.5626112598916,2.1761413457158603,3.0519519052827087,4.937269407851333,7666.666666666666,0.0006558094890848943,1201.98875,0.037,0.32456140350877194,0-0-1842-4,e,51a17262-Audio_SP18.v0,group_0,1,fave,201.16088618110172,81.12263021053963,9,porque,"",0.08999999999991815,satisfecha,era,k,#,k,é,final
482.76030348899513,1841.77352847698,2692.7811103945037,3.170528589124676,3.15215586881551,2.8496028469886325,7128.205128205128,0.0006547846705929135,1202.4507500000002,0.041,0.3306451612903226,0-0-1844-1,e,51a17262-Audio_SP18.v0,group_0,1,fave,105.15631359272253,79.09445877681488,9,recibir,"",0.09999999999990905,era,unos,r,z,r,z,internal
465.53072681523923,2107.831045124288,2949.33254492716,2.5900081057731006,4.274084638201149,3.1559077483672495,5871.794871794871,0.0007147394536757873,1208.28875,0.057,0.32758620689655177,0-0-1856-1,e,51a17262-Audio_SP18.v0,group_0,1,fave,225.60579114513746,80.05561225187449,9,de,"",0.15000000000009095,uno,ellos,d,#,d,é,final
451.51780695486286,2882.700211931866,4536.1188199988555,3.7817739817328198,3.803837018348569,4.534604740768439,9102.564102564102,0.0003152658777253264,1213.95775,0.035,0.33653846153846156,0-0-1869-4,e,51a17262-Audio_SP18.v0,group_0,1,fave,211.52766115111868,82.59058021909613,9,dónde,"",0.07999999999992724,indicar,llegaron,d,#,d,L,final
453.4101662886827,2876.051987784727,4253.733852835497,3.7595544768906266,3.698110771342182,4.412579276450322,9102.564102564102,0.00029928579328957,1214.10775,0.035,0.33653846153846156,0-0-1870-1,e,51a17262-Audio_SP18.v0,group_0,1,fave,213.622218860108,83.41714327506025,9,llegaron,"",0.08000000000015461,dónde,los,L,g,L,g,internal
458.7193719326489,2954.7180655093057,4311.031644505713,3.315367690452261,4.401482707015324,4.22226938898692,9820.51282051282,0.00006285389578142525,1218.0337499999998,0.027000000000000003,0.32142857142857145,0-0-1882-0,e,51a17262-Audio_SP18.v0,group_0,1,fave,211.84147905062392,80.2094462301897,9,entonces,"",0.05999999999994543,Y,se,#,n,i,n,initial
484.0749761392054,1921.5957705896967,2959.701585229556,2.84152446096259,2.9088434115229105,3.52469108174029,6230.7692307692305,0.000544821729428845,1218.3937499999997,0.047,0.3263888888888889,0-0-1882-6,e,51a17262-Audio_SP18.v0,group_0,1,fave,232.02791946355498,78.60506922007711,9,entonces,"",0.12000000000011823,Y,se,z,s,z,s,internal
501.49867107600767,1986.2125074624985,2910.514296120201,3.11198060661287,3.451084300659534,3.432157298079607,6589.74358974359,0.013439692275852696,1218.65075,0.08100000000000002,0.3319672131147542,0-0-1883-1,e,51a17262-Audio_SP18.v0,group_0,1,fave,233.4595869980175,79.76589912328198,9,se,"",0.22000000000002728,entonces,[silence],s,#,s,.,final
516.7875385766059,2002.0555226812694,2981.4823781390965,2.7250035194742246,2.33695214407074,3.3380625401818063,6948.717948717948,5.177498376487193e-6,1219.0537499999998,0.027000000000000003,0.32142857142857145,0-0-1885-1,e,51a17262-Audio_SP18.v0,group_0,1,fave,356.5248576588881,80.81814943850821,9,se,"",0.05999999999994543,[silence],me,s,#,s,m,final
614.9235564130505,1880.2999309156173,2917.827236873033,3.0730215716432694,3.492633968936657,3.5722843803827162,6948.717948717948,0.0001664512590087657,1219.18575,0.031,0.32978723404255317,0-0-1886-1,e,51a17262-Audio_SP18.v0,group_0,1,fave,207.31310433216657,78.0445356509745,9,me,"",0.06999999999993634,se,pasó,m,#,m,p,final
615.2133109622534,1895.2715512249645,3015.0554079198123,3.0952232825038717,2.7109067043224186,3.046134419364568,6769.2307692307695,0.00005911410229735078,1219.7837499999998,0.027000000000000003,0.32142857142857145,0-0-1888-1,e,51a17262-Audio_SP18.v0,group_0,1,fave,218.66204485788649,81.03572527067956,9,de,"",0.05999999999994543,pasó,verdad,d,#,d,b,final
411.1854487895975,2129.406948075335,2900.7805899962896,2.919115449767893,3.9194282397628686,2.8600534023646316,6051.282051282051,0.000315670582188576,1221.56875,0.037000000000000005,0.324561403508772,0-0-1893-5,e,51a17262-Audio_SP18.v0,group_0,1,fave,183.93846428170534,83.11719622485886,9,olvidé,"",0.09000000000014552,",",colocar,d,#,d,k,final
386.1243401251125,1906.7429990385467,2845.7519317793385,3.152176522726454,4.113122750385287,2.9734350743720506,6230.7692307692305,0.002087110878935345,1225.7907500000001,0.041,0.3306451612903226,0-0-1903-1,e,51a17262-Audio_SP18.v0,group_0,1,fave,169.85472296292937,78.71824975545164,9,me,"",0.09999999999990905,[silence],colocan,m,#,m,k,final
503.5702339135294,1834.1602018798676,3047.9430712436356,3.1235109338818043,3.574290003538514,3.604306132189703,7307.692307692308,0.004230315146981803,1231.9637500000001,0.087,0.3295454545454546,0-0-1920-1,e,51a17262-Audio_SP18.v0,group_0,1,fave,224.11124220286624,80.48549179188188,9,De,"",0.2400000000000091,.,tomar,d,#,d,t,final
489.7248092735994,1891.5364014998884,2769.128460550594,3.4891034560279115,2.0644966565082856,3.5693271198671708,6948.717948717948,0.00023538773030609364,1232.58775,0.035,0.3365384615384616,0-0-1922-0,e,51a17262-Audio_SP18.v0,group_0,1,fave,184.8512780866356,79.7951236576761,9,el,"",0.08000000000015461,tomar,capture,#,l,R,l,initial
407.9889744498165,1863.4070049188356,2959.8040155233566,2.488434893831473,2.9365907665666917,3.424770426936303,6948.717948717948,0.000043372034059896136,1233.36775,0.035,0.3365384615384616,0-0-1923-5,e,51a17262-Audio_SP18.v0,group_0,1,fave,183.49541670623447,82.81692564126978,9,capture,"",0.08000000000015461,el,para,R,#,R,p,final
467.4792814965792,1956.2830085262076,2945.949224280777,2.6279703909323775,3.882209913517893,3.241492050186169,6948.717948717948,0.0002844540752934597,1259.51775,0.035,0.3365384615384616,0-0-1941-1,e,51a17262-Audio_SP18.v0,group_0,1,fave,234.4483769230667,83.49428070754328,9,sé,"",0.07999999999992724,Este,manejar,s,#,s,m,final
413.1841923114856,1766.9674693574,2842.8910341554247,3.6437581766439258,4.154109471923387,3.252626752413714,6230.7692307692305,0.0014596706412357346,1259.76775,0.035,0.33653846153846156,0-0-1942-3,e,51a17262-Audio_SP18.v0,group_0,1,fave,200.1092209358808,79.25487268054314,9,manejar,"",0.07999999999992724,sé,[silence],n,x,n,x,internal
442.05614756365014,2165.8591009563565,3053.117926255441,2.6242856091747275,3.9620655445859714,2.877874871038199,6769.2307692307695,0.00039870276338753425,1262.2727499999999,0.045,0.33582089552238803,0-0-1947-0,e,51a17262-Audio_SP18.v0,group_0,1,fave,206.25445213042178,82.32690818912901,9,El,"",0.10999999999989996,[silence],hecho,#,l,.,l,initial
434.3421286568801,2115.9058166279938,2907.0676748286455,2.9393320674736,3.7570353071596885,2.758761373248549,6769.2307692307695,0.0000206744090817546,1263.65375,0.027000000000000003,0.32142857142857145,0-0-1953-0,e,51a17262-Audio_SP18.v0,group_0,1,fave,195.5255326470731,81.78368466607674,9,empleador,"",0.05999999999994543,el,pide,#,m,l,m,initial
513.0562192253202,2058.1620925921343,2950.75756923658,2.9994154624003273,3.4377950500878947,3.3608031714150215,6769.2307692307695,0.0015335244414005488,1264.3527499999998,0.065,0.33505154639175255,0-0-1954-3,e,51a17262-Audio_SP18.v0,group_0,1,fave,209.64968536674715,78.12969857634714,9,pide,"",0.17000000000007276,empleador,tal,d,#,d,t,final
404.8538852480143,2048.2069788836525,3030.130142510078,2.6810955092564877,4.2140227333630245,3.1909967691308005,5871.794871794871,0.00009068267037561679,1268.75575,0.031,0.32978723404255317,0-0-1974-1,e,51a17262-Audio_SP18.v0,group_0,1,fave,188.70296374312088,83.32749299027,9,leyendo,"",0.06999999999993634,y,[silence],l,y,l,y,internal
428.4422778575227,2126.17762996741,2891.3138162802165,2.3502476624207844,4.153424383846406,3.0490920491636375,6769.2307692307695,0.00016509153607219176,1270.48875,0.037,0.32456140350877194,0-0-1978-4,e,51a17262-Audio_SP18.v0,group_0,1,fave,208.7323615597858,83.21152372926827,9,porque,"",0.08999999999991815,instrucciones,algo,k,#,k,á,final
464.42448032844715,2012.5498215248683,2894.613397506589,2.208524850888912,2.873968532107739,3.1720868468665318,6948.717948717948,3.7499222936097203e-6,1271.1457500000001,0.031,0.32978723404255317,0-0-1980-4,e,51a17262-Audio_SP18.v0,group_0,1,fave,225.99043323812162,84.59210904895791,9,puede,"",0.06999999999993634,algo,modificar,d,#,d,m,final
471.8345335505352,1810.760226267823,2789.28516591081,2.746950830377704,2.913079596160296,2.2213965161592815,6410.25641025641,0.000020585991640994075,1271.8237499999998,0.027000000000000003,0.32142857142857145,0-0-1982-0,e,51a17262-Audio_SP18.v0,group_0,1,fave,187.97377579745486,78.94715292996045,9,el,"",0.05999999999994543,modificar,empleador,#,l,R,l,initial
408.6180046206083,1855.0727989162542,2915.5083729201046,3.298568580942947,4.029279925003019,3.430673483098311,6948.717948717948,0.0036812681334456995,1271.94375,0.047,0.3263888888888889,0-0-1983-0,e,51a17262-Audio_SP18.v0,group_0,1,fave,212.1416854962726,76.89477895920302,9,empleador,"",0.11999999999989086,el,[silence],#,m,l,m,initial
459.6168329593448,1979.6467632908466,2973.7320931776985,3.1675100671435192,3.061269404629329,3.2783429163230005,6948.717948717948,5.565316679756136e-6,1272.20375,0.027000000000000003,0.32142857142857145,0-0-1983-4,e,51a17262-Audio_SP18.v0,group_0,1,fave,178.98668184290514,75.36044472338642,9,empleador,"",0.05999999999994543,el,[silence],l,a,l,a,internal
546.4346503248609,1794.36129618651,2945.0898686000237,3.711900926333673,3.878815621521455,3.8035332041419796,5871.794871794871,0.0012370689913624381,1274.8487499999999,0.037000000000000005,0.324561403508772,0-0-1989-3,e,51a17262-Audio_SP18.v0,group_0,1,fave,183.76080048086297,80.15117806307472,9,cometer,"",0.09000000000014552,puedes,un,m,t,m,t,internal
581.2586497738076,1822.6639709310734,3217.244276127645,3.1890157757479205,2.825841592319698,4.319517200631324,6769.2307692307695,0.0001909669990737501,1275.23575,0.031,0.32978723404255317,0-0-1991-0,e,51a17262-Audio_SP18.v0,group_0,1,fave,201.72859476295437,78.38260087974136,9,error,"",0.06999999999993634,un,al,#,r,n,r,initial
526.7545387147859,2075.3844934239632,2950.467052983435,3.4906393609921222,3.938050985167923,3.091265971037193,5871.794871794871,0.0033320737525024515,1276.06775,0.095,0.334507042253521,0-0-1994-1,e,51a17262-Audio_SP18.v0,group_0,1,fave,183.53504341145015,78.52280260071294,9,leer,"",0.2599999999999909,no,.,l,é,l,é,internal
523.5774921278233,2792.3105657075675,4027.3486180347286,2.463294386138567,2.76534588359543,3.859380167001928,9282.051282051281,0.0001713031710086522,1277.92375,0.027000000000000003,0.32142857142857145,0-0-1998-1,e,51a17262-Audio_SP18.v0,group_0,1,fave,259.92258555645606,79.1403041088411,9,leer,"",0.05999999999994543,que,[silence],l,é,l,é,internal
539.1558457818135,1979.9558871215606,3167.0958528421756,2.4199030052524746,3.2693808509502906,3.5775993815855145,6769.2307692307695,0.0010599250235095703,1318.5037499999999,0.027000000000000003,0.32142857142857145,0-0-2033-1,e,51a17262-Audio_SP18.v0,group_0,1,fave,232.44423406593165,81.40196195927285,9,se,"",0.05999999999994543,uno,suscribe,s,#,s,s,final
431.47347293925304,1753.787499920984,2873.5225394633403,2.8471561028855104,2.7642935281842553,2.597252483268868,6769.2307692307695,0.00002985026489752122,1319.01775,0.035,0.3365384615384616,0-0-2034-7,e,51a17262-Audio_SP18.v0,group_0,1,fave,194.32191332429224,80.97881515664082,9,suscribe,"",0.07999999999992724,se,pues,b,#,b,p,final
515.8714486990867,2017.574433825254,2846.0588543613776,2.2878678282721108,3.7630845691453336,3.2592790860174463,6230.7692307692305,0.0005221141789596643,1319.26375,0.067,0.32843137254901966,0-0-2035-2,e,51a17262-Audio_SP18.v0,group_0,1,fave,175.2011149608821,80.55925151591092,9,pues,"",0.18000000000006366,suscribe,[silence],u,s,u,s,internal
476.2498364072928,2013.8231450311253,2993.9040218317327,2.843649201353571,3.6651483066214148,3.033544704207237,5512.820512820513,0.005403482971440494,1322.61475,0.169,0.33531746031746024,0-0-2045-0,e,51a17262-Audio_SP18.v0,group_0,1,fave,178.06316337559755,78.10234705153542,9,el,"",0.4800000000000182,[silence],cuando,#,l,.,l,initial
532.8480652796394,2795.2908750481956,4127.141777738651,4.020930127471404,3.404151636623405,4.498000133472502,9282.051282051281,0.00031185909772540914,1325.2907500000001,0.041,0.3306451612903226,0-0-2053-3,e,51a17262-Audio_SP18.v0,group_0,1,fave,183.10989996000916,79.84052439485649,9,sabes,"",0.09999999999990905,nuevo,[silence],b,s,b,s,internal
472.50903790949286,2069.92531271724,2815.428826327587,3.081158876251742,3.9341065131539588,3.172696100082511,5871.794871794871,0.0004983143171155817,1327.64875,0.037000000000000005,0.324561403508772,0-0-2059-12,e,51a17262-Audio_SP18.v0,group_0,1,fave,193.94156880349007,82.2214936334493,9,probablemente,"",0.08999999999991815,[silence],[silence],t,#,t,.,final
519.8574533098022,2738.7117690578434,3151.2403154780604,2.588713724794209,3.318127317809475,4.804304723362419,9820.51282051282,0.013063738100005965,1330.54375,0.10700000000000001,0.3302469135802469,0-0-2068-1,e,51a17262-Audio_SP18.v0,group_0,1,fave,173.29614854506465,80.65393592449824,9,De,"",0.2999999999999545,[silence],un,d,#,d,ú,final
451.0093542668656,2134.8059512561613,3028.345443676968,3.4437996086723457,4.2799562556274084,3.3181577898449928,6051.282051282051,0.0011659861906292502,1330.9007500000002,0.041,0.3306451612903226,0-0-2070-0,e,51a17262-Audio_SP18.v0,group_0,1,fave,182.8767985228331,81.03261798611072,9,empleador,"",0.09999999999990905,un,que,#,m,n,m,initial
572.4094278980846,1927.762820890021,2899.2281690071086,3.5354526305222467,3.489454252486982,2.2845089990734038,6051.282051282051,0.004837494317593869,1335.54575,0.051000000000000004,0.3311688311688312,0-0-2083-6,e,51a17262-Audio_SP18.v0,group_0,1,fave,185.9023020647716,77.3690465028377,9,entonces,"",0.13000000000010914,[silence],estás,z,s,z,s,internal
482.8125347259003,2262.4359795914556,2978.3276326563664,2.725858284026686,4.012678762012067,3.0933484348711024,7128.205128205128,0.0023734915634977833,1337.09775,0.07500000000000001,0.33482142857142855,0-0-2089-8,e,51a17262-Audio_SP18.v0,group_0,1,fave,240.03940282263707,80.75214438696473,9,pendiente,"",0.20000000000004547,[silence],[silence],t,#,t,.,final
491.7842722324725,2775.768249454704,4045.397038106519,3.287266083042752,3.8163105288059613,4.5098763695573,9282.051282051281,0.000637799433110528,1338.31775,0.035,0.3365384615384616,0-0-2091-1,e,51a17262-Audio_SP18.v0,group_0,1,fave,177.98939686369764,81.25917064455652,9,De,"",0.08000000000015461,[silence],refrescando,d,#,d,r,final
525.4471171300098,2105.110017354263,2903.2969832499593,2.3398332218611646,4.293002695584771,3.158383678906953,7128.205128205128,0.00737314631616893,1338.44575,0.07100000000000001,0.3317757009345794,0-0-2092-1,e,51a17262-Audio_SP18.v0,group_0,1,fave,177.2946617383727,72.2046852505309,9,refrescando,"",0.1899999999998272,De,frecuentemente,r,f,r,f,internal
478.88626450394503,2080.192482139792,2818.7633095954625,2.8831648689189917,4.02568162507566,3.7739054924770454,5871.794871794871,0.0003404021808636866,1339.3737499999997,0.027000000000000003,0.32142857142857145,0-0-2093-2,e,51a17262-Audio_SP18.v0,group_0,1,fave,171.66963243013214,74.20157988310348,9,frecuentemente,"",0.060000000000172804,refrescando,[],R,k,R,k,internal
518.9810534613648,2963.0913569206714,4835.964757317371,2.9427683757916414,3.7041023624017346,4.020931805642338,9820.51282051282,0.0035614766046918136,1340.05575,0.07100000000000001,0.3317757009345794,0-0-2093-13,e,51a17262-Audio_SP18.v0,group_0,1,fave,257.75627160850587,79.48993027401482,9,frecuentemente,"",0.19000000000005457,refrescando,[],t,#,t,.,final
455.1091193490043,1911.1425035695977,2808.0024368231207,2.397274230978341,3.169335816602197,2.8678336048862496,6051.282051282051,0.00004534634726785583,1342.03775,0.035,0.33653846153846156,0-0-2095-8,e,51a17262-Audio_SP18.v0,group_0,1,fave,227.911934120432,80.79086441289095,9,Microworkers,"",0.07999999999992724,[],para,k,R,k,R,internal
386.0353884830133,1974.1931941410667,2663.26054337987,2.8918948684120833,3.713731850724693,3.647128004854051,4974.358974358975,0.0006978891681479939,1379.74575,0.031,0.32978723404255317,0-0-2112-0,e,51a17262-Audio_SP18.v0,group_0,1,fave,207.37411420735114,77.97195606880456,9,en,"",0.06999999999993634,[silence],el,#,n,.,n,initial
702.2308840423599,1927.0050289683397,2973.9343861551256,3.596946177254196,3.8490640325469476,3.6671614975297375,6948.717948717948,0.0010921746393902805,1379.9207500000002,0.041,0.3306451612903226,0-0-2113-0,e,51a17262-Audio_SP18.v0,group_0,1,fave,202.48571549382658,77.69259373704338,9,el,"",0.09999999999990905,en,caso,#,l,n,l,initial
411.37600197911587,2072.4329889392952,2995.6942862879746,2.6703009574091667,3.8247759003480994,2.7480386587256023,6769.2307692307695,0.0002514661207180751,1380.62575,0.07100000000000001,0.3317757009345794,0-0-2115-1,e,51a17262-Audio_SP18.v0,group_0,1,fave,187.8649502824606,81.48221307040227,9,de,"",0.19000000000005457,caso,los,d,#,d,l,final
480.9056942184031,1981.919117568787,2974.781927110635,2.6436259877243478,2.8113354718820616,2.942421174846498,6948.717948717948,0.00025216792336408693,1381.23275,0.045,0.3358208955223881,0-0-2117-3,e,51a17262-Audio_SP18.v0,group_0,1,fave,247.5190925567962,82.43362558347633,9,fines,"",0.10999999999989996,los,[silence],n,s,n,s,internal
522.8790954595661,2361.030177153438,3081.9238575651207,2.2633896868865757,4.405767700173302,2.9066586745957954,6589.74358974359,0.0027142109678562998,1385.8877499999999,0.055,0.33536585365853655,0-0-2126-3,e,51a17262-Audio_SP18.v0,group_0,1,fave,173.58280349578476,76.77419865818052,9,antes,"",0.14000000000010004,que,[silence],t,s,t,s,internal
505.34059150197965,1975.8395966418,2723.151558998194,2.677983578322522,3.0020634179426318,2.588913808281642,6769.2307692307695,0.0008338566748511051,1397.1577499999999,0.07500000000000001,0.33482142857142855,0-0-2130-0,e,51a17262-Audio_SP18.v0,group_0,1,fave,241.57214709049936,73.82685939040469,9,Exactamente,"",0.20000000000004547,[silence],es,#,s,.,s,initial
420.36787396306244,2175.8882738748703,2883.314857060499,2.651522537257861,3.2430833323932964,3.020705344619581,6948.717948717948,0.0003156686354440139,1397.99575,0.051000000000000004,0.3311688311688312,0-0-2130-10,e,51a17262-Audio_SP18.v0,group_0,1,fave,187.49583237111923,81.44230012226419,9,Exactamente,"",0.12999999999988177,[silence],es,t,#,t,s,final
400.8574518427782,2008.9022410139928,2715.4919022272743,2.6267822907579297,2.400003315909318,2.641453971447419,6410.25641025641,0.0008192400570662485,1399.65775,0.035,0.33653846153846156,0-0-2137-1,e,51a17262-Audio_SP18.v0,group_0,1,fave,180.89662406006758,80.12251567694322,9,de,"",0.07999999999992724,cantidad,tareas,d,#,d,t,final
441.7196347647133,1562.4713272892945,2719.113591424273,2.3743072139069192,3.6318614341743247,4.11288029307219,6948.717948717948,0.0010537788086750603,1400.48775,0.035,0.3365384615384616,0-0-2140-3,e,51a17262-Audio_SP18.v0,group_0,1,fave,225.3001258862162,82.79101060465686,9,salen,"",0.07999999999992724,que,[silence],l,n,l,n,internal
508.48753713766746,1967.4040986152154,2878.530197015845,3.081526578863231,3.269737956858091,2.6374337040013422,6769.2307692307695,0.00012583298458930298,1403.3537499999998,0.027000000000000003,0.32142857142857145,0-0-2145-1,e,51a17262-Audio_SP18.v0,group_0,1,fave,194.82477812049765,79.52779073659522,9,se,"",0.060000000000172804,pues,aprovecha,s,#,s,a,final
477.7592104910906,2080.985846123096,2924.262590708229,2.7168120245217287,3.388577913617194,2.5548886204318078,6230.7692307692305,0.0026909547810937237,1406.21275,0.065,0.33505154639175255,0-0-2153-1,e,51a17262-Audio_SP18.v0,group_0,1,fave,178.9146634442342,79.93646358065686,9,de,"",0.16999999999984539,fuera,[silence],d,#,d,.,final
431.65925373258585,2083.3699719366696,3013.145887720579,3.5499216430935436,3.714470860656922,3.505089386805034,6948.717948717948,0.0006322481575796967,1428.37075,0.041,0.3306451612903226,0-0-2175-1,e,51a17262-Audio_SP18.v0,group_0,1,fave,202.3990044379577,79.8423483604279,9,temprano,"",0.10000000000013642,bien,[silence],t,m,t,m,internal
538.5771906873962,1582.254285014988,2932.020705579541,3.7917451391256187,4.446073043216109,3.3634147776864087,7487.179487179487,0.001672642832421783,1439.54775,0.035,0.33653846153846156,0-0-2205-2,e,51a17262-Audio_SP18.v0,group_0,1,fave,206.60441750955056,75.42001994260615,9,pues,"",0.07999999999992724,",",si,u,s,u,s,internal
510.5923443488968,1903.1113018081685,3002.6573635763298,3.1046567675497783,3.714540335060947,3.199188030882059,7307.692307692308,0.00036223772158000187,1440.2387500000002,0.07700000000000001,0.3290598290598291,0-0-2208-4,e,51a17262-Audio_SP18.v0,group_0,1,fave,191.0316766449449,81.67476115536878,9,puede,"",0.21000000000003638,[silence],[silence],d,#,d,.,final
493.72354654180305,2079.020012930364,3018.8299424873653,3.148187372499072,3.494212136721651,2.8639196594828427,6230.7692307692305,0.0013786951564255952,1441.0527499999998,0.10500000000000001,0.3343949044585987,0-0-2211-4,e,51a17262-Audio_SP18.v0,group_0,1,fave,184.6790557083833,76.11246102841048,9,darse,"",0.2899999999999636,uno,[b],s,#,s,®,final
532.5219144068183,1894.4237234298864,2972.933845526839,2.2460068219431792,3.706258892983062,3.0288709636052262,5692.3076923076915,0.00013141946517705147,1447.67875,0.037,0.32456140350877194,0-0-2228-7,e,51a17262-Audio_SP18.v0,group_0,1,fave,267.71700205203246,77.13234230256803,9,bastante,"",0.08999999999991815,son,fluidas,t,#,t,f,final
539.6893504426436,1769.7917244144476,2980.1420030268123,2.854903006868825,3.0542541392448466,3.807897019472171,6948.717948717948,0.0025918435986581573,1464.56775,0.055,0.3353658536585366,0-0-2237-4,e,51a17262-Audio_SP18.v0,group_0,1,fave,261.37152952648796,82.31350640419093,9,puede,"",0.14000000000010004,",",ser,d,#,d,s,final
561.7468403715549,1938.2310110107853,2932.3934893544106,2.533913662457715,3.6505325577554113,3.150390436379515,6769.2307692307695,0.00008174154823637407,1465.4837499999999,0.027000000000000003,0.32142857142857145,0-0-2240-0,e,51a17262-Audio_SP18.v0,group_0,1,fave,261.97202859735603,80.57235095346066,9,en,"",0.05999999999994543,[silence],la,#,n,.,n,initial
508.68985360642483,1922.3114649691938,2969.4824790279085,3.205995269627304,2.743510312588978,3.1181056403207266,6051.282051282051,0.00013928750631292018,1467.45775,0.035,0.33653846153846156,0-0-2245-1,e,51a17262-Audio_SP18.v0,group_0,1,fave,190.00557309433802,81.25608615276616,9,del,"",0.07999999999992724,algo,medio,d,l,d,l,internal
536.4410153959531,1770.7262898004683,2905.4981394558663,3.1897012983081305,3.314195543014875,3.7497047102857617,6948.717948717948,0.00232860624462691,1470.56375,0.067,0.32843137254901966,0-0-2254-1,e,51a17262-Audio_SP18.v0,group_0,1,fave,181.40535999929352,80.52117712387246,9,se,"",0.18000000000006366,noches,[silence],s,#,s,"",final
565.535049826996,1782.8096678650047,3024.238988843926,3.8790999366062033,3.6044131696451,3.5559551577168307,5871.794871794871,0.00013854865441773759,1485.96375,0.027000000000000003,0.32142857142857145,0-0-2287-0,e,51a17262-Audio_SP18.v0,group_0,1,fave,273.14416824404503,81.28420857200615,9,empleadores,"",0.05999999999994543,algunos,que,#,m,s,m,initial
466.96774883768296,1913.0945112863214,2831.5718997215076,2.5932783813373,3.849003647164493,2.856170749430721,6769.2307692307695,0.0000273655706748292,1487.1457500000001,0.031,0.32978723404255317,0-0-2290-2,e,51a17262-Audio_SP18.v0,group_0,1,fave,178.57746924648532,81.63537348129483,9,pues,"",0.06999999999993634,[silence],[silence],u,s,u,s,internal
473.87873685551756,2271.5311584936135,2893.2160689878524,2.819550094353051,3.818613948607097,3.0447356104110583,6410.25641025641,0.0009718368271843818,1487.8537499999998,0.047,0.3263888888888889,0-0-2292-1,e,51a17262-Audio_SP18.v0,group_0,1,fave,189.41437629583092,81.09258353802561,9,de,"",0.12000000000011823,[silence],pronto,d,#,d,p,final
598.0010928625333,2175.6638641080785,3059.6188663520647,3.5834223870265385,4.3552776403045055,4.2509348190173535,5871.794871794871,0.0033300717586483564,1489.6027499999998,0.045,0.33582089552238803,0-0-2299-0,e,51a17262-Audio_SP18.v0,group_0,1,fave,208.8078295148201,80.22306722347675,9,en,"",0.11000000000012733,que,[silence],#,n,é,n,initial
524.7273146953672,2502.0425767938937,2971.8491089534173,3.1668225358270603,4.189176815453983,3.400762096274079,6948.717948717948,0.00035412882703386185,1491.5637499999998,0.027000000000000003,0.32142857142857145,0-0-2302-1,e,51a17262-Audio_SP18.v0,group_0,1,fave,257.9928509909545,83.74697311085744,9,periodo,"",0.05999999999994543,un,o,p,R,p,R,internal
796.454385584276,2037.4662944018075,3620.892628035665,3.920619847513117,4.343926681318772,4.425513501181843,7666.666666666666,0.013506347003995526,1492.1337499999997,0.047,0.3263888888888889,0-0-2304-0,e,51a17262-Audio_SP18.v0,group_0,1,fave,62.986208632877,78.33754824068164,9,en,"",0.12000000000011823,o,[silence],#,n,o,n,initial
443.0907017317784,2142.9626111135854,3016.150427733878,3.0657214274428353,3.222858846413414,2.562568919852767,6410.25641025641,0.000013277305857587718,1495.3637499999998,0.027000000000000003,0.32142857142857145,0-0-2313-7,e,51a17262-Audio_SP18.v0,group_0,1,fave,184.5311896208344,81.25534185944149,9,siguiente,"",0.060000000000172804,al,mes,t,#,t,m,final
465.49990948355963,2256.539962742488,3040.294841387518,2.7373153546208475,4.2119311062250295,2.9876052253062464,6051.282051282051,0.008138697593619463,1500.19975,0.13899999999999998,0.33574879227053134,0-0-2330-0,e,51a17262-Audio_SP18.v0,group_0,1,fave,209.14689711535596,77.9462179245974,9,Entonces,"",0.38999999999987267,[silence],%%,#,n,®,n,initial
506.64280860260044,2416.973279812646,3055.6278521878326,2.3199773602976874,3.860789758486334,2.691931602727065,6410.25641025641,0.0025970154255408866,1502.3227499999998,0.08499999999999999,0.33464566929133854,0-0-2333-9,e,51a17262-Audio_SP18.v0,group_0,1,fave,247.7748243225391,82.97088804388125,9,actividades,"",0.2300000000000182,las,varían,d,s,d,s,internal
571.7436431999118,1759.7975396966624,2888.054071313146,3.2429270887551374,3.825107063704246,2.817137066310576,6230.7692307692305,0.001777344474667583,1507.0927499999998,0.045,0.3358208955223881,0-0-2348-0,e,51a17262-Audio_SP18.v0,group_0,1,fave,221.3009129931179,78.62781513995311,9,en,"",0.11000000000012733,otros,que,#,n,s,n,initial
395.79493071669873,2178.96179285639,3091.5800526630587,2.834377298556901,3.1713858231802603,2.140880492558938,6410.25641025641,0.000024782839920255892,1508.1037499999998,0.027000000000000003,0.32142857142857145,0-0-2351-1,e,51a17262-Audio_SP18.v0,group_0,1,fave,189.88997526653108,80.62624249479758,9,demasiados,"",0.060000000000172804,son,pasivos,d,m,d,m,internal
440.46951808446613,2035.7019029448375,3015.64156992654,2.9980555174096177,3.497021134679395,2.3538386843749457,6948.717948717948,0.000711136792289417,1511.2627499999999,0.045,0.3358208955223881,0-0-2360-1,e,51a17262-Audio_SP18.v0,group_0,1,fave,199.27970124731215,81.01431522059082,9,se,"",0.10999999999989996,no,[silence],s,#,s,.,final
430.5724200419275,2111.2270040485537,3061.8648670371804,3.159169390911649,4.358910172859704,2.743531100968738,6410.25641025641,0.00012250881062138036,1514.37575,0.031,0.32978723404255317,0-0-2367-3,e,51a17262-Audio_SP18.v0,group_0,1,fave,182.34809762052188,79.04692138508656,9,objetivos,"",0.07000000000016371,mismos,.,x,t,x,t,internal
476.09294421945174,2360.5221093927175,2859.5598024805627,2.7684465032293506,4.199128686798726,3.450500085005388,6051.282051282051,0.0044381965668980105,1526.88575,0.091,0.33211678832116787,0-0-2371-0,e,51a17262-Audio_SP18.v0,group_0,1,fave,143.47039275772084,81.56640241296638,9,En,"",0.25,[silence],[silence],#,n,.,n,initial
481.561656201623,1853.384124145928,2857.704207170544,3.500230086782754,2.9237223884937436,3.4902205989802724,6948.717948717948,0.0024389347555383934,1528.3727499999998,0.045,0.3358208955223881,0-0-2377-1,e,51a17262-Audio_SP18.v0,group_0,1,fave,150.17008725952465,79.08341903305033,9,de,"",0.11000000000012733,sala,la,d,#,d,l,final
467.5230609407449,2131.771893001719,2972.650556460071,2.98396267809414,3.462773879138564,2.7734748659861896,7307.692307692308,0.001085186728177788,1552.1987500000002,0.097,0.3299319727891156,0-0-2394-4,e,51a17262-Audio_SP18.v0,group_0,1,fave,218.61113676929867,83.42165670627884,9,través,"",0.2699999999999818,A,de,b,s,b,s,internal
479.1223272615868,1889.064266483258,3022.5105815065845,2.839850905504338,3.489318793539839,2.7716426548413913,7128.205128205128,0.0020403412729312694,1552.66275,0.165,0.33400809716599184,0-0-2395-1,e,51a17262-Audio_SP18.v0,group_0,1,fave,220.9711911046365,82.51958457672828,9,de,"",0.4700000000000273,través,[silence],d,#,d,"",final
643.4157075746925,2233.6828501334307,2973.478383799249,3.3974665448929855,3.9975348752035864,3.184498938948089,7128.205128205128,0.0006318569708686467,1560.43775,0.07500000000000001,0.33482142857142855,0-0-2408-6,e,51a17262-Audio_SP18.v0,group_0,1,fave,234.433950915071,80.9748860201961,9,permiten,"",0.1999999999998181,nos,.,t,n,t,n,internal
544.9632541323167,1812.5894920573878,3059.940613935803,3.9380691039934104,4.253902185628668,3.6820703071657594,6769.2307692307695,0.002281714092555106,1563.89875,0.037,0.32456140350877194,0-0-2413-1,e,51a17262-Audio_SP18.v0,group_0,1,fave,-1020.5225759574257,74.22776491356309,9,de,"",0.08999999999991815,Hacerlo,[b],d,#,d,®,final
523.5329543144367,2170.028476699355,2958.2098041438535,3.003908743990637,3.4783350179046026,2.4790867329332382,6051.282051282051,0.004555910956677209,1569.53375,0.10700000000000001,0.3302469135802469,0-0-2424-0,e,51a17262-Audio_SP18.v0,group_0,1,fave,194.40119336967544,77.20654867001845,9,el,"",0.2999999999999545,[silence],[silence],#,l,.,l,initial
501.1134667638844,2121.4472686784293,2963.6257340389648,3.0798093038734997,3.8926827673098585,2.9115891039589905,6051.282051282051,0.007010731538046099,1569.93775,0.07500000000000001,0.3348214285714286,0-0-2426-0,e,51a17262-Audio_SP18.v0,group_0,1,fave,190.9396083357304,75.69492543262888,9,el,"",0.1999999999998181,[silence],el,#,l,.,l,initial
542.1065444504143,2232.006545162238,3017.907485861032,3.0660101986941273,3.021017777241229,2.546121344643687,6051.282051282051,0.0010403327806909341,1570.2637499999998,0.047,0.3263888888888889,0-0-2427-0,e,51a17262-Audio_SP18.v0,group_0,1,fave,193.40230262285243,76.91840167738023,9,el,"",0.11999999999989086,el,dinero,#,l,l,l,initial
415.7913713388787,1665.2019807272834,2834.0245428839376,3.443344743006627,4.219834379298046,3.20835865882457,6230.7692307692305,0.0074944571921062445,1617.96575,0.031,0.32978723404255317,0-0-2448-0,e,51a17262-Audio_SP18.v0,group_0,1,fave,123.58485778641956,74.52643337057101,9,en,"",0.06999999999993634,Bueno,mi,#,n,o,n,initial
466.4683565951494,2484.740895982811,3328.9800806124485,3.506026183035789,3.8650299179331418,4.683116973468808,8743.589743589742,0.010087555299961595,1622.31775,0.055,0.33536585365853655,0-0-2459-2,e,51a17262-Audio_SP18.v0,group_0,1,fave,221.95442149153538,79.4820900961446,9,pues,"",0.14000000000010004,allí,la,u,s,u,s,internal
433.15020619385433,2153.3301497842895,2929.402528475429,2.8834295309040345,3.7790597602500884,2.846819801438384,6948.717948717948,0.0006786915748019511,1623.78575,0.07100000000000001,0.3317757009345795,0-0-2462-5,e,51a17262-Audio_SP18.v0,group_0,1,fave,216.03333277384553,80.53315879053389,9,ofrece,"",0.19000000000005457,plataforma,[silence],z,#,z,®,final
542.087063412917,2433.467199792782,3067.78974871434,2.979153553758771,3.825448704552696,3.161314783492103,6948.717948717948,0.005938784711498267,1624.44275,0.065,0.33505154639175255,0-0-2464-0,e,51a17262-Audio_SP18.v0,group_0,1,fave,188.92989411361765,79.59698822711994,9,el,"",0.16999999999984539,[silence],cambio,#,l,®,l,initial
431.36200609467437,1973.2191483145523,2909.5607896860356,2.717247157622635,2.845603007183835,2.630879614036754,6948.717948717948,0.00006751293407231202,1624.94375,0.047,0.3263888888888889,0-0-2466-1,e,51a17262-Audio_SP18.v0,group_0,1,fave,197.24744816337102,82.71314151452708,9,de,"",0.11999999999989086,cambio,divisas,d,#,d,d,final
548.4811924875482,2108.1344921317136,2899.226005064896,2.414600344437937,2.680141622453815,2.236265535533569,7128.205128205128,0.00010599864370159906,1627.55575,0.031,0.32978723404255317,0-0-2473-1,e,51a17262-Audio_SP18.v0,group_0,1,fave,191.0454774769301,81.26384304403824,9,del,"",0.06999999999993634,[silence],país,d,l,d,l,internal
515.394842402215,1835.8816836389067,3000.7211033508306,2.777393630243653,3.8585776819953863,3.245108421007874,6410.25641025641,0.00014662015007586656,1656.24575,0.031,0.32978723404255317,0-0-2490-0,e,51a17262-Audio_SP18.v0,group_0,1,fave,244.2683010321951,83.19573822175285,9,exacto,"",0.06999999999993634,monto,.,#,s,o,s,initial
468.9109428150838,1957.8857261644112,3048.9520609652186,2.7571962163228445,2.9812634124947004,2.7341799878108985,6410.25641025641,0.000022486005771119867,1660.28775,0.035,0.33653846153846156,0-0-2494-1,e,51a17262-Audio_SP18.v0,group_0,1,fave,220.2655154519906,83.43992743632656,9,De,"",0.07999999999992724,[silence],ochenta,d,#,d,o,final
475.98006778828864,2040.9482003223118,2971.156936209326,2.6068088438731354,3.7872180026262905,2.5687789795661025,6051.282051282051,0.0004737273076806366,1701.70075,0.101,0.3322368421052631,0-0-2516-2,e,51a17262-Audio_SP18.v0,group_0,1,fave,234.29383260491338,82.60665399674981,9,Pues,"",0.2799999999999727,[silence],[silence],u,s,u,s,internal
480.15658416393387,1727.7201422342594,3025.589933875917,2.131025319626305,3.1651234152254557,3.060968054242785,6948.717948717948,0.0004815942628662763,1702.5007500000002,0.041,0.3306451612903226,0-0-2519-1,e,51a17262-Audio_SP18.v0,group_0,1,fave,446.55332011844195,80.98571617586553,9,del,"",0.09999999999990905,no,todo,d,l,d,l,internal
452.01363057874596,1998.8247799748137,2925.546379612734,3.1279965049593836,3.517028722210131,3.2574057728739234,6230.7692307692305,0.012067833295640979,1704.85275,0.145,0.3341013824884792,0-0-2523-0,e,51a17262-Audio_SP18.v0,group_0,1,fave,154.2155267586966,76.74737825895504,9,en,"",0.41000000000008185,Pero,algo,#,n,o,n,initial
355.8895233400257,2008.584547160667,2915.913135072952,2.6255930312425964,4.168751311068734,2.8316627266275636,6410.25641025641,0.0002932318936546462,1707.74775,0.035,0.33653846153846156,0-0-2532-3,e,51a17262-Audio_SP18.v0,group_0,1,fave,183.0949622755811,80.22971034092468,9,beneficia,"",0.07999999999992724,[silence],.,n,f,n,f,internal
432.3371044063203,1852.4914430762046,2995.980765406749,3.0475291764277355,4.169601363198148,2.3079613627120676,7128.205128205128,0.00008641738723313969,1714.3037499999998,0.027000000000000003,0.32142857142857145,0-0-2539-1,e,51a17262-Audio_SP18.v0,group_0,1,fave,196.28484548046632,76.1565713191234,9,pensionados,"",0.05999999999994543,son,.,p,n,p,n,internal
432.5214191965042,2150.2003180364845,2946.701307130238,3.115863966348889,3.8316246115448793,2.9896694302024933,7128.205128205128,0.00008308326676463733,1736.99575,0.031,0.32978723404255317,0-0-2548-5,e,51a17262-Audio_SP18.v0,group_0,1,fave,202.61974954120575,80.42795709191401,9,también,"",0.06999999999993634,",",trabajo,i,n,i,n,internal
240.72562013979473,1771.6659839033193,2895.999044791672,3.455644449374083,2.673119689190426,2.3675422300435107,6410.25641025641,0.00002817049190121653,1738.1327499999998,0.025,0.33783783783783783,0-0-2550-7,e,51a17262-Audio_SP18.v0,group_0,1,fave,184.68977527060343,73.64614749209557,9,Picoworkers,"",0.0500000000001819,trabajo,.,k,R,k,R,internal
567.8946735121248,1928.068994920153,3113.725172596606,3.4278846675201557,3.3030931741355998,2.9859010683117178,7307.692307692308,0.0016524908164450775,1750.0337499999998,0.047,0.3263888888888889,0-0-2560-8,e,51a17262-Audio_SP18.v0,group_0,1,fave,298.3986726425117,78.7184947726144,9,Microworkers,"",0.12000000000011823,más,[silence],k,R,k,R,internal
476.66764625413435,2023.718268041876,2973.2876944972654,3.167743862511582,3.4617137410881114,1.9139348224844157,5871.794871794871,0.0006052451203321446,1756.6607500000002,0.061000000000000006,0.3315217391304348,0-0-2575-6,e,51a17262-Audio_SP18.v0,group_0,1,fave,185.2942482350028,80.17260021144892,9,siempre,"",0.15999999999985448,páginas,allí,R,#,R,á,final
462.8790857852144,2024.6656350604742,2923.5167647762746,2.7720477123204947,2.8295282798970693,3.5433714759954222,7307.692307692308,0.000041742331506709834,1760.13575,0.031,0.32978723404255317,0-0-2583-8,e,51a17262-Audio_SP18.v0,group_0,1,fave,187.098330078391,80.15899214627724,9,pendiente,"",0.07000000000016371,al,de,t,#,t,d,final
511.79612407336583,2055.4145110362397,2837.2729966618867,2.746525278372843,3.0444995684419713,2.997766659240612,7307.692307692308,6.774039751112519e-6,1760.24575,0.031,0.32978723404255317,0-0-2584-1,e,51a17262-Audio_SP18.v0,group_0,1,fave,187.68140153472987,79.67352721253728,9,de,"",0.06999999999993634,pendiente,ambas,d,#,d,á,final
506.0360228685072,2974.9562580054244,3538.424759566698,3.9070381693918392,3.8139510626143944,4.3516312775667645,8025.641025641025,0.004717073501652707,1764.77875,0.057,0.32758620689655177,0-0-2591-0,e,51a17262-Audio_SP18.v0,group_0,1,fave,210.89424865662977,77.02262211565285,9,en,"",0.15000000000009095,",",[silence],#,n,.,n,initial
464.2536239180956,2150.883174366774,3118.869718432064,2.820030659571627,3.706691100982591,3.150443652000715,6410.25641025641,0.00008248379475567635,1765.93775,0.035,0.33653846153846156,0-0-2593-1,e,51a17262-Audio_SP18.v0,group_0,1,fave,217.53664358365785,83.61139073356463,9,le,"",0.07999999999992724,[silence],[silence],l,#,l,.,final
485.47756186933844,1827.4128792649378,2874.6868184407576,3.824416312758605,3.321772254706088,4.867580661062189,7307.692307692308,0.0010854255416900712,1782.35775,0.035,0.3365384615384616,0-0-2614-1,e,51a17262-Audio_SP18.v0,group_0,1,fave,204.65052455566357,79.74064293666783,9,remuneración,"",0.08000000000015461,la,de,r,m,r,m,internal
565.886167272094,1851.9178028448393,3043.5779996301744,3.5338809676863923,2.8161095567954413,2.5184035870161776,7307.692307692308,0.000039175370253769894,1782.65375,0.027000000000000003,0.32142857142857145,0-0-2614-5,e,51a17262-Audio_SP18.v0,group_0,1,fave,202.79838639351385,77.81322211929725,9,remuneración,"",0.05999999999994543,la,de,n,R,n,R,internal
446.67838387460245,1873.770767585206,2908.208055212043,3.106371139083261,2.6597155386124114,2.335541322143886,6948.717948717948,1.7702531480968488e-6,1783.1227499999998,0.025,0.33783783783783783,0-0-2615-1,e,51a17262-Audio_SP18.v0,group_0,1,fave,206.80586824864446,81.24252900940216,9,de,"",0.0500000000001819,remuneración,las,d,#,d,l,final
492.65972375747054,1949.081151065873,2961.3191452132082,2.7552495653912,2.344647784070863,2.5216183631783897,6948.717948717948,0.00006220920511930182,1785.8137499999998,0.027000000000000003,0.32142857142857145,0-0-2622-7,e,51a17262-Audio_SP18.v0,group_0,1,fave,239.81602878021644,80.51507324854549,9,Picoworkers,"",0.05999999999994543,En,%%,k,R,k,R,internal
392.39266202507883,2180.3976803145097,2944.140438404248,2.13984456857953,3.864314097681907,2.567166181668701,6769.2307692307695,0.000013726799341849251,1789.49575,0.031,0.32978723404255317,0-0-2628-4,e,51a17262-Audio_SP18.v0,group_0,1,fave,195.55296008474755,82.4507134389562,9,pudieramos,"",0.06999999999993634,[silence],[silence],i,R,i,R,internal
434.9629952707133,2037.8561781461256,2898.1181865021645,3.034525140744565,3.3587132745486956,2.5129295957207467,6769.2307692307695,0.0003991202911631307,1790.01775,0.035,0.3365384615384616,0-0-2630-1,e,51a17262-Audio_SP18.v0,group_0,1,fave,185.64050300973724,78.87035828414146,9,decirlo,"",0.07999999999992724,[silence],pero,d,z,d,z,internal
485.4605835152891,2236.7641406493763,3033.4991902675747,2.7468533609325547,4.191729561337617,3.0712525704482996,6230.7692307692305,0.006191770381413711,1792.1307499999998,0.101,0.3322368421052631,0-0-2633-0,e,51a17262-Audio_SP18.v0,group_0,1,fave,164.7144380589921,80.43433674326126,9,el,"",0.2799999999999727,[silence],[silence],#,l,.,l,initial
566.7194806569564,2766.2477181194445,3196.692093481871,4.026280519619904,4.452900240974938,4.7525615981237275,8025.641025641025,0.014466975106377955,1793.8587499999999,0.037,0.32456140350877194,0-0-2639-1,e,51a17262-Audio_SP18.v0,group_0,1,fave,102.27246322196169,79.00341917673335,9,menor,"",0.09000000000014552,[silence],.,m,n,m,n,internal
488.421127281953,1933.9213310761347,3051.385109682858,3.0698775939343284,3.7555929812658166,3.469968535662555,6948.717948717948,0.00013728883812644008,1797.18575,0.031,0.32978723404255317,0-0-2646-1,e,51a17262-Audio_SP18.v0,group_0,1,fave,204.3227455781865,79.97841427042736,9,segunda,"",0.06999999999993634,la,razón,s,g,s,g,internal
462.7455560481274,3250.347387569572,4727.267385718516,3.0466208303556197,3.623703899448026,4.787842599628094,10000.0,0.01467432720069551,1798.58475,0.129,0.3359374999999999,0-0-2649-4,e,51a17262-Audio_SP18.v0,group_0,1,fave,146.34105788879535,79.44720560203639,9,porque,"",0.36000000000012733,es,[silence],k,#,k,.,final
499.2224639083419,1755.7775129324702,2862.711906003037,3.131688084648654,3.7354749184304668,3.9717466870452687,6948.717948717948,0.00006555786299900423,1800.1657500000001,0.031,0.32978723404255317,0-0-2651-7,e,51a17262-Audio_SP18.v0,group_0,1,fave,204.26402850339596,80.07172009938016,9,Picoworkers,"",0.06999999999993634,[silence],no,k,R,k,R,internal
440.91143990527905,2617.642073061879,3133.420731087569,2.9949070772688615,4.006301275399985,2.8812870372868074,6410.25641025641,0.001706831222975779,1801.2687500000002,0.07700000000000001,0.3290598290598291,0-0-2655-0,e,51a17262-Audio_SP18.v0,group_0,1,fave,203.76201024748892,80.76960136501644,9,el,"",0.21000000000003638,[silence],mismo,#,l,.,l,initial
640.5710529358788,1917.71463968331,3022.350355675731,3.2974845867745954,4.160692597078167,3.1623388910423063,7128.205128205128,0.0007085266006785428,1801.91275,0.045,0.3358208955223881,0-0-2657-1,e,51a17262-Audio_SP18.v0,group_0,1,fave,186.51971948011507,78.5454070551457,9,método,"",0.10999999999989996,mismo,de,m,t,m,t,internal
429.6110725524665,2046.188663006823,3038.7397431490863,3.199127944061224,3.86881553869255,2.78055910048087,6051.282051282051,0.00021618391691050108,1802.34575,0.031,0.32978723404255317,0-0-2658-1,e,51a17262-Audio_SP18.v0,group_0,1,fave,183.98806468143414,80.64580810430874,9,de,"",0.07000000000016371,método,pago,d,#,d,p,final
675.0393914884073,2170.334952177477,3130.567982134228,3.934609689633528,4.319994777149876,2.815755511371102,6410.25641025641,0.0017681748456636888,1803.69275,0.045,0.33582089552238803,0-0-2661-4,e,51a17262-Audio_SP18.v0,group_0,1,fave,202.05215511895383,77.39478842424492,9,tiene,"",0.10999999999989996,que,[silence],n,#,n,.,final
457.88231615507283,2141.564861451218,3707.9144554177437,2.068073953301158,3.01720615035723,4.378194629470457,6948.717948717948,0.00029815351761789007,1805.26575,0.031,0.32978723404255317,0-0-2663-8,e,51a17262-Audio_SP18.v0,group_0,1,fave,228.82465949977924,80.65358851623928,9,Microworkers,"",0.06999999999993634,[silence],",",k,R,k,R,internal
469.5520496105531,2374.926232257956,3321.174215667183,2.8090054807564933,4.001928562762821,3.2533424506461164,6410.25641025641,0.022859401628845172,1806.07775,0.035,0.33653846153846156,0-0-2666-1,e,51a17262-Audio_SP18.v0,group_0,1,fave,203.37505921660335,78.55772752548235,9,se,"",0.08000000000015461,y,me,s,#,s,m,final
531.9264167590603,2147.6435086241836,3059.160772507417,3.291513367275968,4.322929303655788,2.1746450613869954,7128.205128205128,0.00013641022964410975,1806.26775,0.035,0.33653846153846156,0-0-2667-1,e,51a17262-Audio_SP18.v0,group_0,1,fave,191.36086944777077,79.78605215928827,9,me,"",0.07999999999992724,se,dificulta,m,#,m,d,final
528.5630802072501,1555.2625093204979,2848.3865503736865,1.968417516730526,3.268407820805173,3.5854416269826084,6948.717948717948,0.000026527339948806767,1814.8337499999998,0.027000000000000003,0.32142857142857145,0-0-2675-2,e,51a17262-Audio_SP18.v0,group_0,1,fave,260.84598992136915,85.86585496442822,9,Pues,"",0.060000000000172804,[silence],básicamente,u,s,u,s,internal
500.8221463242094,1952.8827817230185,2980.2217139284157,2.6591596633317045,4.374717218869923,2.5867867540911025,7487.179487179487,0.0005659929504474632,1815.58575,0.031,0.32978723404255317,0-0-2676-10,e,51a17262-Audio_SP18.v0,group_0,1,fave,247.21898121391675,85.1818620851264,9,básicamente,"",0.07000000000016371,Pues,igual,t,#,t,i,final
533.0843675956264,1812.4352673095311,2838.093384599065,3.410134050268564,3.4100079695791554,3.4930269353469705,7128.205128205128,0.03876379128218056,1817.29275,0.125,0.3342245989304812,0-0-2682-1,e,51a17262-Audio_SP18.v0,group_0,1,fave,190.18602635907894,78.38123514179485,9,realizar,"",0.34999999999990905,que,las,r,a,r,a,internal
440.20450196566065,1935.886124299403,2882.704446684896,2.598633599027882,2.5821321003558886,3.2044101240528646,7128.205128205128,0.000029828526846726784,1818.6027499999998,0.025,0.33783783783783783,0-0-2687-0,e,51a17262-Audio_SP18.v0,group_0,1,fave,200.2124192331545,80.88720546994857,9,empleador,"",0.0500000000001819,el,te,#,m,l,m,initial
395.99118776537915,2337.2966944251443,2994.0189721656757,3.0078731825408798,3.9329192687011014,3.054288390054665,6230.7692307692305,0.003963491602217262,1819.30775,0.055,0.3353658536585366,0-0-2688-1,e,51a17262-Audio_SP18.v0,group_0,1,fave,186.22954385926303,76.95913372600921,9,te,"",0.14000000000010004,empleador,diga,t,#,t,d,final
411.56650306368425,2542.6841046261975,3219.8804919161703,2.8406889070222223,4.380134275633139,3.3274082674968346,7307.692307692308,0.0005813096843410803,1821.54775,0.035,0.3365384615384616,0-0-2692-5,e,51a17262-Audio_SP18.v0,group_0,1,fave,199.21358314615227,82.35782302603761,9,también,"",0.07999999999992724,es,igual,i,n,i,n,internal
484.19783135624124,2087.079361432759,2963.8694792056654,3.1633744642648645,3.405832848977243,2.9445724815529033,5512.820512820513,0.0001404375836199714,1822.8787499999999,0.037000000000000005,0.324561403508772,0-0-2696-3,e,51a17262-Audio_SP18.v0,group_0,1,fave,192.3239416773272,76.82746296705737,9,redes,"",0.09000000000014552,en,sociales,d,s,d,s,internal
650.6883295746128,1690.8090147207915,3054.8477132032785,3.4550599734871126,3.2104423589926596,4.000161990473825,6948.717948717948,0.0003528100150309837,1825.04775,0.035,0.3365384615384616,0-0-2703-0,e,51a17262-Audio_SP18.v0,group_0,1,fave,233.78398521519802,80.6591344632115,9,en,"",0.07999999999992724,pero,cuanto,#,n,o,n,initial
492.56625544927834,1706.6706102470744,3068.0415731574303,2.20218121883595,3.208361992607274,3.093177797946018,6948.717948717948,7.086046515407924e-6,1827.2637499999998,0.027000000000000003,0.32142857142857145,0-0-2711-2,e,51a17262-Audio_SP18.v0,group_0,1,fave,237.3034727287219,81.13562878057205,9,pues,"",0.05999999999994543,[silence],[silence],u,s,u,s,internal
703.7827421740222,2275.654663571171,2950.4632663078864,3.4352347096088036,3.850734097942551,2.751364843107043,6230.7692307692305,0.000022011406769589376,1828.9737499999999,0.027000000000000003,0.32142857142857145,0-0-2718-0,e,51a17262-Audio_SP18.v0,group_0,1,fave,206.5960996365773,77.4417147267907,9,en,"",0.05999999999994543,menos,mi,#,n,s,n,initial
533.2636319841414,1845.3006910318388,2955.76214854041,3.6055787027227795,3.526850696542771,2.4041802901389033,7666.666666666666,0.0011528216971650386,1833.5937499999998,0.027000000000000003,0.32142857142857145,0-0-2730-1,e,51a17262-Audio_SP18.v0,group_0,1,fave,207.62724907264794,76.07976960822411,9,me,"",0.060000000000172804,cuando,toca,m,#,m,t,final
494.59797713951633,2332.5541386589944,3098.42547572772,3.1895073701965866,3.9086740828038735,3.1407704960527574,7846.153846153846,0.021537205372145714,1838.21075,0.121,0.3324175824175823,0-0-2739-2,e,51a17262-Audio_SP18.v0,group_0,1,fave,215.95254822441368,82.85039768924798,9,pues,"",0.33999999999991815,[silence],[silence],u,s,u,s,internal
668.9225019868716,1979.1765040824812,3082.4301144143274,4.1117925070486985,3.992626776616922,3.417259982287989,4974.358974358975,0.0031025109860710483,1849.01875,0.037000000000000005,0.324561403508772,0-0-2749-8,e,51a17262-Audio_SP18.v0,group_0,1,fave,229.8931538494218,77.397932517221,9,comisiones,"",0.08999999999991815,Hay,cuando,n,s,n,s,internal
540.7331800045581,3028.134586414696,4644.492071482395,3.78698626966543,2.9365275157685478,4.294741389618173,9102.564102564102,0.0007623826064046898,1852.5627499999998,0.045,0.33582089552238803,0-0-2756-5,e,51a17262-Audio_SP18.v0,group_0,1,fave,182.07856029551905,80.70077073136599,9,También,"",0.11000000000012733,%%,la,i,n,i,n,internal
419.12896522272666,2143.437693080219,2924.3635235154898,2.7561925310951843,3.8991515489422963,2.868564094921172,6230.7692307692305,0.0010160819546558705,1857.0307500000001,0.041,0.3306451612903226,0-0-2768-7,e,51a17262-Audio_SP18.v0,group_0,1,fave,179.99045878567827,76.90313291216532,9,bolívares,"",0.09999999999990905,a,[silence],R,s,R,s,internal
519.5208044454894,2044.294725855981,3087.370166732609,3.9487923544420913,3.6895965694419743,3.760237137715096,6769.2307692307695,0.00011172248773898535,1898.71575,0.031,0.32978723404255317,0-0-2793-1,e,51a17262-Audio_SP18.v0,group_0,1,fave,210.51278424866015,81.23224517377324,9,desistieron,"",0.06999999999993634,",",[silence],d,s,d,s,internal
608.556372887085,2072.0085852707325,2903.3006847972943,3.1788864167498097,2.8719655772576544,4.1288411927880455,7307.692307692308,0.00011348270264121477,1902.06875,0.037000000000000005,0.324561403508772,0-0-2803-1,e,51a17262-Audio_SP18.v0,group_0,1,fave,206.48581298479732,78.56926640466531,9,de,"",0.09000000000014552,manera,trabajar,d,#,d,t,final
454.677811095607,1944.4247557486622,2846.31326676769,3.6176756476942753,3.9143070791781662,3.5270176004159617,6410.25641025641,0.0004276250710740166,1902.93575,0.031,0.32978723404255317,0-0-2805-2,e,51a17262-Audio_SP18.v0,group_0,1,fave,199.98887100638925,79.40728907190179,9,prefieren,"",0.06999999999993634,trabajar,[silence],R,f,R,f,internal
426.13192460761957,2111.309156645481,2992.67687249848,3.4020620987888877,3.9811317487213813,2.5219608586553113,7128.205128205128,0.00007854208175276044,1903.20575,0.031,0.32978723404255317,0-0-2805-7,e,51a17262-Audio_SP18.v0,group_0,1,fave,200.5458563382029,79.5159704421262,9,prefieren,"",0.06999999999993634,trabajar,[silence],R,n,R,n,internal
525.4512568113605,2006.3672655000623,3114.1159422009164,3.5070088674954194,3.284745261161444,4.027002030517994,6948.717948717948,0.00009970970138179198,1905.54575,0.031,0.32978723404255317,0-0-2810-1,e,51a17262-Audio_SP18.v0,group_0,1,fave,206.89177145427024,81.27076035687641,9,de,"",0.06999999999993634,tipo,actividad,d,#,d,a,final
477.95154889943075,2653.1564015238764,3043.9869497367063,3.6390601410989905,4.089228655302971,3.379400768666924,6410.25641025641,0.0107118164869513,1936.2977500000002,0.11499999999999999,0.3343023255813953,0-0-2829-0,e,51a17262-Audio_SP18.v0,group_0,1,fave,235.0334432471242,78.67191016216746,9,en,"",0.31999999999993634,[silence],este,#,n,.,n,initial
564.2436332395882,1862.3262254686963,3005.457054760874,2.9961928938114886,2.910542432680124,3.3837263058391622,6948.717948717948,0.00003834023497402325,1937.21775,0.035,0.3365384615384616,0-0-2832-1,e,51a17262-Audio_SP18.v0,group_0,1,fave,202.19661726518316,81.15977971431883,9,de,"",0.07999999999992724,tipo,plataformas,d,#,d,p,final
417.470784234539,1875.4671380974064,2973.0959944047427,2.865786794329567,3.7855464956215696,2.6521494004592854,7307.692307692308,0.00007199406493861827,1939.38575,0.031,0.32978723404255317,0-0-2836-3,e,51a17262-Audio_SP18.v0,group_0,1,fave,187.6905938209631,80.04203690787436,9,Debes,"",0.07000000000016371,[silence],hacer,b,s,b,s,internal
439.9301497002195,2000.6471536851748,2972.9997127022993,3.435685964374928,3.2527879971795755,2.4389933134941417,6230.7692307692305,0.00014453305911572799,1940.1457500000001,0.031,0.32978723404255317,0-0-2838-3,e,51a17262-Audio_SP18.v0,group_0,1,fave,202.5687916591065,78.87372531593512,9,debes,"",0.06999999999993634,hacer,ser,b,s,b,s,internal
423.12648137034677,1971.3874092770382,3006.243769461932,2.918050549146521,2.6450996674617664,3.0559276565152977,6051.282051282051,0.0007624752911854273,1941.37575,0.091,0.33211678832116787,0-0-2843-3,e,51a17262-Audio_SP18.v0,group_0,1,fave,185.65795148061008,78.36374451764308,9,debes,"",0.25,",",tener,b,s,b,s,internal
448.3070353914341,2131.0215491641525,3055.3323499191665,3.115042932666796,4.042127599448984,2.701138410518571,6230.7692307692305,0.000500419855362722,1941.67775,0.035,0.33653846153846156,0-0-2844-1,e,51a17262-Audio_SP18.v0,group_0,1,fave,203.10410493758877,73.76720437066533,9,tener,"",0.07999999999992724,debes,al,t,n,t,n,internal
499.7355623338054,2119.5113392991093,2981.042749966286,2.6954585894057916,3.5630606614978775,3.137110104672033,6230.7692307692305,0.013152343450448774,1943.8887499999998,0.037,0.32456140350877194,0-0-2850-1,e,51a17262-Audio_SP18.v0,group_0,1,fave,170.17832417002452,74.94202759434475,9,lectora,"",0.09000000000014552,comprensión,.,l,k,l,k,internal
490.9171953817557,1932.2375245755566,3082.0371237182067,3.517905998451591,4.3357132787444606,3.585127696194172,6410.25641025641,0.007193884592588744,1948.77775,0.07500000000000001,0.3348214285714286,0-0-2857-2,e,51a17262-Audio_SP18.v0,group_0,1,fave,209.80901373612076,79.55728969058285,9,pues,"",0.20000000000004547,[silence],[silence],u,s,u,s,internal
603.5133224437351,2397.077226347225,3501.1649149208583,3.1438383257985207,4.256282274614803,4.444209787000331,8923.076923076922,0.03113041502251295,1953.94275,0.185,0.3339350180505415,0-0-2866-0,e,51a17262-Audio_SP18.v0,group_0,1,fave,276.73579017697375,81.52074375415847,9,el,"",0.5300000000002001,Y,permanecer,#,l,i,l,initial
515.7859149057915,1646.3586962766901,2926.094151081927,2.9258579164933374,3.2379360103042694,3.6826412456005237,6948.717948717948,0.0011424087120130832,1954.4807500000002,0.041,0.3306451612903226,0-0-2867-1,e,51a17262-Audio_SP18.v0,group_0,1,fave,251.1114751410121,83.85443918543233,9,permanecer,"",0.09999999999990905,el,frente,p,R,p,R,internal
605.8067160446654,2124.7572974110035,3048.961737467368,3.7002675924721085,3.8482750698727046,3.7686393431951397,6769.2307692307695,0.009084044115353703,1954.7527499999999,0.045,0.33582089552238803,0-0-2867-6,e,51a17262-Audio_SP18.v0,group_0,1,fave,233.53222023142203,78.33577510903197,9,permanecer,"",0.10999999999989996,el,frente,n,z,n,z,internal
486.971603718648,2623.880434722817,3695.7728959403903,2.248903998338815,3.471304795309968,4.43572033906294,7307.692307692308,0.00648658793135536,1955.45275,0.045,0.33582089552238803,0-0-2868-5,e,51a17262-Audio_SP18.v0,group_0,1,fave,226.32386464104027,82.52029295292773,9,frente,"",0.10999999999989996,permanecer,a,t,#,t,a,final
468.32651590513035,2029.3938478870025,3042.4745757809296,3.401509860245733,3.4129214223555437,4.043320482218575,6948.717948717948,0.003807879893513988,1960.1387499999998,0.037000000000000005,0.324561403508772,0-0-2877-8,e,51a17262-Audio_SP18.v0,group_0,1,fave,189.02256709828046,78.65581215718618,9,agradable,"",0.09000000000014552,[silence],todo,l,#,l,t,final
461.36999646392417,1960.8644633801762,2946.9087204726743,2.932116941564183,2.61848319376428,2.925743733602201,6948.717948717948,0.00010529253071352855,1963.87075,0.041,0.3306451612903226,0-0-2888-3,e,51a17262-Audio_SP18.v0,group_0,1,fave,193.68262757057198,79.72652737015879,9,veces,"",0.10000000000013642,a,es,z,s,z,s,internal
414.8790323410314,1978.5178750304262,3135.6234623571754,3.2951524001562604,3.3168516605092146,4.1453864969369585,6948.717948717948,0.000042410441443426175,1965.6227499999998,0.025,0.33783783783783783,0-0-2892-6,e,51a17262-Audio_SP18.v0,group_0,1,fave,208.11602000677226,74.61487085084701,9,entonces,"",0.0500000000001819,[silence],hay,z,s,z,s,internal
432.54466078907893,1867.7306923913209,2872.690548258019,2.8372038756687608,3.32166388253586,3.1511913758320103,6948.717948717948,0.0005052554170782871,1966.74275,0.045,0.3358208955223881,0-0-2897-2,e,51a17262-Audio_SP18.v0,group_0,1,fave,100.48739760374728,77.33839463345234,9,prefieren,"",0.10999999999989996,que,pues,R,f,R,f,internal
507.07234945402183,1662.3268359147228,2861.9437549359127,3.427031997614418,3.9202716721447537,2.806874946098836,6948.717948717948,0.00015552670352896302,1967.39775,0.035,0.3365384615384616,0-0-2898-2,e,51a17262-Audio_SP18.v0,group_0,1,fave,210.6709953118254,74.10220393777354,9,pues,"",0.07999999999992724,prefieren,estar,u,s,u,s,internal
557.9204959112784,2152.631010907439,2995.0048133345076,3.764094349774657,4.419415643195793,4.186611506632752,4974.358974358975,0.0010123587479334113,1967.50575,0.031,0.32978723404255317,0-0-2899-0,e,51a17262-Audio_SP18.v0,group_0,1,fave,192.67039524711873,73.96393016531273,9,estar,"",0.06999999999993634,pues,un,#,s,s,s,initial
540.039546212499,2668.8992043685325,3142.6503364947407,3.393162163160263,4.168304278009287,3.514458738503696,6589.74358974359,0.002845841163810108,1970.32575,0.031,0.32978723404255317,0-0-2905-0,e,51a17262-Audio_SP18.v0,group_0,1,fave,71.63753439135792,76.63524305897432,9,en,"",0.07000000000016371,[silence],otras,#,n,.,n,initial
673.5179976342577,1696.6785488408739,2960.5172332037146,2.8049597627171368,2.891173039948135,2.8761094454980944,7307.692307692308,0.000011777709844795698,1993.71375,0.027000000000000003,0.32142857142857145,0-0-2917-0,e,51a17262-Audio_SP18.v0,group_0,1,fave,246.7281899300481,81.97277451636323,9,en,"",0.05999999999994543,participo,un,#,n,o,n,initial
445.0383917308687,2684.783665287288,3038.4048722099305,2.7268530792234036,3.8730739701118417,2.7497785183647996,6230.7692307692305,0.002019231842463594,1995.20575,0.25100000000000006,0.3328912466843502,0-0-2921-1,e,51a17262-Audio_SP18.v0,group_0,1,fave,188.09442557879365,80.1763141405111,9,de,"",0.7300000000000182,[silence],[silence],d,#,d,.,final
489.281296042073,2104.963517875955,2933.2834771605703,2.6802239505319196,3.9113124409501765,2.981200678514315,6948.717948717948,0.00031601775726100795,1996.59775,0.055,0.3353658536585366,0-0-2923-3,e,51a17262-Audio_SP18.v0,group_0,1,fave,233.52845937869725,83.27835769887017,9,Facebook,"",0.14000000000010004,[silence],.,s,b,s,b,internal
511.2020846600363,2032.0028540850085,3020.7297179441616,2.448741998422868,3.5880543996050847,2.8506454737548697,6051.282051282051,0.001288508170291342,1998.74875,0.037000000000000005,0.324561403508772,0-0-2928-1,e,51a17262-Audio_SP18.v0,group_0,1,fave,158.362781619945,75.91917725435384,9,se,"",0.08999999999991815,Que,creó,s,#,s,k,final
527.9861529789756,1808.8181281391994,2807.5479999464737,2.3991940920190387,3.1605910182630064,3.562349596933214,6230.7692307692305,0.0001927936581174934,1999.15775,0.035,0.33653846153846156,0-0-2930-0,e,51a17262-Audio_SP18.v0,group_0,1,fave,177.863546424573,80.7588857053787,9,en,"",0.07999999999992724,creó,mi,#,n,o,n,initial
451.9864346598143,2006.9725519778856,2959.3549619747946,2.497326827467815,3.9027459768270423,2.633651940176687,6948.717948717948,0.0001696375951786415,2005.33775,0.035,0.3365384615384616,0-0-2944-1,e,51a17262-Audio_SP18.v0,group_0,1,fave,188.19627237730694,78.77554887339726,9,ese,"",0.08000000000015461,en,grupo,s,#,s,g,final
432.0521491975413,2343.8166131611656,3179.24785590013,2.799498144900594,4.5252840352350505,3.2775832172207564,6769.2307692307695,0.0031737235464311185,2010.6427499999998,0.065,0.33505154639175255,0-0-2957-1,e,51a17262-Audio_SP18.v0,group_0,1,fave,101.33543762022953,75.94374283064124,9,de,"",0.17000000000007276,posibilidad,comentar,d,#,d,k,final
454.2162578508132,1898.346124678059,2854.7209112423543,3.544305676282979,3.09281553587637,3.3863222473426973,6769.2307692307695,0.0017562536413498922,2017.28775,0.035,0.3365384615384616,0-0-2975-1,e,51a17262-Audio_SP18.v0,group_0,1,fave,208.68764382500498,75.58221684684388,9,respecto,"",0.07999999999992724,[silence],[silence],r,s,r,s,internal
510.9393208340816,2178.998275389477,3045.7671590825335,3.020988050647014,3.625359388101195,2.951034535553147,6051.282051282051,0.003577413835843592,2019.7787500000002,0.07700000000000001,0.3290598290598291,0-0-2980-2,e,51a17262-Audio_SP18.v0,group_0,1,fave,187.42656780905975,74.96280950549493,9,pues,"",0.21000000000003638,trabajo,[silence],u,s,u,s,internal
540.9837974697347,3006.3906623908315,4692.565787027556,4.048332016367107,3.6727620924814026,4.78314113022498,9641.02564102564,0.009258950971750649,2023.54775,0.055,0.33536585365853655,0-0-2985-5,e,51a17262-Audio_SP18.v0,group_0,1,fave,222.85927433328033,79.98660878477091,9,También,"",0.14000000000010004,[silence],estuve,i,n,i,n,internal
564.7596442144155,2174.6906386237233,2941.97682985808,2.9606120083622582,4.1759354770877435,2.553947285698102,6230.7692307692305,0.0017477840383815278,2024.22775,0.07500000000000001,0.3348214285714286,0-0-2986-4,e,51a17262-Audio_SP18.v0,group_0,1,fave,251.28433602129408,77.86006250778729,9,estuve,"",0.20000000000004547,También,[silence],b,#,b,.,final
518.5040530747697,2838.3743146611746,2953.3751497094686,3.0000534971054518,3.87682837114045,3.8447256580025777,6769.2307692307695,0.0009471777519711661,2024.48775,0.035,0.3365384615384616,0-0-2988-0,e,51a17262-Audio_SP18.v0,group_0,1,fave,104.1504701038391,79.46250487513183,9,en,"",0.07999999999992724,[silence],un,#,n,.,n,initial
485.54263860523866,1795.564181924176,2905.740349880078,2.7404558091764386,3.6896932349722404,3.377318040627455,6769.2307692307695,0.000013998555767420289,2025.23575,0.031,0.32978723404255317,0-0-2991-1,e,51a17262-Audio_SP18.v0,group_0,1,fave,189.80972785336655,78.20702933169643,9,de,"",0.06999999999993634,grupo,Telegram,d,#,d,t,final
477.44284298209004,1916.7116405106508,2963.2809375291454,2.2164577107801,3.6274640235309943,2.3769775349195132,6948.717948717948,0.0004251088519742292,2025.41775,0.055,0.3353658536585366,0-0-2992-1,e,51a17262-Audio_SP18.v0,group_0,1,fave,226.86085088677157,81.34097027080287,9,Telegram,"",0.13999999999987267,de,[silence],t,l,t,l,internal
481.50560233084025,2006.7629139499572,2926.678918598595,1.761349681317506,3.777628334067841,2.8623990258177288,6948.717948717948,0.00039105187943531977,2025.5937499999998,0.047,0.3263888888888889,0-0-2992-3,e,51a17262-Audio_SP18.v0,group_0,1,fave,240.63095035404675,83.20835735452597,9,Telegram,"",0.12000000000011823,de,[silence],l,g,l,g,internal
471.73142677950176,2211.1784851931643,2943.6681050827597,3.1016498806682185,3.048593113179508,2.868056961058936,6230.7692307692305,0.0002931749505904597,2031.67275,0.08499999999999999,0.33464566929133854,0-0-3001-1,e,51a17262-Audio_SP18.v0,group_0,1,fave,186.34213473541158,80.6017377440861,9,de,"",0.22999999999979082,salí,ese,d,#,d,s,final
524.5332851179019,2024.6793133706035,2868.0926978158755,2.864854589877194,2.6999921712563784,3.5650743003865895,6948.717948717948,0.00011342332960918393,2031.96375,0.047,0.3263888888888889,0-0-3002-1,e,51a17262-Audio_SP18.v0,group_0,1,fave,188.891932264909,79.90620951702148,9,ese,"",0.11999999999989086,de,grupo,s,#,s,g,final
528.4817834943242,2002.0852920258085,2961.635450648183,1.8648476175681543,3.7719837089468014,2.91321296962523,5871.794871794871,0.0003157930306068644,2041.9907500000002,0.041,0.3306451612903226,0-0-3015-5,e,51a17262-Audio_SP18.v0,group_0,1,fave,265.9265558227927,77.68604442872545,9,sucede,"",0.09999999999990905,que,es,d,#,d,é,final
527.9020366556796,1905.8033015714832,2973.322330704491,2.6625989216999995,3.473014551618448,3.7328794274683155,6769.2307692307695,0.000029860654196459315,2112.0127500000003,0.025,0.33783783783783783,0-0-3023-3,e,51a17262-Audio_SP18.v0,group_0,1,fave,296.80901694555945,84.37799873753531,9,Generalmente,"",0.0500000000001819,%%,es,n,R,n,R,internal
542.9665728346249,2152.136540809479,2935.195589845478,3.172392182228797,3.488179664474029,2.798922362633177,6589.74358974359,0.003076900466067692,2112.48375,0.067,0.32843137254901966,0-0-3023-11,e,51a17262-Audio_SP18.v0,group_0,1,fave,448.44220553714683,76.36528684188406,9,Generalmente,"",0.18000000000029104,%%,es,t,#,t,é,final
500.1760579093811,1776.7658631620745,2651.596294728307,2.834455377308097,3.6279226247547878,4.120394311888904,6769.2307692307695,0.0002021628904951647,2114.1187499999996,0.037,0.32456140350877194,0-0-3027-1,e,51a17262-Audio_SP18.v0,group_0,1,fave,248.83702032713975,84.8709494023572,9,resolver,"",0.09000000000014552,[silence],[silence],r,s,r,s,internal
516.2187231970019,1986.902426067189,3089.2780500661843,2.481492186235634,2.7383026273214024,3.4298632167994527,6948.717948717948,2.4661692596898967e-6,2115.92275,0.025,0.33783783783783783,0-0-3030-1,e,51a17262-Audio_SP18.v0,group_0,1,fave,192.32041424560688,82.29505262178256,9,técnicos,"",0.0500000000001819,asuntos,[silence],t,k,t,k,internal
487.21004366578313,2979.557662523247,4591.247451476358,3.3180854432687696,3.284751721416934,4.547304478863942,10000.0,0.005577108614911851,2119.64775,0.11499999999999999,0.3343023255813953,0-0-3036-1,e,51a17262-Audio_SP18.v0,group_0,1,fave,179.53210486461904,79.47120096538342,9,de,"",0.31999999999970896,duda,micro,d,#,d,m,final
729.4288042508477,2674.111462741281,3984.2251953726204,3.7464298700611756,4.553357991476119,4.372259807048616,9641.02564102564,0.028690646452880518,2134.61575,0.151,0.3325991189427312,0-0-3048-1,e,51a17262-Audio_SP18.v0,group_0,1,fave,187.38182398703506,76.85667112054979,9,me,"",0.4299999999998363,",",ayudaron,m,#,m,a,final
468.3695549538502,2179.7601054990623,3003.969940256294,3.083901559487991,3.9381974618179894,2.806655702076726,6230.7692307692305,0.0034291356759559646,2143.48275,0.145,0.3341013824884792,0-0-3067-4,e,51a17262-Audio_SP18.v0,group_0,1,fave,230.14632252790975,78.11953012650771,9,busqué,"",0.41000000000030923,Y,[silence],k,#,k,.,final
380.47040835308513,1857.8110722615409,3006.5970678526965,3.10227833255409,4.428492860567233,4.385919067768495,6410.25641025641,0.0042104521999269335,2145.8707499999996,0.041,0.3306451612903226,0-0-3071-0,e,51a17262-Audio_SP18.v0,group_0,1,fave,188.5220532422641,81.08075975367875,9,en,"",0.09999999999990905,también,YouTube,#,n,n,n,initial
448.81566958775727,2619.5789694568975,3984.7235170883837,3.7419703286006167,4.704178733840652,4.770443241852362,9461.538461538461,0.0052751748566297225,2146.40075,0.061000000000000006,0.3315217391304348,0-0-3072-6,e,51a17262-Audio_SP18.v0,group_0,1,fave,210.19363566433336,80.49007979973292,9,YouTube,"",0.16000000000030923,en,.,b,#,b,.,final
670.1375456037838,2257.2852472415384,2998.515229783676,3.396997247053927,3.811186457488826,2.5932173287666362,6051.282051282051,0.00014871905779832871,2149.41875,0.037000000000000005,0.324561403508772,0-0-3077-1,e,51a17262-Audio_SP18.v0,group_0,1,fave,200.31189196849036,76.13554516318412,9,me,"",0.08999999999969077,[silence],proporcionó,m,#,m,p,final
395.3137900307025,2284.924534485628,3094.208306012517,3.7036578210517157,4.1757852000089,3.7234212665629016,7128.205128205128,0.00164676892286856,2154.11775,0.035,0.33653846153846156,0-0-3086-9,e,51a17262-Audio_SP18.v0,group_0,1,fave,200.422718134427,78.5933847572617,9,situaciones,"",0.07999999999992724,habían,muy,n,s,n,s,internal
538.8821520369863,2358.5578603684544,2954.779806793435,2.7679074589396593,3.681094193538009,2.9197987485387573,6589.74358974359,0.002150343626582468,2155.00575,0.07100000000000001,0.3317757009345795,0-0-3088-7,e,51a17262-Audio_SP18.v0,group_0,1,fave,244.15121142348968,80.21588382035709,9,similares,"",0.19000000000005457,muy,",",R,s,R,s,internal
525.0212010297752,1997.807558749113,3139.93281351856,3.096199783404165,3.4306697319023587,4.133112154640907,7128.205128205128,0.0028499421990580637,2158.5757500000004,0.051000000000000004,0.3311688311688311,0-0-3098-1,e,51a17262-Audio_SP18.v0,group_0,1,fave,175.67356322045302,77.25261372562923,9,retirar,"",0.1299999999996544,para,el,r,t,r,t,internal
529.4315505636162,2000.2855820994519,2783.4931045045532,2.92840099390979,2.7106203720467046,4.3113855471494285,5871.794871794871,0.0000658333170142336,2158.99775,0.035,0.3365384615384616,0-0-3099-0,e,51a17262-Audio_SP18.v0,group_0,1,fave,188.5453706453607,80.9369459886579,9,el,"",0.07999999999992724,retirar,dinero,#,l,R,l,initial
489.60193285624274,1996.1595822536808,3114.18014982717,3.3107893590876585,3.6078157818519214,4.351896986595899,7487.179487179487,0.00005630849162929171,2161.83575,0.031,0.32978723404255317,0-0-3106-0,e,51a17262-Audio_SP18.v0,group_0,1,fave,193.50832256748046,80.29256606043059,9,el,"",0.06999999999970896,por,grupo,#,l,R,l,initial
506.42617565333006,1860.1093199358081,2830.3748754382837,3.1179317875409414,3.980954859063254,3.208871372835899,5692.3076923076915,0.00030937644520094473,2162.27775,0.035,0.33653846153846156,0-0-3108-1,e,51a17262-Audio_SP18.v0,group_0,1,fave,95.51816174549356,79.17093606451694,9,de,"",0.07999999999992724,grupo,Facebook,d,#,d,f,final
596.8155976592061,2001.0128242733704,2899.271818923932,2.928285798850861,3.8788101092312934,2.750020450784291,6230.7692307692305,0.0009384012103152227,2162.46775,0.055,0.3353658536585366,0-0-3109-3,e,51a17262-Audio_SP18.v0,group_0,1,fave,206.9559299596211,80.57543000911757,9,Facebook,"",0.13999999999987267,de,siempre,z,b,z,b,internal
552.9966181427396,2053.007198508044,3069.795492065621,2.6256809674596644,3.695628181140024,2.4180804832168366,6589.74358974359,0.00023072280901335025,2163.2077499999996,0.055,0.33536585365853655,0-0-3110-6,e,51a17262-Audio_SP18.v0,group_0,1,fave,192.36921770922368,79.76247855228964,9,siempre,"",0.14000000000032742,Facebook,[silence],R,#,R,®,final
554.1177702685958,1865.855633523133,3005.765028297038,3.1281064281517423,3.547735409983677,3.5551511112953396,6051.282051282051,0.0055590503520487715,2164.0637500000003,0.047,0.3263888888888889,0-0-3113-1,e,51a17262-Audio_SP18.v0,group_0,1,fave,174.3533133662361,80.05088793293119,9,personas,"",0.11999999999989086,habían,[silence],p,R,p,R,internal
507.0661634345277,2277.193983401856,2966.4197853144724,3.28756835650822,3.804908904707255,2.800440994030326,6051.282051282051,0.003996118073638852,2166.8887499999996,0.037000000000000005,0.324561403508772,0-0-3120-4,e,51a17262-Audio_SP18.v0,group_0,1,fave,211.2568688314543,75.8376979575126,9,inquietudes,"",0.09000000000014552,mismas,[silence],i,t,i,t,internal
512.6308015874056,2181.307824931,3075.550197214025,2.8121111480278094,2.8924974881071543,2.5135434606613765,6230.7692307692305,0.0017689901706819027,2167.2477499999995,0.055,0.3353658536585366,0-0-3120-8,e,51a17262-Audio_SP18.v0,group_0,1,fave,147.30845847294302,74.62490980139023,9,inquietudes,"",0.14000000000032742,mismas,[silence],d,s,d,s,internal
419.7934476922502,1893.1481932762406,2985.262675345118,2.73608556126069,2.8186402202198444,3.1859979075340386,6948.717948717948,0.00017461398900044968,2169.06575,0.031,0.32978723404255317,0-0-3124-6,e,51a17262-Audio_SP18.v0,group_0,1,fave,193.53473675134478,78.17528123009404,9,entonces,"",0.06999999999970896,bueno,siempre,z,s,z,s,internal
500.7112149883988,2404.7137617615504,3102.21822273782,3.6435497480995878,3.9812102169890227,2.9441027699623246,6051.282051282051,0.00018880454866506227,2170.0237500000003,0.027000000000000003,0.32142857142857145,0-0-3127-4,e,51a17262-Audio_SP18.v0,group_0,1,fave,204.9355901268835,77.36209411371566,9,alguien,"",0.05999999999994543,había,que,i,n,i,n,internal
483.6992650605411,1983.3606311351089,2988.871073748195,2.824692725944179,3.2103554840761994,2.6160668157298446,6948.717948717948,0.000017090088803099582,2171.23375,0.027000000000000003,0.32142857142857145,0-0-3130-5,e,51a17262-Audio_SP18.v0,group_0,1,fave,198.6449620147518,80.84113898690748,9,amablemente,"",0.06000000000040018,[silence],pues,l,m,l,m,internal
591.5920174060583,1930.8244308888677,3029.931687565271,2.9880154817193,3.765596343605526,3.624205334145861,6410.25641025641,0.014281937481137954,2171.65875,0.097,0.3299319727891156,0-0-3130-10,e,51a17262-Audio_SP18.v0,group_0,1,fave,303.71900934438156,74.64214752784653,9,amablemente,"",0.2699999999999818,[silence],pues,t,#,t,p,final
499.90806331400273,1925.2735295719733,3060.061175623618,3.0143969333700547,3.606595216459785,3.0805975529723053,6410.25641025641,0.0009294513569274043,2172.01275,0.045,0.33582089552238803,0-0-3131-2,e,51a17262-Audio_SP18.v0,group_0,1,fave,227.1073011562558,79.03448633703596,9,pues,"",0.11000000000012733,amablemente,se,u,s,u,s,internal
505.3563049319837,2052.4626041683555,3284.7116070092966,3.121707082571179,3.045435975381365,4.212935302297468,6230.7692307692305,0.00006054121560173742,2172.22575,0.031,0.32978723404255317,0-0-3132-1,e,51a17262-Audio_SP18.v0,group_0,1,fave,196.973956598276,77.08411098285082,9,se,"",0.07000000000016371,pues,prestaba,s,#,s,p,final
473.6332672010666,2097.2791797591126,3026.1955477112906,3.848356545504077,3.0779252099699237,3.4459375831386874,5871.794871794871,0.003011014328098822,2172.42775,0.035,0.3365384615384616,0-0-3133-2,e,51a17262-Audio_SP18.v0,group_0,1,fave,177.12240594279916,73.27911751912967,9,prestaba,"",0.07999999999992724,se,para,R,s,R,s,internal
417.9988296862684,2173.898680673795,3002.657747048191,2.884568241816983,3.236002169170646,2.1211383242170396,6410.25641025641,0.00013409798473231605,2173.8487499999997,0.037,0.32456140350877194,0-0-3137-1,e,51a17262-Audio_SP18.v0,group_0,1,fave,191.64968372493786,81.33835433777324,9,decir,"",0.09000000000014552,y,[silence],d,z,d,z,internal
483.18209580320047,2085.6112102200786,3053.246717033068,2.688658596509432,3.318010906090971,3.4191281603146915,6948.717948717948,0.000012874961549664516,2175.11575,0.031,0.32978723404255317,0-0-3140-2,e,51a17262-Audio_SP18.v0,group_0,1,fave,204.98519193224078,79.9016983573656,9,hice,"",0.07000000000016371,lo,de,z,#,z,d,final
509.58405374174185,2238.137947863192,3039.4191269214907,2.8753826476636415,3.480360299321053,3.2231636414732514,6051.282051282051,0.0017631772335579504,2175.2387499999995,0.07700000000000001,0.3290598290598291,0-0-3141-1,e,51a17262-Audio_SP18.v0,group_0,1,fave,187.84148430061083,78.72416451397321,9,de,"",0.21000000000003638,hice,esta,d,#,d,s,final
482.0535581258089,2103.901489443107,3038.6675436043206,2.651381570239032,2.9754318502140276,3.3669550405181274,6051.282051282051,0.00015761581806532805,2176.56775,0.035,0.33653846153846156,0-0-3145-2,e,51a17262-Audio_SP18.v0,group_0,1,fave,185.97630662561795,76.03803572283384,9,hice,"",0.07999999999992724,lo,de,z,#,z,d,final
532.2504796936738,1441.8938447699322,2869.215407434077,3.1114202324505027,3.501523314901414,2.3986721045388477,6051.282051282051,0.00005274975651963266,2180.13375,0.027000000000000003,0.32142857142857145,0-0-3155-2,e,51a17262-Audio_SP18.v0,group_0,1,fave,232.8426804052875,76.96825371119854,9,pues,"",0.05999999999994543,allí,uno,u,s,u,s,internal
491.73170808403023,2052.3067609754116,3033.071820441273,3.0935237093189705,3.1701303040801814,2.7745515173239688,5871.794871794871,0.0003321477870876248,2180.6187499999996,0.037000000000000005,0.324561403508772,0-0-3157-1,e,51a17262-Audio_SP18.v0,group_0,1,fave,190.82917588687073,76.66274786935524,9,se,"",0.09000000000014552,uno,iba,s,#,s,í,final
477.3024658342949,1905.0232065843004,3174.7026901445815,1.8896224188174349,2.866823470357995,4.209051464855462,7666.666666666666,0.0002690055450193509,2182.42575,0.031,0.32978723404255317,0-0-3162-6,e,51a17262-Audio_SP18.v0,group_0,1,fave,463.2044628317404,84.47893578233051,9,entonces,"",0.07000000000016371,[silence],sí,z,s,z,s,internal
408.2703549576584,2378.031385160744,3029.5825880167895,2.823487994391053,3.529762557881545,2.6957683000105486,6230.7692307692305,0.00012829848025035836,2184.25275,0.045,0.3358208955223881,0-0-3168-1,e,51a17262-Audio_SP18.v0,group_0,1,fave,188.64358951065014,78.4126878545119,9,de,"",0.11000000000012733,[silence],gran,d,#,d,g,final
518.8109191359233,1904.119246718618,3041.6669438445133,3.6947843769474833,2.539973778296769,4.626328038060309,8743.589743589742,0.0006791510496792705,2206.44575,0.031,0.32978723404255317,0-0-3181-0,e,51a17262-Audio_SP18.v0,group_0,1,fave,239.39069567741964,81.76601618329707,9,ejemplo,"",0.07000000000016371,Por,",",#,x,R,x,initial
409.5484540202711,2898.586477133358,3044.8100080987065,2.6468828624926783,3.6798481602220754,3.7384649603760756,8025.641025641025,0.008830443968910867,2207.7977499999997,0.13499999999999998,0.33415841584158407,0-0-3185-1,e,51a17262-Audio_SP18.v0,group_0,1,fave,197.25265636336792,80.06265052963688,9,de,"",0.38000000000010914,tipo,[silence],d,#,d,.,final
435.0003919913434,2040.8280846890166,3080.919557772101,2.719089081899075,4.01067513228514,2.8482182183273994,6410.25641025641,0.001883090764550367,2209.5637500000003,0.047,0.3263888888888889,0-0-3187-1,e,51a17262-Audio_SP18.v0,group_0,1,fave,190.29645825509164,81.78282604696506,9,de,"",0.11999999999989086,[silence],tareas,d,#,d,t,final
490.211895775445,1819.7285048735448,2369.5836404327124,3.4894123802516424,2.905653360329354,3.994618047148288,6948.717948717948,0.00007729239354536672,2211.5837500000002,0.027000000000000003,0.32142857142857145,0-0-3192-1,e,51a17262-Audio_SP18.v0,group_0,1,fave,198.95888429312726,79.67850668805562,9,recomendable,"",0.05999999999994543,[silence],hacer,r,k,r,k,internal
408.77640184892556,1522.795122352241,2928.1243434390785,3.1640291462324526,3.8138865438051903,3.2248797203734783,6948.717948717948,0.00019160368105799962,2211.85375,0.027000000000000003,0.32142857142857145,0-0-3192-5,e,51a17262-Audio_SP18.v0,group_0,1,fave,185.9394633865524,82.68324019540151,9,recomendable,"",0.05999999999994543,[silence],hacer,m,n,m,n,internal
491.60326717956264,1962.971463689408,2976.8697052153675,2.738943609540418,3.3344900186816804,1.9939682083778287,6589.74358974359,0.00015644775957840616,2212.2707499999997,0.041,0.3306451612903226,0-0-3192-11,e,51a17262-Audio_SP18.v0,group_0,1,fave,174.63635277468637,80.02689660631142,9,recomendable,"",0.09999999999990905,[silence],hacer,l,#,l,a,final
539.432083550014,1882.0561173351714,2821.3003736821565,3.5030592750481997,2.1925622145752794,4.330388128979606,6769.2307692307695,0.00002562405425517816,2218.44375,0.027000000000000003,0.32142857142857145,0-0-3204-0,e,51a17262-Audio_SP18.v0,group_0,1,fave,192.35638680707032,80.97977054824533,9,en,"",0.05999999999994543,tardar,realizar,#,n,R,n,initial
471.2250955205587,1971.4493086014868,3037.06846747912,2.8836004954163306,2.5849781206046276,4.113128898422053,7307.692307692308,0.0007366666799544726,2220.39875,0.037000000000000005,0.324561403508772,0-0-3211-1,e,51a17262-Audio_SP18.v0,group_0,1,fave,186.96916749960766,79.33202096764778,9,se,"",0.08999999999969077,si,les,s,#,s,l,final
432.388880946124,2035.51258342942,3081.766528646024,2.8438292213557066,2.822281680987185,3.149171262813373,5871.794871794871,0.0007075240150692222,2220.93275,0.045,0.33582089552238803,0-0-3214-0,e,51a17262-Audio_SP18.v0,group_0,1,fave,178.75713339516338,77.90013088894382,9,el,"",0.11000000000012733,acaba,tiempo,#,l,a,l,initial
543.7181365357442,1639.8462924653447,3008.530480852979,3.492184606786415,2.9752302373775614,3.626544195493844,6948.717948717948,0.00010022225356045641,2221.80375,0.027000000000000003,0.32142857142857145,0-0-3216-0,e,51a17262-Audio_SP18.v0,group_0,1,fave,209.73034933521262,73.27686982424028,9,en,"",0.05999999999994543,tiempo,realizar,#,n,o,n,initial
462.38414500852076,2225.5224500290005,2836.0360082212947,2.909962726308931,4.123203422092392,3.1010027571463668,6589.74358974359,0.003881898977275999,2226.4307499999995,0.08100000000000002,0.3319672131147542,0-0-3223-10,e,51a17262-Audio_SP18.v0,group_0,1,fave,201.1886786298338,78.78324610119745,9,Básicamente,"",0.22000000000025466,[silence],eso,t,#,t,s,final
509.5404866570221,1951.9218520723796,3186.2227230509907,3.1947145499287894,2.481342145172942,3.9538198252249206,7487.179487179487,1.9446544022679463e-6,2228.8627500000002,0.025,0.33783783783783783,0-0-3228-2,e,51a17262-Audio_SP18.v0,group_0,1,fave,234.95310175773966,84.49548325554363,9,preguntas,"",0.0500000000001819,las,frecuentes,R,g,R,g,internal
554.7113122383738,1979.8407186943089,2336.3989252543333,3.2066997158515105,2.8612428216346726,4.784683955974556,6769.2307692307695,0.005574981790582762,2229.2887499999997,0.037,0.32456140350877194,0-0-3229-2,e,51a17262-Audio_SP18.v0,group_0,1,fave,253.73691992412213,81.4091605996968,9,frecuentes,"",0.09000000000014552,preguntas,son,R,k,R,k,internal
483.16352210557324,2064.374405050748,3049.5798085736033,2.52781967890038,3.0451626298527774,3.4516037997794355,6948.717948717948,0.0003072138632184625,2229.6127500000002,0.045,0.3358208955223881,0-0-3229-8,e,51a17262-Audio_SP18.v0,group_0,1,fave,239.8128963236803,80.43537976514571,9,frecuentes,"",0.10999999999967258,preguntas,son,t,s,t,s,internal
543.450260077716,1988.8538179157645,3073.7184561666054,3.1756757165977336,3.719398480135009,2.753243504507435,6230.7692307692305,0.0008545373426955228,2246.79275,0.045,0.3358208955223881,0-0-3248-0,e,51a17262-Audio_SP18.v0,group_0,1,fave,217.7674412140926,79.69312227793884,9,en,"",0.11000000000012733,",",ese,#,n,.,n,initial
534.9551258653662,1818.6765415622174,3087.1675926267685,2.8405297923880366,4.0993882748537676,3.802691309979391,6948.717948717948,0.004317409114241382,2247.21775,0.055,0.3353658536585366,0-0-3249-2,e,51a17262-Audio_SP18.v0,group_0,1,fave,253.3962897703715,83.52899253130201,9,ese,"",0.13999999999987267,en,grupo,s,#,s,g,final
498.1599146679862,2073.508647165442,3053.016184221737,3.312482877931258,3.0747649563168027,1.8757456110205841,6589.74358974359,0.00015991864074910034,2252.69775,0.035,0.33653846153846156,0-0-3260-1,e,51a17262-Audio_SP18.v0,group_0,1,fave,201.86731137619907,80.43443534871952,9,de,"",0.08000000000038199,más,mil,d,#,d,m,final
404.92203296160636,2060.9912547223958,2812.838953890863,3.4199493118321773,2.0153949557092763,4.278089095373221,6589.74358974359,0.00018522082024802853,2257.78575,0.031,0.32978723404255317,0-0-3268-0,e,51a17262-Audio_SP18.v0,group_0,1,fave,102.28844745041198,77.60040409241574,9,en,"",0.07000000000016371,",",el,#,n,.,n,initial
560.2241044514402,2208.7692208183234,2764.153095025568,3.0055330865922114,2.848256671224733,3.5007090588126255,6051.282051282051,0.00006273882748837396,2257.93575,0.031,0.32978723404255317,0-0-3269-0,e,51a17262-Audio_SP18.v0,group_0,1,fave,194.57416309180323,81.26685738122745,9,el,"",0.06999999999970896,en,de,#,l,n,l,initial
463.65958587294784,2109.843634958019,3057.145644537886,2.649483893996115,3.0018991515840643,2.997287781600451,7128.205128205128,0.00018355450061274863,2265.87275,0.045,0.3358208955223881,0-0-3277-1,e,51a17262-Audio_SP18.v0,group_0,1,fave,189.8303381538031,79.68921214367779,9,de,"",0.11000000000012733,también,otras,d,#,d,ó,final
402.5316929313585,2018.5072243950183,2850.7512786446846,3.599406452844174,4.186978582041275,3.5331440422661577,6948.717948717948,0.004463034651333344,2283.97575,0.051000000000000004,0.3311688311688312,0-0-3283-3,e,51a17262-Audio_SP18.v0,group_0,1,fave,332.61023239859287,83.68844748867551,9,Este,"",0.13000000000010914,[silence],grupo,t,#,t,g,final
411.0198080883901,2142.306667750115,3007.5894536440755,2.2611652837702296,4.01306075794082,3.45105263509418,7487.179487179487,0.0008982003190853016,2289.7027500000004,0.065,0.33505154639175255,0-0-3293-7,e,51a17262-Audio_SP18.v0,group_0,1,fave,204.92229887858798,82.5075016040544,9,encontré,"",0.17000000000007276,que,[silence],R,#,R,.,final
380.14196617610827,1730.1182973749433,2079.630606907036,2.5629482709874076,2.708385863153383,4.7142471025331645,6051.282051282051,0.026989718472045784,2290.89375,0.047,0.3263888888888889,0-0-3297-0,e,51a17262-Audio_SP18.v0,group_0,1,fave,265.0026491741268,69.38371773500603,9,el,"",0.11999999999989086,dejaron,[silence],#,l,n,l,initial
396.3329811567299,1370.008298739996,2418.092803172953,3.5188056075030745,4.102207402254519,3.9467519317154807,4974.358974358975,0.09736651495596894,2291.6827500000004,0.10500000000000001,0.3343949044585987,0-0-3299-0,e,51a17262-Audio_SP18.v0,group_0,1,fave,196.86883875851873,78.7576782822841,9,el,"",0.2899999999999636,[silence],[silence],#,l,.,l,initial
421.4460728454074,2174.0665978833263,3029.9962896016996,2.830377471628238,3.80474936031154,3.0585405632546707,6769.2307692307695,0.0036812471215896315,2293.1857499999996,0.091,0.33211678832116787,0-0-3302-1,e,51a17262-Audio_SP18.v0,group_0,1,fave,186.77033728229682,81.6044183900701,9,del,"",0.25,link,del,d,l,d,l,internal
412.6376946670063,1980.7845882025385,3025.6399408405177,2.7980399747532716,3.5151781114754876,3.0451849425866087,6948.717948717948,9.679376955379136e-6,2293.63275,0.025,0.33783783783783783,0-0-3303-1,e,51a17262-Audio_SP18.v0,group_0,1,fave,188.7648248651004,82.44113890226792,9,del,"",0.0500000000001819,del,grupo,d,l,d,l,internal
501.46697437545225,2016.994127849709,3193.30892014359,2.316750516057435,4.0186716687539485,3.863714921035785,6769.2307692307695,0.00785295853488628,2320.9637500000003,0.047,0.3263888888888889,0-0-3314-1,e,51a17262-Audio_SP18.v0,group_0,1,fave,505.2361158313231,80.06312840348717,9,del,"",0.11999999999989086,no,todo,d,l,d,l,internal
556.8588107417171,2028.68697906386,2987.9122912765706,2.7080402792036167,2.758508077126963,2.3975317612791502,6410.25641025641,0.002935685277876754,2325.2677499999995,0.095,0.33450704225352107,0-0-3331-3,e,51a17262-Audio_SP18.v0,group_0,1,fave,274.87767490401274,80.28151467626815,9,veces,"",0.2600000000002183,A,[silence],z,s,z,s,internal
423.2900282906064,2107.696297682907,2852.047991244785,3.2766307863720763,3.537319216566387,3.8128360822211143,6051.282051282051,0.00021067745663184135,2331.10775,0.035,0.33653846153846156,0-0-3344-1,e,51a17262-Audio_SP18.v0,group_0,1,fave,184.9398707238702,82.96423995239051,9,necesidad,"",0.07999999999992724,la,de,n,z,n,z,internal
433.01996452283544,2059.4106393995294,3026.3134620830224,3.252939434262853,3.2613010319134017,3.419160662343605,6230.7692307692305,0.00015357585509072493,2331.2887499999997,0.037,0.32456140350877194,0-0-3344-3,e,51a17262-Audio_SP18.v0,group_0,1,fave,186.06279117704952,80.04938201050618,9,necesidad,"",0.09000000000014552,la,de,z,s,z,s,internal
436.16573577066265,2243.0520446072724,3285.6612058099186,3.114790407910575,3.1978366277622077,4.481236116778119,6410.25641025641,0.000195180299067854,2332.0807499999996,0.041,0.3306451612903226,0-0-3345-1,e,51a17262-Audio_SP18.v0,group_0,1,fave,204.03896487185358,80.65408408871731,9,de,"",0.09999999999990905,necesidad,no,d,#,d,n,final
530.9005418001165,2157.4320142981865,2694.740158441993,2.780376101550061,3.2497607401796436,3.6261164858077897,5871.794871794871,0.00001086236668852362,2332.68375,0.027000000000000003,0.32142857142857145,0-0-3348-0,e,51a17262-Audio_SP18.v0,group_0,1,fave,184.1123522090889,80.22298026134061,9,en,"",0.05999999999994543,estar,[silence],#,n,R,n,initial
543.9186095897869,2227.151914059202,2862.702123989219,2.7069317238136295,3.4669163210301654,3.168114383651246,6230.7692307692305,0.0012209111301033173,2333.48775,0.055,0.3353658536585366,0-0-3351-1,e,51a17262-Audio_SP18.v0,group_0,1,fave,175.61389983876418,78.0342071731575,9,de,"",0.13999999999987267,fuera,casa,d,#,d,k,final
452.35726403443283,2191.8065643419227,3065.4133833280457,2.986691841942789,4.193386377898099,2.4838975524956095,6051.282051282051,0.001049709446572532,2336.93375,0.10700000000000001,0.3302469135802469,0-0-3359-4,e,51a17262-Audio_SP18.v0,group_0,1,fave,191.69590282960047,79.1516994951537,9,porque,"",0.29999999999972715,complicado,es,k,#,k,s,final
491.2372487972045,1960.9242332312294,3035.5568741952693,2.8080181157541877,2.7641970101278712,2.9129124171389873,6948.717948717948,0.00005780282506688795,2338.21375,0.027000000000000003,0.32142857142857145,0-0-3363-5,e,51a17262-Audio_SP18.v0,group_0,1,fave,242.30005555336484,83.34017613491449,9,frente,"",0.06000000000040018,estar,a,t,#,t,a,final
406.54398641855687,2143.577979671613,3027.242327440763,2.675776114952541,3.4350619222026313,1.9557592215287933,6230.7692307692305,7.80346584902344e-6,2341.91375,0.027000000000000003,0.32142857142857145,0-0-3372-1,e,51a17262-Audio_SP18.v0,group_0,1,fave,199.8805260170364,83.13491127685765,9,de,"",0.05999999999994543,[silence],pronto,d,#,d,p,final
504.631991182451,2977.7109218583564,3263.6524492529657,3.156633681682478,3.5089955151600454,5.106633592473928,8384.615384615383,0.0014256222045422153,2342.8687499999996,0.037000000000000005,0.324561403508772,0-0-3376-3,e,51a17262-Audio_SP18.v0,group_0,1,fave,179.39390208900758,82.66338445109835,9,Facebook,"",0.09000000000014552,en,.,s,b,s,b,internal
438.2214985749451,1867.6582136443512,2952.503201382136,3.24625609350334,3.3967995536122824,2.9480687270250643,5871.794871794871,0.0001340728145369818,2343.16375,0.027000000000000003,0.32142857142857145,0-0-3378-1,e,51a17262-Audio_SP18.v0,group_0,1,fave,180.38672547875873,81.67806576108795,9,De,"",0.05999999999994543,.,pronto,d,#,d,p,final
455.6251063181062,2298.0828181997936,3100.0457790321984,2.8498821603767084,3.2985555489802474,3.3168053250851313,6948.717948717948,0.0000963730636328397,2343.9837500000003,0.047,0.3263888888888889,0-0-3383-1,e,51a17262-Audio_SP18.v0,group_0,1,fave,215.25531624506144,83.91757527084887,9,Telegram,"",0.11999999999989086,en,.,t,l,t,l,internal
438.6978202053984,2272.580095630871,2979.10090063358,2.994828354036143,3.353448210767537,1.954907390747834,6410.25641025641,0.00007465468003775917,2344.20375,0.047,0.3263888888888889,0-0-3383-3,e,51a17262-Audio_SP18.v0,group_0,1,fave,184.92386981718926,82.57377027272916,9,Telegram,"",0.12000000000034561,en,.,l,g,l,g,internal
493.74496412231144,1993.8121473425451,3043.6257706883493,2.5917561938703453,3.2571559538681085,2.7154527613953903,6051.282051282051,0.00043225364303759264,2344.7677499999995,0.055,0.33536585365853655,0-0-3386-6,e,51a17262-Audio_SP18.v0,group_0,1,fave,250.0787594384547,82.4093265240724,9,entonces,"",0.14000000000032742,Y,es,z,s,z,s,internal
680.2500339166949,2088.4917249093287,3023.5683022070457,3.099170079781497,3.60994545162855,3.848789949710687,7666.666666666666,0.0015251106754752969,2346.7607499999995,0.08099999999999999,0.3319672131147541,0-0-3392-10,e,51a17262-Audio_SP18.v0,group_0,1,fave,277.8862065498325,81.73881696708968,9,simplemente,"",0.22000000000025466,[silence],[silence],t,#,t,®,final
543.4351457463557,1971.7424644432062,3028.8487570008638,3.0515536631598548,3.505719215019565,2.8457405137354166,7307.692307692308,0.000010132213861590464,2347.5237500000003,0.027000000000000003,0.32142857142857145,0-0-3394-3,e,51a17262-Audio_SP18.v0,group_0,1,fave,208.9890775650398,82.54341452931773,9,navegando,"",0.05999999999994543,[silence],en,b,g,b,g,internal
690.2813600658062,1699.581611865645,3079.719736478161,3.0657314879867994,3.579803989788459,3.4749228754390113,7128.205128205128,0.0002861646431440625,2348.07375,0.027000000000000003,0.32142857142857145,0-0-3395-0,e,51a17262-Audio_SP18.v0,group_0,1,fave,264.32881654457464,81.0754125901662,9,en,"",0.05999999999994543,navegando,las,#,n,o,n,initial
616.485209351478,2104.182962753104,3100.364507592977,3.012439286694388,2.856184843439875,2.8147101893333977,6589.74358974359,0.0019031629871657158,2349.2887499999997,0.097,0.3299319727891157,0-0-3398-6,e,51a17262-Audio_SP18.v0,group_0,1,fave,302.3885320647727,82.17679295329921,9,sociales,"",0.27000000000043656,redes,",",l,s,l,s,internal
392.4192025585419,1824.2635306037685,3014.285104979616,2.8226169384883963,3.0916435805673057,3.9159815108066907,6410.25641025641,0.0781627631671239,2353.1677499999996,0.055,0.33536585365853655,0-0-3410-1,e,51a17262-Audio_SP18.v0,group_0,1,fave,217.58643827263535,81.50255147751416,9,se,"",0.14000000000032742,como,torna,s,#,s,t,final
469.41271331270644,1981.489389388336,3251.82902826445,2.1718139835809875,2.709440958603393,3.397834057389085,6948.717948717948,4.086686504767428e-6,2353.8227500000003,0.025,0.33783783783783783,0-0-3413-3,e,51a17262-Audio_SP18.v0,group_0,1,fave,238.75921271243683,80.40282869289611,9,veces,"",0.0500000000001819,a,como,z,s,z,s,internal
515.2766466555842,2344.318800643474,3084.332490265014,2.5107251073223984,3.392934467285537,2.8669947487670076,6051.282051282051,0.0016641647825561398,2354.8807500000003,0.101,0.3322368421052631,0-0-3420-1,e,51a17262-Audio_SP18.v0,group_0,1,fave,218.64268278742773,75.96477934413778,9,se,"",0.2800000000002001,%%,[silence],s,#,s,.,final
525.1196590606372,1654.76841610348,3101.891994557811,3.618356003859344,3.6544142512240168,4.748943145496423,8025.641025641025,0.02318111646547279,2355.84575,0.031,0.32978723404255317,0-0-3423-1,e,51a17262-Audio_SP18.v0,group_0,1,fave,235.32992524440283,83.35666920400416,9,perdiendo,"",0.07000000000016371,está,[silence],p,R,p,R,internal
432.2874628805311,1332.8436834142274,3252.4754526821234,2.4925570217847284,3.809087387883914,4.2702631755046765,8025.641025641025,0.0026511056418031496,2360.31875,0.037,0.32456140350877194,0-0-3434-1,e,51a17262-Audio_SP18.v0,group_0,1,fave,206.6474844749501,84.8223609465626,9,llevarlo,"",0.08999999999969077,y,a,L,b,L,b,internal
482.68482726159743,2074.9812561223375,3044.221676651553,3.281556863540782,2.9317430588510596,3.434127135990915,6589.74358974359,0.0016759082312131327,2363.04575,0.031,0.32978723404255317,0-0-3445-1,e,51a17262-Audio_SP18.v0,group_0,1,fave,304.94939235829816,73.04037451092954,9,se,"",0.06999999999970896,que,está,s,#,s,s,final
516.1327041568607,2304.301901808908,3075.69760481139,2.867839261817544,3.8651810200242025,2.809009659814335,6410.25641025641,0.0016507765663987845,2370.07775,0.095,0.33450704225352107,0-0-3469-7,e,51a17262-Audio_SP18.v0,group_0,1,fave,186.22474836509923,74.05083480644235,9,bastante,"",0.25999999999976353,fue,[silence],t,#,t,®,final
427.27842239833836,2313.616190283169,3096.652767037867,3.4963577216557673,3.1392675980099716,2.6981913718001937,7128.205128205128,0.17304502196086355,2371.51775,0.195,0.33390410958904104,0-0-3473-2,e,51a17262-Audio_SP18.v0,group_0,1,fave,171.95399473096273,73.1444342625725,9,pues,"",0.5599999999999454,",",adaptarnos,u,s,u,s,internal
490.63968657292173,2008.3029016221697,2860.1264161522813,3.1930759510058158,2.2693230420514925,3.5376086269273954,6948.717948717948,0.00010695062894376713,2373.27775,0.035,0.3365384615384616,0-0-3476-1,e,51a17262-Audio_SP18.v0,group_0,1,fave,181.17786290621427,77.28176846151254,9,verdad,"",0.07999999999992724,",",",",b,R,b,R,internal
556.8554230476783,1973.8313555031955,2964.3895268384895,3.024395667711954,2.7599986732591333,2.8297177789891728,6410.25641025641,0.0003065352107013964,2376.1587499999996,0.037,0.32456140350877194,0-0-3487-1,e,51a17262-Audio_SP18.v0,group_0,1,fave,187.19875351476077,78.15945884746465,9,de,"",0.09000000000014552,ya,que,d,#,d,k,final
426.98205543713175,2499.414542153421,3025.3210828933165,3.1592391304787393,3.525212902786508,2.873934437356171,5871.794871794871,0.00026644272699050353,2376.84775,0.035,0.3365384615384616,0-0-3490-2,e,51a17262-Audio_SP18.v0,group_0,1,fave,192.41241167520644,82.69092343082784,9,oye,"",0.07999999999992724,",",",",y,#,y,.,final
505.4422382893772,2160.4397330463626,3102.1539077081534,3.476513939853873,3.596534227365679,2.5474734702883057,6769.2307692307695,0.0026326932982056457,2377.88575,0.031,0.32978723404255317,0-0-3496-1,e,51a17262-Audio_SP18.v0,group_0,1,fave,243.80545863846325,81.08243044668286,9,generando,"",0.07000000000016371,estamos,si,x,n,x,n,internal
595.4608698469266,2107.7562248381596,2934.1039395329203,3.271284914746299,2.6503341502575704,2.429061232478748,6948.717948717948,0.000022552891766579262,2378.00575,0.031,0.32978723404255317,0-0-3496-3,e,51a17262-Audio_SP18.v0,group_0,1,fave,187.53964924726765,80.30360470923421,9,generando,"",0.07000000000016371,estamos,si,n,R,n,R,internal
586.8078141336069,1742.0170780640542,2953.886705956984,4.0202409773949155,3.7787166521364757,3.070414750698811,7487.179487179487,0.0009685066345226414,2380.45775,0.035,0.33653846153846156,0-0-3505-1,e,51a17262-Audio_SP18.v0,group_0,1,fave,105.54451426204281,74.50217936853709,9,mejor,"",0.07999999999992724,poco,",",m,x,m,x,internal
481.89773687834986,2089.0287260365994,3062.379015404611,2.9468044455893474,3.7309361571038693,3.003133056166976,6769.2307692307695,0.00007986038496020958,2382.91375,0.027000000000000003,0.32142857142857145,0-0-3517-1,e,51a17262-Audio_SP18.v0,group_0,1,fave,248.58878706245258,79.55362212966823,9,tener,"",0.05999999999994543,[silence],lo,t,n,t,n,internal
398.0595996915402,3001.1988864730265,3497.4644246183275,3.9973918603862297,3.5409975302195,5.1881596541445525,8564.102564102563,0.00015995418351907184,2384.15275,0.025,0.33783783783783783,0-0-3522-1,e,51a17262-Audio_SP18.v0,group_0,1,fave,189.24257173320353,77.77998097715654,9,medianamente,"",0.0500000000001819,[silence],necesitamos,m,d,m,d,internal
452.44153094447336,2970.3706258886778,4514.387709330453,4.033727447137346,3.0235327467393955,4.666457673959658,9641.02564102564,0.008182217583715793,2384.77375,0.067,0.3284313725490197,0-0-3522-11,e,51a17262-Audio_SP18.v0,group_0,1,fave,433.2540110594849,80.60282689673605,9,medianamente,"",0.18000000000029104,[silence],necesitamos,t,#,t,n,final
527.2975681953814,2170.8597421897366,3014.20887564353,4.080908385073267,4.0989831848430045,2.8147589263314954,6589.74358974359,0.0003223761616642191,2385.03575,0.031,0.32978723404255317,0-0-3523-1,e,51a17262-Audio_SP18.v0,group_0,1,fave,201.2248482643258,75.9777591360229,9,necesitamos,"",0.07000000000016371,medianamente,[silence],n,z,n,z,internal
508.268289045718,2360.3758807088643,3323.177803509023,3.0775577352429253,3.9683391823972065,4.491314685221623,6769.2307692307695,0.0007677616999337218,2387.51575,0.031,0.32978723404255317,0-0-3525-0,e,51a17262-Audio_SP18.v0,group_0,1,fave,260.30973456915433,76.00386620412512,9,en,"",0.07000000000016371,[silence],cuanto,#,n,.,n,initial
536.5600330129347,1948.9755199051974,2855.929182675235,2.4516539383469955,2.9248361488524828,3.315141249071042,6410.25641025641,0.0000698852295684378,2391.9687499999995,0.037,0.32456140350877194,0-0-3537-1,e,51a17262-Audio_SP18.v0,group_0,1,fave,180.6441504458774,78.08963576426041,9,de,"",0.09000000000014552,cuenta,que,d,#,d,k,final
522.7702960008745,1960.035190199661,2734.2592746369914,4.037898113749178,3.097210988236551,4.003181279671119,8025.641025641025,0.00006227770010021584,2393.15575,0.031,0.32978723404255317,0-0-3543-1,e,51a17262-Audio_SP18.v0,group_0,1,fave,193.28235137709666,78.57237644727589,9,rentable,"",0.07000000000016371,algo,.,r,n,r,n,internal
482.42011390568365,1943.5184724345095,2877.97633271379,3.140704489184468,2.411853083642592,3.3633188646630288,6948.717948717948,0.000022008045479799007,2414.3627500000002,0.025,0.33783783783783783,0-0-3551-6,e,51a17262-Audio_SP18.v0,group_0,1,fave,191.51252690416487,80.57645760645796,9,soporte,"",0.0500000000001819,el,de,t,#,t,d,final
459.0803248223695,2179.598233756473,3034.570091436141,2.919074425120108,2.6023604626413177,2.5520165223313374,6589.74358974359,5.447810549688034e-6,2425.38375,0.027000000000000003,0.32142857142857145,0-0-3566-8,e,51a17262-Audio_SP18.v0,group_0,1,fave,223.0094484018999,81.09519239652585,9,Microworkers,"",0.05999999999994543,porque,tiene,k,R,k,R,internal
667.1018975478539,2330.9404641201645,3167.022139482737,3.3097496103408095,3.952882334914511,3.6006595183703265,7846.153846153846,0.0008269938812920774,2426.00275,0.045,0.33582089552238803,0-0-3567-4,e,51a17262-Audio_SP18.v0,group_0,1,fave,219.34523083220753,76.03058238578843,9,tiene,"",0.11000000000012733,Microworkers,[silence],n,#,n,.,final
608.0018559681156,1801.5609444464355,3144.9241971310457,3.368247888596102,4.503932392520202,3.028347117905873,7307.692307692308,0.001206384841551656,2429.76275,0.045,0.33582089552238803,0-0-3573-1,e,51a17262-Audio_SP18.v0,group_0,1,fave,207.53996629901397,80.62295621107617,9,método,"",0.11000000000012733,Un,de,m,t,m,t,internal
405.0777832312592,2751.371806485198,4529.496913948113,3.339705319011502,3.2571568913375115,3.973704724932379,9820.51282051282,0.03177040826917963,2430.3507500000005,0.14100000000000001,0.33254716981132076,0-0-3574-1,e,51a17262-Audio_SP18.v0,group_0,1,fave,191.34734711035415,82.43617697180136,9,de,"",0.3999999999996362,método,[silence],d,#,d,.,final
493.3410920863071,3006.3035955496484,4477.654658670237,2.7365051684023443,2.47685020628125,3.5416336105820743,9641.02564102564,0.0068287899619796704,2434.13475,0.209,0.33493589743589736,0-0-3584-1,e,51a17262-Audio_SP18.v0,group_0,1,fave,168.88404614757337,79.62436737256601,9,de,"",0.599999999999909,[silence],dólares,d,#,d,d,final
547.1442236285704,2084.547562014179,3046.0678072931605,3.813391703633037,3.877801679591323,2.978075096354164,6230.7692307692305,0.0206091709797284,2435.0007499999997,0.061000000000000006,0.3315217391304348,0-0-3585-5,e,51a17262-Audio_SP18.v0,group_0,1,fave,109.70992405288102,68.55200642652687,9,dólares,"",0.16000000000030923,de,para,R,s,R,s,internal
590.4735839185239,1961.9860883931474,2808.9283436325863,3.882105433388397,2.5875954024843715,4.154789617839954,6948.717948717948,0.0018238284788477015,2435.7587499999995,0.037000000000000005,0.324561403508772,0-0-3588-1,e,51a17262-Audio_SP18.v0,group_0,1,fave,206.58040675574236,80.55365512605943,9,retirar,"",0.09000000000014552,poder,ese,r,t,r,t,internal
501.2314866763813,1962.6986479850573,3053.8762271924847,2.7248362823349783,2.447732419272587,3.0670292473314453,6948.717948717948,0.000039558830669708206,2436.22775,0.035,0.3365384615384616,0-0-3589-2,e,51a17262-Audio_SP18.v0,group_0,1,fave,237.30218373128847,81.73254290399066,9,ese,"",0.07999999999992724,retirar,dinero,s,#,s,d,final
504.90248682109336,1967.0796686735698,2910.993844685352,2.252894656413072,3.22609441254957,3.0179781749555508,6948.717948717948,2.0662510121690176e-6,2436.65275,0.025,0.33783783783783783,0-0-3591-1,e,51a17262-Audio_SP18.v0,group_0,1,fave,178.4288552915558,82.67396002862131,9,de,"",0.0500000000001819,dinero,la,d,#,d,l,final
470.220218278501,2009.6564889677911,3024.8775374881156,3.138715876822533,3.6124754895437388,2.414698702850613,6948.717948717948,0.00015718515628774504,2438.1127500000002,0.065,0.33505154639175255,0-0-3595-1,e,51a17262-Audio_SP18.v0,group_0,1,fave,218.13094545701634,82.60168674156223,9,te,"",0.17000000000007276,[silence],exigen,t,#,t,e,final
434.2207428301618,2290.5305489853263,3029.8174332846916,2.7828079608034098,3.9215600576870697,2.9720206967733462,7307.692307692308,2.3479247572080486e-6,2438.2627500000003,0.025,0.33783783783783783,0-0-3596-0,e,51a17262-Audio_SP18.v0,group_0,1,fave,205.74988702050916,84.07377095966118,9,exigen,"",0.0500000000001819,te,que,#,k,e,k,initial
430.7726578525658,2240.425569617866,2988.450936456584,2.6205450438564086,4.014442902082942,2.3672146136936756,6948.717948717948,0.00026622095282768016,2440.1127500000002,0.065,0.33505154639175255,0-0-3599-3,e,51a17262-Audio_SP18.v0,group_0,1,fave,204.8209540863811,82.74831691747521,9,debes,"",0.17000000000007276,[silence],[silence],b,s,b,s,internal
447.19798528500223,2254.7867525297706,3024.893315556043,2.7232778362964294,3.8791550488576,3.147469503904322,6769.2307692307695,0.00015255858407945745,2441.0077499999998,0.035,0.3365384615384616,0-0-3601-1,e,51a17262-Audio_SP18.v0,group_0,1,fave,213.89001426754336,82.21107454457031,9,tener,"",0.08000000000038199,[silence],[silence],t,n,t,n,internal
467.7817379104277,2727.291619367638,4390.228671423936,3.8434900419463482,3.763329833175048,3.699365790289681,9641.02564102564,0.0003249505938344438,2442.81775,0.035,0.33653846153846156,0-0-3604-3,e,51a17262-Audio_SP18.v0,group_0,1,fave,187.98623894049175,84.02332528683797,9,liberar,"",0.07999999999992724,o,un,b,R,b,R,internal
427.32359366802706,661.2549333643956,1913.796325278796,2.3740387688372993,3.7803206206801483,3.727657546801273,4256.410256410256,0.0012051258264391246,2448.55775,0.035,0.3365384615384616,0-0-3616-1,e,51a17262-Audio_SP18.v0,group_0,1,fave,208.44478603229243,82.46532131024847,9,del,"",0.07999999999992724,oficinas,correo,d,l,d,l,internal
470.4275419542124,2025.7393779531244,2897.438277615942,2.700794058834549,3.6086765428463856,2.6088595156925765,6410.25641025641,0.00009237523086505056,2456.11575,0.031,0.32978723404255317,0-0-3631-1,e,51a17262-Audio_SP18.v0,group_0,1,fave,174.82402470591492,80.2518053461749,9,te,"",0.07000000000016371,que,llegue,t,#,t,L,final
437.94746888966097,2573.5659707248874,2908.6019123086094,2.896582661516487,3.6985659295091087,2.733231428454846,6589.74358974359,0.000339543139176834,2456.4457500000003,0.051000000000000004,0.3311688311688312,0-0-3632-3,e,51a17262-Audio_SP18.v0,group_0,1,fave,283.8757848206817,79.7323003656271,9,llegue,"",0.13000000000010914,te,el,g,#,g,e,final
487.04361685041124,2216.661220401619,2964.028210243366,2.6202001064635447,3.3282778209017616,2.8573250452386274,6410.25641025641,0.004853692247105073,2456.60575,0.11100000000000002,0.3323353293413173,0-0-3633-0,e,51a17262-Audio_SP18.v0,group_0,1,fave,243.94708415023018,77.55135681574377,9,el,"",0.30999999999994543,llegue,ese,#,l,e,l,initial
472.7339217703341,2071.753522588259,2983.971651163798,2.915259663196916,3.036823095125571,2.8338231925985737,6051.282051282051,0.00046155427950096825,2457.1787499999996,0.037000000000000005,0.324561403508772,0-0-3634-2,e,51a17262-Audio_SP18.v0,group_0,1,fave,191.4777906597547,74.47285647709033,9,ese,"",0.09000000000014552,el,PIN,s,#,s,p,final
581.9573063673408,1830.5993045683952,3023.55205704925,3.965722692179299,3.4709635229672373,3.4635592102012143,6589.74358974359,0.00017085632185361846,2459.70375,0.027000000000000003,0.32142857142857145,0-0-3639-2,e,51a17262-Audio_SP18.v0,group_0,1,fave,215.7428854297671,77.52412536389843,9,pues,"",0.05999999999994543,[silence],debes,u,s,u,s,internal
471.6724759085645,2110.0214649899362,2929.14379504541,3.1562621889752402,3.346001558962164,2.5782241201966483,6769.2307692307695,0.00004229852448978534,2459.9727500000004,0.025,0.33783783783783783,0-0-3640-3,e,51a17262-Audio_SP18.v0,group_0,1,fave,210.95047542540647,83.07387699634361,9,debes,"",0.0500000000001819,pues,hablar,b,s,b,s,internal
474.21197238047955,2045.5582107483294,2854.4029230076576,3.156253197949174,3.874045166830101,2.763265339806393,6230.7692307692305,0.0012101309125789094,2461.6787499999996,0.037,0.32456140350877194,0-0-3646-3,e,51a17262-Audio_SP18.v0,group_0,1,fave,187.16428983973643,79.5494230956293,9,Debes,"",0.09000000000014552,.,[silence],b,s,b,s,internal
472.6515778346856,2018.8122799278563,2811.3777183197412,3.524246722363525,2.856112759259998,2.6181109238204874,7487.179487179487,0.000020397930937764208,2463.18375,0.027000000000000003,0.32142857142857145,0-0-3648-10,e,51a17262-Audio_SP18.v0,group_0,1,fave,205.56557033795198,79.83849716870009,9,comunicarles,"",0.05999999999994543,[silence],la,l,s,l,s,internal
473.17829843302655,1990.9825025860769,2980.139966063882,2.727653942137753,3.2577779773531246,2.9018897586808605,6948.717948717948,0.000016978266042985404,2464.47375,0.027000000000000003,0.32142857142857145,0-0-3651-1,e,51a17262-Audio_SP18.v0,group_0,1,fave,196.54902426605975,82.01704242300987,9,del,"",0.05999999999994543,situación,por,d,l,d,l,internal
507.35111292598975,1571.199939353995,3017.281499592944,3.0978413640480196,3.8572140912317794,3.6796773579575754,6051.282051282051,0.0035486556302551345,2467.0187499999997,0.037000000000000005,0.324561403508772,0-0-3658-0,e,51a17262-Audio_SP18.v0,group_0,1,fave,270.57335174133704,80.48802729097257,9,entonces,"",0.09000000000014552,y,ellos,#,n,i,n,initial
457.95766746154777,1985.2193500520257,3045.863352708719,2.728225703811741,3.167062052692403,3.2345440211670975,6948.717948717948,0.00017969878063805493,2467.32575,0.031,0.32978723404255317,0-0-3658-6,e,51a17262-Audio_SP18.v0,group_0,1,fave,205.85050276558448,78.89409551505511,9,entonces,"",0.07000000000016371,y,ellos,z,s,z,s,internal
478.7783851960754,2008.703319197746,2884.2780735945234,2.1331656001307895,3.3763279714603467,2.9612299572589045,6948.717948717948,0.0003239700907905902,2468.44875,0.057,0.32758620689655177,0-0-3661-6,e,51a17262-Audio_SP18.v0,group_0,1,fave,169.1200463803589,81.40889847597556,9,proceden,"",0.15000000000009095,pues,a,d,n,d,n,internal
490.07405188994716,1930.517020159569,2855.180356178268,2.814402806033394,3.4674936688394253,2.792466796315357,5871.794871794871,0.00012477687200908045,2470.10575,0.031,0.32978723404255317,0-0-3666-1,e,51a17262-Audio_SP18.v0,group_0,1,fave,190.13603659028573,80.42076810908391,9,del,"",0.06999999999970896,liberación,PIN,d,l,d,l,internal
574.3047804244046,1910.5469974820826,2928.0255436348134,3.403966540708633,3.2417604723741005,3.1616253328713904,6948.717948717948,0.003065938973941244,2473.5087499999995,0.07700000000000001,0.3290598290598291,0-0-3674-3,e,51a17262-Audio_SP18.v0,group_0,1,fave,186.93789874419576,79.06765989063061,9,obtener,"",0.21000000000003638,[silence],el,t,n,t,n,internal
553.5467339658042,2262.1973096755223,3012.3183214958867,3.4826115604086336,3.780649657114075,2.7332298871844665,6051.282051282051,0.00039450251343750976,2498.66375,0.047,0.3263888888888889,0-0-3682-9,e,51a17262-Audio_SP18.v0,group_0,1,fave,300.899804154778,81.88730201625411,9,mayormente,"",0.12000000000034561,[silence],son,t,#,t,s,final
512.2561462495378,1971.5559024861884,3040.643942908266,2.937048022021913,3.3920120980928634,3.2875489411871954,7128.205128205128,0.0068516890490926685,2505.81875,0.057,0.32758620689655177,0-0-3691-12,e,51a17262-Audio_SP18.v0,group_0,1,fave,140.3544924583061,75.10239109238191,9,nacionalidades,"",0.15000000000009095,otras,también,d,s,d,s,internal
730.0310256199728,2495.6003430833125,2963.7593724017142,3.4971359601056076,3.8440175138410337,3.1417518361597807,5871.794871794871,0.011511901932925856,2507.87575,0.11100000000000002,0.3323353293413173,0-0-3695-0,e,51a17262-Audio_SP18.v0,group_0,1,fave,234.02542030339296,80.43983348499484,9,En,"",0.30999999999994543,.,los,#,n,"",n,initial
584.4149431471759,1906.4253049323083,3034.306860626157,3.929878783863328,2.903458994330219,2.739399504032131,6948.717948717948,0.002342104860602919,2511.54775,0.035,0.3365384615384616,0-0-3704-12,e,51a17262-Audio_SP18.v0,group_0,1,fave,119.85264535033001,75.89903302540881,9,nacionalidades,"",0.07999999999992724,otras,.,d,s,d,s,internal
488.320390489739,2850.5547451147777,4279.570101659902,3.3217941993410784,2.9534438479425273,4.17387329914729,8923.076923076922,0.0027027907892593307,2515.86775,0.055,0.33536585365853655,0-0-3716-5,e,51a17262-Audio_SP18.v0,group_0,1,fave,161.35249905199936,74.4745253413148,9,mujeres,"",0.13999999999987267,y,.,R,s,R,s,internal
539.8675384801436,2054.734074923441,3185.3078847377797,3.0091583935371,3.0575586492141977,3.3262463669485016,5871.794871794871,0.00020586733119073888,2558.88575,0.031,0.32978723404255317,0-0-3737-1,e,51a17262-Audio_SP18.v0,group_0,1,fave,185.4061096731275,79.59084769647369,9,De,"",0.07000000000016371,.,hecho,d,#,d,é,final
450.10130542030004,2706.441879783618,3042.053271031124,2.2659922771285554,3.163688814717216,2.9678583750715544,6589.74358974359,0.0032486442589540784,2560.46575,0.131,0.33248730964466994,0-0-3742-1,e,51a17262-Audio_SP18.v0,group_0,1,fave,235.9243147656481,80.25451252300567,9,de,"",0.36999999999989086,tratado,%%,d,#,d,&,final
505.7089038012323,1931.068738397321,3201.9756098419684,3.0516406553335984,3.775227995047623,3.6769806641534934,5871.794871794871,0.0002981382444571259,2563.37775,0.035,0.3365384615384616,0-0-3748-1,e,51a17262-Audio_SP18.v0,group_0,1,fave,216.10656943790357,76.76998119763758,9,se,"",0.07999999999992724,Sí,puede,s,#,s,p,final
502.41098564326563,1910.4569427453423,2996.7122738819407,3.2639684814005374,2.756866716111423,3.408412563311159,6948.717948717948,0.0024732585145075233,2563.7027500000004,0.065,0.33505154639175255,0-0-3750-1,e,51a17262-Audio_SP18.v0,group_0,1,fave,207.0155904117616,80.50981567401844,9,decir,"",0.17000000000007276,puede,de,d,z,d,z,internal
474.60935424195026,1990.157044427104,2919.5005574345582,3.5080297588319227,3.327048075991593,3.1128995197194387,6589.74358974359,0.0013721860694694671,2564.1587499999996,0.037,0.32456140350877194,0-0-3751-1,e,51a17262-Audio_SP18.v0,group_0,1,fave,205.53677258680852,76.18825142121237,9,de,"",0.09000000000014552,decir,esta,d,#,d,s,final
644.2282602798238,2034.8742094260622,3037.343442272178,2.9306650577320554,3.2943901288760755,3.411521859899289,6948.717948717948,0.00039265934900947763,2566.5387499999997,0.037000000000000005,0.324561403508772,0-0-3761-1,e,51a17262-Audio_SP18.v0,group_0,1,fave,228.52642994380244,80.04322042918774,9,le,"",0.09000000000014552,no,ha,l,#,l,a,final
561.3791405467597,1922.39943704088,2907.6139058395343,3.28679306845234,2.2609737373270407,3.980210998956594,6948.717948717948,0.00007248248255051277,2568.3227500000003,0.025,0.33783783783783783,0-0-3765-9,e,51a17262-Audio_SP18.v0,group_0,1,fave,213.83926626408598,79.74936047164687,9,totalmente,"",0.0500000000001819,[silence],la,t,#,t,l,final
533.4420007647661,1667.2487391123004,2948.0513788900835,2.6338364940229324,3.451296218874852,3.565907089975761,7128.205128205128,0.0027709757599196864,2570.6407499999996,0.041,0.3306451612903226,0-0-3772-1,e,51a17262-Audio_SP18.v0,group_0,1,fave,247.29309535725707,83.22895565140836,9,de,"",0.09999999999990905,tratado,iniciar,d,#,d,i,final
522.051987140825,2040.2085810502601,3097.4679970574275,2.9124869553483967,3.3430567176315606,2.5891923402986308,6769.2307692307695,0.00007687117097845671,2572.37575,0.031,0.32978723404255317,0-0-3778-1,e,51a17262-Audio_SP18.v0,group_0,1,fave,187.40337217805154,77.51549619233238,9,dejado,"",0.06999999999970896,han,.,d,x,d,x,internal
554.26770896797,1744.1574087635968,2857.1394430011032,2.7558509767135138,3.782493901631083,3.5146128815517,6051.282051282051,0.005315359967625201,2582.69275,0.065,0.33505154639175255,0-0-3782-2,e,51a17262-Audio_SP18.v0,group_0,1,fave,278.7346003671795,82.41476842236592,9,Pues,"",0.17000000000007276,[silence],[silence],u,s,u,s,internal
579.6840460417806,1980.6473332878802,3041.9077942783515,2.628694302525052,3.5374649308778636,3.2219236168850007,6948.717948717948,0.00039859750292631544,2585.29875,0.037000000000000005,0.324561403508772,0-0-3789-0,e,51a17262-Audio_SP18.v0,group_0,1,fave,524.8687961519429,81.84520977047139,9,en,"",0.08999999999969077,",",los,#,n,.,n,initial
481.1824542985221,2135.260659869466,2912.4676314040175,3.232081299679454,3.8053775336926026,3.0188978070967067,6948.717948717948,0.001179742656246744,2587.39875,0.07700000000000001,0.3290598290598291,0-0-3795-1,e,51a17262-Audio_SP18.v0,group_0,1,fave,188.45836816296844,81.38825927945093,9,sé,"",0.21000000000003638,no,si,s,#,s,s,final
493.12853412179174,2045.5055291554625,3021.5519662902443,3.248029953902075,2.1111717896670266,3.245830227759159,6769.2307692307695,0.00034716111957075924,2589.54575,0.031,0.32978723404255317,0-0-3800-4,e,51a17262-Audio_SP18.v0,group_0,1,fave,306.04855949350093,79.29357466614611,9,países,"",0.06999999999970896,otros,tienen,s,s,s,s,internal
407.95459599591607,2149.823521807766,3007.0128775855883,3.5148699595882396,3.797493095219153,3.3267367248933546,6230.7692307692305,0.00012687146727097395,2589.90575,0.031,0.32978723404255317,0-0-3801-4,e,51a17262-Audio_SP18.v0,group_0,1,fave,198.57940212829425,82.21673671131327,9,tienen,"",0.07000000000016371,países,grupos,n,n,n,n,internal
537.6814367645129,2208.3771381012484,3042.8932227923265,3.2981330229726047,4.328090030617855,3.009050278403997,6410.25641025641,0.006220044724321025,2592.07775,0.055,0.33536585365853655,0-0-3804-0,e,51a17262-Audio_SP18.v0,group_0,1,fave,-1812.0148134430333,72.55708911425917,9,específicos,"",0.13999999999987267,%%,[silence],#,s,&,s,initial
514.9352064286078,1955.4493506328567,2987.659362574699,2.4378592050914754,4.13219719300076,2.9591345886092553,5512.820512820513,0.0008321174228024431,2592.28775,0.035,0.33653846153846156,0-0-3804-3,e,51a17262-Audio_SP18.v0,group_0,1,fave,179.93884251614733,81.49653629983565,9,específicos,"",0.07999999999992724,%%,[silence],p,z,p,z,internal
526.2754657741027,2406.275622249456,3110.299314293373,2.711113961424196,4.407139938225895,3.077300045831446,6230.7692307692305,0.002120805622359129,2596.0927500000003,0.045,0.3358208955223881,0-0-3812-0,e,51a17262-Audio_SP18.v0,group_0,1,fave,332.7449240310346,79.13286764847285,9,en,"",0.10999999999967258,[silence],donde,#,n,®,n,initial
452.5567966732525,2469.530982568608,2981.1329589657366,3.240129189211818,4.2595850798487875,2.9886288593258805,6410.25641025641,0.003227067100686587,2596.57875,0.097,0.3299319727891156,0-0-3813-4,e,51a17262-Audio_SP18.v0,group_0,1,fave,183.28133104355192,81.02296585126253,9,donde,"",0.2699999999999818,en,he,d,#,d,é,final
516.3874575757457,2194.916228562509,2870.4591982411025,3.0299859796628223,4.625586192334051,3.0191672003639938,6230.7692307692305,0.02240195280821245,2597.3607500000003,0.161,0.33264462809917356,0-0-3815-0,e,51a17262-Audio_SP18.v0,group_0,1,fave,232.20519443165796,79.66499993570405,9,estado,"",0.45999999999958163,he,[silence],#,s,é,s,initial
514.8170300513441,3001.6021867551626,3655.311369572886,3.7114490400241356,2.9463813597650352,5.352451278756475,10000.0,0.005136701901616227,2598.6787499999996,0.037,0.32456140350877194,0-0-3817-0,e,51a17262-Audio_SP18.v0,group_0,1,fave,217.77466025394978,77.42484854828427,9,en,"",0.09000000000014552,[silence],esas,#,n,.,n,initial
523.2889012293022,2038.6340755729227,2952.001769397821,3.991352609011031,3.9529109492648913,2.4483294347836764,6589.74358974359,0.0021153749214564157,2600.21575,0.031,0.32978723404255317,0-0-3820-11,e,51a17262-Audio_SP18.v0,group_0,1,fave,244.8918052019401,76.70707339377299,9,oportunidades,"",0.07000000000016371,dos,",",d,s,d,s,internal
523.4811532393678,1961.7191636650884,2771.3587359221897,2.3757222948039427,3.3565789669717496,3.3148884369939635,6948.717948717948,0.0001982694048876875,2601.71575,0.031,0.32978723404255317,0-0-3826-1,e,51a17262-Audio_SP18.v0,group_0,1,fave,414.2830575943801,80.95518003018675,9,personas,"",0.07000000000016371,[silence],de,p,R,p,R,internal
597.6427071886642,1940.2860411800996,2969.854167693392,3.76692604787074,3.0568136121037353,2.2382126056172513,6948.717948717948,0.0003421264148775372,2602.12775,0.035,0.3365384615384616,0-0-3827-1,e,51a17262-Audio_SP18.v0,group_0,1,fave,100.83566373980373,78.84799757439372,9,de,"",0.07999999999992724,personas,otras,d,#,d,ó,final
401.14171436408486,2431.4193610988796,3086.029012073358,3.0389430931618238,3.5605755775003467,2.036365529548783,6948.717948717948,0.00003686319313661831,2602.9927500000003,0.025,0.33783783783783783,0-0-3829-12,e,51a17262-Audio_SP18.v0,group_0,1,fave,164.04001431355033,81.1340310588794,9,nacionalidades,"",0.0500000000001819,otras,.,d,s,d,s,internal
414.73288176361916,1948.5681717972784,2989.5770115638225,3.1769558573249927,3.8261470515481477,2.808552426882368,7307.692307692308,0.00006317378266128687,2621.96275,0.025,0.33783783783783783,0-0-3835-5,e,51a17262-Audio_SP18.v0,group_0,1,fave,157.75158004462702,84.08716406023184,9,repite,"",0.0500000000001819,",",por,t,#,t,p,final
500.1957321239693,2332.769112388996,3018.635261646251,3.002366132019815,4.638944259755085,3.4860524766578043,7128.205128205128,0.009828797208839146,2643.40275,0.10500000000000001,0.3343949044585987,0-0-3841-2,e,51a17262-Audio_SP18.v0,group_0,1,fave,226.49629334053785,80.75700648469851,9,Pues,"",0.2899999999999636,[silence],",",u,s,u,s,internal
496.56879890645047,1991.3979907572402,2949.317274860021,2.762767635866853,3.3306215908690993,2.7216432348499953,6948.717948717948,0.00004911336863098157,2647.7887499999997,0.037000000000000005,0.324561403508772,0-0-3852-4,e,51a17262-Audio_SP18.v0,group_0,1,fave,226.68735746118853,85.05865140944458,9,desde,"",0.09000000000014552,sea,que,d,#,d,k,final
523.7794038621088,2008.2054625291275,3116.825104201023,2.8610520846134952,4.163188063498773,3.0514407619095527,5871.794871794871,0.0016696685274657603,2656.7757500000002,0.031,0.32978723404255317,0-0-3868-3,e,51a17262-Audio_SP18.v0,group_0,1,fave,270.16456336642165,80.04458935202778,9,dije,"",0.06999999999970896,como,al,x,#,x,a,final
479.45279802702635,1990.5803418641583,3113.8128852918453,3.0413464576660347,3.499915330574025,3.620470615995773,6948.717948717948,0.0006744529129737678,2658.07775,0.035,0.3365384615384616,0-0-3872-3,e,51a17262-Audio_SP18.v0,group_0,1,fave,288.0558055749895,80.8881475520599,9,meses,"",0.07999999999992724,algunos,pues,s,s,s,s,internal
507.7344655791066,2085.335215652641,2971.9077002941817,3.57026216071024,4.068007490712882,3.500918434081945,6230.7692307692305,0.003800344785481015,2658.3837500000004,0.047,0.3263888888888889,0-0-3873-2,e,51a17262-Audio_SP18.v0,group_0,1,fave,212.4648188202498,78.936079532933,9,pues,"",0.11999999999989086,meses,hay,u,s,u,s,internal
520.2362275009946,2080.923018457995,3019.79946739357,2.2562801067985974,2.9371414048534867,2.6543480072625996,6230.7692307692305,0.00012183120657663136,2660.25275,0.045,0.3358208955223881,0-0-3877-1,e,51a17262-Audio_SP18.v0,group_0,1,fave,174.7194819678367,79.56393729938732,9,de,"",0.11000000000012733,afluencia,trabajos,d,#,d,t,final
563.5498691034863,2552.64187462337,3048.2786390098026,2.9911454044552346,3.774368535170382,2.118522197766686,6410.25641025641,0.0005194609185417399,2663.73275,0.045,0.33582089552238803,0-0-3888-0,e,51a17262-Audio_SP18.v0,group_0,1,fave,199.72684846015554,77.80777110812065,9,en,"",0.11000000000012733,[silence],toda,#,n,.,n,initial
434.68314646247995,2138.9559292523472,3080.103243756614,2.7680762553665788,3.586601410249042,2.545270319520337,6589.74358974359,0.00014023925633499165,2669.38775,0.035,0.33653846153846156,0-0-3902-3,e,51a17262-Audio_SP18.v0,group_0,1,fave,206.87179695930772,81.26570082323062,9,antes,"",0.07999999999992724,si,de,t,s,t,s,internal
473.55390531990236,2018.7015868772708,3031.782141118006,3.2534194769221805,3.1442731597529607,3.6644767447577493,6589.74358974359,0.000029596807723036428,2669.54775,0.035,0.33653846153846156,0-0-3903-1,e,51a17262-Audio_SP18.v0,group_0,1,fave,207.29247670006637,80.45559872201159,9,de,"",0.07999999999992724,antes,la,d,#,d,l,final
668.3046062475921,1944.4367179657522,2984.4484084841924,2.792609729341544,4.168297544113367,2.633555312425871,6589.74358974359,3.0232770122066582e-6,2695.7827500000003,0.025,0.33783783783783783,0-0-3934-3,e,51a17262-Audio_SP18.v0,group_0,1,fave,226.55992953701193,81.30380677206337,9,comentado,"",0.0500000000001819,habían,en,m,n,m,n,internal
727.8930169531142,2189.950917484314,2935.3155569913943,3.5252331034914985,4.289431558490767,2.934251266972483,6410.25641025641,0.0004110707739447839,2696.48275,0.045,0.33582089552238803,0-0-3935-0,e,51a17262-Audio_SP18.v0,group_0,1,fave,234.9607377752062,79.04375398416899,9,en,"",0.11000000000012733,comentado,uno,#,n,o,n,initial
651.3817836523159,2164.3341593336986,2919.2187357496523,2.849592428628366,4.368500471142596,2.528830266006259,6051.282051282051,0.00001319302046697135,2696.8627500000002,0.025,0.33783783783783783,0-0-3937-1,e,51a17262-Audio_SP18.v0,group_0,1,fave,223.23762233424512,78.64281799105245,9,de,"",0.0500000000001819,uno,los,d,#,d,l,final
483.1906026923463,2548.5197817728986,2946.2907740229793,3.016849321971277,4.490664178384254,3.761337434979785,7307.692307692308,0.005180274450018135,2699.78875,0.057,0.32758620689655177,0-0-3944-0,e,51a17262-Audio_SP18.v0,group_0,1,fave,190.86042909160187,80.2221655496333,9,el,"",0.1499999999996362,[silence],cambio,#,l,®,l,initial
521.6795120330942,2580.1639201154903,3186.311448821642,2.44722548260072,4.064080875842077,2.929457620189451,6230.7692307692305,0.002030220574605376,2701.1687500000003,0.197,0.33164983164983164,0-0-3946-1,e,51a17262-Audio_SP18.v0,group_0,1,fave,187.30117481543246,79.61168819198518,9,de,"",0.569999999999709,cambio,horario,d,#,d,o,final
865.5665761014027,3070.676083722864,4308.26868407785,4.108580355454244,3.157348610213277,4.5774466672703475,8384.615384615383,0.0001715295631350478,2702.38275,0.025,0.33783783783783783,0-0-3948-0,e,51a17262-Audio_SP18.v0,group_0,1,fave,348.16990958422207,73.44316647573783,9,en,"",0.0500000000001819,horario,Estados,#,n,o,n,initial
506.2400641417467,1934.5347930332132,2945.9693612687834,1.6806395956563787,3.3028694639762697,3.459289990857745,6948.717948717948,5.3916602029867195e-6,2706.00375,0.027000000000000003,0.32142857142857145,0-0-3955-6,e,51a17262-Audio_SP18.v0,group_0,1,fave,176.38066492113998,83.3273476865463,9,posible,"",0.06000000000040018,Era,de,l,#,l,d,final
480.8684632033243,1957.2006975823083,2788.031150689107,2.4912847604607764,3.880548855105585,3.7470752338452074,6589.74358974359,0.0022937206388846166,2706.10375,0.047,0.3263888888888889,0-0-3956-1,e,51a17262-Audio_SP18.v0,group_0,1,fave,174.6153379955203,65.01777738520349,9,de,"",0.11999999999989086,posible,que,d,#,d,k,final
517.3941716366339,2008.0177592364557,3059.2419827793315,2.538828932019799,2.047798694185492,3.203603889839417,6948.717948717948,0.000051168301721332355,2706.68575,0.051000000000000004,0.3311688311688312,0-0-3958-1,e,51a17262-Audio_SP18.v0,group_0,1,fave,180.29861226811386,81.87396978312523,9,se,"",0.13000000000010914,que,debía,s,#,s,d,final
524.047252420516,2084.2880841480355,3080.5404142518832,2.657852661912327,3.5835944150952277,2.894202896209899,6948.717948717948,0.00003854648184279384,2738.58575,0.031,0.32978723404255317,0-0-3974-1,e,51a17262-Audio_SP18.v0,group_0,1,fave,105.22375258444274,79.87066866643683,9,temporal,"",0.06999999999970896,algo,.,t,m,t,m,internal
520.9151136929073,2440.404885839351,3062.8692469761954,2.103361829539125,4.282812331152143,3.088072951482892,6589.74358974359,0.003464588319858161,2740.2007499999995,0.08100000000000002,0.3319672131147542,0-0-3977-1,e,51a17262-Audio_SP18.v0,group_0,1,fave,173.960321001441,78.00302710689321,9,Llegará,"",0.22000000000025466,%%,[silence],L,g,L,g,internal
453.96288535195185,1882.4739379128935,2966.000075658529,3.3151966726480504,3.6255086501359766,3.6552654396395003,6769.2307692307695,0.00952417646533839,2741.34475,0.129,0.33593749999999994,0-0-3979-0,e,51a17262-Audio_SP18.v0,group_0,1,fave,200.7609247165808,81.61890111531021,9,el,"",0.3599999999996726,[silence],momento,#,l,.,l,initial
623.3579878113952,1732.8602750318773,3002.680111328891,3.181145638968596,3.8329999421605945,3.1514339695750695,7307.692307692308,0.00004376983861806088,2742.11575,0.031,0.32978723404255317,0-0-3981-0,e,51a17262-Audio_SP18.v0,group_0,1,fave,202.4180606254634,76.598366102191,9,en,"",0.07000000000016371,momento,que,#,n,o,n,initial
514.5012482914615,2318.7068820293225,2954.7719624493766,2.5426735689655158,3.790205009025602,2.901652154228385,6410.25641025641,0.002278652969827252,2743.9237500000004,0.087,0.32954545454545453,0-0-3986-3,e,51a17262-Audio_SP18.v0,group_0,1,fave,270.6216412433687,74.06234495023669,9,deje,"",0.23999999999978172,lo,y,x,#,x,i,final
511.53887277374304,1824.0206875157498,3004.609898973159,3.9251343778457786,3.348591149401221,4.103654484159594,7128.205128205128,0.0009465080130673343,2747.4607499999997,0.041,0.3306451612903226,0-0-3993-1,e,51a17262-Audio_SP18.v0,group_0,1,fave,193.9470841695442,80.48374391704282,9,retomar,"",0.09999999999990905,o,mis,r,t,r,t,internal
519.8595080178379,2077.6977788777717,3045.3375011065737,2.5859439873687524,3.4162187103479242,3.1183448422483258,6769.2307692307695,0.0006209806445061433,2748.7407499999995,0.041,0.3306451612903226,0-0-3995-9,e,51a17262-Audio_SP18.v0,group_0,1,fave,171.1444131199639,77.73194551888025,9,actividades,"",0.1000000000003638,mis,.,d,s,d,s,internal
578.6802427778034,1899.4341763943871,2877.1460758151393,2.968322358473306,3.2263411139346885,3.667594661781376,7307.692307692308,0.0001506353314707979,2750.65775,0.035,0.3365384615384616,0-0-3999-1,e,51a17262-Audio_SP18.v0,group_0,1,fave,199.52813591353961,78.8795378623266,9,me,"",0.07999999999992724,No,veo,m,#,m,b,final
543.2325010689588,2092.4277886379396,2900.72446469049,2.21062295925972,3.261571008775949,2.973038427176684,7128.205128205128,0.00007761887680252669,2752.2407499999995,0.041,0.3306451612903226,0-0-4005-0,e,51a17262-Audio_SP18.v0,group_0,1,fave,180.32799344868678,79.0119049274708,9,en,"",0.1000000000003638,vida,[silence],#,n,a,n,initial
683.1552329062058,1954.1003986625394,2857.656331576738,3.450687935873957,2.713347173219842,4.273778088550788,7307.692307692308,0.0000327778562198784,2755.89375,0.027000000000000003,0.32142857142857145,0-0-4012-4,e,51a17262-Audio_SP18.v0,group_0,1,fave,223.71365014273414,82.47329471109667,9,Puede,"",0.05999999999994543,[silence],ser,d,#,d,s,final
571.0654632319665,2021.2571861998024,3042.1201500537445,3.3660838447080086,3.6685802659162894,3.0400711099798046,7128.205128205128,0.0010462681145263987,2757.8107499999996,0.041,0.3306451612903226,0-0-4018-0,e,51a17262-Audio_SP18.v0,group_0,1,fave,186.94334987120416,78.3200572440223,9,el,"",0.09999999999990905,En,caso,#,l,n,l,initial
533.7509005533938,1943.8771252302195,3022.341554947189,2.6284031895137225,2.8028925434706076,2.9488685019572363,6230.7692307692305,0.00022799954766666383,2758.35875,0.037,0.32456140350877194,0-0-4020-1,e,51a17262-Audio_SP18.v0,group_0,1,fave,239.87778552388494,82.48184984132276,9,del,"",0.08999999999969077,caso,país,d,l,d,l,internal
539.7982628077237,1741.3722255774978,2926.6691630149144,3.112817726013507,3.556165732103206,2.6412927513254525,6051.282051282051,0.00048276309635454477,2759.3487499999997,0.037000000000000005,0.324561403508772,0-0-4023-2,e,51a17262-Audio_SP18.v0,group_0,1,fave,191.06679091836503,80.36374001096728,9,Pues,"",0.09000000000014552,.,nos,u,s,u,s,internal
494.4415115769845,2862.794048308849,4354.227215038842,3.228945234844427,3.1701409649436,4.412255016876292,9641.02564102564,0.00428975602626878,2760.73275,0.08499999999999999,0.33464566929133854,0-0-4027-4,e,51a17262-Audio_SP18.v0,group_0,1,fave,176.91029251467413,78.4396521704213,9,porque,"",0.2300000000000182,mucho,[silence],k,#,k,.,final
474.18580193061393,1965.1817387079257,2927.3377329310456,3.201071703511242,3.5102514114287695,3.5072033621312415,6948.717948717948,0.000011836451305143104,2762.2737500000003,0.027000000000000003,0.32142857142857145,0-0-4032-1,e,51a17262-Audio_SP18.v0,group_0,1,fave,193.0426720740675,81.11684814707337,9,de,"",0.05999999999994543,situación,país,d,#,d,p,final
484.84897013989956,1962.9742260235075,3003.460611899558,2.454997972409072,3.4308827502727213,2.1983659979922217,6948.717948717948,0.00016915281752969292,2762.91375,0.027000000000000003,0.32142857142857145,0-0-4035-1,e,51a17262-Audio_SP18.v0,group_0,1,fave,494.8286771384375,77.59615981536453,9,tenemos,"",0.05999999999994543,que,.,t,n,t,n,internal
427.529552392758,1900.8017929272164,2918.0598423735046,2.73367018009374,3.8503870576017474,2.1602506245196693,7128.205128205128,0.00015811816819295913,2768.5107499999995,0.041,0.3306451612903226,0-0-4046-1,e,51a17262-Audio_SP18.v0,group_0,1,fave,204.71372545433883,83.09126608471722,9,se,"",0.1000000000003638,que,hace,s,#,s,á,final
468.50860428572804,2049.352300122845,3002.3297378740745,2.485766488933773,3.8074304336210565,2.4458361650720444,7128.205128205128,0.00032578552096032857,2768.9707499999995,0.08100000000000002,0.3319672131147542,0-0-4047-2,e,51a17262-Audio_SP18.v0,group_0,1,fave,236.09369610008022,82.40707198227629,9,hace,"",0.22000000000025466,se,[silence],z,#,z,.,final
425.11734831189216,2965.585957848192,4290.708473518656,3.4606281412893054,2.7425002977228887,4.130686697599275,9282.051282051281,0.0012379372274445926,2770.57775,0.11499999999999999,0.3343023255813952,0-0-4049-4,e,51a17262-Audio_SP18.v0,group_0,1,fave,180.56310197503143,80.85430788484872,9,porque,"",0.3200000000001637,[silence],.,k,#,k,.,final
438.0209259363532,1908.7910395497977,2890.54425562933,2.93268436487091,3.1020521723809273,3.1244563798368197,7128.205128205128,0.00019283856473730355,2775.72775,0.035,0.33653846153846156,0-0-4064-0,e,51a17262-Audio_SP18.v0,group_0,1,fave,204.85060424190726,82.83994009140727,9,el,"",0.07999999999992724,por,cuidado,#,l,R,l,initial
578.9131690981096,2782.7015713178134,3071.6826246284886,4.194626491950637,3.808568277083116,4.641864777837409,7487.179487179487,0.00046282257884360943,2777.52775,0.035,0.33653846153846156,0-0-4068-1,e,51a17262-Audio_SP18.v0,group_0,1,fave,197.09875583833465,79.69297478964533,9,necesitan,"",0.07999999999992724,[silence],[silence],n,z,n,z,internal
476.04894443547664,1976.667125701783,2896.146958317499,2.429700404884278,2.8480478630854913,2.234444728811515,6948.717948717948,0.000015579976772602046,2777.67375,0.027000000000000003,0.32142857142857145,0-0-4068-3,e,51a17262-Audio_SP18.v0,group_0,1,fave,95.52262625536898,81.07578358183788,9,necesitan,"",0.05999999999994543,[silence],[silence],z,s,z,s,internal
460.0795422741753,1975.584682529229,2950.6710786781455,3.1634080408441108,3.2000729189661614,2.652503273308442,6589.74358974359,0.00021406203065175728,2779.7507499999997,0.041,0.3306451612903226,0-0-4074-4,e,51a17262-Audio_SP18.v0,group_0,1,fave,105.05266265621806,79.48157946641392,9,padres,"",0.09999999999990905,mis,son,R,s,R,s,internal
452.058130815497,1940.7394951521708,2953.3851769440284,3.0206428023911043,3.994581718123254,2.9867188045951742,7128.205128205128,0.00008093554053989526,2780.51775,0.035,0.33653846153846156,0-0-4076-5,e,51a17262-Audio_SP18.v0,group_0,1,fave,102.34748555296646,77.93087708955223,9,mayores,"",0.07999999999992724,son,son,R,s,R,s,internal
509.8410099466717,1843.2762397887602,2948.510961193792,3.1715868716081093,2.669412619277243,3.4444718424372978,6769.2307692307695,0.000010705801572700988,2781.00375,0.027000000000000003,0.32142857142857145,0-0-4078-2,e,51a17262-Audio_SP18.v0,group_0,1,fave,200.6307202506929,80.9805202574394,9,hipertensos,"",0.06000000000040018,son,[silence],p,R,p,R,internal
480.53416104486536,1969.9354159861657,3026.1669572594897,2.6826912255613786,3.8421996621900396,2.676342191670186,7307.692307692308,0.000022227830728722597,2783.01375,0.027000000000000003,0.32142857142857145,0-0-4083-1,e,51a17262-Audio_SP18.v0,group_0,1,fave,191.28872162983626,80.80117009576327,9,tener,"",0.05999999999994543,que,el,t,n,t,n,internal
510.760512633393,1874.6772205484076,2904.583409788718,3.2231149877705847,2.7393626131257243,3.3306055205437937,7307.692307692308,4.0606121434812115e-6,2783.23275,0.025,0.33783783783783783,0-0-4084-0,e,51a17262-Audio_SP18.v0,group_0,1,fave,184.18377499894692,79.11395699489977,9,el,"",0.0500000000001819,tener,cuidado,#,l,R,l,initial
601.2632975805192,2044.3087370187236,3063.6482428457134,2.668719077175457,3.813438987316353,2.9450220272611523,7307.692307692308,0.000011473575820188638,2788.73275,0.025,0.33783783783783783,0-0-4101-0,e,51a17262-Audio_SP18.v0,group_0,1,fave,221.72127321905413,80.82385552107338,9,embargo,"",0.0500000000001819,Sin,",",#,m,n,m,initial
478.19638544079123,1199.0261586198067,3177.831571975867,1.9236432174298534,4.416680782487486,3.7248383075738256,6948.717948717948,0.00026282900059679753,2790.18575,0.031,0.32978723404255317,0-0-4106-0,e,51a17262-Audio_SP18.v0,group_0,1,fave,239.73921803732327,83.43199417011175,9,en,"",0.06999999999970896,que,lo,#,n,é,n,initial
501.0833908607682,1769.3739133692313,2878.578844968038,2.9338429160873685,3.6046616401279317,3.96219144442832,6948.717948717948,0.00014226339900951483,2790.66575,0.031,0.32978723404255317,0-0-4108-1,e,51a17262-Audio_SP18.v0,group_0,1,fave,200.65774920919137,80.8982379693271,9,personal,"",0.06999999999970896,lo,.,p,R,p,R,internal
474.465925004494,2038.6715168911696,2984.839949750297,3.5170581259880644,4.487298024459001,3.1494623550549496,6589.74358974359,0.010471545307862455,2793.0437500000003,0.087,0.32954545454545453,0-0-4111-1,e,51a17262-Audio_SP18.v0,group_0,1,fave,295.9862626086899,82.04215599641456,9,te,"",0.23999999999978172,No,llena,t,#,t,L,final
537.3402335253796,2012.3172430729328,3053.4335762328265,2.3564924769678766,2.977497040517252,3.9028382797260623,6769.2307692307695,0.00015974992763390688,2794.0607499999996,0.041,0.3306451612903226,0-0-4114-1,e,51a17262-Audio_SP18.v0,group_0,1,fave,273.7191047926939,82.99500094806152,9,te,"",0.09999999999990905,no,satisface,t,#,t,s,final
445.24926742013935,1965.421025958564,2974.942051744566,2.263042199960006,1.9902008751329285,3.710063690587937,6948.717948717948,0.0001972082016468194,2795.01275,0.045,0.3358208955223881,0-0-4115-8,e,51a17262-Audio_SP18.v0,group_0,1,fave,214.9617396694033,83.73466033217967,9,satisface,"",0.11000000000012733,te,del,z,#,z,d,final
464.28765918129847,2020.241896351767,3030.692126553187,2.694723873478798,2.6479895599174452,3.131008963289271,6948.717948717948,0.00034378899710805046,2795.1557500000004,0.051000000000000004,0.3311688311688312,0-0-4116-1,e,51a17262-Audio_SP18.v0,group_0,1,fave,184.87887601487492,83.37642762086841,9,del,"",0.13000000000010914,satisface,todo,d,l,d,l,internal
455.1877333133925,1964.4557194826168,3027.3500988707615,2.015101413818551,3.7825468457252054,3.036749327856375,6230.7692307692305,0.0002916573032006959,2797.23775,0.035,0.33653846153846156,0-0-4120-4,e,51a17262-Audio_SP18.v0,group_0,1,fave,222.9781868426479,80.16869629110101,9,Porque,"",0.08000000000038199,[silence],cuando,k,#,k,k,final
459.8884309537501,1719.655198266941,3118.6075100599387,3.487615297791098,3.902561779127084,4.015412828287851,6589.74358974359,0.00008538248607977364,2798.17375,0.027000000000000003,0.32142857142857145,0-0-4122-4,e,51a17262-Audio_SP18.v0,group_0,1,fave,300.23075634053134,85.14083059549144,9,tienes,"",0.05999999999994543,cuando,[silence],n,s,n,s,internal
447.50340430677795,1717.4748633061563,3011.418230805938,2.0239072230846644,4.50796565483678,3.6133311524972385,6769.2307692307695,0.004584051606067082,2800.92375,0.027000000000000003,0.32142857142857145,0-0-4126-0,e,51a17262-Audio_SP18.v0,group_0,1,fave,216.21738560237125,84.07439707090317,9,enmarcado,"",0.05999999999994543,[silence],en,#,n,.,n,initial
614.3210709165515,2031.7482008141076,2999.518826550648,3.04700737587007,3.5581299175629026,2.771697002624764,6948.717948717948,0.00003757735055230454,2805.15575,0.031,0.32978723404255317,0-0-4138-0,e,51a17262-Audio_SP18.v0,group_0,1,fave,202.490909466592,80.88901095141802,9,el,"",0.07000000000016371,en,caso,#,l,n,l,initial
416.9396835708795,2114.5382693076267,2999.32484283753,2.315185070103861,3.546249806120412,2.544306333239848,7128.205128205128,0.0002820092876308327,2805.90075,0.061000000000000006,0.3315217391304348,0-0-4140-1,e,51a17262-Audio_SP18.v0,group_0,1,fave,199.57514477576782,83.12519222459069,9,de,"",0.16000000000030923,caso,trabajar,d,#,d,t,final
679.5995347430887,1729.879615790315,3001.4366616682105,3.5728393756229098,3.58511695047031,3.8363615336259693,6230.7692307692305,0.0005893468801834224,2809.59775,0.035,0.33653846153846156,0-0-4149-1,e,51a17262-Audio_SP18.v0,group_0,1,fave,216.6636115578214,77.29549421340064,9,de,"",0.07999999999992724,no,estar,d,#,d,s,final
596.6715525396661,2122.185646275632,3001.6293137160096,4.302987953079897,3.3243330188821547,4.1819999302007185,6769.2307692307695,0.01577627514473197,2810.14275,0.045,0.33582089552238803,0-0-4151-5,e,51a17262-Audio_SP18.v0,group_0,1,fave,198.8746404747434,78.86769160331974,9,frente,"",0.11000000000012733,estar,a,t,#,t,a,final
569.7269811465984,1933.4627583270315,3060.137025945909,3.4671264644432953,3.9306862358468138,3.8014438797111967,7128.205128205128,0.00007181443099403832,2812.01375,0.027000000000000003,0.32142857142857145,0-0-4156-1,e,51a17262-Audio_SP18.v0,group_0,1,fave,206.7568986739118,77.90045999703133,9,me,"",0.05999999999994543,no,satisface,m,#,m,s,final
561.830271458026,2010.896840567378,2995.639196936981,3.541797951876887,2.63467027441824,3.541310970702886,6948.717948717948,0.0003752147377505021,2812.73275,0.045,0.3358208955223881,0-0-4157-8,e,51a17262-Audio_SP18.v0,group_0,1,fave,196.7451058307271,81.88721438108522,9,satisface,"",0.11000000000012733,me,[silence],z,#,z,.,final
528.5887634785371,1917.1232299972219,2967.0717428054813,2.6981363179764446,4.268752470880659,2.7258753200467254,6410.25641025641,0.004382704406533208,2813.71775,0.055,0.33536585365853655,0-0-4159-9,e,51a17262-Audio_SP18.v0,group_0,1,fave,289.8364767991637,82.98067881966941,9,totalmente,"",0.13999999999987267,[silence],[silence],t,#,t,.,final
430.6972360032427,2163.419097964663,3081.254228876271,4.133968587083745,4.775248306161667,2.7972492072787776,7307.692307692308,0.00048170189522468254,2816.6127500000002,0.025,0.33783783783783783,0-0-4168-1,e,51a17262-Audio_SP18.v0,group_0,1,fave,202.97485329818952,71.89989489974862,9,necesidades,"",0.0500000000001819,algunas,que,n,z,n,z,internal
452.6130084467066,2137.0820034788126,3023.3060293607346,2.792256147159942,3.2825964959931078,2.6133336338922413,6948.717948717948,0.00004608878465962609,2816.73575,0.031,0.32978723404255317,0-0-4168-3,e,51a17262-Audio_SP18.v0,group_0,1,fave,194.61443686737124,77.25627943317934,9,necesidades,"",0.07000000000016371,algunas,que,z,s,z,s,internal
534.3202309639192,2005.8387808796854,2949.248409344332,3.0203738794277917,3.4889016999461555,2.573709423993655,7307.692307692308,0.001577848250855815,2817.09875,0.057,0.32758620689655177,0-0-4168-9,e,51a17262-Audio_SP18.v0,group_0,1,fave,175.53452176091352,77.42876021756923,9,necesidades,"",0.1499999999996362,algunas,que,d,s,d,s,internal
464.86450028959536,1901.0858410157396,2936.224416032317,2.9790244269987864,3.225547276051402,2.9552342210314078,7128.205128205128,0.0033172127145199926,2818.28075,0.061000000000000006,0.3315217391304348,0-0-4171-7,e,51a17262-Audio_SP18.v0,group_0,1,fave,144.9988558685878,79.8224331861367,9,puntuales,"",0.15999999999985448,[silence],ahora,l,s,l,s,internal
483.95838308670216,1466.962326752061,3161.9381323581592,2.5305469101734435,3.2975953480795273,4.413249401910082,6948.717948717948,0.0016069409459016683,2819.84775,0.035,0.3365384615384616,0-0-4175-1,e,51a17262-Audio_SP18.v0,group_0,1,fave,230.04198867346494,85.4432194115416,9,llegará,"",0.07999999999992724,pero,el,L,g,L,g,internal
407.02570960291894,2131.2187619915935,3062.1835815017303,3.0021408263096667,3.8238402013151203,2.2424299441577698,6051.282051282051,0.000047041288774627473,2822.14375,0.027000000000000003,0.32142857142857145,0-0-4184-1,e,51a17262-Audio_SP18.v0,group_0,1,fave,191.48762960589266,79.71216378990873,9,dejarlo,"",0.05999999999994543,[silence],.,d,x,d,x,internal
429.1378611757952,3020.698681003411,4564.979194240254,3.60148561837157,3.4370835064935914,4.8231525809218345,9820.51282051282,0.004476546868702665,2826.84775,0.07500000000000001,0.33482142857142855,0-0-4199-1,e,51a17262-Audio_SP18.v0,group_0,1,fave,181.87332681833206,78.25011195310425,9,me,"",0.20000000000027285,sí,",",m,#,m,.,final
518.3044900603404,2139.1276503601503,3059.916926988922,2.23093879446393,3.7134386756781224,2.887843238447442,6230.7692307692305,0.0004893668974239107,2850.42375,0.067,0.32843137254901966,0-0-4212-9,e,51a17262-Audio_SP18.v0,group_0,1,fave,175.85675271556428,79.6298579988717,9,frustrante,"",0.18000000000029104,fue,",",t,#,t,.,final
456.4642534412939,2598.5340657713477,3054.0157882270037,2.7260412467081307,4.140206906510466,3.0050152529017127,6230.7692307692305,0.0190184799723427,2862.13575,0.191,0.3327526132404181,0-0-4219-4,e,51a17262-Audio_SP18.v0,group_0,1,fave,230.10895237680916,78.90336394420144,9,Porque,"",0.5500000000001819,[silence],[silence],k,#,k,.,final
499.6048931362483,1808.8280944122037,2841.25309084362,2.4097207231079545,3.5667354883750306,3.5134619026357177,6410.25641025641,0.0006354176672300669,2863.1737500000004,0.047,0.3263888888888889,0-0-4222-1,e,51a17262-Audio_SP18.v0,group_0,1,fave,234.56977813023818,84.79410588688216,9,retroalimentación,"",0.11999999999989086,la,te,r,t,r,t,internal
478.8435344878615,2077.8920438889813,3136.6442421787037,3.5745957217289237,4.299986712188929,3.539303024602528,5871.794871794871,0.01024066928698313,2864.30775,0.055,0.33536585365853655,0-0-4223-1,e,51a17262-Audio_SP18.v0,group_0,1,fave,277.2378760872645,81.57878266542646,9,te,"",0.13999999999987267,retroalimentación,llena,t,#,t,L,final
458.3505039451737,2053.636823966292,3016.5084449834126,2.8170657307715956,3.7539658960350852,2.7007669144339403,6589.74358974359,0.00009524856347023813,2865.24575,0.031,0.32978723404255317,0-0-4226-1,e,51a17262-Audio_SP18.v0,group_0,1,fave,284.3688127376759,80.93853155330153,9,te,"",0.07000000000016371,[silence],da,t,#,t,d,final
518.4714782004542,2024.1106363043534,3021.934054917473,3.226274909580298,3.1627141785959876,2.8821015057446564,6410.25641025641,0.03217073956115297,2866.33875,0.037,0.32456140350877194,0-0-4230-1,e,51a17262-Audio_SP18.v0,group_0,1,fave,289.62625075734957,79.55553053385678,9,te,"",0.08999999999969077,[silence],da,t,#,t,d,final
571.0870405186729,2808.5480505499563,4431.256486795876,3.454236687631766,2.986844279233018,4.5763367426149335,9102.564102564102,0.0005749490413841629,2869.32075,0.041,0.3306451612903226,0-0-4238-0,e,51a17262-Audio_SP18.v0,group_0,1,fave,380.42104026505257,80.23796600759837,9,En,"",0.09999999999990905,.,cambio,#,n,.,n,initial
467.5981813688596,1998.7321394870844,2956.4973256284434,2.402357439289607,2.432116059498961,3.3351224436824114,6948.717948717948,0.00003062937745262373,2872.47375,0.027000000000000003,0.32142857142857145,0-0-4247-12,e,51a17262-Audio_SP18.v0,group_0,1,fave,441.3609015748702,84.27681242994244,9,prácticamente,"",0.05999999999994543,[silence],contigo,t,#,t,k,final
469.1367583534579,2052.586868419866,2928.3694621529194,3.126129529132192,3.06604473224884,3.293854258061427,6589.74358974359,0.0005143146199339897,2890.4207499999998,0.041,0.3306451612903226,0-0-4301-3,e,51a17262-Audio_SP18.v0,group_0,1,fave,199.85064775337062,81.76869893385994,9,parecer,"",0.09999999999990905,[silence],[silence],R,z,R,z,internal
546.8335861415289,1605.5290171166516,3198.211823332468,2.2605537684762216,3.726371249131502,3.7355712881368976,6948.717948717948,0.006685521447191587,2891.2857499999996,0.131,0.33248730964466994,0-0-4303-1,e,51a17262-Audio_SP18.v0,group_0,1,fave,234.15169090585775,83.90936165855939,9,te,"",0.3700000000003456,[silence],[silence],t,#,t,.,final
476.7802885463161,2607.0772806673876,4068.7981459651255,2.5937420426402635,4.5170233154371005,4.550411411630008,9820.51282051282,0.006178275120752332,2893.01775,0.035,0.33653846153846156,0-0-4305-1,e,51a17262-Audio_SP18.v0,group_0,1,fave,456.50061172930526,83.29589363017186,9,te,"",0.07999999999992724,[silence],consume,t,#,t,k,final
462.92323187995186,1278.8721742053665,3247.3290816341487,2.594313514774729,3.9217674569582215,3.7767998898776933,6948.717948717948,0.004356735755211397,2895.33875,0.07700000000000001,0.3290598290598291,0-0-4310-1,e,51a17262-Audio_SP18.v0,group_0,1,fave,219.14777006203792,83.89160242253361,9,te,"",0.21000000000003638,[silence],aleja,t,#,t,a,final
460.05854814508535,2845.2766985154185,4486.27374604258,3.65363304032943,4.1288820692286965,4.100053881379282,9820.51282051282,0.028323897878584494,2898.13575,0.11100000000000002,0.3323353293413173,0-0-4315-1,e,51a17262-Audio_SP18.v0,group_0,1,fave,202.88216968884242,77.94179595864192,9,de,"",0.30999999999994543,[silence],tu,d,#,d,t,final
539.2504003032079,1865.2218091457514,3017.8216240791257,3.578596325573983,3.097605139188779,3.183080453205664,6948.717948717948,0.00004236587465712174,2898.66375,0.027000000000000003,0.32142857142857145,0-0-4317-0,e,51a17262-Audio_SP18.v0,group_0,1,fave,189.3815179520133,80.74143000835656,9,entorno,"",0.05999999999994543,tu,",",#,n,u,n,initial
503.10695320038093,2137.516382249202,3107.6916962152477,3.7606514699642895,4.331952017366444,2.991123052662617,6769.2307692307695,0.0006961442181463715,2900.19575,0.031,0.32978723404255317,0-0-4319-4,e,51a17262-Audio_SP18.v0,group_0,1,fave,230.0294294419268,78.92269188660269,9,tienes,"",0.07000000000016371,",",que,n,s,n,s,internal
439.1584688814227,1970.6812907194078,3048.979256924182,2.734890174737793,4.124354423435139,3.1743264240248332,6230.7692307692305,0.0004417592282411492,2901.68375,0.027000000000000003,0.32142857142857145,0-0-4325-1,e,51a17262-Audio_SP18.v0,group_0,1,fave,194.35257086175343,81.8485578916492,9,pendiente,"",0.05999999999994543,al,para,p,n,p,n,internal
458.3078696923686,2294.1336728439423,3014.234191843276,2.461045791945977,3.5426556842668036,2.962497409639362,6051.282051282051,0.002400298196980461,2902.3427500000003,0.08499999999999999,0.33464566929133854,0-0-4325-8,e,51a17262-Audio_SP18.v0,group_0,1,fave,225.31625303240347,75.95125359717632,9,pendiente,"",0.2300000000000182,al,para,t,#,t,p,final
433.9801514080243,1968.6331552610698,3257.8346078232235,2.665110586431102,4.012042122059316,4.42749167022525,7487.179487179487,0.0007673565508680485,2906.73775,0.035,0.33653846153846156,0-0-4333-1,e,51a17262-Audio_SP18.v0,group_0,1,fave,211.04494919295456,84.66834430531588,9,de,"",0.08000000000038199,[silence],los,d,#,d,l,final
512.5813368765549,1943.204087330838,3447.2993628085305,2.5721755160085054,3.2055842600790734,4.70879781245952,7666.666666666666,0.0007745838933712249,2907.54775,0.035,0.3365384615384616,0-0-4337-1,e,51a17262-Audio_SP18.v0,group_0,1,fave,239.40084187741473,82.40563776064967,9,de,"",0.07999999999992724,",",los,d,#,d,l,final
450.4961267204892,2057.5212857542947,3022.5997003695006,2.4679833582402946,3.996564793617259,2.7427966785357394,6769.2307692307695,0.00003440766961687369,2909.00375,0.027000000000000003,0.32142857142857145,0-0-4343-4,e,51a17262-Audio_SP18.v0,group_0,1,fave,279.56733536131867,80.66041140140393,9,porque,"",0.06000000000040018,",",si,k,#,k,s,final
510.0284453844862,2239.0615636987377,3071.014088529191,3.0137035123622065,4.469810300258642,3.630640680004474,5871.794871794871,0.00019510269199684148,2910.34375,0.027000000000000003,0.32142857142857145,0-0-4348-1,e,51a17262-Audio_SP18.v0,group_0,1,fave,101.3077427554303,80.25358732711264,9,te,"",0.05999999999994543,[silence],arropa,t,#,t,a,final
480.994716535247,2219.383995884703,3157.63104816606,2.9742153217672795,4.249097567485948,3.638238026416028,6769.2307692307695,0.006011075042105213,2915.05075,0.061000000000000006,0.3315217391304348,0-0-4360-6,e,51a17262-Audio_SP18.v0,group_0,1,fave,224.08141819990408,81.2671143202825,9,pasaste,"",0.15999999999985448,que,doce,t,#,t,d,final
451.83393156556514,1884.5768189961732,3038.7100085289926,2.7999673181409235,3.8671990283767443,3.747706547496004,6589.74358974359,0.0018830406443595122,2915.5937500000005,0.047,0.3263888888888889,0-0-4361-3,e,51a17262-Audio_SP18.v0,group_0,1,fave,206.65198175195982,79.39510751950337,9,doce,"",0.11999999999989086,pasaste,trece,z,#,z,t,final
483.1932776508106,2089.687176102798,3107.142256396913,2.7267677050475894,3.8614008177757624,3.174853848523483,6948.717948717948,0.00007571745492865694,2916.09775,0.035,0.3365384615384616,0-0-4362-4,e,51a17262-Audio_SP18.v0,group_0,1,fave,297.5081949167752,81.13041037750295,9,trece,"",0.07999999999992724,doce,quince,z,#,z,k,final
359.1115478052256,1711.4254924351844,3731.711246409517,2.3076363135995877,3.7814399569022594,4.378242857506765,7307.692307692308,0.0008861205493230395,2916.71575,0.031,0.32978723404255317,0-0-4363-4,e,51a17262-Audio_SP18.v0,group_0,1,fave,203.20840407870978,70.76834234878054,9,quince,"",0.07000000000016371,trece,horas,z,#,z,ó,final
481.0850082769757,2060.440883463982,3053.91156669082,3.1875516799721426,3.674786982573635,2.8093975219000056,6230.7692307692305,0.0001446133246614553,2920.67575,0.031,0.32978723404255317,0-0-4375-4,e,51a17262-Audio_SP18.v0,group_0,1,fave,208.00526629006777,80.73591954855621,9,dónde,"",0.07000000000016371,y,está,d,#,d,é,final
437.2625092913988,2065.373644127259,3140.535892224909,2.471198789213617,4.062157643068412,3.412338862760328,6948.717948717948,0.000025994826213090554,2921.47375,0.027000000000000003,0.32142857142857145,0-0-4377-4,e,51a17262-Audio_SP18.v0,group_0,1,fave,210.72988704053918,81.48475818895888,9,dónde,"",0.05999999999994543,está,queda,d,#,d,k,final
472.758526558525,1993.3315492518052,2985.7686339301044,3.283880657803731,3.4484129634925154,3.23762827197881,6948.717948717948,0.00011326451904217669,2922.89375,0.027000000000000003,0.32142857142857145,0-0-4381-4,e,51a17262-Audio_SP18.v0,group_0,1,fave,276.61719225849157,79.16872724507581,9,parte,"",0.05999999999994543,la,familiar,t,#,t,f,final
386.2331554971135,2130.3153924180647,3041.26050247957,2.656562692182499,4.224833429799016,3.2709695571193347,6769.2307692307695,0.0002550893334194513,2924.01375,0.027000000000000003,0.32142857142857145,0-0-4383-4,e,51a17262-Audio_SP18.v0,group_0,1,fave,190.24559502048174,80.58689165627726,9,dónde,"",0.05999999999994543,familiar,queda,d,#,d,k,final
413.3259845785412,2340.1202153776835,3051.064825707133,2.9331882142512846,4.46926931506113,2.9716742606794297,6948.717948717948,0.005146731740865242,2926.28075,0.061000000000000006,0.3315217391304348,0-0-4389-4,e,51a17262-Audio_SP18.v0,group_0,1,fave,198.8635981820838,83.81707477291037,9,porque,"",0.15999999999985448,[silence],[silence],k,#,k,.,final
505.0302781538959,2282.7418634906144,3010.4851239645227,2.263026568722727,3.4781275064431787,2.6141534603382515,6051.282051282051,0.0009725023298331701,2930.23875,0.097,0.3299319727891157,0-0-4399-1,e,51a17262-Audio_SP18.v0,group_0,1,fave,176.5362670218671,80.07151995819797,9,de,"",0.2699999999999818,lo,[silence],d,#,d,.,final
530.8205405614598,1848.612972911376,2812.9251907245553,2.5613489178788336,2.8249608106136335,4.2613557496242285,8743.589743589742,0.00016605601827781121,2934.20575,0.031,0.32978723404255317,0-0-4409-1,e,51a17262-Audio_SP18.v0,group_0,1,fave,251.1658039776544,82.88897037430726,9,relacionarnos,"",0.07000000000016371,podemos,podemos,r,l,r,l,internal
448.71380414329553,1985.0121141028349,3093.9175646592716,3.382545053342822,2.074572542220712,3.101579329601594,6948.717948717948,0.0001899187915155252,2938.26575,0.031,0.32978723404255317,0-0-4417-3,e,51a17262-Audio_SP18.v0,group_0,1,fave,284.57363613531527,78.90823800971248,9,Este,"",0.07000000000016371,.,tipo,t,#,t,t,final
605.2580802863193,1971.060997971493,3198.0201233550165,3.0236654066495197,2.402341776574375,3.6186022448975392,6948.717948717948,0.00011484858349731695,2938.7577499999998,0.035,0.3365384615384616,0-0-4419-1,e,51a17262-Audio_SP18.v0,group_0,1,fave,284.715534436963,81.88775461506779,9,de,"",0.08000000000038199,tipo,trabajo,d,#,d,t,final
490.7398127530909,1501.8161313592734,3105.4536094860914,1.5930973316635169,3.921406147231753,4.683693961843522,5692.3076923076915,0.007221013639027255,2940.16875,0.037,0.32456140350877194,0-0-4422-1,e,51a17262-Audio_SP18.v0,group_0,1,fave,237.52950330283178,84.99772662107851,9,te,"",0.08999999999969077,[silence],te,t,#,t,t,final
454.82074759130745,1677.3196172280554,3170.644613598864,2.0780745066418924,4.160333868291369,3.3121536427093035,6948.717948717948,0.000501741860504467,2940.5237500000003,0.027000000000000003,0.32142857142857145,0-0-4423-1,e,51a17262-Audio_SP18.v0,group_0,1,fave,217.1738837109232,83.44640345763607,9,te,"",0.05999999999994543,te,estresa,t,#,t,s,final
517.9535725608673,2047.2303668524485,3131.360101636693,2.56649642863636,3.6169949636451983,3.084321613572454,6948.717948717948,0.0004220976488664735,2942.7887499999997,0.037000000000000005,0.324561403508772,0-0-4427-1,e,51a17262-Audio_SP18.v0,group_0,1,fave,218.53855126706907,81.26529097329556,9,Te,"",0.09000000000014552,.,carga,t,#,t,k,final
439.9036514485347,2073.9896229624183,2937.6260531197113,2.6463882316260015,3.520967780106275,3.1662037624408135,6230.7692307692305,0.012771495893041704,2945.9577499999996,0.055,0.3353658536585366,0-0-4432-1,e,51a17262-Audio_SP18.v0,group_0,1,fave,206.08614670621984,80.04041476277268,9,Te,"",0.14000000000032742,[silence],pone,t,#,t,p,final
425.32430031010335,2017.2575297930887,3098.0728073577297,2.6882044425680536,2.6533592933459786,3.571494093709022,6948.717948717948,7.767629357618902e-6,2946.5327500000003,0.025,0.33783783783783783,0-0-4435-3,e,51a17262-Audio_SP18.v0,group_0,1,fave,800.5606920737978,82.45246523679079,9,veces,"",0.0500000000001819,a,hasta,z,s,z,s,internal
407.59368626705526,2226.5439300301828,3030.547032332208,2.711866164533235,4.440246506520664,3.126474284906798,6948.717948717948,0.006379547973274512,2948.3797500000005,0.159,0.3354430379746835,0-0-4438-4,e,51a17262-Audio_SP18.v0,group_0,1,fave,194.71567368673743,82.88841424573914,9,porque,"",0.4499999999998181,ansiosa,[silence],k,#,k,®,final
419.3223254398397,1798.4989563833876,3143.7165864089975,2.371094739930672,4.217675768441036,4.1200862507538565,6769.2307692307695,0.02921814668249695,2949.35875,0.07700000000000001,0.3290598290598291,0-0-4440-3,e,51a17262-Audio_SP18.v0,group_0,1,fave,218.49607393579453,83.67811547613938,9,dices,"",0.21000000000003638,[silence],[silence],z,s,z,s,internal
493.98304449076346,1462.2107171662012,3342.5308588478783,2.815835634781862,3.277981336295311,4.949052299463499,8384.615384615383,0.0002856933017979314,2952.57375,0.027000000000000003,0.32142857142857145,0-0-4451-3,e,51a17262-Audio_SP18.v0,group_0,1,fave,236.95567918663605,86.00206122642167,9,pude,"",0.05999999999994543,la,realizar,d,#,d,r,final
491.9424904058659,1608.1804435905294,2899.851375840665,2.9866150464739114,3.2497728672680966,3.641253216632496,7307.692307692308,0.0002054964361194227,2952.72575,0.031,0.32978723404255317,0-0-4452-1,e,51a17262-Audio_SP18.v0,group_0,1,fave,231.1562330139594,83.9452500699115,9,realizar,"",0.07000000000016371,pude,.,r,a,r,a,internal
494.46277818484975,2020.040558965019,3063.4644899241493,3.1293968014466325,2.8391476967816707,3.0225808112308754,6948.717948717948,0.00005368484347581174,2953.80375,0.027000000000000003,0.32142857142857145,0-0-4454-1,e,51a17262-Audio_SP18.v0,group_0,1,fave,434.0288115418875,84.25306376573202,9,Te,"",0.05999999999994543,.,molestas,t,#,t,m,final
428.9883708756533,2035.1708103914452,3090.248851863084,2.9090291056010207,4.182353501943846,3.2963660882073746,7487.179487179487,0.00004385415883991352,2955.71275,0.025,0.33783783783783783,0-0-4460-1,e,51a17262-Audio_SP18.v0,group_0,1,fave,420.84116481936894,83.77757377519748,9,dependiendo,"",0.0500000000001819,%%,de,d,p,d,p,internal
446.9201450297739,1990.502964166223,3009.840226791064,3.094197622497488,3.7010131139810327,3.2900773160931944,6948.717948717948,0.000053163774827580696,2955.8337500000002,0.027000000000000003,0.32142857142857145,0-0-4460-3,e,51a17262-Audio_SP18.v0,group_0,1,fave,219.41584447508438,80.58514294999085,9,dependiendo,"",0.05999999999994543,%%,de,p,n,p,n,internal
480.191848322761,1873.9676270965383,3109.0448555376306,3.2745721192279564,3.6173164173937025,3.848791009808694,6230.7692307692305,0.007616010020047989,2956.5737500000005,0.047,0.3263888888888889,0-0-4462-4,e,51a17262-Audio_SP18.v0,group_0,1,fave,220.53347569719094,74.74407493738933,9,donde,"",0.11999999999989086,de,estés,d,#,d,s,final
453.44000614002016,2753.651524743085,3204.8885230692813,3.7387023962521977,3.4451070428344814,3.4282360470215654,6589.74358974359,0.00004353621863155372,2956.91375,0.027000000000000003,0.32142857142857145,0-0-4464-0,e,51a17262-Audio_SP18.v0,group_0,1,fave,226.20496388137025,74.69397814731286,9,en,"",0.05999999999994543,estés,qué,#,n,s,n,initial
446.1350726271726,2224.602207850818,3088.840972065988,3.2769184036530885,3.852657981305143,3.010141437284128,6410.25641025641,0.002528322667469552,2957.71875,0.057,0.32758620689655177,0-0-4467-3,e,51a17262-Audio_SP18.v0,group_0,1,fave,216.77370516059338,76.6541084310452,9,estés,"",0.15000000000009095,país,pues,t,s,t,s,internal
510.1417500892243,2533.8180212429497,3044.514931246566,2.308158541566312,4.168764589380309,3.590409064124868,6589.74358974359,0.0007762357429867916,2958.40075,0.041,0.3306451612903226,0-0-4470-0,e,51a17262-Audio_SP18.v0,group_0,1,fave,336.6931371210814,80.2524934764282,9,el,"",0.09999999999990905,[silence],Internet,#,l,®,l,initial
433.9013559093611,1968.185444690482,3096.766897895716,2.5809253225405175,3.361033688994463,2.9271565540218902,6769.2307692307695,0.00008446508791806139,2958.75575,0.031,0.32978723404255317,0-0-4471-3,e,51a17262-Audio_SP18.v0,group_0,1,fave,201.55161468226308,82.51603882676642,9,Internet,"",0.07000000000016371,el,influye,t,R,t,R,internal
614.2810098149587,2018.7506575437794,2980.9279656132107,2.8008894414671923,3.036364568176944,3.321518971554914,5692.3076923076915,0.1417922305773239,2960.7387499999995,0.037,0.32456140350877194,0-0-4476-1,e,51a17262-Audio_SP18.v0,group_0,1,fave,332.6361504053393,75.55729408022192,9,se,"",0.09000000000014552,si,[silence],s,#,s,.,final
432.642481893428,2117.7314065133883,3026.267327334559,3.105367904122821,3.556966302763881,3.5160876624839115,5692.3076923076915,0.0019244284141326571,2962.82775,0.055,0.33536585365853655,0-0-4484-1,e,51a17262-Audio_SP18.v0,group_0,1,fave,260.947942201129,77.96313232112453,9,se,"",0.13999999999987267,si,fue,s,#,s,f,final
462.4517579565484,2116.1344657152736,3023.629085316014,2.4826961568133847,4.359961328543835,3.839296553928962,7307.692307692308,0.0026550393846856545,2963.27275,0.045,0.33582089552238803,0-0-4487-2,e,51a17262-Audio_SP18.v0,group_0,1,fave,224.05454438736302,80.89462924252851,9,electricidad,"",0.11000000000012733,la,[silence],l,k,l,k,internal
639.9494501645754,2123.2269310230163,3035.9030785654604,3.5663217737184407,2.345283736324454,4.496178646220618,6410.25641025641,0.012427637433021724,2965.3237500000005,0.047,0.3263888888888889,0-0-4491-3,e,51a17262-Audio_SP18.v0,group_0,1,fave,265.7700118577492,76.53529233339638,9,este,"",0.11999999999989086,Todo,tipo,t,#,t,t,final
605.6302499032163,1967.5915136451968,3209.017274632571,2.6251890497631063,3.259598602641997,3.1997146830500314,6948.717948717948,0.00008696371608901346,2965.7757500000002,0.031,0.32978723404255317,0-0-4493-1,e,51a17262-Audio_SP18.v0,group_0,1,fave,279.65951822141324,82.34029245511095,9,de,"",0.06999999999970896,tipo,cosas,d,#,d,k,final
544.4574113919117,1965.0880719697152,3117.91872545793,3.1306807223381816,3.5849645043374796,3.467916850598624,5871.794871794871,0.00008955467216360894,2966.36575,0.031,0.32978723404255317,0-0-4495-1,e,51a17262-Audio_SP18.v0,group_0,1,fave,289.07798328642235,79.95705908093409,9,te,"",0.07000000000016371,cosas,van,t,#,t,b,final
494.3926912721533,1978.2134946110612,3045.353786187478,2.5441316775171106,2.6802251578146414,2.9741764860946316,6948.717948717948,0.0002842505690526173,2967.61775,0.035,0.3365384615384616,0-0-4499-1,e,51a17262-Audio_SP18.v0,group_0,1,fave,345.5386724801151,81.11540421980703,9,te,"",0.07999999999992724,[silence],van,t,#,t,b,final
537.1911623599397,2069.277658062246,3254.3890125467146,2.433744469890464,3.8181132470789483,3.2774699624658643,6230.7692307692305,0.00009019268375627621,2974.0587499999997,0.037,0.32456140350877194,0-0-4519-0,e,51a17262-Audio_SP18.v0,group_0,1,fave,255.3909556326237,85.02099770756887,9,el,"",0.09000000000014552,y,computador,#,l,i,l,initial
701.8258956119881,1880.7912753230878,3044.748120718528,3.1640065763845846,3.9175675317991936,3.5093994937819497,7128.205128205128,0.00007495497536220421,2977.87575,0.031,0.32978723404255317,0-0-4529-1,e,51a17262-Audio_SP18.v0,group_0,1,fave,225.87309064816637,78.73589883955499,9,me,"",0.06999999999970896,no,parece,m,#,m,p,final
445.006414319363,2081.134924252059,3056.368020526111,2.7306264423087607,3.914984349181709,2.6213535057747395,6410.25641025641,0.001843765746077047,2978.32775,0.035,0.33653846153846156,0-0-4530-5,e,51a17262-Audio_SP18.v0,group_0,1,fave,203.98283166395376,71.39428392399667,9,parece,"",0.07999999999992724,me,que,z,#,z,k,final
456.719840205267,1934.4822835199707,2940.947980416515,2.6111262366029506,3.005518955865511,2.8078179492365387,6589.74358974359,0.00002351054715824958,2982.20375,0.027000000000000003,0.32142857142857145,0-0-4541-9,e,51a17262-Audio_SP18.v0,group_0,1,fave,248.28108720250697,81.48149914142473,9,plenamente,"",0.05999999999994543,disfrute,.,t,#,t,.,final
689.2983494932118,2033.8753024698717,2835.3787899602125,3.063439768246653,3.1436684806941235,3.793702775052984,6769.2307692307695,0.001008564866565501,3016.0877499999997,0.055,0.33536585365853655,0-0-4552-0,e,51a17262-Audio_SP18.v0,group_0,1,fave,338.1604166092625,82.65830254577287,9,el,"",0.13999999999987267,gusta,hecho,#,l,a,l,initial
402.2892819370143,1971.868151246062,3055.309020676403,3.636525268355268,3.6288149229578632,3.550658078234969,6051.282051282051,0.004935706975883114,3016.6337500000004,0.047,0.3263888888888889,0-0-4554-1,e,51a17262-Audio_SP18.v0,group_0,1,fave,309.36751462137704,79.7281464704279,9,de,"",0.11999999999989086,hecho,que,d,#,d,k,final
505.23748923029194,1980.217557491642,3002.928474476914,2.1927140704518235,3.9911135365134474,3.16418135931657,6948.717948717948,0.0000383402103774326,3022.0837500000002,0.027000000000000003,0.32142857142857145,0-0-4568-1,e,51a17262-Audio_SP18.v0,group_0,1,fave,242.40438548820177,85.09741457829101,9,te,"",0.05999999999994543,que,permite,t,#,t,p,final
476.48706781432907,1799.753503132689,2890.7479335028743,2.9139178074732888,2.8368885406174984,2.9837589079563003,6589.74358974359,0.00003750831953081643,3022.23575,0.031,0.32978723404255317,0-0-4569-1,e,51a17262-Audio_SP18.v0,group_0,1,fave,205.8128117146172,82.20268518117892,9,permite,"",0.07000000000016371,te,pues,p,R,p,R,internal
582.250628733054,2149.848578963322,3079.6947947167496,3.090692953106619,3.944373526789635,2.984712647632639,6230.7692307692305,0.006022757805315859,3022.7937500000003,0.067,0.32843137254901966,0-0-4569-6,e,51a17262-Audio_SP18.v0,group_0,1,fave,318.38017372668054,78.74886336222396,9,permite,"",0.1799999999998363,te,pues,t,#,t,p,final
421.8484109540105,2684.2096250376158,2902.9811063814823,2.9642341738893236,3.6832854560320976,3.057849674432782,6230.7692307692305,0.002263720296556274,3023.1657499999997,0.091,0.33211678832116787,0-0-4570-2,e,51a17262-Audio_SP18.v0,group_0,1,fave,186.5913846970342,80.64605023446398,9,pues,"",0.25,permite,[silence],u,s,u,s,internal
710.2444153414804,2017.4691426470595,2873.7019454357765,4.035482612033898,4.0820304693709835,3.0704805178532726,6948.717948717948,0.000026604150867980795,3026.0327500000003,0.025,0.33783783783783783,0-0-4576-0,e,51a17262-Audio_SP18.v0,group_0,1,fave,210.46902915095166,77.45610626321279,9,el,"",0.0500000000001819,con,que,#,l,n,l,initial
520.7365590724384,2410.504518405901,2976.861278033105,2.965001684804374,4.083369170404313,2.5043651119806936,6230.7692307692305,0.0003315581607093282,3034.5077499999998,0.035,0.33653846153846156,0-0-4591-0,e,51a17262-Audio_SP18.v0,group_0,1,fave,216.1742513102797,81.39348584035223,9,en,"",0.08000000000038199,",",algunos,#,n,.,n,initial
476.23482775441613,2366.9146413065323,2937.576226036437,2.208886807028107,3.9496962288115514,3.2026704007223343,5692.3076923076915,0.009803942151035597,3037.2907499999997,0.08099999999999999,0.3319672131147541,0-0-4603-3,e,51a17262-Audio_SP18.v0,group_0,1,fave,242.70820640502626,79.69748440289418,9,veces,"",0.2199999999997999,a,la,z,s,z,s,internal
523.9150942988329,1990.5546658868416,3008.7291988667644,3.2781616639202054,2.9397887019060525,3.7234441716606304,7307.692307692308,0.007526874673789485,3039.5627500000005,0.065,0.33505154639175255,0-0-4609-1,e,51a17262-Audio_SP18.v0,group_0,1,fave,242.32100000380456,80.33902008080305,9,cerrada,"",0.169999999999618,muy,",",z,r,z,r,internal
591.9734600498258,1896.1691015458262,3162.2543553627247,2.8997917701494003,3.9797535075845842,2.7629873560373372,6948.717948717948,0.0002756534109086331,3041.51775,0.035,0.3365384615384616,0-0-4613-0,e,51a17262-Audio_SP18.v0,group_0,1,fave,278.9328515458294,77.46476259292876,9,en,"",0.07999999999992724,",",el,#,n,.,n,initial
666.4246601958037,1825.460014167399,2941.975683923948,3.107456975808653,3.024513518446628,4.423248494544349,6230.7692307692305,0.000010945194039913114,3041.70375,0.027000000000000003,0.32142857142857145,0-0-4614-0,e,51a17262-Audio_SP18.v0,group_0,1,fave,221.0898664671164,80.65789053650668,9,el,"",0.05999999999994543,en,caso,#,l,n,l,initial
511.09750944289533,1948.3648978993642,3049.0779146063837,2.2070698957761934,2.834691490026286,3.339349322258248,6948.717948717948,0.000039298323379120176,3042.83575,0.031,0.32978723404255317,0-0-4617-8,e,51a17262-Audio_SP18.v0,group_0,1,fave,473.2171476153632,78.67221399022186,9,Microworkers,"",0.06999999999970896,de,a,k,R,k,R,internal
462.8174245165199,2014.3131524819894,3152.82722042178,1.8430952352457273,3.0234563331291637,3.146232337681968,6948.717948717948,0.000051038580432052785,3043.40275,0.045,0.3358208955223881,0-0-4619-3,e,51a17262-Audio_SP18.v0,group_0,1,fave,459.6881726224639,84.15688899123874,9,veces,"",0.10999999999967258,a,la,z,s,z,s,internal
447.9383734187887,2009.423048733319,2936.160962738491,1.4182697165035418,2.7524376038970533,2.742137309220123,6410.25641025641,0.000044458450984762915,3046.7487499999997,0.037,0.32456140350877194,0-0-4627-6,e,51a17262-Audio_SP18.v0,group_0,1,fave,227.0944995651268,84.52263081078576,9,soporte,"",0.09000000000014552,el,si,t,#,t,s,final
489.6769850749174,2927.087884310669,3084.616547437991,3.368276774630406,3.9451369860732375,3.692321890221065,6589.74358974359,0.00043339636541319754,3047.05575,0.031,0.32978723404255317,0-0-4629-1,e,51a17262-Audio_SP18.v0,group_0,1,fave,196.10096519935018,78.11779572822395,9,necesitas,"",0.07000000000016371,si,algo,n,z,n,z,internal
428.5580473139998,2028.937333796158,2939.9906042865705,2.1036779919810207,2.3744498857750047,3.056493006878603,6230.7692307692305,0.00005719980581685592,3047.21375,0.027000000000000003,0.32142857142857145,0-0-4629-3,e,51a17262-Audio_SP18.v0,group_0,1,fave,253.69447611119028,75.72947583723268,9,necesitas,"",0.06000000000040018,si,algo,z,s,z,s,internal
532.580885676677,2773.231505544003,3173.014050120477,3.3307560601940893,3.400426574433249,3.3708421685685153,6230.7692307692305,0.0005095739029952229,3049.51375,0.047,0.3263888888888889,0-0-4634-3,e,51a17262-Audio_SP18.v0,group_0,1,fave,192.97281469815496,80.13230041684231,9,inmediata,"",0.12000000000034561,muy,.,m,d,m,d,internal
507.1147296136882,1965.8594086221688,2956.848754753923,2.5619603043755492,3.7642629943489876,5.121963072802285,7846.153846153846,0.0017052790130595063,3052.89775,0.035,0.33653846153846156,0-0-4638-2,e,51a17262-Audio_SP18.v0,group_0,1,fave,251.42641106949313,84.06282094362969,9,Ese,"",0.07999999999992724,[silence],tipo,s,#,s,t,final
480.4853973850696,1439.1065520334764,2498.8217375218233,1.9452947854340412,3.332046674615764,4.2031624233077585,6948.717948717948,0.00001881644259815528,3054.3427500000003,0.025,0.33783783783783783,0-0-4643-8,e,51a17262-Audio_SP18.v0,group_0,1,fave,237.11125734531643,86.30664983107658,9,realmente,"",0.0500000000001819,es,no,t,#,t,n,final
482.07449422863175,2100.5010151108017,3023.515556655578,3.0226559131960196,3.143705408411608,3.507307195392272,7307.692307692308,0.00010058971644931431,3056.34775,0.035,0.3365384615384616,0-0-4650-4,e,51a17262-Audio_SP18.v0,group_0,1,fave,212.56497506491723,75.55067087121793,9,quienes,"",0.07999999999992724,",",son,n,s,n,s,internal
460.26849214388733,1936.4082552309899,2806.6252642244594,3.937725427382956,3.9780287995807138,4.0268631746721955,7666.666666666666,0.0012235268597536784,3057.46775,0.035,0.3365384615384616,0-0-4655-3,e,51a17262-Audio_SP18.v0,group_0,1,fave,212.5806544893701,76.22161525792477,9,manejando,"",0.08000000000038199,están,todo,n,x,n,x,internal
544.1762199431805,2607.1271251586368,2996.3373365492444,3.0290509411119704,3.824356895471477,3.0274706569135525,5871.794871794871,0.004348846345124163,3058.5607499999996,0.08099999999999999,0.3319672131147541,0-0-4657-2,e,51a17262-Audio_SP18.v0,group_0,1,fave,187.2722358223118,76.60072008587767,9,pues,"",0.2199999999997999,todo,[silence],u,s,u,s,internal
573.9726674214088,1849.356226856129,2827.891711423146,3.562183348636838,2.8981468258521423,3.973670579920801,7307.692307692308,0.00009697880510745982,3069.87575,0.031,0.32978723404255317,0-0-4674-0,e,51a17262-Audio_SP18.v0,group_0,1,fave,224.50163209039488,79.30429433111506,9,ejemplo,"",0.06999999999970896,por,[silence],#,x,R,x,initial
467.3655013071426,2063.370062510114,2922.9664171356458,2.4875790425661277,3.367033093212454,3.4717987977669487,6230.7692307692305,0.0006529146616146126,3071.4707499999995,0.041,0.3306451612903226,0-0-4676-8,e,51a17262-Audio_SP18.v0,group_0,1,fave,227.16033233540205,79.57549535019294,9,realmente,"",0.1000000000003638,[silence],quién,t,#,t,k,final
558.947585468248,2490.116241764639,3071.3491754647152,3.147071238739295,3.7131852069717453,3.6252325778515235,6948.717948717948,0.008804252885538115,3073.12975,0.119,0.3361581920903954,0-0-4681-1,e,51a17262-Audio_SP18.v0,group_0,1,fave,215.7617763822937,78.99968416054946,9,respondiendo,"",0.32999999999992724,[silence],los,r,s,r,s,internal
340.4183451611507,2139.0393820745558,2998.2329611211658,3.3120079173316292,3.5012232824449416,3.202998280433841,6769.2307692307695,0.04179311473871208,3074.58075,0.121,0.33241758241758235,0-0-4683-6,e,51a17262-Audio_SP18.v0,group_0,1,fave,183.43368279830895,75.04081268205273,9,mensajes,"",0.3400000000001455,los,de,x,s,x,s,internal
429.43737578285584,2112.077590037026,3060.2330598449353,3.2436047704379867,2.7772494284107774,2.409786960900967,6769.2307692307695,0.00019684212984667567,3075.0077499999998,0.035,0.3365384615384616,0-0-4684-1,e,51a17262-Audio_SP18.v0,group_0,1,fave,192.58305548333675,78.29040768080401,9,de,"",0.08000000000038199,mensajes,soporte,d,#,d,s,final
722.3044893460456,1751.5807391340325,3099.8493006765325,3.1430233330951047,3.441121824660608,3.710392655800656,6948.717948717948,0.000081683338429369,3100.64575,0.031,0.32978723404255317,0-0-4699-1,e,51a17262-Audio_SP18.v0,group_0,1,fave,283.6093789943477,83.3111638376254,9,perfectamente,"",0.06999999999970896,todo,.,p,R,p,R,internal
576.6829593101066,1935.399328965595,2937.8343028280224,3.460736560192011,2.9784260558330797,3.31604899988002,6948.717948717948,0.0010388628393371195,3101.5937500000005,0.047,0.3263888888888889,0-0-4699-12,e,51a17262-Audio_SP18.v0,group_0,1,fave,199.3769904529885,81.43020004421142,9,perfectamente,"",0.11999999999989086,todo,.,t,#,t,.,final
541.8494488337428,3046.2435229568214,4260.7176175883515,2.9617938485423405,2.440101981468575,4.173023977891265,9820.51282051282,0.0003199368008988671,3127.38575,0.031,0.32978723404255317,0-0-4710-0,e,51a17262-Audio_SP18.v0,group_0,1,fave,309.84058058195745,81.75083574504815,9,en,"",0.07000000000016371,[silence],cuanto,#,n,.,n,initial
579.34579709006,1804.9755246382213,2864.5672605034015,3.3801158939051907,3.1668665232557887,4.194313677977146,7128.205128205128,0.000011859980721948743,3128.38275,0.025,0.33783783783783783,0-0-4714-1,e,51a17262-Audio_SP18.v0,group_0,1,fave,196.07318692363833,80.23351116529908,9,remuneración,"",0.0500000000001819,la,[silence],r,m,r,m,internal
645.3447315346393,1990.6785193952048,3071.914309189198,3.6398207252081063,3.1060682085376463,3.1238272208367026,6410.25641025641,0.00015007035601544573,3128.6587499999996,0.037,0.32456140350877194,0-0-4714-5,e,51a17262-Audio_SP18.v0,group_0,1,fave,188.6007236616993,80.33176503222641,9,remuneración,"",0.09000000000014552,la,[silence],n,R,n,R,internal
505.53345798795766,2987.1021782376247,3776.262803866154,2.968438189292192,3.571292028922073,4.542462860237869,8025.641025641025,0.009139411689676295,3131.67875,0.097,0.3299319727891157,0-0-4719-1,e,51a17262-Audio_SP18.v0,group_0,1,fave,187.5591141132607,79.4104068796654,9,te,"",0.2699999999999818,que,[silence],t,#,t,.,final
460.4066253026623,2989.645440438539,4244.906865974139,2.714943749118497,2.8656278366489425,4.070585556430928,9820.51282051282,0.0006502764421327494,3132.3687499999996,0.037000000000000005,0.324561403508772,0-0-4722-4,e,51a17262-Audio_SP18.v0,group_0,1,fave,236.2942680797594,82.13592060914321,9,exigen,"",0.09000000000014552,[silence],[silence],x,n,x,n,internal
648.0678703840277,1887.8005593491966,3146.0297653878274,3.6962647895162934,2.960203740119062,3.97599394698342,6589.74358974359,0.00024640507544902766,3141.44775,0.035,0.33653846153846156,0-0-4734-5,e,51a17262-Audio_SP18.v0,group_0,1,fave,205.6724954090891,80.04210220595947,9,remuneración,"",0.08000000000038199,la,es,n,R,n,R,internal
526.4849774751985,2134.867676356569,3080.409825857075,2.9129811951041447,4.059600074631163,3.199329683068618,6410.25641025641,0.0038218764486687806,3145.54575,0.051000000000000004,0.3311688311688312,0-0-4746-8,e,51a17262-Audio_SP18.v0,group_0,1,fave,315.6198808225585,78.52883328564971,9,Microworkers,"",0.13000000000010914,a,",",k,R,k,R,internal
426.10715680675537,2684.624403269829,2911.9390397389716,3.045049468424758,3.49338084598343,3.6389720460459936,7487.179487179487,0.005028989267345741,36.91475,0.169,0.33531746031746024,0-0-5-4,y,51a17262-Audio_SP18.v0,group_0,1,fave,214.6765138909571,78.04710369064848,9,estoy,"",0.480000000000004,ahorita,[silence],ó,#,ó,.,final
394.4927060633715,2693.0225695694025,2989.6438339608053,2.7372655099404066,2.677446798565979,2.697863681636641,6051.282051282051,0.003369279903073284,47.33875,0.217,0.3318042813455657,0-0-28-2,y,51a17262-Audio_SP18.v0,group_0,1,fave,177.84850792159173,73.11319588818424,9,soy,"",0.6300000000000026,bueno,[silence],ó,#,ó,.,final
404.00199956672895,2646.343230892914,2999.4517925947825,2.5867700147983568,2.4663680229416154,2.788241978370812,6051.282051282051,0.007580865371193677,69.11575,0.13099999999999998,0.33248730964466994,0-0-51-4,y,51a17262-Audio_SP18.v0,group_0,1,fave,231.67127313341254,76.96209117375511,9,estoy,"",0.37000000000000455,no,[silence],ó,#,ó,.,final
587.2148846693897,2193.6757029660807,2902.3818354566415,3.397964914941397,3.607949265077079,3.1396570671838306,6051.282051282051,0.00022505101273326728,110.02875,0.037000000000000005,0.324561403508772,0-0-121-2,y,51a17262-Audio_SP18.v0,group_0,1,fave,224.13601304341103,80.22694816555097,9,soy,"",0.0899999999999892,",",licenciada,ó,#,ó,l,final
501.62377642235697,2117.535847517326,3046.6513630679387,3.6515021057606996,3.8748795821621997,3.7109174123022,6051.282051282051,0.0000880847714487002,170.50375000000003,0.027000000000000003,0.32142857142857145,0-0-223-1,y,51a17262-Audio_SP18.v0,group_0,1,fave,191.5489933205439,74.68346088950199,9,ayudándoles,"",0.060000000000002274,pues,en,a,u,a,u,internal
347.35160263441696,2277.0309305481137,3155.594653749472,3.328904360600581,3.2546563243165325,3.6331282102186666,5871.794871794871,0.0037732576360554526,219.43075000000002,0.041,0.3306451612903226,0-0-315-3,y,51a17262-Audio_SP18.v0,group_0,1,fave,237.71212783741112,76.4929002020489,9,fluyendo,"",0.09999999999999432,va,[silence],u,é,u,é,internal
225.97148488958499,1694.3733242652254,2214.011350495093,2.425367875835128,3.971699629417357,3.979144179463352,4256.410256410256,0.0015119826210848503,242.61575,0.031,0.32978723404255317,0-0-381-0,y,51a17262-Audio_SP18.v0,group_0,1,fave,-150.808680950647,56.83331029474408,9,ya,"",0.06999999999999318,[silence],depende,#,á,.,á,initial
519.3982609756836,2293.57322080563,2891.366308922991,2.9390327010315023,3.1419013418948984,3.1145264167926983,5692.3076923076915,0.00006408571469659087,273.83574999999996,0.031,0.32978723404255317,0-0-435-3,y,51a17262-Audio_SP18.v0,group_0,1,fave,98.83352697028984,78.91836326191049,9,estoy,"",0.06999999999999318,donde,ahora,ó,#,ó,a,final
492.08484396356056,2450.841760587009,3332.834677045541,2.6432433857208513,3.3010429629565547,3.493338532058856,5692.3076923076915,0.0006123732087243932,299.46375,0.047,0.3263888888888889,0-0-479-0,y,51a17262-Audio_SP18.v0,group_0,1,fave,241.48234118819437,74.22777003275466,9,YouTube,"",0.12000000000000455,de,[silence],#,o,e,o,initial
393.1068528471078,2052.644769175818,2654.548003480315,3.219322378411663,3.5362957503570236,3.338464825215569,6589.74358974359,0.0035513029800408767,365.95875,0.037,0.32456140350877194,0-0-584-0,y,51a17262-Audio_SP18.v0,group_0,1,fave,197.07204111501682,73.32581583867508,9,Youtuber,"",0.08999999999997499,un,[silence],#,o,n,o,initial
506.7710079962087,2612.163310391024,3253.487790631132,2.521301825580978,3.7416992488077563,3.9435995366340824,6230.7692307692305,0.00022119498839718926,546.13775,0.035,0.33653846153846156,0-0-842-1,y,51a17262-Audio_SP18.v0,group_0,1,fave,257.74040664997517,83.17177605825677,9,hay,"",0.08000000000004093,[silence],unas,á,#,á,ú,final
445.0506049845993,2584.1138356816373,3186.5987172598543,3.27511905014013,3.0874446070176025,3.633513217428723,6230.7692307692305,0.001813390706733251,599.4127500000001,0.065,0.33505154639175255,0-0-923-1,y,51a17262-Audio_SP18.v0,group_0,1,fave,234.1022527722121,79.38843809342924,9,hay,"",0.16999999999995907,",",unas,á,#,á,ú,final
505.96127103197256,2488.459344569501,3160.6216224740656,2.8832797317789924,4.0557218349273,3.840967345228683,6230.7692307692305,0.00041983447890174335,760.0037500000001,0.047,0.3263888888888889,0-0-1146-1,y,51a17262-Audio_SP18.v0,group_0,1,fave,196.40429015452432,81.09428642060234,9,hay,"",0.12000000000000455,[silence],unas,á,#,á,ú,final
440.9245603486501,704.9482869798971,1549.1600749200034,2.0857489295093354,3.60948594713685,4.03328472815814,3358.974358974359,0.0003878411833526129,788.50775,0.035,0.3365384615384616,0-0-1189-1,y,51a17262-Audio_SP18.v0,group_0,1,fave,222.19593078600403,81.8341509001113,9,hay,"",0.08000000000004093,",",unas,á,#,á,ú,final
501.3090467191483,1932.5077388360194,3256.4094752211076,3.5601309739860287,4.437944165080274,4.429138462421234,6769.2307692307695,0.0028875006481438184,828.81375,0.027000000000000003,0.32142857142857145,0-0-1228-1,y,51a17262-Audio_SP18.v0,group_0,1,fave,267.880717426892,83.00595289609684,9,Hay,"",0.06000000000005912,[silence],unas,á,#,á,ú,final
505.51789336456824,3040.936855997656,3620.460723142253,2.642587190939024,3.7375284944931626,3.8700055618651135,6410.25641025641,0.0008798965886542124,1019.40575,0.031,0.32978723404255317,0-0-1519-0,y,51a17262-Audio_SP18.v0,group_0,1,fave,178.4490412444861,73.89861314179927,9,YouTubers,"",0.07000000000005002,los,.,#,o,s,o,initial
415.4561739198757,2738.3663066341187,2945.615699829225,2.3053259903131464,3.478984833335629,3.137988222868565,6051.282051282051,0.001021928439872882,1051.82775,0.095,0.33450704225352107,0-0-1572-1,y,51a17262-Audio_SP18.v0,group_0,1,fave,180.4281122402713,80.21241410650408,9,hay,"",0.2599999999999909,Sí,YouTubers,á,#,á,y,final
342.2568627036485,2820.189618779074,3512.059375391465,1.9887738281231366,3.3401052313980486,3.790639795302523,5871.794871794871,0.0005566731986550186,1052.05875,0.037000000000000005,0.324561403508772,0-0-1573-0,y,51a17262-Audio_SP18.v0,group_0,1,fave,175.8889020908338,77.1577759037307,9,YouTubers,"",0.09000000000014552,hay,.,#,o,y,o,initial
505.12807644652725,2027.2208662529035,3088.3391770615053,2.763012642660992,3.3026130655668124,3.3511803469238344,6230.7692307692305,0.001337910177361159,1053.23775,0.07500000000000001,0.3348214285714286,0-0-1575-1,y,51a17262-Audio_SP18.v0,group_0,1,fave,179.53556102975725,79.8424263523319,9,Hay,"",0.20000000000004547,.,personas,á,#,á,p,final
333.1916994716155,2895.563679068366,3278.7665305687165,2.3545714760746645,3.151966809091953,4.036931500682614,6051.282051282051,0.0003342373069678044,1081.57875,0.037000000000000005,0.324561403508772,0-0-1611-0,y,51a17262-Audio_SP18.v0,group_0,1,fave,167.43573958995736,73.41600809067396,9,ya,"",0.09000000000014552,",",[silence],#,á,"",á,initial
275.81000943849045,2017.8047435987603,4297.419588108834,2.6060339376119455,4.324328880538921,4.410610476808305,7307.692307692308,0.021657321264419545,1086.28775,0.055,0.33536585365853655,0-0-1622-0,y,51a17262-Audio_SP18.v0,group_0,1,fave,198.4943593644788,75.9885348780779,9,Ya,"",0.14000000000010004,[silence],comprende,#,á,.,á,initial
391.0548496548094,2003.0899503276917,2838.6775812007254,2.271453532990744,3.3986681940734407,2.551847260961533,5692.3076923076915,0.000013597756838872003,1112.96375,0.027000000000000003,0.32142857142857145,0-0-1693-3,y,51a17262-Audio_SP18.v0,group_0,1,fave,99.88968897317308,77.59471172190072,9,estoy,"",0.05999999999994543,no,segura,ó,#,ó,s,final
493.606511507576,2627.400948686064,3326.6416578098892,3.373039157277551,3.396342224134887,4.375030617244781,6051.282051282051,0.003568087977316451,1175.35575,0.031,0.32978723404255317,0-0-1812-0,y,51a17262-Audio_SP18.v0,group_0,1,fave,236.7437100068901,71.78404371793475,9,ya,"",0.07000000000016371,y,pierdes,#,á,i,á,initial
497.8258441567823,1516.4336587102289,2163.184016615216,2.9642561412102464,4.322337622967646,4.176813995361252,4974.358974358975,0.1486201441940652,1228.87575,0.131,0.33248730964466994,0-0-1911-0,y,51a17262-Audio_SP18.v0,group_0,1,fave,227.72331174034383,73.25213900463699,9,Ya,"",0.37000000000011823,.,.,#,á,"",á,initial
364.9437339940155,1566.8416735277729,2636.114303055907,2.5199136970460856,4.4115906835458,4.24159848240088,4974.358974358975,0.038757911076590254,1256.30875,0.057,0.32758620689655177,0-0-1932-0,y,51a17262-Audio_SP18.v0,group_0,1,fave,183.66940203936824,74.19194745118543,9,ya,"",0.15000000000009095,",",.,#,á,.,á,initial
471.59229502046963,1953.43027687702,3177.5867012194353,2.9027751346930604,4.440685601342455,4.495234247740097,5512.820512820513,0.002326833552043033,1265.1137499999998,0.027000000000000003,0.32142857142857145,0-0-1958-0,y,51a17262-Audio_SP18.v0,group_0,1,fave,207.45747992778735,76.65740768687824,9,ya,"",0.060000000000172804,",",.,#,á,.,á,initial
582.1449176021655,2737.83218492885,3460.630850417536,4.343819126022807,3.4121577285345914,4.319792731745636,5871.794871794871,0.012492208420060753,1266.52575,0.031,0.32978723404255317,0-0-1964-1,y,51a17262-Audio_SP18.v0,group_0,1,fave,NaN,50.45736995066349,9,hay,"",0.06999999999993634,por,consulto,á,#,á,k,final
463.85235970454664,2983.903071732045,4534.057962295884,3.740775256160015,2.938474300373687,4.687235439743518,9641.02564102564,0.0019756418851707503,1267.14375,0.027000000000000003,0.32142857142857145,0-0-1967-1,y,51a17262-Audio_SP18.v0,group_0,1,fave,234.88011673684366,72.02100589096634,9,hay,"",0.05999999999994543,que,que,á,#,á,k,final
406.6293278513625,3220.0718990131545,4802.649519876577,3.3259421529521047,4.469681884364404,4.075050473128597,7846.153846153846,0.0027089048846312405,1268.82775,0.035,0.33653846153846156,0-0-1974-2,y,51a17262-Audio_SP18.v0,group_0,1,fave,171.94672781508086,74.37425169083119,9,leyendo,"",0.08000000000015461,y,[silence],e,é,e,é,internal
493.1973730014527,2009.8909019053422,2931.05991104445,2.520899116805927,4.0099844451388185,3.163753261677231,5692.3076923076915,0.0010168350552227732,1323.56875,0.037,0.32456140350877194,0-0-2047-1,y,51a17262-Audio_SP18.v0,group_0,1,fave,188.82791536038678,82.69525646302871,9,hay,"",0.09000000000014552,cuando,un,á,#,á,ú,final
310.08724866178494,1813.8246475894564,2842.2055725606333,2.979055532607574,4.100979034614156,4.235368983115356,6051.282051282051,0.005441119549213464,1381.9607500000002,0.041,0.3306451612903226,0-0-2119-0,y,51a17262-Audio_SP18.v0,group_0,1,fave,254.31728410850405,72.42727470494209,9,ya,"",0.09999999999990905,[silence],[silence],#,á,&,á,initial
303.2629152826038,519.4860053358778,1252.712171030282,2.430787066657916,3.971799733204374,4.506641229377431,3538.4615384615386,0.016662508910759023,1398.68875,0.037000000000000005,0.324561403508772,0-0-2133-2,y,51a17262-Audio_SP18.v0,group_0,1,fave,239.51632891761264,71.10246019397995,9,muy,"",0.08999999999991815,[silence],poca,ú,#,ú,p,final
329.33066040629734,2690.845347367291,4352.43613253432,3.258145683570831,4.721720010962637,4.512568321228382,7487.179487179487,0.0011097411807787253,1422.9737499999999,0.027000000000000003,0.32142857142857145,0-0-2161-0,y,51a17262-Audio_SP18.v0,group_0,1,fave,180.50572183402167,71.04486214760851,9,yo,"",0.05999999999994543,[silence],[silence],#,ó,.,ó,initial
437.6315595250573,2785.9746316266496,3102.2593589258763,3.0200307850160217,4.375872894197981,3.7943408253131428,7666.666666666666,0.008303243552211091,1438.6627499999997,0.08499999999999999,0.33464566929133854,0-0-2200-1,y,51a17262-Audio_SP18.v0,group_0,1,fave,230.59196518032903,80.87108170853882,9,hay,"",0.2300000000000182,[silence],cosas,á,#,á,k,final
450.20345083380414,1890.1210767786313,3142.040917564273,2.7868568889144942,4.052537025585517,3.163648159132078,6230.7692307692305,0.004830735142238909,1446.4057500000001,0.051000000000000004,0.3311688311688312,0-0-2223-1,y,51a17262-Audio_SP18.v0,group_0,1,fave,217.94262985492122,80.4430902383458,9,Hay,"",0.12999999999988177,[silence],unos,á,#,á,ú,final
260.58753424467545,1680.8348402227525,3203.6254367642655,3.064639072792311,4.481997655178224,4.205228882459571,5871.794871794871,0.009438880815672086,1495.95875,0.037000000000000005,0.324561403508772,0-0-2316-0,y,51a17262-Audio_SP18.v0,group_0,1,fave,185.20598118402427,68.37507188266181,9,ya,"",0.08999999999991815,[silence],no,#,á,.,á,initial
501.6702159522825,1964.2448925082952,3059.7877824254074,3.2686617085425964,3.954841173938219,3.5078122610327056,6589.74358974359,0.0005794680663982672,1503.94575,0.031,0.32978723404255317,0-0-2337-1,y,51a17262-Audio_SP18.v0,group_0,1,fave,190.59945621367086,78.73150579403755,9,Hay,"",0.06999999999993634,[silence],meses,á,#,á,m,final
412.90438209072175,2356.7412377353653,3071.32530085203,2.6852267143366864,3.9769698105660263,3.6093684798055437,7487.179487179487,0.0016588408366458062,1506.7337499999999,0.047,0.3263888888888889,0-0-2346-1,y,51a17262-Audio_SP18.v0,group_0,1,fave,203.86403431937472,80.63880121013509,9,Hay,"",0.11999999999989086,[silence],otros,á,#,á,ó,final
519.8894859191286,1515.1654931541311,2968.7299181371195,2.5887022741917978,3.3852178101045736,3.157538019982715,5512.820512820513,0.000058739234755257816,1628.42575,0.031,0.32978723404255317,0-0-2477-4,y,51a17262-Audio_SP18.v0,group_0,1,fave,174.3972604174051,80.32378197655618,9,estoy,"",0.06999999999993634,[silence],.,ó,#,ó,.,final
514.6734100651222,2654.9520436422767,3122.0921986054773,2.5515843913179146,3.2036539563350264,2.6397028552788546,6769.2307692307695,0.001449250530142058,1830.21275,0.045,0.33582089552238803,0-0-2725-2,y,51a17262-Audio_SP18.v0,group_0,1,fave,259.02454691165514,75.97014243223624,9,PayPal,"",0.10999999999989996,por,[silence],a,p,a,p,internal
532.9208587976331,2198.9298565423915,2959.858448726461,2.979467270766287,3.637325440596085,3.1581581482824728,6230.7692307692305,0.00008546937413729129,1854.0537499999998,0.027000000000000003,0.32142857142857145,0-0-2760-2,y,51a17262-Audio_SP18.v0,group_0,1,fave,224.85768452469068,81.8231974461443,9,muy,"",0.05999999999994543,es,baja,ú,#,ú,b,final
376.3120546508682,1718.8965050482122,2832.2125467177325,2.306110818627982,3.4729441384166932,3.9025906398921646,4435.897435897436,0.0002231267393856495,1930.58775,0.035,0.3365384615384616,0-0-2818-0,y,51a17262-Audio_SP18.v0,group_0,1,fave,197.05767096374552,78.13480724136214,9,yo,"",0.08000000000015461,sí,pienso,#,ó,í,ó,initial
363.6847276615513,3075.9271010316324,4418.041685455373,2.02493020085903,2.8617312009679705,4.04059762057571,7846.153846153846,0.003862772496780145,1940.6437499999997,0.047,0.3263888888888889,0-0-2840-2,y,51a17262-Audio_SP18.v0,group_0,1,fave,177.26110461278714,79.08469255793561,9,muy,"",0.12000000000011823,ser,ágil,ú,#,ú,a,final
406.28168449999714,2382.460762059366,3037.8094337452508,3.1400532487612214,4.270223915121287,3.4443260357803696,6410.25641025641,0.0026740949320156917,1965.75775,0.035,0.33653846153846156,0-0-2893-1,y,51a17262-Audio_SP18.v0,group_0,1,fave,197.00934022583948,76.74219638728151,9,hay,"",0.07999999999992724,entonces,personas,á,#,á,p,final
454.4214920004247,2246.27990441884,3088.25576296745,2.7794638467253487,4.074749105047885,3.3377340777841495,6051.282051282051,0.0003641644888402265,2004.1377499999999,0.035,0.33653846153846156,0-0-2940-4,y,51a17262-Audio_SP18.v0,group_0,1,fave,219.02946439593254,79.98011059352359,9,estoy,"",0.08000000000015461,no,tan,ó,#,ó,t,final
504.24273877467954,2132.083192302857,3123.451924974369,2.667158664851318,3.9254158813116193,3.680383508257019,5871.794871794871,0.008798184827292346,2011.95375,0.047,0.3263888888888889,0-0-2960-1,y,51a17262-Audio_SP18.v0,group_0,1,fave,169.57801574244414,75.64568054792984,9,ayudar,"",0.11999999999989086,para,a,a,u,a,u,internal
460.5697479229755,3285.9388081821508,4315.235390166321,3.2895934915400713,4.247170912475968,4.569689059997882,9102.564102564102,0.02304840155046016,2135.06275,0.045,0.33582089552238803,0-0-3049-1,y,51a17262-Audio_SP18.v0,group_0,1,fave,183.97770075205395,73.28468623588607,9,ayudaron,"",0.11000000000012733,me,.,a,u,a,u,internal
759.3730945059007,1908.737899718176,3481.6112201853125,3.1178517133784265,3.961532653449714,3.5251360999612786,5692.3076923076915,0.016260187767925902,2144.71275,0.065,0.33505154639175255,0-0-3069-1,y,51a17262-Audio_SP18.v0,group_0,1,fave,219.52638386846957,79.82297932992768,9,ayuda,"",0.17000000000007276,[silence],también,a,ú,a,ú,internal
443.22335487695005,1942.3605056895578,3054.051763205305,3.836968307309796,4.0848393807392736,3.7387805503950475,5692.3076923076915,0.004717683752648397,2146.0257500000002,0.031,0.32978723404255317,0-0-3072-0,y,51a17262-Audio_SP18.v0,group_0,1,fave,171.20390214131328,71.72032187588277,9,YouTube,"",0.06999999999970896,en,.,#,o,n,o,initial
652.5217599977285,2016.8437442508139,3113.237169360786,3.419494698745168,3.6503340821856196,3.5663035429717254,5871.794871794871,0.002544513779636335,2231.35875,0.037000000000000005,0.324561403508772,0-0-3235-1,y,51a17262-Audio_SP18.v0,group_0,1,fave,212.72144675247472,74.31744875963261,9,ayúdenme,"",0.08999999999969077,",",",",a,u,a,u,internal
404.448886305867,2495.3527337430946,2988.8117308809915,2.751325905108836,3.6072341618994983,3.359679619668446,5871.794871794871,0.0007890948887021417,2232.23275,0.045,0.33582089552238803,0-0-3237-3,y,51a17262-Audio_SP18.v0,group_0,1,fave,99.32781731756414,78.63263252189816,9,estoy,"",0.11000000000012733,",",iniciando,ó,#,ó,i,final
231.15743306481463,2073.174137724414,3308.029127965987,3.0913784153616204,3.535056471274563,3.5310741845327844,5333.333333333333,0.03929333070832113,2251.95875,0.037,0.32456140350877194,0-0-3256-0,y,51a17262-Audio_SP18.v0,group_0,1,fave,187.75477528239577,70.3821404985915,9,Yo,"",0.09000000000014552,[silence],creo,#,ó,.,ó,initial
431.00215972853505,1903.3017676636018,3141.5642068136776,2.7201279514576497,3.9600347175380888,2.735698288899005,5871.794871794871,0.0008426645091097071,2365.5987499999997,0.037000000000000005,0.324561403508772,0-0-3453-1,y,51a17262-Audio_SP18.v0,group_0,1,fave,203.28056010425706,80.40138502581215,9,ayudando,"",0.09000000000014552,[silence],ya,a,u,a,u,internal
393.82031334366434,1987.3777193523838,3045.962304608512,3.073529420954862,3.6628660723106763,3.7819026150685637,6051.282051282051,0.0003131659811314866,2365.96575,0.031,0.32978723404255317,0-0-3454-0,y,51a17262-Audio_SP18.v0,group_0,1,fave,182.25455176705532,73.69538203547646,9,ya,"",0.07000000000016371,ayudando,luego,#,á,o,á,initial
613.1039702958678,2745.3886238725067,3958.0575409376506,3.7174302761769296,4.028388680565773,4.243366658670573,8564.102564102563,0.008122777983146997,2374.0237500000003,0.047,0.3263888888888889,0-0-3479-0,y,51a17262-Audio_SP18.v0,group_0,1,fave,198.74793627227226,71.63036112916501,9,ya,"",0.11999999999989086,pero,luego,#,á,o,á,initial
415.8628953419319,2232.62998466704,3098.0494002488763,2.412889507806232,3.5957288921720054,3.0515750868978775,5512.820512820513,0.00026603071190025587,2375.89575,0.031,0.32978723404255317,0-0-3486-0,y,51a17262-Audio_SP18.v0,group_0,1,fave,205.8556109915042,76.89593587544815,9,ya,"",0.06999999999970896,",",de,#,á,.,á,initial
430.1375962435175,1786.953230964416,3046.441799345381,3.4735565101497667,4.439245125182395,3.4602641753493932,6051.282051282051,0.02087370219438027,2376.7337500000003,0.047,0.3263888888888889,0-0-3490-1,y,51a17262-Audio_SP18.v0,group_0,1,fave,205.64709317985594,78.71541630529534,9,oye,"",0.11999999999989086,",",",",ó,e,ó,e,internal
492.83543505150544,679.3495759548008,1954.392507385411,2.298199509257597,3.2750384872086475,3.330933795343375,3538.4615384615386,0.0005626110196259985,2379.27775,0.035,0.33653846153846156,0-0-3501-0,y,51a17262-Audio_SP18.v0,group_0,1,fave,175.5682517533334,74.33623598458684,9,yendo,"",0.07999999999992724,está,[silence],#,é,a,é,initial
195.35338619938352,1934.2809756213833,3378.509845915639,2.448997149309619,4.70113700236735,4.28628695977386,7487.179487179487,0.012482400279051143,2390.7577499999998,0.035,0.33653846153846156,0-0-3532-0,y,51a17262-Audio_SP18.v0,group_0,1,fave,207.3050891749112,70.1697454486946,9,Ya,"",0.08000000000038199,.,nos,#,á,.,á,initial
405.36230703562364,2856.6257805302625,3213.110934562337,2.038796010016408,2.7000066816184365,3.1246612581636573,5871.794871794871,0.005358918595150742,2496.9357499999996,0.211,0.332807570977918,0-0-3680-1,y,51a17262-Audio_SP18.v0,group_0,1,fave,227.80856640322403,76.81793607135687,9,Hay,"",0.6100000000001273,[silence],[silence],á,#,á,.,final
443.9056725493955,2138.7931942150767,3279.5253701403617,3.4091414187238764,4.454203252023591,3.9151194280640595,5512.820512820513,0.001781461081890129,2498.11075,0.041,0.3306451612903226,0-0-3682-2,y,51a17262-Audio_SP18.v0,group_0,1,fave,233.5827500814992,79.2576878658438,9,mayormente,"",0.09999999999990905,[silence],son,a,o,a,o,internal
529.0251990200479,2041.550887341212,3046.3136809715647,2.917618965404458,4.185246600629257,3.0562476222281103,6051.282051282051,0.0004911168973947864,2504.7907499999997,0.041,0.3306451612903226,0-0-3689-1,y,51a17262-Audio_SP18.v0,group_0,1,fave,192.0932147386905,82.75334270449305,9,Hay,"",0.09999999999990905,%%,otras,á,#,á,ó,final
414.89892684300014,2793.6760970746454,3064.7540233758486,2.7728029839671944,4.182640363715117,4.022935090515377,8564.102564102563,0.0080863930685995,2658.6077499999997,0.095,0.334507042253521,0-0-3874-1,y,51a17262-Audio_SP18.v0,group_0,1,fave,209.81636414820434,79.23937045688625,9,hay,"",0.2600000000002183,pues,más,á,#,á,m,final
414.7001567609153,2808.924126255412,3355.8675504598655,2.4386905879040723,3.8341321737680905,3.3490094933515056,6230.7692307692305,0.0007093199955666385,2661.80075,0.041,0.3306451612903226,0-0-3881-1,y,51a17262-Audio_SP18.v0,group_0,1,fave,211.60615279245368,79.92744416919315,9,hay,"",0.09999999999990905,",",otros,á,#,á,ó,final
259.3612303317662,2142.775010972924,3320.436415478481,2.6011167594269877,4.6560015610777805,4.466482124879321,5871.794871794871,0.004159248481535084,2743.18875,0.037000000000000005,0.324561403508772,0-0-3984-0,y,51a17262-Audio_SP18.v0,group_0,1,fave,171.25854396358824,62.9765660307753,9,ya,"",0.09000000000014552,[silence],lo,#,á,.,á,initial
702.5893949789751,1693.929680633599,2915.2463078580936,2.8653074773367435,3.5954110696163193,3.508442677609936,5871.794871794871,0.0019203781440543174,2759.7687499999997,0.037000000000000005,0.324561403508772,0-0-4025-1,y,51a17262-Audio_SP18.v0,group_0,1,fave,180.5903600889514,73.73267481603743,9,ayudó,"",0.09000000000014552,nos,mucho,a,ú,a,ú,internal
496.158000108322,2825.5594021333195,3171.483781952448,3.5540759553146724,2.800599298259613,3.6088195293743763,7487.179487179487,0.006642176332777734,2772.14875,0.057,0.3275862068965517,0-0-4054-1,y,51a17262-Audio_SP18.v0,group_0,1,fave,234.53919394651302,81.63065993377533,9,hay,"",0.15000000000009095,no,otra,á,#,á,ó,final
637.7104345459206,1599.414768781307,2694.821180436967,3.2952729035858033,4.289491935879599,3.88838698635617,5512.820512820513,0.004489302381403935,2780.2387499999995,0.037000000000000005,0.324561403508772,0-0-4076-2,y,51a17262-Audio_SP18.v0,group_0,1,fave,228.78328150753174,62.888285913308835,9,mayores,"",0.09000000000014552,son,son,a,ó,a,ó,internal
490.00638235906985,2102.1519060779083,3065.8736388310613,2.7008941448779673,4.328135569207152,3.335338207864557,6410.25641025641,0.001369639281826323,2782.53075,0.041,0.3306451612903226,0-0-4081-1,y,51a17262-Audio_SP18.v0,group_0,1,fave,171.98931312022845,78.26603492465925,9,hay,"",0.09999999999990905,y,que,á,#,á,k,final
363.72104367552294,2107.2624466950056,3117.933420421224,3.393046143961635,3.897079419766789,3.9442557531263875,5871.794871794871,0.012529626190897238,2821.4377499999996,0.055,0.33536585365853655,0-0-4182-0,y,51a17262-Audio_SP18.v0,group_0,1,fave,198.38344083282487,76.29466640467896,9,ya,"",0.14000000000032742,pueda,[silence],#,á,a,á,initial
398.0671618973494,3010.8925499012353,3865.194565845914,3.416364884235119,3.155113178778327,5.019853848742393,7487.179487179487,0.00009310731402596456,2884.40275,0.025,0.33783783783783783,0-0-4289-2,y,51a17262-Audio_SP18.v0,group_0,1,fave,243.52857651953488,82.86409200092251,9,muy,"",0.0500000000001819,es,continuo,ú,#,ú,k,final
426.8659455574312,2700.750639378999,2948.4252063686417,3.5089502662776915,4.1737054298451355,3.415165561156116,6589.74358974359,0.04825360311984787,2900.9787499999998,0.097,0.3299319727891157,0-0-4322-2,y,51a17262-Audio_SP18.v0,group_0,1,fave,245.08444229797522,79.68133464490049,9,muy,"",0.2699999999999818,estar,[silence],ú,#,ú,®,final
324.6722718589691,2868.911913350397,3257.2818557248147,3.6038984063224966,3.6487923941799165,3.5572115754408893,6410.25641025641,0.0364243282897926,2907.26275,0.045,0.33582089552238803,0-0-4335-2,y,51a17262-Audio_SP18.v0,group_0,1,fave,244.6769425486625,74.09238860350084,9,tuyos,"",0.11000000000012733,los,",",ú,o,ú,o,internal
403.57710429304785,3003.5327113577378,3773.566703711892,2.884977452327853,3.5515046707756204,4.592897307024899,6589.74358974359,0.001048343869728998,2912.99375,0.027000000000000003,0.32142857142857145,0-0-4354-0,y,51a17262-Audio_SP18.v0,group_0,1,fave,208.15639642633894,72.07465993988468,9,ya,"",0.05999999999994543,y,llega,#,á,i,á,initial
344.15429693045917,2630.521083825351,3037.6907206805017,2.4750955167617392,3.7482671651163137,3.9783512937515875,5871.794871794871,0.0022449617062460453,2959.4607499999997,0.041,0.3306451612903226,0-0-4472-5,y,51a17262-Audio_SP18.v0,group_0,1,fave,190.77777552412726,72.14605070086802,9,influye,"",0.09999999999990905,Internet,muchísimo,ú,e,ú,e,internal
510.0822424955394,2035.6665689179524,3056.7096349653016,3.0012115060712286,3.817454300621082,3.6000011518242245,5153.846153846154,0.00025501423963500094,2961.06575,0.031,0.32978723404255317,0-0-4478-2,y,51a17262-Audio_SP18.v0,group_0,1,fave,175.7341350944329,77.76728065253116,9,cayó,"",0.06999999999970896,[silence],la,á,o,á,o,internal
453.05259525379233,3123.828364213988,3381.453079688744,2.6563247715641114,3.61609137454707,4.22684872573783,6948.717948717948,0.0066006203872345775,3049.07775,0.055,0.3353658536585366,0-0-4633-2,y,51a17262-Audio_SP18.v0,group_0,1,fave,126.99234180852555,74.50408911868263,9,muy,"",0.13999999999987267,es,inmediata,ú,#,ú,i,final
487.6574156880507,2778.843728989409,4536.564171308692,3.7022774517120527,3.716257516698692,4.390697440644057,10000.0,0.003453224348421676,3061.7107499999997,0.041,0.3306451612903226,0-0-4667-2,y,51a17262-Audio_SP18.v0,group_0,1,fave,200.33490328821426,74.16860911092408,9,muy,"",0.09999999999990905,es,bueno,ú,#,ú,b,final
395.81322123082043,3090.2634103841146,4558.915345793001,2.9017566767389322,3.233541779120855,4.497700874952514,9641.02564102564,0.0278806848658694,3130.32775,0.13499999999999998,0.33415841584158407,0-0-4716-1,y,51a17262-Audio_SP18.v0,group_0,1,fave,234.64862301584887,78.606017162557,9,Hay,"",0.3799999999996544,[silence],trabajos,á,#,á,t,final
560.2048628532882,1487.9436391521915,2589.2188614859424,2.6495015916204396,3.7230186155094316,4.691646520018597,4615.384615384615,0.00020491448296904794,37.963750000000005,0.027000000000000003,0.32142857142857145,0-0-7-7,o,51a17262-Audio_SP18.v0,group_0,1,fave,189.1638726060541,78.54587534804581,9,viviendo,"",0.05999999999999517,[silence],con,d,#,d,k,final
549.5734081873255,918.7322972401471,2680.6152842799897,3.1857134950206163,2.6975539309314844,2.80239475322122,6051.282051282051,0.00018693868664401957,44.85875000000001,0.037000000000000005,0.324561403508772,0-0-21-3,o,51a17262-Audio_SP18.v0,group_0,1,fave,176.20562247676912,77.60409847837515,9,tocó,"",0.0899999999999963,me,estar,k,#,k,s,final
337.35658256656484,832.4406883367805,1325.3855585642973,2.871708782871579,3.0940832839611065,3.233741056874785,3000.0,0.00023439277934666423,46.96775,0.035,0.33653846153846156,0-0-27-4,o,51a17262-Audio_SP18.v0,group_0,1,fave,174.5712366916698,78.5881695300886,9,bueno,"",0.0799999999999983,Y,soy,n,#,n,s,final
606.7647706152941,1135.6555975806064,2600.4607069603107,3.135568013585986,3.770745780942843,3.9881841204055113,5333.333333333333,0.0004714016880754205,50.85875000000001,0.037,0.32456140350877194,0-0-38-0,o,51a17262-Audio_SP18.v0,group_0,1,fave,197.28762903619133,77.95589234779588,9,hogar,"",0.0899999999999963,el,[silence],#,g,l,g,initial
447.56540128307995,740.9383504711884,980.966787736751,2.499540761114629,3.15121040501554,3.090151804141773,3000.0,0.01421558051163428,73.02375,0.087,0.32954545454545453,0-0-58-6,o,51a17262-Audio_SP18.v0,group_0,1,fave,293.06167595772087,69.45336267053933,9,trabajo,"",0.23999999999999488,otro,[silence],x,#,x,.,final
579.0224076999767,1303.6283230298905,2784.7155329880966,3.8917970881292114,3.8071327419661043,3.1371154471646845,5153.846153846154,0.008960861129798766,73.94375,0.047,0.3263888888888889,0-0-60-3,o,51a17262-Audio_SP18.v0,group_0,1,fave,221.0088288380666,78.35282359368044,9,sólo,"",0.12000000000000455,[silence],%%,l,#,l,&,final
542.039860360908,1057.8345778131031,2557.152973495351,3.1347624578415205,3.7265515312714315,3.2883294375650767,5512.820512820513,0.002551733369068965,74.68875,0.037000000000000005,0.324561403508772,0-0-62-4,o,51a17262-Audio_SP18.v0,group_0,1,fave,170.45139625607948,76.58439238271798,9,Microworkers,"",0.09000000000000341,%%,y,R,o,R,o,internal
481.14225251814554,703.666403906273,2787.411520004495,3.4189870720675524,3.2883986669554734,2.7586972417412823,6230.7692307692305,0.0032600980161452725,74.78075,0.041,0.3306451612903226,0-0-62-5,o,51a17262-Audio_SP18.v0,group_0,1,fave,180.68004370907067,77.13460255884453,9,Microworkers,"",0.09999999999999432,%%,y,o,R,o,R,internal
539.4878324917519,1216.7160373548966,2642.905241449467,2.899955897910251,3.0563914093783002,3.3276056209726192,5692.3076923076915,0.00028065697035058456,77.43775,0.035,0.33653846153846156,0-0-69-4,o,51a17262-Audio_SP18.v0,group_0,1,fave,168.50935782587436,75.56401068363203,9,Microworkers,"",0.0799999999999983,de,también,R,o,R,o,internal
454.27608544673944,837.7460961017106,2704.3280160241466,2.5923866043993407,2.507927060159976,3.1435380082948523,5692.3076923076915,0.00030802121129696783,77.51875,0.037,0.32456140350877194,0-0-69-5,o,51a17262-Audio_SP18.v0,group_0,1,fave,173.11322080643038,76.63958330124682,9,Microworkers,"",0.09000000000000341,de,también,o,R,o,R,internal
562.5711966022485,909.4943241321864,1545.1050015824792,3.1830626284402954,3.2077076738685686,3.8023415667592553,3358.974358974359,0.00141490269802063,81.31875,0.037000000000000005,0.324561403508772,0-0-76-6,o,51a17262-Audio_SP18.v0,group_0,1,fave,308.0206168898551,82.4913334050316,9,ingresos,"",0.09000000000000341,esos,pues,s,s,s,s,internal
455.97684648076046,825.7887414333209,1310.5122909478716,4.085371243718303,3.0573652907714317,3.516670501873909,3358.974358974359,0.008417686156508185,85.56575000000001,0.051000000000000004,0.3311688311688312,0-0-84-5,o,51a17262-Audio_SP18.v0,group_0,1,fave,201.16714124181684,74.13233721203169,9,algunos,"",0.12999999999999545,cubrir,gastos,n,s,n,s,internal
582.5149927606849,1269.4918543906283,2223.3913442287094,3.109764574429244,3.549561829742697,4.512787821736209,4435.897435897436,0.0005248030172727014,86.02575,0.031,0.32978723404255317,0-0-85-4,o,51a17262-Audio_SP18.v0,group_0,1,fave,306.9350963401763,80.4406689861362,9,gastos,"",0.06999999999999318,algunos,[silence],t,s,t,s,internal
548.6328534449804,1244.681355433846,2412.7137221283047,3.521282034577263,3.752445161572695,4.6981003973936755,4615.384615384615,0.002097243647056981,96.73875,0.037,0.32456140350877194,0-0-106-4,o,51a17262-Audio_SP18.v0,group_0,1,fave,223.11270246753423,74.65490798159905,9,tanto,"",0.09000000000000341,[silence],tiempo,t,#,t,t,final
313.7678608255503,885.6588295995109,1416.4378681834628,4.089885626939904,3.19049118871153,3.8794413951655518,3717.948717948718,0.00035580791458000296,115.35375,0.027000000000000003,0.32142857142857145,0-0-133-5,o,51a17262-Audio_SP18.v0,group_0,1,fave,231.06659277059407,79.4919588209234,9,últimos,"",0.060000000000002274,los,tres,m,s,m,s,internal
261.89234706266785,786.4022408394304,1324.925336279142,2.8667713433956985,2.173440010638387,3.2858456280301485,3179.4871794871797,0.000204644001694852,116.19575,0.031,0.32978723404255317,0-0-136-2,o,51a17262-Audio_SP18.v0,group_0,1,fave,277.5623012581487,81.50073714095183,9,años,"",0.06999999999999318,[silence],antes,N,s,N,s,internal
561.0813170555645,834.7591608434628,1043.0414543058653,3.4783843471623297,2.7601822020415847,4.435541280696353,3897.4358974358975,0.011685374772368138,118.23075,0.08100000000000002,0.3319672131147542,0-0-143-3,o,51a17262-Audio_SP18.v0,group_0,1,fave,191.39769690528993,78.16236017092658,9,como,"",0.21999999999999886,estuve,[silence],m,#,m,.,final
530.848476189684,954.8389080288119,2982.4751926110957,3.1681856915397737,2.801586884240448,3.6322516643411973,5333.333333333333,0.00019316762656783722,119.35775,0.035,0.3365384615384616,0-0-145-1,o,51a17262-Audio_SP18.v0,group_0,1,fave,220.61722817785287,81.12883037429181,9,voluntaria,"",0.0799999999999983,[silence],",",b,l,b,l,internal
590.1441019050098,1425.4565770021086,2937.9828325609046,2.753041578226312,4.168482066649161,3.2682534002857295,5333.333333333333,0.00014072221509253978,121.72574999999999,0.031,0.32978723404255317,0-0-147-9,o,51a17262-Audio_SP18.v0,group_0,1,fave,202.1146412841214,81.12859845878779,9,atendiendo,"",0.07000000000000739,",",a,d,#,d,a,final
767.7812713382183,1367.3442160494774,2728.602708599248,3.482514720223703,4.302797277314786,3.7521167836941416,4435.897435897436,0.00005111570738691665,122.16375000000001,0.027000000000000003,0.32142857142857145,0-0-149-3,o,51a17262-Audio_SP18.v0,group_0,1,fave,233.53672909429673,80.22939719589773,9,niños,"",0.05999999999998806,a,[silence],N,s,N,s,internal
536.8382966668303,1314.5655797089264,2936.3029516800716,3.2236964553416216,3.7426315339210636,3.234030007261458,5512.820512820513,0.0005072587660426697,123.58275,0.045,0.33582089552238803,0-0-154-5,o,51a17262-Audio_SP18.v0,group_0,1,fave,204.17765061636024,78.33543602568037,9,riesgo,"",0.10999999999999943,de,social,g,#,g,s,final
479.0381017466817,704.8759287724519,1365.3405342961598,3.229418548083883,3.4409203770205283,4.089513087843695,3179.4871794871797,0.00011476503380169846,123.78375,0.027000000000000003,0.32142857142857145,0-0-155-1,o,51a17262-Audio_SP18.v0,group_0,1,fave,208.75320784271784,75.34630989387875,9,social,"",0.060000000000002274,riesgo,[silence],s,z,s,z,internal
512.549615265891,980.6230930550735,1942.4907059528143,3.2658665245609866,3.8131619660586322,4.281375904228962,4615.384615384615,0.00011826717331368583,143.65375,0.027000000000000003,0.32142857142857145,0-0-167-1,o,51a17262-Audio_SP18.v0,group_0,1,fave,240.70313810628227,82.92744622335272,9,Correcto,"",0.060000000000002274,[silence],",",k,r,k,r,internal
559.6184772352933,1294.427326753634,2588.532900995439,2.843277076729845,3.9358467626859914,4.5750084925455425,4974.358974358975,0.00019680104705618482,144.08375,0.027000000000000003,0.32142857142857145,0-0-167-6,o,51a17262-Audio_SP18.v0,group_0,1,fave,547.5183256141441,77.2498856784994,9,Correcto,"",0.060000000000002274,[silence],",",t,#,t,.,final
673.7943547025553,973.1318609217868,2323.4930269734496,3.301540633143506,3.2906014919050532,4.322421707906009,4256.410256410256,0.004041951208166415,145.27374999999998,0.10700000000000001,0.3302469135802469,0-0-171-3,o,51a17262-Audio_SP18.v0,group_0,1,fave,215.9974125928932,81.55989894650287,9,como,"",0.30000000000001137,licencié,[silence],m,#,m,.,final
566.4947932638627,1386.9534252164424,2404.826204456326,2.753848463046477,3.486457546043267,4.285104422133759,4256.410256410256,0.0009522152132527672,148.73874999999998,0.037000000000000005,0.324561403508772,0-0-176-7,o,51a17262-Audio_SP18.v0,group_0,1,fave,192.85449717222627,80.92450652964422,9,educación,"",0.09000000000000341,en,[silence],i,n,i,n,internal
496.14418325502186,787.4151306801336,1571.3590827532441,3.1541933700902334,3.5024602661559734,4.014922167390226,3897.4358974358975,0.0001504305706482089,152.53775000000002,0.035,0.33653846153846156,0-0-183-3,o,51a17262-Audio_SP18.v0,group_0,1,fave,237.4025256301868,84.04258166132723,9,esto,"",0.07999999999998408,[silence],me,t,#,t,m,final
583.4594429081175,1623.6262142349296,2526.132829143175,2.3901730594187223,4.212122190487233,3.613177263362198,4435.897435897436,7.714438310197462e-6,153.31375000000003,0.027000000000000003,0.32142857142857145,0-0-185-7,o,51a17262-Audio_SP18.v0,group_0,1,fave,190.16432820883406,81.3431646621145,9,permitió,"",0.060000000000002274,me,llegar,i,#,i,L,final
514.3791865976605,934.5958230927512,1955.4558503767203,3.182308308043478,3.1470975104734107,3.8469791523975707,4435.897435897436,0.00040126920214834217,155.68775,0.035,0.3365384615384616,0-0-189-1,o,51a17262-Audio_SP18.v0,group_0,1,fave,236.25081672125552,83.23606431763926,9,poder,"",0.0800000000000125,[silence],trabajar,p,d,p,d,internal
731.2849205150619,1011.6992873948135,2173.502827687247,2.7911301673739324,3.7551321720309594,4.176571581847899,4435.897435897436,6.438917294828096e-6,156.74375,0.027000000000000003,0.32142857142857145,0-0-191-3,o,51a17262-Audio_SP18.v0,group_0,1,fave,239.32581386023745,84.67410033433259,9,como,"",0.060000000000002274,trabajar,voluntaria,m,#,m,b,final
466.43200977259255,920.1311670477455,1851.846007806779,3.2456526740375296,2.98940644808346,4.4526754581558805,4256.410256410256,0.001330472686755563,156.84375000000003,0.027000000000000003,0.32142857142857145,0-0-192-1,o,51a17262-Audio_SP18.v0,group_0,1,fave,225.83916297862405,83.81622783829793,9,voluntaria,"",0.05999999999997385,como,algún,b,l,b,l,internal
582.3507827824978,913.7202472781248,2726.9585964368107,3.8253826261693913,2.9309082521333836,4.102252851996346,6769.2307692307695,0.015400789845610236,158.40375,0.067,0.32843137254901966,0-0-194-5,o,51a17262-Audio_SP18.v0,group_0,1,fave,322.4751423151143,68.03095362005467,9,tiempo,"",0.18000000000000682,algún,.,p,#,p,.,final
475.1512143095125,748.2612467570156,1449.2963001980456,2.773865084428091,3.348663094589463,3.2024728349633627,3179.4871794871797,0.00029444395182369324,159.91575,0.031,0.32978723404255317,0-0-197-0,o,51a17262-Audio_SP18.v0,group_0,1,fave,234.3038349249754,84.22298953431908,9,ofrecerle,"",0.06999999999999318,Y,[silence],#,f,i,f,initial
332.2039218453786,588.5229149639059,1185.3445607614913,2.966374018970588,3.0102167630654,2.9094043225003685,3000.0,0.00008089590498292775,162.63375000000002,0.027000000000000003,0.32142857142857145,0-0-199-3,o,51a17262-Audio_SP18.v0,group_0,1,fave,307.4386864764237,84.86778631212995,9,algo,"",0.060000000000002274,[silence],de,g,#,g,d,final
251.47585254587966,794.8825423884217,1344.5052162481225,3.730191740583486,3.419185604697532,4.174692136573344,3000.0,0.000609261480548821,164.17575,0.031,0.32978723404255317,0-0-207-1,o,51a17262-Audio_SP18.v0,group_0,1,fave,224.24593164845518,79.70226171253816,9,los,"",0.06999999999999318,con,que,l,s,l,s,internal
535.0307486460878,934.339665084534,1529.6955157979914,2.9364743379867893,3.2776186052865612,4.03283999328603,3897.4358974358975,0.00015134597389946305,165.76274999999998,0.025,0.33783783783783783,0-0-212-0,o,51a17262-Audio_SP18.v0,group_0,1,fave,228.71116359297133,80.30786522094238,9,oportunidad,"",0.05000000000001137,la,de,#,p,a,p,initial
516.6117182083223,935.5973066893482,1829.21947950976,3.292427073427977,3.030134724176118,4.619489736969871,4794.871794871795,0.00013042924453434977,165.86375,0.027000000000000003,0.32142857142857145,0-0-212-2,o,51a17262-Audio_SP18.v0,group_0,1,fave,218.43715806758786,81.96239964264245,9,oportunidad,"",0.060000000000002274,la,de,p,R,p,R,internal
395.97065832795244,802.8785869101126,1145.5777456372357,3.760638244369281,3.0220919894729326,3.493693965892569,3179.4871794871797,0.00021361741192040123,173.20775,0.035,0.33653846153846156,0-0-232-2,o,51a17262-Audio_SP18.v0,group_0,1,fave,185.84713900247897,78.62160706265078,9,emocional,"",0.0800000000000125,[silence],[silence],m,z,m,z,internal
552.6280888478008,1463.9782578064478,2378.6936498803243,2.742851581543667,4.204305654822181,3.8342289228833817,4256.410256410256,9.742650834475261e-6,173.42274999999998,0.025,0.33783783783783783,0-0-232-5,o,51a17262-Audio_SP18.v0,group_0,1,fave,95.85883334718595,79.71881040738286,9,emocional,"",0.05000000000001137,[silence],[silence],i,n,i,n,internal
752.3221449666333,1255.816376187727,2783.0289105715674,3.2597825040752872,3.772789508711592,2.3545265079928615,5333.333333333333,0.00012994313695905823,175.87275,0.045,0.33582089552238803,0-0-237-4,o,51a17262-Audio_SP18.v0,group_0,1,fave,235.91341431331637,82.00594486076966,9,bueno,"",0.11000000000001364,y,",",n,#,n,.,final
504.51203130441195,799.735425181016,1325.1359847297936,3.347793298210373,3.0695344505967403,3.7804388489618383,3179.4871794871797,0.00022966426724337134,193.79075000000003,0.041,0.3306451612903226,0-0-260-1,o,51a17262-Audio_SP18.v0,group_0,1,fave,240.03398276931424,83.4639777659979,9,Correcto,"",0.09999999999999432,[silence],.,k,r,k,r,internal
573.4503651214704,677.400612655913,1462.1435775037364,3.2941011841214487,3.941438498308173,3.9970908048006986,3000.0,0.002051716523247296,194.29874999999998,0.037000000000000005,0.324561403508772,0-0-260-6,o,51a17262-Audio_SP18.v0,group_0,1,fave,193.67647478429356,77.91014529833053,9,Correcto,"",0.09000000000000341,[silence],.,t,#,t,.,final
720.3467634541006,916.1647310447498,2141.9993196645473,3.4108017297992164,2.851635959295102,4.396473333602544,4435.897435897436,0.07397992958877306,199.36875,0.137,0.33091787439613524,0-0-268-3,o,51a17262-Audio_SP18.v0,group_0,1,fave,159.47136528828207,77.48338586172329,9,como,"",0.38999999999998636,es,[silence],m,#,m,®,final
523.3973644876327,908.5015063582065,1793.02451009969,2.3827033409177516,3.6612457577404904,3.5507623732318527,3897.4358974358975,0.00015742090639969103,203.68775,0.035,0.33653846153846156,0-0-278-2,o,51a17262-Audio_SP18.v0,group_0,1,fave,253.27020488999034,83.67025082308089,9,asociación,"",0.0800000000000125,una,[silence],s,z,s,z,internal
578.8221866998643,1261.5315624586542,2261.5851049113303,2.861000642251054,3.6951649043383528,4.320131370090286,4615.384615384615,0.0013739428497893382,204.12875,0.037,0.32456140350877194,0-0-278-8,o,51a17262-Audio_SP18.v0,group_0,1,fave,274.2644636877318,82.80918474384832,9,asociación,"",0.08999999999997499,una,[silence],i,n,i,n,internal
520.9608960128044,1594.77795159764,2942.9389369623,2.1689655098601133,3.1264902178283247,3.302326617170442,5512.820512820513,0.000025000709328599304,205.65375,0.027000000000000003,0.32142857142857145,0-0-283-2,o,51a17262-Audio_SP18.v0,group_0,1,fave,254.56430290517068,85.96621683412528,9,asociación,"",0.060000000000002274,esta,pues,s,z,s,z,internal
483.8765165290561,816.8676401044771,1299.095468387149,3.2518038389935535,3.2557923081146383,3.2342384522628373,3538.4615384615386,0.00023688460427870794,206.03775000000002,0.035,0.33653846153846156,0-0-283-8,o,51a17262-Audio_SP18.v0,group_0,1,fave,223.26927327686366,80.6350139474505,9,asociación,"",0.07999999999998408,esta,pues,i,n,i,n,internal
719.3402413772483,1170.4346480683857,2675.4792361447358,3.3327327469762253,3.6264817702026297,4.766136892343458,4794.871794871795,0.00021782613658029643,206.72575,0.031,0.32978723404255317,0-0-286-1,o,51a17262-Audio_SP18.v0,group_0,1,fave,227.07487424322204,82.8917855949293,9,nos,"",0.06999999999999318,[silence],suministra,n,s,n,s,internal
548.1291579086287,1347.4162673780263,2699.5071695896654,3.4455518478139746,4.027271193100365,3.222058126557899,5153.846153846154,0.00008776843261506731,211.68375,0.027000000000000003,0.32142857142857145,0-0-296-4,o,51a17262-Audio_SP18.v0,group_0,1,fave,173.92088157938613,77.85036771884688,9,personales,"",0.060000000000002274,útiles,",",s,n,s,n,internal
558.5980649620188,1093.5706849095689,2631.9586623671435,2.6133532053417454,2.7703495742101945,4.182419842461848,4615.384615384615,0.00012947324475554695,213.23375000000001,0.027000000000000003,0.32142857142857145,0-0-298-3,o,51a17262-Audio_SP18.v0,group_0,1,fave,180.8862526708745,80.75423330188397,9,algo,"",0.060000000000002274,",",de,g,#,g,d,final
638.0909395127801,1049.451808320153,2022.931203354495,3.6615959070611614,3.7194315974598626,4.4048510094404305,4435.897435897436,0.007715239183800904,219.77275,0.065,0.33505154639175255,0-0-315-7,o,51a17262-Audio_SP18.v0,group_0,1,fave,317.9967767717643,82.55777583382621,9,fluyendo,"",0.1699999999999875,va,[silence],d,#,d,.,final
490.12855949434953,719.4615364470757,1336.4656627517368,2.5395130409202396,3.7066618531995523,3.5824413231133705,3179.4871794871797,0.000011439373872188983,222.83274999999998,0.025,0.33783783783783783,0-0-324-9,o,51a17262-Audio_SP18.v0,group_0,1,fave,241.04875577786493,83.3320674074078,9,transcurso,"",0.05000000000001137,el,del,s,#,s,d,final
526.4432145339866,1087.4463143164105,2652.8640083330333,3.3887843927349452,3.4992012176104987,3.450782398096213,4974.358974358975,0.004561109535039106,223.63375,0.067,0.3284313725490196,0-0-326-6,o,51a17262-Audio_SP18.v0,group_0,1,fave,166.78068269057192,68.41078798339821,9,proceso,"",0.18000000000000682,del,[silence],s,#,s,®,final
563.8671395740395,844.5213258046872,1439.605368411122,2.956663288854579,3.592839204706955,3.4985763639821963,3000.0,0.000579412645311535,224.95874999999998,0.037000000000000005,0.324561403508772,0-0-331-4,o,51a17262-Audio_SP18.v0,group_0,1,fave,183.49381892209533,78.18780500176784,9,dando,"",0.09000000000000341,va,la,d,#,d,l,final
604.0183464084915,990.8191957566509,2689.3691213650545,2.400704083098171,3.0259936141368433,3.8808283412456146,4435.897435897436,0.00015585436588333527,227.79274999999998,0.025,0.33783783783783783,0-0-341-2,o,51a17262-Audio_SP18.v0,group_0,1,fave,190.19266678114852,81.0719671486333,9,aportar,"",0.05000000000001137,puedan,[silence],p,R,p,R,internal
515.8263012398105,767.6216806655027,1281.235665436665,3.8464472132652348,3.4790252762896827,3.372835326666398,3358.974358974359,0.006080270467989321,231.33375,0.047,0.3263888888888889,0-0-349-5,o,51a17262-Audio_SP18.v0,group_0,1,fave,104.40422075503078,69.51431060657889,9,prestos,"",0.12000000000000455,siempre,para,t,s,t,s,internal
294.6841895944012,848.6760458634735,1385.17194585389,2.854076004043725,1.8525618312629886,3.9560438619479905,3538.4615384615386,0.006068675953405918,232.97575,0.051000000000000004,0.3311688311688312,0-0-354-3,o,51a17262-Audio_SP18.v0,group_0,1,fave,283.87912200324155,82.4345743937568,9,mano,"",0.13000000000002387,la,para,n,#,n,p,final
512.1515901277854,857.9785030652023,1564.094421112003,2.046332685130337,3.3109478721652357,4.150305818246312,4256.410256410256,0.0021542310019864183,233.58275,0.045,0.33582089552238803,0-0-356-5,o,51a17262-Audio_SP18.v0,group_0,1,fave,173.58410983163415,82.85332764031905,9,colaborar,"",0.10999999999998522,para,",",b,R,b,R,internal
444.0745438286231,895.4005510169269,2076.4217420158266,3.618385506059677,2.4088935091677035,4.425834453678023,4256.410256410256,0.049362343438543455,235.49374999999998,0.10700000000000001,0.3302469135802469,0-0-361-3,o,51a17262-Audio_SP18.v0,group_0,1,fave,307.81500743887295,78.91698376876171,9,algo,"",0.30000000000001137,es,[silence],g,#,g,.,final
568.6965189282813,1134.9466749042713,1849.7541922869502,3.14827768173488,3.8932378028959778,3.925621602149584,4794.871794871795,0.005056197671095916,236.78875,0.097,0.3299319727891156,0-0-364-5,o,51a17262-Audio_SP18.v0,group_0,1,fave,245.83377997992173,80.03775121949803,9,sueldo,"",0.2699999999999818,un,fijo,d,#,d,f,final
667.2391495689093,1076.9265549339034,2338.127090608409,3.3218037018390394,3.507785242687871,4.053144513906138,4615.384615384615,0.000276839675572269,237.43375,0.027000000000000003,0.32142857142857145,0-0-365-3,o,51a17262-Audio_SP18.v0,group_0,1,fave,222.55649255692228,81.23071707098235,9,fijo,"",0.060000000000002274,sueldo,",",x,#,x,.,final
448.7796717253573,851.5031860606042,2565.558166268232,3.7752674411655365,1.990508554409769,3.0513253962526354,5692.3076923076915,0.0127891606966804,240.51074999999997,0.061000000000000006,0.3315217391304348,0-0-373-6,o,51a17262-Audio_SP18.v0,group_0,1,fave,210.815922417609,69.67468073232783,9,tampoco,"",0.1599999999999966,[silence],por,k,#,k,p,final
565.5443909994422,1110.192020198388,2597.0852861625876,3.521885203604529,3.6373413246394817,3.5701645739634547,4974.358974358975,7.718902682202191e-6,263.07275000000004,0.025,0.33783783783783783,0-0-414-1,o,51a17262-Audio_SP18.v0,group_0,1,fave,199.87069724613085,81.48359789575753,9,voluntariado,"",0.05000000000001137,del,para,b,l,b,l,internal
504.9425044421158,749.6032459621703,1252.189752599113,3.0861125724274903,3.504703049405914,3.5849813265891006,3717.948717948718,0.008682412056103678,263.87075,0.041,0.3306451612903226,0-0-414-11,o,51a17262-Audio_SP18.v0,group_0,1,fave,248.66814821901502,75.32901389478103,9,voluntariado,"",0.0999999999999659,del,para,d,#,d,p,final
766.0058190776341,1363.6560562377167,2772.140925159513,3.255215300143625,3.7007412621960913,3.20694151518635,4615.384615384615,0.0006218639240056164,265.53574999999995,0.031,0.32978723404255317,0-0-418-4,o,51a17262-Audio_SP18.v0,group_0,1,fave,314.45686079487,80.46916491159477,9,chequeos,"",0.06999999999999318,algunos,[silence],é,s,é,s,internal
691.5740879043303,1253.8101593569452,2750.7910074854676,3.6439947620416326,3.6375909324265283,3.443428195787695,5153.846153846154,0.0010742823610630815,266.47375,0.047,0.3263888888888889,0-0-420-5,o,51a17262-Audio_SP18.v0,group_0,1,fave,307.87624838764395,80.10974638359298,9,médicos,"",0.12000000000000455,[silence],[silence],k,s,k,s,internal
415.8371168655487,779.6469212898879,1008.5121031716069,3.129094438060646,3.142816460075482,3.245148766861369,3179.4871794871797,0.03094755793775355,267.46275,0.08499999999999999,0.33464566929133854,0-0-423-4,o,51a17262-Audio_SP18.v0,group_0,1,fave,212.18169513885078,79.15553291685347,9,luego,"",0.22999999999996135,y,[silence],g,#,g,®,final
771.094525163295,1449.6729827333352,2545.1859882039034,2.903390240551653,4.116188532428249,3.9644775876745677,5512.820512820513,0.02147370827735376,269.62275,0.08499999999999999,0.33464566929133854,0-0-426-3,o,51a17262-Audio_SP18.v0,group_0,1,fave,253.67980989529318,82.95750797441492,9,como,"",0.2300000000000182,quedé,[silence],m,#,m,.,final
273.1616954877116,743.6479638961704,1218.3957534193937,2.97238497839658,1.8902188837504044,3.778433861455233,3000.0,0.01901043486058911,276.49575,0.051000000000000004,0.3311688311688312,0-0-440-4,o,51a17262-Audio_SP18.v0,group_0,1,fave,266.5364327044751,83.33825963864658,9,bueno,"",0.12999999999999545,Y,",",n,#,n,.,final
564.5478622885227,1273.4754399287094,2785.896923169932,2.8770909674387117,3.645888649979564,4.2769890721497195,5692.3076923076915,0.0007512270300565781,279.06875,0.037,0.32456140350877194,0-0-448-4,o,51a17262-Audio_SP18.v0,group_0,1,fave,204.29383795266938,82.45421630654835,9,opción,"",0.08999999999997499,[silence],donde,i,n,i,n,internal
740.9243185192834,1282.613499584641,2949.3556254533996,3.0063585416391527,4.230847317493413,4.112968941162611,5871.794871794871,0.000268359000042452,288.44275000000005,0.025,0.33783783783783783,0-0-469-4,o,51a17262-Audio_SP18.v0,group_0,1,fave,243.31777828213993,82.03663468522696,9,bueno,"",0.05000000000001137,y,llegué,n,#,n,L,final
458.974563650562,870.7515070128647,1250.1433548481111,3.1644570206936398,2.9380034389793686,3.7039978154287234,3897.4358974358975,0.003431878612538246,289.12575,0.051000000000000004,0.3311688311688312,0-0-472-4,o,51a17262-Audio_SP18.v0,group_0,1,fave,221.85867429932972,77.00655662147854,9,Microworkers,"",0.12999999999999545,a,.,R,o,R,o,internal
418.0385152499694,785.1541556843354,2767.8432510014977,2.796966777071109,2.5347412900945527,3.832939773376604,5871.794871794871,0.0010437282014563978,289.25575,0.051000000000000004,0.3311688311688312,0-0-472-5,o,51a17262-Audio_SP18.v0,group_0,1,fave,191.09404536167634,78.7038578092882,9,Microworkers,"",0.12999999999999545,a,.,o,R,o,R,internal
585.9818704897368,996.7277016966657,2896.353464544622,3.1603677739207168,3.2563825731022114,2.895076472883627,5153.846153846154,0.0010539737789657957,300.98275,0.125,0.3342245989304812,0-0-481-7,o,51a17262-Audio_SP18.v0,group_0,1,fave,199.3151838025089,80.77514490613254,9,buscando,"",0.3499999999999659,[silence],la,d,#,d,l,final
533.6599332568691,997.1194897495096,2089.6780791523465,3.3614474864749044,3.2774927865709222,4.418630366050897,4435.897435897436,0.001117812636024685,302.87875,0.037000000000000005,0.324561403508772,0-0-486-3,o,51a17262-Audio_SP18.v0,group_0,1,fave,211.76365344324208,81.99455259896662,9,encontrar,"",0.08999999999997499,[silence],pues,k,n,k,n,internal
567.4723120902462,1198.0677577470278,2705.398105045766,3.607413995808253,3.4465688856380927,2.7720619398215356,4974.358974358975,0.00016518411806320103,303.99875000000003,0.037000000000000005,0.324561403508772,0-0-489-3,o,51a17262-Audio_SP18.v0,group_0,1,fave,205.79719248788564,78.59081095125997,9,algo,"",0.08999999999997499,[silence],que,g,#,g,k,final
703.7835701593403,1211.1147787240452,2308.3964587560467,3.384652498058214,3.707827995703211,4.885348875412213,4435.897435897436,0.00588850449091067,308.97875,0.037000000000000005,0.324561403508772,0-0-502-2,o,51a17262-Audio_SP18.v0,group_0,1,fave,242.1224238526986,81.48645610781533,9,unos,"",0.09000000000003183,%%,días,n,s,n,s,internal
518.0062257046072,921.9178187509275,2742.6137464550447,3.5985635311560698,3.0243644758154717,3.8300082001152758,5153.846153846154,0.0005287174928430179,311.80375,0.027000000000000003,0.32142857142857145,0-0-508-1,o,51a17262-Audio_SP18.v0,group_0,1,fave,202.58025648246914,78.38481120316973,9,continúa,"",0.060000000000002274,búsqueda,porque,k,n,k,n,internal
534.0053368372129,916.5939423943329,2117.8227891683746,3.0112930387643573,2.913736563347209,4.837752741607545,4615.384615384615,0.00005945132077650335,320.50275000000005,0.025,0.33783783783783783,0-0-517-5,o,51a17262-Audio_SP18.v0,group_0,1,fave,188.62371165210223,79.64450689838361,9,Microworkers,"",0.05000000000001137,[silence],que,o,R,o,R,internal
449.7726279034307,744.8012954133713,1465.920032866751,3.180391866015132,3.590287576428072,3.2851911599298362,3000.0,0.00007559745364429233,320.87375,0.027000000000000003,0.32142857142857145,0-0-519-0,o,51a17262-Audio_SP18.v0,group_0,1,fave,203.20418226395122,79.1939276901531,9,ofrece,"",0.060000000000002274,que,[silence],#,f,é,f,initial
469.01588799509886,804.249607906441,1439.3219792351372,2.199076045908257,3.6129618003699155,3.8276578751798933,3538.4615384615386,0.0001963555887529874,332.49775000000005,0.035,0.33653846153846156,0-0-524-5,o,51a17262-Audio_SP18.v0,group_0,1,fave,237.41623714432853,85.15835646461363,9,estuvo,"",0.07999999999998408,Que,varios,b,#,b,b,final
553.1154620201079,1654.4437302076442,2716.458903137889,3.333008193523274,4.299305178430567,3.98652784060049,5871.794871794871,0.0029692082801503874,332.78074999999995,0.041,0.3306451612903226,0-0-525-4,o,51a17262-Audio_SP18.v0,group_0,1,fave,283.6556835330322,82.66202944436415,9,varios,"",0.10000000000002274,estuvo,días,i,s,i,s,internal
651.842576424661,1003.1218622184799,2805.809198633748,3.5991071500766063,3.46690736218609,3.734826737008301,6230.7692307692305,0.0012884108164051577,334.20875,0.057,0.32758620689655177,0-0-528-7,o,51a17262-Audio_SP18.v0,group_0,1,fave,-148.8919024651549,70.27606708523263,9,buscando,"",0.14999999999997726,[silence],%%,d,#,d,&,final
661.1600496452222,1381.8005266293908,2790.419419254532,3.329615746568485,3.7458089118586937,4.64553328143274,4615.384615384615,0.00003696030275720666,346.62275000000005,0.025,0.33783783783783783,0-0-559-1,o,51a17262-Audio_SP18.v0,group_0,1,fave,185.73033755723984,76.13658532237017,9,los,"",0.05000000000001137,para,trabajos,l,s,l,s,internal
576.7585606528581,957.0860890902566,2627.8961920529805,3.348059899265707,3.7202295728257875,3.7296373103971345,5153.846153846154,0.00108347549258218,347.16375,0.047,0.3263888888888889,0-0-560-6,o,51a17262-Audio_SP18.v0,group_0,1,fave,248.6135873942182,82.9410001116187,9,trabajos,"",0.12000000000000455,los,no,x,s,x,s,internal
404.5520026382296,704.1683434252528,2742.956417899415,3.415556222346733,2.7695018773905367,2.7863218172945974,5153.846153846154,0.009755138629127033,349.04375000000005,0.10700000000000001,0.3302469135802469,0-0-565-3,o,51a17262-Audio_SP18.v0,group_0,1,fave,210.0665389402755,75.77915244391559,9,como,"",0.30000000000001137,[silence],en,m,#,m,e,final
570.0231376739907,1031.750389552735,1929.6292959688935,3.297217376410748,3.826155512461531,4.8269782842155795,4435.897435897436,0.0010280243712775324,360.60275,0.025,0.33783783783783783,0-0-574-1,o,51a17262-Audio_SP18.v0,group_0,1,fave,204.84828683367346,79.02374311201257,9,correcto,"",0.05000000000001137,",",%%,k,r,k,r,internal
631.7821188305624,1269.5516279354333,2449.9231584660215,3.000588846251017,3.303855919921782,4.010856161679338,4435.897435897436,0.00011217341934279756,361.12775000000005,0.035,0.3365384615384616,0-0-574-6,o,51a17262-Audio_SP18.v0,group_0,1,fave,183.99840980405912,79.23055196614281,9,correcto,"",0.07999999999998408,",",%%,t,#,t,&,final
534.2410902274606,868.1153605300321,1319.2017777509798,2.7444013545175636,3.200870877720288,3.506615099569505,3179.4871794871797,0.006842652906668012,363.11375,0.047,0.3263888888888889,0-0-578-7,o,51a17262-Audio_SP18.v0,group_0,1,fave,309.7405838251499,76.12316193340729,9,escuchado,"",0.12000000000000455,había,[silence],d,#,d,®,final
652.1808488601273,1093.922627756739,2934.758255772002,3.517719681905176,3.7708097120971975,3.304024753919945,5333.333333333333,0.0005551850116218916,370.83775,0.035,0.3365384615384616,0-0-595-6,o,51a17262-Audio_SP18.v0,group_0,1,fave,294.2726129911957,80.62757303484008,9,trabajo,"",0.07999999999998408,de,desde,x,#,x,d,final
505.2619149056624,1839.965979461995,2911.1232006654177,2.363360116910595,3.735709057949791,3.3981297025306576,5333.333333333333,7.355521699101013e-6,371.75275000000005,0.025,0.33783783783783783,0-0-598-3,o,51a17262-Audio_SP18.v0,group_0,1,fave,238.42750173124116,82.30551376180743,9,mucho,"",0.05000000000001137,hace,tiempo,h,#,h,t,final
547.9708431176833,864.1797094206673,1505.817210793048,3.047875635471369,3.519363063891922,4.075150544452707,3358.974358974359,0.0012243784761096514,374.03075,0.061000000000000006,0.3315217391304348,0-0-602-3,o,51a17262-Audio_SP18.v0,group_0,1,fave,294.8411777331058,84.9900472749919,9,Pero,"",0.160000000000025,.,específicamente,R,#,R,e,final
599.3250936129488,1440.2669019567181,2915.4945603454594,2.658261956849156,3.3645718108844704,3.1520806358627027,5871.794871794871,0.00025605568539462104,375.87575,0.031,0.32978723404255317,0-0-606-5,o,51a17262-Audio_SP18.v0,group_0,1,fave,196.85356565112494,81.39194451838765,9,hablado,"",0.06999999999999318,había,de,d,#,d,d,final
555.9581587407209,1081.2818758997428,2471.2298086671613,2.4558498696805255,3.0297405612813924,3.64685063359199,5692.3076923076915,0.0009995915206190587,376.31075,0.041,0.3306451612903226,0-0-608-4,o,51a17262-Audio_SP18.v0,group_0,1,fave,175.31537429492778,80.23003643819857,9,Microworkers,"",0.0999999999999659,de,[silence],R,o,R,o,internal
384.34625175233816,687.1126806390898,2691.053320313728,3.105006711232456,3.0303391467668477,3.0381753677367747,5153.846153846154,0.0020252257065252453,376.41074999999995,0.041,0.3306451612903226,0-0-608-5,o,51a17262-Audio_SP18.v0,group_0,1,fave,167.80010442919846,80.60147017656396,9,Microworkers,"",0.10000000000002274,de,[silence],o,R,o,R,internal
585.521633645137,1260.8572016725448,2664.8201327569554,2.5830899071528126,3.7241590677886234,3.6362373285508154,4794.871794871795,0.0001591884896855304,377.28374999999994,0.027000000000000003,0.32142857142857145,0-0-610-3,o,51a17262-Audio_SP18.v0,group_0,1,fave,192.85121452418846,79.77474263974327,9,sólo,"",0.060000000000002274,[silence],que,l,#,l,k,final
635.86361210393,1293.5248011427982,2960.009553784258,3.3961894449794126,3.385044906773992,3.7353847042855497,5333.333333333333,0.0004138311200163027,378.34074999999996,0.041,0.3306451612903226,0-0-613-7,o,51a17262-Audio_SP18.v0,group_0,1,fave,229.79391026092262,80.93512181174208,9,buscando,"",0.10000000000002274,[silence],[silence],d,#,d,.,final
527.7244620580689,819.2298943281224,1120.3251815265696,2.8141810582851416,3.2377174249416054,3.434035862719075,3897.4358974358975,0.005432067967371869,379.17875,0.057,0.32758620689655177,0-0-615-4,o,51a17262-Audio_SP18.v0,group_0,1,fave,264.5250531225776,80.36244750431756,9,luego,"",0.1500000000000341,[silence],[silence],g,#,g,.,final
420.26184062789866,811.6097309021897,2590.5331993439713,3.3060636985431744,2.513194363501797,3.553952768853078,5153.846153846154,0.0021635333262508476,398.96575,0.07100000000000001,0.3317757009345795,0-0-629-6,o,51a17262-Audio_SP18.v0,group_0,1,fave,216.20365826214888,78.61839960170425,9,Rapidworkers,"",0.18999999999999773,con,.,u,R,u,R,internal
665.8433917004288,1296.1357442797462,2358.904193795271,3.1332630633286565,3.3035795679745283,4.258663761494555,4615.384615384615,0.000287489076282789,402.23375,0.027000000000000003,0.32142857142857145,0-0-635-3,o,51a17262-Audio_SP18.v0,group_0,1,fave,216.93308376965265,79.28250379599076,9,creo,"",0.05999999999994543,fue,que,é,#,é,k,final
586.4480810438079,1273.7850519660813,2806.872438199175,3.010593636001315,3.471482131500155,3.044464321473127,5153.846153846154,0.00008127972218619537,404.59275,0.045,0.3358208955223881,0-0-644-5,o,51a17262-Audio_SP18.v0,group_0,1,fave,190.53584368075747,78.94461065409544,9,cuanto,"",0.11000000000001364,en,a,t,#,t,a,final
677.6010301974554,1519.6891022713432,2703.132862763818,3.220424573192993,3.890228331963007,3.342000377495263,5333.333333333333,0.0005834824306564106,406.04074999999995,0.041,0.3306451612903226,0-0-646-10,o,51a17262-Audio_SP18.v0,group_0,1,fave,217.34342811618578,80.06277841098424,9,remuneración,"",0.10000000000002274,a,no,i,n,i,n,internal
506.180801270904,1063.8550149877276,2004.914905538568,3.096615823780813,3.9304321588445883,4.434923773681941,4615.384615384615,0.00005197734131263622,412.34275,0.025,0.33783783783783783,0-0-665-5,o,51a17262-Audio_SP18.v0,group_0,1,fave,168.000220428112,74.14350862105124,9,Microworkers,"",0.05000000000001137,a,[silence],o,R,o,R,internal
395.72559293978577,756.5737736264097,1126.5313365807394,3.8361393123207623,2.2784350125619506,2.8430651474641997,3000.0,0.0020880981133486677,423.30074999999994,0.041,0.3306451612903226,0-0-683-4,o,51a17262-Audio_SP18.v0,group_0,1,fave,397.3279865919725,80.4612625487914,9,mismo,"",0.10000000000002274,lo,sólo,m,#,m,s,final
550.0187909484564,744.2498061262255,1333.983110333959,3.2150008288101404,3.451751432342715,2.998774417153003,3717.948717948718,0.00006225495702660781,423.71374999999995,0.027000000000000003,0.32142857142857145,0-0-684-3,o,51a17262-Audio_SP18.v0,group_0,1,fave,228.46868944350967,81.31071263346001,9,sólo,"",0.060000000000002274,mismo,que,l,#,l,k,final
554.0051305774418,1231.9171425849497,2769.710167702477,3.6077592587878984,3.555849108896166,3.674585654744399,4974.358974358975,0.000039549198290679744,425.26275000000004,0.025,0.33783783783783783,0-0-689-3,o,51a17262-Audio_SP18.v0,group_0,1,fave,218.7839143290134,78.22467012540255,9,mucho,"",0.05000000000001137,es,más,h,#,h,m,final
481.3642548988995,794.1556048104536,1390.2329614804632,3.0669330563047845,3.5938357371557887,3.5782739603920497,3358.974358974359,0.00007305491433859393,442.90574999999995,0.031,0.32978723404255317,0-0-708-1,o,51a17262-Audio_SP18.v0,group_0,1,fave,217.89358995770695,77.06568352797414,9,sociales,"",0.06999999999999318,redes,ubicar,s,z,s,z,internal
529.4044512435199,932.4556519951841,1786.5462884827064,3.270688394714372,2.6912858022650425,4.431911155220221,4076.923076923077,0.00005364368714181816,444.39574999999996,0.031,0.32978723404255317,0-0-711-1,o,51a17262-Audio_SP18.v0,group_0,1,fave,231.84828888555398,82.79345174784316,9,código,"",0.06999999999999318,un,colocarlo,k,d,k,d,internal
591.4107829492732,989.0017856036628,3032.929226404198,3.693124108683023,3.279571661723789,3.8735418518417197,6410.25641025641,0.01687700332324204,444.74575,0.11100000000000002,0.3323353293413173,0-0-711-5,o,51a17262-Audio_SP18.v0,group_0,1,fave,343.01675133050315,67.22278031163378,9,código,"",0.3100000000000023,un,colocarlo,g,#,g,k,final
552.9579332789299,1232.224322060401,2551.079286846703,2.8041992826617363,3.171940412837415,4.012569507228504,4794.871794871795,0.0003154132707526889,445.21574999999996,0.031,0.32978723404255317,0-0-712-1,o,51a17262-Audio_SP18.v0,group_0,1,fave,169.73252459808532,80.39145842389698,9,colocarlo,"",0.06999999999999318,código,en,k,l,k,l,internal
561.7399487269663,1104.6379973743494,2686.200752117326,2.679217087100335,2.741037911647139,3.7032164970542985,5333.333333333333,0.0002476988147982604,445.38275000000004,0.045,0.33582089552238803,0-0-712-3,o,51a17262-Audio_SP18.v0,group_0,1,fave,177.61305616771511,77.70289925579013,9,colocarlo,"",0.11000000000001364,código,en,l,k,l,k,internal
373.9736631786658,721.2395958880992,1369.6975673669922,2.4766651562939708,2.5463700627704338,4.629857651173691,3717.948717948718,0.0017702928302613847,447.61074999999994,0.041,0.3306451612903226,0-0-720-3,o,51a17262-Audio_SP18.v0,group_0,1,fave,169.46832675978,76.53291014179675,9,como,"",0.10000000000002274,casillas,prueba,m,#,m,p,final
611.7786882238789,1125.7821142233875,2628.832141497828,3.885836405910511,3.5363090290749235,4.37711272006618,6051.282051282051,0.004176147108768319,450.37375000000003,0.047,0.3263888888888889,0-0-724-3,o,51a17262-Audio_SP18.v0,group_0,1,fave,207.57850580853867,72.73229648911605,9,colocarlo,"",0.12000000000000455,y,los,l,k,l,k,internal
636.6535332336811,1129.2343174652497,3013.8963218922013,3.5030123472478163,3.1677384683205387,3.8119211915158284,5512.820512820513,0.0013416194550907564,450.96275,0.10500000000000001,0.3343949044585987,0-0-725-1,o,51a17262-Audio_SP18.v0,group_0,1,fave,222.07372254125542,80.80676412369529,9,los,"",0.2899999999999636,colocarlo,links,l,s,l,s,internal
586.2706870916352,921.7790094989265,2463.795489154917,3.8305202746174176,3.35134446343705,4.436623350529339,4794.871794871795,0.0009041831388469639,453.51775000000004,0.035,0.3365384615384616,0-0-731-1,o,51a17262-Audio_SP18.v0,group_0,1,fave,185.0702355721061,79.96994769253591,9,compartió,"",0.07999999999998408,se,en,k,m,k,m,internal
580.6683102840951,1342.2458983172676,2609.273486767503,2.77063426653534,3.668727010099584,3.9359584242138332,4256.410256410256,0.000023172482688212663,453.91275,0.025,0.33783783783783783,0-0-731-8,o,51a17262-Audio_SP18.v0,group_0,1,fave,193.93129605173434,80.93916732457903,9,compartió,"",0.05000000000001137,se,en,i,#,i,e,final
513.1823977387062,906.861351937337,1464.73794730175,2.974346332710239,2.8455041406090036,4.719191570766176,4076.923076923077,0.012235336480381196,470.10274999999996,0.065,0.33505154639175255,0-0-747-3,o,51a17262-Audio_SP18.v0,group_0,1,fave,312.8885734151111,78.9102545730117,9,voto,"",0.17000000000001592,un,para,t,#,t,p,final
596.4618333748152,1108.6962978147685,2740.387184700391,3.400437266484455,3.459257015414513,3.0585791123494346,5153.846153846154,0.00023712858668131518,473.93875,0.037000000000000005,0.324561403508772,0-0-758-8,o,51a17262-Audio_SP18.v0,group_0,1,fave,167.730127719671,76.47522031429108,9,publicado,"",0.08999999999997499,",",[silence],d,#,d,.,final
539.9676985565607,810.177368133806,2733.540005403151,2.850490484062263,3.0994362048689883,3.0910079389315737,5871.794871794871,0.0004919413196179749,502.08775,0.035,0.3365384615384616,0-0-789-1,o,51a17262-Audio_SP18.v0,group_0,1,fave,188.84822182389848,80.33877930399437,9,correo,"",0.07999999999998408,algún,[silence],k,r,k,r,internal
457.73860633238763,785.564693448971,1276.6622952570956,3.4677420043537217,3.117385892232266,3.1842047154149835,3179.4871794871797,0.0063183590400969075,502.56374999999997,0.067,0.32843137254901966,0-0-789-4,o,51a17262-Audio_SP18.v0,group_0,1,fave,234.1269020814356,78.42999301902492,9,correo,"",0.18000000000000682,algún,[silence],é,#,é,.,final
622.3491456456532,1374.1422945449926,2439.4798646796135,2.849491277824863,3.7652756811727466,4.568686296560726,4974.358974358975,0.0001208970137635808,504.20574999999997,0.031,0.32978723404255317,0-0-791-1,o,51a17262-Audio_SP18.v0,group_0,1,fave,200.41230052157857,81.09635062862488,9,tomar,"",0.06999999999999318,[silence],[silence],t,m,t,m,internal
593.5886667518516,1414.8494566031525,2758.852249694577,3.0285570498132364,3.811327299899637,3.353460667923634,4974.358974358975,0.00010404200026640794,509.05375,0.027000000000000003,0.32142857142857145,0-0-802-2,o,51a17262-Audio_SP18.v0,group_0,1,fave,561.9278811560657,75.66808416551666,9,eso,"",0.060000000000002274,basa,compartir,s,#,s,k,final
429.6181710873241,706.4223641882264,1445.2288878719082,3.0058496136997332,3.4182938665159672,4.181550573484536,3000.0,0.00404129035132634,509.15574999999995,0.031,0.32978723404255317,0-0-803-1,o,51a17262-Audio_SP18.v0,group_0,1,fave,205.1132008175382,79.01185361376734,9,compartir,"",0.06999999999999318,eso,en,k,m,k,m,internal
492.0654365930622,860.2773733228972,1682.6894938407058,3.2693722857589904,3.942896350165114,4.161445856172985,4615.384615384615,0.0011729970268252077,510.04775,0.035,0.3365384615384616,0-0-806-1,o,51a17262-Audio_SP18.v0,group_0,1,fave,262.8347145386495,77.46163585921875,9,sociales,"",0.08000000000004093,redes,.,s,z,s,z,internal
706.6471123812967,874.6573614783352,1123.294911545495,2.01056487881326,2.6456513120743868,4.191863129923174,3897.4358974358975,0.016668150143708205,513.51375,0.067,0.32843137254901966,0-0-812-3,o,51a17262-Audio_SP18.v0,group_0,1,fave,234.83321241634349,64.7938675497177,9,voto,"",0.17999999999994998,algún,para,t,#,t,p,final
651.6359265466583,1248.0353061364012,3023.8465014002372,3.357027129989236,3.497293681950973,3.553591010007861,5333.333333333333,0.0008267275194358032,515.3137499999999,0.067,0.3284313725490196,0-0-815-9,o,51a17262-Audio_SP18.v0,group_0,1,fave,226.39911831342863,78.83490680519064,9,publicación,"",0.18000000000006366,alguna,[silence],i,n,i,n,internal
743.3411288914388,1159.7598486523825,2740.934274047288,3.079155983138841,3.4202414864523933,3.092401775057973,5333.333333333333,0.00023743829158251096,540.2487500000001,0.037,0.32456140350877194,0-0-827-4,o,51a17262-Audio_SP18.v0,group_0,1,fave,224.11957004443886,77.43100864154543,9,Bueno,"",0.09000000000003183,.,en,n,#,n,e,final
431.792455966938,1220.559487417213,2509.425533023673,3.2850375213397274,3.3953351732647605,4.251553074979616,5333.333333333333,0.0004595755669539293,544.31875,0.037,0.32456140350877194,0-0-838-3,o,51a17262-Audio_SP18.v0,group_0,1,fave,162.73042546031138,78.19405275984961,9,todo,"",0.09000000000003183,del,[silence],d,#,d,.,final
492.88404211735144,736.8746922381227,1384.7122149165853,3.1850009592081707,2.8606135518773463,2.974375874855886,3000.0,0.009332301180257695,545.43075,0.08099999999999999,0.3319672131147541,0-0-840-3,o,51a17262-Audio_SP18.v0,group_0,1,fave,287.98002727982066,78.52643674358818,9,pero,"",0.22000000000002728,[silence],[silence],R,#,R,®,final
488.3665362781968,1023.5457188794517,2127.317691578388,3.650461909478152,3.7196870838508738,3.993733170032694,3897.4358974358975,0.0009724772061199668,561.53275,0.025,0.33783783783783783,0-0-870-1,o,51a17262-Audio_SP18.v0,group_0,1,fave,NaN,62.92826424604772,9,sociales,"",0.05000000000006821,[silence],[silence],s,z,s,z,internal
499.81494856475916,832.2853323035417,1157.0161672322934,3.2982644570162525,3.2320030062815097,3.565603361667499,3000.0,0.035972442053478895,564.23475,0.129,0.3359374999999999,0-0-876-2,o,51a17262-Audio_SP18.v0,group_0,1,fave,299.81037115328263,64.0331237099076,9,hecho,"",0.36000000000001364,[silence],personalmente,h,#,h,p,final
657.0195976622033,1641.415805584416,2765.9585471425617,3.2939285839506525,4.3145737927000205,3.4713078217173194,5333.333333333333,0.000013750938341803535,564.8127499999999,0.025,0.33783783783783783,0-0-877-4,o,51a17262-Audio_SP18.v0,group_0,1,fave,192.02260013652048,77.86563688600602,9,personalmente,"",0.05000000000006821,hecho,no,s,n,s,n,internal
634.5212066962504,1643.3091137838205,2735.0899463267165,2.6679821305280442,3.7935057806864405,2.905715706372743,5512.820512820513,0.00003801499522056431,567.8737500000001,0.027000000000000003,0.32142857142857145,0-0-884-3,o,51a17262-Audio_SP18.v0,group_0,1,fave,208.19190763357676,81.02428171710655,9,pero,"",0.05999999999994543,",",me,R,#,R,m,final
576.6210214553342,840.1309679580719,2393.1504965924346,2.9065480389312643,3.264963601323871,4.561029753069571,4256.410256410256,0.012646104135569998,568.74575,0.11100000000000002,0.3323353293413173,0-0-888-5,o,51a17262-Audio_SP18.v0,group_0,1,fave,182.78147438563497,73.82495989801754,9,tocado,"",0.30999999999994543,[silence],crear,d,#,d,k,final
610.0096596599044,1143.5197072058147,2773.5788509180293,3.0038275920133453,3.527418399700983,2.4482572571765857,5512.820512820513,0.0032643175491818034,570.18775,0.095,0.334507042253521,0-0-891-6,o,51a17262-Audio_SP18.v0,group_0,1,fave,195.50922039867953,77.3836598437177,9,ejemplo,"",0.2599999999999909,por,en,l,#,l,e,final
587.8977769305892,1142.7910038068528,2736.234165702332,2.699890339056852,3.009395359113886,4.437424489229464,4435.897435897436,0.0026789383544048987,572.2937499999999,0.087,0.32954545454545453,0-0-896-4,o,51a17262-Audio_SP18.v0,group_0,1,fave,193.90903170171887,79.96071351539051,9,usado,"",0.2400000000000091,he,Reddit,d,#,d,r,final
357.1644319139903,694.0260646809563,1032.0474822621172,2.3964456645565893,2.8894887405731335,4.074449510912777,3358.974358974359,0.0030296061255033657,573.8677500000001,0.055,0.3353658536585366,0-0-899-3,o,51a17262-Audio_SP18.v0,group_0,1,fave,163.80614615397184,74.9861493903192,9,como,"",0.13999999999998636,%%,para,m,#,m,p,final
575.7761493780246,1123.3737889576414,2028.0471261958237,2.539871379946611,3.7103623614718617,4.454226270312248,4615.384615384615,0.00011725849414685399,574.6057500000001,0.031,0.32978723404255317,0-0-901-3,o,51a17262-Audio_SP18.v0,group_0,1,fave,194.59241789182627,82.66633751034901,9,algo,"",0.06999999999993634,para,personal,g,#,g,p,final
405.0729845418787,737.9702947958739,1239.2780535651598,2.952462490810069,2.860118280801684,3.420491037563342,3179.4871794871797,0.0010738517682001409,575.5907500000001,0.041,0.3306451612903226,0-0-903-3,o,51a17262-Audio_SP18.v0,group_0,1,fave,175.85349531805312,78.58844070962968,9,sino,"",0.09999999999990905,personal,que,n,#,n,k,final
584.3666875706645,1119.174735442702,2529.44417660453,3.4345122193841933,4.020933055028753,3.917047093798642,4435.897435897436,0.006905584873262672,576.48275,0.045,0.33582089552238803,0-0-908-3,o,51a17262-Audio_SP18.v0,group_0,1,fave,-354.72222839124936,75.99853276904683,9,solo,"",0.11000000000001364,tengo,por,l,#,l,p,final
534.0275295900437,1008.0409808612648,2511.615454722185,2.8008707696144755,3.4943598296858505,4.0083046800322935,5333.333333333333,0.0009655290986446343,577.05075,0.041,0.3306451612903226,0-0-910-4,o,51a17262-Audio_SP18.v0,group_0,1,fave,173.10645969312296,77.95391302399638,9,Microworkers,"",0.10000000000002274,por,[silence],R,o,R,o,internal
415.7979816089579,812.3908644838656,2685.6055698258333,2.89303399407323,2.987589637207643,2.716628608882973,5333.333333333333,0.00018436138565038635,577.15575,0.051000000000000004,0.3311688311688312,0-0-910-5,o,51a17262-Audio_SP18.v0,group_0,1,fave,166.31944073147073,79.72533711803112,9,Microworkers,"",0.12999999999999545,por,[silence],o,R,o,R,internal
538.7735296727917,1306.2735065677289,2992.587823687614,3.0471679940858754,3.855999371970184,3.3366865710404863,5153.846153846154,0.00005058885364969376,609.04375,0.027000000000000003,0.32142857142857145,0-0-937-1,o,51a17262-Audio_SP18.v0,group_0,1,fave,251.60583759520918,81.07873208069248,9,sonidos,"",0.06000000000005912,algunos,%%,s,n,s,n,internal
448.22364240498143,834.6850001716068,1626.6249578824327,3.2797464242382444,3.7991642229872937,4.106900225199479,3538.4615384615386,0.003341048471508133,609.4477499999999,0.035,0.33653846153846156,0-0-937-5,o,51a17262-Audio_SP18.v0,group_0,1,fave,315.3003642442789,78.84625892088461,9,sonidos,"",0.08000000000004093,algunos,%%,d,s,d,s,internal
365.51596447479614,856.3627650838943,1330.548212259853,2.6227979877949954,3.0078894146444433,3.7200697669975447,3000.0,0.000878450127300033,617.32575,0.031,0.32978723404255317,0-0-951-2,o,51a17262-Audio_SP18.v0,group_0,1,fave,181.76125530093236,71.28102378956314,9,unos,"",0.07000000000005002,aproximadamente,[silence],n,s,n,s,internal
513.1142443017445,772.3378603783171,1325.7175427822144,3.488414803357134,3.6506295803811812,3.7223463146231337,3000.0,0.0002087240451946354,619.31575,0.031,0.32978723404255317,0-0-956-1,o,51a17262-Audio_SP18.v0,group_0,1,fave,194.89418488563444,77.51912365688435,9,sonidos,"",0.07000000000005002,[silence],[silence],s,n,s,n,internal
497.2702357441595,779.1054663615515,1418.9144867550544,2.932432908222905,3.55069475819835,4.061225123958292,3358.974358974359,0.004676781094976297,619.6487500000001,0.037000000000000005,0.324561403508772,0-0-956-5,o,51a17262-Audio_SP18.v0,group_0,1,fave,285.0850813286561,81.00065811019506,9,sonidos,"",0.09000000000003183,[silence],[silence],d,s,d,s,internal
618.8739645674254,1325.4882353022608,2706.49534712511,3.353637014751706,3.6445094434129377,4.228187910241258,4615.384615384615,0.0010498425820392684,626.18075,0.041,0.3306451612903226,0-0-968-10,o,51a17262-Audio_SP18.v0,group_0,1,fave,224.13698648366892,77.94656797985746,9,cuestionado,"",0.10000000000002274,[silence],cómo,d,#,d,k,final
657.0348118243816,1012.3603264015169,2512.478234709952,2.6918225452502043,3.443005776774462,4.133405501441757,4076.923076923077,0.001701732214837461,626.5177500000001,0.055,0.33536585365853655,0-0-969-3,o,51a17262-Audio_SP18.v0,group_0,1,fave,209.89133333647152,79.36038778739102,9,cómo,"",0.13999999999998636,cuestionado,cómo,m,#,m,k,final
550.7823735311613,856.1384899222531,1798.8603032968451,3.4019020713887915,3.811566361425789,4.476395269539971,3897.4358974358975,0.009410318128975585,626.8837500000001,0.047,0.3263888888888889,0-0-970-3,o,51a17262-Audio_SP18.v0,group_0,1,fave,190.5740110179443,75.70079011908227,9,cómo,"",0.12000000000000455,cómo,puedo,m,#,m,p,final
568.358931253788,1022.0750292041797,2585.805356279171,3.257194318502855,3.1238391821833953,4.305409836389495,4435.897435897436,0.0014639322974301092,627.38875,0.07700000000000001,0.3290598290598291,0-0-971-4,o,51a17262-Audio_SP18.v0,group_0,1,fave,215.2935605808505,79.66825918228207,9,puedo,"",0.2099999999999227,cómo,[silence],d,#,d,®,final
529.6614452649719,1048.4135858355314,2200.266928341783,3.4379628001190636,3.507098701107425,4.597651128165194,4435.897435897436,0.0006608774598661578,630.67575,0.031,0.32978723404255317,0-0-980-4,o,51a17262-Audio_SP18.v0,group_0,1,fave,213.83664153296846,80.15478551719409,9,luego,"",0.07000000000005002,",",[silence],g,#,g,&,final
476.26814403213854,768.3916812770099,1346.9320322029998,3.055550259958341,3.165716731347291,3.6943978839608116,3000.0,0.02698297426648793,660.33275,0.08499999999999999,0.33464566929133854,0-0-994-8,o,51a17262-Audio_SP18.v0,group_0,1,fave,187.36662812259593,79.21891539739961,9,principio,"",0.2300000000000182,un,eran,i,#,i,é,final
385.68221422182893,788.6796572567854,2749.589421902616,3.323784418870593,2.9404347829498616,4.259658996175535,6051.282051282051,0.01804250825370603,661.2327499999999,0.145,0.3341013824884792,0-0-996-3,o,51a17262-Audio_SP18.v0,group_0,1,fave,178.85177358006902,78.16258109608827,9,como,"",0.41000000000008185,eran,[silence],m,#,m,.,final
449.49260358904513,767.6929820869068,1235.1334861224168,3.4209977360641686,3.7475630337211134,3.4778074255755222,4076.923076923077,0.004114016026687505,664.26475,0.129,0.3359374999999999,0-0-1000-4,o,51a17262-Audio_SP18.v0,group_0,1,fave,183.79049830650587,80.6335927632739,9,gritos,"",0.35999999999989996,",",",",t,s,t,s,internal
481.91702572430876,887.9879855217573,1780.328800891386,2.769319135096055,3.524922682862333,4.10281471740326,3897.4358974358975,0.002004006544706734,666.44575,0.051000000000000004,0.3311688311688312,0-0-1004-4,o,51a17262-Audio_SP18.v0,group_0,1,fave,222.40948247965554,83.90932858165057,9,luego,"",0.12999999999999545,%%,[silence],g,#,g,.,final
410.8740688607611,601.6665376370042,894.5336276836465,3.290994633926532,3.5424946729983287,3.5769349154936645,3179.4871794871797,0.031129549674642373,667.03075,0.121,0.33241758241758235,0-0-1006-5,o,51a17262-Audio_SP18.v0,group_0,1,fave,188.39355007142814,78.39879503142772,9,cambió,"",0.33999999999991815,[silence],la,i,#,i,l,final
439.2845839280266,529.9070692906332,998.7239124224365,3.140075299149834,3.7311058676385,3.68292955277068,3179.4871794871797,0.027343792300410837,668.87075,0.061000000000000006,0.3315217391304348,0-0-1010-2,o,51a17262-Audio_SP18.v0,group_0,1,fave,173.16148135575364,76.93465575423478,9,usó,"",0.15999999999996817,y,palabras,s,#,s,p,final
549.311107946236,916.3432853428615,2103.8266693100054,3.2895151411694847,3.6966376761386925,4.284799927825945,5153.846153846154,0.060824295199889744,670.2427499999999,0.165,0.3340080971659919,0-0-1013-0,o,51a17262-Audio_SP18.v0,group_0,1,fave,188.6651114411519,80.77449592331274,9,o,"",0.4700000000000273,[silence],frases,#,#,.,f,coextensive
415.94378991445143,808.3387896279551,1230.7006025242947,3.585542535353456,2.914141356702742,3.1619384055626156,3358.974358974359,0.00003582862419753708,677.69375,0.027000000000000003,0.32142857142857145,0-0-1027-2,o,51a17262-Audio_SP18.v0,group_0,1,fave,203.12644444883762,79.81301531158908,9,uno,"",0.06000000000005912,[silence],deba,n,#,n,d,final
462.11886389097384,711.0192711436198,1481.0305283161754,2.713223110126712,3.0281771918873037,3.3387502485236276,3358.974358974359,0.00015698083169318923,697.72275,0.045,0.33582089552238803,0-0-1048-3,o,51a17262-Audio_SP18.v0,group_0,1,fave,229.6204078996468,85.30240759642048,9,pero,"",0.10999999999989996,%%,nosotros,R,#,R,n,final
411.61446335019394,876.2663750635969,1221.2878176268882,3.603951463591173,3.0057823801377768,3.6299110665089103,4076.923076923077,0.00018716844294332756,699.5907500000001,0.041,0.3306451612903226,0-0-1053-4,o,51a17262-Audio_SP18.v0,group_0,1,fave,195.21550040317354,78.44727514184463,9,hacemos,"",0.09999999999990905,[silence],en,m,s,m,s,internal
565.8751237551761,1425.0949015113342,2407.1612126988207,3.0986444654823724,2.7195337117401737,4.787316040876472,4974.358974358975,0.0004602573769217453,723.03375,0.027000000000000003,0.32142857142857145,0-0-1068-5,o,51a17262-Audio_SP18.v0,group_0,1,fave,207.51663532481587,79.51726470151361,9,querido,"",0.06000000000005912,[silence],participar,d,#,d,p,final
423.6758330523953,801.4663758406256,1284.080185214558,2.117242665268328,3.269476920992232,2.690984265260439,3717.948717948718,0.0000936608547147181,726.44875,0.037000000000000005,0.324561403508772,0-0-1074-5,o,51a17262-Audio_SP18.v0,group_0,1,fave,212.13082556725524,82.03401177654108,9,pronto,"",0.09000000000003183,[silence],no,t,#,t,n,final
449.8445275469755,709.7981863337802,1354.9104806129235,2.6029575569544514,3.155533328331353,3.199769016109382,3000.0,0.0014991362059839392,727.17275,0.045,0.33582089552238803,0-0-1076-5,o,51a17262-Audio_SP18.v0,group_0,1,fave,221.24092301106026,81.59962900759315,9,cumplo,"",0.11000000000001364,no,con,l,#,l,k,final
592.5583140050452,789.1444667248678,1318.9720066325212,3.8042491974515165,2.986937360492756,3.0710187240723865,4256.410256410256,0.00026905735967463216,727.53775,0.035,0.3365384615384616,0-0-1078-1,o,51a17262-Audio_SP18.v0,group_0,1,fave,214.5574043722846,80.48894308476945,9,los,"",0.08000000000004093,con,requisitos,l,s,l,s,internal
614.8514985918969,1339.9688940240446,2921.819910626156,3.1690186613769837,3.579199527172196,4.000243904570092,5871.794871794871,0.0001732927382495738,728.2257500000001,0.031,0.32978723404255317,0-0-1079-7,o,51a17262-Audio_SP18.v0,group_0,1,fave,201.4345976025802,78.00975662478312,9,requisitos,"",0.06999999999993634,los,que,t,s,t,s,internal
466.7146287948718,854.3724095731545,2207.945080582562,3.4306598149785352,2.5157435565533675,4.474709788744248,5153.846153846154,0.0009054408711742558,733.6087500000001,0.037000000000000005,0.324561403508772,0-0-1093-0,o,51a17262-Audio_SP18.v0,group_0,1,fave,207.96558677637583,82.21215031475352,9,o,"",0.08999999999991815,[silence],porque,#,#,.,p,coextensive
431.73943232153226,716.9743371534765,1023.4047698611073,3.183469739002545,3.2565440840992896,3.3878750781336198,3000.0,0.00029311128067725133,735.04375,0.047,0.3263888888888889,0-0-1097-4,o,51a17262-Audio_SP18.v0,group_0,1,fave,202.2251495950522,82.13412978067967,9,tengo,"",0.12000000000000455,[silence],la,g,#,g,l,final
472.2920419976566,630.9771082013133,1385.5598230029884,3.1794879367306113,3.6505962977375006,3.5956814273610207,3358.974358974359,0.0001579149849476916,735.6437500000001,0.027000000000000003,0.32142857142857145,0-0-1100-1,o,51a17262-Audio_SP18.v0,group_0,1,fave,183.7428441657639,78.50877758571994,9,social,"",0.06000000000005912,red,.,s,z,s,z,internal
558.6283253953919,961.1499155621577,2760.1511188290388,3.4207098795798045,3.2156891568885073,4.666187063181579,5692.3076923076915,0.028758939783848,737.6877499999999,0.275,0.3337378640776699,0-0-1104-0,o,51a17262-Audio_SP18.v0,group_0,1,fave,195.31060130869017,80.36152459752233,9,O,"",0.8000000000000682,[silence],porque,#,#,.,p,coextensive
475.1772054947209,874.5156404081514,1623.0882005554458,2.506448012921275,3.9007313452941026,3.4774916937524565,3897.4358974358975,0.00035798146281712853,739.4037500000001,0.027000000000000003,0.32142857142857145,0-0-1108-1,o,51a17262-Audio_SP18.v0,group_0,1,fave,215.12324943866074,82.84014261528695,9,social,"",0.06000000000005912,red,[silence],s,z,s,z,internal
351.5872636935825,826.2696865773983,1348.968464705595,2.29247509115732,2.872346499763693,3.379526845499288,4615.384615384615,0.0016199373341390115,744.39075,0.041,0.3306451612903226,0-0-1120-4,o,51a17262-Audio_SP18.v0,group_0,1,fave,171.79073674696383,81.8935776910221,9,bueno,"",0.10000000000002274,[silence],así,n,#,n,á,final
533.5238670842409,694.0757863234918,1176.8964074510359,3.1147745748810607,3.37148678346622,4.179404539380726,3000.0,0.012399037669024204,748.39275,0.045,0.33582089552238803,0-0-1125-0,o,51a17262-Audio_SP18.v0,group_0,1,fave,-206.77757440944788,77.16546755847305,9,O,"",0.11000000000001364,[silence],alguna,#,#,.,a,coextensive
474.54359468297463,720.5183467263861,1495.9459078253933,3.000474012178831,2.773735612578535,3.4219130793115884,3000.0,0.00021181195313402614,749.67775,0.035,0.33653846153846156,0-0-1129-3,o,51a17262-Audio_SP18.v0,group_0,1,fave,222.76098115571153,82.89646914559484,9,creo,"",0.08000000000004093,que,que,é,#,é,k,final
559.4978473866809,1162.3006623757003,4222.969209805255,3.528129436240924,3.1814663324217882,3.697773088167249,6769.2307692307695,0.001640103321492732,762.82575,0.051000000000000004,0.3311688311688312,0-0-1153-3,o,51a17262-Audio_SP18.v0,group_0,1,fave,205.6496005626164,79.41721600562407,9,algo,"",0.12999999999999545,[silence],que,g,#,g,k,final
522.4030758107529,847.2825529425553,1566.417729284309,2.8174487630976417,3.5895252416811756,3.4358779551465255,4615.384615384615,0.005863226508332111,765.6327500000001,0.065,0.33505154639175255,0-0-1160-1,o,51a17262-Audio_SP18.v0,group_0,1,fave,217.310315782717,82.4751020448845,9,convence,"",0.16999999999995907,me,[silence],k,n,k,n,internal
468.4701706772125,693.0622144851678,1310.0062685802975,3.2249202945806315,3.5584500193250617,3.184693712345278,3179.4871794871797,0.0038323030204753805,767.54575,0.051000000000000004,0.3311688311688312,0-0-1165-3,o,51a17262-Audio_SP18.v0,group_0,1,fave,212.92377290858252,78.65877155874999,9,creo,"",0.12999999999999545,y,que,é,#,é,k,final
562.0604559717772,1204.6902515365293,2831.646093588689,2.8639536357587545,2.504505678526645,4.27131420314759,5153.846153846154,0.008097643974958577,771.9887500000001,0.057,0.32758620689655177,0-0-1175-3,o,51a17262-Audio_SP18.v0,group_0,1,fave,162.47692952332812,76.26072515151624,9,creo,"",0.14999999999997726,y,que,é,#,é,k,final
515.2157369775646,907.2896500166836,1471.8388616115512,2.7690997803047397,3.378629013798478,3.41493031163846,4076.923076923077,0.001252183200421133,788.24575,0.07100000000000001,0.33177570093457953,0-0-1187-6,o,51a17262-Audio_SP18.v0,group_0,1,fave,231.20009469410732,80.64915024576582,9,ejemplo,"",0.18999999999994088,Por,",",l,#,l,.,final
641.59939591827,831.5250737336903,1283.4568534972725,3.232876384609568,3.791473663635761,3.3671335813354117,4435.897435897436,0.012168870444362106,790.9277500000001,0.07500000000000001,0.3348214285714286,0-0-1200-1,o,51a17262-Audio_SP18.v0,group_0,1,fave,221.69880395556567,72.97318208350528,9,votación,"",0.20000000000004547,una,[silence],b,t,b,t,internal
523.5969196233833,1266.7759360536193,2651.6150966999176,3.0234241063963716,3.126705588682292,3.9464897310506264,5333.333333333333,0.001531348783775773,791.42575,0.051000000000000004,0.3311688311688312,0-0-1200-6,o,51a17262-Audio_SP18.v0,group_0,1,fave,200.56707647233122,80.71835456219885,9,votación,"",0.12999999999999545,una,[silence],i,n,i,n,internal
432.8875820310781,687.7722673079934,1219.4480847208972,3.2767692825086225,3.432766593293958,3.4316913525289756,3538.4615384615386,0.004658342994452998,798.1677500000001,0.055,0.3353658536585366,0-0-1212-8,o,51a17262-Audio_SP18.v0,group_0,1,fave,201.13784826271376,81.3377441385925,9,contenido,"",0.13999999999998636,de,para,d,#,d,p,final
438.82025044433715,728.2749990909545,1264.7643419545275,2.3222599365231926,3.1046830813070323,2.5463963630213784,3000.0,0.00030373336084089226,836.1187500000001,0.037000000000000005,0.324561403508772,0-0-1244-3,o,51a17262-Audio_SP18.v0,group_0,1,fave,211.68724113239927,81.86297889252252,9,Algo,"",0.09000000000003183,[silence],del,g,#,g,d,final
423.5770420304939,802.5352860699231,1523.3279797996129,3.3368872108775034,3.482494627460734,3.663734363396586,3717.948717948718,0.0004113680593257434,844.32575,0.031,0.32978723404255317,0-0-1270-10,o,51a17262-Audio_SP18.v0,group_0,1,fave,199.26062305386571,80.76626807812579,9,remuneración,"",0.07000000000005002,una,pero,i,n,i,n,internal
428.7192889975367,788.305036102792,1437.465689686497,2.971004041454528,3.096069682141403,3.1642226950037964,3538.4615384615386,0.008132798382832188,844.6037499999999,0.10700000000000001,0.3302469135802469,0-0-1271-3,o,51a17262-Audio_SP18.v0,group_0,1,fave,200.54441502206728,79.96741827514181,9,pero,"",0.3000000000000682,remuneración,nunca,R,#,R,n,final
463.1270373712476,643.5198142030854,1363.4325543097766,3.097530937502096,3.431510081134852,3.7422234448518443,3179.4871794871797,0.000966262187415764,846.38075,0.041,0.3306451612903226,0-0-1279-1,o,51a17262-Audio_SP18.v0,group_0,1,fave,153.74802890161547,78.57588178160569,9,lo,"",0.10000000000002274,a,que,l,#,l,k,final
505.5951848850855,1067.8914780591751,3546.1912031103616,2.664883383870026,3.3923105829640408,5.17946713018896,6051.282051282051,0.016435095928978013,847.5127500000001,0.065,0.33505154639175255,0-0-1283-7,o,51a17262-Audio_SP18.v0,group_0,1,fave,173.45253829876262,75.47369312730038,9,pidiendo,"",0.16999999999995907,están,que,d,#,d,k,final
371.531568428072,543.0794975625245,1090.4168857199854,3.075905752342957,2.2576645155083046,4.069949512494665,3897.4358974358975,0.018113523900660816,850.2537500000001,0.047,0.3263888888888889,0-0-1291-5,o,51a17262-Audio_SP18.v0,group_0,1,fave,175.87245000659036,81.96119260791308,9,cambio,"",0.12000000000000455,a,.,i,#,i,.,final
532.5307476239473,1087.80030155148,2232.20967237378,3.8165240691760056,3.9720672743380754,3.822149732136068,5692.3076923076915,0.0016614497856813517,872.4837500000001,0.027000000000000003,0.32142857142857145,0-0-1297-2,o,51a17262-Audio_SP18.v0,group_0,1,fave,322.3755914425585,83.86462116236599,9,oportunidad,"",0.05999999999994543,la,de,p,R,p,R,internal
435.7604709119873,769.316883917518,1137.5384039683572,2.820398808954675,3.3715969986243857,3.8960868908450705,3000.0,0.012921670166543393,874.26575,0.17099999999999999,0.3326848249027236,0-0-1299-1,o,51a17262-Audio_SP18.v0,group_0,1,fave,209.99456523173407,80.15527499816402,9,poder,"",0.4900000000000091,de,ver,p,d,p,d,internal
459.30845003277216,831.4326351215983,1330.253381915722,2.468921949207981,3.367618529026638,3.7174277897895585,3538.4615384615386,0.000058792770576042905,880.78275,0.025,0.33783783783783783,0-0-1312-2,o,51a17262-Audio_SP18.v0,group_0,1,fave,220.37220201343968,82.89178193992598,9,programado,"",0.05000000000006821,[silence],O,R,g,R,g,internal
574.8364275983256,818.1426821709248,1370.7446301839395,3.523983453980124,3.1378963715546764,3.0508217016531383,4794.871794871795,0.008650517654000194,881.43075,0.061000000000000006,0.3315217391304348,0-0-1314-0,o,51a17262-Audio_SP18.v0,group_0,1,fave,320.45156782150144,76.18812324200904,9,O,"",0.15999999999996817,programado,[silence],#,#,"",.,coextensive
484.10617873388173,787.6494126220271,1133.4267922504696,3.370354696460633,3.803732507184964,4.157102748587862,3179.4871794871797,0.03220471430673437,882.9037500000001,0.047,0.3263888888888889,0-0-1318-0,o,51a17262-Audio_SP18.v0,group_0,1,fave,249.1160195892797,77.15691102109366,9,o,"",0.12000000000000455,[silence],que,#,#,.,k,coextensive
474.5905508072539,727.2570896622615,1581.8837355805529,2.8315035075442565,3.3417243860250627,3.6568349452066053,3717.948717948718,0.00030291940192052395,887.04575,0.051000000000000004,0.3311688311688312,0-0-1329-3,o,51a17262-Audio_SP18.v0,group_0,1,fave,226.04667958103227,83.05934003701849,9,pero,"",0.12999999999999545,[silence],no,R,#,R,n,final
294.0133322695288,754.5688170142564,1615.6762810445198,4.210705789342326,2.382338093979469,3.662159989317842,3897.4358974358975,0.000024753182452877007,930.65275,0.025,0.33783783783783783,0-0-1357-6,o,51a17262-Audio_SP18.v0,group_0,1,fave,254.2718784694009,83.58651679580962,9,imagino,"",0.05000000000006821,que,que,n,#,n,k,final
430.47780537036124,848.599441650937,1536.7135542057135,2.646201306824808,3.592188736758022,3.587427905827868,4076.923076923077,0.00014569877006775236,936.79575,0.031,0.32978723404255317,0-0-1373-1,o,51a17262-Audio_SP18.v0,group_0,1,fave,202.55463424149198,81.7171669842477,9,sociales,"",0.07000000000005002,redes,en,s,z,s,z,internal
356.6758639161485,746.9660407878608,1228.4949145628163,2.014985801798705,2.6582173653906653,4.200418639113387,3897.4358974358975,0.015268701259656493,941.44575,0.091,0.3321167883211679,0-0-1384-3,o,51a17262-Audio_SP18.v0,group_0,1,fave,232.94531286220248,77.53364474585858,9,como,"",0.25,seguir,[silence],m,#,m,®,final
485.5689335257709,910.2368270056747,1312.500408894162,2.9825633026528124,3.3991282206146396,3.607459274481633,4615.384615384615,0.00008565766746701144,950.1337500000001,0.027000000000000003,0.32142857142857145,0-0-1404-1,o,51a17262-Audio_SP18.v0,group_0,1,fave,220.11459887517915,80.35211706565276,9,posición,"",0.05999999999994543,mejor,[silence],p,s,p,s,internal
536.8853143960863,883.3738544710584,1259.770433479328,3.4599802129718333,2.956405233785744,3.142514153414169,3538.4615384615386,0.013765287409099224,950.53075,0.101,0.3322368421052631,0-0-1404-6,o,51a17262-Audio_SP18.v0,group_0,1,fave,225.39212650546315,78.94528572550647,9,posición,"",0.2799999999999727,mejor,[silence],i,n,i,n,internal
584.7558119291904,1249.3864229221913,3496.6847495362467,2.9749898030562973,2.746708279931423,4.798065718946431,5333.333333333333,0.003437640899363809,951.4487499999999,0.07700000000000001,0.3290598290598291,0-0-1407-5,o,51a17262-Audio_SP18.v0,group_0,1,fave,178.70140049381118,78.59614328428398,9,cuanto,"",0.21000000000003638,en,[silence],t,#,t,.,final
395.3692092600103,612.8818541711241,1333.4022660468381,3.145494028708399,3.0361796068138864,4.145133244117333,3358.974358974359,0.002098033134434353,953.16575,0.031,0.32978723404255317,0-0-1412-1,o,51a17262-Audio_SP18.v0,group_0,1,fave,181.17227339711638,80.72808114630281,9,los,"",0.07000000000005002,a,motores,l,s,l,s,internal
364.19753922699766,823.7347327244383,1153.2536041118872,2.1267285897132475,3.651664744358744,3.83649910644202,4256.410256410256,0.0009231273396460677,953.30875,0.037000000000000005,0.324561403508772,0-0-1413-1,o,51a17262-Audio_SP18.v0,group_0,1,fave,178.8514186723088,82.67281432180127,9,motores,"",0.09000000000003183,los,de,m,t,m,t,internal
482.8434842740643,1451.614283194234,2994.1513178041523,2.638503037731319,3.586335754725674,3.496079137031255,5512.820512820513,7.099015049629491e-6,956.3637500000001,0.027000000000000003,0.32142857142857145,0-0-1424-1,o,51a17262-Audio_SP18.v0,group_0,1,fave,226.3610347619047,82.7901825600879,9,sociales,"",0.05999999999994543,redes,y,s,z,s,z,internal
480.6270080218871,706.2816398877302,1327.97664445462,3.196735827956427,2.7136115660149067,3.706223485724502,3000.0,0.002119981766561047,960.9287499999999,0.07700000000000001,0.3290598290598291,0-0-1434-3,o,51a17262-Audio_SP18.v0,group_0,1,fave,221.37130597967536,83.9767463772814,9,pero,"",0.21000000000003638,[silence],en,R,#,R,e,final
474.64216308814576,918.338854464687,2635.931488225161,3.268329091585952,2.2294062761237905,4.400846486444878,6051.282051282051,0.0024949334426575417,964.00575,0.051000000000000004,0.3311688311688312,0-0-1441-4,o,51a17262-Audio_SP18.v0,group_0,1,fave,228.26241695878656,81.32214406525348,9,tengo,"",0.12999999999999545,no,[silence],g,#,g,.,final
248.58678471941363,735.5606358471014,1219.4605463917553,2.679279599873986,3.184531656284331,3.1852015659857855,3358.974358974359,0.0057291627373557245,969.8677500000001,0.055,0.3353658536585366,0-0-1454-1,o,51a17262-Audio_SP18.v0,group_0,1,fave,244.97327868592288,75.85826327101609,9,los,"",0.13999999999998636,son,que,l,s,l,s,internal
432.1565755265289,729.0748200608208,1240.84345144513,3.0453027048060632,3.482767214456572,2.999167486172804,3358.974358974359,0.0008339442986263099,971.0037500000001,0.027000000000000003,0.32142857142857145,0-0-1459-2,o,51a17262-Audio_SP18.v0,group_0,1,fave,102.36946366152387,77.16852062686874,9,proporcionando,"",0.05999999999994543,están,[silence],R,p,R,p,internal
308.8897408248477,647.0418317003523,1279.4423548601837,3.293501119183064,3.6174036050030836,3.4350719275387025,3179.4871794871797,0.0015351698309049766,971.0937500000001,0.027000000000000003,0.32142857142857145,0-0-1459-4,o,51a17262-Audio_SP18.v0,group_0,1,fave,198.1877745183902,76.35066944454887,9,proporcionando,"",0.05999999999994543,están,[silence],p,R,p,R,internal
420.42978862130155,637.5577028597858,1181.8796020788545,3.2239237399551537,3.500937681907116,3.9955776721711285,3000.0,0.011283435184808562,1000.55275,0.045,0.33582089552238803,0-0-1470-2,o,51a17262-Audio_SP18.v0,group_0,1,fave,166.17817322271284,75.24223511502714,9,eso,"",0.11000000000001364,[silence],para,s,#,s,p,final
490.62549793858756,849.2094181949914,1185.4014718991639,3.9055052720339822,3.095790517451801,3.1817556470439476,3538.4615384615386,0.0022872271884502,1005.3387500000001,0.037000000000000005,0.324561403508772,0-0-1483-1,o,51a17262-Audio_SP18.v0,group_0,1,fave,190.2904434143813,77.32482543968311,9,motores,"",0.08999999999991815,los,de,m,t,m,t,internal
514.2304726099637,1423.751191673135,2936.955485023153,2.7108968074005992,3.9094355971626347,3.655639640454618,4974.358974358975,0.0004273405108865585,1011.74075,0.041,0.3306451612903226,0-0-1494-6,o,51a17262-Audio_SP18.v0,group_0,1,fave,237.96333239682576,78.07417020073592,9,ingresos,"",0.10000000000002274,sus,porque,s,s,s,s,internal
551.8478691613848,869.4612027360565,2437.1979650042144,3.3523083080271454,3.4715405788424367,4.45022770241194,5512.820512820513,0.023454799103171997,1012.9227500000001,0.185,0.3339350180505415,0-0-1498-3,o,51a17262-Audio_SP18.v0,group_0,1,fave,199.53674433445786,78.13750734290294,9,sólo,"",0.5299999999999727,es,[silence],l,#,l,.,final
438.59055378078307,789.2730906455165,1508.9507299131326,3.2301639887773157,3.4625673899275524,4.019766541874356,3897.4358974358975,0.0006733679604221908,1014.41075,0.041,0.3306451612903226,0-0-1501-2,o,51a17262-Audio_SP18.v0,group_0,1,fave,202.87162691881537,79.73315968856724,9,hecho,"",0.10000000000002274,el,de,h,#,h,d,final
379.64253676179777,754.0487659083778,1117.315376466717,2.9388364783232794,2.6504321664958566,3.8120905855001856,3897.4358974358975,0.0012103463023675366,1017.6007500000001,0.041,0.3306451612903226,0-0-1514-3,o,51a17262-Audio_SP18.v0,group_0,1,fave,181.1588702562247,81.5167534768274,9,como,"",0.09999999999990905,ingresos,por,m,#,m,p,final
575.8599516704693,1173.8816493020836,2338.089099079826,3.224606363779184,4.2246569498502025,4.514225551662628,5871.794871794871,0.01381141322189683,1018.2577500000001,0.07500000000000001,0.33482142857142866,0-0-1516-6,o,51a17262-Audio_SP18.v0,group_0,1,fave,187.10447364923232,75.41119364851589,9,ejemplo,"",0.1999999999999318,por,%%,l,#,l,&,final
563.9532437633227,1336.9189159970997,2997.9708181351907,2.907612478521565,3.563394245784337,4.371039248312062,5512.820512820513,0.0014821342017707656,1019.28875,0.037000000000000005,0.324561403508772,0-0-1518-1,o,51a17262-Audio_SP18.v0,group_0,1,fave,177.87686069815408,79.33655800857517,9,los,"",0.09000000000003183,%%,YouTubers,l,s,l,s,internal
535.0450985714424,991.0968676713936,2254.2424482335787,3.2750301243219284,3.687468853900787,4.454575013520795,4435.897435897436,0.0006552063537850302,1023.41575,0.031,0.32978723404255317,0-0-1529-1,o,51a17262-Audio_SP18.v0,group_0,1,fave,197.42217958096498,80.7947663158007,9,comentar,"",0.07000000000005002,[silence],[silence],k,m,k,m,internal
364.1106021047139,719.3985958875967,1145.6780649257428,2.1124723122407563,2.614629136007054,2.847936354412021,3000.0,0.0021534150327428133,1025.52775,0.07500000000000001,0.3348214285714286,0-0-1532-4,o,51a17262-Audio_SP18.v0,group_0,1,fave,354.11252349424586,75.55045541657032,9,video,"",0.20000000000004547,algún,pues,é,#,é,p,final
559.7057221458658,1378.214555644813,2963.122536802026,3.0963749051763974,3.505509076728571,1.910206505557616,5333.333333333333,0.00002358462009866912,1027.96375,0.027000000000000003,0.32142857142857145,0-0-1538-8,o,51a17262-Audio_SP18.v0,group_0,1,fave,201.36473059380015,81.94548658111626,9,generando,"",0.05999999999994543,[silence],ingresos,d,#,d,i,final
506.3238858755036,1416.7276345109567,2777.4188389671804,3.175834786577284,4.2291329923455105,3.88781866014002,5153.846153846154,0.00267670431151171,1028.49575,0.051000000000000004,0.3311688311688312,0-0-1539-6,o,51a17262-Audio_SP18.v0,group_0,1,fave,1510.7318260930385,69.77205353065172,9,ingresos,"",0.12999999999988177,generando,[silence],s,s,s,s,internal
507.9104876109909,1129.9789286215782,2812.0253183935074,3.245304608520634,2.52557939814241,3.0669439874438162,5692.3076923076915,0.003491422222808204,1032.8427499999998,0.08499999999999999,0.33464566929133854,0-0-1552-9,o,51a17262-Audio_SP18.v0,group_0,1,fave,176.5136604104926,74.68396189098982,9,realizando,"",0.2300000000000182,están,a,d,#,d,a,final
311.94551213817823,524.1873864731461,1231.8725996866992,3.3034945000272486,2.5568703995986946,3.83739773071547,3717.948717948718,0.00046273487708682994,1034.66775,0.035,0.33653846153846156,0-0-1559-4,o,51a17262-Audio_SP18.v0,group_0,1,fave,170.29087040045818,75.30656495076062,9,Microworkers,"",0.07999999999992724,[silence],.,R,o,R,o,internal
351.16773897653445,510.63907217934764,884.8096296116902,3.382596662759407,2.8789434479799683,3.7179865878719784,3897.4358974358975,0.00013124793131672166,1034.7437499999999,0.027000000000000003,0.32142857142857145,0-0-1559-5,o,51a17262-Audio_SP18.v0,group_0,1,fave,170.27571873896903,77.7315776755781,9,Microworkers,"",0.05999999999994543,[silence],.,o,R,o,R,internal
458.13646573619536,1028.157207480567,2660.6567628598286,3.481845629321523,3.6463040286335797,4.076935945194306,5333.333333333333,0.00006205836850573887,1054.98575,0.031,0.32978723404255317,0-0-1579-1,o,51a17262-Audio_SP18.v0,group_0,1,fave,188.72982472901268,78.31290476757987,9,contenidos,"",0.06999999999993634,manejan,en,k,n,k,n,internal
473.46874973696146,1158.5219155386596,1685.1756355937043,2.5162650916391436,3.529671802429748,4.1101066931883246,4256.410256410256,0.0053554442440896,1055.6307499999998,0.101,0.3322368421052631,0-0-1579-8,o,51a17262-Audio_SP18.v0,group_0,1,fave,232.13219227711414,82.1217465239471,9,contenidos,"",0.2799999999999727,manejan,en,d,s,d,s,internal
526.3748696028537,1072.4265508306846,2847.1179546557178,3.4753930027624205,3.4977334013414367,3.4730286107920887,6769.2307692307695,0.008891154769311953,1058.0087500000002,0.07700000000000001,0.3290598290598291,0-0-1584-4,o,51a17262-Audio_SP18.v0,group_0,1,fave,186.27107423848432,72.75764228361376,9,bueno,"",0.21000000000003638,y,quieren,n,#,n,k,final
508.10687803532824,1286.799057594455,2941.1388774554734,2.95198953528496,2.7350602442408007,3.1690650360583903,5692.3076923076915,0.0019212367498786592,1061.1607499999998,0.101,0.3322368421052631,0-0-1591-9,o,51a17262-Audio_SP18.v0,group_0,1,fave,237.94506095686515,80.99942108418374,9,comentario,"",0.2800000000002001,un,quiere,i,#,i,k,final
310.1309346405364,1381.5128928817398,1944.745211046202,3.1284269842728585,3.6987151756615573,4.653609442290989,5153.846153846154,0.010441950748393825,1064.94575,0.031,0.32978723404255317,0-0-1602-3,o,51a17262-Audio_SP18.v0,group_0,1,fave,102.48575174720791,73.75735636225578,9,tipo,"",0.06999999999993634,Ese,de,p,#,p,d,final
516.8216448833583,1161.8739670116945,2813.761415892643,2.6077881902491677,3.6030613650734145,4.331772268994515,5692.3076923076915,0.002571587154172825,1083.83075,0.041,0.3306451612903226,0-0-1616-5,o,51a17262-Audio_SP18.v0,group_0,1,fave,260.7054762631101,80.25255367097971,9,tiempo,"",0.10000000000013642,este,pues,p,#,p,p,final
774.271195253788,1350.7892318033794,2950.457993922557,3.194880927440481,3.5851915334501667,4.1831636924350715,5692.3076923076915,0.011375411279527344,1084.3227499999998,0.10500000000000001,0.3343949044585987,0-0-1618-2,o,51a17262-Audio_SP18.v0,group_0,1,fave,216.73181171224198,76.28995581426706,9,uno,"",0.2899999999999636,pues,[silence],n,#,n,®,final
433.89044360770515,862.3261747147278,1632.9141847830813,3.586295271194861,3.506063954709085,4.358520435208086,4256.410256410256,0.0012199859446214057,1087.40775,0.035,0.3365384615384616,0-0-1625-3,o,51a17262-Audio_SP18.v0,group_0,1,fave,211.7695632423034,78.64744532458258,9,poco,"",0.07999999999992724,un,más,k,#,k,m,final
536.2991739779987,1173.7118816147222,2732.6790317006157,3.381686950307827,3.662803491867509,3.873132329322638,5333.333333333333,0.0027131665501609957,1093.1807500000002,0.041,0.3306451612903226,0-0-1644-3,o,51a17262-Audio_SP18.v0,group_0,1,fave,222.56094445929855,76.47938179076412,9,dejo,"",0.09999999999990905,las,pasar,x,#,x,p,final
443.8303522288087,826.4188345097132,2546.5779071711054,3.758801542778087,3.3919328609665587,4.050170599533711,5153.846153846154,0.07514423140029108,1098.0477500000002,0.235,0.3338068181818181,0-0-1654-3,o,51a17262-Audio_SP18.v0,group_0,1,fave,179.95833183649887,76.25377909114816,9,como,"",0.6799999999998363,%%,[silence],m,#,m,"",final
672.3242943748181,1438.4303699155034,3006.4799951312293,3.4874832006450287,3.286927701086619,4.421614779567757,5512.820512820513,0.00002821481058727876,1101.2737499999998,0.027000000000000003,0.32142857142857145,0-0-1657-1,o,51a17262-Audio_SP18.v0,group_0,1,fave,113.06328149790716,81.29804071252907,9,Nos,"",0.05999999999994543,[silence],las,n,s,n,s,internal
522.4389123536812,1204.1037234408425,2736.5063434341782,2.990224702146849,2.9006968838948692,3.8949182077032107,5692.3076923076915,0.009306852312773332,1104.82775,0.055,0.33536585365853655,0-0-1667-6,o,51a17262-Audio_SP18.v0,group_0,1,fave,277.9364880577776,78.24588449719501,9,sumando,"",0.14000000000010004,va,[silence],d,#,d,.,final
497.4492667411912,1544.4684054866425,2858.099715133822,3.2270992353676244,3.555161309501616,2.467016641213166,5512.820512820513,0.000020841771316505328,1109.36575,0.031,0.32978723404255317,0-0-1679-3,o,51a17262-Audio_SP18.v0,group_0,1,fave,200.84636242956216,79.06964015898247,9,caso,"",0.07000000000016371,ese,[silence],s,#,s,.,final
499.06019944663353,1230.364402647046,2784.8499655635155,3.1787159317917193,3.2325668365664804,3.129875399977683,5153.846153846154,0.00017040356203290976,1112.33875,0.037000000000000005,0.324561403508772,0-0-1689-8,o,51a17262-Audio_SP18.v0,group_0,1,fave,169.97343161279915,78.35772591924432,9,contenido,"",0.09000000000014552,[silence],o,d,#,d,o,final
409.73253685544825,640.4465261473567,1207.8313206485304,2.80742156517762,3.3343206848470603,3.101985609749737,3717.948717948718,0.010225345435150695,1113.91075,0.08099999999999999,0.3319672131147541,0-0-1696-3,o,51a17262-Audio_SP18.v0,group_0,1,fave,317.916397495497,72.14917248287179,9,algo,"",0.22000000000002728,de,[silence],g,#,g,.,final
332.47164023628994,1237.636504447502,2654.1580652896214,3.6997155526090073,3.156014012649396,4.2976573669105465,5512.820512820513,0.00374379120776716,1115.18575,0.031,0.32978723404255317,0-0-1699-3,o,51a17262-Audio_SP18.v0,group_0,1,fave,184.23427866283942,71.14298512412293,9,dejo,"",0.06999999999993634,las,pasar,x,#,x,p,final
412.79259166664315,1136.8980975477587,2838.415397976589,2.346483599218696,3.2322285938801105,3.1717000350678934,5333.333333333333,0.0009412738573479438,1130.80775,0.055,0.33536585365853655,0-0-1706-10,o,51a17262-Audio_SP18.v0,group_0,1,fave,161.46276611679818,81.85153222690498,9,dependiendo,"",0.14000000000010004,",",[silence],d,#,d,.,final
502.8666149530271,1128.4514979612884,2751.1444763706772,3.4210778629481116,2.8764479575272617,3.5900440872402353,5692.3076923076915,0.0070179089895388,1132.04575,0.11100000000000002,0.3323353293413173,0-0-1708-10,o,51a17262-Audio_SP18.v0,group_0,1,fave,243.0750510792852,80.11448564828109,9,dependiendo,"",0.30999999999994543,[silence],%%,d,#,d,&,final
445.85758406442966,1650.2285397492744,1957.6489879125813,2.5855271978648404,3.506442996978433,3.8048718702534607,4615.384615384615,0.00020864168046176557,1134.72775,0.035,0.3365384615384616,0-0-1718-6,o,51a17262-Audio_SP18.v0,group_0,1,fave,222.26178821639883,79.94037969368465,9,ejemplo,"",0.07999999999992724,Por,",",l,#,l,.,final
315.3730655382029,769.95261623356,1216.592926498764,2.7442829901494377,3.4171718290199093,2.8365717217630095,3000.0,0.004854549632134809,1137.8977499999999,0.055,0.33536585365853655,0-0-1728-0,o,51a17262-Audio_SP18.v0,group_0,1,fave,290.75644339832024,82.29448341673019,9,o,"",0.14000000000010004,error,equivocarte,#,#,R,e,coextensive
462.2612004535681,1007.7391877290587,2774.3567322291824,3.2588215880137303,3.6054638023997954,4.413799888640372,5333.333333333333,0.0004337374194020308,1138.2937499999998,0.047,0.3263888888888889,0-0-1729-4,o,51a17262-Audio_SP18.v0,group_0,1,fave,185.74108235406723,77.87374967185757,9,equivocarte,"",0.12000000000011823,o,en,b,k,b,k,internal
528.2033033022503,1135.083139291175,4031.7983088625633,3.0674278227621867,3.095817093976048,4.030545380309811,6051.282051282051,0.022940064412695926,1139.36775,0.095,0.33450704225352107,0-0-1731-3,o,51a17262-Audio_SP18.v0,group_0,1,fave,277.60109655383536,81.23574590208108,9,algo,"",0.2599999999999909,en,[silence],g,#,g,.,final
528.7681808922471,1531.1628666762883,3060.946118375534,2.8850523027931025,3.6416256846835307,4.404990353317294,6051.282051282051,0.0033928277987279416,1142.67875,0.037000000000000005,0.324561403508772,0-0-1741-1,o,51a17262-Audio_SP18.v0,group_0,1,fave,255.16212042896512,82.29345498391375,9,lo,"",0.08999999999991815,que,corrijas,l,#,l,k,final
360.91782888702056,537.6192412491416,1229.5024325232564,3.0285742994948732,3.1486194564576153,3.561106752568602,3179.4871794871797,0.0003010875784891935,1142.82575,0.031,0.32978723404255317,0-0-1742-1,o,51a17262-Audio_SP18.v0,group_0,1,fave,266.9217817078798,85.08155716329628,9,corrijas,"",0.07000000000016371,lo,[silence],k,r,k,r,internal
515.416594601174,1140.5784103027977,3064.262753041654,2.8293968608147857,2.380982925568758,4.23508789313404,6948.717948717948,0.00009213255682934934,1147.5927499999998,0.025,0.33783783783783783,0-0-1751-1,o,51a17262-Audio_SP18.v0,group_0,1,fave,282.36632256966567,83.05670684588328,9,corrección,"",0.0500000000001819,una,o,k,r,k,r,internal
458.6962675683723,696.8823133678068,1382.0391123920595,2.480298810594697,3.9705292905447407,3.687009513263019,3179.4871794871797,0.0012639374867049339,1151.1907500000002,0.041,0.3306451612903226,0-0-1761-1,o,51a17262-Audio_SP18.v0,group_0,1,fave,224.8994799964889,82.22882456651337,9,lo,"",0.09999999999990905,es,que,l,#,l,k,final
754.4169224280587,1254.1672647804405,2945.0921811445073,3.686063309831605,3.6788998247582065,4.6929033206278845,5871.794871794871,0.009040781156445098,1155.4807500000002,0.061000000000000006,0.3315217391304348,0-0-1771-2,o,51a17262-Audio_SP18.v0,group_0,1,fave,274.17831475492903,77.26464076089344,9,uno,"",0.15999999999985448,y,pues,n,#,n,p,final
478.32058818853693,1147.2537095405958,2917.6641766560974,2.8355304051559793,2.8004888160719656,3.466990441145632,5512.820512820513,0.0001737606690519842,1157.60575,0.031,0.32978723404255317,0-0-1779-1,o,51a17262-Audio_SP18.v0,group_0,1,fave,223.79081497282857,82.0059911455111,9,posibilidades,"",0.07000000000016371,las,",",p,s,p,s,internal
498.52475526709503,1027.4825883166357,2940.5642757463506,3.0700198834764523,3.464398220826,3.148198464462622,6230.7692307692305,0.006605131803331318,1158.7107499999997,0.181,0.3327205882352941,0-0-1781-1,o,51a17262-Audio_SP18.v0,group_0,1,fave,249.21991328101007,78.59782570404009,9,lo,"",0.5200000000002092,",",[silence],l,#,l,.,final
480.18295471817095,1328.8400513246124,2865.68071492388,3.132219518388397,2.5658618238614563,3.064001183772845,5333.333333333333,0.00006443886489173686,1159.3837499999997,0.027000000000000003,0.32142857142857145,0-0-1783-1,o,51a17262-Audio_SP18.v0,group_0,1,fave,105.34225167120437,81.9240317031714,9,lo,"",0.060000000000172804,[silence],reparas,l,#,l,r,final
513.3272923868967,1190.7481823724536,2952.5502848244096,3.026973733943285,3.182050781207289,4.005995403999663,5692.3076923076915,0.029121715418329763,1160.8657500000002,0.231,0.33285302593659943,0-0-1786-0,o,51a17262-Audio_SP18.v0,group_0,1,fave,185.2639705884704,79.94865156832928,9,o,"",0.6700000000000728,[silence],[silence],#,#,.,.,coextensive
554.7442460941064,1245.3830860666835,2671.914523102116,3.296592516103623,3.224982112049062,4.193050183789449,5512.820512820513,0.0006553709084495245,1172.83575,0.031,0.32978723404255317,0-0-1803-0,o,51a17262-Audio_SP18.v0,group_0,1,fave,245.04952956330635,81.08563850837282,9,oportunidades,"",0.07000000000016371,otras,no,#,p,s,p,initial
520.168708856485,1445.174809695843,2821.872695491146,2.198993163601876,3.506531042771232,3.3133718525654876,5871.794871794871,0.00007481209275608324,1175.23875,0.037000000000000005,0.324561403508772,0-0-1810-8,o,51a17262-Audio_SP18.v0,group_0,1,fave,257.44595744151565,83.47367659758223,9,satisfecho,"",0.08999999999991815,no,y,h,#,h,i,final
560.61093279017,1316.3550014485868,2887.1767125572424,2.7768593632915013,3.6489676918346023,4.238268982866032,5871.794871794871,0.0019854880890039835,1176.99575,0.051000000000000004,0.3311688311688312,0-0-1815-1,o,51a17262-Audio_SP18.v0,group_0,1,fave,193.99383163674244,76.05822129784312,9,lo,"",0.12999999999988177,[silence],que,l,#,l,k,final
505.2798477349576,1431.5069504458666,2613.6152845802435,2.8720091858606516,3.4808419127857886,4.130610218697906,5512.820512820513,0.00019696350171525818,1177.8787499999999,0.037000000000000005,0.324561403508772,0-0-1819-2,o,51a17262-Audio_SP18.v0,group_0,1,fave,168.77450875020077,74.35527162954993,9,hecho,"",0.09000000000014552,[silence],.,h,#,h,.,final
568.8202295623621,1445.3512929656945,2968.82721099143,3.3864923643025175,3.2393753611015623,2.680427506815783,5333.333333333333,0.00003591435168157098,1191.2737499999998,0.027000000000000003,0.32142857142857145,0-0-1823-5,o,51a17262-Audio_SP18.v0,group_0,1,fave,197.73075028212344,78.99412910260159,9,Pierdo,"",0.05999999999994543,[silence],toda,d,#,d,t,final
535.0925912448312,857.9810190522011,2100.1445286847743,3.4728562234432503,3.9132055482401102,4.3932282702386685,4794.871794871795,0.013094409128407326,1194.34775,0.055,0.33536585365853655,0-0-1826-0,o,51a17262-Audio_SP18.v0,group_0,1,fave,228.71803530429156,78.89625426794503,9,o,"",0.14000000000010004,[silence],por,#,#,.,p,coextensive
570.3382485628442,1187.885614644023,2808.7197190384795,3.022526956692553,2.669398561185298,3.888007139340918,5333.333333333333,0.000038757116663913225,1198.7337499999999,0.027000000000000003,0.32142857142857145,0-0-1836-1,o,51a17262-Audio_SP18.v0,group_0,1,fave,217.26384727207676,80.80131595295136,9,colocaron,"",0.05999999999994543,me,[silence],k,l,k,l,internal
581.5387302280457,1194.229885066332,2802.4161115754414,3.110115260740075,3.3724359818927376,3.437060831915066,5512.820512820513,0.0007602755518885301,1198.8427499999998,0.045,0.33582089552238803,0-0-1836-3,o,51a17262-Audio_SP18.v0,group_0,1,fave,191.63980239597095,76.97354133406427,9,colocaron,"",0.11000000000012733,me,[silence],l,k,l,k,internal
383.08970581710975,676.5635661801335,1173.8521005872333,3.7595096023588876,3.492779225086247,3.413523437466794,3179.4871794871797,0.0015127306072408302,1199.15775,0.035,0.33653846153846156,0-0-1836-7,o,51a17262-Audio_SP18.v0,group_0,1,fave,197.24536722147892,77.40673651311286,9,colocaron,"",0.07999999999992724,me,[silence],R,n,R,n,internal
463.2402565815286,741.17357244782,1350.3576099474928,3.253126153033542,3.5174148404778323,3.5678571225988702,3000.0,0.016782005002979286,1203.44375,0.047,0.3263888888888889,0-0-1846-4,o,51a17262-Audio_SP18.v0,group_0,1,fave,247.33017762610726,76.64639877279154,9,correos,"",0.11999999999989086,unos,[silence],é,s,é,s,internal
545.265370677526,1192.7031959152334,2760.9304239824264,3.346444477717902,3.536634560071987,3.237003098168415,5153.846153846154,0.00008714858691616206,1207.3037499999998,0.027000000000000003,0.32142857142857145,0-0-1853-1,o,51a17262-Audio_SP18.v0,group_0,1,fave,188.92678823009106,79.90605669216349,9,Contestar,"",0.05999999999994543,%%,[silence],k,n,k,n,internal
572.6018817614,1260.1526421145456,1831.6793876040635,3.5926212550496333,3.598379529215583,4.34585928805844,4256.410256410256,0.00011912407222169136,1208.1557500000001,0.031,0.32978723404255317,0-0-1855-2,o,51a17262-Audio_SP18.v0,group_0,1,fave,105.90143854044814,74.50038335827236,9,uno,"",0.06999999999993634,[silence],de,n,#,n,d,final
304.94291615139934,888.220602405414,1337.4329199049198,1.8347858483669024,3.4977573306992746,3.68904078730373,3717.948717948718,0.0365211237934652,1209.44575,0.07100000000000001,0.3317757009345795,0-0-1859-2,o,51a17262-Audio_SP18.v0,group_0,1,fave,304.1332683311212,79.58853805278272,9,uno,"",0.1899999999998272,responder,.,n,#,n,.,final
265.0872048774852,712.3642652405131,1394.6696020954737,1.9781593407865163,3.0358734370337586,3.212482856902813,3717.948717948718,0.0007221114972812266,1211.59575,0.031,0.32978723404255317,0-0-1863-6,o,51a17262-Audio_SP18.v0,group_0,1,fave,258.271405642607,81.44451064034828,9,teníamos,"",0.07000000000016371,luego,que,m,s,m,s,internal
655.511478730414,1581.9078318482777,2948.0972387296115,3.2683814886033526,3.8256512707702215,4.2229521785945945,5512.820512820513,0.00260045633972056,1214.95875,0.037000000000000005,0.324561403508772,0-0-1872-4,o,51a17262-Audio_SP18.v0,group_0,1,fave,208.53289851173875,80.83354045315295,9,correos,"",0.08999999999991815,los,.,é,s,é,s,internal
580.3013293200906,1361.2321834834738,3026.660988907378,3.06348736109838,3.3670942457720465,3.3705737553351742,5333.333333333333,0.00028814083527873153,1219.5937499999998,0.047,0.3263888888888889,0-0-1887-3,o,51a17262-Audio_SP18.v0,group_0,1,fave,199.51279429730755,80.17197411967105,9,pasó,"",0.12000000000011823,me,de,s,#,s,d,final
549.8888894926323,1164.4678188814169,3015.6465915615736,3.0686355448605296,3.4204271464727247,3.49580125092755,6230.7692307692305,0.01764132812012502,1221.19275,0.045,0.3358208955223881,0-0-1893-0,o,51a17262-Audio_SP18.v0,group_0,1,fave,194.79627531012298,82.01364624335217,9,olvidé,"",0.10999999999989996,",",colocar,#,l,.,l,initial
498.49142745557407,1115.3864820487483,2779.856192680153,3.02031534275521,4.08226019179127,3.420710109918148,6410.25641025641,0.00006502916963745436,1225.94375,0.027000000000000003,0.32142857142857145,0-0-1904-1,o,51a17262-Audio_SP18.v0,group_0,1,fave,171.8959892601099,79.73936574608555,9,colocan,"",0.05999999999994543,me,no,k,l,k,l,internal
355.022170040859,651.4994501718696,1256.9509028421903,2.9064186524693802,3.8360602597222804,3.697248600285015,3179.4871794871797,0.0074718129979286065,1227.09775,0.055,0.33536585365853655,0-0-1906-8,o,51a17262-Audio_SP18.v0,group_0,1,fave,163.69498364138886,73.43971064944945,9,satisfecho,"",0.14000000000010004,no,",",h,#,h,.,final
534.7237494831608,1312.0546845129065,2991.386445337346,3.0598105542264102,3.0055087209227316,3.447053266540877,5333.333333333333,0.0001712172475887003,1232.23575,0.031,0.32978723404255317,0-0-1921-1,o,51a17262-Audio_SP18.v0,group_0,1,fave,194.94142220759923,81.59009100314448,9,tomar,"",0.06999999999993634,De,el,t,m,t,m,internal
564.4958669789436,1194.6555418279283,2112.280963762429,2.782350422901725,2.588004863220779,3.2668758590634326,4435.897435897436,8.906902705042009e-6,1266.70375,0.027000000000000003,0.32142857142857145,0-0-1965-1,o,51a17262-Audio_SP18.v0,group_0,1,fave,303.8450166749618,83.30317812267941,9,consulto,"",0.05999999999994543,hay,que,k,n,k,n,internal
521.693022761172,1177.432388597291,1592.4419820254159,2.0618379128786426,4.080395336714239,4.301807663773702,4256.410256410256,0.0018012853475507559,1270.86775,0.035,0.3365384615384616,0-0-1979-3,o,51a17262-Audio_SP18.v0,group_0,1,fave,258.19876717361785,81.28219023461592,9,algo,"",0.08000000000015461,porque,puede,g,#,g,p,final
283.44627972169104,505.35127997902845,928.2578837857174,2.8689899328334794,2.394244702990451,3.609536461642893,3000.0,0.005075117247476507,1315.7887500000002,0.097,0.3299319727891157,0-0-2028-0,o,51a17262-Audio_SP18.v0,group_0,1,fave,248.05567823304693,74.52992681009239,9,o,"",0.2699999999999818,Tú,[silence],#,#,u,®,coextensive
523.5114903902783,1449.3843596645129,2904.802033842926,3.4586534954004384,3.661608042431254,4.196472003194373,6589.74358974359,0.018500422644769324,1323.95275,0.065,0.33505154639175255,0-0-2049-4,o,51a17262-Audio_SP18.v0,group_0,1,fave,231.70932651061887,80.47116054998334,9,video,"",0.16999999999984539,un,[silence],é,#,é,"",final
517.8262661130127,1318.1576990835854,2792.061545772058,3.3408203483275596,3.908727102277419,3.701518894376197,6769.2307692307695,0.0008581139929148931,1334.56875,0.037,0.32456140350877194,0-0-2081-1,o,51a17262-Audio_SP18.v0,group_0,1,fave,178.62647073773152,78.4487836239341,9,Youtube,"",0.09000000000014552,[silence],[silence],y,u,y,u,internal
425.497040156225,616.2057226297239,2045.5876331688696,3.0198257577604246,3.626781033914903,4.562499167378582,4256.410256410256,0.005814123654263839,1341.75875,0.037000000000000005,0.324561403508772,0-0-2095-5,o,51a17262-Audio_SP18.v0,group_0,1,fave,179.0914833438547,80.9671266277065,9,Microworkers,"",0.08999999999991815,[],para,o,R,o,R,internal
356.7091936225259,698.9037096448485,1251.1077182307326,3.0300814765723363,2.7103731112918967,3.1925325534868385,3358.974358974359,0.0006966082173033856,1377.82075,0.041,0.3306451612903226,0-0-2108-3,o,51a17262-Audio_SP18.v0,group_0,1,fave,349.59646499178183,80.3777271496657,9,sigo,"",0.10000000000013642,[silence],",",g,#,g,.,final
391.5563555935916,703.4062249060224,1446.3058017551084,3.2063118759816915,3.228777238954715,4.540006810244143,4256.410256410256,0.020031290843704988,1378.8687499999999,0.217,0.3318042813455658,0-0-2110-3,o,51a17262-Audio_SP18.v0,group_0,1,fave,191.51107087975788,79.82795799882226,9,pero,"",0.6300000000001091,",",[silence],R,#,R,.,final
529.2953803492657,1428.3141613837022,2797.9067069439448,3.3407482608855257,3.67203096437337,3.034817133145465,5333.333333333333,0.000039645213472734136,1380.8637499999998,0.027000000000000003,0.32142857142857145,0-0-2116-1,o,51a17262-Audio_SP18.v0,group_0,1,fave,183.6918649327554,79.39656136746326,9,los,"",0.060000000000172804,de,fines,l,s,l,s,internal
360.6121505796018,1297.1891727832403,1784.5437353216469,2.612374689338792,3.8206632269784655,3.693688676030214,4435.897435897436,0.0004234598521588268,1384.22875,0.037000000000000005,0.324561403508772,0-0-2122-3,o,51a17262-Audio_SP18.v0,group_0,1,fave,173.87585589137208,82.56177144859384,9,menos,"",0.08999999999991815,es,cantidad,n,s,n,s,internal
469.99564731260534,1617.6264013722375,2905.084014894784,3.070879073163287,4.196887954765079,3.863358051400893,5512.820512820513,0.001121105153762941,1423.56775,0.035,0.33653846153846156,0-0-2163-5,o,51a17262-Audio_SP18.v0,group_0,1,fave,222.96098232408463,79.39874663082347,9,pienso,"",0.08000000000015461,[silence],que,s,#,s,k,final
599.5679609742625,1650.9060196817404,2919.415187415107,3.176793709922566,3.6230340026301775,3.0906374786085107,5692.3076923076915,0.00019363120216016392,1433.6377499999999,0.035,0.33653846153846156,0-0-2184-2,o,51a17262-Audio_SP18.v0,group_0,1,fave,222.15946682282257,82.65978060572145,9,veo,"",0.08000000000015461,si,que,é,#,é,k,final
493.88724519427467,1080.6614795990743,2985.55518129183,2.5941132020485917,4.041263347650795,3.62897902138998,6051.282051282051,0.0015441119901845562,1443.14875,0.037000000000000005,0.324561403508772,0-0-2216-1,o,51a17262-Audio_SP18.v0,group_0,1,fave,174.96897020288458,82.68885231978487,9,volver,"",0.08999999999991815,[silence],y,b,l,b,l,internal
458.29442519337425,1170.5889022920785,2962.7158711693382,3.2026762281925922,2.603171742197498,2.4149597223972576,5512.820512820513,0.000028447753280160495,1467.3437499999998,0.027000000000000003,0.32142857142857145,0-0-2244-3,o,51a17262-Audio_SP18.v0,group_0,1,fave,196.9018281937431,81.10768843594458,9,algo,"",0.060000000000172804,",",del,g,#,g,d,final
418.6462804288236,1260.6845746189492,1909.1223846327873,3.313511881326492,3.906708814818426,4.2782484611559815,3897.4358974358975,0.012512994234815215,1476.9337500000001,0.087,0.3295454545454546,0-0-2262-2,o,51a17262-Audio_SP18.v0,group_0,1,fave,212.1903782690637,77.64308081600863,9,eso,"",0.2400000000000091,[silence],[silence],s,#,s,.,final
551.8245962361608,1083.743353218322,3061.735018399737,3.6600428211293394,4.151512279565442,4.000175994341294,6410.25641025641,0.000414443303571942,1477.36575,0.031,0.32978723404255317,0-0-2264-1,o,51a17262-Audio_SP18.v0,group_0,1,fave,99.57006468755492,77.34526942919423,9,continuo,"",0.07000000000016371,[silence],[silence],k,n,k,n,internal
281.25870010285803,827.7419942784485,1177.529279720115,3.82351434087995,2.693722634582804,4.275692191474474,3000.0,0.02651641249066824,1477.83575,0.131,0.33248730964466994,0-0-2264-7,o,51a17262-Audio_SP18.v0,group_0,1,fave,203.51841204228657,76.4214366083758,9,continuo,"",0.37000000000011823,[silence],[silence],u,#,u,.,final
263.0132204496311,818.5271063597413,1336.3498302494495,2.4249898764011304,2.581467034708839,3.4924927614548884,3538.4615384615386,0.0001203637463308145,1485.8737499999997,0.027000000000000003,0.32142857142857145,0-0-2286-5,o,51a17262-Audio_SP18.v0,group_0,1,fave,267.0954542110086,80.50035370483286,9,algunos,"",0.060000000000172804,hay,empleadores,n,s,n,s,internal
466.4931984215941,739.592251162496,1129.5700945631284,3.2601448101231436,3.4643943391591883,3.5472770730718617,3000.0,0.03078160029022243,1491.9387500000003,0.07700000000000001,0.3290598290598291,0-0-2303-0,o,51a17262-Audio_SP18.v0,group_0,1,fave,169.27335789667075,77.0584122525588,9,o,"",0.209999999999809,periodo,en,#,#,o,e,coextensive
679.8648319130432,1281.640854344942,2552.756090508262,2.933436903173947,2.9130053028589424,4.528256786671725,5692.3076923076915,0.012748696422017376,1497.28775,0.055,0.33536585365853655,0-0-2321-4,o,51a17262-Audio_SP18.v0,group_0,1,fave,248.8553684560222,81.64353607250789,9,fueron,"",0.14000000000010004,se,y,R,n,R,n,internal
593.500224405599,1415.158794521372,2914.9030742759833,2.859449803925967,3.32446898483695,3.591204655050425,5692.3076923076915,0.00018155153212376395,1498.74875,0.037,0.32456140350877194,0-0-2325-5,o,51a17262-Audio_SP18.v0,group_0,1,fave,268.43873931694867,82.14147312865111,9,vuelto,"",0.08999999999991815,han,y,t,#,t,i,final
332.52938997687664,758.1295761614988,1266.8455308202379,2.1266023950455684,2.945887801560619,2.7944343073175353,3358.974358974359,0.00036860776723566613,1505.76575,0.031,0.32978723404255317,0-0-2343-4,o,51a17262-Audio_SP18.v0,group_0,1,fave,162.12059892292638,79.98402241778666,9,buenos,"",0.06999999999993634,[silence],.,n,s,n,s,internal
480.8526733902295,1083.4850560487048,2978.135954986306,2.5849777352338394,3.124516906385161,2.5558930195464376,5333.333333333333,0.0005909646397196623,1509.26575,0.091,0.33211678832116787,0-0-2352-5,o,51a17262-Audio_SP18.v0,group_0,1,fave,233.01033103717575,81.66585800135431,9,pasivos,"",0.25,demasiados,[silence],b,s,b,s,internal
246.85908719254522,789.754180392456,1386.3574322335357,3.7789940867541914,2.5630774765122823,3.888249246233561,3897.4358974358975,0.00035909738603281976,1514.1657500000001,0.031,0.32978723404255317,0-0-2367-0,o,51a17262-Audio_SP18.v0,group_0,1,fave,193.52108723364088,77.55377069242695,9,objetivos,"",0.06999999999993634,mismos,.,#,b,s,b,initial
440.4657585697377,1103.5321414556547,2950.8973954781527,2.410697305276114,3.3960744030864554,3.1244930931932924,5333.333333333333,0.00006269399607525806,1514.66875,0.037,0.32456140350877194,0-0-2367-7,o,51a17262-Audio_SP18.v0,group_0,1,fave,171.8269427856493,82.59628185679486,9,objetivos,"",0.08999999999991815,mismos,.,b,s,b,s,internal
297.0820020607531,710.323555902481,1320.9617934449725,3.331265779928953,3.0020567781153593,3.7596157792008924,3179.4871794871797,0.002268211335358853,1559.93775,0.035,0.33653846153846156,0-0-2407-1,o,51a17262-Audio_SP18.v0,group_0,1,fave,107.93661094823966,77.71484712789463,9,nos,"",0.07999999999992724,[silence],permiten,n,s,n,s,internal
585.6572860394106,1248.279848012825,1839.2732354075222,3.5106207407676826,3.8115890659887524,4.386707424034537,4256.410256410256,0.0005496331727892076,1563.8037499999998,0.027000000000000003,0.32142857142857145,0-0-2412-5,o,51a17262-Audio_SP18.v0,group_0,1,fave,210.56036616601392,77.33428083848453,9,Hacerlo,"",0.05999999999994543,[silence],de,l,#,l,d,final
348.114352952851,750.5308787362144,1257.8007664671902,2.5738030005839962,3.0434199244799425,3.1812203574022093,3358.974358974359,0.00048195164010605474,1617.84575,0.051000000000000004,0.3311688311688312,0-0-2447-4,o,51a17262-Audio_SP18.v0,group_0,1,fave,249.5440522475163,78.41742228079713,9,Bueno,"",0.13000000000010914,[silence],en,n,#,n,e,final
330.67651735231453,721.6650370717189,1252.3311771616197,3.1601878869938664,2.772639288646821,2.4962545982050885,3000.0,0.0033362829946232187,1618.59375,0.087,0.32954545454545453,0-0-2450-3,o,51a17262-Audio_SP18.v0,group_0,1,fave,345.6381762120264,77.64295502356127,9,caso,"",0.2400000000000091,mi,",",s,#,s,.,final
467.51465915810047,1224.338154159841,2656.227865321078,2.8507170814020073,3.9009979795651537,4.098186700012918,5333.333333333333,0.00024135264074186285,1619.18775,0.035,0.3365384615384616,0-0-2452-1,o,51a17262-Audio_SP18.v0,group_0,1,fave,225.87181335799932,82.81782321095831,9,lo,"",0.07999999999992724,",",hago,l,#,l,á,final
433.43180184293624,875.7711568826608,2701.8439047661905,2.994153425761519,2.753178976935416,4.241036329911876,4974.358974358975,0.00008238899473697446,1619.44575,0.031,0.32978723404255317,0-0-2453-2,o,51a17262-Audio_SP18.v0,group_0,1,fave,205.76147221646494,77.96224548031653,9,hago,"",0.06999999999993634,lo,por,g,#,g,p,final
540.8567909540251,1122.6696712052437,1708.2617514901942,2.1973592604397925,3.6640372128065026,3.6000953966680322,4794.871794871795,0.0007217907611898211,1656.16775,0.035,0.3365384615384616,0-0-2489-4,o,51a17262-Audio_SP18.v0,group_0,1,fave,265.4297050599981,84.8825812207257,9,monto,"",0.07999999999992724,un,exacto,t,#,t,e,final
481.6167251513311,1309.9613380980843,1980.075615382191,2.9007798847261665,3.1488746547018183,5.09832497308951,4435.897435897436,0.0009646828785326554,1656.82575,0.031,0.32978723404255317,0-0-2490-5,o,51a17262-Audio_SP18.v0,group_0,1,fave,180.5489812165304,79.4917213176861,9,exacto,"",0.07000000000016371,monto,.,t,#,t,.,final
537.6220602921296,1385.9617517167017,2857.8811960154444,3.5845439442211013,3.5589316577159003,3.0026497449330365,5871.794871794871,0.0010543080944258292,1660.3787499999999,0.057,0.32758620689655177,0-0-2495-0,o,51a17262-Audio_SP18.v0,group_0,1,fave,216.61994003985822,81.56823728949422,9,ochenta,"",0.15000000000009095,De,a,#,h,e,h,initial
593.9907074724264,1282.4517844421719,1702.8324215033285,3.5967534421794363,3.5911678791013615,4.227859090681396,3897.4358974358975,0.013452848861994228,1661.2507500000002,0.041,0.3306451612903226,0-0-2497-1,o,51a17262-Audio_SP18.v0,group_0,1,fave,221.49080011291315,80.45020403564436,9,noventa,"",0.09999999999990905,a,[silence],n,b,n,b,internal
418.92154215369044,1135.5004388289135,2879.7119486197657,3.435065020868093,3.3867253513466897,3.537102948143502,5692.3076923076915,0.006871412274545184,1702.9157500000001,0.051000000000000004,0.3311688311688312,0-0-2520-3,o,51a17262-Audio_SP18.v0,group_0,1,fave,168.95252482447418,74.32124632680693,9,todo,"",0.12999999999988177,del,.,d,#,d,.,final
539.3523868202357,1014.829201354389,2896.4318944527986,3.2955988615798475,3.529805583973152,3.9207823454196022,6769.2307692307695,0.012941187727459301,1704.29275,0.205,0.33387622149837126,0-0-2522-3,o,51a17262-Audio_SP18.v0,group_0,1,fave,195.1542411599797,78.98937782507973,9,Pero,"",0.5899999999999181,.,en,R,#,R,e,final
424.8425756164759,835.4788529718877,1247.6765080336368,2.2646023000250257,3.242554649744547,3.6984682249927388,3000.0,0.0013969472887203932,1705.58875,0.037000000000000005,0.324561403508772,0-0-2524-3,o,51a17262-Audio_SP18.v0,group_0,1,fave,207.2735292576066,80.98811437963255,9,algo,"",0.09000000000014552,en,[silence],g,#,g,.,final
324.52383297563523,777.9348939595405,1330.2011175294444,2.97058472089679,3.3131681514205935,3.677005335236864,3358.974358974359,0.00014081197107406395,1706.82875,0.037000000000000005,0.324561403508772,0-0-2530-1,o,51a17262-Audio_SP18.v0,group_0,1,fave,188.94314658150012,77.43333327430243,9,nos,"",0.09000000000014552,[silence],[silence],n,s,n,s,internal
636.2637653476323,1210.935363528616,2851.185704323178,3.459182452302365,3.326158289641412,2.691282055085623,5512.820512820513,0.00007417963843982078,1737.41375,0.027000000000000003,0.32142857142857145,0-0-2549-6,o,51a17262-Audio_SP18.v0,group_0,1,fave,208.69499213706723,76.65623269460905,9,trabajo,"",0.05999999999994543,también,Picoworkers,x,#,x,p,final
420.67577923230937,847.8446659782124,1350.0623970058512,2.7535998434562696,2.6496053082643773,4.5613535173142905,4615.384615384615,0.002830481977756429,1737.73275,0.065,0.33505154639175255,0-0-2550-3,o,51a17262-Audio_SP18.v0,group_0,1,fave,191.77669885824918,81.57150521002544,9,Picoworkers,"",0.16999999999984539,trabajo,.,k,o,k,o,internal
436.68924165033707,679.8462333584331,1192.6888606542966,3.3463753552239326,3.104667269419969,3.1316060938429886,3358.974358974359,0.00013308312553003893,1737.8877499999999,0.035,0.3365384615384616,0-0-2550-4,o,51a17262-Audio_SP18.v0,group_0,1,fave,183.78283813344314,79.94440439194334,9,Picoworkers,"",0.08000000000015461,trabajo,.,o,R,o,R,internal
389.29856902009055,691.0285556591382,1167.393606765546,2.988313590148353,3.3573215847568143,3.458790284833206,3358.974358974359,0.0002830260220879333,1748.97575,0.031,0.32978723404255317,0-0-2558-6,o,51a17262-Audio_SP18.v0,group_0,1,fave,239.87374178160658,81.86267175044118,9,trabajo,"",0.06999999999993634,%%,más,x,#,x,m,final
498.0099171145245,562.8303216043909,1185.7655287914365,3.3696365776438415,3.1306806184870553,3.563601674796546,3000.0,0.006119982718572413,1749.62075,0.061000000000000006,0.3315217391304348,0-0-2560-4,o,51a17262-Audio_SP18.v0,group_0,1,fave,179.44026516531662,80.51573757085112,9,Microworkers,"",0.16000000000008185,más,[silence],R,o,R,o,internal
395.66114263018795,599.5457972096444,914.1599784193828,3.3449123431768766,3.089930279461461,3.6277123823535415,3179.4871794871797,0.0017878400191974476,1749.7727499999999,0.045,0.33582089552238803,0-0-2560-5,o,51a17262-Audio_SP18.v0,group_0,1,fave,192.86264212211157,81.30440369690875,9,Microworkers,"",0.10999999999989996,más,[silence],o,R,o,R,internal
688.1122830995258,1478.5209324101495,3004.9872087219514,3.4968475740458516,3.7851506121214284,4.306613458154536,6230.7692307692305,0.0032326321661595636,1751.4137500000002,0.067,0.32843137254901966,0-0-2565-3,o,51a17262-Audio_SP18.v0,group_0,1,fave,306.2234924130309,81.68445236821887,9,pero,"",0.1799999999998363,%%,[silence],R,#,R,.,final
464.91998053258556,1130.9661289135968,1812.1215834813395,2.636511567768088,3.358074447726247,3.587687393915866,4615.384615384615,0.0008528006374861559,1755.4307500000002,0.041,0.3306451612903226,0-0-2571-4,o,51a17262-Audio_SP18.v0,group_0,1,fave,226.89826450644458,83.6249760527426,9,Tengo,"",0.09999999999990905,[silence],las,g,#,g,l,final
600.8167282480375,1039.7849187570496,2838.037983841879,3.0779380269225665,3.5586936997134853,4.218278057868792,5333.333333333333,0.01068325746647969,1762.4497500000002,0.119,0.3361581920903954,0-0-2589-6,o,51a17262-Audio_SP18.v0,group_0,1,fave,191.03438768008178,79.0454786331248,9,embargo,"",0.32999999999992724,Sin,",",g,#,g,.,final
481.4928844796499,1250.8915787359701,2995.2285525374705,3.15785929960067,3.5171742638285752,3.0376964041729724,6589.74358974359,0.0006508140339565843,1767.70275,0.045,0.3358208955223881,0-0-2599-4,o,51a17262-Audio_SP18.v0,group_0,1,fave,92.20760346356094,76.33985039185625,9,Micro,"",0.10999999999989996,a,.,R,#,R,.,final
448.84731403966293,832.11389816853,2771.5802518470887,3.0165447936575753,2.6039091435921167,3.1333657277024027,4974.358974358975,0.0017952479257808212,1785.3977499999999,0.07500000000000001,0.33482142857142855,0-0-2622-3,o,51a17262-Audio_SP18.v0,group_0,1,fave,191.28767832766022,81.19155713783907,9,Picoworkers,"",0.20000000000004547,En,%%,k,o,k,o,internal
579.4652611118155,1606.2110762271643,2783.963785775083,2.948896701921734,3.682618104821538,3.1875958304694922,5512.820512820513,0.0002033090383021109,1790.51775,0.035,0.33653846153846156,0-0-2630-6,o,51a17262-Audio_SP18.v0,group_0,1,fave,286.71432549130594,80.7104326294756,9,decirlo,"",0.07999999999992724,[silence],pero,l,#,l,p,final
561.4247417802426,1096.9870367557594,2772.71115968442,3.160327047278687,3.778966840682961,3.7616066435936246,5333.333333333333,0.00928997651802798,1790.9587500000002,0.137,0.33091787439613524,0-0-2631-3,o,51a17262-Audio_SP18.v0,group_0,1,fave,215.05518167939172,78.96886218512083,9,pero,"",0.38999999999987267,decirlo,[silence],R,#,R,.,final
411.90257208097523,667.8925929796017,1781.6460904939818,2.627340109957912,3.4943150757055883,3.127203519144666,4256.410256410256,0.0014520103498799287,1792.98775,0.035,0.3365384615384616,0-0-2635-3,o,51a17262-Audio_SP18.v0,group_0,1,fave,202.32348040075493,80.05186702994453,9,pago,"",0.07999999999992724,[silence],[silence],g,#,g,.,final
512.8462729485728,805.8834795045655,1350.8458103490095,3.0294468611167558,2.8440705624737372,2.983664758423482,3000.0,0.0003989649898058195,1797.83775,0.035,0.33653846153846156,0-0-2647-3,o,51a17262-Audio_SP18.v0,group_0,1,fave,264.7301502746626,80.77764521290942,9,razón,"",0.08000000000015461,segunda,es,z,n,z,n,internal
421.3151454517023,839.1058000947055,2072.9480415175217,2.16854457568876,2.34657286121308,4.107042764624578,4794.871794871795,0.000010540607550637245,1799.7737499999998,0.027000000000000003,0.32142857142857145,0-0-2651-3,o,51a17262-Audio_SP18.v0,group_0,1,fave,211.6476561806377,83.31655754968709,9,Picoworkers,"",0.05999999999994543,[silence],no,k,o,k,o,internal
395.5075447778823,783.4218758140295,1760.4405478536548,2.606316693868733,2.4133208939833546,4.323690189226581,4435.897435897436,0.004068827304026826,1799.85375,0.067,0.32843137254901966,0-0-2651-4,o,51a17262-Audio_SP18.v0,group_0,1,fave,202.6528700657741,82.16290616752912,9,Picoworkers,"",0.18000000000006366,[silence],no,o,R,o,R,internal
324.1846547850093,807.784038740949,1470.5075916729988,3.4901600292224395,2.3893750072136744,4.18470605874063,3358.974358974359,0.0005531570801264933,1801.74875,0.037000000000000005,0.324561403508772,0-0-2656-4,o,51a17262-Audio_SP18.v0,group_0,1,fave,200.04506999321472,77.84480214029212,9,mismo,"",0.08999999999991815,el,método,m,#,m,m,final
513.5562763983696,793.7891232791553,1144.258263117337,2.6661814811294455,3.51040454171685,3.1556026802522865,3000.0,0.008172507339513534,1802.79375,0.10700000000000001,0.3302469135802469,0-0-2659-3,o,51a17262-Audio_SP18.v0,group_0,1,fave,301.44247137706947,75.80307650084707,9,pago,"",0.2999999999999545,de,que,g,#,g,k,final
490.56411276214305,962.5868065642696,3062.1856476975004,2.6530263969150853,3.1655681990492868,4.771127442881872,5871.794871794871,0.0020580716975546727,1804.83575,0.031,0.32978723404255317,0-0-2663-4,o,51a17262-Audio_SP18.v0,group_0,1,fave,239.68124949258635,78.25081938437512,9,Microworkers,"",0.07000000000016371,[silence],",",R,o,R,o,internal
509.01939376067116,1461.2132283903093,3093.8030583782515,2.837105473012599,3.8645824919389615,4.316257240533107,6230.7692307692305,0.01192773565947032,1804.91875,0.057,0.32758620689655177,0-0-2663-5,o,51a17262-Audio_SP18.v0,group_0,1,fave,235.82666244654897,82.6830032107257,9,Microworkers,"",0.14999999999986358,[silence],",",o,R,o,R,internal
525.7488523134391,993.6447819609515,2939.683717218301,3.182416028463337,3.1431162825744283,3.8800359988957713,5871.794871794871,0.004525703054171651,1825.58375,0.087,0.3295454545454546,0-0-2704-5,o,51a17262-Audio_SP18.v0,group_0,1,fave,203.26681150222876,80.91081698173426,9,cuanto,"",0.2400000000000091,en,a,t,#,t,a,final
513.2088708267911,916.3637982487115,2606.0421393890065,2.463550498099508,3.8414260062217642,4.601201122753854,5512.820512820513,0.0007278956798908127,1829.76775,0.035,0.33653846153846156,0-0-2723-2,o,51a17262-Audio_SP18.v0,group_0,1,fave,171.47500627304836,78.35441057422491,9,hago,"",0.07999999999992724,lo,por,g,#,g,p,final
337.70786861023055,1022.052692630766,1450.638425805225,2.9762616272232876,3.429254585778271,4.048509496667567,3717.948717948718,0.0042639723314013426,1832.67375,0.047,0.3263888888888889,0-0-2727-3,o,51a17262-Audio_SP18.v0,group_0,1,fave,340.7927849396052,78.82612586601701,9,pero,"",0.11999999999989086,[silence],[silence],R,#,R,.,final
422.4759401638161,696.5369284368273,1263.4004141969854,3.6129998967978025,2.8130724171898223,2.7129808187297226,3179.4871794871797,0.0016267609083002903,1834.45775,0.055,0.33536585365853655,0-0-2732-8,o,51a17262-Audio_SP18.v0,group_0,1,fave,243.007019278035,78.25823998220082,9,cambiarlo,"",0.13999999999987267,toca,a,l,#,l,a,final
362.0179735307461,752.100861373424,1418.6986382270247,2.7558912455358855,2.4062904240625254,3.5883332677145945,3538.4615384615386,0.00001871865960990682,1835.15375,0.027000000000000003,0.32142857142857145,0-0-2735-1,o,51a17262-Audio_SP18.v0,group_0,1,fave,185.3048332620481,82.30568512945112,9,moneda,"",0.05999999999994543,la,[silence],m,n,m,n,internal
518.7601085061705,1494.2111545770306,3021.920846139524,2.257336932152862,3.051901479984107,4.700526029196339,7128.205128205128,0.00015906217981000005,1837.2937499999998,0.027000000000000003,0.32142857142857145,0-0-2737-4,o,51a17262-Audio_SP18.v0,group_0,1,fave,254.5770433574099,85.56314592688038,9,nacional,"",0.05999999999994543,[silence],[silence],i,n,i,n,internal
381.2741495401809,785.5390574486456,1260.8214945800307,3.1837551203662535,3.499211839185522,3.5942833861287404,3179.4871794871797,0.013531460971190616,1839.5427499999998,0.08499999999999999,0.33464566929133854,0-0-2741-5,o,51a17262-Audio_SP18.v0,group_0,1,fave,217.67212867358265,77.08851862763292,9,pierdo,"",0.2300000000000182,[silence],[silence],d,#,d,.,final
366.1505383900868,555.7376493629413,1263.8571729521443,2.8300189703390717,3.360180114243915,2.9815387590486524,3538.4615384615386,0.000059594718598390555,1840.1227499999998,0.025,0.33783783783783783,0-0-2743-3,o,51a17262-Audio_SP18.v0,group_0,1,fave,208.82719142287513,79.53410109560569,9,mucho,"",0.0500000000001819,[silence],más,h,#,h,m,final
642.4805850216138,1179.794665145879,3162.8685273366914,3.6383275667918253,3.686224312748859,2.6232478899042113,6230.7692307692305,0.004591054665235447,1848.11075,0.041,0.3306451612903226,0-0-2749-1,o,51a17262-Audio_SP18.v0,group_0,1,fave,199.8294514934559,81.26304918076062,9,comisiones,"",0.10000000000013642,Hay,cuando,k,m,k,m,internal
583.0876287952442,1269.8134410532728,1839.8514794066,3.9467293548164957,3.6114561207176785,4.364221264200723,4256.410256410256,0.009013625551825307,1849.53575,0.031,0.32978723404255317,0-0-2751-1,o,51a17262-Audio_SP18.v0,group_0,1,fave,190.7856860773249,77.73915281804578,9,nos,"",0.06999999999993634,cuando,toca,n,s,n,s,internal
604.2927636641222,1224.176918682822,3122.2963030617884,3.385330764340579,3.1962220744303718,3.60992982234471,5692.3076923076915,0.004352682145563681,1850.61075,0.061000000000000006,0.3315217391304348,0-0-2753-8,o,51a17262-Audio_SP18.v0,group_0,1,fave,264.0519670259209,80.238897328101,9,cambiarlo,"",0.16000000000008185,toca,.,l,#,l,®,final
526.9858442168497,1611.0997533693899,2936.252252694756,3.170801801836434,3.8639090548573503,3.609281791400783,5333.333333333333,0.002399995030419198,1856.3227499999998,0.045,0.33582089552238803,0-0-2766-5,o,51a17262-Audio_SP18.v0,group_0,1,fave,187.67947397046842,80.08028973614083,9,cambio,"",0.11000000000012733,[silence],a,i,#,i,a,final
360.24015978136373,546.7908130016148,2151.1185124003932,2.2838118176800393,1.5926799252068264,4.6849898045790015,4615.384615384615,0.0014326093177296805,1856.58575,0.031,0.32978723404255317,0-0-2768-1,o,51a17262-Audio_SP18.v0,group_0,1,fave,181.8465505671598,81.33827739003233,9,bolívares,"",0.07000000000016371,a,[silence],b,l,b,l,internal
316.3147049208139,801.9148565462099,1293.1226509620092,3.2144774711796464,3.094089702125464,3.0679109485863747,3000.0,0.002120469546327594,1884.74275,0.045,0.33582089552238803,0-0-2777-5,o,51a17262-Audio_SP18.v0,group_0,1,fave,217.65031814265978,76.85217617464615,9,algunos,"",0.10999999999989996,[silence],[silence],n,s,n,s,internal
337.96912127374605,1231.6878445004334,2294.71632869866,2.7134649819294263,3.922447441581578,3.8571746920653567,4256.410256410256,0.0008291939235636744,1885.49875,0.037000000000000005,0.324561403508772,0-0-2779-4,o,51a17262-Audio_SP18.v0,group_0,1,fave,158.00833004680968,79.69418014775405,9,amigos,"",0.08999999999991815,[silence],[silence],g,s,g,s,internal
596.2722772853273,1315.0218099764156,2084.3564580955986,3.2425787595483526,4.114273713167758,4.669140925580028,4794.871794871795,0.005381788003675077,1895.73275,0.045,0.33582089552238803,0-0-2787-8,o,51a17262-Audio_SP18.v0,group_0,1,fave,302.2596140791896,80.59790569217722,9,intentado,"",0.10999999999989996,habían,[silence],d,#,d,®,final
448.99401960235764,730.2286866296978,1107.6869504980716,3.1912236108878096,3.1975763547141667,3.527749814495503,3000.0,0.006977514681462987,1896.37275,0.205,0.33387622149837126,0-0-2789-3,o,51a17262-Audio_SP18.v0,group_0,1,fave,195.21690683630686,80.92728378464197,9,pero,"",0.5899999999999181,[silence],[silence],R,#,R,.,final
386.81340298843025,994.5125129176281,2227.005899644126,2.761579648012786,3.953260058109758,4.449382549994009,4615.384615384615,0.0005091369115651282,1899.2737499999998,0.027000000000000003,0.32142857142857145,0-0-2793-9,o,51a17262-Audio_SP18.v0,group_0,1,fave,175.33710226364508,82.26535952487625,9,desistieron,"",0.05999999999994543,",",[silence],R,n,R,n,internal
533.593824526464,1260.0848918920085,2593.3912045006987,3.4688642283985667,3.978773842309932,4.860841726144732,5512.820512820513,0.00035674275627928535,1905.43375,0.027000000000000003,0.32142857142857145,0-0-2809-3,o,51a17262-Audio_SP18.v0,group_0,1,fave,202.18436248212043,80.33474526821396,9,tipo,"",0.05999999999994543,otro,de,p,#,p,d,final
482.095081931889,1802.195029311159,2883.5954192991844,2.8248443136307513,3.6028790749719386,3.8336002217621266,5871.794871794871,0.00021091391040490155,1930.9937499999999,0.027000000000000003,0.32142857142857145,0-0-2819-5,o,51a17262-Audio_SP18.v0,group_0,1,fave,232.12741618964185,82.17610313333417,9,pienso,"",0.05999999999994543,yo,que,s,#,s,k,final
483.62059018772874,693.8130202214779,1371.3353423002916,2.5778090101920497,3.604672031651929,2.823086651720079,3717.948717948718,0.012012901704969286,1932.9987500000002,0.097,0.3299319727891156,0-0-2822-3,o,51a17262-Audio_SP18.v0,group_0,1,fave,231.52544274587302,82.22059938272746,9,muchos,"",0.2699999999999818,[silence],están,h,s,h,s,internal
551.523407883189,1288.2871461326356,3094.7028269371945,3.275157997695671,4.113657136284708,4.307458380341643,6230.7692307692305,0.02989582222324978,1957.9487500000002,0.097,0.3299319727891157,0-0-2875-6,o,51a17262-Audio_SP18.v0,group_0,1,fave,180.8416816794983,74.60282580551514,9,tampoco,"",0.2699999999999818,[silence],[silence],k,#,k,®,final
522.9289436024277,891.6377492167276,3064.711088645441,2.4231697782762636,3.5337859389726964,4.3199098977447825,5333.333333333333,0.024361384038073846,1961.02375,0.067,0.3284313725490196,0-0-2880-5,o,51a17262-Audio_SP18.v0,group_0,1,fave,295.75436347417644,79.81076682046145,9,tiempo,"",0.18000000000006366,el,y,p,#,p,i,final
539.4994670088896,1192.3249154426355,2945.2664258162363,3.2210150825777175,2.880331513496093,2.7515864686780303,5153.846153846154,0.0008335138770892169,1964.08575,0.031,0.32978723404255317,0-0-2890-2,o,51a17262-Audio_SP18.v0,group_0,1,fave,184.95692107325635,75.7749500694507,9,agotador,"",0.07000000000016371,es,[silence],g,t,g,t,internal
476.2900638575846,926.013299853895,1427.9292479363983,1.7611962487471777,3.35133161709433,3.8533482528288046,3000.0,0.00019476236811701066,1992.77875,0.037000000000000005,0.324561403508772,0-0-2915-0,o,51a17262-Audio_SP18.v0,group_0,1,fave,237.70124850472965,85.34125257995798,9,o,"",0.08999999999991815,Participé,participo,#,#,e,p,coextensive
477.15699579472454,949.134770799777,1457.7233496973868,2.2899874219242564,4.07297128712405,4.208476444777744,4435.897435897436,0.006647885098665193,1993.6127499999998,0.045,0.33582089552238803,0-0-2916-8,o,51a17262-Audio_SP18.v0,group_0,1,fave,242.76022977841745,84.0751177104171,9,participo,"",0.11000000000012733,o,en,p,#,p,e,final
489.106943608507,1070.273615473551,1982.1738172678422,3.110496383006571,3.5585637138667496,4.635875868494389,4435.897435897436,0.02289592739909585,1994.5187500000002,0.097,0.3299319727891157,0-0-2919-4,o,51a17262-Audio_SP18.v0,group_0,1,fave,232.54363536659665,81.07636717422307,9,grupo,"",0.2699999999999818,un,[silence],p,#,p,.,final
379.89187024332404,558.6844068415913,1441.6175825467774,3.0057712997369146,1.6837935535018485,3.8203919461186686,3179.4871794871797,0.0007037501650498068,1999.0527499999998,0.045,0.33582089552238803,0-0-2929-3,o,51a17262-Audio_SP18.v0,group_0,1,fave,184.434965686158,82.8399544415246,9,creó,"",0.11000000000012733,se,en,é,#,é,e,final
472.45724342216585,1744.3321475530895,2743.2831117596097,2.9287583013884166,3.8321753569261947,4.239553709401494,5333.333333333333,0.000024823510878349413,2002.19375,0.027000000000000003,0.32142857142857145,0-0-2936-3,o,51a17262-Audio_SP18.v0,group_0,1,fave,223.8288568262927,82.58703615498443,9,pero,"",0.05999999999994543,[silence],no,R,#,R,n,final
475.0462870728199,1275.1806094607985,2703.868165638892,3.675558032148343,3.8288756779698825,4.208710916334164,5871.794871794871,0.0008379546489211923,2003.52575,0.031,0.32978723404255317,0-0-2938-1,o,51a17262-Audio_SP18.v0,group_0,1,fave,215.23968972292428,80.37041108183988,9,ahorita,"",0.06999999999993634,no,no,a,R,a,R,internal
511.5466322858251,1114.7505353193442,2782.714058703757,3.1089221616381386,3.759990843396204,3.2765194261014647,5333.333333333333,0.00006551804684518868,2005.6657500000001,0.031,0.32978723404255317,0-0-2945-4,o,51a17262-Audio_SP18.v0,group_0,1,fave,256.5429605968967,79.23987554886831,9,grupo,"",0.06999999999993634,ese,.,p,#,p,.,final
500.4143913636275,1103.4486837574798,2683.4017307052613,3.441920505605911,4.0403871759132866,4.324430486087313,5333.333333333333,0.012079321588332411,2006.04575,0.091,0.33211678832116787,0-0-2947-3,o,51a17262-Audio_SP18.v0,group_0,1,fave,202.50440269546337,76.80787558504105,9,Sólo,"",0.25,.,[silence],l,#,l,®,final
511.38831559720563,1382.7173146052814,2959.8309135869795,3.0791702810806405,3.4590848031598345,3.7931493580994093,5692.3076923076915,0.00053482398456497,2009.68775,0.035,0.33653846153846156,0-0-2956-1,o,51a17262-Audio_SP18.v0,group_0,1,fave,107.29646526037233,80.50195454265943,9,posibilidad,"",0.07999999999992724,la,de,p,s,p,s,internal
579.8083135062352,1147.7577891478638,2910.301648603633,3.197603039460723,3.5493365368482035,3.832735193176033,5333.333333333333,0.0002848105788283689,2010.93575,0.031,0.32978723404255317,0-0-2958-1,o,51a17262-Audio_SP18.v0,group_0,1,fave,195.38097401346238,78.84172132427773,9,comentar,"",0.06999999999993634,de,para,k,m,k,m,internal
605.3815604285292,1400.6597776037331,3092.715531968338,3.286955183805329,3.1770938509156332,3.343856645640473,5692.3076923076915,0.004930197489318522,2014.1527499999997,0.065,0.33505154639175255,0-0-2967-9,o,51a17262-Audio_SP18.v0,group_0,1,fave,322.5577138027711,80.10066922609631,9,ingresando,"",0.17000000000007276,está,[silence],d,#,d,.,final
403.05637127306545,780.6913484161953,1291.4512011665588,2.6643388175956773,2.6327665787940684,4.231511062730719,3538.4615384615386,0.015156750829858788,2015.2527499999999,0.08499999999999999,0.33464566929133854,0-0-2969-0,o,51a17262-Audio_SP18.v0,group_0,1,fave,197.85378031014534,81.63031854466963,9,o,"",0.2300000000000182,[silence],que,#,#,.,k,coextensive
383.8136228213489,575.1286268548453,1084.1909103371008,3.425126761625854,2.8272907449383005,3.127510523016011,3538.4615384615386,0.00287703073333049,2017.80775,0.095,0.33450704225352107,0-0-2975-7,o,51a17262-Audio_SP18.v0,group_0,1,fave,178.14357635871448,80.47415911410837,9,respecto,"",0.2599999999999909,[silence],[silence],t,#,t,&,final
384.2217092166322,791.31044240446,1169.8602934157047,2.207924837510161,2.8443536662361137,3.168227509177985,3179.4871794871797,0.0074980162332696,2019.4237500000002,0.087,0.3295454545454546,0-0-2979-6,o,51a17262-Audio_SP18.v0,group_0,1,fave,359.4863475585076,67.47287935932043,9,trabajo,"",0.23999999999978172,algún,pues,x,#,x,p,final
391.1735596472867,553.2919000189748,1099.9186655352623,3.1597408625286403,1.9191408649690542,3.622586535519452,3179.4871794871797,0.0019756425275257753,2021.8087500000001,0.07700000000000001,0.3290598290598291,0-0-2982-4,o,51a17262-Audio_SP18.v0,group_0,1,fave,181.33751422180055,82.1336159016004,9,puedo,"",0.21000000000003638,[silence],comentar,d,#,d,k,final
351.6113323931658,519.8802096229554,860.7835587701147,3.384427338485208,2.098137221670365,2.9510834541190185,3000.0,0.00118574072256734,2027.63775,0.13499999999999998,0.33415841584158407,0-0-2994-3,o,51a17262-Audio_SP18.v0,group_0,1,fave,171.08347151699985,79.79614544395247,9,pero,"",0.38000000000010914,[silence],[silence],R,#,R,.,final
519.4390694440951,1243.8352830190815,1870.5957765442529,3.183441104345255,3.8967068987943505,4.4424628287986945,4076.923076923077,0.00016883202925914488,2030.30575,0.031,0.32978723404255317,0-0-2998-3,o,51a17262-Audio_SP18.v0,group_0,1,fave,183.89793758170183,78.72364683685488,9,razón,"",0.06999999999993634,alguna,[silence],z,n,z,n,internal
405.661045530033,630.9993185271474,1088.954924912932,3.125384121503457,3.5737487377003685,3.6590426304079573,3358.974358974359,0.009180091031074034,2032.40375,0.087,0.32954545454545453,0-0-3003-4,o,51a17262-Audio_SP18.v0,group_0,1,fave,236.8354524286348,75.62603995030135,9,grupo,"",0.2400000000000091,ese,[silence],p,#,p,.,final
518.5505667889415,1381.674173102497,1763.7917716054562,2.3202890186110516,3.951704153505557,4.470885896844357,4615.384615384615,0.0008193060392506974,2041.28575,0.031,0.32978723404255317,0-0-3013-1,o,51a17262-Audio_SP18.v0,group_0,1,fave,254.20347292081928,84.83429731902942,9,lo,"",0.06999999999993634,",",que,l,#,l,k,final
384.22492724371807,534.8946866843125,1294.3239275630367,2.7715706760600396,3.2763579663233964,3.0009173511915113,3179.4871794871797,0.0013897657386774671,2114.2757500000002,0.031,0.32978723404255317,0-0-3027-3,o,51a17262-Audio_SP18.v0,group_0,1,fave,248.37057946325777,84.68792257613512,9,resolver,"",0.06999999999970896,[silence],[silence],s,l,s,l,internal
562.0900007396873,1551.249583344231,2942.036820829819,3.600900628043814,3.4627657176961266,3.0602903128212584,5512.820512820513,0.00007590258757674562,2115.73375,0.027000000000000003,0.32142857142857145,0-0-3029-5,o,51a17262-Audio_SP18.v0,group_0,1,fave,225.75600684170544,78.68472601375929,9,asuntos,"",0.06000000000040018,[silence],técnicos,t,s,t,s,internal
379.90986161318216,560.4350075407057,1088.7293512166568,3.326942830849757,2.436658445048969,3.101565004202847,3179.4871794871797,0.0009252431290680628,2116.3777499999997,0.055,0.33536585365853655,0-0-3030-6,o,51a17262-Audio_SP18.v0,group_0,1,fave,179.6712776541286,80.78952275116025,9,técnicos,"",0.13999999999987267,asuntos,[silence],k,s,k,s,internal
387.5112789538299,545.8613725648885,1050.811943015732,3.4108195468723688,2.766215954672034,3.5096260355686635,3179.4871794871797,0.009313753594493684,2120.38275,0.125,0.33422459893048123,0-0-3037-4,o,51a17262-Audio_SP18.v0,group_0,1,fave,197.38051018078517,76.69584604789111,9,micro,"",0.34999999999990905,de,o,R,#,R,o,final
299.3106924883402,493.15302902988793,762.7601218093823,3.4648576378239273,3.537916078997709,3.5458773357953386,3000.0,0.0459105236402606,2120.6957500000003,0.051000000000000004,0.3311688311688312,0-0-3038-0,o,51a17262-Audio_SP18.v0,group_0,1,fave,206.85458648075158,70.38542763582554,9,o,"",0.13000000000010914,micro,algo,#,#,o,á,coextensive
538.3435718317213,1587.8528039831735,2966.804081634844,2.67527790484568,3.001397443921692,3.7398566891712743,5871.794871794871,0.00024615999078720876,2137.4687499999995,0.037000000000000005,0.324561403508772,0-0-3054-8,o,51a17262-Audio_SP18.v0,group_0,1,fave,269.50484686997993,84.28378088312768,9,principio,"",0.09000000000014552,Al,no,i,#,i,n,final
404.1559081373191,1671.182331718933,2486.2627291770264,2.95419623301007,4.054604231158213,4.553338552566034,5512.820512820513,0.00064428045406985,2146.09375,0.027000000000000003,0.32142857142857145,0-0-3072-1,o,51a17262-Audio_SP18.v0,group_0,1,fave,178.70061147552343,79.86274503170586,9,YouTube,"",0.05999999999994543,en,.,y,u,y,u,internal
616.3759519112349,1469.0984758239256,3112.6573527481696,3.1075554173646,3.4752043372209256,2.452602407526473,5692.3076923076915,0.0015076961701409528,2148.66375,0.047,0.3263888888888889,0-0-3075-4,o,51a17262-Audio_SP18.v0,group_0,1,fave,227.9321071277864,76.505960931531,9,videos,"",0.12000000000034561,Ver,[silence],é,s,é,s,internal
586.4941218288111,1214.482963758118,2434.375560404951,3.3848941510805597,4.147879944508276,4.518678443228406,4435.897435897436,0.015128679301861937,2150.98275,0.045,0.33582089552238803,0-0-3079-9,o,51a17262-Audio_SP18.v0,group_0,1,fave,186.0349609434192,78.46005352811915,9,información,"",0.11000000000012733,proporcionó,[silence],i,n,i,n,internal
610.2914530376626,1496.241398271897,2837.4955611993023,3.298763190992512,3.692679919764934,4.2406561498327155,6051.282051282051,0.007783420229930593,2152.20575,0.07100000000000001,0.3317757009345795,0-0-3083-3,o,51a17262-Audio_SP18.v0,group_0,1,fave,318.8197253070606,82.00624527672854,9,pero,"",0.19000000000005457,[silence],%%,R,#,R,&,final
563.6424178124689,1045.1238251816128,2878.815372083588,2.7579568957349423,4.01150089931835,3.907340659169333,5692.3076923076915,0.008708784247269395,2156.77075,0.121,0.3324175824175823,0-0-3093-6,o,51a17262-Audio_SP18.v0,group_0,1,fave,192.01636912699104,76.99102323119716,9,ejemplo,"",0.3400000000001455,por,",",l,#,l,®,final
518.6181491057658,808.1381059485963,2168.546061286002,3.895997360477136,2.7354134538157413,4.706613146322142,5153.846153846154,0.014166470218375873,2157.7537500000003,0.047,0.3263888888888889,0-0-3095-3,o,51a17262-Audio_SP18.v0,group_0,1,fave,200.9934294543224,81.31425702191403,9,cómo,"",0.11999999999989086,",",hago,m,#,m,á,final
430.4815362802257,823.5845358789975,2003.0354801675562,3.218385229435383,2.84046032823408,4.7062520203992,4435.897435897436,0.013398750449589183,2158.0827500000005,0.065,0.33505154639175255,0-0-3096-2,o,51a17262-Audio_SP18.v0,group_0,1,fave,201.82672561035199,80.7067208744499,9,hago,"",0.169999999999618,cómo,para,g,#,g,p,final
512.8789235531075,1133.3386902363382,3087.2760800525416,3.1546090079561977,3.419148197613695,4.345065103197622,5871.794871794871,0.023281449164331836,2159.5947499999997,0.149,0.33558558558558554,0-0-3100-5,o,51a17262-Audio_SP18.v0,group_0,1,fave,235.10168915148643,76.12693428669998,9,dinero,"",0.42000000000007276,el,qué,R,#,R,k,final
360.4432047917256,754.2379138667026,1333.9892489643785,2.4435193708626994,2.8793724787778636,3.780399224445969,3538.4615384615386,0.00010774421299593628,2168.72575,0.031,0.32978723404255317,0-0-3123-4,o,51a17262-Audio_SP18.v0,group_0,1,fave,185.57479955017055,82.68438943559201,9,bueno,"",0.07000000000016371,y,entonces,n,#,n,e,final
361.3156727191562,760.2502841699917,1445.0668529279253,1.6750048256844663,3.2828438831481677,3.577560797172009,3358.974358974359,0.00003307887007908953,2173.21275,0.025,0.33783783783783783,0-0-3135-1,o,51a17262-Audio_SP18.v0,group_0,1,fave,182.128825023244,82.55094360271927,9,comentar,"",0.0500000000001819,para,y,k,m,k,m,internal
566.9258832769793,1580.054695804491,3036.503194337134,2.3967936819628157,3.470480829187111,3.242436479033247,6769.2307692307695,0.0002234668501977398,2174.8507499999996,0.041,0.3306451612903226,0-0-3139-1,o,51a17262-Audio_SP18.v0,group_0,1,fave,190.03818001395868,83.9497209588474,9,lo,"",0.09999999999990905,[silence],hice,l,#,l,í,final
448.9165995612343,660.8947688803069,1414.4922299405725,2.945237915656731,3.5404261565286954,3.1667052176412613,3538.4615384615386,0.0010193921853868858,2176.25275,0.045,0.33582089552238803,0-0-3144-1,o,51a17262-Audio_SP18.v0,group_0,1,fave,199.38126217095015,80.05198823135945,9,lo,"",0.11000000000012733,manera,hice,l,#,l,í,final
457.244448990668,754.7498502231589,2372.4341834832207,3.4027701664596006,4.295780093175721,4.56766753402399,5692.3076923076915,0.0002573195243103552,2177.48275,0.025,0.33783783783783783,0-0-3148-1,o,51a17262-Audio_SP18.v0,group_0,1,fave,187.02077743623784,76.16665851599538,9,podemos,"",0.0500000000001819,aquella,hacerlo,p,d,p,d,internal
372.3196892818957,765.6743321023262,1233.8188317089782,2.8927642040235146,2.5997249946902574,3.224830415088967,3000.0,0.0004772808091679697,2177.82075,0.041,0.3306451612903226,0-0-3148-5,o,51a17262-Audio_SP18.v0,group_0,1,fave,191.88681177644366,76.63734249406052,9,podemos,"",0.09999999999990905,aquella,hacerlo,m,s,m,s,internal
397.95606419244166,718.1409709585258,1212.5134519477144,2.9132232505233455,3.3311173714893947,2.475201675736278,3358.974358974359,0.000418063323050702,2198.43875,0.037000000000000005,0.324561403508772,0-0-3174-1,o,51a17262-Audio_SP18.v0,group_0,1,fave,199.05348025173342,79.29871150997987,9,Correcto,"",0.09000000000014552,[silence],.,k,r,k,r,internal
474.17660887111384,1301.9120937263665,2986.0201730662257,2.741179846360488,2.483965080549638,4.390445388577073,6410.25641025641,0.0003194892979579187,2206.88775,0.035,0.33653846153846156,0-0-3181-6,o,51a17262-Audio_SP18.v0,group_0,1,fave,212.93900561137752,78.51984749377266,9,ejemplo,"",0.07999999999992724,Por,",",l,#,l,.,final
570.8921018631588,974.2948071227876,3593.803758805173,3.1358521257984955,3.4320163795082825,4.603918734087663,6051.282051282051,0.012295174148389657,2207.5277499999997,0.055,0.33536585365853655,0-0-3184-3,o,51a17262-Audio_SP18.v0,group_0,1,fave,205.17144809642906,80.02305274688442,9,tipo,"",0.13999999999987267,qué,de,p,#,p,d,final
370.98320654740104,621.2081729174474,1184.4979264568822,2.9212126879998093,3.434061887101538,3.193268024376856,3179.4871794871797,0.00009674884528654447,2215.2577499999998,0.035,0.33653846153846156,0-0-3197-5,o,51a17262-Audio_SP18.v0,group_0,1,fave,195.77156063921686,79.64753159625697,9,Cuánto,"",0.08000000000038199,[silence],tiempo,t,#,t,t,final
493.64789583143937,918.1086236771274,2831.1461057987235,3.249489964161039,3.5027894407105657,4.035683682532254,6051.282051282051,0.03211077348144175,2215.94075,0.14100000000000001,0.33254716981132076,0-0-3198-5,o,51a17262-Audio_SP18.v0,group_0,1,fave,188.390165783851,78.78954700597727,9,tiempo,"",0.40000000000009095,Cuánto,[silence],p,#,p,®,final
549.7227473196054,880.3187963449063,2472.919048632804,3.4417015141214953,3.403228519012338,4.219527298632282,5692.3076923076915,0.007579766974476645,2221.63575,0.07100000000000001,0.3317757009345795,0-0-3215-5,o,51a17262-Audio_SP18.v0,group_0,1,fave,215.8731521282895,78.95507432310121,9,tiempo,"",0.19000000000005457,el,en,p,#,p,e,final
598.9527067598061,1293.5897993997985,2994.0966762559838,3.0761633585808315,2.9173111122801663,3.4712192695218067,5871.794871794871,0.003971076526211144,2232.8977499999996,0.055,0.33536585365853655,0-0-3238-8,o,51a17262-Audio_SP18.v0,group_0,1,fave,250.85726206017404,80.56574063811601,9,iniciando,"",0.14000000000032742,estoy,qué,d,#,d,k,final
368.5125469156703,843.0488091781817,1481.551603994922,2.702469823177224,3.547561332055023,4.619504330174854,4435.897435897436,0.0075960992035414955,2246.03375,0.067,0.32843137254901966,0-0-3246-4,o,51a17262-Audio_SP18.v0,group_0,1,fave,182.28514063138488,80.19227919165644,9,Bueno,"",0.1799999999998363,[silence],",",n,#,n,.,final
331.0346706867483,683.6364277197541,999.9349375950087,3.063591023668182,2.783172482063852,2.9966562717940075,3000.0,0.019575840978786164,2247.86575,0.11100000000000002,0.3323353293413173,0-0-3250-4,o,51a17262-Audio_SP18.v0,group_0,1,fave,281.8271693225496,73.9920917844922,9,grupo,"",0.30999999999994543,ese,al,p,#,p,a,final
357.52791964330544,611.9131391038662,1216.7612292428191,3.8887817593439378,3.120854389778969,3.58748460395929,3000.0,0.011602013903865616,2249.13075,0.08099999999999999,0.3319672131147541,0-0-3252-5,o,51a17262-Audio_SP18.v0,group_0,1,fave,307.4563792138028,79.58827355127157,9,inicio,"",0.2199999999997999,al,habían,i,#,i,á,final
450.46004693876125,1287.9786234638234,2275.7744243737952,3.514862309447915,3.720981703576367,4.35221117910019,6230.7692307692305,0.005836238548437179,2252.2207499999995,0.041,0.3306451612903226,0-0-3257-3,o,51a17262-Audio_SP18.v0,group_0,1,fave,203.48452060936324,77.69703966008876,9,creo,"",0.1000000000003638,Yo,que,é,#,é,k,final
562.8876474476734,922.1230552872678,1788.8965114873758,2.5392167091669253,4.026889110216906,4.033289058918836,4435.897435897436,0.013249936113629552,2284.56875,0.057,0.32758620689655177,0-0-3284-4,o,51a17262-Audio_SP18.v0,group_0,1,fave,284.4575845816613,82.39929862235178,9,grupo,"",0.15000000000009095,Este,surgió,p,#,p,s,final
436.6365988077199,694.6463187675719,1217.253382258691,2.8114423209366333,3.544267150473,3.3223885337747228,3000.0,0.015343756538209075,2285.17075,0.101,0.3322368421052631,0-0-3285-5,o,51a17262-Audio_SP18.v0,group_0,1,fave,224.69851576593803,76.33614553118596,9,surgió,"",0.2800000000002001,grupo,por,i,#,i,p,final
818.2679282707616,1356.708985647475,2969.9427397281866,3.533203122901595,3.4246534958737738,4.252547825341016,6051.282051282051,0.007919658288228971,2288.5387499999997,0.07700000000000001,0.3290598290598291,0-0-3290-4,o,51a17262-Audio_SP18.v0,group_0,1,fave,294.5181336254931,77.51829970536109,9,video,"",0.21000000000003638,un,[silence],é,#,é,.,final
644.6088511562111,1293.0648107911818,2960.2944593703537,3.2387361610755128,3.2561127211766094,3.99142128743638,5512.820512820513,0.0026540254745677644,2320.36075,0.08099999999999999,0.3319672131147541,0-0-3312-4,o,51a17262-Audio_SP18.v0,group_0,1,fave,215.61008743730252,81.26908431309512,9,bueno,"",0.2199999999997999,Sí,no,n,#,n,n,final
649.3301493128153,1428.7403937788608,2995.9161206329777,3.1351400744347795,3.5782024512426758,3.5033028772471226,5692.3076923076915,0.009457528647489869,2321.53575,0.07100000000000001,0.3317757009345795,0-0-3315-3,o,51a17262-Audio_SP18.v0,group_0,1,fave,358.12458890520975,77.86609444835828,9,todo,"",0.19000000000005457,del,",",d,#,d,.,final
445.07432322903924,687.9601493026971,1253.1497816735944,3.1090401579121516,3.1746711470126003,3.297815952635832,3000.0,0.008381402652711653,2322.5157499999996,0.211,0.332807570977918,0-0-3319-3,o,51a17262-Audio_SP18.v0,group_0,1,fave,290.49739798029645,77.44099248163434,9,pero,"",0.6100000000001273,[silence],[silence],R,#,R,.,final
514.1361108086053,1389.3893641797126,2089.0529805580936,2.5562959676763515,3.8110645777357113,4.638890190169481,5512.820512820513,0.013996372735961354,2327.47375,0.067,0.3284313725490196,0-0-3335-3,o,51a17262-Audio_SP18.v0,group_0,1,fave,265.7495676226581,72.91225853449778,9,algo,"",0.1799999999998363,[silence],que,g,#,g,k,final
600.2182940863468,1178.8790870947373,2929.468563371381,3.228728696117348,2.7680455632148497,3.4594371756010105,6051.282051282051,0.005312944698292713,2329.14975,0.119,0.3361581920903954,0-0-3338-5,o,51a17262-Audio_SP18.v0,group_0,1,fave,221.17417708959815,81.58710335657254,9,inició,"",0.32999999999992724,[silence],[silence],i,#,i,.,final
435.80461873887924,492.18170351940813,1287.2234210558618,3.8387821813949015,2.687693085781125,3.676013970846846,3358.974358974359,0.025023787808753993,2334.6477499999996,0.055,0.3353658536585366,0-0-3354-3,o,51a17262-Audio_SP18.v0,group_0,1,fave,174.1808303363569,74.67414419174337,9,todo,"",0.14000000000032742,y,",",d,#,d,®,final
487.4903423122209,1432.4863741732188,1699.7757322778293,3.0328049312418477,3.6708320567092936,4.433349375196946,4615.384615384615,0.001045398825570476,2335.6587499999996,0.037,0.32456140350877194,0-0-3356-3,o,51a17262-Audio_SP18.v0,group_0,1,fave,209.00379293406652,81.82614206161702,9,pero,"",0.09000000000014552,",",es,R,#,R,é,final
464.0801160354395,556.6669844409437,1185.4925404717424,3.5352684216564167,2.7529625437348577,3.1267887737815454,3000.0,0.0016004795710679903,2336.4507499999995,0.041,0.3306451612903226,0-0-3358-9,o,51a17262-Audio_SP18.v0,group_0,1,fave,192.92935680920928,82.31837811381607,9,complicado,"",0.1000000000003638,es,porque,d,#,d,p,final
731.9263465166355,1145.7616989637856,2678.0326122168954,3.4961254522074126,4.4512656629230865,4.695217939050291,5871.794871794871,0.06131544720934682,2337.5407499999997,0.041,0.3306451612903226,0-0-3361-3,o,51a17262-Audio_SP18.v0,group_0,1,fave,220.78528877447633,81.48681863887768,9,como,"",0.09999999999990905,es,estar,m,#,m,e,final
446.9055140137323,887.7637928897362,2810.06799296458,3.456418695282361,3.4709436666932603,3.4046229586390715,4974.358974358975,0.004128850407249677,2341.2277499999996,0.095,0.334507042253521,0-0-3370-4,o,51a17262-Audio_SP18.v0,group_0,1,fave,197.15866724435318,79.03752851905638,9,luego,"",0.2600000000002183,y,[silence],g,#,g,®,final
549.8348555541962,1469.0023524989076,2856.253910358092,2.9282882116265925,3.3876274372452113,3.0555485428965072,5512.820512820513,0.000012936507936816522,2342.22575,0.031,0.32978723404255317,0-0-3373-5,o,51a17262-Audio_SP18.v0,group_0,1,fave,193.1427066640772,82.21857568654463,9,pronto,"",0.07000000000016371,de,estar,t,#,t,e,final
352.2691781696827,711.2748879739087,885.1913367392714,1.8777024782167175,3.338663692977599,3.2569613273552274,3000.0,0.005226710531107365,2345.12575,0.051000000000000004,0.3311688311688312,0-0-3388-3,o,51a17262-Audio_SP18.v0,group_0,1,fave,164.1914276430949,81.01114927793353,9,como,"",0.13000000000010914,es,que,m,#,m,k,final
321.28055910998,659.3911324905484,1291.4307520266266,2.87999342010467,2.4646464515422575,3.053766349899716,3000.0,0.002035093788068518,2347.89775,0.07500000000000001,0.3348214285714286,0-0-3394-8,o,51a17262-Audio_SP18.v0,group_0,1,fave,333.92089567289815,82.4572075887785,9,navegando,"",0.1999999999998181,[silence],en,d,#,d,e,final
509.09271547637996,1494.3675504330831,2969.8335093227233,2.5413901044528084,4.058277763679198,4.060413423515959,5871.794871794871,0.0003947491548470109,2348.70775,0.035,0.3365384615384616,0-0-3398-1,o,51a17262-Audio_SP18.v0,group_0,1,fave,378.77182462531664,80.41837301418872,9,sociales,"",0.07999999999992724,redes,",",s,z,s,z,internal
465.0846860787533,758.482978498908,1510.8570247159785,3.121405638001094,3.1220643381104787,3.218487251226523,3897.4358974358975,0.008446756374178407,2350.23375,0.067,0.32843137254901966,0-0-3400-5,o,51a17262-Audio_SP18.v0,group_0,1,fave,245.1720075456333,79.02320503952058,9,viendo,"",0.18000000000029104,",",qué,d,#,d,k,final
292.7333635207677,750.4804418455681,2239.0869560046463,3.5685681003694123,1.8595738729895404,4.761305420807848,5333.333333333333,0.0011082502720227165,2352.99375,0.027000000000000003,0.32142857142857145,0-0-3409-3,o,51a17262-Audio_SP18.v0,group_0,1,fave,248.79359942362183,83.60049296171033,9,como,"",0.05999999999994543,es,se,m,#,m,s,final
350.02229011426977,766.1947227413275,1388.250295595398,2.622575093946176,3.459774384028363,4.4377873572677595,4076.923076923077,0.0018792003977472,2354.05075,0.041,0.3306451612903226,0-0-3414-3,o,51a17262-Audio_SP18.v0,group_0,1,fave,180.83470926129237,78.46980952471495,9,como,"",0.09999999999990905,veces,que,m,#,m,k,final
352.6962335196807,851.1516025038346,1291.59905326144,2.269030953490346,3.5579777939012485,3.9081574479609715,3358.974358974359,0.0037713189340002782,2354.53775,0.055,0.3353658536585366,0-0-3417-4,o,51a17262-Audio_SP18.v0,group_0,1,fave,170.4595209860893,79.90268678009132,9,bueno,"",0.13999999999987267,",",",",n,#,n,.,final
374.4445966512112,640.3588698094366,1140.8424196261278,2.8792040390005655,3.9439784369727433,3.7685901147533443,3179.4871794871797,0.018155119899418024,2356.7157500000003,0.051000000000000004,0.3311688311688312,0-0-3423-8,o,51a17262-Audio_SP18.v0,group_0,1,fave,166.07877640558567,73.09369215232323,9,perdiendo,"",0.13000000000010914,está,[silence],d,#,d,.,final
449.7324727314487,687.5932805633832,1621.374804664404,2.887298156458974,2.8253191454832143,3.1805428164063843,3000.0,0.0002555376572125863,2359.2307499999997,0.061000000000000006,0.3315217391304348,0-0-3430-3,o,51a17262-Audio_SP18.v0,group_0,1,fave,223.73048645061064,82.25337847690571,9,pero,"",0.16000000000030923,",",",",R,#,R,.,final
466.26731215038063,669.4300776837806,1237.8787458258905,3.265532530862234,3.5969919439283893,4.000607729814798,4076.923076923077,0.0016535289844843235,2362.28075,0.041,0.3306451612903226,0-0-3440-6,o,51a17262-Audio_SP18.v0,group_0,1,fave,185.09060657688966,80.4031940414844,9,trabajo,"",0.09999999999990905,un,.,x,#,x,.,final
528.5039253224231,1221.8582461158467,2831.26498886732,2.205255958627189,3.5551131945181087,4.949936468278818,5333.333333333333,0.0047940497363846745,2363.8137500000003,0.067,0.3284313725490196,0-0-3447-6,o,51a17262-Audio_SP18.v0,group_0,1,fave,176.76627632118996,78.0072760275296,9,haciendo,"",0.1799999999998363,está,[silence],d,#,d,®,final
525.6808345984049,1003.518084953893,1630.7809326247968,2.0601486035285332,3.7173389446456624,4.099551425109088,4256.410256410256,0.0005200945181931894,2366.33575,0.031,0.32978723404255317,0-0-3455-4,o,51a17262-Audio_SP18.v0,group_0,1,fave,263.36229067632996,82.07205091489705,9,luego,"",0.06999999999970896,ya,[silence],g,#,g,.,final
532.9988259792572,1726.6723489227206,2805.6751350717805,3.0029295840831733,4.285805086490002,3.739304654869518,5512.820512820513,0.0003790310499966339,2368.14375,0.027000000000000003,0.32142857142857145,0-0-3462-4,o,51a17262-Audio_SP18.v0,group_0,1,fave,179.47844859822516,81.54863631068484,9,tanto,"",0.05999999999994543,",",para,t,#,t,p,final
277.60430510497685,749.3697441795387,1250.1501597375209,2.9599404803846348,2.489247844200155,3.824312807646353,3538.4615384615386,0.002278529646297254,2368.74275,0.045,0.33582089552238803,0-0-3465-3,o,51a17262-Audio_SP18.v0,group_0,1,fave,243.41196796386106,78.1072995970644,9,como,"",0.11000000000012733,mí,para,m,#,m,p,final
554.4084865623556,1684.795791711459,2720.0083454131154,3.0531040844246644,3.69252834809621,3.750542072802574,5512.820512820513,0.000023107980592040256,2369.2227500000004,0.025,0.33783783783783783,0-0-3467-2,o,51a17262-Audio_SP18.v0,group_0,1,fave,195.94562423231864,79.05251022215286,9,ellos,"",0.0500000000001819,para,fue,L,s,L,s,internal
336.1251474708095,1294.180625521611,1823.9329036349166,2.484894822709663,3.1898782472274054,4.359998136381352,4435.897435897436,0.005832655676523853,2372.5527500000003,0.045,0.33582089552238803,0-0-3474-7,o,51a17262-Audio_SP18.v0,group_0,1,fave,314.49847711444596,84.27542947936483,9,adaptarnos,"",0.10999999999967258,pues,",",n,s,n,s,internal
572.9746886245717,1599.6351119084004,2694.7539793811766,3.484244899276433,3.2845060982727348,3.9291565329994333,5692.3076923076915,0.0005485515745670291,2373.93775,0.035,0.33653846153846156,0-0-3478-3,o,51a17262-Audio_SP18.v0,group_0,1,fave,204.24473081705787,81.14826278257708,9,pero,"",0.07999999999992724,",",ya,R,#,R,y,final
478.40234352370675,1202.917145732968,2469.1476157593856,2.9271219558204904,3.0990963574851023,4.319811062449894,5692.3076923076915,0.0028368338954611536,2374.47275,0.045,0.33582089552238803,0-0-3480-4,o,51a17262-Audio_SP18.v0,group_0,1,fave,239.6505818959438,78.66232313711303,9,luego,"",0.11000000000012733,ya,cuando,g,#,g,k,final
532.1558252079979,1439.4800532001439,2993.8488559511043,3.0948935605701604,3.1969664482097135,2.713406749927537,5871.794871794871,0.00006447641208209932,2375.28375,0.027000000000000003,0.32142857142857145,0-0-3483-1,o,51a17262-Audio_SP18.v0,group_0,1,fave,248.07639644247845,83.32789652189017,9,los,"",0.05999999999994543,vimos,frutos,l,s,l,s,internal
472.8035743349728,1344.9086404351642,2706.3456343218677,2.251985459544035,3.163505623675917,4.628149735556315,6769.2307692307695,0.0007056590583399077,2375.7577499999998,0.035,0.3365384615384616,0-0-3484-4,o,51a17262-Audio_SP18.v0,group_0,1,fave,235.83780888458008,83.94243139274455,9,frutos,"",0.08000000000038199,los,",",t,s,t,s,internal
505.3138098672622,1240.5149080204537,2940.6707812277014,2.672383736373437,3.36472414049305,4.763327289506854,5512.820512820513,0.0030247518355226606,2378.37375,0.047,0.3263888888888889,0-0-3496-8,o,51a17262-Audio_SP18.v0,group_0,1,fave,263.2597496461072,76.13543316570252,9,generando,"",0.11999999999989086,estamos,si,d,#,d,s,final
629.2192976516556,1259.0842348841418,2058.90532999121,3.2975775630612985,3.741398265091712,4.636107668874882,4435.897435897436,0.0021810827312236385,2379.5557500000004,0.051000000000000004,0.3311688311688312,0-0-3501-4,o,51a17262-Audio_SP18.v0,group_0,1,fave,208.62714643832282,74.76697931228895,9,yendo,"",0.1299999999996544,está,[silence],d,#,d,®,final
486.80919221406896,1232.231245249595,1967.2664072609598,2.7536664460430487,3.1051731679829055,3.854020151292822,4256.410256410256,0.000011431202269245416,2381.3427500000003,0.025,0.33783783783783783,0-0-3511-1,o,51a17262-Audio_SP18.v0,group_0,1,fave,180.04142177082045,79.09718296421363,9,lo,"",0.0500000000001819,por,menos,l,#,l,m,final
356.7323924661742,760.0229491716997,1320.294789791983,2.8597725299707504,2.6901300764635137,3.2079218013199173,3000.0,0.000040676981011042536,2381.61375,0.027000000000000003,0.32142857142857145,0-0-3512-3,o,51a17262-Audio_SP18.v0,group_0,1,fave,183.60388355154055,80.40004795184565,9,menos,"",0.05999999999994543,lo,podemos,n,s,n,s,internal
370.0631770427108,756.9823487023319,1209.1211601780585,3.360373991198529,3.053376669159897,3.0369536214170125,3179.4871794871797,0.003587539795220122,2382.22075,0.061000000000000006,0.3315217391304348,0-0-3513-5,o,51a17262-Audio_SP18.v0,group_0,1,fave,147.01569970214993,78.31297177669893,9,podemos,"",0.15999999999985448,menos,[silence],m,s,m,s,internal
507.17202130032916,1219.1771061739173,2887.0165320705273,3.1933559565831584,2.9274842133819483,3.732142203903031,6051.282051282051,0.0012591207637950024,2383.44775,0.035,0.33653846153846156,0-0-3518-1,o,51a17262-Audio_SP18.v0,group_0,1,fave,201.2890436007492,77.12272465095106,9,lo,"",0.08000000000038199,tener,[silence],l,#,l,®,final
419.2897976449317,680.280063241969,1522.26168059456,2.614303781181095,3.279352966939559,3.137710951308417,3000.0,0.0010537552222655284,2388.62375,0.047,0.3263888888888889,0-0-3528-10,o,51a17262-Audio_SP18.v0,group_0,1,fave,214.6487902001049,83.40580282830327,9,alimentación,"",0.11999999999989086,a,y,i,n,i,n,internal
584.9590016096762,1283.214448395192,2035.7538050385228,3.8875226609848013,3.8260868155409247,3.944398669283294,4256.410256410256,0.0013657834547246693,2389.62575,0.031,0.32978723404255317,0-0-3530-4,o,51a17262-Audio_SP18.v0,group_0,1,fave,136.20902330292296,77.38195885074063,9,bueno,"",0.06999999999970896,y,.,n,#,n,.,final
376.7695297226659,1390.8052193411893,2044.0029258818147,3.71599338931275,3.9200336883786133,3.3086051302321757,4435.897435897436,0.00003971990719592581,2390.98275,0.025,0.33783783783783783,0-0-3533-1,o,51a17262-Audio_SP18.v0,group_0,1,fave,195.73640174153903,81.71164539788835,9,nos,"",0.0500000000001819,Ya,fuimos,n,s,n,s,internal
564.1523998551478,1427.6696761041214,2946.2434662703236,3.3910111544845085,3.2065333200054282,3.9060311497797104,5512.820512820513,0.0012281403582724084,2391.5087499999995,0.037000000000000005,0.324561403508772,0-0-3535-4,o,51a17262-Audio_SP18.v0,group_0,1,fave,197.64984019477782,79.1108189805057,9,dando,"",0.09000000000014552,fuimos,cuenta,d,#,d,k,final
294.5097474065942,490.5726293076772,1341.8385173509546,3.4721285704257085,3.1642856709526725,3.380448883984968,3179.4871794871797,0.00010531643313336729,2392.99375,0.027000000000000003,0.32142857142857145,0-0-3542-3,o,51a17262-Audio_SP18.v0,group_0,1,fave,186.59910022402929,79.36808432638247,9,algo,"",0.05999999999994543,es,rentable,g,#,g,r,final
425.0520236539815,960.8613660619711,1584.1788829169022,2.8497445092501845,3.8649589073439157,4.367891067636201,4256.410256410256,0.0021552419727247454,2413.96575,0.031,0.32978723404255317,0-0-3551-1,o,51a17262-Audio_SP18.v0,group_0,1,fave,183.6225527854947,79.54596754489054,9,soporte,"",0.07000000000016371,el,de,s,p,s,p,internal
599.9400155753409,1376.0905387735975,2799.845050383726,2.6697000278430103,3.7015674941767687,3.387737567127868,5512.820512820513,0.0029089547894175826,2424.33875,0.057,0.32758620689655177,0-0-3564-8,o,51a17262-Audio_SP18.v0,group_0,1,fave,274.6876480164772,83.94783679754623,9,principio,"",0.15000000000009095,al,porque,i,#,i,p,final
586.3942706206533,1291.9438635140657,2370.970631753067,3.180047371048501,3.5068093040138457,4.594419008518613,4974.358974358975,0.00040508527998965756,2425.0127500000003,0.025,0.33783783783783783,0-0-3566-4,o,51a17262-Audio_SP18.v0,group_0,1,fave,197.1821058101607,80.27467474805695,9,Microworkers,"",0.0500000000001819,porque,tiene,R,o,R,o,internal
378.57235967557926,670.0674986832241,934.1264892339137,3.116964299099752,3.3287893076859896,4.093076978315333,3000.0,0.005419973262153967,2425.0757500000004,0.051000000000000004,0.3311688311688312,0-0-3566-5,o,51a17262-Audio_SP18.v0,group_0,1,fave,193.90812258415207,79.49661139792637,9,Microworkers,"",0.1299999999996544,porque,tiene,o,R,o,R,internal
470.008342772699,1144.1826473502713,1549.4397214373907,2.4457602448237683,3.4462552164724447,4.401543574713096,4794.871794871795,0.006431594902122231,2430.09775,0.055,0.33536585365853655,0-0-3573-5,o,51a17262-Audio_SP18.v0,group_0,1,fave,232.4041183665879,83.35679956682974,9,método,"",0.13999999999987267,Un,de,d,#,d,d,final
481.4754410702893,1254.6221607343841,2845.6086891934597,3.432434181915871,2.942307838560292,4.150729131427516,5333.333333333333,0.002639567427952027,2431.5327500000003,0.045,0.33582089552238803,0-0-3576-4,o,51a17262-Audio_SP18.v0,group_0,1,fave,211.5389841201584,79.85796862780357,9,luego,"",0.10999999999967258,[silence],que,g,#,g,k,final
705.006866305662,1285.6092667952307,2898.993063090245,3.5377825063830914,4.065012138076259,3.6304087677723302,5512.820512820513,0.005412150877664384,2433.2487499999997,0.057,0.32758620689655177,0-0-3582-5,o,51a17262-Audio_SP18.v0,group_0,1,fave,203.57505854914567,75.49600984651997,9,mínimo,"",0.15000000000009095,al,[silence],m,#,m,.,final
512.8136720514563,1333.7842991568841,3030.1237265755653,2.8648019450845323,2.801494782194142,2.37562475891763,5333.333333333333,0.00025645005401735946,2434.7187499999995,0.037,0.32456140350877194,0-0-3585-1,o,51a17262-Audio_SP18.v0,group_0,1,fave,190.45929726587727,81.88382242620638,9,dólares,"",0.09000000000014552,de,para,d,l,d,l,internal
433.01135976720786,1191.5928276137922,1955.803890899057,2.607404329976948,3.9087134949122366,4.3268737803937505,5692.3076923076915,0.0014795504921557578,2442.50575,0.031,0.32978723404255317,0-0-3603-0,o,51a17262-Audio_SP18.v0,group_0,1,fave,201.37087911164622,84.87395026901447,9,o,"",0.07000000000016371,[silence],liberar,#,#,.,l,coextensive
456.7880002830615,1148.8683344686895,2903.3278856858624,3.3815843594787536,3.4683025793449347,3.917986542841814,4974.358974358975,0.0026072375926023354,2445.20275,0.045,0.3358208955223881,0-0-3608-5,o,51a17262-Audio_SP18.v0,group_0,1,fave,204.32499282869605,75.19778987459307,9,físico,"",0.11000000000012733,[silence],[silence],k,#,k,.,final
505.98227191031896,1153.8088235564114,2396.5978623117085,3.058450406536108,3.76518068531183,4.497115850390159,4615.384615384615,0.006537600850212951,2447.96575,0.031,0.32978723404255317,0-0-3615-0,o,51a17262-Audio_SP18.v0,group_0,1,fave,176.46609753917463,82.18075984464474,9,oficinas,"",0.07000000000016371,a,del,#,f,a,f,initial
585.4487396384794,1193.2159072618117,2037.4881812743445,2.371259665878073,4.181430245454141,4.197854783800913,4076.923076923077,0.0016279347024262553,2450.39775,0.035,0.3365384615384616,0-0-3620-3,o,51a17262-Audio_SP18.v0,group_0,1,fave,564.833602479928,78.41820943553763,9,Pero,"",0.07999999999992724,.,[silence],R,#,R,&,final
437.74880782405324,625.6825165146454,1088.5108309689854,2.748348885789268,3.157461556940193,3.4323385701034006,3000.0,0.000697331024464043,2454.39575,0.031,0.32978723404255317,0-0-3626-2,o,51a17262-Audio_SP18.v0,group_0,1,fave,206.4861327422994,82.0629674804401,9,Ipostel,"",0.06999999999970896,.,no,p,s,p,s,internal
449.7481359833907,700.0156959889154,1291.8481416072218,3.565014203601075,3.36291543866166,3.2656637115520835,3000.0,0.0057473608591237565,2463.96575,0.07100000000000001,0.3317757009345795,0-0-3650-7,o,51a17262-Audio_SP18.v0,group_0,1,fave,192.82394973685544,79.19500151313353,9,situación,"",0.19000000000005457,la,del,i,n,i,n,internal
533.2325821222984,2063.881958982591,2844.0076894898834,3.2144576960480293,3.5805935686883497,2.793515373573404,5692.3076923076915,0.0003167342978111828,2467.70375,0.027000000000000003,0.32142857142857145,0-0-3659-2,o,51a17262-Audio_SP18.v0,group_0,1,fave,186.06102534482727,77.25993822464494,9,ellos,"",0.05999999999994543,entonces,pues,L,s,L,s,internal
403.12382004287826,662.0002171917931,876.5919541502153,2.937146546778371,3.253740286973317,3.8715127012628745,3358.974358974359,0.0000285480800710487,2472.40275,0.025,0.33783783783783783,0-0-3672-1,o,51a17262-Audio_SP18.v0,group_0,1,fave,185.01116204582246,81.37828529367823,9,poder,"",0.0500000000001819,para,[silence],p,d,p,d,internal
598.198362155206,1140.0848099428479,2356.5202614650934,3.3143263094160997,3.678074061154047,4.672785356099937,4974.358974358975,0.006776492222028904,2473.3037500000005,0.047,0.3263888888888889,0-0-3674-0,o,51a17262-Audio_SP18.v0,group_0,1,fave,219.42299742873658,76.45066686530615,9,obtener,"",0.11999999999989086,[silence],el,#,b,.,b,initial
604.0927721938007,1121.5089825346865,2201.366180572519,2.763359825806958,4.143811257757214,4.513922208614382,5333.333333333333,0.005411151085149196,2499.2407499999995,0.041,0.3306451612903226,0-0-3684-1,o,51a17262-Audio_SP18.v0,group_0,1,fave,183.55249299669217,81.56860163540959,9,jóvenes,"",0.1000000000003638,son,.,x,b,x,b,internal
415.04924660434796,632.6044526656972,1193.3627632142093,2.9214361543736818,3.0822235472962056,3.319498455328221,3179.4871794871797,0.007732451937274686,2508.70375,0.047,0.3263888888888889,0-0-3697-4,o,51a17262-Audio_SP18.v0,group_0,1,fave,306.6148046572236,83.74936353570126,9,grupos,"",0.12000000000034561,los,[silence],p,s,p,s,internal
523.792540968171,855.7008480691371,1827.4385923687892,3.069209863531563,3.626258971409843,3.935417053439646,4256.410256410256,0.01926181820130561,2556.11575,0.07100000000000001,0.3317757009345795,0-0-3723-4,o,51a17262-Audio_SP18.v0,group_0,1,fave,266.5497280307675,63.86002429775752,9,tengo,"",0.19000000000005457,no,A,g,#,g,a,final
354.79693470785935,877.6085503948246,1349.4382749605772,3.2493890080425496,3.1607333627866745,3.4521159848344154,3179.4871794871797,0.00001007336181375031,2558.44275,0.025,0.33783783783783783,0-0-3734-1,o,51a17262-Audio_SP18.v0,group_0,1,fave,184.34663235162964,80.67119614719357,9,lo,"",0.0500000000001819,hagan,mismo,l,#,l,m,final
599.622444295593,1297.140716696631,2720.01237360259,3.104920772562413,3.5737833253332463,3.8905470413386576,5333.333333333333,0.0007768621108310272,2559.15275,0.065,0.33505154639175255,0-0-3738-2,o,51a17262-Audio_SP18.v0,group_0,1,fave,165.26141232999942,79.34453923063312,9,hecho,"",0.17000000000007276,De,[silence],h,#,h,®,final
663.8690856186148,1211.315083465769,2931.3381393321165,3.3167692442548056,3.1282192854899504,3.311191299432359,5512.820512820513,0.0001250899034069694,2560.20875,0.037000000000000005,0.324561403508772,0-0-3741-6,o,51a17262-Audio_SP18.v0,group_0,1,fave,205.59224847873955,79.98059259939266,9,tratado,"",0.09000000000014552,he,de,d,#,d,d,final
394.40824443132664,803.0255746923636,1397.0594462528536,3.281725241050154,2.709820662780898,2.899169024937954,3000.0,0.0003590590703051494,2562.2207499999995,0.041,0.3306451612903226,0-0-3745-4,o,51a17262-Audio_SP18.v0,group_0,1,fave,197.21361796990016,81.8598169803716,9,promocionar,"",0.1000000000003638,[silence],.,m,z,m,z,internal
531.192831263672,1676.3387252126533,2474.676432494443,3.038266317152671,3.646451070077109,3.911308669991746,5333.333333333333,0.00002571489825489285,2562.45375,0.027000000000000003,0.32142857142857145,0-0-3745-7,o,51a17262-Audio_SP18.v0,group_0,1,fave,184.0620602456467,80.26700792415082,9,promocionar,"",0.05999999999994543,[silence],.,i,n,i,n,internal
556.381041762874,1412.942808958857,2652.8947391121965,3.5069205412543045,3.342852943092606,4.123422670196109,5692.3076923076915,0.003053668039935708,2565.4037500000004,0.047,0.3263888888888889,0-0-3755-3,o,51a17262-Audio_SP18.v0,group_0,1,fave,150.69887393098963,82.14403904228196,9,pero,"",0.11999999999989086,",",como,R,#,R,k,final
365.7628172722172,763.4682284475966,1386.8242805256618,3.109644362773986,3.287384464295902,3.4088991296020694,3358.974358974359,0.0005330245599657934,2565.64875,0.037000000000000005,0.324561403508772,0-0-3756-3,o,51a17262-Audio_SP18.v0,group_0,1,fave,122.16926530986508,80.88000769219788,9,como,"",0.08999999999969077,pero,te,m,#,m,t,final
448.5523091967123,579.4039808077086,1074.4792710119762,3.013991348542994,3.195074067635156,3.487354310966528,3000.0,0.005616353278174239,2566.04575,0.051000000000000004,0.3311688311688312,0-0-3758-3,o,51a17262-Audio_SP18.v0,group_0,1,fave,182.61638717637493,79.93357509344203,9,digo,"",0.13000000000010914,te,",",g,#,g,.,final
575.9082006063338,1135.7819478943113,3008.742683069761,2.996936741090376,3.448553686496265,4.249542983609017,5692.3076923076915,0.003173807170439923,2567.41375,0.047,0.3263888888888889,0-0-3763-5,o,51a17262-Audio_SP18.v0,group_0,1,fave,212.08625252415868,74.46586627950172,9,llamado,"",0.12000000000034561,ha,[silence],d,#,d,.,final
556.3808274580956,1524.5240897442663,2941.294608575734,3.0946940526695217,3.805149499853035,4.214936527924143,5692.3076923076915,0.00005651223841849509,2567.92375,0.027000000000000003,0.32142857142857145,0-0-3765-1,o,51a17262-Audio_SP18.v0,group_0,1,fave,115.09495427209475,79.88094535545005,9,totalmente,"",0.05999999999994543,[silence],la,t,t,t,t,internal
336.8985288914133,1243.6578767455817,2037.6294615615886,2.699979976289482,3.682184007631475,3.7756789500291252,4256.410256410256,0.010105461919552213,2568.7837500000005,0.047,0.3263888888888889,0-0-3767-6,o,51a17262-Audio_SP18.v0,group_0,1,fave,328.62369346194913,83.11183966514608,9,atención,"",0.11999999999989086,la,y,i,n,i,n,internal
547.4170267432856,1304.682115512753,1972.0458547337128,2.5874828884893697,3.6320471956237776,4.189083020984339,4435.897435897436,0.0001501534361093211,2572.09775,0.035,0.3365384615384616,0-0-3776-1,o,51a17262-Audio_SP18.v0,group_0,1,fave,190.84536774211102,82.26077695359285,9,lo,"",0.07999999999992724,pero,han,l,#,l,á,final
531.4888095007975,1116.65106003427,2895.8458657038464,3.062259488435864,3.841426409901695,3.89503925794451,5512.820512820513,0.0002916443878115069,2584.78375,0.027000000000000003,0.32142857142857145,0-0-3786-0,o,51a17262-Audio_SP18.v0,group_0,1,fave,232.0348715851482,80.2399495656827,9,o,"",0.05999999999994543,",",sea,#,#,.,s,coextensive
586.0910116437669,1172.4411123654359,1966.3042650131886,3.8338775659987867,3.4624789840110193,4.2503152875363375,4256.410256410256,0.0017355220114354765,2585.52775,0.035,0.3365384615384616,0-0-3790-1,o,51a17262-Audio_SP18.v0,group_0,1,fave,236.4919105608999,79.89626002780109,9,los,"",0.07999999999992724,en,grupos,l,s,l,s,internal
550.7560330915668,1705.391450889922,3078.831361935649,3.002264477964747,4.0236877074507325,2.779047599021578,5512.820512820513,0.0014927729738033189,2585.9087499999996,0.037000000000000005,0.324561403508772,0-0-3791-4,o,51a17262-Audio_SP18.v0,group_0,1,fave,261.563102483411,59.12328726584824,9,grupos,"",0.09000000000014552,los,sí,p,s,p,s,internal
425.2330335430035,876.317754935774,2511.106788518717,3.0186892434004737,3.2205531783059045,4.691330601354502,6589.74358974359,0.0023047963739871854,2590.4377499999996,0.055,0.33536585365853655,0-0-3802-4,o,51a17262-Audio_SP18.v0,group_0,1,fave,208.66528736847567,82.66711529232398,9,grupos,"",0.14000000000032742,tienen,%%,p,s,p,s,internal
498.46244692487943,858.8666064874519,2900.094518747519,3.085073851554077,3.3692359563361114,3.097384468985754,5512.820512820513,0.0004608820663349602,2592.9237500000004,0.047,0.3263888888888889,0-0-3804-9,o,51a17262-Audio_SP18.v0,group_0,1,fave,169.63267166831514,76.5261724524553,9,específicos,"",0.11999999999989086,%%,[silence],k,s,k,s,internal
339.43360148463194,524.2627311545185,1004.9610405178909,2.9751039465668025,2.7145027142145657,3.2019376778746915,3717.948717948718,0.0002959109104407156,2594.71575,0.031,0.32978723404255317,0-0-3808-4,o,51a17262-Audio_SP18.v0,group_0,1,fave,172.56432691359336,78.65894076825771,9,Microworkers,"",0.07000000000016371,trabajar,",",R,o,R,o,internal
410.56090321540404,585.0112203903233,1201.645625729049,3.0091462587437134,3.096597969718274,4.120664042609319,3897.4358974358975,0.0008806328559793578,2594.78575,0.031,0.32978723404255317,0-0-3808-5,o,51a17262-Audio_SP18.v0,group_0,1,fave,96.97989100452652,80.4636346381499,9,Microworkers,"",0.07000000000016371,trabajar,",",o,R,o,R,internal
536.6567307057604,1093.7808400177107,2630.005792228087,2.953549400794187,3.952199861614786,4.264902478469247,5692.3076923076915,0.011248189086792,2595.40575,0.11100000000000002,0.3323353293413173,0-0-3810-3,o,51a17262-Audio_SP18.v0,group_0,1,fave,181.9942791087385,80.71566359890265,9,pero,"",0.30999999999994543,",",[silence],R,#,R,®,final
369.64088001569945,739.4765647204741,1347.9366726602298,2.3533883542940086,2.591723622167174,2.3779648172797665,3179.4871794871797,0.003057028591133277,2598.13775,0.07500000000000001,0.3348214285714286,0-0-3815-5,o,51a17262-Audio_SP18.v0,group_0,1,fave,385.1812791066412,75.88604731592511,9,estado,"",0.20000000000027285,he,[silence],d,#,d,.,final
559.9565826636652,951.8087655264394,2911.9558185551864,3.031263754315611,2.8424012767159916,3.0240989553233155,5153.846153846154,0.0008145380347532272,2599.5407499999997,0.041,0.3306451612903226,0-0-3820-0,o,51a17262-Audio_SP18.v0,group_0,1,fave,224.92536835571795,79.09554499193138,9,oportunidades,"",0.09999999999990905,dos,",",#,p,s,p,initial
571.8368486193488,1235.7639456859545,2546.4647131766187,2.755934105667343,3.923853842963716,4.110150235380065,5692.3076923076915,0.0044906661221446355,2646.7687499999997,0.057,0.3275862068965517,0-0-3848-3,o,51a17262-Audio_SP18.v0,group_0,1,fave,179.53514962455588,82.3046231595103,9,creo,"",0.15000000000009095,no,.,é,#,é,.,final
480.9224014663942,1668.34073258698,2332.4705257734804,2.5785959854324165,3.403498763759245,4.221023393510794,7307.692307692308,0.0010117868696480432,2649.7407499999995,0.041,0.3306451612903226,0-0-3858-3,o,51a17262-Audio_SP18.v0,group_0,1,fave,234.8587575977425,84.50644706039833,9,sido,"",0.1000000000003638,ha,prácticamente,d,#,d,p,final
678.8202083679047,1166.493513227195,3097.2447215802204,3.7511672010837995,3.42281469946942,4.009594452340039,5512.820512820513,0.003994827287758097,2656.0927500000003,0.045,0.33582089552238803,0-0-3865-3,o,51a17262-Audio_SP18.v0,group_0,1,fave,226.55347969004558,76.91569925899353,9,Como,"",0.10999999999967258,[silence],[silence],m,#,m,.,final
605.0443342622352,1437.4821809975954,2980.096613119665,3.297661351054564,3.357571896416456,3.502609365891197,5333.333333333333,0.0010698491249224531,2656.56575,0.031,0.32978723404255317,0-0-3867-3,o,51a17262-Audio_SP18.v0,group_0,1,fave,233.00297292912617,80.12765886432652,9,como,"",0.06999999999970896,[silence],dije,m,#,m,d,final
530.1615671659198,1112.1246233111312,2611.711225107455,3.125494428395416,3.331178390063878,3.5876307108605108,5333.333333333333,0.0031219909119381975,2660.80775,0.035,0.3365384615384616,0-0-3878-6,o,51a17262-Audio_SP18.v0,group_0,1,fave,274.0314196506022,74.94516805507085,9,trabajos,"",0.07999999999992724,de,[silence],x,s,x,s,internal
409.64516495011407,661.7630157386342,1084.991074595874,3.3245998035896513,3.1447767106823723,3.3088777002457723,3000.0,0.02115249074768254,2662.98275,0.225,0.3338278931750742,0-0-3886-3,o,51a17262-Audio_SP18.v0,group_0,1,fave,212.64060321354455,76.19239597734591,9,pero,"",0.650000000000091,",",[silence],R,#,R,.,final
557.2321957651252,708.9760690664492,1212.906240166438,3.652836408879012,3.338415908746733,3.132697883105956,3000.0,0.005623361609583386,2668.13275,0.065,0.33505154639175255,0-0-3900-4,o,51a17262-Audio_SP18.v0,group_0,1,fave,206.28680270111988,79.09086961734346,9,noción,"",0.17000000000007276,tengo,si,i,n,i,n,internal
525.0981199533023,851.1649409284378,1904.7558301243234,3.0763075143748373,2.661225722250778,4.3335135059110295,3897.4358974358975,0.0030926432524587613,2673.02275,0.045,0.33582089552238803,0-0-3913-0,o,51a17262-Audio_SP18.v0,group_0,1,fave,310.8882449259832,80.94649523610195,9,o,"",0.11000000000012733,[silence],menos,#,#,®,m,coextensive
352.3481837261342,863.5172541393442,1240.9087429985161,1.8686987216019397,3.583047612499567,3.40145331261223,3358.974358974359,0.0021952304343667945,2673.42775,0.055,0.3353658536585366,0-0-3914-3,o,51a17262-Audio_SP18.v0,group_0,1,fave,174.46067618147626,83.57020849293897,9,menos,"",0.13999999999987267,o,.,n,s,n,s,internal
420.5847368648852,785.7386368809007,1239.2106628094718,3.0209271334139096,3.376737106323721,2.989144563426561,3179.4871794871797,0.0004322519055257688,2677.7187499999995,0.037000000000000005,0.324561403508772,0-0-3918-1,o,51a17262-Audio_SP18.v0,group_0,1,fave,202.55832687809502,80.57182309243842,9,Correcto,"",0.09000000000014552,[silence],.,k,r,k,r,internal
504.82224197165345,1361.4283670267978,1771.410128812991,3.1218566291789234,3.7625198473109864,4.521495221699041,4435.897435897436,0.0024989796813607006,2678.3107499999996,0.041,0.3306451612903226,0-0-3918-6,o,51a17262-Audio_SP18.v0,group_0,1,fave,177.84156865368132,78.21986506478676,9,Correcto,"",0.09999999999990905,[silence],.,t,#,t,.,final
557.1115998745299,1415.6349593725247,2759.3015204428825,3.2927966937322966,3.704540772546289,4.230858723853507,5512.820512820513,0.00032281327565284595,2694.29575,0.031,0.32978723404255317,0-0-3929-1,o,51a17262-Audio_SP18.v0,group_0,1,fave,213.36611987957792,82.73050779127509,9,Lo,"",0.06999999999970896,.,único,l,#,l,u,final
594.8227911804535,1259.2194766659654,2743.7370001563254,3.1081331801864533,3.529456099502202,3.9514659021027234,5512.820512820513,0.001769168307980665,2694.6137500000004,0.047,0.3263888888888889,0-0-3930-4,o,51a17262-Audio_SP18.v0,group_0,1,fave,286.71583986357257,78.95318640250531,9,único,"",0.11999999999989086,Lo,que,k,#,k,k,final
517.4104722858615,907.8278311108558,1603.6247536765393,3.8645971822811864,3.3293667012269705,4.345179954221708,4615.384615384615,0.0013074334672175487,2695.65375,0.027000000000000003,0.32142857142857145,0-0-3934-1,o,51a17262-Audio_SP18.v0,group_0,1,fave,240.33863707779588,80.68196380509151,9,comentado,"",0.05999999999994543,habían,en,k,m,k,m,internal
419.20885776086334,1183.1441955734726,2916.8266287993283,3.5510780715519634,3.512671139103862,2.593161962563719,5153.846153846154,0.000960100922161958,2697.00575,0.031,0.32978723404255317,0-0-3938-1,o,51a17262-Audio_SP18.v0,group_0,1,fave,203.98059784723532,73.47489639505594,9,los,"",0.07000000000016371,de,grupos,l,s,l,s,internal
537.9997992183037,1163.0389695438648,2700.4129413003066,3.147190083517063,3.283604013729675,3.3062629048157417,5692.3076923076915,0.002144728591104137,2697.4457500000003,0.051000000000000004,0.3311688311688312,0-0-3939-4,o,51a17262-Audio_SP18.v0,group_0,1,fave,306.12514076908263,74.99712877271006,9,grupos,"",0.13000000000010914,los,[silence],p,s,p,s,internal
555.933891343025,1040.4374535296186,2770.7857182894304,3.313953184569668,3.634960491663032,3.5943499228861615,5692.3076923076915,0.008093130165328007,2700.53775,0.155,0.334051724137931,0-0-3945-5,o,51a17262-Audio_SP18.v0,group_0,1,fave,222.41279752377937,76.23828803763213,9,cambio,"",0.44000000000005457,el,de,i,#,i,d,final
391.90443876898024,689.9880825393525,1132.380572542214,2.9167393972141915,3.4504433866529416,3.765599843402464,3538.4615384615386,0.0038535692697217894,2701.66275,0.045,0.33582089552238803,0-0-3947-0,o,51a17262-Audio_SP18.v0,group_0,1,fave,130.25994768284886,72.75317461787998,9,horario,"",0.11000000000012733,de,en,#,R,e,R,initial
659.1193344347831,1201.6618894577439,2769.3621768671683,3.1571434247339494,3.13557079290746,3.6829987366621775,5333.333333333333,0.001350287727460963,2702.15775,0.095,0.334507042253521,0-0-3947-5,o,51a17262-Audio_SP18.v0,group_0,1,fave,243.03763780275267,78.58694825577845,9,horario,"",0.25999999999976353,de,en,i,#,i,e,final
620.5658423646094,1418.4658716293038,3061.2140833256767,3.2697970329776997,3.6861716118264973,3.416022133184908,5512.820512820513,0.0007619957009429988,2703.14875,0.037000000000000005,0.324561403508772,0-0-3950-4,o,51a17262-Audio_SP18.v0,group_0,1,fave,290.67849714271364,79.41345792833441,9,Unidos,"",0.08999999999969077,Estados,.,d,s,d,s,internal
412.9770062991447,731.942381586684,1156.6629483702382,2.6237905376445627,3.062264078117567,2.871192833663947,3717.948717948718,0.000033457401929939,2705.67375,0.027000000000000003,0.32142857142857145,0-0-3955-1,o,51a17262-Audio_SP18.v0,group_0,1,fave,193.3847824279482,78.84562565755382,9,posible,"",0.05999999999994543,Era,de,p,s,p,s,internal
378.5940306038581,774.3136744541915,1397.8907449420117,2.4916429854974846,2.874491562885868,2.890559042882189,3358.974358974359,0.0005026893096029511,2737.57775,0.055,0.3353658536585366,0-0-3969-3,o,51a17262-Audio_SP18.v0,group_0,1,fave,362.26776955033154,79.92490429646783,9,Esto,"",0.13999999999987267,[silence],para,t,#,t,p,final
481.5723193812506,1287.9274006121752,2966.9373244086023,3.54951412645888,3.4303196110774277,2.757963146073782,5692.3076923076915,0.0006378967324146901,2738.42775,0.035,0.33653846153846156,0-0-3973-3,o,51a17262-Audio_SP18.v0,group_0,1,fave,214.42950939799294,80.16498669890788,9,algo,"",0.07999999999992724,es,temporal,g,#,g,t,final
441.30440437436573,547.6337734064504,1201.8172830197354,3.4145254931861055,2.600159152245851,3.443475592904312,3000.0,0.0028191187542010447,2738.82775,0.035,0.33653846153846156,0-0-3974-4,o,51a17262-Audio_SP18.v0,group_0,1,fave,179.89661560764483,82.57479410119487,9,temporal,"",0.07999999999992724,algo,.,p,R,p,R,internal
301.33323984573906,814.0960195142236,1353.707012912328,4.164829460238332,2.528410316788937,3.4493206078295082,3000.0,0.0005389596541375911,2741.74375,0.027000000000000003,0.32142857142857145,0-0-3980-1,o,51a17262-Audio_SP18.v0,group_0,1,fave,205.50211395809325,79.77780795148271,9,momento,"",0.05999999999994543,el,en,m,m,m,m,internal
547.3414025079134,1360.6213771162702,2830.4322718085973,3.5765374363788593,3.7025435032656904,3.509948761353999,5512.820512820513,0.0010297533211730812,2743.47275,0.045,0.33582089552238803,0-0-3985-1,o,51a17262-Audio_SP18.v0,group_0,1,fave,201.25154483868567,81.27598644253496,9,lo,"",0.11000000000012733,ya,deje,l,#,l,d,final
516.9616804736553,835.3694449991697,1637.738184212905,3.1337236779370468,3.821998659345817,4.369582535573959,4256.410256410256,0.00008334533141940846,2747.32375,0.027000000000000003,0.32142857142857145,0-0-3992-0,o,51a17262-Audio_SP18.v0,group_0,1,fave,190.24184826824208,81.44404984913193,9,o,"",0.05999999999994543,[silence],retomar,#,#,.,r,coextensive
428.8933059356049,842.733983223883,1443.0417119924796,3.5132542229193935,3.633464898022919,3.8317839580385904,3179.4871794871797,0.0009624207427339188,2747.62575,0.031,0.32978723404255317,0-0-3993-3,o,51a17262-Audio_SP18.v0,group_0,1,fave,181.99861016082474,79.51254179954849,9,retomar,"",0.06999999999970896,o,mis,t,m,t,m,internal
400.0158858284486,606.8257420300824,1045.8375797296005,3.3155168341850008,3.417838993363484,3.1210771418015546,3179.4871794871797,0.010068941890577186,2750.96275,0.10500000000000001,0.3343949044585987,0-0-4000-2,o,51a17262-Audio_SP18.v0,group_0,1,fave,206.16344908231994,72.48992873915488,9,veo,"",0.2899999999999636,me,[silence],é,#,é,.,final
518.3682817728559,822.7202990246474,1712.1790298314772,2.8640406686743507,4.230922216306999,3.3180999183484596,4974.358974358975,0.003017038392105628,2758.2137500000003,0.047,0.3263888888888889,0-0-4019-3,o,51a17262-Audio_SP18.v0,group_0,1,fave,271.0925617388074,82.63832601369764,9,caso,"",0.11999999999989086,el,del,s,#,s,d,final
688.252997129614,1252.375049916161,1934.7342874237852,3.7667677330384155,3.545255222826123,3.909562781173346,4256.410256410256,0.00021736738244520156,2759.55375,0.027000000000000003,0.32142857142857145,0-0-4024-1,o,51a17262-Audio_SP18.v0,group_0,1,fave,190.1388877155472,79.18332354107582,9,nos,"",0.05999999999994543,Pues,ayudó,n,s,n,s,internal
567.1868182691221,1573.0480506541471,2942.827818552911,3.418884499548367,3.57684725399473,3.6497583242416045,5512.820512820513,6.066001481653561e-6,2759.9727500000004,0.025,0.33783783783783783,0-0-4025-4,o,51a17262-Audio_SP18.v0,group_0,1,fave,204.46271158845556,83.00603226198649,9,ayudó,"",0.0500000000001819,nos,mucho,d,#,d,m,final
499.7362557642199,1383.6664618945379,2836.9447926129656,3.3278334062416968,3.6258819183590583,3.9817558090440026,5512.820512820513,0.003168498447878092,2760.31875,0.037000000000000005,0.324561403508772,0-0-4026-3,o,51a17262-Audio_SP18.v0,group_0,1,fave,233.11904527131878,79.02886448544767,9,mucho,"",0.08999999999969077,ayudó,porque,h,#,h,p,final
530.1537489721071,1155.6160960492628,1947.5239013499383,3.362561647296709,3.986218271513175,4.080946875282832,4974.358974358975,0.0018037754217319491,2761.89275,0.045,0.3358208955223881,0-0-4031-7,o,51a17262-Audio_SP18.v0,group_0,1,fave,179.4309165132522,80.79797162331556,9,situación,"",0.11000000000012733,la,de,i,n,i,n,internal
331.13851422990496,813.0377603300244,1538.0171789155027,3.1569451815767477,2.6974588142932,4.349616438989462,4794.871794871795,0.0007499354820787209,2763.23775,0.035,0.3365384615384616,0-0-4035-5,o,51a17262-Audio_SP18.v0,group_0,1,fave,301.39356915417903,72.65591248828137,9,tenemos,"",0.08000000000038199,que,.,m,s,m,s,internal
526.7260755282796,838.1166408768502,1392.2086018423702,3.173580683933026,3.193534953475143,3.2619648263426844,3179.4871794871797,0.014975724291145178,2765.2997499999997,0.119,0.33615819209039544,0-0-4038-3,o,51a17262-Audio_SP18.v0,group_0,1,fave,263.3068552706533,74.20107747554387,9,Pero,"",0.330000000000382,[silence],[silence],R,#,R,.,final
520.964062374137,1606.428164634894,2819.0383047686137,2.2214828337615993,2.891630559137162,4.747119102175419,6051.282051282051,0.011590417661830948,2767.6137500000004,0.047,0.3263888888888889,0-0-4044-3,o,51a17262-Audio_SP18.v0,group_0,1,fave,262.5637831261099,80.16943630397202,9,algo,"",0.11999999999989086,es,que,g,#,g,k,final
521.0623462696802,1334.1122083929267,3115.75494778801,3.3010943324408326,3.3515656989912217,3.3789054351770855,6051.282051282051,0.004768284825006444,2776.36775,0.055,0.33536585365853655,0-0-4065-6,o,51a17262-Audio_SP18.v0,group_0,1,fave,217.33955792127676,71.73868339164912,9,cuidado,"",0.13999999999987267,el,que,d,#,d,k,final
444.89252247038837,1319.0531661313037,1751.7001563792437,2.9514815830669128,3.518560227401917,3.9352203873988474,3897.4358974358975,0.000034144913737990074,2779.1127500000002,0.025,0.33783783783783783,0-0-4072-3,o,51a17262-Audio_SP18.v0,group_0,1,fave,195.6745622468849,74.3162587297189,9,caso,"",0.0500000000001819,este,mis,s,#,s,m,final
462.2015042527559,1626.8135394689718,2933.904427261001,3.4019688956228586,3.3459868584757815,2.533123224655662,5512.820512820513,5.495788356495103e-6,2781.5327500000003,0.025,0.33783783783783783,0-0-4078-8,o,51a17262-Audio_SP18.v0,group_0,1,fave,96.44727151728604,74.94292957236938,9,hipertensos,"",0.0500000000001819,son,[silence],s,s,s,s,internal
510.17124426894696,1175.3284761615273,1446.8353166018546,2.645433052461967,3.2320674773043683,4.322386435707836,4256.410256410256,0.0064114441005425175,2783.7777499999997,0.055,0.33536585365853655,0-0-4085-6,o,51a17262-Audio_SP18.v0,group_0,1,fave,177.2222811516127,63.93231095862579,9,cuidado,"",0.13999999999987267,el,[silence],d,#,d,.,final
335.3127361173895,712.997232484612,1211.8789416581922,3.55100378479307,2.844348782837152,3.1464899273240454,3179.4871794871797,0.048194581269795186,2789.22375,0.10700000000000001,0.3302469135802469,0-0-4101-6,o,51a17262-Audio_SP18.v0,group_0,1,fave,372.2037050287741,68.09295783702325,9,embargo,"",0.29999999999972715,Sin,",",g,#,g,.,final
543.4955161865142,1138.954202256177,2926.818600025025,3.3007337919637587,3.6253310769539038,3.9847691988500102,5871.794871794871,0.007702575638885602,2789.90375,0.067,0.32843137254901966,0-0-4104-3,o,51a17262-Audio_SP18.v0,group_0,1,fave,288.9113492805528,77.20074600137168,9,algo,"",0.18000000000029104,es,que,g,#,g,k,final
805.7691568255584,1268.7964279740709,3056.431153321341,3.430635805076001,3.730633150119502,3.824063456831452,5333.333333333333,0.0010527801860649231,2790.49275,0.045,0.33582089552238803,0-0-4107-1,o,51a17262-Audio_SP18.v0,group_0,1,fave,201.7599601311055,78.20561529263739,9,lo,"",0.11000000000012733,en,personal,l,#,l,p,final
471.54888501838707,1157.6985944207813,1872.7482569450092,3.7766847282445695,3.92943854832463,4.02335156829011,4076.923076923077,0.0015307358964871316,2790.89875,0.037,0.32456140350877194,0-0-4108-4,o,51a17262-Audio_SP18.v0,group_0,1,fave,189.163946942474,76.51345559190568,9,personal,"",0.08999999999969077,lo,.,s,n,s,n,internal
518.5775047764622,1141.1053298591364,3003.056608990237,2.861902151134572,3.332011160918899,3.916398986195374,6410.25641025641,0.0052520281864932225,2795.7707499999997,0.08099999999999999,0.3319672131147541,0-0-4117-3,o,51a17262-Audio_SP18.v0,group_0,1,fave,199.0933596649075,75.10378731952261,9,todo,"",0.2199999999997999,del,.,d,#,d,®,final
466.39346654072017,1323.6931927023434,3027.30738650064,3.4115854762942406,3.578359886472935,2.783610187339911,5692.3076923076915,0.00938198349566285,2797.6907499999998,0.061000000000000006,0.3315217391304348,0-0-4121-5,o,51a17262-Audio_SP18.v0,group_0,1,fave,201.26271575449388,67.34840952087116,9,cuando,"",0.16000000000030923,Porque,tienes,d,#,d,t,final
376.56401162177,625.6596040310882,1114.7258062461165,2.6981983197777653,3.4170541415084923,3.220081832701268,3179.4871794871797,0.005304753508693986,2799.7207500000004,0.101,0.3322368421052631,0-0-4124-3,o,51a17262-Audio_SP18.v0,group_0,1,fave,174.61615371374677,76.19735138344988,9,algo,"",0.27999999999974534,[silence],[silence],g,#,g,.,final
568.9220457039991,1488.6641310340094,2957.4241892170226,2.9494321454289314,3.4465100335625882,4.938481211710568,7666.666666666666,0.00008561920098632068,2801.5727500000003,0.025,0.33783783783783783,0-0-4126-8,o,51a17262-Audio_SP18.v0,group_0,1,fave,258.8352930399494,85.35678289284444,9,enmarcado,"",0.0500000000001819,[silence],en,d,#,d,e,final
663.0123036790623,1590.5799140200256,2857.0532319465683,3.4707039934303654,3.724080190425859,4.173513937477282,5692.3076923076915,0.00017781522660151295,2803.35375,0.027000000000000003,0.32142857142857145,0-0-4132-4,o,51a17262-Audio_SP18.v0,group_0,1,fave,215.7221879242754,79.7503759570007,9,pasión,"",0.05999999999994543,una,por,i,n,i,n,internal
452.3558485864604,525.7350877896143,1005.560617990035,3.35393520332027,2.6132440741105016,3.1495027251712773,3358.974358974359,0.0027078207005932203,2804.19775,0.095,0.334507042253521,0-0-4134-3,o,51a17262-Audio_SP18.v0,group_0,1,fave,177.64905799911585,77.97813135627533,9,algo,"",0.25999999999976353,por,",",g,#,g,®,final
520.3442621210768,1637.623738848495,2985.213696212518,3.2665518326271146,3.2586253214192,3.058351581440903,5512.820512820513,0.0007513724395469841,2805.64375,0.047,0.3263888888888889,0-0-4139-3,o,51a17262-Audio_SP18.v0,group_0,1,fave,210.28014550491898,81.30056428813774,9,caso,"",0.11999999999989086,el,de,s,#,s,d,final
481.16496187145776,1201.369121464156,2381.9252358928375,2.7459577130253643,3.287681090144168,4.525229956737275,5692.3076923076915,0.0012133053463151298,2809.1187499999996,0.037,0.32456140350877194,0-0-4147-3,o,51a17262-Audio_SP18.v0,group_0,1,fave,244.04794552969264,84.12286309465134,9,Esto,"",0.09000000000014552,[silence],no,t,#,t,n,final
463.63828270967474,699.2399324454626,1194.5632852545095,2.6959199210290943,3.480158414873213,3.704505933147246,3358.974358974359,0.00028536526855750923,2810.73375,0.027000000000000003,0.32142857142857145,0-0-4154-1,o,51a17262-Audio_SP18.v0,group_0,1,fave,211.94086140450176,78.80827243889127,9,computadora,"",0.06000000000040018,una,no,k,m,k,m,internal
522.6508343411438,1364.8993711461655,2548.9561246004173,3.198379755970813,4.142798193686751,4.51329889547613,5512.820512820513,0.00876615095030406,2813.1357500000004,0.051000000000000004,0.3311688311688312,0-0-4159-1,o,51a17262-Audio_SP18.v0,group_0,1,fave,298.4427851002185,76.4278129796462,9,totalmente,"",0.1299999999996544,[silence],[silence],t,t,t,t,internal
497.11265636147743,745.283193982483,1263.6171521512738,3.023005553942792,3.3719372476124985,4.115138760327351,3717.948717948718,0.011419544621320544,2814.67775,0.055,0.33536585365853655,0-0-4161-3,o,51a17262-Audio_SP18.v0,group_0,1,fave,217.6720879699769,69.50324903201815,9,sólo,"",0.13999999999987267,[silence],que,l,#,l,k,final
440.67446176796943,1198.9703634811617,2628.04011529928,3.3560830188900614,3.309312744296311,4.547189521704808,6589.74358974359,0.014895450123389825,2815.19375,0.067,0.32843137254901966,0-0-4163-4,o,51a17262-Audio_SP18.v0,group_0,1,fave,299.22505197961874,78.15864690690427,9,bueno,"",0.18000000000029104,que,tengo,n,#,n,t,final
349.54504264286726,593.0487660945512,1141.6131541063241,3.0968574121691956,3.435457287158185,2.9174300861983444,3000.0,0.00032520422585171965,2815.55375,0.027000000000000003,0.32142857142857145,0-0-4164-4,o,51a17262-Audio_SP18.v0,group_0,1,fave,170.80857675902064,76.20769956028907,9,tengo,"",0.05999999999994543,bueno,que,g,#,g,k,final
482.19730859723273,1269.9792717234427,1902.3763515491935,2.014578805799203,3.6060665562386323,2.255436008501049,4615.384615384615,7.669470763465383e-6,2819.73375,0.027000000000000003,0.32142857142857145,0-0-4174-3,o,51a17262-Audio_SP18.v0,group_0,1,fave,236.34999979315387,85.66567545125942,9,pero,"",0.06000000000040018,[silence],llegará,R,#,R,L,final
489.8887423395872,1376.883208973841,2917.0388338399703,2.726098069754824,3.2080137843859338,3.2834999749600846,5333.333333333333,0.000054710799794102857,2820.56775,0.035,0.3365384615384616,0-0-4177-6,o,51a17262-Audio_SP18.v0,group_0,1,fave,224.94845934366379,80.84545222411286,9,momento,"",0.07999999999992724,el,[silence],t,#,t,.,final
490.0195158439152,1242.7136266381979,2876.3828933075465,2.8999663735969325,2.8970026492704313,3.367239668709301,5512.820512820513,0.0002393532645110631,2822.65775,0.035,0.33653846153846156,0-0-4184-6,o,51a17262-Audio_SP18.v0,group_0,1,fave,253.09729558318878,80.72292227220879,9,dejarlo,"",0.07999999999992724,[silence],.,l,#,l,.,final
436.376115943164,1060.7039797625062,1821.175193220892,2.325205294549519,2.892849908630941,4.325759989180579,4256.410256410256,0.00010775721445922211,2824.62375,0.027000000000000003,0.32142857142857145,0-0-4190-1,o,51a17262-Audio_SP18.v0,group_0,1,fave,212.66424019238937,83.7783874854624,9,volver,"",0.05999999999994543,Y,a,b,l,b,l,internal
495.65348289994574,1761.2032107069456,2974.8392719007475,2.9847712834617632,3.2933382150383097,3.1576776102891304,6230.7692307692305,0.0010477920754809818,2848.9807499999997,0.041,0.3306451612903226,0-0-4210-8,o,51a17262-Audio_SP18.v0,group_0,1,fave,320.3754153809802,81.31642384395559,9,principio,"",0.09999999999990905,al,fue,i,#,i,f,final
487.88012128475106,1151.283086433758,3347.016330242299,3.0443748045750167,3.712874310089434,4.23210416648947,7128.205128205128,0.020040146844196194,2867.0157499999996,0.091,0.3321167883211679,0-0-4232-3,o,51a17262-Audio_SP18.v0,group_0,1,fave,173.25412353638956,72.0038360153604,9,gozo,"",0.25,da,",",z,#,z,.,final
523.1462393775913,1342.639595343034,1829.874692210845,3.1056198238733814,3.339185641305432,4.4623748616165715,4256.410256410256,0.000018075290233817206,2876.8227500000003,0.025,0.33783783783783783,0-0-4270-1,o,51a17262-Audio_SP18.v0,group_0,1,fave,202.87002373622175,81.449068911554,9,lo,"",0.0500000000001819,me,coloca,l,#,l,k,final
394.96299678044994,602.6437284913633,934.8988314248588,2.943553577373508,3.40825802989647,3.29144706040285,3179.4871794871797,0.018632892594952762,2878.86875,0.177,0.33146067415730335,0-0-4274-0,o,51a17262-Audio_SP18.v0,group_0,1,fave,206.99440367376647,74.01703489811703,9,o,"",0.5099999999997635,",",qué,#,#,®,k,coextensive
520.1087662262556,747.3629418073435,1213.913045396322,3.053222390056015,3.1056202236783967,3.796471463858322,3000.0,0.008163636961091323,2881.7707499999997,0.08099999999999999,0.3319672131147541,0-0-4280-3,o,51a17262-Audio_SP18.v0,group_0,1,fave,267.3720550325932,66.4581210035321,9,cómo,"",0.2199999999997999,que,cómo,m,#,m,k,final
442.6208221181391,694.4714471851424,1425.9106247738202,2.0151833841917197,3.2754783503597853,3.986179405439739,3538.4615384615386,0.0019290675970792398,2882.47275,0.045,0.33582089552238803,0-0-4282-2,o,51a17262-Audio_SP18.v0,group_0,1,fave,220.00714999793234,83.49381243650596,9,hago,"",0.11000000000012733,cómo,esto,g,#,g,é,final
556.8623348369366,1426.106357796304,2910.2567017466213,3.310649655091587,3.329380568598196,3.032003226839709,5153.846153846154,0.0003949253869535968,2882.85875,0.037000000000000005,0.324561403508772,0-0-4283-3,o,51a17262-Audio_SP18.v0,group_0,1,fave,216.24539679535079,77.29968389309875,9,esto,"",0.08999999999969077,hago,[silence],t,#,t,.,final
485.9555016158697,1422.5351944857186,2043.7253177129598,2.766862797660489,3.725190268675474,4.7101270622700735,5871.794871794871,0.003966441345325665,2883.62875,0.037000000000000005,0.324561403508772,0-0-4286-6,o,51a17262-Audio_SP18.v0,group_0,1,fave,238.8615151548622,80.65662517594505,9,contigo,"",0.08999999999969077,es,misma,g,#,g,m,final
478.32809769748707,966.8776824651421,3004.1750847371804,2.2982171212064557,3.6930301950878497,3.096571286349016,5512.820512820513,0.002465149146738293,2885.5527500000003,0.08499999999999999,0.33464566929133854,0-0-4291-6,o,51a17262-Audio_SP18.v0,group_0,1,fave,436.3937724579379,73.41620693926893,9,contigo,"",0.22999999999956344,continuo,[silence],g,#,g,®,final
363.25010697064073,653.900159440912,1188.9189434982356,3.691574291372177,2.755966592025874,3.209015572777615,3179.4871794871797,0.007173564756466518,2887.98375,0.10700000000000001,0.3302469135802469,0-0-4296-3,o,51a17262-Audio_SP18.v0,group_0,1,fave,306.55361864746766,76.65582009245082,9,algo,"",0.3000000000001819,es,que,g,#,g,k,final
468.8623279080266,1174.5654464025179,2674.4006701453714,3.680606186705338,4.254004725204052,4.289056099355534,6051.282051282051,0.0010631087606314477,2893.15375,0.027000000000000003,0.32142857142857145,0-0-4306-1,o,51a17262-Audio_SP18.v0,group_0,1,fave,220.1960964095981,80.6734219090721,9,consume,"",0.05999999999994543,te,mucho,k,n,k,n,internal
509.3432228744261,715.1918693989692,1565.356152672877,3.0738007793630198,2.996822567593796,3.4708432353765155,3358.974358974359,0.006286316336356222,2893.83775,0.035,0.3365384615384616,0-0-4307-3,o,51a17262-Audio_SP18.v0,group_0,1,fave,259.46293326481725,82.07390167722303,9,mucho,"",0.07999999999992724,consume,tiempo,h,#,h,t,final
437.2283792267031,695.7385646470467,1144.3980457325576,3.167543994755693,3.439011755349631,3.5242376480066415,3358.974358974359,0.0329428877948686,2894.3707499999996,0.08100000000000002,0.3319672131147542,0-0-4308-5,o,51a17262-Audio_SP18.v0,group_0,1,fave,556.9692902732871,67.27024238556787,9,tiempo,"",0.22000000000025466,mucho,[silence],p,#,p,.,final
292.84801063656954,872.3254611597265,1496.4100914210817,1.7908255252465326,2.4493036016308114,3.611717441004389,3717.948717948718,0.003597997879062589,2899.2887499999997,0.07700000000000001,0.3290598290598291,0-0-4317-6,o,51a17262-Audio_SP18.v0,group_0,1,fave,304.829275916436,79.69859000070738,9,entorno,"",0.21000000000003638,tu,",",n,#,n,.,final
335.7665920175664,563.4404062071245,1080.5013829818472,3.234447941416749,2.4549325754407993,3.8490386641480168,3717.948717948718,0.00002765448600201513,2902.94275,0.025,0.33783783783783783,0-0-4327-1,o,51a17262-Audio_SP18.v0,group_0,1,fave,177.24719011421197,75.1585424585456,9,poder,"",0.0500000000001819,para,[silence],p,d,p,d,internal
439.6025931546948,1479.1946892914907,2926.579094501253,3.2009234426243216,3.79332239710704,3.272018081287295,6051.282051282051,0.0008861129125697384,2906.86575,0.031,0.32978723404255317,0-0-4334-1,o,51a17262-Audio_SP18.v0,group_0,1,fave,187.84873301110764,81.18074354621513,9,los,"",0.07000000000016371,de,tuyos,l,s,l,s,internal
518.7151291887643,1071.8797820818238,1885.053144177745,2.559870815143274,4.314392910802257,4.614073930109125,4256.410256410256,0.0011608003126015887,2907.3687499999996,0.037000000000000005,0.324561403508772,0-0-4335-3,o,51a17262-Audio_SP18.v0,group_0,1,fave,270.6472503718035,78.18430422858901,9,tuyos,"",0.09000000000014552,los,",",y,s,y,s,internal
513.3175321576817,1438.3523384057764,2977.3331807697773,3.744832120531422,3.8021319484432983,2.666820295455475,5512.820512820513,0.00017204605705632773,2907.66375,0.027000000000000003,0.32142857142857145,0-0-4338-1,o,51a17262-Audio_SP18.v0,group_0,1,fave,193.07193304549133,79.19087711903916,9,los,"",0.05999999999994543,de,que,l,s,l,s,internal
698.5644360506685,1387.6868360443684,3048.1053876914184,3.177688966947922,3.511729728735853,3.0739022264514206,5333.333333333333,0.006176463683684293,2909.67275,0.065,0.33505154639175255,0-0-4346-3,o,51a17262-Audio_SP18.v0,group_0,1,fave,275.25463480495785,78.15856994766092,9,esto,"",0.17000000000007276,no,[silence],t,#,t,®,final
284.3022686826012,800.0920329852526,1356.1576879585293,3.156252098693521,2.1596741186826587,3.3720239462649237,4256.410256410256,0.000017641381047172876,2913.45375,0.027000000000000003,0.32142857142857145,0-0-4357-1,o,51a17262-Audio_SP18.v0,group_0,1,fave,270.4200667242323,83.51620556418595,9,momento,"",0.05999999999994543,un,en,m,m,m,m,internal
544.445297482161,1407.813631444447,2986.683453776326,2.394258835357747,2.87153309153106,3.959164601628363,5692.3076923076915,0.000058675455905330824,2913.8137500000003,0.027000000000000003,0.32142857142857145,0-0-4357-6,o,51a17262-Audio_SP18.v0,group_0,1,fave,261.7325714164387,82.97864651383226,9,momento,"",0.05999999999994543,un,en,t,#,t,e,final
511.69276486046675,1074.27122145416,2492.0353316029996,3.0158136759856595,4.065700345812405,4.457197779948892,5512.820512820513,0.00019463043696512882,2919.12375,0.027000000000000003,0.32142857142857145,0-0-4371-1,o,51a17262-Audio_SP18.v0,group_0,1,fave,105.92953135786641,79.62480327716929,9,computador,"",0.05999999999994543,un,y,k,m,k,m,internal
523.6936196139301,1490.0069961027161,2742.188772664171,2.7681925726473207,3.603512267623332,4.364614489773345,6051.282051282051,0.00005283868953952019,2926.67275,0.025,0.33783783783783783,0-0-4391-0,o,51a17262-Audio_SP18.v0,group_0,1,fave,469.5772245541875,84.5925402878238,9,obviamente,"",0.0500000000001819,[silence],no,#,b,.,b,initial
271.4370527344632,754.3173270502384,1427.577899595279,3.5183988653489204,2.7749905191337834,3.6838691823582566,3179.4871794871797,0.0013909181940099274,2927.64875,0.037000000000000005,0.324561403508772,0-0-4393-5,o,51a17262-Audio_SP18.v0,group_0,1,fave,242.89125686556505,80.27713927950782,9,podemos,"",0.08999999999969077,no,[silence],m,s,m,s,internal
434.0028423964487,826.2870890968,1223.7682625080122,2.8822691394012363,3.050164284933953,3.6030724655892707,4076.923076923077,0.0003290425408779053,2928.70375,0.027000000000000003,0.32142857142857145,0-0-4395-3,o,51a17262-Audio_SP18.v0,group_0,1,fave,202.78124306351788,82.17037127050777,9,exponernos,"",0.05999999999994543,[silence],[silence],p,n,p,n,internal
535.6761325979589,1160.5846587278747,1895.6233030565525,4.128616288422346,3.5848507953047877,4.442565911930897,5333.333333333333,0.02071614873666236,2929.1407499999996,0.041,0.3306451612903226,0-0-4395-8,o,51a17262-Audio_SP18.v0,group_0,1,fave,244.24236444406552,81.26358733399783,9,exponernos,"",0.09999999999990905,[silence],[silence],n,s,n,s,internal
492.454226323976,1153.7298911221933,3052.8744106241425,2.9945113300715835,3.5791290232831576,3.040767688031519,5692.3076923076915,0.006440122886122269,2932.95475,0.149,0.33558558558558554,0-0-4406-3,o,51a17262-Audio_SP18.v0,group_0,1,fave,325.16355507369815,77.8218178717923,9,Pero,"",0.42000000000007276,[silence],[silence],R,#,R,.,final
456.10533146315714,919.2813905128301,2540.328434970829,2.331499427912681,2.60331258511042,4.943300870649155,5333.333333333333,0.008739604199697581,2933.8087499999997,0.037,0.32456140350877194,0-0-4408-1,o,51a17262-Audio_SP18.v0,group_0,1,fave,219.0137729631992,82.6305136516346,9,podemos,"",0.09000000000014552,[silence],relacionarnos,p,d,p,d,internal
389.1680749258348,1352.5487896153834,1963.630232231766,3.2457257996487527,3.19206691677432,3.8943900745764912,4435.897435897436,0.00005333665696223061,2934.8227500000003,0.025,0.33783783783783783,0-0-4409-11,o,51a17262-Audio_SP18.v0,group_0,1,fave,207.46413185069937,78.68141361587988,9,relacionarnos,"",0.0500000000001819,podemos,podemos,n,s,n,s,internal
542.3421275372509,894.0654872806955,1934.6751497658615,2.7069103599652777,3.3499149770344188,3.9083722815769426,4256.410256410256,0.00010488494687496553,2938.61775,0.035,0.3365384615384616,0-0-4418-3,o,51a17262-Audio_SP18.v0,group_0,1,fave,281.22496975659715,81.31569294254153,9,tipo,"",0.07999999999992724,Este,de,p,#,p,d,final
570.0024640439347,863.9335420818082,1195.5572922292818,3.5143187181419004,3.3054956350349567,3.6046353459456912,3538.4615384615386,0.04350820370032142,2939.48075,0.121,0.3324175824175823,0-0-4420-6,o,51a17262-Audio_SP18.v0,group_0,1,fave,299.17099760618356,72.5144193162136,9,trabajo,"",0.3400000000001455,de,[silence],x,#,x,.,final
460.2874660549664,966.9376696200212,1794.3426733054646,2.973774557016433,3.2550286776050394,3.7784203517535686,4256.410256410256,0.007353964849985781,2949.95875,0.07700000000000001,0.3290598290598291,0-0-4442-0,o,51a17262-Audio_SP18.v0,group_0,1,fave,287.89635652293435,80.47965967269238,9,o,"",0.21000000000003638,[silence],no,#,#,.,n,coextensive
502.9042704508524,1269.3323032949127,1915.929117865028,2.83740704176892,3.2906473668996132,4.744799578313868,4615.384615384615,0.0046022176982576735,2950.4407499999998,0.041,0.3306451612903226,0-0-4445-1,o,51a17262-Audio_SP18.v0,group_0,1,fave,217.1068863777289,83.07832434670986,9,logrado,"",0.09999999999990905,he,tal,l,g,l,g,internal
469.9711178455313,1298.9166412503748,2031.186548161114,2.280231509046204,4.121192746344618,4.3813202854036195,4615.384615384615,0.00005491360448587398,2950.92275,0.025,0.33783783783783783,0-0-4445-6,o,51a17262-Audio_SP18.v0,group_0,1,fave,223.38595631059792,83.93034903710851,9,logrado,"",0.0500000000001819,he,tal,d,#,d,t,final
457.664181168058,731.0246977569113,1199.3994869239139,2.5278712228918248,3.338011802691038,3.725983743051142,3358.974358974359,0.008489763957685272,2951.8607500000003,0.101,0.3322368421052631,0-0-4448-0,o,51a17262-Audio_SP18.v0,group_0,1,fave,216.75377768336185,81.32121010328382,9,o,"",0.2800000000002001,cosa,no,#,#,a,n,coextensive
462.866500443587,804.3257645180363,1848.9373187075607,3.6021739170437774,3.8612533601052488,4.381763816804261,4076.923076923077,0.00039400948957022715,2953.98275,0.025,0.33783783783783783,0-0-4455-1,o,51a17262-Audio_SP18.v0,group_0,1,fave,206.3215406072452,78.34263470006864,9,molestas,"",0.0500000000001819,Te,porque,m,l,m,l,internal
474.5993942266068,1425.8997644116994,3178.09079052897,2.4008007352548257,3.5702534491930265,3.7698582476877043,6410.25641025641,0.00003661731464856804,2956.2227500000004,0.025,0.33783783783783783,0-0-4460-10,o,51a17262-Audio_SP18.v0,group_0,1,fave,227.90692279715742,85.01098715199493,9,dependiendo,"",0.0500000000001819,%%,de,d,#,d,d,final
583.3915223216596,1159.6884970086605,1826.6020946922588,3.8649428613260897,3.239951432269154,4.070478134578518,4435.897435897436,0.006529484797196428,2960.1807499999995,0.041,0.3306451612903226,0-0-4473-7,o,51a17262-Audio_SP18.v0,group_0,1,fave,237.31335989779384,77.19528802523536,9,muchísimo,"",0.1000000000003638,influye,que,m,#,m,k,final
411.2554614415499,518.5328151528282,1286.7991110091189,3.9681148492828413,2.23452088858013,3.3478188693613435,3000.0,0.00007053755859090144,2961.13375,0.027000000000000003,0.32142857142857145,0-0-4478-3,o,51a17262-Audio_SP18.v0,group_0,1,fave,173.22482693026495,83.95760511708957,9,cayó,"",0.05999999999994543,[silence],la,y,#,y,l,final
667.5016682912461,1252.1550348302678,1790.9270377944288,2.8089172776974163,2.8054436982841655,4.379184703370045,4256.410256410256,0.00065566904159825,2961.83075,0.061000000000000006,0.3315217391304348,0-0-4480-7,o,51a17262-Audio_SP18.v0,group_0,1,fave,226.9477675039948,80.69798145942609,9,conexión,"",0.15999999999985448,la,[silence],i,n,i,n,internal
579.1276368365732,1069.4126423353125,3190.4395318492448,3.2376398352151567,3.386109657514867,2.6207385721062617,5333.333333333333,7.3602436992751905e-6,2965.67275,0.025,0.33783783783783783,0-0-4492-3,o,51a17262-Audio_SP18.v0,group_0,1,fave,294.8578713586932,79.6137310519747,9,tipo,"",0.0500000000001819,este,de,p,#,p,d,final
490.85638552493594,1157.8841419316143,2024.0716372903025,2.966443267532449,3.2851053446559315,4.533258817663267,4794.871794871795,0.032339217459438546,2967.1987499999996,0.07700000000000001,0.3290598290598291,0-0-4497-7,o,51a17262-Audio_SP18.v0,group_0,1,fave,163.62522643291217,70.89807913138395,9,cargando,"",0.21000000000003638,van,[silence],d,#,d,.,final
319.6767666955538,575.1929380131462,1458.4771997068476,3.1379407960303003,2.7943877775374344,3.0377585013054667,3358.974358974359,0.02646462390765652,2968.41775,0.07500000000000001,0.3348214285714286,0-0-4501-7,o,51a17262-Audio_SP18.v0,group_0,1,fave,306.8335473373426,74.99521107288395,9,cargando,"",0.1999999999998181,van,y,d,#,d,i,final
463.15715597802006,756.0409806265822,1468.243926027414,3.1159248470290986,3.745675651137508,4.1061246644962015,3538.4615384615386,0.0031237788709053125,2971.48375,0.027000000000000003,0.32142857142857145,0-0-4509-1,o,51a17262-Audio_SP18.v0,group_0,1,fave,235.35271947445116,82.09737295303596,9,Comunicarlo,"",0.06000000000040018,[silence],a,k,m,k,m,internal
600.7699796565735,1237.8601486997416,2899.004190628568,3.5905836114158323,4.033507534524389,4.143392192526464,5512.820512820513,0.0027718381682992296,2972.34075,0.041,0.3306451612903226,0-0-4511-1,o,51a17262-Audio_SP18.v0,group_0,1,fave,272.09638656639765,81.98747566321502,9,los,"",0.09999999999990905,a,demás,l,s,l,s,internal
515.5583278862734,1784.9023249293325,3028.4969344084448,2.874684054291315,4.01236605590377,3.597662083053197,5512.820512820513,0.00006614092518787895,2976.40275,0.025,0.33783783783783783,0-0-4524-3,o,51a17262-Audio_SP18.v0,group_0,1,fave,247.77700102852882,84.26050790034452,9,esto,"",0.0500000000001819,%%,no,t,#,t,n,final
534.9903840332612,977.2055156834465,1530.3050530720661,3.1307309663628087,3.77457430508135,4.36944022298745,4435.897435897436,0.008613426025729837,2979.01575,0.051000000000000004,0.3311688311688312,0-0-4533-3,o,51a17262-Audio_SP18.v0,group_0,1,fave,273.94142882254425,79.33308710787566,9,algo,"",0.13000000000010914,sea,[silence],g,#,g,®,final
363.5692126342439,664.5368450853009,1294.3012984017753,4.0708524219762845,3.545126787942198,3.509816831494119,3179.4871794871797,0.0033358998784078723,2979.8907499999996,0.041,0.3306451612903226,0-0-4536-1,o,51a17262-Audio_SP18.v0,group_0,1,fave,212.3454862234551,78.81964459426189,9,lo,"",0.09999999999990905,con,que,l,#,l,k,final
372.432667914269,601.6052343734647,1146.8813207816277,3.3552192713807103,3.265290105660635,2.8823442393199015,3538.4615384615386,0.00030575252779901474,2989.73775,0.035,0.33653846153846156,0-0-4545-1,o,51a17262-Audio_SP18.v0,group_0,1,fave,185.98977108677428,78.88855424101308,9,Correcto,"",0.08000000000038199,[silence],.,k,r,k,r,internal
363.59364140826324,857.2734371440037,1697.5710175150962,3.1007592920963356,3.9204698094838775,3.698634463701553,4435.897435897436,0.002306028570248324,2990.3507499999996,0.041,0.3306451612903226,0-0-4545-6,o,51a17262-Audio_SP18.v0,group_0,1,fave,181.8250998280627,76.47804115334506,9,Correcto,"",0.09999999999990905,[silence],.,t,#,t,.,final
327.8408223918425,770.2058916513594,1260.9321092292964,2.1035323244166255,3.0640045653938524,2.9261773729082434,3538.4615384615386,5.016243128989667e-6,3016.50275,0.025,0.33783783783783783,0-0-4553-2,o,51a17262-Audio_SP18.v0,group_0,1,fave,320.9506513646693,84.12283676079457,9,hecho,"",0.0500000000001819,el,de,h,#,h,d,final
435.23215537580785,718.1764277025939,1323.9619160487332,3.262973479745911,3.4282875951636953,3.409377601929984,3000.0,0.009887562087496296,3020.43575,0.051000000000000004,0.3311688311688312,0-0-4563-4,o,51a17262-Audio_SP18.v0,group_0,1,fave,210.34858083089753,80.39920064153532,9,opción,"",0.13000000000010914,una,",",i,n,i,n,internal
360.70332751654774,664.5565215963908,1322.2200034451243,3.172909863273855,3.291170209127333,3.1877403094493446,3358.974358974359,0.00023307228956611194,3021.66575,0.031,0.32978723404255317,0-0-4566-4,o,51a17262-Audio_SP18.v0,group_0,1,fave,191.05756902361205,77.40753735693919,9,opción,"",0.06999999999970896,una,que,i,n,i,n,internal
351.58064880120685,659.4488133761837,1234.3873478770288,3.2113271297975396,2.9418870762731197,2.7495853487835222,3179.4871794871797,0.0035350412839513217,3025.73875,0.057,0.32758620689655177,0-0-4574-6,o,51a17262-Audio_SP18.v0,group_0,1,fave,322.00386587399964,79.50131875349071,9,ingreso,"",0.15000000000009095,algún,con,s,#,s,k,final
406.34054823835316,917.6085235596862,2182.060518479599,3.043666560103122,3.3583536786089017,4.572140680269822,4615.384615384615,0.004525677551451131,3034.3057500000004,0.051000000000000004,0.3311688311688312,0-0-4589-4,o,51a17262-Audio_SP18.v0,group_0,1,fave,183.83940390318,83.47399655012697,9,Bueno,"",0.1299999999996544,[silence],",",n,#,n,.,final
564.4225544677035,1924.3794705484515,2914.0902593700484,2.7144757575585516,3.539929652485809,4.080357996845098,5333.333333333333,0.00002128940326614871,3035.4927500000003,0.025,0.33783783783783783,0-0-4595-1,o,51a17262-Audio_SP18.v0,group_0,1,fave,272.3817881911965,82.4286925247,9,lo,"",0.0500000000001819,",",que,l,#,l,k,final
545.9707193613843,1017.187947279876,2893.9000691760466,3.256695377895321,3.4175794916138225,4.3171716596432725,6589.74358974359,0.002446052420380102,3042.45275,0.045,0.3358208955223881,0-0-4617-4,o,51a17262-Audio_SP18.v0,group_0,1,fave,198.44120800739495,79.89697442396951,9,Microworkers,"",0.11000000000012733,de,a,R,o,R,o,internal
390.72010764510776,775.0305443022362,1414.133957076445,2.3250256947532977,2.6061852011309545,4.528885953092013,4435.897435897436,0.001711369106308173,3042.5587499999997,0.037000000000000005,0.324561403508772,0-0-4617-5,o,51a17262-Audio_SP18.v0,group_0,1,fave,201.7462534621602,81.79023055385966,9,Microworkers,"",0.09000000000014552,de,a,o,R,o,R,internal
458.2412986399484,1308.5983732673526,2289.118825151137,2.326479637836124,4.014939698978337,4.437427349733301,4435.897435897436,0.0006140340402213667,3045.8337500000002,0.027000000000000003,0.32142857142857145,0-0-4624-10,o,51a17262-Audio_SP18.v0,group_0,1,fave,422.64291196651374,83.13350968981658,9,comunicación,"",0.05999999999994543,la,con,i,n,i,n,internal
449.1256216641243,1224.4324213509915,2887.161966577429,3.1274640762366084,3.5983172844271025,4.473851854224243,6230.7692307692305,0.016944451861943544,3046.2837500000005,0.047,0.3263888888888889,0-0-4627-1,o,51a17262-Audio_SP18.v0,group_0,1,fave,210.0283142268554,76.18810127492999,9,soporte,"",0.11999999999989086,el,si,s,p,s,p,internal
462.6777340667039,1159.2792382355146,2967.520049690778,2.060344346467989,3.073045999430657,4.65359014337626,7128.205128205128,0.0010906531472398492,3048.0357500000005,0.051000000000000004,0.3311688311688311,0-0-4630-3,o,51a17262-Audio_SP18.v0,group_0,1,fave,232.0441074606955,82.82068100796245,9,algo,"",0.1299999999996544,necesitas,no,g,#,g,n,final
456.229032460333,1074.8873223308265,2816.073100209731,2.1995062049420713,2.924369440945065,4.3997554100031735,5692.3076923076915,0.013024533891803329,3053.20275,0.045,0.33582089552238803,0-0-4639-3,o,51a17262-Audio_SP18.v0,group_0,1,fave,226.14085749528235,82.78434582737796,9,tipo,"",0.11000000000012733,Ese,de,p,#,p,d,final
445.2190815222708,1033.8538513920432,2771.385348866241,3.66698178460395,3.214834646998507,3.6539525918688995,5333.333333333333,0.01233602710629265,3058.3037500000005,0.047,0.3263888888888889,0-0-4656-3,o,51a17262-Audio_SP18.v0,group_0,1,fave,324.5437913027156,66.73495667018052,9,todo,"",0.11999999999989086,manejando,pues,d,#,d,p,final
445.75808161671785,768.1566419021319,2072.2821885078406,3.5615728498323014,2.857434467130548,4.102190762347875,4974.358974358975,0.0031916384755540867,3069.64275,0.045,0.3358208955223881,0-0-4672-3,o,51a17262-Audio_SP18.v0,group_0,1,fave,250.5369545224728,81.85818706379595,9,Como,"",0.11000000000012733,[silence],por,m,#,m,p,final
510.9684213945745,1138.503560024052,2274.357486438365,3.4203354655560054,3.7193193203093133,4.555091675578604,5153.846153846154,0.029107946221750867,3070.3077499999995,0.13499999999999998,0.33415841584158407,0-0-4674-6,o,51a17262-Audio_SP18.v0,group_0,1,fave,188.88516566594967,73.44383495604316,9,ejemplo,"",0.38000000000010914,por,[silence],l,#,l,.,final
492.38237055689206,1142.0535317398205,2587.741857077036,3.212942147648346,3.437431795675442,3.897112154617396,5871.794871794871,0.00027083950836163435,3073.53375,0.027000000000000003,0.32142857142857145,0-0-4681-4,o,51a17262-Audio_SP18.v0,group_0,1,fave,222.31634940446258,82.75717651200281,9,respondiendo,"",0.05999999999994543,[silence],los,p,n,p,n,internal
610.1496261353013,1525.7078151505566,2206.3915784855885,2.4703611691538936,3.103622207850617,4.623019520826404,4615.384615384615,0.0003443002083187818,3073.87775,0.035,0.3365384615384616,0-0-4681-11,o,51a17262-Audio_SP18.v0,group_0,1,fave,309.8433448804065,83.4888564518895,9,respondiendo,"",0.07999999999992724,[silence],los,d,#,d,l,final
466.5468392969779,613.3703103575774,1360.2830460460243,3.1138857195296903,3.2420785967657113,3.226908155767833,3179.4871794871797,0.00028882381821524714,3075.16375,0.027000000000000003,0.32142857142857145,0-0-4685-1,o,51a17262-Audio_SP18.v0,group_0,1,fave,184.85365854504786,79.38289797431575,9,soporte,"",0.05999999999994543,de,.,s,p,s,p,internal
357.0864533056354,682.2696605019944,1337.0390509799213,2.8888293044453253,2.6325743661734,2.469852619890069,3179.4871794871797,0.0006832032105723797,3097.61075,0.041,0.3306451612903226,0-0-4691-3,o,51a17262-Audio_SP18.v0,group_0,1,fave,330.64054887200535,80.32271203605939,9,creo,"",0.09999999999990905,",",que,é,#,é,k,final
512.493286445961,1423.1246395739113,2880.641429075637,3.2113995160782376,3.975368626294956,3.187254529254136,5333.333333333333,0.001311930706186267,3099.9407499999998,0.041,0.3306451612903226,0-0-4697-7,o,51a17262-Audio_SP18.v0,group_0,1,fave,220.2489579737319,79.75051230569923,9,cubierto,"",0.09999999999990905,han,todo,t,#,t,t,final
550.1216789378467,1324.1829173515325,3010.415848459373,3.286842728798816,3.5350318008296626,3.813718295680396,5871.794871794871,0.0022333825117871148,3100.3437500000005,0.047,0.3263888888888889,0-0-4698-3,o,51a17262-Audio_SP18.v0,group_0,1,fave,327.90044975256313,82.23627423866037,9,todo,"",0.11999999999989086,cubierto,perfectamente,d,#,d,p,final
540.615740455341,1407.092396250737,2476.072100809876,2.714596699114429,3.151037109255441,3.8549107718761335,5153.846153846154,0.0013124367861240944,3124.0937500000005,0.047,0.3263888888888889,0-0-4704-3,o,51a17262-Audio_SP18.v0,group_0,1,fave,283.03130488849047,80.13887511616603,9,creo,"",0.11999999999989086,Yo,que,é,#,é,k,final
428.07664033170664,735.81383807819,1287.6487852598393,3.0164284754919515,3.106946465535307,2.999760972849588,3538.4615384615386,0.0011306214349702923,3129.0757500000004,0.051000000000000004,0.3311688311688312,0-0-4714-10,o,51a17262-Audio_SP18.v0,group_0,1,fave,180.2449935977564,80.14339937123641,9,remuneración,"",0.1299999999996544,la,[silence],i,n,i,n,internal
623.4619482335335,1220.3049481660198,2961.253638330438,3.2106081483293734,3.419468586751161,3.134583004006209,5512.820512820513,0.007495728177417485,3131.13275,0.045,0.33582089552238803,0-0-4717-6,o,51a17262-Audio_SP18.v0,group_0,1,fave,246.89645170395812,81.4501360293153,9,trabajos,"",0.10999999999967258,Hay,que,x,s,x,s,internal
357.62903497814244,646.1224679460355,1291.763743831191,3.707346076475123,3.0309575730925236,3.8757017182344824,3000.0,0.00006141181050199295,3141.7427500000003,0.025,0.33783783783783783,0-0-4734-10,o,51a17262-Audio_SP18.v0,group_0,1,fave,201.42359821141812,80.41656644801347,9,remuneración,"",0.0500000000001819,la,es,i,n,i,n,internal
479.01020354435474,522.4009565735656,923.4296742785278,2.7049485202475347,3.155652324444374,4.145135196866631,3000.0,0.023448451229121092,3143.93275,0.045,0.33582089552238803,0-0-4741-3,o,51a17262-Audio_SP18.v0,group_0,1,fave,119.5228236840737,83.62780507502802,9,sólo,"",0.11000000000012733,no,es,l,#,l,é,final
530.1978388610847,982.8683754499802,2010.122667443898,3.3869338826863915,4.040554287757724,4.459078064036094,4256.410256410256,0.00817322400893305,3145.1127500000002,0.045,0.33582089552238803,0-0-4746-4,o,51a17262-Audio_SP18.v0,group_0,1,fave,184.67719453874236,79.03060234874366,9,Microworkers,"",0.10999999999967258,a,",",R,o,R,o,internal
419.37541073671906,861.4031527794069,1953.909525848261,3.3765091507814877,3.776283695584944,4.325629366144648,4256.410256410256,0.007129792357357893,3145.22575,0.051000000000000004,0.3311688311688312,0-0-4746-5,o,51a17262-Audio_SP18.v0,group_0,1,fave,190.20761881024384,80.63829665599656,9,Microworkers,"",0.13000000000010914,a,",",o,R,o,R,internal
369.35758826589654,821.0312313785615,1367.8705296636515,3.401950570348474,3.4526722412324715,3.5087676381997555,3000.0,0.0036757366027274463,3145.9787499999998,0.037000000000000005,0.324561403508772,0-0-4748-3,o,51a17262-Audio_SP18.v0,group_0,1,fave,185.0134412388991,75.89870725122964,9,sino,"",0.09000000000014552,",",también,n,#,n,t,final
490.56828320893845,784.4141712244606,1245.5914466505162,3.0371170508344836,3.151205935584902,2.8010718306364533,4974.358974358975,3.816280266541016e-6,81.58274999999999,0.025,0.33783783783783783,0-0-77-1,u,51a17262-Audio_SP18.v0,group_0,1,fave,233.84989802972663,80.33349999633144,9,pues,"",0.05000000000001137,ingresos,%%,p,e,p,e,internal
509.714951705125,825.991253640986,2354.082717129008,3.781726758267308,4.360535258432317,4.516846585816153,5153.846153846154,0.0015936776106804259,111.07375,0.027000000000000003,0.32142857142857145,0-0-124-2,u,51a17262-Audio_SP18.v0,group_0,1,fave,187.15270005194563,73.52427935345442,9,educación,"",0.060000000000002274,en,[silence],d,k,d,k,internal
435.0174313507432,1216.9219351257066,2946.089786652875,2.97907865924969,3.4211901410688665,3.5602730370050466,5333.333333333333,0.0001419283181747765,119.51375,0.027000000000000003,0.32142857142857145,0-0-145-3,u,51a17262-Audio_SP18.v0,group_0,1,fave,203.91905693488303,81.35049513394631,9,voluntaria,"",0.060000000000002274,[silence],",",l,n,l,n,internal
414.59131120453975,912.3788340963041,1604.857806407743,2.246653315012913,3.139822573210891,3.77550257296448,4615.384615384615,0.00025023958689546086,147.28575,0.031,0.32978723404255317,0-0-173-2,u,51a17262-Audio_SP18.v0,group_0,1,fave,398.38730455861173,83.91014195435477,9,educadora,"",0.06999999999999318,[silence],[silence],d,k,d,k,internal
414.4745708878457,824.7326824838652,1319.531105936338,2.0718015003203654,3.5336559527733464,3.430366676047925,3717.948717948718,0.00007895336600786246,148.36575,0.031,0.32978723404255317,0-0-176-2,u,51a17262-Audio_SP18.v0,group_0,1,fave,202.3953026761553,82.67491354262314,9,educación,"",0.06999999999999318,en,[silence],d,k,d,k,internal
481.4538738124219,881.158638896804,1520.8772023069832,3.522956164190613,3.650528674125787,4.061149570805872,3538.4615384615386,0.0002823482105532164,166.03375000000003,0.027000000000000003,0.32142857142857145,0-0-212-5,u,51a17262-Audio_SP18.v0,group_0,1,fave,203.28760509030948,76.13384378003263,9,oportunidad,"",0.060000000000002274,la,de,t,n,t,n,internal
421.4178859721755,1195.2390717613268,2971.584941236063,2.6761815156590734,2.7137008331061176,3.4186205059679784,5692.3076923076915,1.038647693279092e-6,168.11274999999998,0.025,0.33783783783783783,0-0-217-1,u,51a17262-Audio_SP18.v0,group_0,1,fave,205.2494968080015,83.12785723138889,9,durante,"",0.05000000000001137,[silence],esos,d,R,d,R,internal
518.9550024255893,876.207204507688,2732.921419125728,3.6968779113073174,3.107384860786701,4.3190882760531375,6230.7692307692305,0.0008528633923276972,175.62575,0.031,0.32978723404255317,0-0-237-1,u,51a17262-Audio_SP18.v0,group_0,1,fave,207.3011412330209,80.88147426361662,9,bueno,"",0.06999999999999318,y,",",b,é,b,é,internal
424.34719001621244,1082.9900307299445,2797.232539269199,3.117629813955476,3.6664484225738403,4.124581144183029,5512.820512820513,0.003826671958147051,176.25775000000002,0.07500000000000001,0.3348214285714286,0-0-240-1,u,51a17262-Audio_SP18.v0,group_0,1,fave,199.53966800775802,78.91669432020362,9,su,"",0.19999999999998863,en,[silence],s,#,s,.,final
475.22106146166277,1653.9648728052744,3159.518890565489,2.594671234840633,3.6207208708883596,3.8240814155392004,6589.74358974359,0.0007331857945838198,178.14874999999998,0.037,0.32456140350877194,0-0-243-1,u,51a17262-Audio_SP18.v0,group_0,1,fave,235.08286624742806,83.38071475321382,9,su,"",0.09000000000000341,en,día,s,#,s,d,final
439.84977670716484,934.9683512423713,1175.1338459139072,2.6764089297176095,4.026118277921006,3.9560101719641665,3717.948717948718,0.014622294184840463,206.90575,0.051000000000000004,0.3311688311688312,0-0-287-1,u,51a17262-Audio_SP18.v0,group_0,1,fave,231.1368251642242,82.15655184562401,9,suministra,"",0.12999999999999545,nos,algunas,s,m,s,m,internal
492.2468341144929,993.8338844632107,2826.1380976090413,3.1835526930592093,3.0215504204598327,3.073483648069955,5871.794871794871,0.0017314176711711576,211.01775,0.055,0.33536585365853655,0-0-295-0,u,51a17262-Audio_SP18.v0,group_0,1,fave,171.0701459472856,78.81789592245681,9,útiles,"",0.13999999999998636,%%,personales,#,t,&,t,initial
608.7295890269365,1071.200152504184,2735.85051701165,3.3933279402526866,2.989696342653649,3.8910238015164476,6051.282051282051,0.00006249729522685824,218.64375,0.027000000000000003,0.32142857142857145,0-0-312-1,u,51a17262-Audio_SP18.v0,group_0,1,fave,372.5044482511064,80.98507203519331,9,pues,"",0.060000000000002274,demás,[silence],p,e,p,e,internal
613.0446727761507,881.3753022707006,3209.481111314059,3.4591359157672263,2.9851301168948177,5.093278121242913,7307.692307692308,0.0011646678952191986,228.85575,0.031,0.32978723404255317,0-0-343-1,u,51a17262-Audio_SP18.v0,group_0,1,fave,212.19987766548374,80.7786951656142,9,pues,"",0.06999999999999318,[silence],[silence],p,e,p,e,internal
413.9658675928394,1147.3164442128289,2146.612939201377,2.6913173953288103,3.6890845912132852,3.945883229637499,4256.410256410256,0.0013213825745262264,236.51775,0.035,0.3365384615384616,0-0-364-1,u,51a17262-Audio_SP18.v0,group_0,1,fave,270.0021734850002,82.82499406613923,9,sueldo,"",0.0800000000000125,un,fijo,s,é,s,é,internal
443.76182718770696,1211.8114607133796,2855.063537758959,3.1319724787159275,4.023748554952804,4.227389389790165,5333.333333333333,0.00009219665654304796,263.19275000000005,0.025,0.33783783783783783,0-0-414-3,u,51a17262-Audio_SP18.v0,group_0,1,fave,194.98761676839317,81.26508961075945,9,voluntariado,"",0.05000000000001137,del,para,l,n,l,n,internal
468.4237379816987,1147.273040599748,2291.4591006810797,3.112412784759475,3.7250421040388684,4.5139451704442735,4794.871794871795,0.00008353892337168455,267.19275000000005,0.025,0.33783783783783783,0-0-423-1,u,51a17262-Audio_SP18.v0,group_0,1,fave,196.91456939266314,80.3951992393715,9,luego,"",0.05000000000001137,y,[silence],l,é,l,é,internal
530.7385292692705,1440.2194039415215,2588.8883121943895,2.82573525496394,4.021899930676367,4.353650954422679,6230.7692307692305,0.00006637364411132765,277.52275000000003,0.025,0.33783783783783783,0-0-445-1,u,51a17262-Audio_SP18.v0,group_0,1,fave,266.37674783211054,82.44325198200032,9,buscar,"",0.05000000000001137,que,otras,b,s,b,s,internal
575.3165219243689,1020.2196937088294,2665.8398908872477,3.3116471684175672,2.9345759777794123,2.972954937345207,4974.358974358975,0.00008106712849523511,303.47374999999994,0.027000000000000003,0.32142857142857145,0-0-487-1,u,51a17262-Audio_SP18.v0,group_0,1,fave,NaN,81.05302284204569,9,pues,"",0.060000000000002274,encontrar,[silence],p,e,p,e,internal
430.0692534671879,841.1538077263176,2971.769053987221,2.56022910763908,2.959958530242633,3.7198976328033106,6051.282051282051,0.0026220804438471033,311.08875,0.057,0.32758620689655177,0-0-507-1,u,51a17262-Audio_SP18.v0,group_0,1,fave,221.6214093572337,82.7053399012634,9,búsqueda,"",0.14999999999997726,[silence],continúa,b,s,b,s,internal
446.1593182901273,973.4971272259411,2701.2074047496158,3.4003811902237673,2.637500402601428,4.7111147093994115,6410.25641025641,0.00008711883294129936,333.61375,0.027000000000000003,0.32142857142857145,0-0-528-1,u,51a17262-Audio_SP18.v0,group_0,1,fave,192.08470487436608,79.06341843748639,9,buscando,"",0.060000000000002274,[silence],%%,b,s,b,s,internal
443.57410120619187,2706.54609239902,2911.8569252896987,2.813222007969404,3.6339816241220224,4.1385335058973585,7307.692307692308,0.000669902182773276,345.07574999999997,0.031,0.32978723404255317,0-0-554-3,u,51a17262-Audio_SP18.v0,group_0,1,fave,252.57756980730628,68.5971805251966,9,actualmente,"",0.06999999999999318,[silence],la,t,a,t,a,internal
517.5218519780789,820.4482942744909,2568.665686757418,3.212361437218945,3.1024708752152756,4.158207569983456,5871.794871794871,0.00042165165116709344,362.65374999999995,0.027000000000000003,0.32142857142857145,0-0-578-3,u,51a17262-Audio_SP18.v0,group_0,1,fave,272.5889279576629,81.50399699661837,9,escuchado,"",0.060000000000002274,había,[silence],k,h,k,h,internal
452.57600086885446,908.7197723908597,2314.271036845784,2.3086951886660128,3.079292602796843,4.263000799313356,4256.410256410256,0.0016309481219105356,366.23774999999995,0.055,0.33536585365853655,0-0-584-4,u,51a17262-Audio_SP18.v0,group_0,1,fave,230.46448474345846,83.03147065556067,9,Youtuber,"",0.1400000000000432,un,[silence],t,b,t,b,internal
389.19562864388115,771.1908985674911,2151.962223737812,3.183649840196651,1.675291931327308,4.419624323949773,4256.410256410256,0.0002662717096182574,377.81374999999997,0.027000000000000003,0.32142857142857145,0-0-613-1,u,51a17262-Audio_SP18.v0,group_0,1,fave,190.90968944632957,78.19031742506257,9,buscando,"",0.060000000000002274,[silence],[silence],b,s,b,s,internal
474.8194679067137,1067.8122446502089,2718.5924776982083,3.2649795980299547,3.1934430354527223,3.237185028417835,6948.717948717948,0.000037449401103768296,378.93375,0.027000000000000003,0.32142857142857145,0-0-615-1,u,51a17262-Audio_SP18.v0,group_0,1,fave,213.3233158603696,79.40350316395424,9,luego,"",0.060000000000002274,[silence],[silence],l,é,l,é,internal
472.3614022975014,810.258023228035,2770.987646943353,3.2839029433451863,2.265528847986754,2.6742603957907223,5871.794871794871,0.0003268447836729483,404.22374999999994,0.027000000000000003,0.32142857142857145,0-0-644-1,u,51a17262-Audio_SP18.v0,group_0,1,fave,196.36034960357196,79.75128238430705,9,cuanto,"",0.060000000000002274,en,a,k,á,k,á,internal
435.2026656441471,757.8464612061733,935.3208021478472,2.638315105621271,3.112722851806364,3.9019091112485498,3538.4615384615386,0.010694187031446176,443.66275,0.045,0.33582089552238803,0-0-709-0,u,51a17262-Audio_SP18.v0,group_0,1,fave,217.34908318214914,77.11257557331264,9,ubicar,"",0.11000000000001364,sociales,un,#,b,s,b,initial
507.5658748038416,1204.6956125261663,2464.6596435179217,3.436911679273469,3.6178822861956377,4.103773615518898,4974.358974358975,0.000037496943641930974,447.81275000000005,0.025,0.33783783783783783,0-0-721-2,u,51a17262-Audio_SP18.v0,group_0,1,fave,212.04590257066235,79.70541444371722,9,prueba,"",0.05000000000001137,como,[silence],R,é,R,é,internal
420.8700678023676,812.422710138012,2653.757010952522,3.2355725320132573,3.604908791889847,3.980443709094261,5333.333333333333,0.032153889717364145,466.12375,0.087,0.3295454545454546,0-0-740-0,u,51a17262-Audio_SP18.v0,group_0,1,fave,159.48628393433518,76.60094505779973,9,última,"",0.2400000000000091,Mi,tarea,#,l,i,l,initial
496.4071048165227,1041.364810968399,2875.5650603956947,3.220430791127825,3.5432599871285566,2.8043869033655455,5692.3076923076915,0.00010639310526285483,473.45574999999997,0.031,0.32978723404255317,0-0-758-1,u,51a17262-Audio_SP18.v0,group_0,1,fave,95.85470271609704,75.7241662944836,9,publicado,"",0.06999999999999318,",",[silence],p,b,p,b,internal
397.43221508464404,914.4684253660375,2669.039226460798,3.0799821087167554,3.7064571264664252,3.632422123482517,4974.358974358975,0.00002191841761244897,474.66374999999994,0.027000000000000003,0.32142857142857145,0-0-762-0,u,51a17262-Audio_SP18.v0,group_0,1,fave,174.49349140389012,81.25884231135232,9,usuario,"",0.060000000000002274,algún,.,#,s,n,s,initial
461.5580755300125,873.6300780909386,1996.7516937363073,3.2711052708059483,2.9519698350657477,4.1374419190145195,4974.358974358975,0.00013203119634089432,514.78775,0.035,0.33653846153846156,0-0-815-1,u,51a17262-Audio_SP18.v0,group_0,1,fave,205.81089778003687,82.39643879517389,9,publicación,"",0.08000000000004093,alguna,[silence],p,b,p,b,internal
392.86932275284255,1830.17815261765,2579.4780882496493,3.2712081424905204,4.369958601932445,4.420590053000293,4974.358974358975,0.0015220294904398231,627.11575,0.031,0.32978723404255317,0-0-971-1,u,51a17262-Audio_SP18.v0,group_0,1,fave,260.67922878127575,77.2831999888205,9,puedo,"",0.06999999999993634,cómo,[silence],p,é,p,é,internal
469.5309714968428,3220.8024723595945,3963.22296502064,2.5847788917456254,3.7131218710640295,4.805435167190235,7487.179487179487,0.0179120090957545,666.08775,0.07500000000000001,0.3348214285714286,0-0-1004-1,u,51a17262-Audio_SP18.v0,group_0,1,fave,210.07349053064937,83.2108870982563,9,luego,"",0.20000000000004547,%%,[silence],l,é,l,é,internal
472.83249750993866,784.6523581571496,3349.1655675670318,3.127593527276453,3.290545338897799,4.885699878288993,6769.2307692307695,0.0014116428244742077,744.21775,0.035,0.3365384615384616,0-0-1120-1,u,51a17262-Audio_SP18.v0,group_0,1,fave,209.68980647303027,80.43840438629333,9,bueno,"",0.07999999999992724,[silence],así,b,é,b,é,internal
422.39090722621154,614.6048105507037,1096.6907469710568,2.2588661239327044,3.765773088194684,3.551633542183944,3179.4871794871797,0.02798513883995602,934.01575,0.051000000000000004,0.3311688311688312,0-0-1365-1,u,51a17262-Audio_SP18.v0,group_0,1,fave,202.8845424555688,79.1855300114447,9,subir,"",0.12999999999999545,[silence],[silence],s,b,s,b,internal
360.5974489903089,1441.617691455486,1944.9698366006041,2.0805605525218143,4.059620656338913,3.896985076645127,4076.923076923077,0.023266498810932276,944.67575,0.031,0.32978723404255317,0-0-1393-1,u,51a17262-Audio_SP18.v0,group_0,1,fave,195.85450781387772,74.87039267358551,9,Twitter,"",0.07000000000005002,[silence],[silence],t,i,t,i,internal
451.7972250373315,918.5007238040693,2858.284445799272,2.5905059088178897,2.40487972447479,4.542087627575057,6230.7692307692305,0.0005046139484890846,953.77275,0.045,0.3358208955223881,0-0-1415-1,u,51a17262-Audio_SP18.v0,group_0,1,fave,226.09611407925237,79.8013369734395,9,búsqueda,"",0.11000000000001364,de,.,b,s,b,s,internal
374.6196482965671,943.9886057349338,4038.0589191066856,3.1113079602332783,3.226827080437521,4.460984565562826,6948.717948717948,0.00021244178213541203,961.92375,0.027000000000000003,0.32142857142857145,0-0-1437-1,u,51a17262-Audio_SP18.v0,group_0,1,fave,267.62477876374345,81.80435810145104,9,pues,"",0.06000000000005912,sí,[silence],p,e,p,e,internal
523.2326462951429,902.7290050987772,2257.7316549503967,3.282694941954159,3.20224428630047,4.132685218492612,5512.820512820513,0.01818950217230572,1003.37575,0.031,0.32978723404255317,0-0-1479-1,u,51a17262-Audio_SP18.v0,group_0,1,fave,229.14851059261315,80.34315825302967,9,aumentar,"",0.06999999999993634,pueda,%%,a,m,a,m,internal
434.3590722612365,888.6931031237557,2421.4007141419293,2.0963981087799426,2.224016970155222,4.131166763899448,5871.794871794871,8.453748387000512e-6,1005.79275,0.025,0.33783783783783783,0-0-1485-1,u,51a17262-Audio_SP18.v0,group_0,1,fave,220.09318733088054,82.0026035314261,9,búsqueda,"",0.05000000000006821,de,.,b,s,b,s,internal
423.6226805715205,990.3694801302803,3086.722786863836,1.8308989041015558,2.7330376050081076,4.675797770238294,5512.820512820513,0.0010287356601937064,1019.64275,0.045,0.33582089552238803,0-0-1519-4,u,51a17262-Audio_SP18.v0,group_0,1,fave,216.18328271423647,83.08062051393173,9,YouTubers,"",0.11000000000001364,los,.,t,b,t,b,internal
392.5723617619599,851.7341569323788,2755.277769535984,2.9365068153945058,3.1740888575024675,3.4742714054750627,6589.74358974359,0.0002568419530450253,1025.0537499999998,0.027000000000000003,0.32142857142857145,0-0-1531-3,u,51a17262-Audio_SP18.v0,group_0,1,fave,197.12797480162246,80.15889239254084,9,algún,"",0.05999999999994543,[silence],video,g,n,g,n,internal
418.82331911613505,897.5430990576561,2994.130142554891,1.8887808368936596,3.4016509565628197,4.197743440028472,6051.282051282051,0.006731797473585963,1052.36075,0.08099999999999999,0.3319672131147541,0-0-1573-4,u,51a17262-Audio_SP18.v0,group_0,1,fave,213.57853162521363,81.4238251414248,9,YouTubers,"",0.22000000000002728,hay,.,t,b,t,b,internal
518.5852412499731,1844.613900265884,2971.777667258722,2.933453480659154,3.5045625216215486,4.495576065523236,6769.2307692307695,0.00019956951843655692,1083.96375,0.027000000000000003,0.32142857142857145,0-0-1617-1,u,51a17262-Audio_SP18.v0,group_0,1,fave,252.38588276901868,82.87933909866332,9,pues,"",0.05999999999994543,tiempo,uno,p,e,p,e,internal
417.2238035638756,1060.1372244669099,2940.6719671356154,3.255808339675112,3.4470636640245025,3.910713297425269,7307.692307692308,0.0009296308947243655,1092.01875,0.037000000000000005,0.324561403508772,0-0-1641-1,u,51a17262-Audio_SP18.v0,group_0,1,fave,369.73879933719854,81.03208186329847,9,pues,"",0.08999999999991815,[silence],[silence],p,e,p,e,internal
527.412612150947,1566.4983345239052,3023.8917203284127,3.0490175377763094,3.6058309203530143,3.3091970118561282,4974.358974358975,0.011096595082593384,1104.33575,0.031,0.32978723404255317,0-0-1667-1,u,51a17262-Audio_SP18.v0,group_0,1,fave,235.6923183810419,76.29485352190504,9,sumando,"",0.07000000000016371,va,[silence],s,m,s,m,internal
417.6823773193529,842.6586859849791,2894.047712233155,2.8406924647680483,2.9736886903002784,3.8472138099577404,5333.333333333333,0.001915340495289305,1137.20775,0.035,0.3365384615384616,0-0-1726-3,u,51a17262-Audio_SP18.v0,group_0,1,fave,216.3361399376463,78.53840986920072,9,algún,"",0.07999999999992724,cometer,error,g,n,g,n,internal
476.53150912201016,1185.7362017965368,2820.179633012062,2.739457584686665,3.450739639462932,3.939609615900188,5871.794871794871,0.0027242679939854277,1155.6557500000001,0.031,0.32978723404255317,0-0-1772-1,u,51a17262-Audio_SP18.v0,group_0,1,fave,246.53794651363938,79.97689618882593,9,pues,"",0.06999999999993634,uno,[silence],p,e,p,e,internal
423.47356886221314,1557.735068738806,2989.227073799967,3.134123777615234,3.4174849508940475,2.7121998957706714,5692.3076923076915,0.000051577403126292165,1171.42375,0.027000000000000003,0.32142857142857145,0-0-1799-1,u,51a17262-Audio_SP18.v0,group_0,1,fave,194.7218377055371,80.1838478154185,9,supuesto,"",0.05999999999994543,por,.,s,p,s,p,internal
442.42497703242435,1495.330784618403,2754.8329870248926,2.3346117111433182,3.673618314959078,3.718868404107841,5512.820512820513,0.0034415848100971085,1315.65275,0.045,0.33582089552238803,0-0-2027-1,u,51a17262-Audio_SP18.v0,group_0,1,fave,214.60877781987784,80.90117033111535,9,Tú,"",0.10999999999989996,[silence],o,t,#,t,o,final
508.8771139432008,920.0597271550905,2841.1311861469826,2.576120594353346,3.199827842871159,3.356644039112541,6051.282051282051,0.00029452808616925897,1324.79775,0.035,0.33653846153846156,0-0-2052-1,u,51a17262-Audio_SP18.v0,group_0,1,fave,130.83989877545346,80.14994346593168,9,nuevo,"",0.07999999999992724,[silence],sabes,n,é,n,é,internal
352.60998791756117,1470.852168851441,2968.1581383456682,2.1410425913448625,3.662883560005116,3.8708882823250157,6051.282051282051,0.0003941789712990566,1334.65875,0.037000000000000005,0.324561403508772,0-0-2081-2,u,51a17262-Audio_SP18.v0,group_0,1,fave,180.3293437535692,80.94670169495521,9,Youtube,"",0.08999999999991815,[silence],[silence],o,t,o,t,internal
501.0396459070507,1473.915078836342,3020.916955404091,2.340060452557047,2.9874861643425037,4.52674609612797,6230.7692307692305,0.00021670833584317768,1464.24575,0.031,0.32978723404255317,0-0-2237-1,u,51a17262-Audio_SP18.v0,group_0,1,fave,257.68008195788394,84.75402452765891,9,puede,"",0.06999999999993634,",",ser,p,é,p,é,internal
435.07639390690866,1010.6265869864175,2768.4565716014336,3.1940629677280747,3.8162429745181607,3.448587798611878,6410.25641025641,5.026633925450315e-6,1487.0927499999998,0.025,0.33783783783783783,0-0-2290-1,u,51a17262-Audio_SP18.v0,group_0,1,fave,182.56904395947436,77.32525920129892,9,pues,"",0.0500000000001819,[silence],[silence],p,e,p,e,internal
420.91382980436435,793.515470569013,2861.058972852977,3.1739396097208976,3.0762241812824187,3.558835306908488,5333.333333333333,0.00037551081324563074,1498.4157500000001,0.031,0.32978723404255317,0-0-2325-1,u,51a17262-Audio_SP18.v0,group_0,1,fave,205.33270809719977,81.06461169454842,9,vuelto,"",0.06999999999993634,han,y,b,é,b,é,internal
498.966483906798,1490.482026412508,3328.2768758995735,3.106496626461157,3.371249019161696,4.695542653462239,7846.153846153846,0.0010751283389193653,1505.44275,0.045,0.33582089552238803,0-0-2343-1,u,51a17262-Audio_SP18.v0,group_0,1,fave,247.09477492261246,84.11125358383524,9,buenos,"",0.10999999999989996,[silence],.,b,é,b,é,internal
449.44754648929734,932.1808228193471,2601.851240227824,2.8145644664510465,3.396097903998303,3.1326274896330735,5871.794871794871,0.000012401880102360716,1617.5837499999998,0.027000000000000003,0.32142857142857145,0-0-2447-1,u,51a17262-Audio_SP18.v0,group_0,1,fave,218.479969287942,82.99567048545589,9,Bueno,"",0.060000000000172804,[silence],en,b,é,b,é,internal
506.5055630652996,1494.5977877445084,4197.271907714412,2.55841106513537,3.801325834628844,4.880204393129246,8743.589743589742,0.002536940998769699,1701.53775,0.055,0.33536585365853655,0-0-2516-1,u,51a17262-Audio_SP18.v0,group_0,1,fave,246.69435388590708,84.11182316274422,9,Pues,"",0.14000000000010004,[silence],[silence],p,e,p,e,internal
449.11356895574,884.5204237659606,3281.937381166119,2.8484266906870865,3.3765752880759736,4.825582325725527,7666.666666666666,0.00032978263732783887,1825.22575,0.031,0.32978723404255317,0-0-2704-1,u,51a17262-Audio_SP18.v0,group_0,1,fave,224.6337406747036,83.25217372613447,9,cuanto,"",0.06999999999993634,en,a,k,á,k,á,internal
442.275731206631,714.780285751696,1862.6797617023774,2.2816716176300176,3.6736941975219572,4.170479296598145,4974.358974358975,0.0006500641895474568,1838.08775,0.035,0.33653846153846156,0-0-2739-1,u,51a17262-Audio_SP18.v0,group_0,1,fave,228.3992829635456,83.81299787205448,9,pues,"",0.08000000000015461,[silence],[silence],p,e,p,e,internal
507.4501397917862,1793.4986644001472,2972.929239308204,3.3264630353459315,4.0538479805344805,4.16571393969506,5692.3076923076915,0.0027358517820966132,1900.84575,0.031,0.32978723404255317,0-0-2798-1,u,51a17262-Audio_SP18.v0,group_0,1,fave,378.26182193436136,78.1163635500301,9,su,"",0.07000000000016371,es,[silence],s,#,s,&,final
394.8607237682262,798.2628865648877,1346.1420209953083,3.1618870769439598,3.7495918091585114,4.0884126725599135,3179.4871794871797,0.012559482222422454,1901.32075,0.061000000000000006,0.3315217391304348,0-0-2800-1,u,51a17262-Audio_SP18.v0,group_0,1,fave,185.4759781831594,78.38978230099943,9,su,"",0.16000000000008185,[silence],su,s,#,s,s,final
383.21690644097094,696.709505983294,1408.9607822328019,2.728531510541879,3.8056965096040036,3.778328661230861,3000.0,0.0027265259427298,1901.6087499999999,0.037000000000000005,0.324561403508772,0-0-2801-1,u,51a17262-Audio_SP18.v0,group_0,1,fave,188.28809909116714,79.47356655758266,9,su,"",0.09000000000014552,su,manera,s,#,s,m,final
392.3540286577023,763.2492448875162,1474.0367490865199,2.5716072620321437,3.1758002378471963,3.5371999684599587,3717.948717948718,0.00015492563270118415,1942.8627499999998,0.025,0.33783783783783783,0-0-2848-1,u,51a17262-Audio_SP18.v0,group_0,1,fave,196.83806242872214,80.39434555078547,9,buena,"",0.0500000000001819,una,comprensión,b,é,b,é,internal
445.8571301871861,1266.9144031389585,2759.3689004594266,3.119658065492538,4.08203301900763,3.709033352788142,6051.282051282051,0.0014675403170369894,1956.10775,0.035,0.33653846153846156,0-0-2871-4,u,51a17262-Audio_SP18.v0,group_0,1,fave,204.4693852927475,77.2255179564454,9,computador,"",0.08000000000015461,un,no,p,t,p,t,internal
428.2234734663235,735.2361112162307,1768.1403037274085,3.4185946397266833,3.7061739544155814,3.470021351371354,4974.358974358975,0.0006292238280677059,2019.69375,0.027000000000000003,0.32142857142857145,0-0-2980-1,u,51a17262-Audio_SP18.v0,group_0,1,fave,103.7603701225668,76.02477365519711,9,pues,"",0.05999999999994543,trabajo,[silence],p,e,p,e,internal
365.4356693571146,681.3135443522829,3140.2147023654443,2.8886087475521944,3.2854152356888644,4.554463787660915,6769.2307692307695,0.0019118083927696572,2117.0337500000005,0.047,0.3263888888888889,0-0-3032-3,u,51a17262-Audio_SP18.v0,group_0,1,fave,184.64364163276014,77.90777052354515,9,algún,"",0.11999999999989086,[silence],[silence],g,n,g,n,internal
332.8603814375569,800.8188083293539,1579.152128585535,2.305946085300826,3.6765057008938222,3.7191904215935425,3179.4871794871797,0.00024314144564414514,2146.15275,0.025,0.33783783783783783,0-0-3072-2,u,51a17262-Audio_SP18.v0,group_0,1,fave,168.19572130974862,73.65518587763499,9,YouTube,"",0.0500000000001819,en,.,o,t,o,t,internal
409.78794758869617,823.0494646011414,2920.0578913260874,2.1309745135193467,2.498846848563985,4.1532613702927055,5692.3076923076915,0.0002005184855413825,2168.48375,0.027000000000000003,0.32142857142857145,0-0-3123-1,u,51a17262-Audio_SP18.v0,group_0,1,fave,209.45079734620847,81.9902974517591,9,bueno,"",0.06000000000040018,y,entonces,b,é,b,é,internal
374.2459637526978,766.2612748703907,2173.562298263245,2.938666753229701,3.867811767143684,4.180316041184651,4435.897435897436,0.00012151852863759221,2184.62375,0.027000000000000003,0.32142857142857145,0-0-3170-0,u,51a17262-Audio_SP18.v0,group_0,1,fave,183.61922788542682,78.63808651255859,9,utilidad,"",0.05999999999994543,gran,.,#,t,n,t,initial
524.4910283772427,1133.8376142502639,2970.895928124983,3.341968014568946,3.3795354102966275,3.338030457886788,5512.820512820513,0.00004101666243713249,2233.6127500000002,0.025,0.33783783783783783,0-0-3241-1,u,51a17262-Audio_SP18.v0,group_0,1,fave,206.37547679832113,80.3440361266658,9,puedo,"",0.0500000000001819,tareas,hacer,p,é,p,é,internal
432.1978241880964,862.4191561571865,2692.1806968466713,2.2006467662064257,3.3111777673101614,4.717803046717241,6410.25641025641,0.0008268168894177134,2245.73575,0.031,0.32978723404255317,0-0-3246-1,u,51a17262-Audio_SP18.v0,group_0,1,fave,227.37849479470984,83.36526957683962,9,Bueno,"",0.07000000000016371,[silence],",",b,é,b,é,internal
427.6795876250224,866.6936228529154,2913.6463831094607,2.9255002145105173,4.1261583875837715,4.655275381822967,5512.820512820513,0.0057992436824340346,2351.0787499999997,0.037000000000000005,0.324561403508772,0-0-3403-1,u,51a17262-Audio_SP18.v0,group_0,1,fave,107.96555118974908,78.59100617776747,9,publican,"",0.09000000000014552,cosas,qué,p,b,p,b,internal
415.6827914911185,1353.2578139562913,2907.9007158113136,2.0963501055235136,3.588949731946547,2.5671246877516767,5871.794871794871,0.00007019442327867482,2431.34375,0.027000000000000003,0.32142857142857145,0-0-3576-1,u,51a17262-Audio_SP18.v0,group_0,1,fave,205.99814879352945,84.1419810162375,9,luego,"",0.05999999999994543,[silence],que,l,é,l,é,internal
292.8704598931617,697.6379986194289,1285.4604510775855,3.35884743951775,3.4068727278829543,3.6477510235150374,3000.0,0.005157860732041593,2452.39875,0.037000000000000005,0.324561403508772,0-0-3624-1,u,51a17262-Audio_SP18.v0,group_0,1,fave,244.19753722280817,80.12534731716728,9,funciona,"",0.08999999999969077,no,.,f,n,f,n,internal
423.1543891911043,839.090972882835,1881.4713273507098,3.7221182562512185,3.8289145133187357,3.8452635200086815,4794.871794871795,0.00008861567103844653,2462.65275,0.025,0.33783783783783783,0-0-3648-3,u,51a17262-Audio_SP18.v0,group_0,1,fave,191.44823314243112,81.08608728115317,9,comunicarles,"",0.0500000000001819,[silence],la,m,n,m,n,internal
357.4239670326919,759.2527550258025,1376.7840218476579,2.607896768799913,3.3362825451672227,4.429419390317127,3000.0,0.0010028207535506062,2515.60375,0.027000000000000003,0.32142857142857145,0-0-3716-1,u,51a17262-Audio_SP18.v0,group_0,1,fave,188.49881939876306,78.87935794815975,9,mujeres,"",0.05999999999994543,y,.,m,x,m,x,internal
481.14508537567133,838.6557909153785,1955.6316502221996,2.651112184765525,4.1461158306690225,4.135672127143731,4974.358974358975,0.0003817517106887737,2582.61375,0.027000000000000003,0.32142857142857145,0-0-3782-1,u,51a17262-Audio_SP18.v0,group_0,1,fave,271.4813444795918,83.17987799761184,9,Pues,"",0.05999999999994543,[silence],[silence],p,e,p,e,internal
480.82938433025873,1240.6476357766676,1920.382346619525,2.3264482478762214,3.5379458060569244,4.232227092213118,4256.410256410256,0.00027451987739358306,2643.30375,0.027000000000000003,0.32142857142857145,0-0-3841-1,u,51a17262-Audio_SP18.v0,group_0,1,fave,242.21209631202854,82.95999248137201,9,Pues,"",0.05999999999994543,[silence],",",p,e,p,e,internal
434.0300480771625,665.6080454874626,1602.1637224618291,2.77797389671457,3.86213601021267,3.705142530086626,4974.358974358975,0.00004125889443012938,2650.8227500000003,0.025,0.33783783783783783,0-0-3860-2,u,51a17262-Audio_SP18.v0,group_0,1,fave,239.50214934678525,76.79604555867603,9,igual,"",0.0500000000001819,prácticamente,.,g,á,g,á,internal
373.63283621847614,738.380961250786,1700.7715199119152,2.7817548216545234,3.6139852117202165,4.52897557123168,4615.384615384615,0.0008229188972846932,2667.00375,0.027000000000000003,0.32142857142857145,0-0-3897-2,u,51a17262-Audio_SP18.v0,group_0,1,fave,187.75199890558855,81.93763125709157,9,igual,"",0.06000000000040018,sido,no,g,á,g,á,internal
450.18096142958683,957.0279191758841,1684.9656141304854,2.202093612539115,3.8400278274730186,4.02540347267075,4435.897435897436,0.000048845889657496135,2694.36375,0.027000000000000003,0.32142857142857145,0-0-3930-0,u,51a17262-Audio_SP18.v0,group_0,1,fave,223.48552549742496,85.29018650047507,9,único,"",0.05999999999994543,Lo,que,#,n,o,n,initial
517.8040434375398,1118.3062260266884,2878.7082901739914,3.277164447413376,3.109237207075203,3.2126148387194133,5512.820512820513,0.00023547154279506064,2702.83575,0.031,0.32978723404255317,0-0-3950-0,u,51a17262-Audio_SP18.v0,group_0,1,fave,196.08755090528237,78.4356969869575,9,Unidos,"",0.06999999999970896,Estados,.,#,n,s,n,initial
459.2776197554838,789.3607993382983,1928.9055831196893,2.217254804358491,3.6714107022034614,4.790123854923817,4256.410256410256,0.01027760335515177,2775.92775,0.035,0.3365384615384616,0-0-4065-1,u,51a17262-Audio_SP18.v0,group_0,1,fave,209.75387229230287,82.00660470946372,9,cuidado,"",0.07999999999992724,el,que,k,i,k,i,internal
469.56441383254423,770.4610872621683,2136.8735443015635,2.503902990616933,2.6990503714586382,4.5291365931989525,5692.3076923076915,0.001390543922532038,2797.37575,0.031,0.32978723404255317,0-0-4121-1,u,51a17262-Audio_SP18.v0,group_0,1,fave,221.74329543998442,80.23708354271264,9,cuando,"",0.06999999999970896,Porque,tienes,k,á,k,á,internal
444.39515980579256,1204.867208831902,2364.342930671585,2.448231986009194,3.277551445868142,4.740462290186132,4435.897435897436,0.0005777499014455623,2810.87575,0.031,0.32978723404255317,0-0-4154-4,u,51a17262-Audio_SP18.v0,group_0,1,fave,201.5371281193256,81.96161710294022,9,computadora,"",0.06999999999970896,una,no,p,t,p,t,internal
488.44540506252355,747.5485557172044,2834.003403287882,2.3914107891518945,3.30596380897319,2.4501501164921704,5692.3076923076915,0.00013135425242496096,2814.97375,0.027000000000000003,0.32142857142857145,0-0-4163-1,u,51a17262-Audio_SP18.v0,group_0,1,fave,175.8832530029212,81.43896280848794,9,bueno,"",0.05999999999994543,que,tengo,b,é,b,é,internal
376.0340492550509,767.5688826983709,2442.4301473149662,2.1497480589873987,3.070554461630234,4.578793128124355,4615.384615384615,0.0003449763835654917,2815.86375,0.027000000000000003,0.32142857142857145,0-0-4166-1,u,51a17262-Audio_SP18.v0,group_0,1,fave,186.66495677579536,80.93901486087698,9,cubrir,"",0.05999999999994543,que,algunas,k,b,k,b,internal
380.27044086136544,644.369285925511,1134.0664677066495,2.7927637861764114,3.8499893277887764,4.09963004755877,3897.4358974358975,0.0017192580412608636,2817.91775,0.035,0.33653846153846156,0-0-4171-1,u,51a17262-Audio_SP18.v0,group_0,1,fave,177.40169650354812,80.81420819886372,9,puntuales,"",0.07999999999992724,[silence],ahora,p,n,p,n,internal
451.232165454554,1121.5705624374773,2788.6141167866836,3.0418921224350552,2.629342186643272,2.82515022090792,5512.820512820513,0.0003072173099833705,2821.17375,0.027000000000000003,0.32142857142857145,0-0-4181-1,u,51a17262-Audio_SP18.v0,group_0,1,fave,187.06869643112287,78.21637802835187,9,pueda,"",0.05999999999994543,que,ya,p,é,p,é,internal
366.1318400280186,660.9258746390225,1270.0539452987985,2.8282574066786252,3.757464008361125,3.852461724235881,3000.0,0.007719164887132063,2825.7607499999995,0.041,0.3306451612903226,0-0-4196-1,u,51a17262-Audio_SP18.v0,group_0,1,fave,176.59721683123726,77.7982853672671,9,rutina,"",0.1000000000003638,mi,que,r,t,r,t,internal
301.9095993578631,491.10617918879393,1136.3486297071029,3.240034747618333,3.0696395578478963,3.5356361072994127,3179.4871794871797,0.05580559249891106,2870.2387499999995,0.07700000000000001,0.3290598290598291,0-0-4242-1,u,51a17262-Audio_SP18.v0,group_0,1,fave,243.88979626776776,80.54891600487336,9,tú,"",0.21000000000003638,acá,estás,t,#,t,é,final
405.9258928410336,942.125001063045,2850.344791347895,2.1465772795634193,3.38549635217882,3.782145926202098,6769.2307692307695,0.003125752250332075,2898.52875,0.057,0.32758620689655177,0-0-4316-1,u,51a17262-Audio_SP18.v0,group_0,1,fave,201.5814168366456,82.43874342479774,9,tu,"",0.15000000000009095,de,entorno,t,#,t,e,final
398.0711588507089,1429.4985122606706,2603.86047307732,2.8353560001926836,3.9817547707532994,3.97919458744351,6410.25641025641,0.005545209359690366,2905.7007499999995,0.041,0.3306451612903226,0-0-4331-5,u,51a17262-Audio_SP18.v0,group_0,1,fave,181.40918010946183,77.9798529308668,9,Disfrutar,"",0.1000000000003638,%%,[silence],R,t,R,t,internal
486.95152808404885,1196.0178199369282,1848.7856731352354,2.74615262966069,2.9239019559221995,4.910610876738757,4435.897435897436,0.008320034542517195,2919.3027500000003,0.045,0.33582089552238803,0-0-4371-4,u,51a17262-Audio_SP18.v0,group_0,1,fave,244.0088819019004,77.91825970612057,9,computador,"",0.10999999999967258,un,y,p,t,p,t,internal
441.64129512799633,1603.0164418671295,2715.1401122897805,2.547496423903611,4.2617766085825615,4.492732625289591,5333.333333333333,0.00031587797619093646,2924.55375,0.027000000000000003,0.32142857142857145,0-0-4385-1,u,51a17262-Audio_SP18.v0,group_0,1,fave,209.74873359709207,83.0853433087786,9,tu,"",0.05999999999994543,queda,vida,t,#,t,b,final
375.3927570592889,811.2293754491442,1474.4559364083445,3.1642196003223986,4.076357432809919,4.526127793562835,3717.948717948718,0.004542925962313802,2959.6387499999996,0.037000000000000005,0.324561403508772,0-0-4473-1,u,51a17262-Audio_SP18.v0,group_0,1,fave,197.49223184506198,78.51625114061127,9,muchísimo,"",0.09000000000014552,influye,que,m,h,m,h,internal
507.3959913060123,1291.1904758993232,1968.230977742003,2.714021828608709,3.317318433658484,4.411065241683212,4076.923076923077,0.00006418663109988212,2962.98275,0.025,0.33783783783783783,0-0-4485-1,u,51a17262-Audio_SP18.v0,group_0,1,fave,430.31217856346154,77.91725378462633,9,fue,"",0.0500000000001819,se,la,f,é,f,é,internal
377.5831671480378,957.4211887046118,3123.2760220359346,2.587925710856654,3.1403949075636306,3.4669462914337257,6230.7692307692305,0.003069864190759648,2973.5827500000005,0.065,0.33505154639175255,0-0-4516-1,u,51a17262-Audio_SP18.v0,group_0,1,fave,344.49534014616404,82.52681378968683,9,tú,"",0.169999999999618,estás,[silence],t,#,t,.,final
459.9250913977429,1496.2734144945452,3041.907796380348,2.560852473455872,3.702532719132592,3.2189963964967347,5512.820512820513,0.0011245466939045626,2974.41875,0.037000000000000005,0.324561403508772,0-0-4520-4,u,51a17262-Audio_SP18.v0,group_0,1,fave,216.16007457588432,77.71133166748811,9,computador,"",0.08999999999969077,el,",",p,t,p,t,internal
483.598134792405,1168.3953640761022,2923.123649090243,2.9760380312754844,3.474079629553886,3.4441359320213056,5871.794871794871,0.00013247593497964013,3023.07375,0.027000000000000003,0.32142857142857145,0-0-4570-1,u,51a17262-Audio_SP18.v0,group_0,1,fave,216.84218717206824,78.6472734659739,9,pues,"",0.05999999999994543,permite,[silence],p,e,p,e,internal
417.6523241400317,805.6628302652618,2862.2569117784874,2.6868941075964856,2.5318085878149623,3.8146639725554565,6230.7692307692305,0.00005508448025538805,3026.42775,0.035,0.33653846153846156,0-0-4578-1,u,51a17262-Audio_SP18.v0,group_0,1,fave,204.37344872427417,82.5374133887644,9,puedas,"",0.07999999999992724,que,[silence],p,é,p,é,internal
424.78941005289033,1774.4995579349268,3034.7334712724655,1.5565269715813455,2.9459673026899886,3.535060028815825,5333.333333333333,0.0001869199492943556,3028.18575,0.031,0.32978723404255317,0-0-4582-1,u,51a17262-Audio_SP18.v0,group_0,1,fave,442.99311536690556,82.45835053873799,9,subsistir,"",0.06999999999970896,%%,[silence],s,b,s,b,internal
480.29829497712313,1392.3774322272457,1801.7841165747843,2.1942583604039076,3.698472973079752,4.67157893666952,5692.3076923076915,0.000073715608960568,3034.0727500000003,0.025,0.33783783783783783,0-0-4589-1,u,51a17262-Audio_SP18.v0,group_0,1,fave,234.79358635129284,85.78284684990382,9,Bueno,"",0.0500000000001819,[silence],",",b,é,b,é,internal
484.42461098614825,895.7508238308878,2157.9574934399025,2.4436509261367356,3.2024709665176068,4.656143833103666,4435.897435897436,0.00019840854111325302,3058.48275,0.025,0.33783783783783783,0-0-4657-1,u,51a17262-Audio_SP18.v0,group_0,1,fave,232.2582356608544,80.05820059680802,9,pues,"",0.0500000000001819,todo,[silence],p,e,p,e,internal
430.6798917790311,759.0985803555064,1502.3996847296899,1.8990340129358136,3.2890699823771192,4.034527812528122,3179.4871794871797,0.0026611758753075088,3125.91575,0.031,0.32978723404255317,0-0-4707-1,u,51a17262-Audio_SP18.v0,group_0,1,fave,221.81305078154384,81.56050557066919,9,pudiera,"",0.06999999999970896,%%,ser,p,d,p,d,internal
443.6333657656881,830.0100415443821,2805.951816896034,2.775324354357118,2.027889516727304,3.679627281043842,5333.333333333333,0.00010780312459814168,3127.66575,0.031,0.32978723404255317,0-0-4711-1,u,51a17262-Audio_SP18.v0,group_0,1,fave,200.74618903367346,81.10958417745928,9,cuanto,"",0.06999999999970896,en,a,k,á,k,á,internal
375.8788321112729,791.4795059807767,1582.8746236107572,3.961213221668687,2.9778439936780443,4.19416421293968,4615.384615384615,0.00008578865180488754,3128.5237500000003,0.027000000000000003,0.32142857142857145,0-0-4714-3,u,51a17262-Audio_SP18.v0,group_0,1,fave,194.25956634272688,80.86880445151209,9,remuneración,"",0.05999999999994543,la,[silence],m,n,m,n,internal
