F1,F2,F3,B1,B2,B3,max_formant,smooth_error,time,rel_time,prop_time,id,label,file_name,group,speaker_num,point_heuristic,f0,intensity,optimized,word,stress,dur,pre_word,fol_word,pre_seg,fol_seg,abs_pre_seg,abs_fol_seg,context
442.99829528327297,1723.8961677285522,2343.983261846118,2.8354909291061032,3.440417406190302,3.6666856819441667,5512.820512820513,0.0005425815566679027,19.528750000000002,0.037000000000000005,0.324561403508772,0-0-4-2,y,fcd45f4d-Audio_SP21.v0,group_0,1,fave,121.22197127070771,79.85557393320339,7,muy,"",0.08999999999999986,es,amplio,ú,#,ú,á,final
340.50264438153164,2431.236544505538,2664.2351202990294,2.9405139739067936,3.1096237535986813,3.266273953803932,4794.871794871795,0.006793836723688735,96.32475,0.249,0.33467741935483863,0-0-166-2,y,fcd45f4d-Audio_SP21.v0,group_0,1,fave,137.2929479488243,68.40892696273524,7,muy,"",0.7199999999999989,es,[silence],ú,#,ú,"",final
480.97658111547895,1423.88230356676,2230.5973558398955,3.640475388724525,4.160596764925344,3.777975243339571,5153.846153846154,0.004980710782878626,97.99775,0.035,0.3365384615384616,0-0-169-2,y,fcd45f4d-Audio_SP21.v0,group_0,1,fave,122.66958833214763,76.53159781989828,7,muy,"",0.0799999999999983,[silence],exigente,ú,#,ú,e,final
511.50360266957995,1960.7550172844533,2550.4234324489616,2.9041862917454275,3.155600926131944,3.8829266214741947,5333.333333333333,0.0011794174697585282,125.04275,0.045,0.33582089552238803,0-0-253-1,y,fcd45f4d-Audio_SP21.v0,group_0,1,fave,113.20430342011511,74.93342230969745,7,Hay,"",0.10999999999999943,%%,cosas,á,#,á,k,final
413.0747658366007,1884.988289748375,2349.8038102426412,2.4367456450863005,2.9783197068019884,3.1994915143406786,5153.846153846154,0.0007292746280677715,253.36075,0.061000000000000006,0.3315217391304348,0-0-539-1,y,fcd45f4d-Audio_SP21.v0,group_0,1,fave,161.16276815336516,72.34918136292339,7,hoy,"",0.1599999999999966,[silence],[silence],ó,#,ó,.,final
457.4920293831858,1709.289899062082,2359.6998352328437,3.362543481365752,4.072172794233938,3.6976911794831078,5692.3076923076915,0.002324965803061304,289.43875,0.037,0.32456140350877194,0-0-611-2,y,fcd45f4d-Audio_SP21.v0,group_0,1,fave,170.56370930400607,72.2345960585087,7,muy,"",0.08999999999997499,tareas,sencillas,ú,#,ú,s,final
327.7102446973706,1980.7376524394763,2373.0109501865036,2.564846161702856,3.1124511862695643,3.8262408143002964,5871.794871794871,0.00009185924609179862,346.31275000000005,0.025,0.33783783783783783,0-0-773-0,y,fcd45f4d-Audio_SP21.v0,group_0,1,fave,NaN,69.14244647044838,7,yo,"",0.05000000000001137,[silence],le,#,ó,.,ó,initial
421.60476064678494,1920.1310179804223,2411.697794762313,2.594616869547203,3.211204050204351,3.7337942303400813,4974.358974358975,0.008639038416803656,351.04574999999994,0.051000000000000004,0.3311688311688311,0-0-785-1,y,fcd45f4d-Audio_SP21.v0,group_0,1,fave,100.14411824942,69.78014444144736,7,hay,"",0.12999999999999545,[silence],que,á,#,á,k,final
403.79161227093743,1935.5905697503192,4102.703124090161,3.002361181799886,3.572736678550001,4.131072178296945,6948.717948717948,0.00016313731165355428,392.69575,0.031,0.32978723404255317,0-0-873-2,y,fcd45f4d-Audio_SP21.v0,group_0,1,fave,107.39729576356565,73.29180972582928,7,muy,"",0.06999999999999318,explica,bien,ú,#,ú,b,final
380.4021389547124,2206.3408860527265,2557.731808649015,3.0060500290273238,2.8683986311268934,3.22801123465032,4974.358974358975,0.002260559566395692,421.49475,0.149,0.33558558558558554,0-0-961-2,y,fcd45f4d-Audio_SP21.v0,group_0,1,fave,117.85466460372766,74.19327032412332,7,muy,"",0.4199999999999591,es,[silence],ú,#,ú,"",final
441.248332538816,1836.4911023580407,2396.952902924035,2.4696667368053427,2.9595210666248932,3.5024166903967178,5333.333333333333,0.000021394259939452052,466.16275,0.025,0.33783783783783783,0-0-1032-1,y,fcd45f4d-Audio_SP21.v0,group_0,1,fave,102.63340476099886,78.72691851510955,7,hay,"",0.05000000000001137,entonces,que,á,#,á,k,final
404.64613158534706,1737.0921258087963,2541.472707521496,3.090487412919787,3.6525685104974888,3.7973464649870987,4615.384615384615,0.0016121404932942125,487.45574999999997,0.031,0.32978723404255317,0-0-1093-1,y,fcd45f4d-Audio_SP21.v0,group_0,1,fave,99.93689910762177,61.594888938933686,7,ayuda,"",0.06999999999999318,la,económica,a,ú,a,ú,internal
353.8638107868016,1863.5792512907515,2234.943367887166,2.676528630374327,2.7339449229992376,3.1676015259146832,5153.846153846154,9.248122835870062e-6,495.65275,0.025,0.33783783783783783,0-0-1115-2,y,fcd45f4d-Audio_SP21.v0,group_0,1,fave,94.73637450030981,68.2169856546703,7,soy,"",0.05000000000001137,como,informático,ó,#,ó,i,final
388.05301620916424,1943.5891737464947,2581.60664340697,2.0640489617077815,2.5810897364694263,2.612752479432591,5333.333333333333,0.0000230396740718116,510.61875000000003,0.037,0.32456140350877194,0-0-1156-7,y,fcd45f4d-Audio_SP21.v0,group_0,1,fave,132.82871738077517,70.09195721452542,7,Infinity,"",0.08999999999997499,Axie,",",t,#,t,.,final
391.8232203242333,1788.1218164760317,2370.6981423242705,3.249143501909666,3.066238871125896,3.625092084295211,4794.871794871795,0.00046863750166058877,511.20875,0.037,0.32456140350877194,0-0-1160-2,y,fcd45f4d-Audio_SP21.v0,group_0,1,fave,106.9457730597769,76.86826446468129,7,muy,"",0.08999999999997499,es,reconocido,ú,#,ú,r,final
414.5853189045134,1747.6438616618582,2620.2625883895194,2.6536616854940185,3.045093633516089,3.3895651982214634,4794.871794871795,0.0005923516241031929,603.64275,0.045,0.33582089552238803,0-0-1331-1,y,fcd45f4d-Audio_SP21.v0,group_0,1,fave,150.50768004689306,71.52585924812095,7,hay,"",0.11000000000001364,ahorita,un,á,#,á,ú,final
270.54706280842555,2198.5225555682077,3122.0556829276543,2.643997391920562,3.9722949422972644,4.269887432842701,5153.846153846154,0.0020625753374398357,614.5957500000001,0.031,0.32978723404255317,0-0-1360-0,y,fcd45f4d-Audio_SP21.v0,group_0,1,fave,101.72107498999706,59.77489499360423,7,Yahoo,"",0.06999999999993634,y,.,#,a,i,a,initial
432.46967380942937,1782.3191136160422,2486.1008412345545,2.62969126263566,2.8474196097894007,3.6090735239842426,5333.333333333333,0.00023639883156334208,643.5957500000001,0.031,0.32978723404255317,0-0-1456-1,y,fcd45f4d-Audio_SP21.v0,group_0,1,fave,103.10267494876685,76.83429469630121,7,hay,"",0.06999999999993634,%%,muchas,á,#,á,m,final
294.0541124183048,1995.3809046177837,2779.382940222586,2.3267230202798297,3.362257767441822,3.383088555303812,4794.871794871795,0.00971548014143752,707.4537499999999,0.067,0.32843137254901966,0-0-1634-0,y,fcd45f4d-Audio_SP21.v0,group_0,1,fave,113.56941950118998,68.52392542430879,7,yo,"",0.18000000000006366,[silence],he,#,ó,.,ó,initial
307.26219140551785,1793.8450376578128,2667.4309659133437,2.3948181802048687,3.0980350703017745,3.697271899379325,4974.358974358975,0.00029018283100584014,714.80875,0.037000000000000005,0.324561403508772,0-0-1661-0,y,fcd45f4d-Audio_SP21.v0,group_0,1,fave,113.71405203080167,71.06184427892298,7,yo,"",0.09000000000003183,que,pensaba,#,ó,é,ó,initial
377.36553746786996,1923.3800551941777,2639.3254428612395,2.71699489584885,2.6831046479975793,3.6771473380017223,4974.358974358975,0.0041359424041690525,720.03075,0.041,0.3306451612903226,0-0-1675-0,y,fcd45f4d-Audio_SP21.v0,group_0,1,fave,110.0488804960887,72.08281072457478,7,yo,"",0.10000000000002274,%%,acepté,#,ó,&,ó,initial
430.5103899704418,1945.4053717705171,2249.1121642301387,2.3246121521008742,2.8295921687552323,3.7472286520806106,5153.846153846154,0.002349188391123125,745.42375,0.047,0.3263888888888889,0-0-1734-1,y,fcd45f4d-Audio_SP21.v0,group_0,1,fave,133.81388636920752,72.99459247377881,7,hay,"",0.12000000000000455,[silence],tareas,á,#,á,t,final
445.9183861232438,1653.8039140355515,2470.779737923126,2.508446285483452,3.078332634025119,3.4545124790678607,5153.846153846154,0.00007261131665563619,762.04375,0.027000000000000003,0.32142857142857145,0-0-1792-1,y,fcd45f4d-Audio_SP21.v0,group_0,1,fave,101.36813005877579,77.91484386332671,7,hay,"",0.06000000000005912,que,que,á,#,á,k,final
430.41242398901767,1581.4969488715676,2809.135438980899,3.0899464235101455,3.6002930183495443,4.106002749718881,5333.333333333333,0.0006579299351819226,792.93375,0.027000000000000003,0.32142857142857145,0-0-1851-2,y,fcd45f4d-Audio_SP21.v0,group_0,1,fave,120.64479832670658,69.83958045106523,7,mayoría,"",0.06000000000005912,la,de,a,ó,a,ó,internal
227.39225930392308,2475.8423263689588,3713.327586316952,2.867956364162877,4.1435235288085925,4.267311177964877,6230.7692307692305,0.012048903256889974,836.8387500000001,0.037,0.32456140350877194,0-0-1973-0,y,fcd45f4d-Audio_SP21.v0,group_0,1,fave,170.0726503135463,56.167439053232826,7,yo,"",0.08999999999991815,[silence],me,#,ó,.,ó,initial
449.11720964622043,1304.85209025999,2384.6995470930947,2.7586540940413915,3.5260131744137544,3.8618918599286594,4974.358974358975,0.0005276686065452703,870.5137500000001,0.027000000000000003,0.32142857142857145,0-0-2059-1,y,fcd45f4d-Audio_SP21.v0,group_0,1,fave,120.25705387294205,77.30254527739213,7,Oye,"",0.05999999999994543,[silence],yo,ó,e,ó,e,internal
286.0319782538749,1893.9518499698788,2803.1624258444867,2.7224503389020978,2.5790326596147497,3.57844056635314,4794.871794871795,0.0004985392787474745,870.6337500000001,0.047,0.3263888888888889,0-0-2060-0,y,fcd45f4d-Audio_SP21.v0,group_0,1,fave,104.95325893729975,69.8377377078318,7,yo,"",0.12000000000000455,Oye,[silence],#,ó,e,ó,initial
388.17445087174224,1950.9094182398374,2756.4416924808497,2.490860043287183,2.9475725379758386,3.2510538396583115,4794.871794871795,0.00005890610458626338,927.29775,0.035,0.3365384615384616,0-0-2194-0,y,fcd45f4d-Audio_SP21.v0,group_0,1,fave,105.75023279253223,73.97813327957209,7,ya,"",0.08000000000004093,que,[silence],#,á,é,á,initial
414.28967514753424,2203.377701272054,2705.8468158987594,2.0992939235625636,3.0946711440710306,3.2255864091028283,5153.846153846154,0.00423640453326018,949.91075,0.101,0.3322368421052631,0-0-2256-1,y,fcd45f4d-Audio_SP21.v0,group_0,1,fave,136.83469821265973,72.58691788257624,7,hay,"",0.2799999999999727,",",que,á,#,á,k,final
237.34453908878874,1107.6997160869457,2288.403342519261,2.6432024462849406,3.901805157582214,3.888021052858457,4256.410256410256,0.006812694464690176,973.03375,0.047,0.3263888888888889,0-0-2287-0,y,fcd45f4d-Audio_SP21.v0,group_0,1,fave,142.70451350990652,62.03289685996837,7,ya,"",0.12000000000000455,",",realizo,#,á,.,á,initial
297.44335590609603,2032.366550907947,2587.0141048416867,2.6501755055750453,4.320098941949933,4.062535336785007,5333.333333333333,0.0025054451002161074,980.45775,0.035,0.3365384615384616,0-0-2312-0,y,fcd45f4d-Audio_SP21.v0,group_0,1,fave,103.83552730664992,67.8008388991134,7,yo,"",0.07999999999992724,que,les,#,ó,é,ó,initial
383.40250051095995,1407.5289986968705,2964.6012055486026,2.469259833160648,3.884504199098999,4.505980499504555,5692.3076923076915,0.007478893151442144,986.05575,0.031,0.32978723404255317,0-0-2334-0,y,fcd45f4d-Audio_SP21.v0,group_0,1,fave,105.50586669358185,73.85304091038559,7,ya,"",0.07000000000005002,tengo,tiempo,#,á,o,á,initial
407.602120871671,1748.7899160570817,2590.673344440892,2.1959279455666283,3.6182587852873276,2.9024021511307176,4794.871794871795,0.0007822800045924475,1033.3887499999998,0.037,0.32456140350877194,0-0-2445-0,y,fcd45f4d-Audio_SP21.v0,group_0,1,fave,136.72075723953327,66.60022905822483,7,yo,"",0.09000000000014552,tarea,los,#,ó,a,ó,initial
216.62447647857576,1689.0999969193824,3710.99688475053,2.874246054339368,4.695624518093147,4.790489265696949,8564.102564102563,0.002059936154541661,1033.76775,0.035,0.33653846153846156,0-0-2447-1,y,fcd45f4d-Audio_SP21.v0,group_0,1,fave,106.07937174806045,62.047844001118406,7,ayudo,"",0.07999999999992724,los,los,a,ú,a,ú,internal
470.91613179059203,1690.7004589055364,2413.455565894938,2.814185196941706,4.041523427838152,3.676525774732949,4974.358974358975,0.0011268784208809807,1052.9407500000002,0.041,0.3306451612903226,0-0-2510-1,y,fcd45f4d-Audio_SP21.v0,group_0,1,fave,113.93335306951742,75.10927317376367,7,hay,"",0.09999999999990905,[silence],trabajadores,á,#,á,t,final
431.17986144426317,1908.0531668147228,2620.8754011847245,2.6003532630390565,3.0163187637993336,3.425413311896317,4974.358974358975,0.000610646028226458,1054.48275,0.045,0.3358208955223881,0-0-2515-1,y,fcd45f4d-Audio_SP21.v0,group_0,1,fave,113.67321209526618,77.91347083701763,7,hay,"",0.10999999999989996,[silence],empleadores,á,#,á,e,final
475.5858777213016,1907.5542397104568,2726.2300868273865,2.814268307384586,2.814158599478378,3.0880136495169164,4615.384615384615,0.0018573191658289674,1061.24575,0.031,0.32978723404255317,0-0-2544-0,y,fcd45f4d-Audio_SP21.v0,group_0,1,fave,230.36845731441846,68.42451996861706,7,ya,"",0.06999999999993634,que,uno,#,á,é,á,initial
419.52481136997454,2071.4065682857104,2494.781156512578,2.302463700933981,3.53093642568198,3.1164655773261254,5153.846153846154,0.00017028760069959828,1106.60575,0.051000000000000004,0.3311688311688312,0-0-2598-1,y,fcd45f4d-Audio_SP21.v0,group_0,1,fave,105.04621218203096,76.27337409449659,7,hay,"",0.13000000000010914,",",bastante,á,#,á,b,final
444.2962510645867,1764.6434150205469,2277.1715901749635,2.8115607984672017,3.6469755071950463,2.7507452623696076,4974.358974358975,0.00027695937757464675,1111.26775,0.035,0.33653846153846156,0-0-2610-2,y,fcd45f4d-Audio_SP21.v0,group_0,1,fave,112.80683890166989,77.76396043840354,7,muy,"",0.07999999999992724,pagan,bien,ú,#,ú,b,final
459.27528353605317,1967.9878202469106,2687.418556734275,2.5987676161973,3.724016034474765,3.392831599424862,5333.333333333333,0.008813212958670175,1158.11075,0.08099999999999999,0.3319672131147541,0-0-2729-0,y,fcd45f4d-Audio_SP21.v0,group_0,1,fave,126.28068221989201,78.81716869547687,7,yo,"",0.22000000000002728,[nontrans],por,#,ó,.,ó,initial
292.2029140002617,1709.4529328635704,2625.7025599405665,3.1695793655938225,4.124640466753732,3.530615119037655,5512.820512820513,0.0005154219510393062,1160.1327499999998,0.025,0.33783783783783783,0-0-2734-0,y,fcd45f4d-Audio_SP21.v0,group_0,1,fave,235.1787860141229,63.30241183188112,7,yo,"",0.0500000000001819,[silence],por,#,ó,.,ó,initial
316.49256219301134,1699.8912038611825,2722.228077353858,2.3214622224408785,3.6823416260997517,3.1439540625308684,4794.871794871795,0.00022528365260541692,1214.8537499999998,0.027000000000000003,0.32142857142857145,0-0-2820-0,y,fcd45f4d-Audio_SP21.v0,group_0,1,fave,156.23487337357554,69.46818292779943,7,ya,"",0.060000000000172804,Microworkers,no,#,á,s,á,initial
203.3643451224756,2276.6259480206845,3586.3481686181026,2.514172099899934,4.715028554283112,4.287848208067672,6769.2307692307695,0.00812800568831131,1229.89875,0.037,0.32456140350877194,0-0-2870-0,y,fcd45f4d-Audio_SP21.v0,group_0,1,fave,220.0802165091229,65.17873635545573,7,ya,"",0.08999999999991815,[silence],no,#,á,.,á,initial
396.70126929731185,1968.1658384573066,2584.3654073351126,2.6256870460294666,2.8114824752474554,2.736260441782504,4974.358974358975,0.00007302799923571253,1253.15375,0.027000000000000003,0.32142857142857145,0-0-2944-0,y,fcd45f4d-Audio_SP21.v0,group_0,1,fave,108.70993750402222,69.78252257527784,7,ya,"",0.05999999999994543,que,colocan,#,á,é,á,initial
434.8242257371601,1911.0016192746514,2483.741086420978,2.0161995421536494,3.134982674615348,4.416615109827574,5871.794871794871,0.0019604593365393636,1510.7637499999998,0.047,0.3263888888888889,0-0-3495-2,y,fcd45f4d-Audio_SP21.v0,group_0,1,fave,166.83939461867539,72.24340282633608,7,Paypal,"",0.11999999999989086,en,[silence],a,p,a,p,internal
400.79514194038194,1732.4325005604524,2789.5888405924406,2.596211834278913,3.9133018353410214,4.121487852511928,5512.820512820513,0.00036734883494770086,1511.7537499999999,0.027000000000000003,0.32142857142857145,0-0-3500-0,y,fcd45f4d-Audio_SP21.v0,group_0,1,fave,321.8973465245615,70.03592957625216,7,ya,"",0.05999999999994543,",",aquí,#,á,.,á,initial
486.2634916313173,1793.2152874654573,3840.5869156066037,2.455863603923451,4.622598618993281,4.318982809077496,6589.74358974359,0.0015282460964436584,1513.16775,0.035,0.33653846153846156,0-0-3506-0,y,fcd45f4d-Audio_SP21.v0,group_0,1,fave,101.70430903475207,66.1539160503966,7,ya,"",0.07999999999992724,maneja,[silence],#,á,a,á,initial
442.1781536830911,2256.844827469019,3552.0070713080677,2.733709066058723,4.984096191381054,4.415811427738766,6410.25641025641,0.0019268449531741878,1529.63575,0.031,0.32978723404255317,0-0-3572-2,y,fcd45f4d-Audio_SP21.v0,group_0,1,fave,211.80349548119594,63.94522298260187,7,vaya,"",0.07000000000016371,me,[silence],á,a,á,a,internal
504.7371727242787,1835.9225079400967,2440.6611067045073,2.4107273362997046,3.002095172489507,4.399129081710808,5512.820512820513,0.00015028664719962182,1581.97775,0.035,0.33653846153846156,0-0-3629-1,y,fcd45f4d-Audio_SP21.v0,group_0,1,fave,114.24008271682057,77.37686861842292,7,hay,"",0.07999999999992724,sí,mucha,á,#,á,m,final
445.5914379973782,1695.2513155033846,3064.5306969411517,2.7641610440820874,3.2987834274581007,4.339037421749643,5692.3076923076915,0.0009912554678368894,1596.6187499999999,0.037,0.32456140350877194,0-0-3674-1,y,fcd45f4d-Audio_SP21.v0,group_0,1,fave,114.38648329572207,75.39203287966114,7,hoy,"",0.09000000000014552,que,en,ó,#,ó,e,final
287.2880882571858,1902.3487030727033,3318.0122852947898,2.843067416327959,4.615194771211932,4.914475818384521,6589.74358974359,0.0182066689877823,1621.7207500000002,0.041,0.3306451612903226,0-0-3737-0,y,fcd45f4d-Audio_SP21.v0,group_0,1,fave,158.03282165110326,66.39857081587171,7,Youtube,"",0.09999999999990905,de,",",#,o,e,o,initial
452.4493811589759,1787.8071265539818,2688.514326219529,2.765098794159862,4.570674017993397,4.55032875762378,5512.820512820513,0.0006353795769473353,1774.3837499999997,0.027000000000000003,0.32142857142857145,0-0-4062-1,y,fcd45f4d-Audio_SP21.v0,group_0,1,fave,103.24359328162326,65.59674057983736,7,ayudo,"",0.060000000000172804,los,en,a,ú,a,ú,internal
426.0245115635316,2151.8357636174487,2642.949666172238,2.610351364556286,3.1558820368590252,3.7748424361659807,5512.820512820513,0.002983811298199297,1776.04375,0.10700000000000001,0.3302469135802469,0-0-4069-1,y,fcd45f4d-Audio_SP21.v0,group_0,1,fave,110.37812502552636,75.8683277085628,7,hay,"",0.2999999999999545,[silence],gente,á,#,á,x,final
261.76461294980334,1685.37360274027,3046.4256525273904,2.2565364391231015,4.091069823474887,4.469792091690884,6230.7692307692305,0.0017695055421842847,1866.7527499999999,0.045,0.3358208955223881,0-0-4268-0,y,fcd45f4d-Audio_SP21.v0,group_0,1,fave,105.2655437018553,69.47212786341218,7,ya,"",0.10999999999989996,porque,mi,#,á,e,á,initial
369.0509440916463,1938.199764949647,2436.8641011590166,3.0336556080785213,3.9730754197239553,4.550351289522961,4794.871794871795,0.0058916073327553425,1906.9937499999999,0.047,0.3263888888888889,0-0-4335-1,y,fcd45f4d-Audio_SP21.v0,group_0,1,fave,104.87566514078492,70.93389790192602,7,ayuda,"",0.11999999999989086,[silence],a,a,ú,a,ú,internal
442.31352041076934,1672.1511697372048,2309.875061003509,2.3605650637202746,3.7055920960653697,4.110321798155279,5153.846153846154,0.00006904746321717385,1916.21375,0.027000000000000003,0.32142857142857145,0-0-4361-1,y,fcd45f4d-Audio_SP21.v0,group_0,1,fave,109.32650934466488,76.1599318116776,7,hay,"",0.05999999999994543,[silence],más,á,#,á,m,final
286.2977553989334,1313.8909884628997,3388.227521546635,3.010113934205279,5.084064009525657,4.8567387150583246,7487.179487179487,0.008196400644367064,1925.21375,0.027000000000000003,0.32142857142857145,0-0-4385-4,y,fcd45f4d-Audio_SP21.v0,group_0,1,fave,121.93094833262528,49.168949446587845,7,Estoy,"",0.05999999999994543,%%,en,ó,#,ó,e,final
406.45173870919734,1901.8220637876348,2484.539581494322,2.606661505434216,3.165646469799249,3.8953919919482907,5333.333333333333,0.0005163262046905287,1951.49875,0.037,0.32456140350877194,0-0-4422-1,y,fcd45f4d-Audio_SP21.v0,group_0,1,fave,99.16942030767855,70.49011740381471,7,hay,"",0.08999999999991815,porque,personas,á,#,á,p,final
403.0895000566053,1904.7122742300994,2558.413023713795,2.8590062347940464,2.92961578207515,4.39993865660122,4974.358974358975,0.003238229731318214,2036.8227499999998,0.045,0.3358208955223881,0-0-4596-0,y,fcd45f4d-Audio_SP21.v0,group_0,1,fave,109.63852467276968,73.51720323075584,7,yo,"",0.11000000000012733,[silence],realizo,#,ó,.,ó,initial
429.4415994520129,1775.2694549518756,3068.496359608335,2.6063938131890345,3.2429715887757427,3.9233345947601475,6230.7692307692305,0.0018383722410134544,2134.08575,0.031,0.32978723404255317,0-0-4648-2,y,fcd45f4d-Audio_SP21.v0,group_0,1,fave,127.83613259544953,75.04146451345918,7,muy,"",0.06999999999970896,es,amplio,ú,#,ú,á,final
305.3958812731768,2110.559341722185,3008.1901395393525,2.879666322720105,3.489281329815592,4.253696001995359,5512.820512820513,0.0031026764969802204,2151.28775,0.035,0.33653846153846156,0-0-4701-0,y,fcd45f4d-Audio_SP21.v0,group_0,1,fave,100.80166769722943,66.78643379906151,7,yo,"",0.07999999999992724,que,no,#,ó,é,ó,initial
265.75242223933503,2202.181741333763,3430.182935135948,2.276778296156646,4.1556946374165005,4.655974995186134,5871.794871794871,0.003977098742890724,2168.4807499999997,0.041,0.3306451612903226,0-0-4746-0,y,fcd45f4d-Audio_SP21.v0,group_0,1,fave,108.78662961463067,70.36906655347333,7,ya,"",0.09999999999990905,trabajando,en,#,á,o,á,initial
353.90171876819704,2274.4708504420105,3476.3645196248813,2.940968479363332,3.12794704352476,5.179865329929083,6230.7692307692305,0.014872723658891227,2351.16275,0.125,0.33422459893048123,0-0-4967-2,y,fcd45f4d-Audio_SP21.v0,group_0,1,fave,115.55414208877814,76.64403074522701,7,muy,"",0.34999999999990905,[silence],presencial,ú,#,ú,p,final
395.3211006562966,2141.439335375693,2404.233987408577,2.8112699000435812,2.9896223619605453,3.6172420064134587,5153.846153846154,0.001594923295395683,2357.09575,0.091,0.33211678832116787,0-0-4982-2,y,fcd45f4d-Audio_SP21.v0,group_0,1,fave,112.64681185696372,73.67564431883888,7,muy,"",0.25,es,difícil,ú,#,ú,d,final
398.13918467824135,1831.0690746460996,2459.859152964734,2.6460814968485153,3.130855211428655,3.8452205588970103,5333.333333333333,0.0001170832280535689,2368.09775,0.035,0.3365384615384616,0-0-5006-5,y,fcd45f4d-Audio_SP21.v0,group_0,1,fave,148.3183766104684,64.74970587784047,7,influyó,"",0.07999999999992724,sí,un,ú,o,ú,o,internal
411.62471315030604,1623.5077351751895,2032.983099930906,2.8279674648528585,3.5540178191198266,4.198959526846775,5692.3076923076915,0.001832567770101753,2394.8337500000002,0.027000000000000003,0.32142857142857145,0-0-5088-2,y,fcd45f4d-Audio_SP21.v0,group_0,1,fave,132.2002882561549,72.74370753018837,7,muy,"",0.05999999999994543,era,poco,ú,#,ú,p,final
478.61323830108154,1559.8283900462,3467.3703053241047,3.55052250109215,3.858467505465852,4.36258326057803,5692.3076923076915,0.00026742118787578324,2439.46775,0.035,0.33653846153846156,0-0-5167-1,y,fcd45f4d-Audio_SP21.v0,group_0,1,fave,104.91248171580574,74.80140092068906,7,hay,"",0.08000000000038199,no,[silence],á,#,á,.,final
309.97178547609315,1463.1420766187166,3341.8032468342863,3.1937336746497316,4.145199428742791,4.540962191497092,5153.846153846154,0.0006606583596124176,2440.75275,0.025,0.33783783783783783,0-0-5172-2,y,fcd45f4d-Audio_SP21.v0,group_0,1,fave,105.1766751773822,65.93034003266855,7,mayor,"",0.0500000000001819,ningún,esfuerzo,a,ó,a,ó,internal
412.25730092990364,2180.6425126189397,3890.358336563163,2.1595530468845285,4.62270859204734,5.067735831604346,5692.3076923076915,0.0008344962463338483,2476.69275,0.025,0.33783783783783783,0-0-5250-1,y,fcd45f4d-Audio_SP21.v0,group_0,1,fave,104.43270739484176,74.2700110365555,7,hay,"",0.0500000000001819,porque,veces,á,#,á,b,final
398.25500568512626,1873.841715055076,2897.0670796402974,2.4195314435988813,2.5762156962257157,4.999935887304998,5333.333333333333,0.00039810214798915766,2488.91575,0.031,0.32978723404255317,0-0-5289-0,y,fcd45f4d-Audio_SP21.v0,group_0,1,fave,100.90110660907736,72.2668972521612,7,yo,"",0.06999999999970896,[silence],creo,#,ó,.,ó,initial
414.82640368685173,1448.702647555218,2177.7515731924686,2.9479871725865943,3.896850850243784,4.956888437786535,5153.846153846154,0.0004525788795142763,2630.5127500000003,0.025,0.33783783783783783,0-0-5421-1,y,fcd45f4d-Audio_SP21.v0,group_0,1,fave,106.74191618226473,70.87700547584065,7,haya,"",0.0500000000001819,lo,podido,á,a,á,a,internal
359.36753448294,1731.1874167053504,2789.027777280754,3.0066654938697774,4.195278399931991,4.693699469499086,4794.871794871795,0.007233770753327698,2631.2007499999995,0.041,0.3306451612903226,0-0-5424-1,y,fcd45f4d-Audio_SP21.v0,group_0,1,fave,122.32032049640966,67.5807007652766,7,ayudado,"",0.1000000000003638,haber,en,a,u,a,u,internal
445.2960716591153,1137.4333376440204,2278.8404354980694,2.235115404676272,3.5342018733596476,3.915016154061627,5153.846153846154,0.00020131984765386473,19.97775,0.035,0.3365384615384616,0-0-5-5,o,fcd45f4d-Audio_SP21.v0,group_0,1,fave,115.39355244738819,80.91489318677702,7,amplio,"",0.0799999999999983,muy,.,i,#,i,.,final
429.11203446969034,849.4874437137179,3258.7300936865627,2.801063698802184,2.7646159987204206,4.927954659389937,6230.7692307692305,0.023187851837132786,27.46775,0.235,0.3338068181818181,0-0-19-5,o,fcd45f4d-Audio_SP21.v0,group_0,1,fave,174.48703478679562,76.87067540509237,7,ejerzo,"",0.6799999999999997,",",[silence],z,#,z,.,final
489.2766626869329,999.3102391951287,2129.53579873717,2.791257522501365,2.2797927977437835,4.405299736847532,5153.846153846154,0.00010790127050676843,29.38775,0.035,0.3365384615384616,0-0-22-4,o,fcd45f4d-Audio_SP21.v0,group_0,1,fave,126.81853868090965,78.58027295244396,7,cargo,"",0.0799999999999983,el,de,g,#,g,d,final
524.1138036177142,1089.4263999283746,2455.309728535275,3.236790672730995,3.0352549538583355,4.859023121662811,4435.897435897436,0.0052854929603294775,30.64575,0.031,0.32978723404255317,0-0-27-1,o,fcd45f4d-Audio_SP21.v0,group_0,1,fave,NaN,71.6072682129077,7,soporte,"",0.07000000000000028,en,[silence],s,p,s,p,internal
569.5062543683313,801.8649951763588,2226.2160586211844,3.461057688867232,3.2626042681386083,4.4200845182206,5512.820512820513,0.007876573473072537,32.360749999999996,0.121,0.33241758241758235,0-0-31-4,o,fcd45f4d-Audio_SP21.v0,group_0,1,fave,118.49921764285205,74.94994038581737,7,hacemos,"",0.3400000000000034,[pron=pi],todo,m,s,m,s,internal
475.48515417602306,947.0973808872799,2198.6182363883386,1.822263288564878,2.3405375890992115,4.44564100596689,5333.333333333333,0.0001479719858759738,32.81875,0.037,0.32456140350877194,0-0-32-3,o,fcd45f4d-Audio_SP21.v0,group_0,1,fave,119.60027945741278,81.57132379993041,7,todo,"",0.09000000000000341,hacemos,lo,d,#,d,l,final
487.49606520858686,1006.4783024038254,1832.8479700801595,2.4987464087366558,2.3324122849654545,4.733595163605308,5153.846153846154,0.0004087463757877486,32.963750000000005,0.027000000000000003,0.32142857142857145,0-0-33-1,o,fcd45f4d-Audio_SP21.v0,group_0,1,fave,121.27613484106676,78.59000478818089,7,lo,"",0.05999999999999517,todo,que,l,#,l,k,final
483.2805358533174,858.5048721943733,3418.4589346667776,3.1640322420387803,2.6754659699042613,4.8835208174177875,6051.282051282051,0.00599677117390055,34.515750000000004,0.091,0.33211678832116787,0-0-39-4,o,fcd45f4d-Audio_SP21.v0,group_0,1,fave,123.65232665246835,73.7039138930653,7,equipo,"",0.25,de,prevención,p,#,p,p,final
548.9817342122242,1090.2543483050963,2074.495871786888,4.000963387128049,3.752845143562878,3.609451978230516,5333.333333333333,0.00010124158624456478,35.17275,0.025,0.33783783783783783,0-0-40-8,o,fcd45f4d-Audio_SP21.v0,group_0,1,fave,103.64855495547152,71.08759480963226,7,prevención,"",0.05000000000000426,equipo,y,i,n,i,n,internal
450.0133759798895,1138.2245504482248,2161.817017182693,2.9957762334192943,3.0992920947797797,3.496315999752624,5512.820512820513,0.0008020573326196245,35.77875,0.037000000000000005,0.324561403508772,0-0-42-7,o,fcd45f4d-Audio_SP21.v0,group_0,1,fave,105.75369488697304,75.76839033811379,7,corrección,"",0.09000000000000341,y,[silence],i,n,i,n,internal
502.6687052104639,1085.2714035359957,2180.4835597106076,2.9111660324919373,2.8511535555585032,3.752759219458948,5153.846153846154,0.0011358552700166317,36.488749999999996,0.057,0.32758620689655177,0-0-45-1,o,fcd45f4d-Audio_SP21.v0,group_0,1,fave,127.87612833071569,79.28356761438036,7,software,"",0.14999999999999858,es,sistema,s,f,s,f,internal
589.5627406778202,937.6928637094882,2118.8899042526564,3.196489269162499,2.8168224487758797,4.131642925485727,5153.846153846154,0.000030467141337562068,37.17275,0.025,0.33783783783783783,0-0-47-0,o,fcd45f4d-Audio_SP21.v0,group_0,1,fave,119.28420959532528,73.65022434622473,7,operativo,"",0.05000000000000426,sistema,redes,#,p,a,p,initial
463.0569442545182,982.6851521906497,2345.42500254756,2.6347369384394295,2.2078994099722653,4.451219603566392,5333.333333333333,0.0002479866376662404,37.59875,0.037,0.32456140350877194,0-0-47-8,o,fcd45f4d-Audio_SP21.v0,group_0,1,fave,111.19230925159138,77.61583822706834,7,operativo,"",0.09000000000000341,sistema,redes,b,#,b,r,final
584.4588858663049,852.3298459924754,2084.5003948100507,3.5603218186372794,3.0344933639971585,4.321715537057836,5512.820512820513,0.0014546060696984653,42.13875,0.037000000000000005,0.324561403508772,0-0-56-3,o,fcd45f4d-Audio_SP21.v0,group_0,1,fave,113.33434445998705,73.07811562975571,7,como,"",0.09000000000000341,infraestructura,tal,m,#,m,t,final
534.6188812018489,780.5785358440536,2266.607839634678,3.764312620590247,2.76959005191758,4.169723883271651,5692.3076923076915,0.00008316886618817276,44.963750000000005,0.027000000000000003,0.32142857142857145,0-0-63-7,o,fcd45f4d-Audio_SP21.v0,group_0,1,fave,106.37307251889519,71.28485204463243,7,cambiamos,"",0.05999999999999517,computadoras,piezas,m,s,m,s,internal
473.0779128949644,796.1851831097525,2516.896334368264,2.7636163913682874,2.745275253880385,5.005562649392286,5333.333333333333,0.0074405612998133565,49.29375,0.067,0.3284313725490196,0-0-75-6,o,fcd45f4d-Audio_SP21.v0,group_0,1,fave,119.14054488145973,77.5510925123365,7,trabajo,"",0.17999999999999972,ese,básico,x,#,x,b,final
499.3014293725848,912.4741149491683,3508.4760132181586,2.91667557802419,2.7759140425988047,4.184004124183217,6769.2307692307695,0.000670735278855535,49.76275,0.045,0.33582089552238803,0-0-76-5,o,fcd45f4d-Audio_SP21.v0,group_0,1,fave,128.86790337861893,69.21571259740172,7,básico,"",0.10999999999999943,trabajo,acá,k,#,k,á,final
549.7771528382323,896.3009990908123,1558.1691868243952,3.6081370012742915,2.912579646138146,5.067123983557772,5333.333333333333,0.004655762381359224,51.64575000000001,0.031,0.32978723404255317,0-0-82-6,o,fcd45f4d-Audio_SP21.v0,group_0,1,fave,131.454319592237,74.80842648747182,7,trabajo,"",0.07000000000000028,mi,como,x,#,x,k,final
587.5529064268347,814.287915719977,2098.420469411314,3.3360947914979047,2.8621309301803706,4.522068569099314,5153.846153846154,0.002494982569423826,51.85775,0.035,0.3365384615384616,0-0-83-3,o,fcd45f4d-Audio_SP21.v0,group_0,1,fave,104.83500679122376,74.53564506953849,7,como,"",0.0799999999999983,trabajo,tal,m,#,m,t,final
427.95460852047864,970.362586392063,2209.2435559847268,3.1165595472069616,2.7973819289144446,3.8207288239160184,5153.846153846154,0.001142882535077714,55.54275,0.045,0.3358208955223881,0-0-92-4,o,fcd45f4d-Audio_SP21.v0,group_0,1,fave,126.28813111743531,76.49979155842337,7,curso,"",0.10999999999999943,un,de,s,#,s,d,final
506.6901677121829,1002.8720012029651,1938.7907980874018,2.815098170942613,2.557248121736463,3.823326316559063,5512.820512820513,0.0000636283107640909,55.893750000000004,0.027000000000000003,0.32142857142857145,0-0-94-2,o,fcd45f4d-Audio_SP21.v0,group_0,1,fave,121.25427756189409,79.49811310757465,7,programación,"",0.05999999999999517,de,",",R,g,R,g,internal
492.35203502547716,1002.182248325317,2054.039689362702,3.0627781896323483,3.12390100625521,3.5016221258877764,5512.820512820513,0.0009821882723245932,56.36775000000001,0.055,0.33536585365853655,0-0-94-10,o,fcd45f4d-Audio_SP21.v0,group_0,1,fave,118.3698958464576,75.77859519058589,7,programación,"",0.13999999999999346,de,",",i,n,i,n,internal
501.99346764776203,879.068800279604,1586.7123446268395,3.0966140125345003,3.926875280347288,3.4622196936516567,3717.948717948718,0.0008276440180878829,59.41375,0.027000000000000003,0.32142857142857145,0-0-105-9,o,fcd45f4d-Audio_SP21.v0,group_0,1,fave,118.2798579634805,69.8665228137902,7,especializo,"",0.060000000000002274,me,en,z,#,z,e,final
521.2499884864466,1089.692468022422,2056.4657942143367,2.846312005133809,2.7104047346866422,3.4724758953703936,6051.282051282051,3.9993303599120754e-6,60.20375,0.027000000000000003,0.32142857142857145,0-0-111-2,o,fcd45f4d-Audio_SP21.v0,group_0,1,fave,127.8983131348341,79.57835989401804,7,programación,"",0.060000000000002274,en,en,R,g,R,g,internal
452.1182741611866,1268.606793211704,2237.768844641447,2.7931454653673033,3.225655043159766,3.6955944329035177,5512.820512820513,0.0003795519125582033,60.61075,0.041,0.3306451612903226,0-0-111-10,o,fcd45f4d-Audio_SP21.v0,group_0,1,fave,108.38934319490885,77.46399310784477,7,programación,"",0.09999999999999432,en,en,i,n,i,n,internal
493.6470017479491,1011.5890490379905,2019.968216706867,3.6098636839939453,3.5004135543399295,4.057146903026822,5871.794871794871,0.0006550305101444763,82.16775,0.035,0.3365384615384616,0-0-129-1,o,fcd45f4d-Audio_SP21.v0,group_0,1,fave,109.7850368819053,71.47030900371047,7,nosotros,"",0.0799999999999983,Bueno,acá,n,s,n,s,internal
462.8566443057976,993.9969537679334,1880.197770382367,2.8189248615777904,2.9920410118103553,3.048204373153911,5512.820512820513,0.00005689982490729389,82.57074999999999,0.041,0.3306451612903226,0-0-129-6,o,fcd45f4d-Audio_SP21.v0,group_0,1,fave,145.76525004682702,74.03912294562761,7,nosotros,"",0.10000000000000853,Bueno,acá,R,s,R,s,internal
467.4705942563092,958.9006993646484,1821.44603947573,2.8744909826942595,2.624587876136503,4.536212545809092,5333.333333333333,0.00009504756978081244,83.02375,0.027000000000000003,0.32142857142857145,0-0-131-1,o,fcd45f4d-Audio_SP21.v0,group_0,1,fave,127.9444099917263,73.14137954897399,7,contamos,"",0.05999999999998806,acá,la,k,n,k,n,internal
474.18726960872044,711.3278763684476,2222.284246758508,3.4281309207182846,3.2852739723482998,4.305940029879832,5512.820512820513,0.0011693615898098427,83.38074999999999,0.061000000000000006,0.3315217391304348,0-0-131-6,o,fcd45f4d-Audio_SP21.v0,group_0,1,fave,134.74876383446298,68.83796207603164,7,contamos,"",0.1600000000000108,acá,la,m,s,m,s,internal
588.9788133453409,1033.3424099772158,3440.7300390627865,3.3243582677726202,2.905895931116107,4.330496482215854,6230.7692307692305,0.0017712862869547696,84.07575,0.031,0.32978723404255317,0-0-134-1,o,fcd45f4d-Audio_SP21.v0,group_0,1,fave,122.86938648839312,76.34238985822644,7,nos,"",0.06999999999999318,empresa,dota,n,s,n,s,internal
439.43497907101,1339.8406996607248,2269.181730608845,2.320410331393445,3.044542709364486,3.4184919775575455,5333.333333333333,0.00019347675404038188,86.08774999999999,0.035,0.3365384615384616,0-0-140-2,o,fcd45f4d-Audio_SP21.v0,group_0,1,fave,107.74680399339192,80.77258909681977,7,bioseguridad,"",0.0800000000000125,de,[silence],i,s,i,s,internal
460.78291684003744,900.1299573826526,2147.515989707225,2.6453558566534188,2.4935437029599195,4.334496897882568,5333.333333333333,0.0006928143860360507,99.52374999999999,0.067,0.3284313725490196,0-0-173-6,o,fcd45f4d-Audio_SP21.v0,group_0,1,fave,114.77469393385961,78.3433358644115,7,nosotros,"",0.18000000000000682,a,ya,R,s,R,s,internal
529.9709655033233,940.9144537297054,1653.9765313534253,2.82305841337121,2.847118152214979,4.9033176945905605,5333.333333333333,0.0013042909866045763,106.88875,0.037,0.32456140350877194,0-0-199-5,o,fcd45f4d-Audio_SP21.v0,group_0,1,fave,122.20001017853126,77.2609330534665,7,pasado,"",0.0899999999999892,año,cuando,d,#,d,k,final
479.767066486605,1052.7940858692364,2286.3877071762804,2.9578551710118326,2.9198429668881007,4.447932780278714,5871.794871794871,0.008080961271134926,107.44875,0.057,0.32758620689655177,0-0-201-5,o,fcd45f4d-Audio_SP21.v0,group_0,1,fave,106.7283396375522,74.37438214120557,7,empezó,"",0.14999999999999147,cuando,toda,z,#,z,t,final
603.1335701047308,1048.5117219728572,2055.480424416267,3.1014912663443313,3.167839338530469,4.761092678270415,4615.384615384615,0.0029584807753153383,110.73275,0.045,0.3358208955223881,0-0-212-9,o,fcd45f4d-Audio_SP21.v0,group_0,1,fave,164.81062130197108,72.12851650463543,7,complicado,"",0.10999999999999943,más,porque,d,#,d,p,final
596.8341018488275,1005.3464524947991,2170.9028420382724,3.6350187557022315,2.8168639291639694,4.966585264314085,5512.820512820513,0.0009287195908630967,111.29875,0.037000000000000005,0.324561403508772,0-0-214-6,o,fcd45f4d-Audio_SP21.v0,group_0,1,fave,127.73397619148709,70.05591314746647,7,estábamos,"",0.09000000000000341,porque,rotándonos,m,s,m,s,internal
490.3040960372461,1007.751539984009,1863.4913609626403,3.0289003756454607,2.5343247644907945,4.07599368575505,5153.846153846154,0.0005502020477841535,111.47774999999999,0.035,0.3365384615384616,0-0-215-1,o,fcd45f4d-Audio_SP21.v0,group_0,1,fave,105.92207730860645,71.52665304964295,7,rotándonos,"",0.0800000000000125,estábamos,el,r,t,r,t,internal
557.8315543137667,1022.0650625735435,2996.1810918051247,3.6505909476784253,3.235840357707902,4.150499649028881,5692.3076923076915,0.00007325233954453415,111.90775,0.035,0.33653846153846156,0-0-215-8,o,fcd45f4d-Audio_SP21.v0,group_0,1,fave,122.23643964839995,69.96789939022035,7,rotándonos,"",0.0799999999999983,estábamos,el,n,s,n,s,internal
526.7710771397758,708.3209176482347,2113.188794383014,3.8896316164019638,3.9252054815797175,4.530728712529932,4974.358974358975,0.00019593009864542714,113.37375,0.027000000000000003,0.32142857142857145,0-0-221-6,o,fcd45f4d-Audio_SP21.v0,group_0,1,fave,113.64333360937233,78.30639785652268,7,Teníamos,"",0.060000000000002274,[silence],unos,m,s,m,s,internal
511.93353762806555,1046.7749347188746,2646.8964149249214,3.779425503316645,2.9492076260148483,4.355596111999964,5512.820512820513,0.0004917015566402096,113.62774999999999,0.035,0.33653846153846156,0-0-222-2,o,fcd45f4d-Audio_SP21.v0,group_0,1,fave,107.27095330510826,71.57724269339748,7,unos,"",0.0799999999999983,Teníamos,días,n,s,n,s,internal
485.3387100615714,814.5742024850518,2229.510303607776,3.849334657433567,3.102835581485744,3.9540109983952596,5333.333333333333,0.00010585308286418705,116.77375,0.027000000000000003,0.32142857142857145,0-0-233-3,o,fcd45f4d-Audio_SP21.v0,group_0,1,fave,115.28319931649966,78.78982537134894,7,como,"",0.05999999999998806,[silence],nuestro,m,#,m,n,final
464.80484676880496,827.9343701454445,2124.815212706065,2.8336403802222314,2.4286751973186296,5.228825188280061,4974.358974358975,0.0004484441769586278,117.50274999999999,0.025,0.33783783783783783,0-0-235-6,o,fcd45f4d-Audio_SP21.v0,group_0,1,fave,123.35541927495582,80.04374560020676,7,trabajo,"",0.05000000000001137,nuestro,es,x,#,x,é,final
566.008457936962,915.1628265946614,2378.6418704215216,3.817154515945719,3.2709132927366453,4.5201267012387785,5692.3076923076915,0.0033814915494283955,121.20075,0.041,0.3306451612903226,0-0-242-5,o,fcd45f4d-Audio_SP21.v0,group_0,1,fave,105.76978287986745,69.02219380584572,7,tenemos,"",0.09999999999999432,[silence],que,m,s,m,s,internal
498.0734214586333,726.2911894457978,1800.4852672128457,3.604385495243089,3.307466885365482,4.82962625277064,4435.897435897436,0.012673669532122478,125.75075000000001,0.101,0.3322368421052631,0-0-256-3,o,fcd45f4d-Audio_SP21.v0,group_0,1,fave,120.19437391058476,76.72412948871965,7,como,"",0.28000000000000114,",",los,m,#,m,"",final
525.8895451109888,1042.671743975606,2465.951948407721,3.40421948072941,3.074622572030103,4.614869061902257,5333.333333333333,0.00035312978436470284,126.72874999999999,0.037,0.32456140350877194,0-0-258-1,o,fcd45f4d-Audio_SP21.v0,group_0,1,fave,116.01277009204249,76.28811110732366,7,los,"",0.09000000000000341,como,[silence],l,s,l,s,internal
447.69710828749106,928.4112168848103,2186.2039643890016,2.2107384581477394,2.561884350859432,4.503483439955447,5153.846153846154,0.0018471339882091525,128.24575,0.07100000000000001,0.3317757009345795,0-0-262-10,o,fcd45f4d-Audio_SP21.v0,group_0,1,fave,110.0106680781523,77.6680690465233,7,escalamiento,"",0.18999999999999773,de,aplicaciones,t,#,t,a,final
446.31691160995325,841.8437422200377,3403.18231155096,2.623884095609033,3.0068949754961642,3.4578309578424555,6230.7692307692305,0.008058492809326861,134.94475,0.209,0.33493589743589736,0-0-285-3,o,fcd45f4d-Audio_SP21.v0,group_0,1,fave,167.984093223229,76.11742705998805,7,caso,"",0.5999999999999943,este,",",s,#,s,.,final
454.37017907966543,1079.6828546467348,1843.8924677231403,2.653313154692369,3.088239110783908,4.462820531225796,5333.333333333333,0.00005946389064511267,135.98375000000001,0.027000000000000003,0.32142857142857145,0-0-287-6,o,fcd45f4d-Audio_SP21.v0,group_0,1,fave,106.96463695581049,72.83806021799349,7,nuestro,"",0.060000000000002274,",",trabajo,R,#,R,t,final
468.4944735485809,761.2685397208122,2102.551115812204,2.807992804537511,3.029921779111967,4.450952191373434,4974.358974358975,0.0007116609210508967,136.41575,0.051000000000000004,0.3311688311688311,0-0-288-6,o,fcd45f4d-Audio_SP21.v0,group_0,1,fave,119.67701325554997,72.11066277216057,7,trabajo,"",0.13000000000002387,nuestro,más,x,#,x,m,final
555.5705032522303,985.7398638412669,2070.7490651229755,2.941651923997607,2.7702814192117073,4.890375166284108,4974.358974358975,0.0009109167284784938,140.32874999999999,0.07700000000000001,0.3290598290598291,0-0-303-9,o,fcd45f4d-Audio_SP21.v0,group_0,1,fave,102.07052368892198,77.27560926400326,7,facilitado,"",0.21000000000000796,ha,las,d,#,d,l,final
420.9110932795292,1423.4450456672175,2070.061751774366,2.724661721311763,3.769407001260433,3.6398485018199547,5692.3076923076915,0.00005477797036047262,141.18375,0.027000000000000003,0.32142857142857145,0-0-306-4,o,fcd45f4d-Audio_SP21.v0,group_0,1,fave,98.84782827121367,76.94253539543166,7,de,"",0.060000000000002274,medidas,[silence],i,s,i,s,internal
468.91926205818123,817.1665665360432,2423.0463381099953,2.4346258139294568,2.9372396696351144,4.0999320356513484,4794.871794871795,0.01740453530217554,149.88275000000002,0.385,0.33362218370883884,0-0-309-4,o,fcd45f4d-Audio_SP21.v0,group_0,1,fave,118.88828824746129,77.22868008473881,7,Tengo,"",1.1299999999999955,[silence],[silence],g,#,g,"",final
450.6078074463443,883.7201175789093,1904.6194807878728,2.6156852297220476,2.466191255497159,3.9316272528629606,5333.333333333333,0.0002918402693195857,152.01775,0.035,0.3365384615384616,0-0-314-4,o,fcd45f4d-Audio_SP21.v0,group_0,1,fave,129.2263981238505,77.90657950063182,7,cinco,"",0.0800000000000125,para,años,k,#,k,á,final
560.6038852241078,1097.3779673582392,2599.227223908623,3.357274109270048,3.1724228636188263,4.659574899065746,4974.358974358975,0.00013460530486812563,152.40375,0.027000000000000003,0.32142857142857145,0-0-317-1,o,fcd45f4d-Audio_SP21.v0,group_0,1,fave,103.75261560472029,72.5229764973513,7,noviembre,"",0.060000000000002274,en,.,n,b,n,b,internal
481.3045552360094,958.6398534419071,2559.945458091529,2.300745389332789,2.9371447503109316,4.320764344033489,4974.358974358975,0.004349558789034297,169.63075,0.101,0.3322368421052631,0-0-342-9,o,fcd45f4d-Audio_SP21.v0,group_0,1,fave,122.2448789564923,77.81065440590979,7,Ministerio,"",0.28000000000000114,el,de,i,#,i,d,final
478.33223528851914,1051.1330672185536,1961.0237548627683,2.6927088539757214,3.0719659303049673,4.305506558646471,5333.333333333333,0.000014969969166466422,174.56375000000003,0.027000000000000003,0.32142857142857145,0-0-355-7,o,fcd45f4d-Audio_SP21.v0,group_0,1,fave,126.93062215374191,77.46174640782024,7,adscrito,"",0.060000000000002274,ente,al,t,#,t,a,final
455.38182653754427,969.883066159062,3294.059553234854,2.9296473943541246,2.3291562704144297,3.2092738440304927,5692.3076923076915,0.000034044260058211166,180.07375000000002,0.027000000000000003,0.32142857142857145,0-0-369-6,o,fcd45f4d-Audio_SP21.v0,group_0,1,fave,158.40233078453906,66.9433255383774,7,técnico,"",0.060000000000002274,también,.,k,#,k,.,final
521.6944233841562,902.0479739903553,2283.7280601684074,3.613412889828631,3.495577038055866,4.380706561655694,5512.820512820513,0.05063652459175565,184.63074999999998,0.121,0.33241758241758235,0-0-377-2,o,fcd45f4d-Audio_SP21.v0,group_0,1,fave,121.61727342820635,69.19756658157587,7,años,"",0.3400000000000034,diez,en,N,s,N,s,internal
461.2909796817268,1610.7230537211453,2100.1169884562487,2.76915247354185,3.7686011294356923,3.970906230885184,4794.871794871795,0.00034480660633547956,185.61274999999998,0.025,0.33783783783783783,0-0-380-12,o,fcd45f4d-Audio_SP21.v0,group_0,1,fave,232.2165080773274,70.85180332009891,7,administración,"",0.05000000000001137,la,pública,i,n,i,n,internal
449.49114431613583,950.0179332201977,2368.4033398745687,4.0010394178537645,3.314666633889036,4.815490996479271,5692.3076923076915,0.24107570045239676,188.12575,0.051000000000000004,0.3311688311688312,0-0-387-4,o,fcd45f4d-Audio_SP21.v0,group_0,1,fave,109.45405700958467,61.70412256083952,7,bueno,"",0.12999999999999545,[silence],[silence],n,#,n,.,final
527.0183517036586,661.5492771424662,2075.4191733734583,3.4928716744051593,3.3117099557418386,4.384082848091307,4974.358974358975,0.0024456351026030504,188.79274999999998,0.08499999999999999,0.33464566929133854,0-0-389-3,o,fcd45f4d-Audio_SP21.v0,group_0,1,fave,101.68331726614443,76.51645949937749,7,como,"",0.22999999999998977,[silence],hice,m,#,m,í,final
594.086044743601,1048.9866265772712,2238.587612660968,3.5922529097383684,3.515357239022286,4.02133492100495,4435.897435897436,0.02084463763433693,189.97575,0.091,0.3321167883211679,0-0-392-12,o,fcd45f4d-Audio_SP21.v0,group_0,1,fave,105.72908212615526,69.26823846686416,7,especialización,"",0.25,la,en,i,n,i,n,internal
466.4443633590675,893.8805144050231,2050.980487050929,2.3358223910690916,2.6690155062940533,4.024349348297722,5333.333333333333,0.0009213363478251578,193.41575000000003,0.11100000000000002,0.3323353293413173,0-0-401-3,o,fcd45f4d-Audio_SP21.v0,group_0,1,fave,111.6245662151379,80.67845751966627,7,otro,"",0.30999999999997385,busqué,[silence],R,#,R,"",final
476.3375282314019,854.7681316412481,1846.946657533063,3.121091009405539,2.8746248433693027,4.77100344887943,4974.358974358975,0.00516968818402443,194.80075,0.061000000000000006,0.3315217391304348,0-0-405-6,o,fcd45f4d-Audio_SP21.v0,group_0,1,fave,107.95477977593251,72.6885033327424,7,trabajo,"",0.1599999999999966,otro,con,x,#,x,k,final
565.9837915662142,1255.6827780268984,2055.612333914329,2.9236058913338256,3.0361053527195736,4.485939306859667,5512.820512820513,0.00009811951886071489,207.45375,0.027000000000000003,0.32142857142857145,0-0-415-4,o,fcd45f4d-Audio_SP21.v0,group_0,1,fave,119.97582955881671,73.95120599482026,7,Bueno,"",0.060000000000002274,%%,",",n,#,n,.,final
527.2491212745539,757.3942320688453,2371.984308425021,3.4425155063824677,3.061793034911418,4.5519125185375255,5153.846153846154,0.004557888216007997,209.84275,0.045,0.3358208955223881,0-0-420-3,o,fcd45f4d-Audio_SP21.v0,group_0,1,fave,107.58748671116645,71.35605489823689,7,como,"",0.11000000000001364,aproximadamente,dos,m,#,m,d,final
456.1136221157118,1080.2047900886405,2113.390938747099,2.793549153136586,3.1289793989646486,4.119070070604863,5333.333333333333,0.0004238471567860818,212.21574999999999,0.031,0.32978723404255317,0-0-428-9,o,fcd45f4d-Audio_SP21.v0,group_0,1,fave,109.59296257443017,76.65631170994857,7,trabajando,"",0.0700000000000216,y,con,d,#,d,k,final
429.127700471023,786.2925234404455,2253.845532670834,2.4234755524440272,2.2181720526286135,3.7904985931929045,4974.358974358975,0.00004050790195242591,212.60375000000002,0.027000000000000003,0.32142857142857145,0-0-430-1,o,fcd45f4d-Audio_SP21.v0,group_0,1,fave,159.30915018821054,80.85762027384702,7,colegas,"",0.060000000000002274,con,[silence],k,l,k,l,internal
459.5331358584907,958.0688895842508,1408.8758677085793,2.701841569905375,3.06109468555525,4.795472684363391,4794.871794871795,0.04555192890919395,223.46075,0.08099999999999999,0.3319672131147541,0-0-460-6,o,fcd45f4d-Audio_SP21.v0,group_0,1,fave,239.1501903835818,71.72795757305086,7,ingresos,"",0.21999999999999886,genera,extras,s,s,s,s,internal
471.01983049246496,824.5679955315607,2503.772727700417,2.5811974226839083,3.081560291276856,4.685889761063112,4974.358974358975,0.0041680528193642225,226.03574999999998,0.131,0.33248730964466994,0-0-467-3,o,fcd45f4d-Audio_SP21.v0,group_0,1,fave,92.19645697688561,70.08035193483818,7,Pero,"",0.37000000000000455,[silence],[silence],R,#,R,.,final
502.73999847950813,965.3948068965459,2118.8931945504023,2.974576974346214,2.555665099004036,3.703199090394423,5512.820512820513,6.5658200249203425e-6,227.17375,0.027000000000000003,0.32142857142857145,0-0-469-4,o,fcd45f4d-Audio_SP21.v0,group_0,1,fave,108.87943398969072,77.80764677508671,7,respondiendo,"",0.060000000000002274,[silence],%%,p,n,p,n,internal
441.5269234245224,906.0473167501184,2959.891729272146,2.70326934597033,2.54608239377379,4.696049420569084,6051.282051282051,0.003539202542825317,227.56775,0.095,0.33450704225352107,0-0-469-11,o,fcd45f4d-Audio_SP21.v0,group_0,1,fave,102.0914372200063,76.6171523540415,7,respondiendo,"",0.2599999999999909,[silence],%%,d,#,d,"",final
478.0776448431677,1066.616069134679,1889.4645647110153,3.065216966783787,3.283968716973703,4.272601528083043,5333.333333333333,0.000035481024763837846,230.09375000000003,0.027000000000000003,0.32142857142857145,0-0-475-1,o,fcd45f4d-Audio_SP21.v0,group_0,1,fave,116.59793973118472,75.03210262799124,7,sociales,"",0.05999999999997385,redes,comentario,s,z,s,z,internal
474.41922421993115,918.2010629821443,2102.7434640409124,2.4271114610223865,2.772608104319687,4.3412379217830575,4615.384615384615,0.007593935006565768,231.19974999999997,0.119,0.33615819209039544,0-0-476-9,o,fcd45f4d-Audio_SP21.v0,group_0,1,fave,109.87203466130333,74.00203127025904,7,comentario,"",0.3300000000000125,sociales,[silence],i,#,i,.,final
458.01103378122997,802.5340641893014,2387.7806199560796,2.5232815583055213,2.9443448659487172,4.316800077564463,5153.846153846154,0.0077002955515392685,233.91575,0.211,0.332807570977918,0-0-481-9,o,fcd45f4d-Audio_SP21.v0,group_0,1,fave,153.65684193051146,74.54524464141991,7,publicando,"",0.6099999999999852,[silence],[silence],d,#,d,.,final
439.6207538058868,918.9356222367396,2439.1841161636357,2.46177203046538,2.5280617856176426,5.0189698131056275,5871.794871794871,0.0013031890825277092,236.45775,0.035,0.3365384615384616,0-0-488-3,o,fcd45f4d-Audio_SP21.v0,group_0,1,fave,135.7364832834424,76.96583618432935,7,tipo,"",0.0800000000000125,cualquier,de,p,#,p,d,final
441.21547769362996,962.5901786995116,1673.3222889402177,3.3132472318241675,2.88576747455595,4.565592066598624,4974.358974358975,0.07987156263442621,237.36875,0.07700000000000001,0.3290598290598291,0-0-491-9,o,fcd45f4d-Audio_SP21.v0,group_0,1,fave,159.67289989442335,68.65929656545707,7,publicación,"",0.20999999999997954,[silence],de,i,n,i,n,internal
487.5536031699297,1045.7518973324013,2219.778762608569,2.9042698452394107,2.7330058943984232,4.193847547732225,6230.7692307692305,0.0027986571620576737,241.59375,0.067,0.32843137254901966,0-0-504-8,o,fcd45f4d-Audio_SP21.v0,group_0,1,fave,124.59657082278117,77.71026870847955,7,principio,"",0.18000000000000682,Al,no,i,#,i,n,final
472.16372070779806,794.6575386954022,1977.4648729764126,3.5909304834278433,3.4477917264505105,3.942036645721216,5692.3076923076915,0.00006790936412451119,242.24375,0.027000000000000003,0.32142857142857145,0-0-506-6,o,fcd45f4d-Audio_SP21.v0,group_0,1,fave,130.9384706307697,72.38260051427295,7,creíamos,"",0.060000000000002274,no,mucho,m,s,m,s,internal
479.24221194078734,904.665370107724,1867.9004801831422,2.3933908301916396,2.560583270104758,4.5831874408073165,4794.871794871795,0.017225640240734558,242.72875,0.177,0.33146067415730335,0-0-507-3,o,fcd45f4d-Audio_SP21.v0,group_0,1,fave,146.83541056409666,76.4424520256488,7,mucho,"",0.5100000000000193,creíamos,[silence],h,#,h,.,final
451.97299660000044,873.0503093343187,2371.5337139959815,2.1345034398409877,2.9402262793791567,4.464655028459859,5153.846153846154,0.0024593447369190163,245.30775,0.11499999999999999,0.3343023255813953,0-0-515-3,o,fcd45f4d-Audio_SP21.v0,group_0,1,fave,110.50129351725788,78.39274391315273,7,pero,"",0.3199999999999932,",",[silence],R,#,R,"",final
500.7124806896991,784.4635269780224,2053.1799174686103,3.418621565031209,2.560854794787994,4.787362942766548,5153.846153846154,0.00005285777942017536,247.73274999999998,0.025,0.33783783783783783,0-0-524-7,o,fcd45f4d-Audio_SP21.v0,group_0,1,fave,115.12717057156273,68.98363633859742,7,liberaron,"",0.05000000000001137,nos,el,R,n,R,n,internal
552.6809005157352,927.4366388095741,1100.3151369291065,3.512484407490176,3.6382615287838744,3.9231522634120863,4615.384615384615,0.016389901067145808,248.68275,0.125,0.33422459893048123,0-0-528-7,o,fcd45f4d-Audio_SP21.v0,group_0,1,fave,117.79871003498545,73.72732607269,7,empezaron,"",0.3499999999999943,y,hacer,R,n,R,n,internal
471.1064462225014,1090.6811432163404,1662.0849213660742,3.3155827020326276,3.3730838190887145,4.103723899105686,5333.333333333333,0.000014274763874537301,249.49274999999997,0.025,0.33783783783783783,0-0-530-6,o,fcd45f4d-Audio_SP21.v0,group_0,1,fave,137.88302765994504,74.78446196244805,7,nuestros,"",0.05000000000001137,hacer,[silence],R,s,R,s,internal
464.4988459720152,1031.1570820173747,2086.840011531304,4.052730309952779,3.0717151655715402,4.3051920468199505,5871.794871794871,0.003990070941235147,250.68075000000002,0.041,0.3306451612903226,0-0-533-4,o,fcd45f4d-Audio_SP21.v0,group_0,1,fave,104.48098518910547,68.8350821480281,7,bueno,"",0.09999999999999432,este,[silence],n,#,n,.,final
485.9188064195424,1178.6992442463118,2075.030965004766,2.8457729182359657,3.004548729419136,3.6011459627089977,5512.820512820513,0.0003403671019587622,257.82775000000004,0.035,0.33653846153846156,0-0-550-10,o,fcd45f4d-Audio_SP21.v0,group_0,1,fave,142.57093333741528,78.76056806250105,7,calificación,"",0.07999999999998408,mis,de,i,n,i,n,internal
521.2939856068881,759.4261548452157,3788.6281638346873,3.1304447635156825,3.2240635240925686,4.834210708550772,5871.794871794871,0.013486657175332109,259.08275,0.205,0.33387622149837126,0-0-555-5,o,fcd45f4d-Audio_SP21.v0,group_0,1,fave,116.1378502311329,75.78641505495008,7,tenido,"",0.589999999999975,he,[silence],d,#,d,.,final
529.2331844058579,1043.123654943105,1790.6122479644334,3.8348890985774515,3.0535554241364524,4.371669183968045,6051.282051282051,0.00016692275400562151,261.57374999999996,0.027000000000000003,0.32142857142857145,0-0-558-5,o,fcd45f4d-Audio_SP21.v0,group_0,1,fave,106.78624062591885,73.71127060356956,7,reconocimiento,"",0.060000000000002274,bastante,pues,n,z,n,z,internal
467.0573122665232,836.1456925731899,2315.2531853772166,2.851860603721735,2.410914642207916,4.078421673716814,5333.333333333333,0.00013166253067296366,263.35574999999994,0.031,0.32978723404255317,0-0-563-2,o,fcd45f4d-Audio_SP21.v0,group_0,1,fave,107.04394191622211,79.47284924777412,7,Hago,"",0.07000000000005002,[silence],las,g,#,g,l,final
505.9398502508401,1295.183017548879,2159.7149898135463,2.91711698931267,3.161799129200492,4.106794085266735,5333.333333333333,0.00004884314503268091,264.35374999999993,0.027000000000000003,0.32142857142857145,0-0-566-0,o,fcd45f4d-Audio_SP21.v0,group_0,1,fave,115.70484704917345,74.33229369494894,7,o,"",0.060000000000002274,tareas,sea,#,#,s,s,coextensive
479.6469654739738,910.7801508365573,3633.350235294518,2.449790661375113,2.9851958399963476,4.243234817562339,6230.7692307692305,0.004589568722189015,267.32775,0.11499999999999999,0.3343023255813953,0-0-573-6,o,fcd45f4d-Audio_SP21.v0,group_0,1,fave,116.41376037500953,79.66335541901373,7,espacio,"",0.3199999999999932,un,bueno,i,#,i,b,final
410.8358365798501,1144.5496853842644,2043.9883728865532,4.342921790206498,3.1712102555607786,4.578368605143062,5871.794871794871,0.0000582140196776509,267.81275000000005,0.025,0.33783783783783783,0-0-574-4,o,fcd45f4d-Audio_SP21.v0,group_0,1,fave,112.49384625294522,69.86278346961305,7,bueno,"",0.05000000000001137,espacio,como,n,#,n,k,final
506.7954402253655,794.68939648911,2063.3861059547826,3.157371603142266,2.687132206189463,4.050540580881252,5333.333333333333,0.00002818988434893378,268.02374999999995,0.027000000000000003,0.32142857142857145,0-0-575-3,o,fcd45f4d-Audio_SP21.v0,group_0,1,fave,101.80542486042249,75.32599455266308,7,como,"",0.060000000000002274,bueno,trabajo,m,#,m,t,final
471.289764773451,880.8518389949704,1960.6185380266977,2.987577609128261,2.8645484812657265,4.896174020797882,4974.358974358975,0.0008324081853201146,268.48074999999994,0.041,0.3306451612903226,0-0-576-6,o,fcd45f4d-Audio_SP21.v0,group_0,1,fave,148.93433731533696,70.59808733170178,7,trabajo,"",0.10000000000002274,como,[silence],x,#,x,.,final
455.4076700504232,1111.2598446825712,2476.6598611713302,3.072556074720333,2.835134242531333,4.802937758393686,5692.3076923076915,0.00010611344745662058,270.71374999999995,0.027000000000000003,0.32142857142857145,0-0-585-5,o,fcd45f4d-Audio_SP21.v0,group_0,1,fave,145.48761718261784,69.21255774051292,7,ciento,"",0.060000000000002274,por,pero,t,#,t,p,final
452.55681485295776,1102.349357496129,2058.674544339436,2.6416249825148466,2.9583484128707416,3.529505674646359,5333.333333333333,0.00004348827376397563,270.98775000000006,0.035,0.3365384615384616,0-0-586-3,o,fcd45f4d-Audio_SP21.v0,group_0,1,fave,111.46367478376776,74.9658575610259,7,pero,"",0.07999999999998408,ciento,sí,R,#,R,s,final
465.08502490012125,926.5180512013224,2126.6726999559733,2.4032527644029584,2.279531105535175,4.187952092238193,5333.333333333333,0.000021754432228678984,273.56374999999997,0.027000000000000003,0.32142857142857145,0-0-591-5,o,fcd45f4d-Audio_SP21.v0,group_0,1,fave,115.26233599690906,80.66085203465394,7,dedicó,"",0.060000000000002274,le,gran,k,#,k,g,final
411.0814847769172,853.561753669945,3230.182067399369,2.6981486865782376,3.189977211997746,4.657100173571828,6051.282051282051,0.011908356180355965,275.36575,0.091,0.33211678832116787,0-0-597-0,o,fcd45f4d-Audio_SP21.v0,group_0,1,fave,129.3409148872672,76.48966379158698,7,o,"",0.25,noche,en,#,#,e,e,coextensive
466.90971426963034,1100.9083010285917,2684.882836134315,3.3849594652601067,3.5286355621995145,4.779077222364991,4974.358974358975,0.0006885238139467363,277.00575,0.031,0.32978723404255317,0-0-602-5,o,fcd45f4d-Audio_SP21.v0,group_0,1,fave,97.26690620243733,71.52635072520208,7,cuando,"",0.06999999999999318,[silence],puedo,d,#,d,p,final
535.0329590718472,1200.8405193591113,2123.5769371110873,3.0881794852971627,3.0996604941323773,4.503163499955665,5153.846153846154,0.00013759581510634295,288.61575,0.031,0.32978723404255317,0-0-607-4,o,fcd45f4d-Audio_SP21.v0,group_0,1,fave,143.7517182147337,78.96005612037219,7,Bueno,"",0.06999999999999318,[silence],",",n,#,n,.,final
441.2125394231185,1257.5614403180557,2416.819011802244,3.0291360283290443,3.1451209219152307,3.2311933884729305,5153.846153846154,0.0005289867074102331,293.12775000000005,0.035,0.3365384615384616,0-0-621-3,o,fcd45f4d-Audio_SP21.v0,group_0,1,fave,118.26046338870903,73.75062974058966,7,mucho,"",0.07999999999998408,quitan,tiempo,h,#,h,t,final
556.5024068342085,981.6629874466224,2681.9953757857506,3.516725690865617,2.682080120345358,5.135356516749421,6051.282051282051,0.0005314638645479207,293.60775,0.035,0.33653846153846156,0-0-622-5,o,fcd45f4d-Audio_SP21.v0,group_0,1,fave,117.42841517887844,71.78214829967143,7,tiempo,"",0.08000000000004093,mucho,en,p,#,p,e,final
455.2511556809194,822.6959376378577,2624.6982115777887,2.06405010816846,2.5637148822226283,4.717961881242743,5153.846153846154,0.0012414658650669176,298.17875,0.057,0.32758620689655177,0-0-635-3,o,fcd45f4d-Audio_SP21.v0,group_0,1,fave,241.9006239509885,73.0124415409507,7,todo,"",0.1500000000000341,[silence],entre,d,#,d,é,final
454.0300089294616,808.5844103297579,2410.783485073695,3.603281008404161,2.9487900383897276,4.071885834254183,5692.3076923076915,0.0001642724353759231,300.54574999999994,0.031,0.32978723404255317,0-0-643-1,o,fcd45f4d-Audio_SP21.v0,group_0,1,fave,108.77261554428956,76.4687236334986,7,ahorita,"",0.07000000000005002,existen,para,a,R,a,R,internal
483.4226392644044,891.6867021955928,2013.214032488913,2.7256751167567512,2.758542178646082,3.6896136099474055,5333.333333333333,0.00010800870553800442,303.74775000000005,0.035,0.3365384615384616,0-0-653-1,o,fcd45f4d-Audio_SP21.v0,group_0,1,fave,122.38725765961722,80.68512274452193,7,confiable,"",0.07999999999998408,[silence],[silence],k,n,k,n,internal
437.2617968956304,809.6875122007751,3519.5238198862,2.4259723281786347,3.060638145539273,4.700210897286691,6410.25641025641,0.010370426717145555,307.72774999999996,0.175,0.3339694656488549,0-0-661-4,o,fcd45f4d-Audio_SP21.v0,group_0,1,fave,121.45160937199832,78.19832406800418,7,tanto,"",0.5,pide,[silence],t,#,t,.,final
461.3744175000529,1020.0606535772005,2381.1310872812915,2.6802507675669895,3.023967574335586,4.3485096214658165,5512.820512820513,0.0010519600361130741,310.28775,0.035,0.33653846153846156,0-0-666-7,o,fcd45f4d-Audio_SP21.v0,group_0,1,fave,115.2621940909739,73.44724005326947,7,requisitos,"",0.08000000000004093,tantos,para,t,s,t,s,internal
446.4430573697037,814.9662431334252,2189.0241335656597,2.7109509089601693,2.6411218618299874,3.4252434041591746,5333.333333333333,0.004347991069824735,315.96275,0.10500000000000001,0.3343949044585987,0-0-679-4,o,fcd45f4d-Audio_SP21.v0,group_0,1,fave,127.00436394041286,77.6556231478892,7,Tengo,"",0.2899999999999636,%%,trabajo,g,#,g,t,final
374.1789148842581,929.9960285373635,3407.8815841617643,3.902270851562082,3.390673586329893,4.543636273494027,6589.74358974359,0.0007130876819079316,316.50275000000005,0.025,0.33783783783783783,0-0-680-6,o,fcd45f4d-Audio_SP21.v0,group_0,1,fave,119.67365079439911,70.0521761279563,7,trabajo,"",0.05000000000001137,Tengo,en,x,#,x,e,final
424.7451032930717,711.2650536259473,2014.2967208947198,3.863164075763485,2.95756345751371,3.7848804120701263,4615.384615384615,0.0011948895252283976,317.80575,0.031,0.32978723404255317,0-0-684-3,o,fcd45f4d-Audio_SP21.v0,group_0,1,fave,111.20219263278084,65.09296157753589,7,como,"",0.06999999999999318,plataformas,Clipclaps,m,#,m,k,final
445.03941552442313,1171.689049685145,2345.2424580687325,2.0121162114302944,3.498039240924047,3.798513369216386,5512.820512820513,0.00018832613181119553,321.19875,0.037000000000000005,0.324561403508772,0-0-694-3,o,fcd45f4d-Audio_SP21.v0,group_0,1,fave,113.62512188553964,78.61938581975099,7,sido,"",0.08999999999997499,ha,la,d,#,d,l,final
461.135936419859,1211.9465331049719,2097.1039051515713,2.6450469956176645,3.6683436371868905,4.446323443592301,4794.871794871795,0.002991452654917553,334.41875,0.037,0.32456140350877194,0-0-730-3,o,fcd45f4d-Audio_SP21.v0,group_0,1,fave,123.07148612542076,70.81857246133676,7,mucho,"",0.09000000000003183,quitan,[silence],h,t,h,t,internal
534.0767583937946,924.052937907218,3396.4863371287875,3.2407856822602636,2.199425870896415,3.137693127095805,5512.820512820513,0.000073849585972242,339.57374999999996,0.027000000000000003,0.32142857142857145,0-0-743-6,o,fcd45f4d-Audio_SP21.v0,group_0,1,fave,101.87880566804974,72.86838358612229,7,trabajo,"",0.060000000000002274,el,",",x,#,x,.,final
451.14953357767763,970.0080869923933,2004.4069664726198,3.0191288143790636,3.0073481880348343,3.5798723666965158,5333.333333333333,0.00001943529124046,340.02275000000003,0.025,0.33783783783783783,0-0-747-1,o,fcd45f4d-Audio_SP21.v0,group_0,1,fave,106.49127292210046,78.23011517132251,7,lo,"",0.05000000000001137,[silence],que,l,#,l,k,final
574.342637074441,1004.4412956558609,1891.3940417780666,2.943017275593193,2.7022445503919306,3.661878095313228,4794.871794871795,0.00045727860434411076,343.02875,0.037,0.32456140350877194,0-0-759-0,o,fcd45f4d-Audio_SP21.v0,group_0,1,fave,103.84439877538922,73.58255134638543,7,o,"",0.09000000000003183,verdad,sea,#,#,d,s,coextensive
441.38558739195867,907.9052180629163,2234.0500587606925,2.2520510404311826,2.618836586025904,4.143327569431158,4794.871794871795,0.00005748086894647248,344.40374999999995,0.027000000000000003,0.32142857142857145,0-0-765-3,o,fcd45f4d-Audio_SP21.v0,group_0,1,fave,109.50475212170436,73.36212708134214,7,algo,"",0.060000000000002274,es,que,g,#,g,k,final
446.2317627320708,903.2963562872895,2752.710179469464,2.600384408720391,3.033391663657702,4.71583989431742,4974.358974358975,0.006955230887864828,347.12375000000003,0.10700000000000001,0.3302469135802469,0-0-775-9,o,fcd45f4d-Audio_SP21.v0,group_0,1,fave,121.3495401456707,70.49664581994811,7,recomiendo,"",0.30000000000001137,le,[silence],d,#,d,.,final
471.1666530944039,1166.2560655830073,2097.0440486600414,2.6357808300586356,3.4603071429876615,4.103160502767403,5333.333333333333,0.00009560405441607524,348.67875000000004,0.037,0.32456140350877194,0-0-780-8,o,fcd45f4d-Audio_SP21.v0,group_0,1,fave,133.36798023961953,72.72871967525523,7,compañeros,"",0.08999999999997499,mis,.,R,s,R,s,internal
487.5018568693975,855.358184279814,3496.9362732706545,2.9954768932397933,3.0735726638770657,3.9492157157303343,5512.820512820513,0.000027222008308468806,354.85275,0.025,0.33783783783783783,0-0-797-6,o,fcd45f4d-Audio_SP21.v0,group_0,1,fave,143.74710113608046,74.2457075208556,7,trabajo,"",0.05000000000001137,de,.,x,#,x,.,final
478.0803879249034,1439.4200162379564,1875.7650127932648,2.4366450724491533,3.24399866508632,4.182402157026795,4615.384615384615,0.0003643148195968416,375.17375,0.047,0.3263888888888889,0-0-818-4,o,fcd45f4d-Audio_SP21.v0,group_0,1,fave,145.8960000042934,76.44067481032947,7,Bueno,"",0.12000000000000455,[silence],[silence],n,#,n,.,final
488.8315343278546,825.7055789860253,3299.3135963884192,2.5103867860135787,2.908314408311052,4.606151339215123,4974.358974358975,0.005454207700348022,377.12575,0.231,0.33285302593659943,0-0-824-4,o,fcd45f4d-Audio_SP21.v0,group_0,1,fave,195.75515074223387,75.59047557202017,7,tengo,"",0.6700000000000159,no,algo,g,#,g,á,final
465.6468224552399,868.8365904547726,2360.4732628297415,2.1336778019890135,2.540029457922035,4.677589834908699,5153.846153846154,0.00005575261294261588,377.96275,0.025,0.33783783783783783,0-0-825-3,o,fcd45f4d-Audio_SP21.v0,group_0,1,fave,155.77683128645262,80.37787906818956,7,algo,"",0.05000000000001137,tengo,así,g,#,g,á,final
443.57652397624526,979.3832612521571,3151.6310818537063,2.482835171403018,3.1497619813407076,4.829739487323659,5333.333333333333,0.0030122400717631686,379.14275000000004,0.045,0.33582089552238803,0-0-828-8,o,fcd45f4d-Audio_SP21.v0,group_0,1,fave,149.01989928310695,71.27834173579595,7,específico,"",0.11000000000001364,en,[silence],k,#,k,.,final
416.372342974557,804.0617507301574,2473.096120353142,2.49817665978083,2.8125326961005754,5.016881449111445,4615.384615384615,0.004396008559892429,379.49075,0.041,0.3306451612903226,0-0-830-3,o,fcd45f4d-Audio_SP21.v0,group_0,1,fave,129.6754436788868,69.6354983135355,7,como,"",0.0999999999999659,[silence],que,m,#,m,k,final
442.109521803016,1023.7030787606558,2029.4569893447729,1.9130967695444439,2.907407002711372,3.9883596721730457,4794.871794871795,0.00018525022401256737,381.36074999999994,0.041,0.3306451612903226,0-0-837-6,o,fcd45f4d-Audio_SP21.v0,group_0,1,fave,147.93627253451837,81.6435624523904,7,embargo,"",0.10000000000002274,sin,",",g,#,g,.,final
511.76900008550854,836.4565511918786,3659.2897953124693,2.89155026774715,2.923169472333953,4.480200816855393,6230.7692307692305,0.007891702893410018,381.97875,0.197,0.33164983164983164,0-0-840-5,o,fcd45f4d-Audio_SP21.v0,group_0,1,fave,137.06896058811486,73.74843027899705,7,tenido,"",0.5699999999999932,he,[silence],d,#,d,.,final
556.8701748741599,1028.2274193785486,2093.2302533297175,2.96514551900757,3.373144129651312,5.016091435076476,4974.358974358975,0.006810048960040193,385.59775,0.035,0.33653846153846156,0-0-851-1,o,fcd45f4d-Audio_SP21.v0,group_0,1,fave,126.80673204001913,72.37659220955368,7,soporte,"",0.08000000000004093,[silence],que,s,p,s,p,internal
461.38292935275604,1015.8354296336009,1971.5731335671046,2.7501199358815356,2.973565386092151,3.524904884255416,5512.820512820513,0.00019926562555760757,386.72775,0.035,0.33653846153846156,0-0-854-4,o,fcd45f4d-Audio_SP21.v0,group_0,1,fave,125.19100749853251,75.21405381941794,7,Microworkers,"",0.08000000000004093,ejerce,porque,R,o,R,o,internal
477.57387883612626,798.6162482519526,2808.3059448890917,2.208825366241654,2.6367624217779775,4.195184362606585,5153.846153846154,0.0026051732179404527,386.81375,0.047,0.3263888888888889,0-0-854-5,o,fcd45f4d-Audio_SP21.v0,group_0,1,fave,159.97350082539623,79.57533923798071,7,Microworkers,"",0.12000000000000455,ejerce,porque,o,R,o,R,internal
490.4278939009792,933.0243707066267,1892.0099394367771,2.7793517927946993,2.5073000613809935,3.6478655438727645,4974.358974358975,0.00031453376072534007,388.87875,0.037000000000000005,0.324561403508772,0-0-860-4,o,fcd45f4d-Audio_SP21.v0,group_0,1,fave,98.86688950297687,72.29822137205403,7,responder,"",0.08999999999997499,en,este,p,n,p,n,internal
475.18178487466946,1076.3141918673625,2146.3488864378546,3.0287382152225217,3.053665081772788,3.7596213419593156,5512.820512820513,0.0001398850366490574,394.36875000000003,0.037000000000000005,0.324561403508772,0-0-880-1,o,fcd45f4d-Audio_SP21.v0,group_0,1,fave,139.54090727798436,79.9019706715846,7,los,"",0.08999999999997499,[silence],empleadores,l,s,l,s,internal
377.02100739425435,800.622950112137,2116.1480753500755,3.8461741817110795,3.5417477943747895,3.968751387168168,5692.3076923076915,0.0001001225559150653,401.36375,0.027000000000000003,0.32142857142857145,0-0-893-1,o,fcd45f4d-Audio_SP21.v0,group_0,1,fave,114.36733193777049,71.01265576012783,7,momento,"",0.060000000000002274,al,[silence],m,m,m,m,internal
441.6589442363829,854.7507134438318,2674.0461520541307,2.904848390560697,3.256147853477417,4.888993388916571,6769.2307692307695,0.01494404559387294,401.93775,0.135,0.3341584158415842,0-0-893-6,o,fcd45f4d-Audio_SP21.v0,group_0,1,fave,123.69472967699285,71.6946450495298,7,momento,"",0.37999999999999545,al,[silence],t,#,t,.,final
580.5381424123599,1113.3543000156994,2154.8048702823203,3.6748657004540197,3.117625369898194,4.6879939279488445,5333.333333333333,0.015309467923974305,407.23774999999995,0.055,0.33536585365853655,0-0-910-3,o,fcd45f4d-Audio_SP21.v0,group_0,1,fave,109.60621559545916,72.61637328235538,7,como,"",0.1400000000000432,[pron=pi],específica,m,#,m,s,final
466.43416375456553,884.5476958664701,2250.2319306571335,2.2052171302741335,2.7615483817810973,4.953685960072309,4974.358974358975,0.006541872173394096,409.40775,0.095,0.334507042253521,0-0-918-3,o,fcd45f4d-Audio_SP21.v0,group_0,1,fave,113.72957178804909,80.84692560456372,7,pero,"",0.2599999999999909,[silence],no,R,#,R,n,final
482.8220137673651,861.0590278765279,1930.3326636873114,2.575314275920426,2.7217893106496436,3.280571322463061,5333.333333333333,0.00010684683199790892,413.37575,0.031,0.32978723404255317,0-0-931-1,o,fcd45f4d-Audio_SP21.v0,group_0,1,fave,115.56043624785724,76.59050317077589,7,concretas,"",0.06999999999999318,respuestas,de,k,n,k,n,internal
499.11382094448396,917.1087243098902,3301.509776175718,2.8858755728052707,2.738922403632524,4.544596785589952,5871.794871794871,0.0006949530244697494,415.07275000000004,0.025,0.33783783783783783,0-0-939-1,o,fcd45f4d-Audio_SP21.v0,group_0,1,fave,121.48670911660095,71.41521692649202,7,corregirlo,"",0.05000000000001137,tu,[silence],k,r,k,r,internal
492.57678484531306,992.8385449159057,2300.3850399387775,2.862880103430355,2.9804730396773143,4.544936610502889,5153.846153846154,0.0017886531452659493,420.07875,0.037000000000000005,0.324561403508772,0-0-956-1,o,fcd45f4d-Audio_SP21.v0,group_0,1,fave,446.4326070375646,74.92465817358794,7,soporte,"",0.08999999999997499,el,en,s,p,s,p,internal
597.7205032672917,1103.9715218285007,1946.0747379529498,3.059949563399629,3.598388664983216,3.8432774478342266,5871.794871794871,0.005716760223379727,446.50375,0.047,0.3263888888888889,0-0-972-4,o,fcd45f4d-Audio_SP21.v0,group_0,1,fave,221.87735983012792,62.469944248091196,7,Bueno,"",0.12000000000000455,[silence],en,n,#,n,e,final
445.8777137223421,984.1901806449332,2048.930226747065,2.8725919302320415,3.472393884438548,4.022704273011938,5333.333333333333,0.00030761162910201306,448.48575,0.031,0.32978723404255317,0-0-978-3,o,fcd45f4d-Audio_SP21.v0,group_0,1,fave,110.20973599914124,71.32462953709083,7,creo,"",0.06999999999999318,yo,que,é,#,é,k,final
443.9540936000663,1651.5702503440443,2091.3470278507016,2.37754074181738,4.024448538200078,3.803314719321972,4974.358974358975,0.0005877440723681773,451.06275000000005,0.025,0.33783783783783783,0-0-990-7,o,fcd45f4d-Audio_SP21.v0,group_0,1,fave,218.96088550583127,73.43604315758726,7,situación,"",0.05000000000001137,la,por,i,n,i,n,internal
495.9967304115498,1148.8846881098102,1936.5639895489664,3.3083576001362425,3.3996283056836365,4.380376315292097,5333.333333333333,0.0039328622255451464,453.62775000000005,0.035,0.3365384615384616,0-0-1000-1,o,fcd45f4d-Audio_SP21.v0,group_0,1,fave,114.19574331933276,75.69588558690093,7,los,"",0.07999999999998408,de,trabajos,l,s,l,s,internal
556.5141334267092,998.5716596591682,1992.3941520163532,3.27233801975409,2.654275241823218,3.539862522151498,5512.820512820513,0.0011809911742733119,454.00275000000005,0.045,0.33582089552238803,0-0-1001-6,o,fcd45f4d-Audio_SP21.v0,group_0,1,fave,110.97646723644807,75.88382354268006,7,trabajos,"",0.1099999999999568,los,que,x,s,x,s,internal
440.81337675183346,819.2529017058522,2957.864340643379,2.52781493328867,2.571028135243845,4.4067513306422414,5512.820512820513,0.0004212987847693358,459.19775000000004,0.035,0.33653846153846156,0-0-1013-2,o,fcd45f4d-Audio_SP21.v0,group_0,1,fave,105.91359683125042,78.32239798612738,7,económico,"",0.07999999999998408,lo,del,k,n,k,n,internal
414.98965642247117,1124.7431834778113,1847.402046715492,3.648015568976906,3.3417066563853597,4.32553834002012,5153.846153846154,0.00022625382637606232,459.31275000000005,0.025,0.33783783783783783,0-0-1013-4,o,fcd45f4d-Audio_SP21.v0,group_0,1,fave,104.02179804197417,74.37287599621637,7,económico,"",0.05000000000001137,lo,del,n,m,n,m,internal
463.06454381539095,948.7497307070394,1918.2609354896992,1.9188995093995114,2.6507876404809303,4.343047419426844,5512.820512820513,0.00006966455211749998,459.61775000000006,0.035,0.33653846153846156,0-0-1013-8,o,fcd45f4d-Audio_SP21.v0,group_0,1,fave,114.43741408958934,79.38084664654652,7,económico,"",0.07999999999998408,lo,del,k,#,k,d,final
563.3187744002942,938.0246978005363,2744.662514426014,3.5242800276590285,2.814708935429654,4.9007850237432695,4974.358974358975,0.000677468260145085,460.22574999999995,0.031,0.32978723404255317,0-0-1015-6,o,fcd45f4d-Audio_SP21.v0,group_0,1,fave,107.63955749933724,73.13748527126108,7,trabajo,"",0.06999999999999318,del,no,x,#,x,n,final
566.3856238452909,1087.2181737943024,1766.0627679165948,3.5093812681165892,3.379964997887453,4.498839281254755,4615.384615384615,0.00008828687920892157,464.04275,0.025,0.33783783783783783,0-0-1026-2,o,fcd45f4d-Audio_SP21.v0,group_0,1,fave,103.0592490053694,72.45907726070662,7,uno,"",0.05000000000001137,para,mantenerse,n,#,n,m,final
429.5824406202816,990.7275288614078,1949.9530229054942,2.483985480232279,3.204256650832935,4.443949280901767,4974.358974358975,0.000240145157888928,469.04574999999994,0.031,0.32978723404255317,0-0-1041-4,o,fcd45f4d-Audio_SP21.v0,group_0,1,fave,107.74531808982229,77.32281505074464,7,Microworkers,"",0.07000000000005002,Y,fue,R,o,R,o,internal
424.8720962333789,777.6304891132035,2929.5486591064246,2.6008055413040094,2.623260128855949,4.534607342178027,5333.333333333333,0.0008952174984828768,469.11875000000003,0.037,0.32456140350877194,0-0-1041-5,o,fcd45f4d-Audio_SP21.v0,group_0,1,fave,103.87832227365764,76.45085340996104,7,Microworkers,"",0.08999999999997499,Y,fue,o,R,o,R,internal
453.6810453015291,918.1200501767676,2152.7476626810767,2.8188128964317123,2.8418405529037694,4.546386897858313,4615.384615384615,0.021975829823742087,472.85575,0.091,0.33211678832116787,0-0-1053-4,o,fcd45f4d-Audio_SP21.v0,group_0,1,fave,105.91156817297833,77.09059681840843,7,tanto,"",0.25,lo,[silence],t,#,t,.,final
444.12013402789864,950.3340859918701,2260.674056492616,2.785334898940051,2.609780233385801,3.7977810155093668,5333.333333333333,0.0002358250723281972,475.12075,0.041,0.3306451612903226,0-0-1059-6,o,fcd45f4d-Audio_SP21.v0,group_0,1,fave,104.05904158143694,78.63109267575459,7,ingreso,"",0.0999999999999659,un,extra,s,#,s,é,final
619.9727286531948,990.5385737669811,2776.6464314110594,3.6335386485405317,2.569339182094282,4.958331516869795,5512.820512820513,0.002059035844779506,480.76775000000004,0.035,0.33653846153846156,0-0-1076-2,o,fcd45f4d-Audio_SP21.v0,group_0,1,fave,96.99767561577589,67.12808651437089,7,uno,"",0.07999999999998408,cuando,cobra,n,#,n,k,final
450.79243406630206,1070.7327057603268,1970.2512088139013,2.595304398834966,2.7936145658431273,4.524258829541804,5692.3076923076915,0.003647858408251302,481.81375,0.047,0.3263888888888889,0-0-1079-4,o,fcd45f4d-Audio_SP21.v0,group_0,1,fave,439.2269559726199,71.97695469885669,7,Microworkers,"",0.12000000000000455,en,[silence],R,o,R,o,internal
462.5800974139593,843.6111287047488,2490.401608502784,2.680405697128044,2.7980935178908126,4.581256900897744,5153.846153846154,0.0007000284630445653,481.94275,0.065,0.33505154639175255,0-0-1079-5,o,fcd45f4d-Audio_SP21.v0,group_0,1,fave,132.2951858836148,78.98590696808736,7,Microworkers,"",0.16999999999995907,en,[silence],o,R,o,R,internal
462.39411026771046,851.5959788329928,2184.1387757025036,2.9222995589186844,2.914265961549806,4.390537554866644,4974.358974358975,0.0033442935510753636,485.47075,0.08100000000000002,0.3319672131147542,0-0-1087-3,o,fcd45f4d-Audio_SP21.v0,group_0,1,fave,126.12760608999359,76.0776492702554,7,todo,"",0.21999999999997044,que,fue,d,#,d,f,final
436.29491445772646,795.1613762286695,2714.4910324891107,2.7334394908754343,2.5431533117815373,4.791727145264155,5512.820512820513,0.00010550639714722863,487.75374999999997,0.027000000000000003,0.32142857142857145,0-0-1094-2,o,fcd45f4d-Audio_SP21.v0,group_0,1,fave,114.43595817355823,74.46122042374914,7,económica,"",0.060000000000002274,ayuda,[silence],k,n,k,n,internal
513.3323378123156,1025.752871530049,2015.913099790452,3.7689849336724333,3.0281267788829984,3.9343608101430725,5333.333333333333,0.0007650163394996247,487.87075,0.041,0.3306451612903226,0-0-1094-4,o,fcd45f4d-Audio_SP21.v0,group_0,1,fave,117.79156251233277,76.21567716251116,7,económica,"",0.0999999999999659,ayuda,[silence],n,m,n,m,internal
469.8424080084667,895.5974201294955,2805.944092662125,2.907777121644928,3.1255651011135077,5.175269806233722,5153.846153846154,0.00013618382696919747,491.50275000000005,0.025,0.33783783783783783,0-0-1103-4,o,fcd45f4d-Audio_SP21.v0,group_0,1,fave,95.54988870542651,73.15502308027449,7,tengo,"",0.05000000000001137,este,que,g,#,g,k,final
501.4174226270458,733.5985989555023,2058.332713942773,3.7770949359909576,2.94231993544361,3.624877329571707,5333.333333333333,0.0017200877946177732,495.43775000000005,0.035,0.3365384615384616,0-0-1114-3,o,fcd45f4d-Audio_SP21.v0,group_0,1,fave,102.78023424010577,73.7007896357268,7,como,"",0.07999999999998408,aparte,soy,m,#,m,s,final
484.29257163182973,910.6462344882995,3505.8296515340203,2.6565482452850215,2.442329532601629,2.4109349370311497,5512.820512820513,0.00021045525077139032,495.87575,0.031,0.32978723404255317,0-0-1116-3,o,fcd45f4d-Audio_SP21.v0,group_0,1,fave,126.13877979601128,79.36772137335872,7,informático,"",0.06999999999999318,soy,me,f,R,f,R,internal
455.9169805412477,914.0993234646321,3254.8373856941016,3.057556550506475,2.34866464158266,4.825119080448529,6230.7692307692305,0.0006690660652652431,496.41074999999995,0.041,0.3306451612903226,0-0-1116-10,o,fcd45f4d-Audio_SP21.v0,group_0,1,fave,123.53543925274495,74.16359681152632,7,informático,"",0.10000000000002274,soy,me,k,#,k,m,final
412.8515271379329,1631.8665691496058,2300.7835933117462,2.1846723130605734,3.9925073396430277,3.224683631835702,5333.333333333333,0.000029652854821825768,497.21275,0.025,0.33783783783783783,0-0-1120-4,o,fcd45f4d-Audio_SP21.v0,group_0,1,fave,104.68769418817621,77.57951387664532,7,curiosidad,"",0.05000000000001137,la,este,i,s,i,s,internal
459.09262893252424,953.9106445469412,3258.2761573244698,2.851184060261878,2.4765542070978324,4.326523156752189,6051.282051282051,0.0004791576616547523,498.22875,0.037000000000000005,0.324561403508772,0-0-1122-3,o,fcd45f4d-Audio_SP21.v0,group_0,1,fave,173.23812162636307,77.27337973228713,7,tipo,"",0.09000000000003183,este,de,p,#,p,d,final
453.14861027694707,1069.0689408293479,2309.545822496152,2.936518205915362,3.26384288905874,4.067761246858263,5333.333333333333,0.0003593315642394257,504.06275000000005,0.045,0.33582089552238803,0-0-1134-6,o,fcd45f4d-Audio_SP21.v0,group_0,1,fave,241.05701786238194,73.91589883834897,7,incluso,"",0.1099999999999568,este,estamos,s,#,s,s,final
492.2864557765601,725.4583609455008,2025.056608997542,3.697141610687785,3.065834354957898,3.6926091944740373,5512.820512820513,0.008407387699836219,504.55075,0.161,0.33264462809917356,0-0-1135-4,o,fcd45f4d-Audio_SP21.v0,group_0,1,fave,112.37725226995515,67.9946618308057,7,estamos,"",0.45999999999997954,incluso,estoy,m,s,m,s,internal
450.15458648994934,977.0572149349055,2391.1962053332322,2.81490017359078,2.761445353447022,4.931471474188395,6051.282051282051,0.006344002465098725,506.12875,0.057,0.32758620689655177,0-0-1139-8,o,fcd45f4d-Audio_SP21.v0,group_0,1,fave,105.9152453303981,76.49956225849071,7,compañero,"",0.14999999999997726,un,",",R,#,R,.,final
443.018576332672,1024.3232569704603,3347.327382958352,3.044283265977201,2.4397403396267756,4.9870017574671905,5871.794871794871,0.0020579978445078176,506.74575,0.031,0.32978723404255317,0-0-1141-7,o,fcd45f4d-Audio_SP21.v0,group_0,1,fave,103.57337360837114,73.25814402143173,7,buscando,"",0.06999999999999318,",",la,d,#,d,l,final
579.4729851123659,1009.0003135408286,2104.0629585899537,3.7918899344720063,3.121890873365532,4.103123456547711,5512.820512820513,0.00005378586106891822,508.75374999999997,0.027000000000000003,0.32142857142857145,0-0-1150-5,o,fcd45f4d-Audio_SP21.v0,group_0,1,fave,109.70600181778201,72.80093753521354,7,metemos,"",0.060000000000002274,nos,también,m,s,m,s,internal
480.5387780014158,874.2419869350678,3252.646499960297,2.9685444106211154,2.346433533851259,5.111003451688718,6051.282051282051,0.001062326444455316,511.50374999999997,0.027000000000000003,0.32142857142857145,0-0-1161-3,o,fcd45f4d-Audio_SP21.v0,group_0,1,fave,108.27374453509785,77.69109287533828,7,reconocido,"",0.060000000000002274,muy,ahorita,k,n,k,n,internal
538.222367123878,991.3678029816238,1752.3612303592013,3.805919429499778,2.8486303775051693,4.9187645009656045,5692.3076923076915,0.0016370435571098413,511.60074999999995,0.041,0.3306451612903226,0-0-1161-5,o,fcd45f4d-Audio_SP21.v0,group_0,1,fave,99.32695164471244,72.80852733272972,7,reconocido,"",0.10000000000002274,muy,ahorita,n,z,n,z,internal
416.7165034971053,1715.4685707561391,2408.741174542914,2.6644668648487375,4.034882335827275,3.6235626610605647,4794.871794871795,0.0001464320843646035,511.88374999999996,0.027000000000000003,0.32142857142857145,0-0-1161-9,o,fcd45f4d-Audio_SP21.v0,group_0,1,fave,100.66842124290784,76.6216958669477,7,reconocido,"",0.060000000000002274,muy,ahorita,d,#,d,a,final
440.49092549105563,1069.1821499804303,2856.109004906585,3.101325132672337,2.8166829976150964,4.695950891140975,5512.820512820513,0.00026978693504772983,515.12575,0.031,0.32978723404255317,0-0-1171-8,o,fcd45f4d-Audio_SP21.v0,group_0,1,fave,103.76116321983345,77.72451507115547,7,generando,"",0.06999999999993634,está,otro,d,#,d,ó,final
433.30756686072846,1084.7400065752802,2300.917247916731,2.5744235324608247,3.374391288997455,3.9197548329791547,5333.333333333333,0.000033474874024403937,515.31575,0.031,0.32978723404255317,0-0-1172-3,o,fcd45f4d-Audio_SP21.v0,group_0,1,fave,107.10925336251891,78.15765625860872,7,otro,"",0.07000000000005002,generando,tipo,R,#,R,t,final
427.9400784104256,1338.0135138869296,2259.7284710329254,2.494846980968027,3.416971796605238,4.445666262573655,5692.3076923076915,0.002008831912893453,515.60275,0.045,0.33582089552238803,0-0-1173-3,o,fcd45f4d-Audio_SP21.v0,group_0,1,fave,103.84586658515529,78.10972248868458,7,tipo,"",0.11000000000001364,otro,[silence],p,#,p,"",final
469.440181143276,1176.589004601864,2753.1339314811944,2.9302237624819507,3.6589115330790105,4.7612600125442235,4615.384615384615,0.000971152239544649,529.9737500000001,0.027000000000000003,0.32142857142857145,0-0-1182-7,o,fcd45f4d-Audio_SP21.v0,group_0,1,fave,166.26543496810262,66.30431143148982,7,recuerdo,"",0.05999999999994543,la,porque,d,#,d,p,final
487.5274841102634,1001.4945703064741,2211.946539038496,2.519920718510443,3.2742587062760395,4.9606049825416285,5333.333333333333,0.0004663382337038204,530.38375,0.067,0.3284313725490196,0-0-1184-1,o,fcd45f4d-Audio_SP21.v0,group_0,1,fave,118.26897779293537,78.0516205837158,7,todavía,"",0.17999999999994998,porque,[silence],t,d,t,d,internal
467.08805926686557,876.1524679348864,1732.8064782418394,2.322445141130637,2.3970117627402865,3.685995770901114,5333.333333333333,0.00008688838788744714,532.3227499999999,0.025,0.33783783783783783,0-0-1188-1,o,fcd45f4d-Audio_SP21.v0,group_0,1,fave,111.86284860171394,77.71904922280194,7,colocan,"",0.05000000000006821,este,esa,k,l,k,l,internal
508.50474349405937,765.746040051904,2739.740951184738,3.308490491047196,3.411222314608202,5.098558737260433,5871.794871794871,0.016904329929015378,539.18575,0.031,0.32978723404255317,0-0-1206-1,o,fcd45f4d-Audio_SP21.v0,group_0,1,fave,120.28057075208842,72.18393184160884,7,compañía,"",0.07000000000005002,una,de,k,m,k,m,internal
516.2911970506607,1455.719602845243,2536.9967493333816,3.143479063973207,3.4635661722038353,3.8789894944368437,6051.282051282051,0.0006058470797490013,541.1437500000001,0.047,0.3263888888888889,0-0-1212-4,o,fcd45f4d-Audio_SP21.v0,group_0,1,fave,153.94644499220482,69.82548921056716,7,Unidos,"",0.12000000000000455,Estados,",",d,s,d,s,internal
499.1478173198543,1318.60529830622,4107.792095269826,2.9368475491792343,3.245772602659002,4.379686688721026,6230.7692307692305,0.00415583688940994,545.2537500000001,0.027000000000000003,0.32142857142857145,0-0-1221-3,o,fcd45f4d-Audio_SP21.v0,group_0,1,fave,118.36961326222016,76.47518220948307,7,tipos,"",0.05999999999994543,[silence],cheque,p,s,p,s,internal
539.4401695600855,1008.3926834552605,2240.0536380519366,3.153416667638607,3.2253913041825593,4.52803019762798,4974.358974358975,0.00043119234099207285,546.36775,0.035,0.33653846153846156,0-0-1224-0,o,fcd45f4d-Audio_SP21.v0,group_0,1,fave,NaN,70.92481175217544,7,online,"",0.07999999999992724,[silence],y,#,n,.,n,initial
477.7236343897793,1083.3263682399963,2131.6730554717597,2.821381463275763,3.161209131849567,4.110261078632691,5871.794871794871,0.0008619077919090972,551.60275,0.045,0.33582089552238803,0-0-1244-9,o,fcd45f4d-Audio_SP21.v0,group_0,1,fave,146.87293077716134,77.10537205867882,7,publicación,"",0.11000000000001364,la,darle,i,n,i,n,internal
443.0794163112867,812.1437583956839,2255.23708853651,1.90137533476304,2.372144527218948,4.526102155038653,5333.333333333333,0.0001379514624386048,561.8407500000001,0.041,0.3306451612903226,0-0-1276-1,o,fcd45f4d-Audio_SP21.v0,group_0,1,fave,113.46216455328711,80.54455003348346,7,poder,"",0.09999999999990905,para,[silence],p,d,p,d,internal
452.76819588785855,811.9804704184234,2476.911770981361,2.910070450329482,2.332365430862044,4.496408149925369,4794.871794871795,0.0009620939712405324,564.0857500000001,0.031,0.32978723404255317,0-0-1283-3,o,fcd45f4d-Audio_SP21.v0,group_0,1,fave,429.6869153336047,74.59990615899858,7,poco,"",0.06999999999993634,un,adaptarme,k,#,k,a,final
582.6404943273956,992.8252427415698,2037.1321777924004,3.4982656948951596,3.4287653606700097,5.298745157189988,5153.846153846154,0.008555444613098685,565.2257500000001,0.051000000000000004,0.3311688311688312,0-0-1288-6,o,fcd45f4d-Audio_SP21.v0,group_0,1,fave,172.01937501365288,73.55685524999707,7,trabajo,"",0.12999999999999545,de,",",x,#,x,.,final
534.145503552359,1224.835556645236,1828.4514125874132,3.4614139140992535,3.1260382541782445,4.028184759361932,5153.846153846154,0.00002898892727810041,566.19375,0.027000000000000003,0.32142857142857145,0-0-1293-5,o,fcd45f4d-Audio_SP21.v0,group_0,1,fave,128.9836759669467,72.07402695275196,7,tiempo,"",0.06000000000005912,un,específico,p,#,p,s,final
481.00137625490913,947.4186981786178,2269.415600024435,2.4047032482537345,2.177181681198431,4.37975013688306,5153.846153846154,0.0009033047778027762,566.86275,0.045,0.3358208955223881,0-0-1294-8,o,fcd45f4d-Audio_SP21.v0,group_0,1,fave,154.24564218650508,79.2997371909408,7,específico,"",0.11000000000001364,tiempo,y,k,#,k,i,final
464.3681929047787,904.3848686478588,1871.129247804717,2.2918218139130255,2.534104512252449,3.208698196121096,5512.820512820513,0.002540615294812751,569.1527500000001,0.065,0.33505154639175255,0-0-1302-2,o,fcd45f4d-Audio_SP21.v0,group_0,1,fave,276.18773176318507,75.93837667942202,7,blo(quea),"",0.16999999999995907,me,se,l,#,l,s,final
473.7080174374052,877.1212086186298,2153.7809387519865,2.8834840007230387,2.6319348009008006,4.525381826642765,4974.358974358975,0.00044112488508444577,570.19575,0.031,0.32978723404255317,0-0-1307-5,o,fcd45f4d-Audio_SP21.v0,group_0,1,fave,77.79686777107719,70.09161229523275,7,tiempo,"",0.07000000000005002,el,[silence],p,#,p,.,final
555.0249021897833,1321.8023687905506,2071.2799242986935,3.7395315209956044,4.088315531099925,3.754949766261177,4615.384615384615,0.0003009936950867539,601.56575,0.031,0.32978723404255317,0-0-1326-4,o,fcd45f4d-Audio_SP21.v0,group_0,1,fave,110.3901307680016,69.50898732975713,7,Bueno,"",0.07000000000005002,%%,[silence],n,#,n,.,final
489.3463389186708,860.3260126952639,2351.968005113911,2.146470714895747,2.957682456399636,4.242613180379919,5333.333333333333,0.000051921435757540504,603.19375,0.027000000000000003,0.32142857142857145,0-0-1330-1,o,fcd45f4d-Audio_SP21.v0,group_0,1,fave,484.870425166783,75.50440959887739,7,ahorita,"",0.06000000000005912,[silence],hay,a,R,a,R,internal
500.1565927350219,951.6715896936146,3300.0865683668057,2.77512114671505,2.4360368977984,5.061153988659714,6051.282051282051,0.0003946057973704302,608.4837500000001,0.027000000000000003,0.32142857142857145,0-0-1347-1,o,fcd45f4d-Audio_SP21.v0,group_0,1,fave,353.9215300584826,71.06516738324477,7,correo,"",0.05999999999994543,de,",",k,r,k,r,internal
500.4761770470387,1273.092126277902,1854.0681050518594,2.692712578944205,3.2004281889435284,3.3103831027987143,5512.820512820513,0.0018668088589682314,608.80575,0.051000000000000004,0.3311688311688312,0-0-1347-4,o,fcd45f4d-Audio_SP21.v0,group_0,1,fave,117.73445611970186,73.84746240311584,7,correo,"",0.12999999999999545,de,",",é,#,é,.,final
476.0813063847599,986.1946650611529,2109.7365991106676,2.485219028511579,3.125643393235936,3.6291166518850395,5333.333333333333,0.00021076975014435825,612.01575,0.051000000000000004,0.3311688311688312,0-0-1353-0,o,fcd45f4d-Audio_SP21.v0,group_0,1,fave,118.24855024737778,80.72336597076462,7,Outlook,"",0.12999999999999545,Gmail,[silence],#,u,l,u,initial
423.80160869800335,854.7823543505548,2407.198546761622,2.875755891224865,3.085195119977365,3.7089880936799022,4974.358974358975,0.0008678505913894369,612.3677500000001,0.095,0.334507042253521,0-0-1353-4,o,fcd45f4d-Audio_SP21.v0,group_0,1,fave,112.60053401213746,78.78730163567835,7,Outlook,"",0.2599999999999909,Gmail,[silence],l,ó,l,ó,internal
509.337229689544,850.9581541471038,2105.005812087818,2.734681150329242,2.7257036643507653,3.9184274163925052,5333.333333333333,0.0002617808127862619,613.14075,0.061000000000000006,0.3315217391304348,0-0-1355-1,o,fcd45f4d-Audio_SP21.v0,group_0,1,fave,102.32327743509664,77.80778105244781,7,AOL,"",0.15999999999996817,[silence],[silence],a,é,a,é,internal
452.69157099502485,1211.083134828836,1984.2850468038491,2.559678592863834,3.3044642199089425,3.983540921068015,5333.333333333333,0.00035554397200934264,624.6137500000001,0.027000000000000003,0.32142857142857145,0-0-1388-1,o,fcd45f4d-Audio_SP21.v0,group_0,1,fave,114.24629057211754,79.61979879075189,7,lo,"",0.05999999999994543,de,que,l,#,l,k,final
458.0840392706067,953.8523183711283,3568.338456014374,2.5155698615933217,2.146918081883484,4.346915352495095,5692.3076923076915,0.00009749603562265487,625.30375,0.027000000000000003,0.32142857142857145,0-0-1393-1,o,fcd45f4d-Audio_SP21.v0,group_0,1,fave,453.06193861984747,76.02982022205603,7,correo,"",0.06000000000005912,el,[silence],k,r,k,r,internal
502.8461557947244,1281.657544504313,1961.5849012708172,2.953549916319629,3.06247867774279,3.872190241847441,4974.358974358975,0.0004567270719591425,625.56875,0.037000000000000005,0.324561403508772,0-0-1393-4,o,fcd45f4d-Audio_SP21.v0,group_0,1,fave,129.61333983401624,73.06358702085454,7,correo,"",0.09000000000003183,el,[silence],é,#,é,.,final
464.14586017656495,876.2409898394534,2057.830326667304,2.386768536922758,2.6613459471919527,4.1149953426824,5153.846153846154,0.007490338569879754,627.85475,0.129,0.33593749999999994,0-0-1401-3,o,fcd45f4d-Audio_SP21.v0,group_0,1,fave,117.97415968008772,76.14323841502723,7,puro,"",0.36000000000001364,[silence],cuestiones,R,#,R,k,final
585.9889386587703,962.2370337438524,2016.7617463888344,3.018578361070989,2.807380765150308,4.22309067447978,4615.384615384615,0.0017597738392705889,628.84775,0.035,0.3365384615384616,0-0-1404-6,o,fcd45f4d-Audio_SP21.v0,group_0,1,fave,119.91696712754577,72.0922559810754,7,trabajo,"",0.07999999999992724,de,[silence],x,#,x,.,final
489.0628486665816,889.9626385325495,1848.4938933512963,2.5760410745120725,3.032033586417272,3.5849981404543505,5153.846153846154,0.000459985807378324,629.6877499999999,0.035,0.3365384615384616,0-0-1410-1,o,fcd45f4d-Audio_SP21.v0,group_0,1,fave,122.0704634754862,74.31964128663617,7,confiable,"",0.08000000000004093,es,[silence],k,n,k,n,internal
458.0706373580689,935.7189434567136,2335.7062874182648,2.6626783410346375,2.4589067624860754,3.925344942508641,4974.358974358975,0.0008892798058521888,634.34575,0.091,0.3321167883211679,0-0-1422-3,o,fcd45f4d-Audio_SP21.v0,group_0,1,fave,114.71130890977952,78.45303940241246,7,datos,"",0.25,sus,ni,t,s,t,s,internal
461.37387149121986,1327.185483508569,3114.54950959324,2.3108227702094783,3.3602178236869027,4.999437216798202,5871.794871794871,0.0016721209465351003,635.57375,0.027000000000000003,0.32142857142857145,0-0-1428-5,o,fcd45f4d-Audio_SP21.v0,group_0,1,fave,435.19119760219235,66.81275056905798,7,estilo,"",0.06000000000005912,el,[silence],l,#,l,.,final
459.8715737408776,894.2040827465866,2995.686984969031,2.922218375594593,2.5376461925544938,5.235925907932091,5692.3076923076915,0.00014554866022962017,640.66575,0.031,0.32978723404255317,0-0-1447-4,o,fcd45f4d-Audio_SP21.v0,group_0,1,fave,115.28653687204446,75.9842864098483,7,grupo,"",0.07000000000005002,al,de,p,#,p,d,final
286.7280769606973,611.3231249736847,2269.3655110138266,3.7492597701007586,3.6391208131655293,4.56245519638714,4794.871794871795,0.0010147706804207466,647.17375,0.027000000000000003,0.32142857142857145,0-0-1469-6,o,fcd45f4d-Audio_SP21.v0,group_0,1,fave,98.22475757450835,70.95307909589114,7,criptomonedas,"",0.06000000000005912,la,este,m,n,m,n,internal
438.8516401541414,946.7511856718774,3340.610143949609,2.497322841327089,1.8268835309767872,3.9703992064364155,5512.820512820513,5.7003180347993105e-6,658.67275,0.025,0.33783783783783783,0-0-1504-3,o,fcd45f4d-Audio_SP21.v0,group_0,1,fave,105.75437831131752,78.40188721888674,7,tipo,"",0.05000000000006821,procesador,de,p,#,p,d,final
474.7471216521652,1168.5155354587957,2344.14816548139,3.185515920874713,3.5322198777485827,3.8794359577446333,5153.846153846154,0.0023482026865594683,660.6927499999999,0.045,0.3358208955223881,0-0-1514-4,o,fcd45f4d-Audio_SP21.v0,group_0,1,fave,110.19719592095798,66.0198134720582,7,Cryptotab,"",0.11000000000001364,llama,[silence],t,t,t,t,internal
394.7706513560273,802.7731958227715,2804.9042335605945,3.6900711427303725,3.1994835325318025,4.915308063671765,5692.3076923076915,0.0010557549806976905,667.0887500000001,0.037,0.32456140350877194,0-0-1526-4,o,fcd45f4d-Audio_SP21.v0,group_0,1,fave,131.11124665975882,69.41223828358412,7,mismo,"",0.08999999999991815,allí,por,m,#,m,p,final
453.9647142507562,1077.1416022406993,2013.35122728469,2.690018982549161,3.2670579524999637,3.8049289374173427,5333.333333333333,0.0001510208455694942,667.5857500000001,0.031,0.32978723404255317,0-0-1528-4,o,fcd45f4d-Audio_SP21.v0,group_0,1,fave,115.85919276349213,75.78407427110531,7,Microworkers,"",0.06999999999993634,por,[silence],R,o,R,o,internal
408.716868512732,688.4749985976882,2454.9305956199887,2.332483731117127,2.277633237426574,4.833523097546789,4974.358974358975,0.0018232199554019687,667.6677500000001,0.055,0.33536585365853655,0-0-1528-5,o,fcd45f4d-Audio_SP21.v0,group_0,1,fave,133.02603671010843,73.873728613171,7,Microworkers,"",0.13999999999998636,por,[silence],o,R,o,R,internal
595.5741299449362,1060.2126477478216,2065.11400032651,3.705865314170263,3.1002379151239423,3.4472552473757814,6051.282051282051,0.00043964919034182636,669.02775,0.035,0.33653846153846156,0-0-1532-3,o,fcd45f4d-Audio_SP21.v0,group_0,1,fave,113.77696493965308,74.59264919857713,7,conocido,"",0.08000000000004093,he,dos,n,z,n,z,internal
424.75374088776977,1356.61937960021,2288.03934638758,1.9137160629295593,2.804247616825849,3.504869296479264,5333.333333333333,6.02408271232379e-6,669.29275,0.025,0.33783783783783783,0-0-1532-7,o,fcd45f4d-Audio_SP21.v0,group_0,1,fave,107.35002095130761,82.34652138292448,7,conocido,"",0.05000000000006821,he,dos,d,#,d,d,final
446.507140429357,827.0595742255755,3027.8919094496887,2.3989798698237577,2.5445181612098815,4.880896452124621,5512.820512820513,0.0016146270913940514,674.0857500000001,0.031,0.32978723404255317,0-0-1550-1,o,fcd45f4d-Audio_SP21.v0,group_0,1,fave,109.60489958495263,78.48099445815114,7,colocan,"",0.06999999999993634,que,allí,k,l,k,l,internal
563.384409233148,1068.7931051952066,1898.7391472257652,2.904258543051217,2.87539806542192,3.9747202601617118,5333.333333333333,0.000010448641815735242,676.28275,0.025,0.33783783783783783,0-0-1556-8,o,fcd45f4d-Audio_SP21.v0,group_0,1,fave,138.993477183371,77.64635084487745,7,realizado,"",0.05000000000006821,he,también,d,#,d,t,final
478.58603067091656,1071.1739121187059,2089.857860290151,3.085822901356807,3.09951365074653,4.682916646138506,4794.871794871795,0.015552029774622379,681.74075,0.061000000000000006,0.3315217391304348,0-0-1572-9,o,fcd45f4d-Audio_SP21.v0,group_0,1,fave,103.14533982392103,72.31766449557465,7,publicación,"",0.15999999999996817,de,[silence],i,n,i,n,internal
483.3554247208437,1205.7794190717952,2237.6504926329,2.3741106591586165,3.0321662018140425,4.679701967781702,5512.820512820513,0.00019545899546872844,685.81575,0.031,0.32978723404255317,0-0-1586-3,o,fcd45f4d-Audio_SP21.v0,group_0,1,fave,116.278616707535,76.20733736714938,7,pero,"",0.07000000000005002,",",con,R,#,R,k,final
532.753520534451,1192.5126695927324,1794.6644141177194,3.8766802136630516,3.799428778717707,4.493461191573181,4076.923076923077,0.0015386224920931235,701.56575,0.031,0.32978723404255317,0-0-1611-4,o,fcd45f4d-Audio_SP21.v0,group_0,1,fave,126.04913392435144,71.74018445774306,7,Bueno,"",0.07000000000005002,[silence],.,n,#,n,.,final
463.2265632550696,1043.021991005945,2096.784810691621,1.710679737384876,2.797190818823376,4.336367848926817,5512.820512820513,0.00003477254345799428,704.52775,0.035,0.33653846153846156,0-0-1622-3,o,fcd45f4d-Audio_SP21.v0,group_0,1,fave,156.51533274308193,79.4843344118405,7,llevo,"",0.08000000000004093,que,trabajando,b,#,b,t,final
466.19104076572387,1033.5007043666008,1942.7505885205383,2.762006135415621,2.7936039732934863,4.369633231782408,5512.820512820513,0.00045301419891270576,705.25775,0.035,0.33653846153846156,0-0-1625-4,o,fcd45f4d-Audio_SP21.v0,group_0,1,fave,128.61470496289755,74.66800744771226,7,Microworkers,"",0.08000000000004093,en,esta,R,o,R,o,internal
437.2913402341357,740.4079702400858,2525.5156220748754,2.3957286327349956,2.549561736552598,4.824613908425085,4974.358974358975,0.0013947092153178346,705.34275,0.045,0.3358208955223881,0-0-1625-5,o,fcd45f4d-Audio_SP21.v0,group_0,1,fave,146.38407431124486,76.61270023929532,7,Microworkers,"",0.10999999999989996,en,esta,o,R,o,R,internal
484.4598530309116,1404.231183890316,2597.3556454699324,3.349181949352202,3.264623086927633,4.08301730886058,6051.282051282051,0.00011548607561490175,708.13775,0.035,0.33653846153846156,0-0-1636-5,o,fcd45f4d-Audio_SP21.v0,group_0,1,fave,128.77702754333458,71.74066026078393,7,tenido,"",0.08000000000004093,he,algún,d,#,d,á,final
469.4453397413076,979.7105913932596,3417.103089065129,2.98403071489516,2.3092170531245375,4.39503555710985,5692.3076923076915,0.000015291410202219258,708.53375,0.027000000000000003,0.32142857142857145,0-0-1638-1,o,fcd45f4d-Audio_SP21.v0,group_0,1,fave,130.43940783925913,74.07629588143604,7,contacto,"",0.06000000000005912,algún,físico,k,n,k,n,internal
426.5566572070711,1008.3424211441936,2134.505211016941,2.723383536433425,1.9247555973544557,3.998346001512986,5333.333333333333,0.00007720772668219132,709.29575,0.031,0.32978723404255317,0-0-1639-5,o,fcd45f4d-Audio_SP21.v0,group_0,1,fave,133.7646853039944,75.25470137949705,7,físico,"",0.07000000000005002,contacto,con,k,#,k,k,final
508.68963223845,1007.4680846881837,2198.2836426311565,2.4157452838325364,2.59703120824593,4.431893520640801,5153.846153846154,0.0010202647010481736,711.05075,0.061000000000000006,0.3315217391304348,0-0-1644-7,o,fcd45f4d-Audio_SP21.v0,group_0,1,fave,278.86903072718206,78.72924881238565,7,empleado,"",0.15999999999996817,algún,",",d,#,d,.,final
573.5576805762685,1223.1808672272762,2245.1317316247823,3.5732252096547117,3.7851311261195875,4.55326518421726,6230.7692307692305,0.0009599294407387995,717.7157500000001,0.031,0.32978723404255317,0-0-1670-4,o,fcd45f4d-Audio_SP21.v0,group_0,1,fave,119.42033419353318,66.86159662737249,7,bueno,"",0.06999999999993634,[silence],[silence],n,#,n,.,final
519.1308473249935,755.3849105852194,1893.0902047536422,3.2630860515165954,3.020874252039213,4.5791577304332165,4974.358974358975,0.008127241766027428,718.89275,0.205,0.33387622149837126,0-0-1672-3,o,fcd45f4d-Audio_SP21.v0,group_0,1,fave,118.22415523161774,76.3867189503894,7,como,"",0.5900000000000318,[silence],[silence],m,#,m,.,final
442.9206850904562,718.2087950401285,1395.9863351217248,3.977227050396958,3.412846170491781,4.468635084570315,5333.333333333333,0.003889125984165818,722.3127499999999,0.025,0.33783783783783783,0-0-1683-3,o,fcd45f4d-Audio_SP21.v0,group_0,1,fave,112.81498231718614,73.88945720623427,7,como,"",0.05000000000006821,y,le,m,#,m,l,final
451.0790023991222,1099.149297611511,2210.3892856886773,2.5113668216003737,3.0103767993016275,4.672971780643333,4794.871794871795,0.00047198024721438177,722.6037500000001,0.027000000000000003,0.32142857142857145,0-0-1685-3,o,fcd45f4d-Audio_SP21.v0,group_0,1,fave,119.54621882703715,76.57311763522239,7,digo,"",0.05999999999994543,le,si,g,#,g,s,final
465.44150599797985,1152.40023884677,1658.769718844932,3.2150289752759518,3.3399636850471506,3.2501829442086514,4615.384615384615,0.028289116345871265,727.23075,0.101,0.3322368421052631,0-0-1699-7,o,fcd45f4d-Audio_SP21.v0,group_0,1,fave,159.2060927586279,68.77946268861824,7,recuerdo,"",0.2800000000000864,un,[silence],d,#,d,.,final
511.11850554314464,1025.2599144190758,2040.989253774363,3.09536468105436,2.775629169435757,3.5272596924353725,5333.333333333333,0.000019494692407603916,728.24575,0.031,0.32978723404255317,0-0-1702-1,o,fcd45f4d-Audio_SP21.v0,group_0,1,fave,114.23439671075288,72.89254575786556,7,considerable,"",0.06999999999993634,bastante,.,k,n,k,n,internal
603.4593554327057,1033.3897025054648,1957.6907437735358,2.581249319115248,3.178954705322679,2.940981255183748,4256.410256410256,0.002643272829172106,735.53275,0.045,0.33582089552238803,0-0-1727-5,o,fcd45f4d-Audio_SP21.v0,group_0,1,fave,244.57376852845633,72.4349478042194,7,pasado,"",0.11000000000001364,había,pues,d,#,d,p,final
500.36682608228006,765.1748474363411,2127.698595483,3.27576184913986,3.021967092047327,3.6271022605458896,4974.358974358975,0.0022464727813691723,746.3537500000001,0.027000000000000003,0.32142857142857145,0-0-1739-1,o,fcd45f4d-Audio_SP21.v0,group_0,1,fave,115.68409972298988,73.27974754862127,7,complican,"",0.05999999999994543,me,al,k,m,k,m,internal
470.8813786602066,601.0524456211442,2008.476135290983,3.6724901707872193,3.151890425950189,4.844065182086996,4974.358974358975,0.03252764787876316,748.54575,0.131,0.33248730964466994,0-0-1743-3,o,fcd45f4d-Audio_SP21.v0,group_0,1,fave,96.08727333251173,74.23952205992508,7,como,"",0.37000000000000455,[silence],[silence],m,#,m,"",final
496.123903617431,1126.8677242415872,2516.6197429487192,3.557669956330127,3.882359436977867,4.736993122389392,4794.871794871795,0.0005484707818304662,753.3487500000001,0.037,0.32456140350877194,0-0-1755-2,o,fcd45f4d-Audio_SP21.v0,group_0,1,fave,109.25201208790922,73.91858897819736,7,unos,"",0.08999999999991815,veces,links,n,s,n,s,internal
466.24050172017604,1104.676895060571,2269.257316723781,2.6645959187200106,3.2265071430265833,4.066245645264775,5512.820512820513,0.000405541539037046,761.8357500000001,0.031,0.32978723404255317,0-0-1790-1,o,fcd45f4d-Audio_SP21.v0,group_0,1,fave,118.39956862108515,75.07722633919175,7,lo,"",0.06999999999993634,es,que,l,#,l,k,final
426.0770474124634,1137.4849050278476,2100.0683077978792,3.1042121738530364,3.2111148953259363,3.5333805226167416,5512.820512820513,0.0004586232779037397,762.39575,0.031,0.32978723404255317,0-0-1794-2,o,fcd45f4d-Audio_SP21.v0,group_0,1,fave,111.92175699757384,74.52239856966514,7,proceder,"",0.07000000000005002,que,cómo,R,z,R,z,internal
506.84496261127487,834.9749409843084,2010.659596385262,3.06473279733558,3.2197457219689674,4.777340885325052,4974.358974358975,0.002908226663470026,775.7487500000001,0.037000000000000005,0.324561403508772,0-0-1804-1,o,fcd45f4d-Audio_SP21.v0,group_0,1,fave,188.66942184820613,78.90105291230941,7,concursos,"",0.09000000000003183,Son,sé,k,n,k,n,internal
423.0288697102134,1325.8907922240296,2399.0248872065263,2.3891613730741033,4.300375121958408,4.128534960484222,4615.384615384615,0.002121954006549697,776.2787500000001,0.037,0.32456140350877194,0-0-1804-7,o,fcd45f4d-Audio_SP21.v0,group_0,1,fave,219.36253993907496,66.37687449374997,7,concursos,"",0.09000000000003183,Son,sé,s,s,s,s,internal
476.9056505983283,1064.5087777729157,2029.1623856704884,3.7330504636435733,3.559360085393528,4.485456290879122,5153.846153846154,0.00510109948246102,776.7087500000001,0.037000000000000005,0.324561403508772,0-0-1806-1,o,fcd45f4d-Audio_SP21.v0,group_0,1,fave,169.69954409753672,64.7366332120518,7,lo,"",0.08999999999991815,sé,que,l,#,l,k,final
516.2948172546521,790.9610297749671,2124.1610855254344,3.626345081328017,2.9800724448132643,4.6189732477937495,4794.871794871795,0.026263136264076104,777.78575,0.031,0.32978723404255317,0-0-1811-1,o,fcd45f4d-Audio_SP21.v0,group_0,1,fave,128.11613695399225,73.34017014424688,7,concursos,"",0.07000000000005002,son,[silence],k,n,k,n,internal
448.9366051332918,1054.2222677229972,2462.904247216529,3.415198406118189,3.0906686822661116,4.5899227093685955,5333.333333333333,0.0015368821441641034,778.29075,0.041,0.3306451612903226,0-0-1811-7,o,fcd45f4d-Audio_SP21.v0,group_0,1,fave,129.6576817854755,66.52500875761963,7,concursos,"",0.10000000000002274,son,[silence],s,s,s,s,internal
540.2463471274119,983.4283391215923,2627.236368662573,3.519150098916965,3.755335921419916,4.987236573825447,6051.282051282051,0.07707358463099068,778.99275,0.045,0.33582089552238803,0-0-1814-5,o,fcd45f4d-Audio_SP21.v0,group_0,1,fave,104.33739912126762,65.8230358304814,7,cuanto,"",0.11000000000001364,y,más,t,#,t,m,final
685.4187825173402,976.1771534976401,3645.8029442004677,3.300521311205025,2.916534037666485,3.95862727544021,5333.333333333333,0.0020798779014140566,782.3077499999999,0.035,0.3365384615384616,0-0-1828-0,o,fcd45f4d-Audio_SP21.v0,group_0,1,fave,109.71054478083153,73.81023675169233,7,oportunidades,"",0.08000000000004093,más,de,#,p,s,p,initial
496.6845762617907,905.0868235481729,3656.637576539217,3.5533526389141987,3.30632960566306,4.126224000704146,5153.846153846154,0.0008033746744908529,783.27575,0.031,0.32978723404255317,0-0-1830-1,o,fcd45f4d-Audio_SP21.v0,group_0,1,fave,107.44894828672349,66.13572152263124,7,postear,"",0.07000000000005002,de,[silence],p,s,p,s,internal
461.91694499841515,852.048632527027,3666.701469082962,3.3039215686975374,2.914194551856652,3.624001061109702,6230.7692307692305,0.00020734671964205175,786.09775,0.035,0.33653846153846156,0-0-1840-1,o,fcd45f4d-Audio_SP21.v0,group_0,1,fave,104.75736297910011,71.49675641440962,7,postear,"",0.07999999999992724,en,su,p,s,p,s,internal
489.2833654313384,1225.1484484243224,2295.8204304984743,2.352795631738428,3.034541981941422,4.160294049809611,4974.358974358975,0.0000118066396739137,796.5627499999999,0.025,0.33783783783783783,0-0-1868-4,o,fcd45f4d-Audio_SP21.v0,group_0,1,fave,122.10423329324522,76.4097991208981,7,acepto,"",0.05000000000006821,no,tareas,t,#,t,t,final
488.6774010982245,907.2076383068778,2122.285582078581,2.7585856315557926,2.47515821993502,3.816475291106746,5512.820512820513,0.00012783511821310684,798.8337500000001,0.027000000000000003,0.32142857142857145,0-0-1878-1,o,fcd45f4d-Audio_SP21.v0,group_0,1,fave,114.65892866241481,76.72219088641013,7,colocan,"",0.05999999999994543,veces,[silence],k,l,k,l,internal
467.10675168353396,869.0659509335159,2111.2830508449424,2.246300025250989,2.4135367099407548,3.929173984771573,4794.871794871795,0.00009308527236467025,806.9837500000001,0.027000000000000003,0.32142857142857145,0-0-1900-3,o,fcd45f4d-Audio_SP21.v0,group_0,1,fave,119.83173139461212,79.68459494337819,7,involucran,"",0.05999999999994543,porque,a,b,l,b,l,internal
517.9972001130544,1086.7466506584105,2657.9789984386593,4.01588494919803,3.709067570424334,4.50116092616637,6410.25641025641,0.001715291180931442,807.71275,0.045,0.33582089552238803,0-0-1902-2,o,fcd45f4d-Audio_SP21.v0,group_0,1,fave,128.08863411725366,71.74089748992303,7,uno,"",0.10999999999989996,a,en,n,#,n,e,final
470.8984410841171,973.2556965675919,2147.374060459565,2.4643058246132683,2.3727851028835807,3.8369682856893306,4794.871794871795,0.000018518704129780037,814.7237500000001,0.027000000000000003,0.32142857142857145,0-0-1926-3,o,fcd45f4d-Audio_SP21.v0,group_0,1,fave,136.3616026063896,72.61866146603133,7,tipo,"",0.05999999999994543,ese,de,p,#,p,d,final
503.3164963406878,1089.3351807902084,2240.1499269243104,3.0255924753620356,3.022284228682538,3.759559524622527,5333.333333333333,0.001525218970366814,816.79275,0.025,0.33783783783783783,0-0-1932-6,o,fcd45f4d-Audio_SP21.v0,group_0,1,fave,108.34633835267105,76.08327052135334,7,Tampoco,"",0.05000000000006821,[silence],las,k,#,k,l,final
481.06735757834645,782.9147302028725,1875.2039821611804,2.4984839397964826,3.2139223155138303,4.350925092179719,4974.358974358975,0.004760241369274556,824.41875,0.177,0.33146067415730335,0-0-1938-4,o,fcd45f4d-Audio_SP21.v0,group_0,1,fave,145.16840371940265,79.20821555348017,7,Tengo,"",0.5099999999999909,[silence],[silence],g,#,g,.,final
536.0210634043567,1144.4523276158916,1719.1954734562942,3.025209948150829,3.3833703199062732,4.374594507322947,5153.846153846154,0.0004146318821553769,825.81375,0.027000000000000003,0.32142857142857145,0-0-1942-4,o,fcd45f4d-Audio_SP21.v0,group_0,1,fave,155.854350265039,73.04108824718733,7,personales,"",0.06000000000005912,cuentas,.,s,n,s,n,internal
487.67348824417564,887.4417016473178,2175.243654176856,2.1127981499476736,3.0232987944839764,4.232736733942908,4435.897435897436,0.007900325707947319,827.11275,0.10500000000000001,0.3343949044585987,0-0-1946-3,o,fcd45f4d-Audio_SP21.v0,group_0,1,fave,133.83628339632529,81.96399387297663,7,Pero,"",0.2900000000000773,[silence],abrí,R,#,R,á,final
381.42257569141407,852.8637525281491,2031.7193329494137,4.000270785340679,3.704537533584234,4.407456089512087,5333.333333333333,0.00033716002002506264,829.61575,0.031,0.32978723404255317,0-0-1955-4,o,fcd45f4d-Audio_SP21.v0,group_0,1,fave,111.6622805932906,73.46052835231427,7,mismo,"",0.06999999999993634,mi,nombre,m,#,m,n,final
474.97889736482756,885.9940407587493,2093.8545747160238,2.3214988580926086,2.9256559468319145,4.187362557627548,4974.358974358975,0.005859864172256992,833.25875,0.217,0.3318042813455658,0-0-1963-8,o,fcd45f4d-Audio_SP21.v0,group_0,1,fave,157.98568396665033,74.78096285881492,7,principio,"",0.6299999999999955,al,[silence],i,#,i,"",final
442.4284077310353,1015.5388599688217,2147.735287185989,2.357871420187765,2.861241708702826,3.8452259044569232,5333.333333333333,0.0008750428635759971,834.49875,0.07700000000000001,0.3290598290598291,0-0-1966-4,o,fcd45f4d-Audio_SP21.v0,group_0,1,fave,110.09475578325659,77.40344711933973,7,Micro,"",0.2099999999999227,[silence],que,R,#,R,k,final
487.8780335855683,1012.8082622333134,2064.743968011793,3.526782247182716,3.144737354356933,4.5620129708730035,5512.820512820513,0.01109728866463614,838.84275,0.045,0.33582089552238803,0-0-1980-2,o,fcd45f4d-Audio_SP21.v0,group_0,1,fave,-128.16110367718102,67.73501225373138,7,uno,"",0.10999999999989996,que,tenía,n,#,n,t,final
476.549763264778,768.6511309183193,3403.831866202241,2.551128453331153,3.2116961400426254,4.658106063709069,6769.2307692307695,0.004270353800341215,843.0227500000001,0.065,0.33505154639175255,0-0-1998-3,o,fcd45f4d-Audio_SP21.v0,group_0,1,fave,122.01532704214252,76.16488309784394,7,pagos,"",0.16999999999995907,[silence],uno,g,s,g,s,internal
465.29654856621505,960.6159032962408,2306.4489585003516,2.3272037879681724,2.359290098417852,3.5627499350813534,5153.846153846154,8.978680434256009e-6,850.29275,0.025,0.33783783783783783,0-0-2025-3,o,fcd45f4d-Audio_SP21.v0,group_0,1,fave,117.33831185656388,81.90399773949524,7,tipo,"",0.05000000000006821,ese,de,p,#,p,d,final
483.02304815603713,1178.763162441608,2097.049327053352,2.2528346504205063,3.358224435451951,3.0431160917681255,5333.333333333333,0.0002445177900861381,852.98575,0.031,0.32978723404255317,0-0-2031-3,o,fcd45f4d-Audio_SP21.v0,group_0,1,fave,240.01853235641275,78.01350467302682,7,Pero,"",0.06999999999993634,[silence],con,R,#,R,k,final
467.21385781941126,1075.254544256747,1760.8630800057772,3.5934451357970025,3.6788455273103056,4.358898728929714,5333.333333333333,0.0005314608334792858,855.98575,0.031,0.32978723404255317,0-0-2042-3,o,fcd45f4d-Audio_SP21.v0,group_0,1,fave,110.98766394079335,70.30335652070131,7,otro,"",0.06999999999993634,con,tipo,R,#,R,t,final
446.68945024484583,911.409621952078,2056.1940288977917,1.9267184982189192,2.302933240901263,4.294891812443371,5333.333333333333,0.00001676518656941884,856.29375,0.027000000000000003,0.32142857142857145,0-0-2043-3,o,fcd45f4d-Audio_SP21.v0,group_0,1,fave,114.43722265039936,76.69598719263658,7,tipo,"",0.06000000000005912,otro,de,p,#,p,d,final
442.27591218357065,956.0405090938654,2205.896551547114,2.3966985537580796,2.996353249561706,4.874831214050745,4435.897435897436,0.0038994353282143274,858.17375,0.047,0.3263888888888889,0-0-2051-4,o,fcd45f4d-Audio_SP21.v0,group_0,1,fave,109.8603707783024,79.19600534522547,7,Microworkers,"",0.12000000000000455,que,tiene,R,o,R,o,internal
478.1403058373496,1081.0754329676586,1822.4505261856593,2.974397555643337,3.01702505394236,3.529500373843992,5512.820512820513,0.0013762822352606846,872.44875,0.037000000000000005,0.324561403508772,0-0-2065-6,o,fcd45f4d-Audio_SP21.v0,group_0,1,fave,133.48088344068313,76.57739473356278,7,ejemplo,"",0.09000000000003183,por,en,l,#,l,e,final
512.2583278147839,969.0405677038302,2758.295443580271,2.7470060879596923,2.2767804385257637,4.86755236371845,5333.333333333333,0.0007361737620887295,876.46775,0.035,0.3365384615384616,0-0-2076-6,o,fcd45f4d-Audio_SP21.v0,group_0,1,fave,375.1662248975629,70.95319195137668,7,trabajo,"",0.07999999999992724,[silence],este,x,#,x,é,final
513.8777754045321,944.3212788560734,1803.04728170302,2.23678374990358,2.071200567299485,3.8002605279632027,5333.333333333333,0.000033095970674804424,877.9037500000001,0.027000000000000003,0.32142857142857145,0-0-2079-6,o,fcd45f4d-Audio_SP21.v0,group_0,1,fave,382.90752572666827,77.61589371237044,7,trabajo,"",0.06000000000005912,[silence],que,x,#,x,k,final
423.5579240662888,766.2079064174762,2383.13848728441,2.4965815811701333,2.80412375322364,3.2369721727597285,4974.358974358975,0.00009852498805286582,880.00775,0.035,0.33653846153846156,0-0-2085-0,o,fcd45f4d-Audio_SP21.v0,group_0,1,fave,110.7873330155153,74.95723890106235,7,o,"",0.08000000000004093,[silence],en,#,#,.,e,coextensive
452.27688694521976,828.105721714469,2249.7656706280723,2.4676274612158444,2.900672199355686,4.7458417390209915,4974.358974358975,0.006123747086336476,880.90475,0.149,0.33558558558558554,0-0-2089-6,o,fcd45f4d-Audio_SP21.v0,group_0,1,fave,107.26199469470514,78.57954462710285,7,trabajo,"",0.4199999999999591,noche,más,x,#,x,m,final
589.1433818702874,1080.3085735069594,1901.787147697523,2.7586552572181304,2.7834267763395566,3.877751826105898,4794.871794871795,0.006657926952905971,886.75575,0.051000000000000004,0.3311688311688312,0-0-2114-0,o,fcd45f4d-Audio_SP21.v0,group_0,1,fave,154.44543542768923,76.77719890679504,7,oscilan,"",0.12999999999999545,tareas,entre,#,s,s,s,initial
452.176672136694,957.4899519606511,2181.1575861413858,2.219442034351097,2.881082592114524,4.32775859260206,4974.358974358975,0.0013923457707285306,890.50975,0.119,0.3361581920903954,0-0-2123-4,o,fcd45f4d-Audio_SP21.v0,group_0,1,fave,141.66580867442715,78.65110236519506,7,tardo,"",0.32999999999992724,me,[silence],d,#,d,"",final
264.4722793072435,456.3753332506991,1598.980647817517,3.523183077535652,3.8722309120586735,4.559695413750964,4076.923076923077,0.002043716002608438,892.42275,0.025,0.33783783783783783,0-0-2130-9,o,fcd45f4d-Audio_SP21.v0,group_0,1,fave,115.1171643402634,61.809541360644964,7,realizando,"",0.05000000000006821,minutos,la,d,#,d,l,final
403.48904533407114,712.0416510614085,2314.752114787067,2.401727395862797,2.6789153384544564,4.419983748240303,4974.358974358975,0.0013644760341674535,902.16575,0.091,0.3321167883211679,0-0-2142-4,o,fcd45f4d-Audio_SP21.v0,group_0,1,fave,137.3341667258349,79.02730650980344,7,Microworkers,"",0.25,en,[silence],R,o,R,o,internal
513.0773008392321,894.5046837154729,3618.849271298723,2.905244397720458,2.8504044763902954,4.187692215135913,5333.333333333333,0.01792475620245873,903.4687500000001,0.037,0.32456140350877194,0-0-2144-0,o,fcd45f4d-Audio_SP21.v0,group_0,1,fave,304.4439981136353,75.38981024298809,7,oscilan,"",0.08999999999991815,[silence],entre,#,s,.,s,initial
457.8311757338732,1181.155959238267,2190.6186234708302,2.1472703116483274,3.144569973434785,3.346599682345317,5333.333333333333,0.000029981276772715772,904.9607500000001,0.041,0.3306451612903226,0-0-2146-3,o,fcd45f4d-Audio_SP21.v0,group_0,1,fave,112.78919640231138,81.16256007086574,7,cero,"",0.09999999999990905,entre,diez,R,#,R,d,final
456.59072582962267,1075.0042315449377,1424.483581926916,2.8100412141247086,3.1659653190898926,4.972701001152819,5871.794871794871,0.001554374393174536,905.78075,0.041,0.3306451612903226,0-0-2149-3,o,fcd45f4d-Audio_SP21.v0,group_0,1,fave,103.24553456859644,77.50085912247194,7,cero,"",0.10000000000002274,y,[silence],R,b,R,b,internal
462.83470865520286,1097.939989362743,2091.2188742283247,2.798220083721699,2.9029186219401435,3.269095795869048,5871.794871794871,0.00007023412915884412,907.70775,0.035,0.3365384615384616,0-0-2154-3,o,fcd45f4d-Audio_SP21.v0,group_0,1,fave,106.59011472654704,76.25646430125987,7,cero,"",0.07999999999992724,",",veinte,R,#,R,b,final
448.9131422016409,1006.1406640177845,2319.434715980473,2.4758355002242447,3.2908250475522185,3.585067716580985,5333.333333333333,0.0006779400835970066,927.0887500000001,0.037,0.32456140350877194,0-0-2192-7,o,fcd45f4d-Audio_SP21.v0,group_0,1,fave,219.19010356584545,69.36770451632107,7,entiendo,"",0.08999999999991815,que,que,d,#,d,k,final
443.297253529707,1034.3793608866913,2509.0053309041623,2.0432451545527095,3.15114563028954,4.5127704975614105,4794.871794871795,0.00003087487166967321,927.67275,0.025,0.33783783783783783,0-0-2196-4,o,fcd45f4d-Audio_SP21.v0,group_0,1,fave,217.95776953673283,76.49775598737439,7,tengo,"",0.05000000000006821,[silence],tiempo,g,#,g,t,final
478.5544978352185,873.2247954305321,3086.9589632742163,2.4846306601081327,2.247760113621342,4.75129126233959,5692.3076923076915,0.00031638304782850846,928.01575,0.031,0.32978723404255317,0-0-2197-5,o,fcd45f4d-Audio_SP21.v0,group_0,1,fave,346.52273707507715,71.58330323628294,7,tiempo,"",0.07000000000005002,tengo,desarrollando,p,#,p,d,final
499.0568361560144,1024.190270695947,1867.164184206156,1.8315555032742157,3.3528875298123,4.036599495492198,4974.358974358975,0.0004452961053309086,928.37775,0.035,0.33653846153846156,0-0-2198-5,o,fcd45f4d-Audio_SP21.v0,group_0,1,fave,98.31438604282943,78.57717581888691,7,desarrollando,"",0.08000000000004093,tiempo,.,r,L,r,L,internal
409.2703299568589,966.9928021526879,2443.475675203111,2.726166604619477,3.578378471306269,4.094993056260602,4615.384615384615,0.00021335270883567715,932.9037500000001,0.027000000000000003,0.32142857142857145,0-0-2206-4,o,fcd45f4d-Audio_SP21.v0,group_0,1,fave,102.51293373622299,68.00844305126444,7,elijo,"",0.06000000000005912,las,[silence],x,#,x,.,final
476.7299665003897,851.3540465496343,2447.7879411507497,2.4015638848242506,2.67562135568622,4.787536610578067,6410.25641025641,0.006051634578517176,933.52875,0.097,0.3299319727891156,0-0-2208-6,o,fcd45f4d-Audio_SP21.v0,group_0,1,fave,125.68717081500361,79.67972585031335,7,primero,"",0.2699999999999818,[silence],[silence],R,#,R,"",final
492.1606413673342,942.2384674644378,2268.020981389086,2.86124293070083,2.5233173168034706,4.222908922437879,5153.846153846154,0.00009298546382633047,939.98575,0.031,0.32978723404255317,0-0-2228-4,o,fcd45f4d-Audio_SP21.v0,group_0,1,fave,114.74371998154109,74.55124235429717,7,tengo,"",0.06999999999993634,[silence],paciencia,g,#,g,p,final
477.9691247838845,805.5264848313706,2280.1321604375157,2.67608517280239,4.1310022602820515,3.5216438942394555,5153.846153846154,0.0038196577842461864,941.4557500000001,0.031,0.32978723404255317,0-0-2231-6,o,fcd45f4d-Audio_SP21.v0,group_0,1,fave,109.34396986875694,69.52149154038548,7,realizo,"",0.06999999999993634,[silence],las,z,#,z,l,final
482.0094563307592,843.9555289514551,2089.389329250632,2.2001064188973,2.640669215872713,5.243233311526239,5153.846153846154,0.0011191493584152914,944.20075,0.041,0.3306451612903226,0-0-2239-4,o,fcd45f4d-Audio_SP21.v0,group_0,1,fave,116.59861501342907,82.44133637957837,7,elaboración,"",0.10000000000002274,más,.,b,R,b,R,internal
460.0978722618434,745.6658323862074,2947.238750311735,2.988551975647527,2.555603163688901,4.74873798257028,5333.333333333333,0.00038427583244922024,950.69375,0.027000000000000003,0.32142857142857145,0-0-2260-1,o,fcd45f4d-Audio_SP21.v0,group_0,1,fave,122.23495283098752,69.6478254381883,7,poquito,"",0.06000000000005912,un,más,p,k,p,k,internal
530.8125541290242,984.1035417427967,2200.9227487889784,2.612757591579352,3.1696262835728732,4.735023842508504,5333.333333333333,0.0003256183950318541,967.2257500000001,0.031,0.32978723404255317,0-0-2269-6,o,fcd45f4d-Audio_SP21.v0,group_0,1,fave,128.18870059380296,77.79877579426366,7,agarrado,"",0.06999999999993634,He,una,d,#,d,ú,final
459.19091682614754,954.7206525636658,2296.288059927896,2.520110371985083,2.793473603018756,3.704329961885843,4974.358974358975,0.0032616495790668797,973.65075,0.101,0.3322368421052631,0-0-2288-6,o,fcd45f4d-Audio_SP21.v0,group_0,1,fave,107.29478634025514,74.93807032553548,7,realizo,"",0.2799999999999727,ya,las,z,#,z,l,final
430.7819615162472,836.9632011650399,2346.6245923017477,2.203517982173302,2.52742299240301,3.358849739053774,4615.384615384615,0.0005905369900046772,979.41775,0.135,0.3341584158415842,0-0-2308-4,o,fcd45f4d-Audio_SP21.v0,group_0,1,fave,106.05080933339856,79.92184342934836,7,visto,"",0.37999999999999545,he,otras,t,#,t,ó,final
489.7760301051819,861.9426993523905,2199.7853407575026,2.593922870734331,2.7652557231664443,4.401887710743466,4974.358974358975,0.0011597515181362803,981.82075,0.041,0.3306451612903226,0-0-2317-6,o,fcd45f4d-Audio_SP21.v0,group_0,1,fave,117.60146589033708,76.59256726225128,7,trabajo,"",0.10000000000002274,el,y,x,#,x,i,final
452.52615438320373,1260.7433980302246,2381.26600725597,2.5928997738147816,3.7014968166902866,3.3025143040913765,5153.846153846154,4.932425284923627e-6,984.67275,0.025,0.33783783783783783,0-0-2327-6,o,fcd45f4d-Audio_SP21.v0,group_0,1,fave,108.15994566365703,79.15801285759565,7,cuestión,"",0.05000000000006821,es,de,i,n,i,n,internal
480.036145487312,825.2294088549853,2963.9887531176446,2.7433195371267574,2.718308918265754,4.6831151577223515,5333.333333333333,0.0015613893807353582,985.97775,0.035,0.3365384615384616,0-0-2333-4,o,fcd45f4d-Audio_SP21.v0,group_0,1,fave,102.93715161561474,74.77066068845039,7,tengo,"",0.07999999999992724,yo,ya,g,#,g,y,final
466.1004742786786,874.5464865049748,3241.8716001566468,2.7218699307939134,2.7402398670444903,5.022853338817865,5333.333333333333,0.0004979190161528255,986.4987500000001,0.037,0.32456140350877194,0-0-2335-5,o,fcd45f4d-Audio_SP21.v0,group_0,1,fave,106.65313315771961,75.41330831094338,7,tiempo,"",0.09000000000003183,ya,trabajando,p,#,p,t,final
374.9377952053956,1124.3503639709322,2346.403447042335,3.292693671377457,3.212590144576598,3.6097364807697274,4435.897435897436,0.0010067082182297815,987.05575,0.031,0.32978723404255317,0-0-2336-9,o,fcd45f4d-Audio_SP21.v0,group_0,1,fave,106.34727370466936,70.62286445549792,7,trabajando,"",0.07000000000005002,tiempo,acá,d,#,d,á,final
442.37710887863864,1045.0686673890568,2162.3839622621117,2.1968004475061664,3.568940839570534,3.588881551183189,4435.897435897436,0.00012576969565552772,987.88775,0.035,0.3365384615384616,0-0-2339-4,o,fcd45f4d-Audio_SP21.v0,group_0,1,fave,108.6232287170477,77.21296144903714,7,Microworkers,"",0.08000000000004093,con,y,R,o,R,o,internal
410.75447514054906,743.8100477301379,2585.469479672394,2.157279648986221,2.905553696669981,4.232234327178768,5153.846153846154,0.0031848421851928335,987.9787500000001,0.057,0.32758620689655177,0-0-2339-5,o,fcd45f4d-Audio_SP21.v0,group_0,1,fave,151.8847665332332,79.67874009650221,7,Microworkers,"",0.14999999999997726,con,y,o,R,o,R,internal
527.1858303213475,848.5349969969241,1979.875912585382,3.3079984902698243,3.1256393285371176,4.115127690027146,3897.4358974358975,0.001229590769360192,992.19875,0.037000000000000005,0.324561403508772,0-0-2348-3,o,fcd45f4d-Audio_SP21.v0,group_0,1,fave,110.9112843394543,73.60858417668959,7,como,"",0.09000000000003183,es,todo,m,#,m,t,final
485.6211923306132,894.5235277434924,2859.4340223749896,2.03291718025784,3.2092317756382873,4.823982848321264,4974.358974358975,0.0008067110067253736,992.42575,0.031,0.32978723404255317,0-0-2349-3,o,fcd45f4d-Audio_SP21.v0,group_0,1,fave,284.9156210000484,81.08058323757686,7,todo,"",0.07000000000005002,como,",",d,#,d,.,final
463.6548604735851,1221.207184083841,2102.4916834177943,3.2504282868522294,3.296956136112829,3.820507000856539,4615.384615384615,0.0002600506914640382,994.02575,0.031,0.32978723404255317,0-0-2358-1,o,fcd45f4d-Audio_SP21.v0,group_0,1,fave,113.94729018350266,72.12529952397934,7,lo,"",0.07000000000005002,en,que,l,#,l,k,final
471.6605917487571,1005.4711386442364,2670.3605518845206,2.0336231526835356,2.4320492857243083,4.776478052461921,5512.820512820513,0.00020630235608876883,1011.29575,0.031,0.32978723404255317,0-0-2371-4,o,fcd45f4d-Audio_SP21.v0,group_0,1,fave,120.2774752812746,78.88626943418596,7,Microworkers,"",0.07000000000005002,de,[silence],R,o,R,o,internal
453.17983859638235,737.5100428702646,2606.5552380289764,2.548025034195097,3.0708386537620678,4.450434819131098,5153.846153846154,0.003647612230523475,1011.38875,0.07700000000000001,0.3290598290598291,0-0-2371-5,o,fcd45f4d-Audio_SP21.v0,group_0,1,fave,115.04315304376794,74.86442635436772,7,Microworkers,"",0.2099999999999227,de,[silence],o,R,o,R,internal
447.31247737308945,1028.3333818954236,3010.981231430699,3.514416244873393,2.7367478366945623,4.046891283726986,5153.846153846154,0.0001383002897238882,1012.53375,0.027000000000000003,0.32142857142857145,0-0-2375-2,o,fcd45f4d-Audio_SP21.v0,group_0,1,fave,107.36979664627101,72.25879581575252,7,uno,"",0.06000000000005912,[silence],no,n,#,n,n,final
459.7549015313265,1020.1001646335733,3234.2834383698355,2.628650037916914,2.6648909738045754,4.8959069744994705,6410.25641025641,0.0017087537467927148,1017.0887500000001,0.037,0.32456140350877194,0-0-2394-2,o,fcd45f4d-Audio_SP21.v0,group_0,1,fave,450.97796909184467,71.62232851521833,7,bloquean,"",0.08999999999991815,la,[silence],l,k,l,k,internal
562.5161388500771,949.136155446905,3663.5112706478694,2.754830668403668,2.693697174363372,3.7176883380717007,6948.717948717948,0.0008333698833246487,1020.72575,0.091,0.3321167883211679,0-0-2404-8,o,fcd45f4d-Audio_SP21.v0,group_0,1,fave,109.55114314651337,78.56827340219105,7,trabajado,"",0.25,he,en,d,#,d,e,final
454.3466338366468,851.8245441800508,2431.4759787018384,2.1133954781335706,2.6057410217539982,4.348647321776315,5153.846153846154,0.00048827035758550413,1024.24875,0.057,0.32758620689655177,0-0-2415-6,o,fcd45f4d-Audio_SP21.v0,group_0,1,fave,113.44076841160621,81.63651196425934,7,embargo,"",0.14999999999986358,Sin,he,g,#,g,é,final
455.4378643572348,826.6817830381891,2758.5146983682985,2.1911377239641605,2.501323906954907,4.682661639194991,5692.3076923076915,0.005981315971176347,1024.86575,0.191,0.3327526132404181,0-0-2417-2,o,fcd45f4d-Audio_SP21.v0,group_0,1,fave,122.799238469665,74.60444336016464,7,ido,"",0.5499999999999545,he,a,d,#,d,a,final
484.72949348950806,1012.4016618830946,2558.8020275484,1.778438097657796,3.043139556125117,4.463818566245822,5153.846153846154,0.0006255275545253004,1028.4807500000002,0.041,0.3306451612903226,0-0-2426-8,o,fcd45f4d-Audio_SP21.v0,group_0,1,fave,119.62003867559483,75.07257422184203,7,compañeros,"",0.09999999999990905,otros,[silence],R,s,R,s,internal
496.99088050467606,988.3450182176878,2728.543404670017,2.408528357139884,3.1021731990502994,4.556346769065015,5871.794871794871,0.01102788699252533,1030.0387500000002,0.07700000000000001,0.3290598290598291,0-0-2432-2,o,fcd45f4d-Audio_SP21.v0,group_0,1,fave,183.57829841470257,73.9565849542028,7,ellos,"",0.21000000000003638,donde,[silence],L,s,L,s,internal
423.92470697925,796.7682728940962,3002.157604202814,3.238191136188641,3.952008608903584,4.97703795716501,5153.846153846154,0.022587321735783747,1031.7207500000002,0.061000000000000006,0.3315217391304348,0-0-2436-9,o,fcd45f4d-Audio_SP21.v0,group_0,1,fave,217.9320526847858,75.74647405701275,7,trabajando,"",0.15999999999985448,están,me,d,#,d,m,final
344.53726948952885,632.0095692784356,2460.4461698361247,3.5954097698584295,2.639262928119774,4.855646069133193,5512.820512820513,0.002688459534617373,1032.57775,0.035,0.33653846153846156,0-0-2440-3,o,fcd45f4d-Audio_SP21.v0,group_0,1,fave,161.52450425969806,66.59315944282865,7,cómo,"",0.08000000000015461,mira,se,m,#,m,s,final
481.01356303992617,962.4742029230894,3270.6332131816976,2.4473568509736205,3.38948685693631,4.850203032271584,6051.282051282051,0.007612440408438161,1033.5737499999998,0.047,0.3263888888888889,0-0-2446-1,o,fcd45f4d-Audio_SP21.v0,group_0,1,fave,121.3728117984996,75.75725986096505,7,los,"",0.12000000000011823,yo,ayudo,l,s,l,s,internal
471.8502330162708,952.1317575346667,2700.6765610275593,1.9429151947813257,2.714510946981079,4.847944269514502,5153.846153846154,0.0005033328608700345,1034.1227499999998,0.045,0.3358208955223881,0-0-2447-4,o,fcd45f4d-Audio_SP21.v0,group_0,1,fave,118.60499266945179,76.67772328210108,7,ayudo,"",0.11000000000012733,los,los,d,#,d,l,final
446.69465665001496,810.0528759563463,2699.8291764140595,2.3187553139972694,2.8355138855474022,4.604580688556457,5153.846153846154,0.004564185848676788,1034.34975,0.119,0.3361581920903954,0-0-2448-1,o,fcd45f4d-Audio_SP21.v0,group_0,1,fave,430.2747310715006,76.95592156865571,7,los,"",0.32999999999992724,ayudo,[silence],l,s,l,s,internal
454.7132339988311,946.3814006218362,2618.5289911437385,2.6603951665743106,2.8436062003895235,4.281952083044075,5333.333333333333,0.008057449948778137,1034.88575,0.07100000000000001,0.3317757009345795,0-0-2450-0,o,fcd45f4d-Audio_SP21.v0,group_0,1,fave,135.4102555011171,78.37984853248345,7,oriento,"",0.19000000000005457,[silence],[silence],#,R,.,R,initial
457.8695604738405,1098.2470575023772,3160.6920562452756,2.4175703212136708,2.9978350449739084,4.1554451217937505,5512.820512820513,0.0002576230877265016,1035.3877499999999,0.035,0.33653846153846156,0-0-2450-6,o,fcd45f4d-Audio_SP21.v0,group_0,1,fave,150.28109460813673,74.37349010198338,7,oriento,"",0.08000000000015461,[silence],[silence],t,#,t,.,final
453.9062026138891,1035.4815446350347,2413.284805656905,1.9061500752744407,3.062410480807153,3.780140642562904,5333.333333333333,0.00004707143800655291,1043.39775,0.035,0.3365384615384616,0-0-2475-1,o,fcd45f4d-Audio_SP21.v0,group_0,1,fave,232.36373029913884,79.87609154630309,7,doscientas,"",0.07999999999992724,si,tareas,d,s,d,s,internal
499.95260473071636,1149.8169961681756,2322.8950921472797,1.7683912075878494,3.4050520568365004,3.004495977306277,5512.820512820513,0.0000164122645328822,1051.05575,0.031,0.32978723404255317,0-0-2501-3,o,fcd45f4d-Audio_SP21.v0,group_0,1,fave,167.09133612807625,85.01371495190631,7,pero,"",0.06999999999993634,",",sí,R,#,R,s,final
506.2408034656599,940.995590435792,3517.40021462943,2.845974779520779,2.3287790185698762,4.110674909115005,5333.333333333333,0.0005864407493555593,1051.56075,0.041,0.3306451612903226,0-0-2505-3,o,fcd45f4d-Audio_SP21.v0,group_0,1,fave,152.6104421288386,77.58022453466391,7,dado,"",0.10000000000013642,he,cuenta,d,#,d,k,final
462.60819031400996,884.6933417319476,2784.8773383087923,2.2011084713880438,2.208298795226133,4.277646216516482,5333.333333333333,0.000016629233983929674,1058.3537499999998,0.027000000000000003,0.32142857142857145,0-0-2529-3,o,fcd45f4d-Audio_SP21.v0,group_0,1,fave,123.30790275018147,75.98047701699551,7,tipo,"",0.060000000000172804,ese,de,p,#,p,d,final
505.36008363507864,1111.535671581272,2190.3452117179695,2.6704566931384295,3.7519220378803024,4.351231279208447,5333.333333333333,0.00016169537500569523,1059.43575,0.031,0.32978723404255317,0-0-2534-6,o,fcd45f4d-Audio_SP21.v0,group_0,1,fave,123.31200631615053,73.31154287626373,7,imagino,"",0.06999999999993634,Me,que,n,#,n,k,final
491.14137161613644,1169.4319587035825,2276.858710065418,1.7688523271001666,3.1605003818632325,3.405587218708913,5512.820512820513,0.00009212007764451626,1059.65375,0.027000000000000003,0.32142857142857145,0-0-2536-1,o,fcd45f4d-Audio_SP21.v0,group_0,1,fave,120.66043063137305,82.28134010035834,7,lo,"",0.05999999999994543,que,miden,l,#,l,m,final
529.2424130155555,899.5532394927845,2779.033376348463,3.225985843005959,2.7131798622342274,4.968694435407899,5512.820512820513,0.002878426529773218,1061.01775,0.035,0.33653846153846156,0-0-2542-6,o,fcd45f4d-Audio_SP21.v0,group_0,1,fave,113.29722940307283,71.90097130221275,7,trabajo,"",0.07999999999992724,de,que,x,#,x,k,final
440.3005558749425,1093.8163647869785,1420.8441795334743,2.4308384852521403,3.4218450005586134,4.378021475527575,5692.3076923076915,0.0007147858856629888,1062.0137499999998,0.027000000000000003,0.32142857142857145,0-0-2547-5,o,fcd45f4d-Audio_SP21.v0,group_0,1,fave,135.04840102099726,73.99504011072115,7,desarrollado,"",0.05999999999994543,ha,[silence],r,L,r,L,internal
499.1607208320732,1079.2554065822958,2454.567381846735,2.710109076455625,3.023518359296505,4.260165415298779,5692.3076923076915,0.0029346712299959782,1062.23575,0.051000000000000004,0.3311688311688312,0-0-2547-9,o,fcd45f4d-Audio_SP21.v0,group_0,1,fave,346.1345963422101,72.88745262916909,7,desarrollado,"",0.12999999999988177,ha,[silence],d,#,d,.,final
484.8019227141672,1076.387397381645,2229.8744208531352,2.1638104749156657,4.001742207293467,2.725900643919853,4615.384615384615,0.000028785456851667495,1066.0927499999998,0.025,0.33783783783783783,0-0-2559-9,o,fcd45f4d-Audio_SP21.v0,group_0,1,fave,242.38554239130886,73.23036671908761,7,desarrollado,"",0.0500000000001819,ha,tantas,d,#,d,t,final
426.09658932629316,1327.017808931172,2341.7434344144026,3.173778859911135,4.040671076830129,4.069289726454762,4615.384615384615,0.00021054484056329316,1104.8737499999997,0.027000000000000003,0.32142857142857145,0-0-2591-4,o,fcd45f4d-Audio_SP21.v0,group_0,1,fave,102.12618022238294,65.61450254570335,7,Bueno,"",0.060000000000172804,%%,[silence],n,#,n,.,final
502.74930716119223,957.4720463031115,2749.4659466274256,2.5281718838749754,2.576940733747105,3.914188842480211,5692.3076923076915,0.0015572983555961544,1113.02575,0.07100000000000001,0.3317757009345795,0-0-2616-1,o,fcd45f4d-Audio_SP21.v0,group_0,1,fave,113.53721445368011,81.5446258697167,7,dólar,"",0.19000000000005457,un,dos,d,l,d,l,internal
485.5444285254471,970.772544198631,2229.891883586788,1.4957951232778277,3.0531887840276215,4.896167107901935,5153.846153846154,0.0006668756092719584,1113.8327499999998,0.045,0.3358208955223881,0-0-2618-1,o,fcd45f4d-Audio_SP21.v0,group_0,1,fave,121.51762987562688,84.05331940541716,7,dólares,"",0.11000000000012733,dos,.,d,l,d,l,internal
478.5012461830199,1146.2309645522303,2241.7604393062807,2.802365232177751,3.3165376150984827,2.866237439229669,5333.333333333333,0.00011341286456624519,1115.2907500000001,0.041,0.3306451612903226,0-0-2622-3,o,fcd45f4d-Audio_SP21.v0,group_0,1,fave,131.1392723830527,78.40266599759616,7,Pero,"",0.09999999999990905,[silence],en,R,#,R,e,final
609.5229319117838,948.1607430402722,2228.9010544444654,3.3958687682525004,3.1638542335000626,4.2042908297503665,4974.358974358975,0.008018513610740413,1120.69375,0.047,0.3263888888888889,0-0-2628-3,o,fcd45f4d-Audio_SP21.v0,group_0,1,fave,135.66326595620964,73.34663826755086,7,cómo,"",0.11999999999989086,[silence],les,m,#,m,l,final
448.52917106451355,929.8622262369728,2572.947792284309,1.9636269092897867,2.350721426980338,4.7828540805945,5153.846153846154,0.0012965150389109737,1121.29875,0.037000000000000005,0.324561403508772,0-0-2630-6,o,fcd45f4d-Audio_SP21.v0,group_0,1,fave,462.1574660457324,69.43419817990478,7,explico,"",0.08999999999991815,les,[silence],k,#,k,.,final
479.7466186702452,848.5554867823832,2389.7096983663896,1.8533277571169549,2.542154619774022,3.1683373903669843,5333.333333333333,0.00027802176817561783,1129.0837499999998,0.047,0.3263888888888889,0-0-2655-1,o,fcd45f4d-Audio_SP21.v0,group_0,1,fave,122.14749021039383,80.77803406765472,7,código,"",0.12000000000011823,[silence],[silence],k,d,k,d,internal
441.5827027489705,885.6717683677291,2394.326440505643,2.7522680098612686,2.673647239121632,3.8484255279176156,4974.358974358975,0.00003209004784005824,1129.41375,0.027000000000000003,0.32142857142857145,0-0-2655-5,o,fcd45f4d-Audio_SP21.v0,group_0,1,fave,108.43427040245423,71.36034274884479,7,código,"",0.05999999999994543,[silence],[silence],g,#,g,.,final
454.92227048818216,909.018827219779,2498.7427439326525,1.9807175946523319,2.009941940152086,4.660649773875087,4974.358974358975,0.0000838091243267627,1132.94375,0.027000000000000003,0.32142857142857145,0-0-2671-4,o,fcd45f4d-Audio_SP21.v0,group_0,1,fave,114.71993481160037,76.76309567870351,7,cinco,"",0.05999999999994543,ganar,dólares,k,#,k,d,final
437.33797784250237,1062.8657736791733,2611.014954696732,2.10190622594442,2.66728871330868,3.8766143710792997,5153.846153846154,0.0003512508263839111,1133.0427499999998,0.045,0.3358208955223881,0-0-2672-1,o,fcd45f4d-Audio_SP21.v0,group_0,1,fave,107.95649608939807,78.48091176158077,7,dólares,"",0.11000000000012733,cinco,y,d,l,d,l,internal
437.5810165845562,1001.9583365909131,2429.550784304509,2.0463096954988713,3.084323002825969,3.279344396539174,5512.820512820513,0.000037330270898929154,1134.19875,0.037000000000000005,0.324561403508772,0-0-2676-6,o,fcd45f4d-Audio_SP21.v0,group_0,1,fave,103.58365214984192,73.6837049623024,7,pagando,"",0.08999999999991815,está,dos,d,#,d,d,final
478.4989261700157,765.7305538640793,2075.7695765182716,2.7186754484609588,2.827611443815139,3.2695355515735125,3897.4358974358975,0.0034230856949721304,1140.20275,0.045,0.33582089552238803,0-0-2693-3,o,fcd45f4d-Audio_SP21.v0,group_0,1,fave,115.38348448991702,75.68362178521168,7,como,"",0.10999999999989996,[silence],para,m,#,m,p,final
481.7615992683773,1118.751631950508,2251.0575153269792,2.121201852388976,3.6272115751890563,3.350880127155313,4794.871794871795,0.0002481370425466586,1142.85775,0.035,0.3365384615384616,0-0-2701-1,o,fcd45f4d-Audio_SP21.v0,group_0,1,fave,98.66299915011429,72.74102954946605,7,lo,"",0.08000000000015461,de,que,l,#,l,k,final
480.6576845505478,844.3693542464238,2663.957851660008,2.1756544947939456,2.7210370130747474,4.458354616651733,5333.333333333333,0.004200817453421108,1147.28475,0.189,0.33510638297872336,0-0-2716-3,o,fcd45f4d-Audio_SP21.v0,group_0,1,fave,125.32422899587785,78.92854437353368,7,todo,"",0.5399999999999636,[silence],[silence],d,#,d,.,final
460.2802141917953,982.9603794624504,2335.6001747381843,2.5375059058844553,2.8755102189370474,3.9338444879752323,5512.820512820513,0.0003313356725984731,1148.55775,0.035,0.33653846153846156,0-0-2718-4,o,fcd45f4d-Audio_SP21.v0,group_0,1,fave,113.20127416204691,71.44135962595816,7,dando,"",0.07999999999992724,[silence],código,d,#,d,k,final
485.1453970452039,865.6469249777915,2379.1071903359975,1.5401546579464465,2.5885701143527458,3.1338338411316378,5512.820512820513,0.0004162828512550652,1148.70775,0.035,0.33653846153846156,0-0-2719-1,o,fcd45f4d-Audio_SP21.v0,group_0,1,fave,124.39759458448356,81.70417413770248,7,código,"",0.07999999999992724,dando,de,k,d,k,d,internal
431.9163478357755,924.8918059546533,2618.090802799954,2.921007001297954,2.6514069731423606,4.722949254396231,5153.846153846154,0.0003154724073645226,1148.95375,0.027000000000000003,0.32142857142857145,0-0-2719-5,o,fcd45f4d-Audio_SP21.v0,group_0,1,fave,130.92864150683795,73.10961997884749,7,código,"",0.05999999999994543,dando,de,g,#,g,d,final
453.24983931733766,871.658347310482,2681.2442928486157,2.379879520379925,3.0318229932798806,4.462047176540756,5333.333333333333,0.003035826335568513,1159.0607499999999,0.101,0.3322368421052631,0-0-2731-6,o,fcd45f4d-Audio_SP21.v0,group_0,1,fave,141.10956347956082,76.24060931537083,7,ejemplo,"",0.2799999999999727,por,[silence],l,#,l,"",final
474.9434368239047,844.3231913480853,2742.71103894837,2.7516778082686844,3.4806610382252625,4.511525850324907,5333.333333333333,0.0016731968270781885,1160.77875,0.037,0.32456140350877194,0-0-2736-6,o,fcd45f4d-Audio_SP21.v0,group_0,1,fave,135.27874935080322,74.69409140934809,7,ejemplo,"",0.08999999999991815,por,hago,l,#,l,á,final
469.3247342046322,651.5087979723648,2396.4941674433626,1.9341624191319087,3.4650814516598825,4.702252781871363,5333.333333333333,0.0010349678403422423,1161.08875,0.037,0.32456140350877194,0-0-2737-2,o,fcd45f4d-Audio_SP21.v0,group_0,1,fave,157.2522961736435,74.8698134532516,7,hago,"",0.09000000000014552,ejemplo,las,g,#,g,l,final
445.9255100012501,1442.0674539210404,2250.020075249539,2.2983476501404567,3.3014660635373083,3.7720443552344727,4076.923076923077,0.001532114809388421,1164.4837499999999,0.047,0.3263888888888889,0-0-2750-2,o,fcd45f4d-Audio_SP21.v0,group_0,1,fave,110.26823132588407,80.52091135653365,7,veo,"",0.11999999999989086,%%,que,é,#,é,k,final
471.0558906625556,895.6344226952759,1854.1126613999131,2.069246565107156,3.371913721099681,3.710737768745304,5333.333333333333,0.0002719768416066894,1167.9607500000002,0.041,0.3306451612903226,0-0-2763-8,o,fcd45f4d-Audio_SP21.v0,group_0,1,fave,234.9529509703421,74.56159562043285,7,comentado,"",0.09999999999990905,había,hace,d,#,d,á,final
468.35837761973374,1054.661594230037,3497.671754358973,1.8267608302031484,3.0992160799015034,4.255953152064212,5512.820512820513,0.0003769224539259098,1168.45875,0.037000000000000005,0.324561403508772,0-0-2765-3,o,fcd45f4d-Audio_SP21.v0,group_0,1,fave,485.7148718104508,68.47918511093584,7,rato,"",0.08999999999991815,hace,que,t,#,t,k,final
504.0146177052385,968.9021942691074,3509.7081305642446,2.5891948295267055,2.4347606118943292,4.779763677757864,6051.282051282051,0.00019549197803517238,1169.19375,0.027000000000000003,0.32142857142857145,0-0-2769-1,o,fcd45f4d-Audio_SP21.v0,group_0,1,fave,470.4312973699682,75.42573519791833,7,conocí,"",0.05999999999994543,allí,una,k,n,k,n,internal
440.8007368818621,800.9391108677723,2567.2311003516793,3.162330168662553,2.8003414980594736,4.264065571088733,5333.333333333333,0.0000592358655974823,1171.8527499999998,0.025,0.33783783783783783,0-0-2776-6,o,fcd45f4d-Audio_SP21.v0,group_0,1,fave,124.76586912543665,72.1643136110144,7,criptomoneda,"",0.0500000000001819,minar,[silence],m,n,m,n,internal
466.01930002520334,1209.9428195426558,2352.5564381974946,2.449758769450734,3.2525637755586887,3.535612955361752,5333.333333333333,0.0001340656990763143,1174.13575,0.031,0.32978723404255317,0-0-2784-1,o,fcd45f4d-Audio_SP21.v0,group_0,1,fave,123.41152195369484,80.20174682764213,7,los,"",0.07000000000016371,de,recursos,l,s,l,s,internal
508.93435716797944,661.057201242873,2114.1161281912073,3.242423678408437,3.4318143429292114,4.018057115414671,5333.333333333333,0.005292640955071537,1178.02575,0.211,0.33280757097791797,0-0-2793-3,o,fcd45f4d-Audio_SP21.v0,group_0,1,fave,96.05870581497116,73.56660490052008,7,como,"",0.6099999999999,es,[silence],m,#,m,.,final
437.8130823248215,738.2385419602705,2041.2538307489745,3.56804661765022,2.8032999562160956,3.8001102817493155,5153.846153846154,0.00008607000358872945,1179.11575,0.031,0.32978723404255317,0-0-2795-3,o,fcd45f4d-Audio_SP21.v0,group_0,1,fave,109.38169115869253,79.26043753885791,7,como,"",0.07000000000016371,[silence],minar,m,#,m,m,final
556.2489448815872,1049.8559290091262,2413.4694075224847,2.6542573332078625,3.583824628299747,4.565270011798095,5153.846153846154,0.0005515441848376282,1211.8877499999999,0.035,0.3365384615384616,0-0-2814-7,o,fcd45f4d-Audio_SP21.v0,group_0,1,fave,171.83858304754833,74.88945723567178,7,cambiado,"",0.08000000000015461,ha,mucho,d,#,d,m,final
499.9639421754987,1076.7595320749058,2628.3636980624337,2.2002949562777405,3.2128675597301135,4.1011679753349375,5153.846153846154,0.0243721326881538,1212.30075,0.061000000000000006,0.3315217391304348,0-0-2815-3,o,fcd45f4d-Audio_SP21.v0,group_0,1,fave,182.81532432171764,73.5704049733741,7,mucho,"",0.16000000000008185,cambiado,[silence],h,#,h,.,final
425.00232415000596,839.8068558657028,2437.540174164213,1.98449163683607,2.1064836317624938,3.868614683666343,5333.333333333333,0.0002141204538710514,1214.45375,0.047,0.3263888888888889,0-0-2819-5,o,fcd45f4d-Audio_SP21.v0,group_0,1,fave,141.92184919738568,81.88027147076296,7,Microworkers,"",0.11999999999989086,[silence],ya,o,R,o,R,internal
348.4399067367826,586.173972671578,2437.3759630338336,3.6844651368522685,2.835121738450287,4.1323707107718155,5333.333333333333,0.0008568064383735911,1216.47875,0.057,0.32758620689655177,0-0-2827-3,o,fcd45f4d-Audio_SP21.v0,group_0,1,fave,112.8811939116099,72.34102196712688,7,como,"",0.14999999999986358,así,cuando,m,#,m,k,final
493.82386892881226,1152.717303165394,2303.5095200363494,1.9526501658730007,3.6557739612133773,3.16510451371839,4794.871794871795,0.000022011096626819274,1216.8837499999997,0.027000000000000003,0.32142857142857145,0-0-2828-5,o,fcd45f4d-Audio_SP21.v0,group_0,1,fave,99.36278287068261,77.908678274462,7,cuando,"",0.060000000000172804,como,yo,d,#,d,y,final
472.2662236242264,1040.8784466147247,2282.938152941195,3.22355714819448,3.527302412708376,4.239869458187433,4435.897435897436,0.00013584375477627275,1218.8737499999997,0.027000000000000003,0.32142857142857145,0-0-2835-2,o,fcd45f4d-Audio_SP21.v0,group_0,1,fave,113.41986087030398,75.39901623111288,7,uno,"",0.060000000000172804,antes,podía,n,#,n,p,final
461.60412724253,1068.8980576859806,2555.0869013839197,2.9401149061859204,3.4950189378993453,4.89746676850796,5692.3076923076915,0.002644228377410409,1219.6337499999997,0.027000000000000003,0.32142857142857145,0-0-2837-5,o,fcd45f4d-Audio_SP21.v0,group_0,1,fave,101.73498607629662,71.09006582382642,7,desarrollar,"",0.060000000000172804,podía,tareas,r,L,r,L,internal
488.0079684899851,1061.78622401848,2257.0804673540215,1.698664537143594,2.765874564999735,4.2623225633687145,4794.871794871795,3.887900164677681e-6,1223.8037499999998,0.027000000000000003,0.32142857142857145,0-0-2849-1,o,fcd45f4d-Audio_SP21.v0,group_0,1,fave,120.82901272662745,82.13069806662936,7,dólares,"",0.05999999999994543,quince,veinte,d,l,d,l,internal
481.3001074253683,1076.8442724673994,2194.9176591835976,1.9983311231693293,2.920424290170477,4.639208796235539,4615.384615384615,0.00009207789256163023,1224.49775,0.035,0.3365384615384616,0-0-2851-1,o,fcd45f4d-Audio_SP21.v0,group_0,1,fave,118.58063816777077,80.80598036938775,7,dólares,"",0.07999999999992724,veinte,[silence],d,l,d,l,internal
570.0851942351898,932.665151481454,3617.2563464102454,3.0767002089520203,2.4905858533763428,4.436820223075411,6051.282051282051,0.0037466118818163326,1225.77875,0.037000000000000005,0.324561403508772,0-0-2855-5,o,fcd45f4d-Audio_SP21.v0,group_0,1,fave,141.116021400319,80.33584816013395,7,bajado,"",0.08999999999991815,ha,la,d,#,d,l,final
527.4758925880291,949.6180036365728,3574.5267323719545,3.518381388808851,3.285850163636858,4.655921980096652,6051.282051282051,0.03067593429304092,1227.95275,0.10500000000000001,0.3343949044585987,0-0-2864-3,o,fcd45f4d-Audio_SP21.v0,group_0,1,fave,110.96329638756616,71.51453268631789,7,dado,"",0.2899999999999636,hemos,cuenta,d,#,d,k,final
491.4339579379026,1157.431824527792,4132.84897951033,3.6172359246892487,3.709755162860268,4.748518252287165,7666.666666666666,0.008243731056786475,1230.7137500000001,0.087,0.32954545454545453,0-0-2874-4,o,fcd45f4d-Audio_SP21.v0,group_0,1,fave,118.98649056978861,72.97396829170779,7,mismo,"",0.2400000000000091,lo,flujo,m,#,m,f,final
435.5246476697904,777.9444672744453,2566.924175568201,2.153949925667091,2.67474788222191,4.316756100119628,5153.846153846154,0.0004413018163342485,1231.2727499999999,0.08499999999999999,0.33464566929133854,0-0-2875-4,o,fcd45f4d-Audio_SP21.v0,group_0,1,fave,112.2354944191455,78.75703823532928,7,flujo,"",0.2300000000000182,mismo,de,x,#,x,d,final
468.69931537364823,809.9546463509769,2879.62204562579,1.9687394368414013,3.0628027153458515,4.599991793356636,5333.333333333333,0.0033324643136367197,1232.72575,0.151,0.3325991189427312,0-0-2880-6,o,fcd45f4d-Audio_SP21.v0,group_0,1,fave,114.43122798471332,81.40182289391228,7,embargo,"",0.4299999999998363,sin,[silence],g,#,g,.,final
467.6027998961161,958.6163495046529,2528.951645988894,2.0365658997464853,2.7268067219910614,4.0441780208216,5153.846153846154,0.0024097675580908432,1246.45575,0.11100000000000002,0.3323353293413173,0-0-2926-3,o,fcd45f4d-Audio_SP21.v0,group_0,1,fave,114.46235156514437,81.18332469877063,7,sido,"",0.30999999999994543,ha,",",d,#,d,.,final
474.3919661840193,1024.363898954998,2010.4986605318961,2.439727932168049,3.006703267892955,3.5260883897977413,5512.820512820513,0.00017048460800691135,1251.3777499999999,0.035,0.33653846153846156,0-0-2936-3,o,fcd45f4d-Audio_SP21.v0,group_0,1,fave,116.39406434959342,79.2208345466976,7,colocaban,"",0.08000000000015461,[silence],unas,l,k,l,k,internal
460.0883134614216,870.3005401703341,2088.219695482016,1.9276026043684185,3.0478009175624106,4.075334054035035,5333.333333333333,0.00004971689333796486,1253.46375,0.027000000000000003,0.32142857142857145,0-0-2945-1,o,fcd45f4d-Audio_SP21.v0,group_0,1,fave,234.57135722822153,76.86926544800029,7,colocan,"",0.05999999999994543,ya,y,k,l,k,l,internal
443.11089653870204,1102.3467497239444,2204.9084234726306,2.9394769811303334,3.184796087032094,4.198054843458988,4615.384615384615,0.00004067820810741916,1255.65375,0.027000000000000003,0.32142857142857145,0-0-2956-3,o,fcd45f4d-Audio_SP21.v0,group_0,1,fave,103.37788377622961,69.28687996190772,7,colocaba,"",0.05999999999994543,que,el,l,k,l,k,internal
601.5464178952296,1012.4517614964798,3866.1875482939035,3.0472196687754565,2.3490018252238345,4.510444591063307,6589.74358974359,0.0036883854711570758,1258.45875,0.057,0.32758620689655177,0-0-2968-5,o,fcd45f4d-Audio_SP21.v0,group_0,1,fave,146.35130495188915,81.43794783342949,7,bajado,"",0.14999999999986358,ha,el,d,#,d,e,final
441.99393289367043,915.5043162512122,3366.9213866466844,2.732039797916078,2.6509377375302576,4.963461638759629,5692.3076923076915,0.003956071432005463,1259.01575,0.07100000000000001,0.3317757009345795,0-0-2970-4,o,fcd45f4d-Audio_SP21.v0,group_0,1,fave,138.8960484994541,78.61593566034543,7,flujo,"",0.19000000000005457,el,en,x,#,x,e,final
457.33747611525047,963.50592425162,2514.0361065393827,2.41310366889727,2.7946035321612794,4.378931835600633,4974.358974358975,0.00037130059195157,1259.89575,0.07100000000000001,0.3317757009345794,0-0-2972-5,o,fcd45f4d-Audio_SP21.v0,group_0,1,fave,109.52621432286313,76.19694044061666,7,cuanto,"",0.19000000000005457,en,a,t,#,t,a,final
579.4321526842606,1102.6589958495792,1972.0505924780878,2.7240601223307,2.7792187432200985,4.534227616985354,4974.358974358975,0.000010427968746636776,1260.8137499999998,0.027000000000000003,0.32142857142857145,0-0-2976-7,o,fcd45f4d-Audio_SP21.v0,group_0,1,fave,116.25018173004317,79.57933174866098,7,cambiado,"",0.05999999999994543,ha,la,d,#,d,l,final
586.5152129814091,1065.3330222132697,1886.1299658104838,3.0323830678894317,2.924770080799622,4.505015257011607,5871.794871794871,0.0017499521489522387,1261.97575,0.031,0.32978723404255317,0-0-2982-6,o,fcd45f4d-Audio_SP21.v0,group_0,1,fave,383.2272968720925,71.11614519473495,7,trabajo,"",0.06999999999993634,[silence],.,x,#,x,.,final
445.08248235332036,1013.0306579536609,2393.5378340614207,2.736976744237929,4.070658468440631,3.510594183720089,5153.846153846154,0.0013403080815715261,1264.11575,0.031,0.32978723404255317,0-0-2984-6,o,fcd45f4d-Audio_SP21.v0,group_0,1,fave,440.33735031872146,67.71397623680093,7,Incluso,"",0.07000000000016371,.,[silence],s,#,s,.,final
493.79966762205476,817.9168060895526,2179.116258977456,3.367870222632877,3.2782869353883757,3.0686981874699155,5871.794871794871,0.0011879605337823196,1265.1557500000001,0.051000000000000004,0.3311688311688312,0-0-2988-5,o,fcd45f4d-Audio_SP21.v0,group_0,1,fave,170.44323340558762,71.13446607141432,7,tiempo,"",0.12999999999988177,un,en,p,#,p,e,final
447.5792425250041,1148.909655750478,1577.0961918669236,2.0957766541199674,3.1781439168716075,3.6897125309973045,4076.923076923077,0.0018367314996954823,1267.71575,0.031,0.32978723404255317,0-0-2998-4,o,fcd45f4d-Audio_SP21.v0,group_0,1,fave,109.98822723361485,76.04277852418184,7,Microworkers,"",0.06999999999993634,que,duró,R,o,R,o,internal
425.3561774072173,915.2321841749707,2560.7455307594414,2.6611365830802085,3.1649878974527588,4.558062635225316,5333.333333333333,0.00028743723825740944,1267.7837499999998,0.027000000000000003,0.32142857142857145,0-0-2998-5,o,fcd45f4d-Audio_SP21.v0,group_0,1,fave,219.33224319590116,72.69605512408297,7,Microworkers,"",0.05999999999994543,que,duró,o,R,o,R,internal
450.5753306530096,1096.8370223998133,2313.793188541272,2.123078901267486,3.2280909598421057,3.941849123432124,4974.358974358975,0.00005190724484494627,1268.16375,0.027000000000000003,0.32142857142857145,0-0-2999-3,o,fcd45f4d-Audio_SP21.v0,group_0,1,fave,110.31742495983028,76.17042217975593,7,duró,"",0.05999999999994543,Microworkers,como,R,#,R,k,final
486.0413200467681,814.1975013979101,2159.5882628537342,2.8450201946178533,2.8326365347775124,3.5567745602398646,5333.333333333333,0.00009025638956025468,1268.39375,0.027000000000000003,0.32142857142857145,0-0-3000-3,o,fcd45f4d-Audio_SP21.v0,group_0,1,fave,117.3204041037237,78.4662323878298,7,como,"",0.05999999999994543,duró,dos,m,#,m,d,final
553.42887745463,1129.6330686764047,2217.0724834143075,3.115849086154216,3.4544841417550183,4.694904761075703,5512.820512820513,0.004616531237625667,1304.30075,0.061000000000000006,0.3315217391304348,0-0-3031-3,o,fcd45f4d-Audio_SP21.v0,group_0,1,fave,125.2141829708263,72.39927141711743,7,dado,"",0.16000000000008185,he,cuenta,d,#,d,k,final
441.05477358419125,831.4622640011012,3662.4057050803067,2.5014359119566483,2.526638352600162,2.8291204637187084,6051.282051282051,0.008549778070906112,1307.28375,0.087,0.32954545454545453,0-0-3042-3,o,fcd45f4d-Audio_SP21.v0,group_0,1,fave,108.35911274095544,80.09365572740731,7,todo,"",0.2400000000000091,que,a,d,#,d,a,final
498.488973795903,1485.3562511098783,2353.3839737571298,2.2054759265959283,3.2387200822377027,3.6444369227666047,4974.358974358975,0.0002880082951203254,1309.58775,0.055,0.33536585365853655,0-0-3056-3,o,fcd45f4d-Audio_SP21.v0,group_0,1,fave,300.90641353405414,74.9648382483198,7,como,"",0.14000000000010004,[silence],[silence],m,#,m,.,final
480.23579395605566,868.1062330216537,2455.233815450546,1.7382812754543358,2.4535101244248123,4.57134290360963,5333.333333333333,0.00027209728332562496,1312.7237499999999,0.027000000000000003,0.32142857142857145,0-0-3065-1,o,fcd45f4d-Audio_SP21.v0,group_0,1,fave,487.8387210137895,83.32112984359249,7,Colocan,"",0.05999999999994543,%%,tarea,k,l,k,l,internal
464.37454099284963,858.4295055774132,2626.6782797765372,2.0245464753428535,2.6225630257471892,4.125044971878255,5333.333333333333,0.00001906840233791881,1319.3727499999998,0.025,0.33783783783783783,0-0-3085-4,o,fcd45f4d-Audio_SP21.v0,group_0,1,fave,116.68617033383165,78.31429540613982,7,grupo,"",0.0500000000001819,ese,de,p,#,p,d,final
562.6276927509454,1039.8784920264925,1778.9801382188862,2.846523879803348,3.169650550997429,4.370515887321065,4974.358974358975,0.005480060552777077,1319.76775,0.095,0.334507042253521,0-0-3087-6,o,fcd45f4d-Audio_SP21.v0,group_0,1,fave,150.7482696689069,73.89124113233059,7,trabajo,"",0.2599999999999909,de,porque,x,#,x,p,final
460.15161901426217,914.522784027682,2378.5158786649054,1.8246903738706226,2.476757809331968,4.072546875486572,4974.358974358975,0.000016655376268519823,1321.6337499999997,0.027000000000000003,0.32142857142857145,0-0-3092-4,o,fcd45f4d-Audio_SP21.v0,group_0,1,fave,116.08378368795867,78.52915442674042,7,grupos,"",0.060000000000172804,por,de,p,s,p,s,internal
570.8289937007004,1062.0250151536425,3745.9947337162776,2.7086336748893203,2.9950270627362667,4.497738853984031,6051.282051282051,0.00019028166197139945,1322.04775,0.035,0.33653846153846156,0-0-3094-6,o,fcd45f4d-Audio_SP21.v0,group_0,1,fave,124.4469828238891,68.41406286527467,7,trabajo,"",0.07999999999992724,de,.,x,#,x,.,final
504.7925589808521,868.5071745847098,2360.5221698274686,2.1076040578573965,2.9421559000780757,4.733082823390215,4974.358974358975,0.006711377385029058,1323.89775,0.11499999999999999,0.3343023255813952,0-0-3098-3,o,fcd45f4d-Audio_SP21.v0,group_0,1,fave,120.49554475444278,80.4412469457585,7,Pero,"",0.3200000000001637,[silence],[silence],R,#,R,"",final
417.4080710368957,693.8296433366187,2091.5131366460964,2.803158316844551,3.20118527317092,3.1702246203799906,3897.4358974358975,0.00008414392195353051,1325.95575,0.031,0.32978723404255317,0-0-3103-4,o,fcd45f4d-Audio_SP21.v0,group_0,1,fave,106.41900043983352,69.7404762828102,7,tengo,"",0.06999999999993634,[silence],que,g,#,g,k,final
498.7099337933555,817.9960608663454,2430.8382462917584,1.5619274761356876,2.721668119637168,5.06688312940028,5333.333333333333,0.02405476074964129,1326.2827499999999,0.045,0.33582089552238803,0-0-3105-3,o,fcd45f4d-Audio_SP21.v0,group_0,1,fave,123.45363667023739,83.18041908453532,7,laborar,"",0.10999999999989996,que,al,b,R,b,R,internal
488.4430798973992,1033.405993422135,3492.454735344953,1.943144739485034,2.9987578889316304,3.819890263025702,5333.333333333333,0.0001107473865132371,1328.93775,0.035,0.3365384615384616,0-0-3115-2,o,fcd45f4d-Audio_SP21.v0,group_0,1,fave,97.63201395098783,71.45839812853265,7,acostando,"",0.07999999999992724,[silence],tan,k,s,k,s,internal
466.5469683456385,853.2243030742077,2606.8731283587085,2.6417322058585406,3.2166282075468495,4.506526591067051,5333.333333333333,0.001726495125528702,1330.7437499999999,0.047,0.3263888888888889,0-0-3124-3,o,fcd45f4d-Audio_SP21.v0,group_0,1,fave,109.92604969804283,76.34949954646491,7,todo,"",0.11999999999989086,que,%%,d,#,d,&,final
471.3359784856573,1006.8572958253286,2102.3848664818647,2.2826191543708965,3.6777134739138364,3.795991426029486,4794.871794871795,0.00007698683096735486,1331.8137499999998,0.027000000000000003,0.32142857142857145,0-0-3126-5,o,fcd45f4d-Audio_SP21.v0,group_0,1,fave,103.12016136515696,79.12210835037271,7,laboro,"",0.05999999999994543,%%,las,R,#,R,l,final
547.2836170157525,1112.1618233337358,2086.24033095347,3.3716957218817205,3.1448819959208607,4.456460727808967,4256.410256410256,0.03154800219767615,1336.94575,0.091,0.33211678832116787,0-0-3147-6,o,fcd45f4d-Audio_SP21.v0,group_0,1,fave,176.05384296492645,71.18716167543782,7,trabajo,"",0.25,[silence],[silence],x,#,x,.,final
456.9597416571614,817.3672972266988,2509.1239903670203,2.1058144783302954,2.912857731174209,4.449629737834357,5153.846153846154,0.007130033745237863,1338.1187499999999,0.217,0.3318042813455658,0-0-3151-0,o,fcd45f4d-Audio_SP21.v0,group_0,1,fave,123.2672147455149,80.3053549166395,7,o,"",0.6300000000001091,[silence],cuando,#,#,.,k,coextensive
594.3310214115734,1026.6795873588533,1907.5922475953066,3.082526376853377,2.8296484381741402,3.932742004717201,5153.846153846154,0.0009243098389221989,1339.61575,0.051000000000000004,0.3311688311688312,0-0-3155-6,o,fcd45f4d-Audio_SP21.v0,group_0,1,fave,106.05254610771752,70.28233481804897,7,trabajo,"",0.13000000000010914,del,que,x,#,x,k,final
500.5925317300182,1180.9851510400788,1874.0977543642914,3.1777467536372255,3.2828176254380956,4.639312129858865,5871.794871794871,0.0007889768288095202,1355.59575,0.031,0.32978723404255317,0-0-3162-4,o,fcd45f4d-Audio_SP21.v0,group_0,1,fave,114.21673274118912,75.96771783750307,7,Bueno,"",0.07000000000016371,[silence],cuando,n,#,n,k,final
478.54197790985586,1149.0413764361197,2108.687410651137,2.4264283242682505,3.0013224614922023,5.1403428424350075,5333.333333333333,0.0002207825361008002,1355.8527499999998,0.025,0.33783783783783783,0-0-3163-5,o,fcd45f4d-Audio_SP21.v0,group_0,1,fave,113.25251343369898,79.3944685321247,7,cuando,"",0.0500000000001819,Bueno,tengo,d,#,d,t,final
481.95260302114144,856.8475030244787,2937.700640388642,1.8461610139078142,3.1220065269894683,4.66082659670348,4974.358974358975,0.011268961563509854,1356.28275,0.165,0.33400809716599184,0-0-3164-4,o,fcd45f4d-Audio_SP21.v0,group_0,1,fave,153.65998669502184,79.8902864267736,7,tengo,"",0.4700000000000273,cuando,[silence],g,#,g,"",final
494.0272946554743,879.1608533386142,3182.562642253534,1.9614688241028717,2.5007791834072086,5.370146664633146,6230.7692307692305,0.0011239691382543338,1357.77575,0.031,0.32978723404255317,0-0-3167-5,o,fcd45f4d-Audio_SP21.v0,group_0,1,fave,122.69304018379079,81.8641705311191,7,tiempo,"",0.06999999999993634,[silence],libre,p,#,p,l,final
533.1262695186949,987.5573315615887,3713.591456555326,2.257893047602732,2.8352092866910477,5.028984326161184,7307.692307692308,0.0016978290783130625,1358.6277499999999,0.035,0.3365384615384616,0-0-3171-6,o,fcd45f4d-Audio_SP21.v0,group_0,1,fave,168.511318819993,74.3853669128115,7,trabajo,"",0.08000000000015461,el,también,x,#,x,t,final
509.3115583542241,999.6321383170667,1288.446890777946,2.4892292122649273,3.3093032164524274,3.8584531193974474,4794.871794871795,0.00872545198819409,1361.6227499999998,0.08499999999999999,0.33464566929133854,0-0-3181-6,o,fcd45f4d-Audio_SP21.v0,group_0,1,fave,100.88323846148448,78.8534138947798,7,trabajo,"",0.2300000000000182,[silence],[silence],x,#,x,.,final
492.0421679132316,829.5852647712791,3460.492381550061,2.3731790209123047,3.015396561322682,4.589035035080047,5512.820512820513,0.016261096713175577,1383.9627500000001,0.125,0.3342245989304812,0-0-3201-4,o,fcd45f4d-Audio_SP21.v0,group_0,1,fave,195.80567733392164,81.15823418392493,7,tengo,"",0.34999999999990905,[silence],en,g,#,g,e,final
541.2767954501322,959.6470011017077,3249.6131513620967,1.930499115880081,3.218916398264018,4.890969927137011,5512.820512820513,0.0014737672130522982,1384.8827499999998,0.045,0.33582089552238803,0-0-3204-6,o,fcd45f4d-Audio_SP21.v0,group_0,1,fave,166.9954290188166,79.41637917153149,7,trabajo,"",0.11000000000012733,mi,tengo,x,#,x,t,final
448.6992316322859,944.0463261901584,2990.6330028384805,2.048771480083584,2.7150973614239535,4.4354090835538384,5692.3076923076915,0.00014093060166092122,1385.5737499999998,0.027000000000000003,0.32142857142857145,0-0-3207-4,o,fcd45f4d-Audio_SP21.v0,group_0,1,fave,114.02918268272175,78.67880731585515,7,equipo,"",0.05999999999994543,mi,de,p,#,p,d,final
571.2664023752443,1037.1597310440516,3095.1740925635177,2.0183449198487486,2.482309439382552,4.288638836303221,6051.282051282051,0.001286333354498604,1385.90875,0.057,0.32758620689655177,0-0-3209-6,o,fcd45f4d-Audio_SP21.v0,group_0,1,fave,118.1681593475599,78.8573020290439,7,trabajo,"",0.14999999999986358,de,.,x,#,x,.,final
478.7359594091098,1095.8506286369084,3285.599738894087,2.5541828585446673,3.448757211859482,4.985558070209275,6051.282051282051,0.0004784101715573708,1390.5337499999998,0.027000000000000003,0.32142857142857145,0-0-3222-5,o,fcd45f4d-Audio_SP21.v0,group_0,1,fave,218.22603308337608,75.7819216701704,7,cuento,"",0.05999999999994543,[silence],con,t,#,t,k,final
470.5437830424028,1783.7583635602077,2213.5760384470577,2.2645895533671183,4.411781965973492,4.786057158655634,5692.3076923076915,0.004885259826285757,1393.0137499999998,0.027000000000000003,0.32142857142857145,0-0-3231-5,o,fcd45f4d-Audio_SP21.v0,group_0,1,fave,99.9760154432949,75.40775912578256,7,estación,"",0.05999999999994543,una,con,i,n,i,n,internal
489.56840229667097,1078.0381028420054,3393.535343354641,2.721117480019171,3.066500918971124,4.594809206456677,6230.7692307692305,0.00544878112226116,1396.03875,0.037,0.32456140350877194,0-0-3243-4,o,fcd45f4d-Audio_SP21.v0,group_0,1,fave,110.62672626023561,68.99939050524188,7,personal,"",0.08999999999991815,es,",",s,n,s,n,internal
504.51907482177336,968.0392354454071,2679.174715022217,2.2388681729339983,2.842804583087392,4.842192718460435,5333.333333333333,0.00032031783784744515,1398.1137499999998,0.027000000000000003,0.32142857142857145,0-0-3250-3,o,fcd45f4d-Audio_SP21.v0,group_0,1,fave,104.46751030650451,72.44489702079608,7,llevo,"",0.060000000000172804,me,mi,b,#,b,m,final
528.2521836432345,924.0839820309739,3181.1097285128044,2.8155227822035656,2.780679785719034,4.847671443964073,5871.794871794871,0.0016417825320481378,1399.46275,0.045,0.33582089552238803,0-0-3257-3,o,fcd45f4d-Audio_SP21.v0,group_0,1,fave,135.0708183561218,74.06613153983808,7,dejo,"",0.10999999999989996,no,nunca,x,#,x,n,final
496.9652450381006,701.3863513586449,1002.205856974859,3.2262928430179865,3.1763903797633994,3.5088093527760154,3358.974358974359,0.0037327674574548736,1416.45575,0.051000000000000004,0.3311688311688312,0-0-3302-6,o,fcd45f4d-Audio_SP21.v0,group_0,1,fave,116.82115239468258,71.46103896585049,7,trabajo,"",0.12999999999988177,un,como,x,#,x,k,final
503.9170899082258,722.0334268561235,2595.9779068053335,3.0941765959854166,3.4390143802517534,4.659980265949954,4974.358974358975,0.04262259701750918,1416.69875,0.037000000000000005,0.324561403508772,0-0-3303-3,o,fcd45f4d-Audio_SP21.v0,group_0,1,fave,113.50356306321633,66.32529247161838,7,como,"",0.08999999999991815,trabajo,tal,m,#,m,t,final
495.16097718874363,817.291637557379,2768.4749629386347,1.9020216513850463,3.388903237259856,4.669170366406611,5333.333333333333,0.001670927048851818,1438.6527499999997,0.10500000000000001,0.3343949044585987,0-0-3310-5,o,fcd45f4d-Audio_SP21.v0,group_0,1,fave,123.2317525588815,81.7919757663089,7,cuando,"",0.290000000000191,[silence],[silence],d,#,d,"",final
531.0434716937858,1205.096901612895,3705.1835050045042,3.0668768887805014,3.2618063379125415,5.171506303863685,7128.205128205128,0.002133951513029339,1448.6337499999997,0.027000000000000003,0.32142857142857145,0-0-3346-1,o,fcd45f4d-Audio_SP21.v0,group_0,1,fave,129.9416946069093,71.23450434423916,7,normalmente,"",0.060000000000172804,yo,cobro,n,R,n,R,internal
458.96044407347676,1060.8503960627977,3132.497236460192,2.577189567051107,3.1696349141722937,4.958062128847366,6230.7692307692305,0.00017389085092837722,1449.51575,0.031,0.32978723404255317,0-0-3348-1,o,fcd45f4d-Audio_SP21.v0,group_0,1,fave,109.78101757221285,75.91582619667534,7,los,"",0.06999999999993634,cobro,domingos,l,s,l,s,internal
469.69259436799405,981.665660984355,2722.8893189259393,2.486781218142656,2.602079650133182,5.333448769561371,5512.820512820513,0.0012090985525096247,1449.65775,0.035,0.33653846153846156,0-0-3349-1,o,fcd45f4d-Audio_SP21.v0,group_0,1,fave,105.89616902747336,74.47722476748102,7,domingos,"",0.07999999999992724,los,[silence],d,m,d,m,internal
455.6227489389511,1006.4062638934578,3069.2235420295947,2.37525016237049,3.377236753162156,4.611840549395328,5333.333333333333,0.0018798537144804968,1450.43775,0.035,0.3365384615384616,0-0-3351-4,o,fcd45f4d-Audio_SP21.v0,group_0,1,fave,100.88245812708875,77.42085952147019,7,Microworkers,"",0.07999999999992724,[silence],paga,R,o,R,o,internal
489.0214664746683,1024.3295469891532,2178.5730899845234,2.4115724586244296,4.021777845413978,4.674462391546333,4974.358974358975,0.0008610679215108694,1450.94375,0.027000000000000003,0.32142857142857145,0-0-3353-1,o,fcd45f4d-Audio_SP21.v0,group_0,1,fave,101.46951017991996,72.20740062390587,7,los,"",0.05999999999994543,paga,miércoles,l,s,l,s,internal
517.0836387853797,982.3928686907019,3869.3545541278017,2.193858798083944,2.845273541068903,4.609293341297948,5512.820512820513,0.0003515584728429605,1452.03875,0.037000000000000005,0.324561403508772,0-0-3358-1,o,fcd45f4d-Audio_SP21.v0,group_0,1,fave,99.38833383900854,78.34077476915091,7,domingos,"",0.08999999999991815,los,.,d,m,d,m,internal
502.82295980757493,1228.4496467542804,2263.260948707586,1.714166718639172,3.096565188999809,4.66535662131978,5153.846153846154,0.0000324193854145122,1454.8837499999997,0.027000000000000003,0.32142857142857145,0-0-3363-5,o,fcd45f4d-Audio_SP21.v0,group_0,1,fave,128.07820601052705,84.24947154607472,7,Espero,"",0.060000000000172804,[silence],reunir,R,#,R,r,final
494.10445694219504,935.5499816648277,2471.5534375579414,1.3577811565659692,2.5330640727662663,4.336391119047199,5333.333333333333,0.00008317870238393813,1455.64775,0.035,0.3365384615384616,0-0-3365-3,o,fcd45f4d-Audio_SP21.v0,group_0,1,fave,125.65818584261581,84.29609567521157,7,todo,"",0.07999999999992724,reunir,lo,d,#,d,l,final
510.1591812025292,1036.6014127018607,2257.3743150955825,2.0635244272552438,2.2517525804105185,4.315093181184277,5333.333333333333,0.00008859323999892092,1455.77575,0.031,0.32978723404255317,0-0-3366-1,o,fcd45f4d-Audio_SP21.v0,group_0,1,fave,127.71541168631673,79.85004763197172,7,lo,"",0.06999999999993634,todo,que,l,#,l,k,final
493.9804765427276,1172.1510298216176,3805.1896402854954,2.054671092950465,3.326530075804273,5.040870998161604,6410.25641025641,0.002586932644266391,1458.23575,0.031,0.32978723404255317,0-0-3378-1,o,fcd45f4d-Audio_SP21.v0,group_0,1,fave,492.86516280046527,82.02092808391075,7,domingo,"",0.06999999999993634,el,.,d,m,d,m,internal
480.7402480244671,755.2407859684196,2259.0756080093943,2.1327258782169394,3.448664660760628,4.321756431730289,5333.333333333333,0.0012869041010420308,1460.77775,0.055,0.33536585365853655,0-0-3388-1,o,fcd45f4d-Audio_SP21.v0,group_0,1,fave,117.93392341891392,77.94996116036593,7,cobrar,"",0.14000000000010004,gusta,[silence],k,b,k,b,internal
480.9247736845624,1469.0344012193382,2405.7292799031725,2.363079408919932,3.3548729793615335,4.832005013919409,5692.3076923076915,0.0033913382564393275,1462.09575,0.051000000000000004,0.3311688311688312,0-0-3391-5,o,fcd45f4d-Audio_SP21.v0,group_0,1,fave,321.8389692527175,69.47252275270723,7,diario,"",0.13000000000010914,inter,%%,i,#,i,&,final
474.5136867162993,1166.8485589461536,2567.662039436366,2.9151219782020386,2.7531072978372646,4.760570407312538,5692.3076923076915,0.0006567466362016426,1462.44575,0.031,0.32978723404255317,0-0-3393-1,o,fcd45f4d-Audio_SP21.v0,group_0,1,fave,106.7832592912261,72.8528326878889,7,los,"",0.06999999999993634,%%,miércoles,l,s,l,s,internal
446.4217317023316,949.7080117507988,2784.177891303532,1.9449713644600495,3.283835442694148,4.462713452130865,5333.333333333333,0.0004087362726739876,1467.42775,0.035,0.3365384615384616,0-0-3410-4,o,fcd45f4d-Audio_SP21.v0,group_0,1,fave,110.73080756650968,75.92755249108869,7,tengo,"",0.07999999999992724,que,ya,g,#,g,y,final
501.2969265526434,904.6473537135998,3020.172211237819,2.383502213577013,3.104488321224346,4.4599024852908435,5692.3076923076915,0.0241351512937928,1471.89275,0.145,0.3341013824884792,0-0-3425-5,o,fcd45f4d-Audio_SP21.v0,group_0,1,fave,114.15590464206377,81.4386422281468,7,espero,"",0.41000000000008185,[silence],a,R,#,R,a,final
493.92033477775334,1287.3064275617526,2312.1276066394967,2.0716995948616885,3.43586690765697,4.629247485181363,5333.333333333333,0.000985602613530031,1472.71575,0.031,0.32978723404255317,0-0-3428-4,o,fcd45f4d-Audio_SP21.v0,group_0,1,fave,470.1985093927335,73.97317037342447,7,espero,"",0.06999999999993634,veces,que,R,#,R,k,final
338.1372345563772,524.4358771542085,2389.2438207528503,3.2812704535305555,3.0384374149929756,3.2690810420483687,4615.384615384615,0.004196227791219782,1474.22575,0.031,0.32978723404255317,0-0-3434-7,o,fcd45f4d-Audio_SP21.v0,group_0,1,fave,172.90500521033027,62.71726869974432,7,completo,"",0.06999999999993634,calificar,[silence],t,#,t,.,final
505.3562158663006,1273.693861475874,2858.5978471952935,3.3675964481917178,3.878746712310993,4.61236388973312,5153.846153846154,0.00041262644607695644,1488.72575,0.031,0.32978723404255317,0-0-3445-4,o,fcd45f4d-Audio_SP21.v0,group_0,1,fave,104.58533859872307,68.64540682297276,7,bueno,"",0.06999999999993634,[silence],",",n,#,n,.,final
406.8408256505348,552.8738694239138,2473.4688925555474,2.6702927583768528,4.084390993185584,4.877262502045569,5153.846153846154,0.00098635069785418,1489.19375,0.027000000000000003,0.32142857142857145,0-0-3447-6,o,fcd45f4d-Audio_SP21.v0,group_0,1,fave,432.8320720919749,59.31117202106158,7,correcto,"",0.05999999999994543,",",%%,t,#,t,&,final
509.9656668689164,751.5834898365923,2643.419830434108,3.0713032850239244,2.7309729163328997,4.704388402594479,5333.333333333333,0.00004873421182616686,1491.6127499999998,0.025,0.33783783783783783,0-0-3456-2,o,fcd45f4d-Audio_SP21.v0,group_0,1,fave,148.49560230115034,69.42116030462442,7,hemos,"",0.0500000000001819,que,atravesado,m,s,m,s,internal
494.1960102994266,869.9765768372725,2880.214626735942,2.0140492626639026,3.341510372749445,4.7715009770989845,5512.820512820513,0.004348597778296347,1493.2487500000002,0.07700000000000001,0.3290598290598291,0-0-3462-5,o,fcd45f4d-Audio_SP21.v0,group_0,1,fave,125.22484284903214,80.56264065860984,7,llevado,"",0.21000000000003638,ha,a,d,#,d,a,final
452.0487794811513,1266.3901518102248,2281.3134409849845,2.430037679564274,3.623477843443741,4.135859359149801,4974.358974358975,0.0004887719843014108,1509.68575,0.031,0.32978723404255317,0-0-3491-2,o,fcd45f4d-Audio_SP21.v0,group_0,1,fave,111.57682194086819,76.00666645304781,7,ellos,"",0.06999999999993634,ahí,me,L,s,L,s,internal
476.79384276380836,984.6860873885823,3136.78777663368,2.575700195777063,2.4547295189515994,4.811104221642701,5512.820512820513,0.0001387837414130979,1510.0637499999998,0.027000000000000003,0.32142857142857145,0-0-3493-3,o,fcd45f4d-Audio_SP21.v0,group_0,1,fave,109.11349795119236,73.34148316225554,7,depositan,"",0.05999999999994543,me,en,p,s,p,s,internal
444.8992389226334,783.6616567424477,2702.345143027663,2.293743183023944,3.5976474167221193,4.6849416130387285,5512.820512820513,0.0016074291216870073,1513.5227499999999,0.08499999999999999,0.33464566929133854,0-0-3508-3,o,fcd45f4d-Audio_SP21.v0,group_0,1,fave,106.15485908164631,78.3999360746383,7,todo,"",0.2300000000000182,[silence],lo,d,#,d,l,final
462.08991563208707,1046.0264391798596,3047.0487831031405,2.76589386370191,3.0531166280456006,4.705166583796142,5333.333333333333,0.0027435847165742924,1513.77775,0.035,0.3365384615384616,0-0-3509-1,o,fcd45f4d-Audio_SP21.v0,group_0,1,fave,107.32882487806093,67.4513853211279,7,lo,"",0.07999999999992724,todo,que,l,#,l,k,final
556.1624789626053,1121.9226006088054,2369.2025259314337,3.1357534146138883,3.2331494803568805,4.59742917740703,5333.333333333333,0.0007401640319497548,1518.92775,0.035,0.3365384615384616,0-0-3526-1,o,fcd45f4d-Audio_SP21.v0,group_0,1,fave,112.88339687971177,73.75034355024219,7,los,"",0.07999999999992724,hacen,cambios,l,s,l,s,internal
440.83460487298186,1691.056586956306,2798.2387184020536,2.077639562985642,4.2467558247497,4.560681522083701,5871.794871794871,0.004650702418219437,1519.32075,0.041,0.3306451612903226,0-0-3527-5,o,fcd45f4d-Audio_SP21.v0,group_0,1,fave,108.28795636155394,79.68151456510323,7,cambios,"",0.10000000000013642,los,de,i,s,i,s,internal
535.4133237979471,839.430443022136,3312.488298437053,2.8809065040561337,2.792677048159897,4.559121910768657,5512.820512820513,0.001650850251207776,1519.90775,0.035,0.33653846153846156,0-0-3530-1,o,fcd45f4d-Audio_SP21.v0,group_0,1,fave,101.05999124435948,73.17919155477253,7,moneda,"",0.07999999999992724,la,%%,m,n,m,n,internal
489.7442895311276,1039.3410415940798,2696.9790382863835,2.6193086839081205,3.6115764764126186,4.80870948684536,5333.333333333333,0.017729257505120218,1522.08375,0.067,0.3284313725490196,0-0-3537-1,o,fcd45f4d-Audio_SP21.v0,group_0,1,fave,101.86452298097687,72.96961940745697,7,bo(lívares),"",0.18000000000006366,en,en,b,#,b,e,final
519.304642432117,717.9421998900375,2720.9386249456174,3.040742412244539,2.954840935941069,5.071477312832383,5333.333333333333,0.0003241156625062713,1522.8137499999998,0.027000000000000003,0.32142857142857145,0-0-3540-1,o,fcd45f4d-Audio_SP21.v0,group_0,1,fave,102.87154925701157,72.99272623568689,7,moneda,"",0.05999999999994543,la,que,m,n,m,n,internal
462.9640033610535,858.8370770138253,2953.4046626778536,2.245767329389938,2.804674986578748,4.818556645468232,5512.820512820513,0.0003671467883246696,1523.70575,0.031,0.32978723404255317,0-0-3548-1,o,fcd45f4d-Audio_SP21.v0,group_0,1,fave,463.33282102627714,77.414205694921,7,bolívares,"",0.06999999999993634,es,",",b,l,b,l,internal
506.01465187467994,922.0698454695347,3237.85519269488,3.0950262021093944,3.3643346894614217,4.571898472479789,5692.3076923076915,0.0063650495484935225,1524.58075,0.041,0.3306451612903226,0-0-3552-0,o,fcd45f4d-Audio_SP21.v0,group_0,1,fave,279.9300471752703,72.58069223075171,7,o,"",0.10000000000013642,[silence],si,#,#,.,s,coextensive
514.0554561585362,1139.3241102943714,2910.697820768642,1.9834844166658263,3.670845871410977,5.0371916004750945,6410.25641025641,0.0013824549657569499,1525.1377499999999,0.035,0.33653846153846156,0-0-3556-1,o,fcd45f4d-Audio_SP21.v0,group_0,1,fave,124.90423181240317,79.08090775251041,7,lo,"",0.08000000000015461,te,pagan,l,#,l,p,final
523.3400827582416,744.8890010867303,2185.6416942385163,2.736617977451289,3.042564946435406,4.243203500614273,4974.358974358975,0.009169524316519583,1551.81075,0.281,0.33293838862559244,0-0-3590-3,o,fcd45f4d-Audio_SP21.v0,group_0,1,fave,129.22830270034015,78.122822336497,7,como,"",0.8199999999999363,%%,[silence],m,#,m,.,final
511.9965986277853,888.6804819533519,2540.3541945295015,2.0191639518882463,3.567121200111524,5.300369611536644,6589.74358974359,0.009681013204832145,1553.60775,0.035,0.33653846153846156,0-0-3596-0,o,fcd45f4d-Audio_SP21.v0,group_0,1,fave,170.03041936630112,75.8772571186321,7,o,"",0.08000000000015461,pasado,[silence],#,#,o,.,coextensive
568.2455727641493,1020.6829624176821,1979.8714002650281,2.5007235638411127,3.4668113978141815,4.087146592454949,5333.333333333333,0.0005975996771113773,1555.40275,0.045,0.33582089552238803,0-0-3604-5,o,fcd45f4d-Audio_SP21.v0,group_0,1,fave,151.6299027391977,79.23646845713036,7,pasado,"",0.10999999999989996,mes,que,d,#,d,k,final
550.9034843100175,971.3169520717169,3180.357337520438,2.8600358079594956,3.1925548283869105,4.61007663813971,6230.7692307692305,0.08179766077547189,1557.28275,0.145,0.3341013824884792,0-0-3613-6,o,fcd45f4d-Audio_SP21.v0,group_0,1,fave,228.39206209618231,74.25376568804163,7,trabajo,"",0.4099999999998545,yo,",",x,#,x,.,final
523.5760685771428,677.4242085838197,2752.477054495203,3.0293121747288496,3.241499691667101,4.729530278902405,5692.3076923076915,0.017315178355302926,1558.87475,0.209,0.33493589743589736,0-0-3616-2,o,fcd45f4d-Audio_SP21.v0,group_0,1,fave,124.53260207395279,72.30025342328477,7,unos,"",0.599999999999909,saqué,[silence],n,s,n,s,internal
509.4141179653493,977.0172943798473,3416.7811182211435,2.3048625090237875,2.304419840056578,4.211280393168856,5871.794871794871,0.002183496258257813,1560.2137500000001,0.067,0.32843137254901966,0-0-3620-4,o,fcd45f4d-Audio_SP21.v0,group_0,1,fave,149.26659728185584,80.63357229037035,7,cinco,"",0.1799999999998363,y,dólares,k,#,k,d,final
448.2393180963012,986.2092755306787,3023.16211322688,2.4209940803574024,2.9522065115168115,4.962034495025741,6051.282051282051,0.003883724197702103,1583.5427499999998,0.065,0.33505154639175255,0-0-3637-4,o,fcd45f4d-Audio_SP21.v0,group_0,1,fave,130.91800617652808,73.50036929672892,7,Microworkers,"",0.17000000000007276,en,[silence],R,o,R,o,internal
442.15502853016216,703.8261979809594,2916.5129317324777,2.4220137540197775,2.823598018523217,4.708830983811002,5692.3076923076915,0.003173041248993651,1583.70775,0.055,0.33536585365853655,0-0-3637-5,o,fcd45f4d-Audio_SP21.v0,group_0,1,fave,343.6681241045918,77.68225413288134,7,Microworkers,"",0.13999999999987267,en,[silence],o,R,o,R,internal
511.39503397980457,882.1556292205315,3468.0357848500075,2.6379785979190085,3.1564058482090216,4.3894414061804214,5512.820512820513,0.006111323315635787,1589.83775,0.055,0.33536585365853655,0-0-3652-1,o,fcd45f4d-Audio_SP21.v0,group_0,1,fave,230.07165640096375,71.39996138803299,7,postear,"",0.14000000000010004,[silence],[silence],p,s,p,s,internal
482.96404667882473,944.0720686225873,3749.587470599944,2.6330507686331566,3.1285151481501545,4.34278723638542,5871.794871794871,0.06889452378215226,1592.20275,0.045,0.33582089552238803,0-0-3658-1,o,fcd45f4d-Audio_SP21.v0,group_0,1,fave,493.40147086057254,66.55483202176349,7,sociales,"",0.10999999999989996,redes,",",s,z,s,z,internal
488.57854926189515,926.2041204609926,3590.9175569619997,2.0441975232084153,2.7764520007153846,3.60998067910769,5871.794871794871,0.00020640421218203083,1593.8487499999999,0.057,0.32758620689655177,0-0-3663-3,o,fcd45f4d-Audio_SP21.v0,group_0,1,fave,118.81211469089438,78.34002904423286,7,todo,"",0.15000000000009095,que,[silence],d,#,d,.,final
495.39009928658373,956.9348993055753,2981.198153306599,1.9503438079121553,2.6046195727296233,4.745842107600697,5512.820512820513,0.0012221535361455484,1594.58875,0.037000000000000005,0.324561403508772,0-0-3666-3,o,fcd45f4d-Audio_SP21.v0,group_0,1,fave,148.78122337991135,77.61720787102774,7,tipo,"",0.09000000000014552,este,de,p,#,p,d,final
413.931413334172,457.08809401888755,1988.6401094860792,3.3589448944838,3.673063450808499,4.683823726586659,5153.846153846154,0.0007854668150433879,1608.3627499999998,0.025,0.33783783783783783,0-0-3693-4,o,fcd45f4d-Audio_SP21.v0,group_0,1,fave,84.00984356317257,62.70989594981062,7,juego,"",0.0500000000001819,de,",",g,#,g,.,final
438.1273705651657,850.2797468561192,2828.0086286305664,2.5270349989270695,3.5043307839848197,4.825551569667246,5333.333333333333,0.00041807078194652596,1610.41375,0.027000000000000003,0.32142857142857145,0-0-3701-4,o,fcd45f4d-Audio_SP21.v0,group_0,1,fave,139.937253030099,72.65948604885364,7,juegos,"",0.05999999999994543,de,por,g,s,g,s,internal
475.46020599356274,661.807308208595,2693.735361778601,3.380629470611472,3.3770236301715166,4.9635189717990995,5333.333333333333,0.00211108407646215,1612.70575,0.031,0.32978723404255317,0-0-3710-1,o,fcd45f4d-Audio_SP21.v0,group_0,1,fave,110.18133859111636,70.91109986503139,7,moneda,"",0.06999999999993634,una,virtual,m,n,m,n,internal
429.26238716381397,1675.8174118745937,3352.7674782089534,1.918699725240628,4.368817669897485,4.729048049894598,5692.3076923076915,0.00005355489105233884,1614.8837499999997,0.027000000000000003,0.32142857142857145,0-0-3717-2,o,fcd45f4d-Audio_SP21.v0,group_0,1,fave,108.22936342001682,74.44146018187567,7,ellos,"",0.060000000000172804,a,ingreso,L,s,L,s,internal
397.6940625145785,819.6829815265039,3214.9178117082843,2.666371497099867,3.5415558491988444,4.622930606942063,5153.846153846154,0.012661793534429183,1615.39775,0.035,0.3365384615384616,0-0-3718-6,o,fcd45f4d-Audio_SP21.v0,group_0,1,fave,77.86880411038321,64.13347983227197,7,ingreso,"",0.07999999999992724,ellos,[silence],s,#,s,.,final
541.366820312957,1150.049359769442,1833.138945511719,2.5892656367460742,3.5352151580357916,4.622187867531239,5153.846153846154,0.00024043122796648663,1616.16375,0.027000000000000003,0.32142857142857145,0-0-3722-1,o,fcd45f4d-Audio_SP21.v0,group_0,1,fave,125.94029316592326,76.26289589349949,7,nosotros,"",0.05999999999994543,a,nos,n,s,n,s,internal
575.1999584697272,1084.8523741861836,3965.0784394736975,3.4046116358004572,3.431127949598642,4.223204348308392,6410.25641025641,0.001980704547586301,1616.53875,0.037,0.32456140350877194,0-0-3723-1,o,fcd45f4d-Audio_SP21.v0,group_0,1,fave,116.39899707303891,70.89679537530644,7,nos,"",0.08999999999991815,nosotros,genera,n,s,n,s,internal
466.14571998401107,1105.2054073590155,2765.559510600269,2.1888779538959837,2.5480305858051713,4.47848178699248,5333.333333333333,0.00004542602347640302,1620.88575,0.031,0.32978723404255317,0-0-3734-5,o,fcd45f4d-Audio_SP21.v0,group_0,1,fave,113.3629023311235,79.50598355822146,7,viendo,"",0.07000000000016371,[silence],videos,d,#,d,b,final
467.7244387241309,1129.197261261826,2554.3202307798465,2.816663580621321,3.1263227419614936,4.642886415541693,5512.820512820513,0.003942131775028988,1621.2627499999999,0.045,0.33582089552238803,0-0-3735-4,o,fcd45f4d-Audio_SP21.v0,group_0,1,fave,106.13823859136969,72.89865657660762,7,videos,"",0.10999999999989996,viendo,de,é,s,é,s,internal
479.4323196542412,1024.9028830076832,2644.2941219120767,3.3850740906086147,3.8637585542203112,4.816692501358765,4974.358974358975,0.02500103612617221,1621.82075,0.041,0.3306451612903226,0-0-3737-1,o,fcd45f4d-Audio_SP21.v0,group_0,1,fave,180.70245590249604,57.1727161022259,7,Youtube,"",0.10000000000013642,de,",",y,t,y,t,internal
470.1389355890247,865.2864238436572,3861.342680337016,2.6701254053026777,2.6137274270644926,4.4493406234028,5512.820512820513,0.0021219130542796715,1622.4107500000002,0.041,0.3306451612903226,0-0-3739-1,o,fcd45f4d-Audio_SP21.v0,group_0,1,fave,113.98186304507462,73.30203760103286,7,posteando,"",0.09999999999990905,",",[silence],p,s,p,s,internal
497.8117567776897,896.3358738773235,3015.909914899822,2.475383561509196,3.0645239859582043,4.683757781839795,5512.820512820513,0.009272738533053104,1622.9477500000003,0.11499999999999999,0.3343023255813952,0-0-3739-8,o,fcd45f4d-Audio_SP21.v0,group_0,1,fave,137.09544754753045,75.94769706996185,7,posteando,"",0.31999999999993634,",",[silence],d,#,d,.,final
487.85499513401857,833.4522127936801,2877.9055334142454,1.600977758291381,2.6753675081450514,5.1493922543833675,5153.846153846154,0.0006673732352612793,1629.66775,0.035,0.3365384615384616,0-0-3754-5,o,fcd45f4d-Audio_SP21.v0,group_0,1,fave,122.01254713359083,82.94085904704988,7,tiempo,"",0.07999999999992724,de,de,p,#,p,d,final
438.55475931867943,985.1781531675196,2513.7064466137263,2.4335183883203237,3.4757312919320413,4.2821938407368485,5692.3076923076915,0.0031745160206493386,1631.25775,0.055,0.33536585365853655,0-0-3762-2,o,fcd45f4d-Audio_SP21.v0,group_0,1,fave,108.15478411879407,74.2156850648852,7,producen,"",0.13999999999987267,te,ganarte,R,d,R,d,internal
560.5710438337394,781.825035735503,2942.3386899367833,3.150780227641313,3.1411055957928875,4.872939713377863,5512.820512820513,0.001452632033223212,1632.52775,0.035,0.33653846153846156,0-0-3767-1,o,fcd45f4d-Audio_SP21.v0,group_0,1,fave,128.26078579165122,69.32610130165882,7,moneda,"",0.07999999999992724,de,[silence],m,n,m,n,internal
482.92854517189636,870.069960485897,3154.8541650554853,2.5184656136822174,2.7985640025115357,4.769007949387858,6051.282051282051,0.006250276620137106,1633.8327499999998,0.065,0.33505154639175255,0-0-3772-5,o,fcd45f4d-Audio_SP21.v0,group_0,1,fave,140.4216381947411,75.63648148030339,7,Clapcoin,"",0.17000000000007276,el,[silence],k,i,k,i,internal
485.7563770476985,895.3086128295581,2952.343343712616,2.5693536721467085,2.7270420637487343,4.961020471940281,5692.3076923076915,0.0015647495161335376,1634.74775,0.035,0.33653846153846156,0-0-3776-5,o,fcd45f4d-Audio_SP21.v0,group_0,1,fave,361.93557608378467,74.31143955422071,7,Clapcoin,"",0.07999999999992724,el,es,k,i,k,i,internal
516.1180191209041,724.2405914472603,2940.846644013468,3.140034152522642,3.03542038179431,4.75574318925148,5333.333333333333,0.0005366886314584114,1635.48575,0.031,0.32978723404255317,0-0-3782-1,o,fcd45f4d-Audio_SP21.v0,group_0,1,fave,116.58434500700383,76.51015273782755,7,moneda,"",0.06999999999993634,de,virtual,m,n,m,n,internal
483.660518526062,1161.1650765643335,2372.6299860247223,2.3799262881455006,3.3264270537208454,4.9897826692876786,5512.820512820513,0.0010072043045316191,1639.54575,0.031,0.32978723404255317,0-0-3799-1,o,fcd45f4d-Audio_SP21.v0,group_0,1,fave,113.10633521007735,77.01233250776025,7,lo,"",0.06999999999993634,a,que,l,#,l,k,final
441.7695942504291,915.1206368262109,1792.9412787495196,2.478793409552983,3.5129978722062685,4.395147318372143,4076.923076923077,0.005717233672945905,1647.06775,0.035,0.3365384615384616,0-0-3823-6,o,fcd45f4d-Audio_SP21.v0,group_0,1,fave,242.74114717314674,69.31044595096036,7,anuncios,"",0.08000000000015461,de,[silence],i,s,i,s,internal
505.17459592979867,831.5027682704115,1841.0836344354361,2.3825489738279293,4.253348533081466,3.4479734266931517,4435.897435897436,0.00044332248513571584,1650.65375,0.027000000000000003,0.32142857142857145,0-0-3836-6,o,fcd45f4d-Audio_SP21.v0,group_0,1,fave,169.58351389903515,75.09046290146765,7,anuncio,"",0.05999999999994543,al,[silence],i,#,i,.,final
494.0022381123471,1121.5171546154745,2582.784350320263,2.2436743665571295,3.191834433032193,5.116378466544051,5692.3076923076915,0.004395463064110088,1655.1227499999998,0.045,0.33582089552238803,0-0-3847-1,o,fcd45f4d-Audio_SP21.v0,group_0,1,fave,289.57868131397896,82.57064789450055,7,dólares,"",0.11000000000012733,de,%%,d,l,d,l,internal
508.9465206456272,1211.1335607147755,2069.496018608987,2.324326710527491,3.685883445521371,4.806960483604111,5512.820512820513,0.005408668346109359,1656.39775,0.035,0.33653846153846156,0-0-3851-3,o,fcd45f4d-Audio_SP21.v0,group_0,1,fave,101.35334158599179,74.23330560865284,7,cero,"",0.07999999999992724,[silence],coma,R,#,R,k,final
465.4400106643707,1075.7848160929043,1911.2584312838856,2.5158590126825695,3.4179760862214317,4.954161758593808,5692.3076923076915,0.0019419327467669447,1657.17775,0.035,0.33653846153846156,0-0-3854-3,o,fcd45f4d-Audio_SP21.v0,group_0,1,fave,110.20328444240316,76.10047495919318,7,cero,"",0.07999999999992724,[silence],un,R,#,R,ú,final
474.4662229811482,1036.708793736018,2854.346300758135,2.3251744155030933,2.4335316177838053,4.719903007760256,5512.820512820513,0.002214728305710426,1657.80075,0.041,0.3306451612903226,0-0-3856-1,o,fcd45f4d-Audio_SP21.v0,group_0,1,fave,475.3041419508468,74.52873827560988,7,dólar,"",0.10000000000013642,un,[silence],d,l,d,l,internal
475.5559365336207,1238.2304719707108,1768.105171284171,2.336831881042607,3.345278782651303,4.505309994150031,4794.871794871795,0.00008379600179207454,1658.2837499999998,0.027000000000000003,0.32142857142857145,0-0-3858-3,o,fcd45f4d-Audio_SP21.v0,group_0,1,fave,115.32460273370691,80.65866183566438,7,cero,"",0.05999999999994543,[silence],coma,R,#,R,k,final
501.6904074740266,1121.2549704340843,2609.9065544230275,3.1812359386395643,2.866114688790547,4.856160200158513,5692.3076923076915,0.00026429364612875724,1658.7737499999998,0.027000000000000003,0.32142857142857145,0-0-3860-2,o,fcd45f4d-Audio_SP21.v0,group_0,1,fave,132.25540887693492,71.35828468193988,7,uno,"",0.05999999999994543,coma,[silence],n,#,n,.,final
495.0852855595688,919.1872528468484,2893.752685250207,2.580863950251951,2.6557392897371943,4.825214165970507,5512.820512820513,0.0009076857125708324,1669.68775,0.035,0.33653846153846156,0-0-3892-1,o,fcd45f4d-Audio_SP21.v0,group_0,1,fave,112.73609686642993,77.20067652482638,7,posibilidad,"",0.07999999999992724,la,de,p,s,p,s,internal
470.2669750491246,1351.9955657467442,2338.846862417712,2.1255539743732426,3.2937434735378535,3.418206060412895,4974.358974358975,0.000019162542613001044,1673.89375,0.027000000000000003,0.32142857142857145,0-0-3902-1,o,fcd45f4d-Audio_SP21.v0,group_0,1,fave,114.54050141804778,81.10077581279714,7,totalmente,"",0.05999999999994543,también,diferente,t,t,t,t,internal
493.56026127575143,1074.4494175089071,2970.417598341983,2.545609859890294,3.00179095439725,4.972773296117118,5333.333333333333,0.0035971752746440408,1675.14875,0.037,0.32456140350877194,0-0-3905-1,o,fcd45f4d-Audio_SP21.v0,group_0,1,fave,102.83294647776121,73.76862926207762,7,lo,"",0.08999999999991815,a,que,l,#,l,k,final
478.76238051891454,1102.868682680702,3186.210235977324,2.131649076853443,3.384535315450769,4.652429473397342,5692.3076923076915,0.0016338371783668562,1676.49575,0.051000000000000004,0.3311688311688312,0-0-3910-4,o,fcd45f4d-Audio_SP21.v0,group_0,1,fave,265.07679532491267,77.02144377982998,7,Microworkers,"",0.12999999999988177,en,está,R,o,R,o,internal
463.2393892882185,841.2599968565718,3181.156417784298,2.709893181593472,2.9164814201630285,4.91985285547589,6230.7692307692305,0.002221116393675769,1676.6277499999999,0.055,0.3353658536585366,0-0-3910-5,o,fcd45f4d-Audio_SP21.v0,group_0,1,fave,139.9930844978869,77.99125027121877,7,Microworkers,"",0.14000000000010004,en,está,o,R,o,R,internal
378.74079957337545,550.3054327036242,984.8591021259044,3.216567053768944,3.408577802155252,3.3698635708234237,4076.923076923077,0.009262511072586356,1680.90875,0.07700000000000001,0.3290598290598291,0-0-3923-1,o,fcd45f4d-Audio_SP21.v0,group_0,1,fave,113.0988460847859,71.57488085064676,7,[silence],"",0.21000000000003638,llama,[silence],.,#,.,"",final
490.85820812029175,1283.2918741037643,3103.9337647066945,2.6155578223478,3.852350094954668,4.5290748290661424,6410.25641025641,0.001889189207229492,1685.08575,0.031,0.32978723404255317,0-0-3927-1,o,fcd45f4d-Audio_SP21.v0,group_0,1,fave,491.88500024715177,74.27665592045354,7,solamente,"",0.07000000000016371,este,lo,s,l,s,l,internal
516.759488207986,871.5384341107026,2686.6888467714143,2.3037668430310734,3.3674679407848562,4.854412568683465,5333.333333333333,0.0035690628345346723,1687.6037499999998,0.047,0.3263888888888889,0-0-3936-0,o,fcd45f4d-Audio_SP21.v0,group_0,1,fave,122.9372654709176,74.76712542565556,7,o,"",0.12000000000011823,smartphone,tu,#,#,e,t,coextensive
503.60315283370346,1142.7308067025197,3802.2104930859336,1.7994935555398697,3.088905768988413,4.825300712698829,6410.25641025641,0.0003252264090442706,1690.3337499999998,0.027000000000000003,0.32142857142857145,0-0-3945-1,o,fcd45f4d-Audio_SP21.v0,group_0,1,fave,122.71976779891781,82.66554660874418,7,los,"",0.060000000000172804,utiliza,datos,l,s,l,s,internal
494.5112972244718,856.5716544826998,2613.8316164401062,2.2185936661648564,3.147826115479032,4.927323603141081,4974.358974358975,0.0038689492889902553,1696.76575,0.031,0.32978723404255317,0-0-3968-1,o,fcd45f4d-Audio_SP21.v0,group_0,1,fave,120.78357309130722,81.30959167455237,7,comparte,"",0.06999999999993634,Y,el,k,m,k,m,internal
492.89459900941284,1179.6172743667007,2780.351543514012,2.597162655621525,3.184991686006444,4.676892126644829,5692.3076923076915,0.0000635410323121596,1698.0137499999998,0.027000000000000003,0.32142857142857145,0-0-3972-2,o,fcd45f4d-Audio_SP21.v0,group_0,1,fave,107.68085536140244,69.96707093704089,7,uno,"",0.05999999999994543,que,no,n,#,n,n,final
480.7643151714984,1397.3046200110248,2128.1745616391854,2.505641936043,4.123671652156969,3.6124830759418805,5153.846153846154,0.0003654549758034665,1734.49875,0.037000000000000005,0.324561403508772,0-0-3978-2,o,fcd45f4d-Audio_SP21.v0,group_0,1,fave,145.79262568447257,79.90773191581256,7,Aló,"",0.08999999999991815,[silence],[silence],l,#,l,.,final
446.3510215822724,1104.3300654992058,3336.7732893470034,2.920666140742615,3.2125638664271032,4.942688178683667,6051.282051282051,0.0046364859565867006,1759.0637499999998,0.027000000000000003,0.32142857142857145,0-0-4011-1,o,fcd45f4d-Audio_SP21.v0,group_0,1,fave,440.9936521659565,71.0827816090248,7,los,"",0.05999999999994543,%%,compañeros,l,s,l,s,internal
461.62365358077506,628.0735554730176,1040.060495302552,3.4979732073824095,3.196427796627962,3.734577809182636,3000.0,0.013226474061975106,1763.59775,0.055,0.33536585365853655,0-0-4021-5,o,fcd45f4d-Audio_SP21.v0,group_0,1,fave,103.86084631775253,74.60068653495985,7,cuando,"",0.14000000000010004,[silence],por,d,#,d,p,final
541.7054100108221,921.2807890292399,2936.3161020593066,2.9192985322169487,3.3266243176759764,4.702688392556419,5512.820512820513,0.03438934338833957,1766.37575,0.11100000000000002,0.3323353293413173,0-0-4035-6,o,fcd45f4d-Audio_SP21.v0,group_0,1,fave,218.12964368546255,67.95884917394197,7,haciendo,"",0.3100000000001728,[silence],?,d,#,d,.,final
533.425319241115,878.044566021517,3375.4842198413635,2.684753322858883,2.8314366714583796,5.2726857610809486,6769.2307692307695,0.0021417951503638925,1767.2837499999998,0.027000000000000003,0.32142857142857145,0-0-4041-1,o,fcd45f4d-Audio_SP21.v0,group_0,1,fave,493.8631045339281,78.81517078774743,7,comento,"",0.05999999999994543,les,[silence],k,m,k,m,internal
539.1608745614034,1008.6285506259501,3591.525302543043,2.445691394840446,3.276862916253877,4.457061371083264,6051.282051282051,0.0010123037543633838,1767.7907500000001,0.061000000000000006,0.3315217391304348,0-0-4041-6,o,fcd45f4d-Audio_SP21.v0,group_0,1,fave,128.73605033176239,74.15463968277432,7,comento,"",0.16000000000008185,les,[silence],t,#,t,.,final
462.31240965433625,1018.4247646036313,2495.840573096603,2.970209619233157,3.236227849300395,4.463213935129858,5153.846153846154,0.006317229456434834,1770.21875,0.057,0.32758620689655177,0-0-4047-3,o,fcd45f4d-Audio_SP21.v0,group_0,1,fave,102.82414703403786,72.6516088788047,7,digo,"",0.14999999999986358,[silence],[silence],g,#,g,.,final
509.89074219513674,933.3139197575325,3058.24309129415,3.037263963905227,3.383592072084257,4.385682100095482,6051.282051282051,0.0011249712634540394,1773.02775,0.035,0.33653846153846156,0-0-4058-6,o,fcd45f4d-Audio_SP21.v0,group_0,1,fave,104.2741396299886,66.13181933915075,7,ingresos,"",0.07999999999992724,generar,extra,s,s,s,s,internal
499.9745284200725,1043.163258723154,3130.71608864162,2.731882914956543,3.204862367264158,5.024587468736586,6230.7692307692305,0.002425647609395086,1774.17275,0.045,0.3358208955223881,0-0-4061-1,o,fcd45f4d-Audio_SP21.v0,group_0,1,fave,198.16646303101746,75.12051094644553,7,los,"",0.10999999999989996,%%,ayudo,l,s,l,s,internal
506.71241069324253,1531.0436480947096,3651.0105834385517,2.2767058993039857,3.9390119938783963,4.7379392169729595,5692.3076923076915,0.0003507746609597,1774.91375,0.027000000000000003,0.32142857142857145,0-0-4065-6,o,fcd45f4d-Audio_SP21.v0,group_0,1,fave,119.32321879329324,71.8133134129932,7,sentido,"",0.05999999999994543,ese,",",d,#,d,.,final
568.308907333111,1014.3467068476757,2025.3760389899226,2.712132378262402,3.2666496934648963,4.375117871247224,4794.871794871795,0.001531660824665997,1777.4207500000002,0.041,0.3306451612903226,0-0-4073-6,o,fcd45f4d-Audio_SP21.v0,group_0,1,fave,159.6573633507199,76.97157538909029,7,atención,"",0.09999999999990905,presta,hay,i,n,i,n,internal
441.66532389401453,844.2738949360648,2902.8343994182364,2.38053760110002,2.8649485570421747,4.461172213997745,5333.333333333333,0.0005310554411539326,1786.56775,0.035,0.3365384615384616,0-0-4084-4,o,fcd45f4d-Audio_SP21.v0,group_0,1,fave,108.85600858143586,79.25635945928306,7,tengo,"",0.08000000000015461,",",unos,g,#,g,ú,final
572.5086149111562,871.1384640335434,3308.3179976816505,3.1222163559065077,3.106462884825081,4.687732218982158,5692.3076923076915,0.002312396748743771,1787.6527499999997,0.065,0.33505154639175255,0-0-4088-6,o,fcd45f4d-Audio_SP21.v0,group_0,1,fave,152.86092407856995,71.56600774090353,7,trabajo,"",0.17000000000007276,de,que,x,#,x,k,final
552.0744359681809,1154.0603277269804,1752.9767702829188,2.4854207387361957,3.178513125309705,4.168493467068296,4974.358974358975,0.0012592781115718377,1791.05775,0.055,0.33536585365853655,0-0-4096-7,o,fcd45f4d-Audio_SP21.v0,group_0,1,fave,116.80603200405784,76.14796652573546,7,iniciado,"",0.14000000000010004,han,en,d,#,d,e,final
551.8861587727259,1072.5851498294112,3551.425165487865,3.0907643671007734,3.3648354654086106,4.726034791586255,5692.3076923076915,0.0030413935913326897,1791.66775,0.055,0.33536585365853655,0-0-4099-4,o,fcd45f4d-Audio_SP21.v0,group_0,1,fave,186.09167558632245,67.15370113520345,7,mundo,"",0.13999999999987267,el,[silence],d,#,d,.,final
551.2827996744238,1066.616955853892,2994.3173525776356,3.0421008782732475,3.7498589653055183,4.819860376372249,6230.7692307692305,0.013557580181100537,1796.82075,0.061000000000000006,0.3315217391304348,0-0-4109-3,o,fcd45f4d-Audio_SP21.v0,group_0,1,fave,119.3926272295934,67.68015500532692,7,digo,"",0.16000000000008185,",",",",g,#,g,.,final
479.5743207699823,1124.4648684121128,2141.849745226444,2.229196250660671,3.1560530474198405,4.670052889400728,5333.333333333333,0.0007023837369805158,1800.39375,0.027000000000000003,0.32142857142857145,0-0-4121-1,o,fcd45f4d-Audio_SP21.v0,group_0,1,fave,227.96931447806156,80.29517535222814,7,lo,"",0.05999999999994543,",",que,l,#,l,k,final
479.812239397487,737.8039674985579,2517.667890451026,2.398834551268109,2.956559730606783,4.3360691685932045,5153.846153846154,0.003413109463024193,1803.0527499999998,0.065,0.33505154639175255,0-0-4132-5,o,fcd45f4d-Audio_SP21.v0,group_0,1,fave,118.37884569642199,78.24569777952657,7,Microworkers,"",0.17000000000007276,ahorita,tiene,o,R,o,R,internal
462.6421236216257,852.6295887486896,2708.8279350702674,2.2565540609474404,2.543579681128927,4.978704676161558,5153.846153846154,0.0003555265976840847,1814.50775,0.035,0.3365384615384616,0-0-4170-1,o,fcd45f4d-Audio_SP21.v0,group_0,1,fave,216.70783789141552,77.28074996908532,7,cobrar,"",0.07999999999992724,pueden,.,k,b,k,b,internal
485.14632030685505,843.586614005218,2129.7670400609104,2.1548159013444788,2.5853751502268,3.9914595067637126,4794.871794871795,4.101049623096361e-6,1833.96375,0.027000000000000003,0.32142857142857145,0-0-4175-4,o,fcd45f4d-Audio_SP21.v0,group_0,1,fave,122.46933515381673,80.03642996223701,7,Tengo,"",0.05999999999994543,[silence],acá,g,#,g,á,final
451.3513649063382,1602.5895689184574,2054.261813943543,1.6934601654954482,4.844613348888919,4.489626154945937,5153.846153846154,0.0014108109835008966,1837.20375,0.027000000000000003,0.32142857142857145,0-0-4193-2,o,fcd45f4d-Audio_SP21.v0,group_0,1,fave,226.95990906926244,84.12031777043013,7,ido,"",0.05999999999994543,ha,del,d,#,d,d,final
401.7908018808761,1265.1120746095212,3077.8671009290624,4.011737135782913,4.016041378428487,4.5928754343225755,6410.25641025641,0.0004896578015796695,1848.0137499999998,0.027000000000000003,0.32142857142857145,0-0-4213-2,o,fcd45f4d-Audio_SP21.v0,group_0,1,fave,108.26618727128515,71.38640975505605,7,uno,"",0.05999999999994543,donde,ganaba,n,#,n,g,final
483.3718324388193,1075.2686177521728,2159.9635976936556,2.0460493654928893,3.0697395203868796,4.2118789784851245,5153.846153846154,0.001714341174025899,1851.53775,0.055,0.33536585365853655,0-0-4221-3,o,fcd45f4d-Audio_SP21.v0,group_0,1,fave,144.10143214330935,81.84364813839849,7,pero,"",0.14000000000010004,[silence],como,R,#,R,k,final
373.8087291230167,625.3177347590704,1817.454397611657,3.6299535095717297,3.0648811105125455,4.536252043341507,4794.871794871795,0.01583641514838419,1858.87575,0.211,0.332807570977918,0-0-4245-3,o,fcd45f4d-Audio_SP21.v0,group_0,1,fave,104.83244585510353,75.75362605774701,7,como,"",0.6100000000001273,es,[silence],m,#,m,.,final
467.9466356551166,1005.8596146061452,2999.6570125193584,2.467585231039946,2.8804906077520265,4.813653518079514,5692.3076923076915,0.0033842249099124994,1860.97875,0.057,0.3275862068965517,0-0-4247-9,o,fcd45f4d-Audio_SP21.v0,group_0,1,fave,113.82787653247829,80.03521740097084,7,instruirlo,"",0.14999999999986358,[silence],enseñarlo,l,#,l,e,final
508.07215798649537,1005.1860201242536,2536.7948042886587,2.774410320006846,3.1855070163698143,4.7453758821032155,5333.333333333333,0.008876484632426414,1861.77375,0.087,0.3295454545454546,0-0-4248-8,o,fcd45f4d-Audio_SP21.v0,group_0,1,fave,105.80702202399468,71.25083673868646,7,enseñarlo,"",0.2400000000000091,instruirlo,[silence],l,#,l,.,final
473.8564628728038,1259.534653280671,2247.7155711515325,2.3757984745127274,3.9665265639093814,3.5320314198785585,5153.846153846154,0.0016041988133455151,1864.66275,0.045,0.3358208955223881,0-0-4257-3,o,fcd45f4d-Audio_SP21.v0,group_0,1,fave,229.23709100608198,81.18676893861073,7,pero,"",0.10999999999989996,[silence],del,R,#,R,d,final
492.9365913673369,910.4262019793376,2714.9406539560187,2.3084135834983806,2.5260919458669213,4.627971053740164,5153.846153846154,0.0003881233543043767,1865.91775,0.035,0.3365384615384616,0-0-4266-2,o,fcd45f4d-Audio_SP21.v0,group_0,1,fave,122.38314124053205,73.37562906401756,7,oportunidad,"",0.07999999999992724,la,porque,p,R,p,R,internal
532.761898676804,909.7057317039934,3357.0223946791907,3.0449117123689633,3.3210152217534388,4.969901867241446,5871.794871794871,0.005156842766328299,1868.34075,0.041,0.3306451612903226,0-0-4274-5,o,fcd45f4d-Audio_SP21.v0,group_0,1,fave,142.1946939934177,68.84065470104143,7,hermano,"",0.10000000000013642,mi,",",n,#,n,.,final
483.2919886186081,939.5597600575012,3638.0454492318227,2.080999209427188,2.7122084630558447,4.967704842872824,5692.3076923076915,0.00022080650231453655,1869.19575,0.031,0.32978723404255317,0-0-4278-1,o,fcd45f4d-Audio_SP21.v0,group_0,1,fave,236.85093512936083,77.91669361407786,7,contemporáneos,"",0.06999999999993634,son,conmigo,k,n,k,n,internal
558.9961778861064,974.3430764224316,3463.218014157786,2.643106368916636,2.3850908071375363,2.783470047648278,5692.3076923076915,0.000023193526770906192,1869.7837499999998,0.027000000000000003,0.32142857142857145,0-0-4279-1,o,fcd45f4d-Audio_SP21.v0,group_0,1,fave,130.99539997476612,70.38894432594871,7,conmigo,"",0.05999999999994543,contemporáneos,tienen,k,n,k,n,internal
465.0067727832225,1022.159353942732,2978.3415511653184,1.8699234258763933,3.733453377543895,4.803419326004341,5333.333333333333,0.005219787528670103,1870.04875,0.037,0.32456140350877194,0-0-4279-6,o,fcd45f4d-Audio_SP21.v0,group_0,1,fave,149.6452857819686,76.6932784525691,7,conmigo,"",0.08999999999991815,contemporáneos,tienen,g,#,g,t,final
485.7727111123658,1023.2202450338026,2869.1130261207795,1.719177870209415,3.467669838339768,4.85165984352705,5512.820512820513,0.004657327652655081,1870.80575,0.11100000000000002,0.3323353293413173,0-0-4281-5,o,fcd45f4d-Audio_SP21.v0,group_0,1,fave,118.46624809317605,81.69030976765364,7,tiempo,"",0.30999999999994543,tienen,[silence],p,#,p,.,final
513.4562245756338,1069.1577814754994,2893.8116412137406,3.353786439822287,4.438944331985413,5.1608704325968455,5692.3076923076915,0.0021033832713780545,1871.43575,0.031,0.32978723404255317,0-0-4284-6,o,fcd45f4d-Audio_SP21.v0,group_0,1,fave,108.41303801884004,72.4186089505832,7,salieron,"",0.06999999999993634,que,del,R,n,R,n,internal
643.360037899243,1161.2137029839232,3763.6827538763205,3.018388609302014,2.5773379358587385,4.651969919878621,5871.794871794871,0.00027641745602198135,1874.7237499999999,0.027000000000000003,0.32142857142857145,0-0-4294-8,o,fcd45f4d-Audio_SP21.v0,group_0,1,fave,NaN,70.84825963942298,7,comentado,"",0.05999999999994543,he,.,d,#,d,.,final
464.15195857163275,1017.0387797800976,2314.982966110719,1.9862887220857177,3.5717061398692556,4.629553727793251,5153.846153846154,0.00036139458393952956,1902.48775,0.035,0.3365384615384616,0-0-4317-3,o,fcd45f4d-Audio_SP21.v0,group_0,1,fave,115.3462501830964,76.89724948484667,7,otro,"",0.07999999999992724,con,grupo,R,#,R,g,final
436.89402910376714,760.0673416297067,2893.9073015216395,2.176517315336014,3.987953612181435,4.773112062022232,5692.3076923076915,0.027974859220930837,1902.9607500000002,0.041,0.3306451612903226,0-0-4318-4,o,fcd45f4d-Audio_SP21.v0,group_0,1,fave,434.3504097381376,68.37994644483727,7,grupo,"",0.09999999999990905,otro,y,p,#,p,i,final
436.1311039150103,933.3222578974148,2602.681494738622,2.743711678207371,4.5697590483406705,4.802200284020677,4615.384615384615,0.0006793666972141042,1910.3427499999998,0.025,0.33783783783783783,0-0-4345-5,o,fcd45f4d-Audio_SP21.v0,group_0,1,fave,218.60362543203857,73.9618331429438,7,cuando,"",0.0500000000001819,[silence],publican,d,#,d,p,final
497.4390780387085,893.4358062036648,2997.728632901434,2.481300304915424,2.587014546454508,4.914249562145171,5512.820512820513,0.0008394801422313085,1917.60575,0.031,0.32978723404255317,0-0-4365-0,o,fcd45f4d-Audio_SP21.v0,group_0,1,fave,312.7285972377595,79.09647945223237,7,ochocientos,"",0.07000000000016371,[silence],miembros,#,h,.,h,initial
426.8498513369428,1457.5639396084227,2351.163411713958,2.11107034523582,3.930323512038279,3.5628390822983533,4615.384615384615,0.0001731601962867023,1917.7537499999999,0.027000000000000003,0.32142857142857145,0-0-4365-2,o,fcd45f4d-Audio_SP21.v0,group_0,1,fave,213.0397223954805,76.32492230376522,7,ochocientos,"",0.05999999999994543,[silence],miembros,h,z,h,z,internal
500.5031704924867,1028.846689778648,3453.7714460185466,2.925290040568098,2.7150626970160188,3.3882488962574078,5512.820512820513,0.00018570840007567518,1918.14875,0.037000000000000005,0.324561403508772,0-0-4365-8,o,fcd45f4d-Audio_SP21.v0,group_0,1,fave,114.26695226261738,72.84435154157792,7,ochocientos,"",0.08999999999991815,[silence],miembros,t,s,t,s,internal
436.8378935625832,828.1669447860776,2708.1558252629975,2.304143655181768,2.6894557118575904,4.652291065952538,5333.333333333333,0.0003959123234814748,1922.9837499999999,0.027000000000000003,0.32142857142857145,0-0-4378-4,o,fcd45f4d-Audio_SP21.v0,group_0,1,fave,447.66004728332496,71.14202378831409,7,grupo,"",0.05999999999994543,ese,[silence],p,#,p,.,final
447.97254138846245,957.0734810894628,2065.6796136567186,3.046392216043227,3.1677176710824666,4.773943254291465,5153.846153846154,0.033388091714742926,1926.0287500000002,0.07700000000000001,0.3290598290598291,0-0-4389-4,o,fcd45f4d-Audio_SP21.v0,group_0,1,fave,114.09552438614811,73.63363303438675,7,grupos,"",0.21000000000003638,[silence],",",p,s,p,s,internal
485.7053548454118,816.620714330344,2623.244668744292,1.9969672543731058,3.436004812474638,4.6999701972810515,5153.846153846154,0.009627584900742876,1943.94275,0.225,0.3338278931750742,0-0-4405-3,o,fcd45f4d-Audio_SP21.v0,group_0,1,fave,117.85443082254051,81.41270367320713,7,todo,"",0.650000000000091,que,cuando,d,#,d,k,final
418.15167711339734,684.1415128811911,2559.963526344465,2.337705945656875,3.320477031573657,4.779541646816234,4794.871794871795,0.01913400304140043,1944.94275,0.225,0.3338278931750742,0-0-4406-5,o,fcd45f4d-Audio_SP21.v0,group_0,1,fave,115.72150283651733,71.12622302504975,7,cuando,"",0.650000000000091,todo,[silence],d,#,d,"",final
467.7681894396235,1108.8910264195833,2286.071205823776,3.0090988159094776,2.9132462705835356,4.466330319511766,5153.846153846154,0.0001143394300182567,1946.40375,0.027000000000000003,0.32142857142857145,0-0-4409-5,o,fcd45f4d-Audio_SP21.v0,group_0,1,fave,110.27017504333915,77.84622295131322,7,cuando,"",0.05999999999994543,[silence],participo,d,#,d,p,final
523.2206126493533,934.0178884711484,3389.141460676799,3.5046373545053293,3.069691240447795,4.876929915193615,5512.820512820513,0.0014775279715834556,1947.05575,0.031,0.32978723404255317,0-0-4410-8,o,fcd45f4d-Audio_SP21.v0,group_0,1,fave,100.76538506405691,61.85490449418493,7,participo,"",0.06999999999993634,cuando,",",p,#,p,.,final
449.4440348699513,783.9467075845048,3113.9138117163757,3.5751840792974043,2.8939479473220118,4.654970463195762,5871.794871794871,0.0018986199177831056,1956.73775,0.035,0.3365384615384616,0-0-4437-3,o,fcd45f4d-Audio_SP21.v0,group_0,1,fave,114.41450012237219,74.06610949000388,7,cómo,"",0.07999999999992724,%%,se,m,#,m,s,final
471.4869658559673,1308.5876747034017,3116.212183550366,2.37339991211301,3.868853602853881,4.343637256557219,4615.384615384615,0.006905424756785492,1960.39375,0.027000000000000003,0.32142857142857145,0-0-4445-3,o,fcd45f4d-Audio_SP21.v0,group_0,1,fave,230.3871047507274,78.19988493832966,7,esto,"",0.05999999999994543,[silence],",",t,#,t,.,final
429.9351532078577,1102.8690964383695,2776.1284338161413,2.3549599878109833,3.3204177684776006,4.86906229577526,5333.333333333333,0.0001926434616744055,1960.7337499999999,0.027000000000000003,0.32142857142857145,0-0-4448-4,o,fcd45f4d-Audio_SP21.v0,group_0,1,fave,107.27197976121445,76.92352675577246,7,bueno,"",0.05999999999994543,y,pienso,n,#,n,p,final
477.85086585772876,1151.5064300956553,3299.934384386938,3.5461052629462806,2.849059888508722,4.812114257413392,6051.282051282051,0.002508709095180727,1965.03575,0.031,0.32978723404255317,0-0-4462-1,o,fcd45f4d-Audio_SP21.v0,group_0,1,fave,101.13140499794845,67.4490658713024,7,los,"",0.06999999999993634,cometer,mismos,l,s,l,s,internal
340.48231779300556,788.9403410485385,2816.1392336049994,3.5074515461371805,3.154710641064376,4.643041858429302,5692.3076923076915,0.0013380862398747928,1965.36775,0.055,0.33536585365853655,0-0-4463-4,o,fcd45f4d-Audio_SP21.v0,group_0,1,fave,109.23885847983473,70.12681345772754,7,mismos,"",0.14000000000010004,los,errores,m,s,m,s,internal
516.1629441068328,943.0591002807097,1959.2701046639377,3.0888189404042112,2.206450400869313,4.283859934410283,5153.846153846154,0.00013057263423889732,1995.49575,0.031,0.32978723404255317,0-0-4470-1,o,fcd45f4d-Audio_SP21.v0,group_0,1,fave,131.89377806382743,78.46267276456261,7,contacté,"",0.06999999999993634,[silence],[silence],k,n,k,n,internal
464.26376381692,919.3467708727178,2374.5334578743223,2.6849759944777416,2.5873994114434367,4.2541801860359465,5153.846153846154,0.004266698619648443,1998.76375,0.087,0.3295454545454546,0-0-4474-5,o,fcd45f4d-Audio_SP21.v0,group_0,1,fave,128.01468270494084,77.1497484671336,7,cuando,"",0.2400000000000091,[silence],me,d,#,d,m,final
481.99739918313117,897.0751009761509,3166.3282276631303,2.8923291228745636,2.6894857080422314,4.673672079604188,5333.333333333333,0.000345160135096438,2006.44875,0.037,0.32456140350877194,0-0-4491-1,o,fcd45f4d-Audio_SP21.v0,group_0,1,fave,130.26734455439606,71.44814830566179,7,correos,"",0.08999999999991815,enviándole,no,k,r,k,r,internal
457.2284819326635,1386.930190186271,1988.0647921976079,2.417431023591765,3.570096433631858,3.2810593202838003,4974.358974358975,0.000060000493948182623,2006.67575,0.031,0.32978723404255317,0-0-4491-4,o,fcd45f4d-Audio_SP21.v0,group_0,1,fave,110.46248172837454,76.67289625934917,7,correos,"",0.06999999999993634,enviándole,no,é,s,é,s,internal
551.1010817722248,961.1672305590153,3688.661445453928,3.0586324831158005,2.1213115690925424,4.490926978211123,5692.3076923076915,0.00011013172342157009,2017.4057500000001,0.031,0.32978723404255317,0-0-4527-1,o,fcd45f4d-Audio_SP21.v0,group_0,1,fave,119.24343145369566,75.59042702695255,7,contactado,"",0.06999999999993634,he,con,k,n,k,n,internal
536.4240060063671,944.3099242881269,2956.5984334009604,2.7388248984333443,2.836962676944379,4.769655998194368,5512.820512820513,0.00035276267361554004,2017.8137499999998,0.027000000000000003,0.32142857142857145,0-0-4527-9,o,fcd45f4d-Audio_SP21.v0,group_0,1,fave,234.2106092917701,71.998482451785,7,contactado,"",0.05999999999994543,he,con,d,#,d,k,final
462.39904234222433,982.2333116962155,3213.096245265285,2.460269958513979,2.930329048835625,4.680292091063149,5512.820512820513,0.0014185239974637512,2018.16775,0.035,0.33653846153846156,0-0-4530-1,o,fcd45f4d-Audio_SP21.v0,group_0,1,fave,464.97181532899555,68.98504275701572,7,soporte,"",0.07999999999992724,el,",",s,p,s,p,internal
474.0568414257839,931.5049106261704,2159.990616196524,2.0331121729775155,2.9023222048801145,4.197891187197664,5153.846153846154,0.0008936911681365586,2019.2287500000002,0.097,0.3299319727891156,0-0-4534-3,o,fcd45f4d-Audio_SP21.v0,group_0,1,fave,118.45149641966798,81.58072931321992,7,pero,"",0.2699999999999818,[silence],otras,R,#,R,ó,final
490.7676872522074,1677.2426675708218,2331.509087385015,2.5340294342562286,4.435314466937625,3.007262297387762,5512.820512820513,0.00010718839394635514,2025.89375,0.027000000000000003,0.32142857142857145,0-0-4559-5,o,fcd45f4d-Audio_SP21.v0,group_0,1,fave,122.09925795922307,75.91556349800327,7,querido,"",0.05999999999994543,he,saber,d,#,d,s,final
518.6649592577857,816.1026697716021,2185.860067250365,3.1518481106211316,3.471821937136412,4.15832174489054,4794.871794871795,0.0006564819360512356,2028.3777499999999,0.035,0.3365384615384616,0-0-4570-4,o,fcd45f4d-Audio_SP21.v0,group_0,1,fave,127.2359539476458,69.14492037385104,7,mismo,"",0.08000000000015461,el,procedimiento,m,#,m,p,final
464.74182370143785,1057.582865788872,3436.8258747659543,2.4000326135174266,2.6677857676645114,4.236318027424217,5692.3076923076915,0.0004580707322391444,2029.06775,0.035,0.33653846153846156,0-0-4571-12,o,fcd45f4d-Audio_SP21.v0,group_0,1,fave,249.0929548455711,74.62864300547588,7,procedimiento,"",0.08000000000015461,mismo,a,t,#,t,a,final
452.6419818511854,971.9132578911078,2180.1090352150222,2.9308482467074937,2.304589644887926,4.451773002035126,6230.7692307692305,0.004671284832748791,2032.87075,0.08100000000000002,0.3319672131147542,0-0-4586-3,o,fcd45f4d-Audio_SP21.v0,group_0,1,fave,167.85464918122474,72.86705981814367,7,tipo,"",0.22000000000002728,ese,ese,p,#,p,é,final
447.3434519677788,937.600795114977,2820.7130723523846,2.971972828540089,2.1813828714923638,5.1813602069019975,5692.3076923076915,0.003352302218151774,2033.55075,0.041,0.3306451612903226,0-0-4588-3,o,fcd45f4d-Audio_SP21.v0,group_0,1,fave,132.4199576437156,75.01096372945852,7,tipo,"",0.10000000000013642,ese,de,p,#,p,d,final
224.80424185377774,1211.2882912381137,2601.759035844956,3.440333590478431,3.7878496054680983,4.793691804537852,5512.820512820513,0.00353105378983591,2037.3627499999998,0.025,0.33783783783783783,0-0-4597-6,o,fcd45f4d-Audio_SP21.v0,group_0,1,fave,2155.2491144574224,57.56620355202677,7,realizo,"",0.0500000000001819,yo,no,z,#,z,n,final
496.8097205124103,996.7459609010499,3095.980895060778,2.7386357315883854,2.315661349840095,5.025012691547007,5692.3076923076915,0.0005560149674729998,2038.03775,0.035,0.33653846153846156,0-0-4602-1,o,fcd45f4d-Audio_SP21.v0,group_0,1,fave,115.58784190616733,74.80241756404975,7,contestado,"",0.07999999999992724,han,[silence],k,n,k,n,internal
614.7723866021418,1062.2686972435367,3600.924098736124,3.1182569972812955,2.561963918900543,4.432131340249116,5512.820512820513,0.0010984567051511383,2038.4737499999999,0.047,0.3263888888888889,0-0-4602-9,o,fcd45f4d-Audio_SP21.v0,group_0,1,fave,103.16824575811309,71.86937555960596,7,contestado,"",0.11999999999989086,han,[silence],d,#,d,.,final
496.2974025461981,1013.4704007591905,3152.1040717535666,2.7127151490242105,2.7918245009599354,4.987218264807628,5871.794871794871,0.003706281791401896,2039.16875,0.037000000000000005,0.324561403508772,0-0-4605-4,o,fcd45f4d-Audio_SP21.v0,group_0,1,fave,200.660144197104,70.16369870529941,7,las,"",0.08999999999991815,me,[silence],k,n,k,n,internal
546.3077911366554,1004.0102697467307,1960.7623633670373,3.4071746027699175,3.3059896684926273,4.47311612396411,4974.358974358975,0.019008110264936415,2131.5927500000003,0.08499999999999999,0.33464566929133854,0-0-4639-4,o,fcd45f4d-Audio_SP21.v0,group_0,1,fave,172.9469629780092,58.01748814259443,7,bueno,"",0.2300000000000182,Sí,este,n,#,n,é,final
456.7522302699998,1466.51103810349,2169.3088569301885,2.34135207155413,3.5136333464513716,3.9547051598121534,5153.846153846154,0.00019562132157577053,2134.48575,0.031,0.32978723404255317,0-0-4649-5,o,fcd45f4d-Audio_SP21.v0,group_0,1,fave,121.41518362853131,75.26137007656715,7,amplio,"",0.07000000000016371,muy,uno,i,#,i,ú,final
510.5727722736256,1042.4233817172676,3465.6102809001986,3.3497692217311306,2.8870853746361718,4.8028215984357745,5871.794871794871,0.0008313849178739751,2134.66875,0.037000000000000005,0.324561403508772,0-0-4650-2,o,fcd45f4d-Audio_SP21.v0,group_0,1,fave,113.70931257803515,72.90378134746518,7,uno,"",0.08999999999969077,amplio,todos,n,#,n,t,final
476.5661148498033,971.4086264773402,3052.8750664014683,2.3752478753809534,2.933805830970877,4.958619042359612,5333.333333333333,0.00183995571394896,2134.9687499999995,0.037,0.32456140350877194,0-0-4652-1,o,fcd45f4d-Audio_SP21.v0,group_0,1,fave,113.55810399333896,77.43923496836457,7,los,"",0.09000000000014552,todos,días,l,s,l,s,internal
568.7220581505949,797.9073253013099,3580.3576934457133,3.61813216277318,3.4685600735499227,4.780605557821962,6051.282051282051,0.015365977654096861,2137.0477499999997,0.195,0.33390410958904104,0-0-4657-2,o,fcd45f4d-Audio_SP21.v0,group_0,1,fave,105.20310963564201,73.29005965528404,7,uno,"",0.5600000000004002,[silence],[silence],n,#,n,.,final
444.6816648224358,955.1324667694603,3268.475729222354,2.528635482254845,2.803720307309629,4.892479422638854,6410.25641025641,0.021043334348940044,2141.7957499999998,0.11100000000000002,0.3323353293413173,0-0-4670-4,o,fcd45f4d-Audio_SP21.v0,group_0,1,fave,105.46561469064298,79.25231642050592,7,mundo,"",0.3100000000004002,el,[silence],d,#,d,"",final
481.5808357213593,1017.5120846046759,3030.331853920171,3.4209310619659545,2.9132685383610855,4.873496067323952,6051.282051282051,0.0022399085831606874,2143.45375,0.047,0.3263888888888889,0-0-4676-2,o,fcd45f4d-Audio_SP21.v0,group_0,1,fave,110.29505502184216,73.25489494493127,7,uno,"",0.12000000000034561,a,cada,n,#,n,k,final
501.05470361129085,739.6231297090004,2701.510228239171,2.53108452439028,3.448489540333831,5.036399520376602,6051.282051282051,0.0021452175425760466,2144.96275,0.025,0.33783783783783783,0-0-4683-3,o,fcd45f4d-Audio_SP21.v0,group_0,1,fave,466.67956439426445,66.52731089706491,7,informática,"",0.0500000000001819,la,[silence],f,R,f,R,internal
508.361326608359,1138.5697990830631,3647.8522993059305,2.8704771427746762,2.8406561894239792,3.8524080253441286,5512.820512820513,0.002791023786388797,2146.8687499999996,0.037000000000000005,0.324561403508772,0-0-4688-5,o,fcd45f4d-Audio_SP21.v0,group_0,1,fave,110.35109427291707,78.35684914690515,7,cuando,"",0.09000000000014552,que,tengo,d,#,d,t,final
471.30854997154483,762.9560561952583,2440.9880510258386,2.2179890529306787,2.9788593263099954,4.785759790849268,4794.871794871795,0.000030305384817929098,2147.15275,0.025,0.33783783783783783,0-0-4689-4,o,fcd45f4d-Audio_SP21.v0,group_0,1,fave,119.28035929828773,81.60745558573188,7,tengo,"",0.0500000000001819,cuando,alguna,g,#,g,a,final
494.1472570212121,798.3121664420053,3098.744655372002,2.8884394815480836,2.6980751522850954,4.204413192214035,5692.3076923076915,0.0004771323414051072,2148.62875,0.037,0.32456140350877194,0-0-4695-4,o,fcd45f4d-Audio_SP21.v0,group_0,1,fave,104.8118192268296,72.57399139929302,7,tengo,"",0.08999999999969077,cuando,al,g,#,g,a,final
450.8359987233774,946.1269114169094,3554.2002836190422,2.3006590030098972,2.81789112169838,3.7639845206710842,5692.3076923076915,0.0006164405921441762,2150.88775,0.07500000000000001,0.3348214285714286,0-0-4698-11,o,fcd45f4d-Audio_SP21.v0,group_0,1,fave,109.07494051001551,80.9601452780363,7,requerimiento,"",0.20000000000027285,[silence],[silence],t,#,t,.,final
479.30808401231104,1097.4128802119271,2590.1300501049736,2.255086932064218,3.75697757060352,4.579774169696764,4794.871794871795,0.0013553201544953656,2159.64375,0.027000000000000003,0.32142857142857145,0-0-4715-3,o,fcd45f4d-Audio_SP21.v0,group_0,1,fave,120.31003995945784,77.85235107052964,7,caso,"",0.05999999999994543,En,de,s,#,s,d,final
568.8977370682956,1156.0269192739925,1507.8626657456796,2.892343345209044,2.8463046188353105,5.034810739277854,5871.794871794871,0.0005142168912585305,2161.87375,0.027000000000000003,0.32142857142857145,0-0-4725-3,o,fcd45f4d-Audio_SP21.v0,group_0,1,fave,143.84814962268356,66.63200442961598,7,mano,"",0.05999999999994543,la,que,n,#,n,k,final
390.94624275072835,919.9547425881314,3328.1154151999062,3.1281222148558796,3.2102404829050353,3.353726892296749,5871.794871794871,0.000361599371804363,2162.49575,0.031,0.32978723404255317,0-0-4728-3,o,fcd45f4d-Audio_SP21.v0,group_0,1,fave,134.05949448022807,69.07859486547741,7,resolver,"",0.07000000000016371,necesite,%%,s,l,s,l,internal
469.6405600066825,977.9473899116969,3309.828616529927,2.183439885481903,2.8017906625192506,4.8286762655946,6230.7692307692305,0.018735989220560394,2164.2587499999995,0.07700000000000001,0.3290598290598291,0-0-4732-7,o,fcd45f4d-Audio_SP21.v0,group_0,1,fave,117.69128021838166,79.26149404116995,7,pregunto,"",0.21000000000003638,le,a,t,#,t,a,final
496.02439404298053,1090.8261632307804,3256.5276684833866,2.877908588027622,2.831154812415333,4.734052957678982,5692.3076923076915,0.00004602253391178138,2164.5327500000003,0.025,0.33783783783783783,0-0-4734-1,o,fcd45f4d-Audio_SP21.v0,group_0,1,fave,116.00896002852046,74.49888623788017,7,los,"",0.0500000000001819,a,compañeros,l,s,l,s,internal
451.8747655170793,1058.2509857688856,3120.1661510687663,2.54713760652057,2.561683847488853,4.751218041305501,5512.820512820513,0.002176066746879956,2165.07075,0.041,0.3306451612903226,0-0-4735-8,o,fcd45f4d-Audio_SP21.v0,group_0,1,fave,224.67481871050313,73.33683210854619,7,compañeros,"",0.09999999999990905,los,de,R,s,R,s,internal
635.6684758018455,1055.4768928307383,3390.0464585055993,3.2341551046074084,2.7135336063145075,4.131629448604463,6230.7692307692305,0.0009833438716738477,2165.5527500000003,0.065,0.33505154639175255,0-0-4737-6,o,fcd45f4d-Audio_SP21.v0,group_0,1,fave,109.71462673764765,66.15730007967294,7,trabajo,"",0.17000000000007276,de,que,x,#,x,k,final
586.9576927788079,1053.7564404670607,3766.346026055894,2.513251216907161,2.4215649104466803,5.014457987001841,5871.794871794871,0.0010476823372328435,2166.8227500000003,0.045,0.33582089552238803,0-0-4741-12,o,fcd45f4d-Audio_SP21.v0,group_0,1,fave,130.25626509677173,74.03527673061375,7,experimentados,"",0.10999999999967258,más,que,d,s,d,s,internal
478.28687044850244,974.1623484459612,3329.449209255474,2.3154794717348994,2.5872161172379333,4.9401355348464415,5871.794871794871,0.00280319888166239,2167.55575,0.031,0.32978723404255317,0-0-4744-5,o,fcd45f4d-Audio_SP21.v0,group_0,1,fave,470.83727707444086,73.51273935710118,7,tiempo,"",0.07000000000016371,tienen,trabajando,p,#,p,t,final
452.3201713928464,963.2503639086899,3344.2401273602118,2.3387554976464497,2.7733254328266743,4.6442655839922855,5692.3076923076915,0.004390271432772816,2168.25575,0.091,0.3321167883211679,0-0-4745-9,o,fcd45f4d-Audio_SP21.v0,group_0,1,fave,173.19381297482067,74.95145177009846,7,trabajando,"",0.25,tiempo,ya,d,#,d,y,final
487.5225758743278,980.9178467166283,2735.299010085652,1.8704554517575311,2.262277088701772,4.907160610373673,5333.333333333333,0.0004612434800644237,2185.48275,0.025,0.33783783783783783,0-0-4768-4,o,fcd45f4d-Audio_SP21.v0,group_0,1,fave,122.0414447889688,82.59681272354933,7,tengo,"",0.0500000000001819,",",los,g,#,g,l,final
493.59125991143935,830.6170487121914,3316.0901468533693,2.5352312427317565,2.8443531546203946,4.877030497255329,6589.74358974359,0.012703109956742776,2185.6547499999997,0.149,0.33558558558558554,0-0-4769-1,o,fcd45f4d-Audio_SP21.v0,group_0,1,fave,158.30058726255677,75.80410755051821,7,los,"",0.42000000000007276,tengo,los,l,s,l,s,internal
489.1756859009402,1066.5344006440812,3197.1696542634577,3.298634895764562,2.3157668266757416,4.903540222627688,5871.794871794871,0.0009015665150881448,2186.1787499999996,0.037000000000000005,0.324561403508772,0-0-4770-1,o,fcd45f4d-Audio_SP21.v0,group_0,1,fave,115.856536648887,76.32706822327371,7,los,"",0.09000000000014552,los,números,l,s,l,s,internal
503.62537519687896,1095.9766361833724,2276.000957281557,2.263729172517126,3.1694556985867024,4.35975083912298,5333.333333333333,0.0015828342195146777,2186.49775,0.035,0.3365384615384616,0-0-4771-5,o,fcd45f4d-Audio_SP21.v0,group_0,1,fave,124.2078857452671,72.0607959324498,7,números,"",0.07999999999992724,los,telefónico,R,s,R,s,internal
525.3194112815721,842.4672285506354,3570.0617335685147,2.878289431686014,2.979935889669785,3.681084955195547,7307.692307692308,0.001480381671192416,2186.95375,0.067,0.32843137254901966,0-0-4772-5,o,fcd45f4d-Audio_SP21.v0,group_0,1,fave,141.43645335921434,74.92516757256193,7,telefónico,"",0.1799999999998363,números,cuando,f,n,f,n,internal
451.3107272795381,989.5469647235426,3636.235385527537,2.5829413137231922,3.0257586602524267,4.532937988026257,6589.74358974359,0.0036779187455713573,2187.3527500000005,0.065,0.33505154639175255,0-0-4772-9,o,fcd45f4d-Audio_SP21.v0,group_0,1,fave,141.14240242128807,72.79903352237386,7,telefónico,"",0.169999999999618,números,cuando,k,#,k,k,final
458.3437627873253,1078.8069284267142,2645.673489029905,2.953009397453646,2.6895549039957096,4.773135161032428,5333.333333333333,0.0004546976181948406,2188.53575,0.031,0.32978723404255317,0-0-4777-1,o,fcd45f4d-Audio_SP21.v0,group_0,1,fave,112.07267809394843,74.83416774433411,7,los,"",0.07000000000016371,duda,contacto,l,s,l,s,internal
491.9881914503319,1040.2744802079637,3346.1902048301936,2.3219046161487666,2.3171497297285835,4.739832176925573,5692.3076923076915,0.00010150872180537775,2188.71375,0.027000000000000003,0.32142857142857145,0-0-4778-1,o,fcd45f4d-Audio_SP21.v0,group_0,1,fave,375.57911951839867,73.76080130763108,7,contacto,"",0.06000000000040018,los,por,k,n,k,n,internal
470.5695408810808,1127.8327877495349,2370.5932078401434,1.7292714343533566,2.881066623267639,4.867416102720966,6051.282051282051,0.023142319877177717,2190.4577499999996,0.055,0.33536585365853655,0-0-4782-0,o,fcd45f4d-Audio_SP21.v0,group_0,1,fave,475.7134452999968,74.7182703363031,7,o,"",0.14000000000032742,%%,los,#,#,&,l,coextensive
498.73773990961666,1042.2792424430033,2942.0960604309544,2.626681639981641,2.8923279906759034,4.869561762025517,5692.3076923076915,0.0015400268312948339,2190.62275,0.045,0.33582089552238803,0-0-4783-1,o,fcd45f4d-Audio_SP21.v0,group_0,1,fave,101.1733854266082,72.65499947273523,7,los,"",0.11000000000012733,o,llamo,l,s,l,s,internal
451.8319428427622,743.8414367462175,2919.7737647864433,3.6859030463473057,3.3345869330890503,4.5382270576836685,5333.333333333333,0.0002692389300180195,2190.93375,0.027000000000000003,0.32142857142857145,0-0-4784-3,o,fcd45f4d-Audio_SP21.v0,group_0,1,fave,109.75470440009451,74.59354981215883,7,llamo,"",0.05999999999994543,los,directamente,m,#,m,d,final
478.2807718422297,987.5335414831583,2948.0250546207903,2.9286101514444858,2.434419198485721,5.228110181468575,5871.794871794871,0.002229169314132754,2193.5077499999998,0.035,0.3365384615384616,0-0-4791-3,o,fcd45f4d-Audio_SP21.v0,group_0,1,fave,112.73451668206245,79.34228303690577,7,importante,"",0.08000000000038199,lo,[silence],p,R,p,R,internal
441.60576371307104,810.1141177809599,2619.695910720895,2.1329664291529036,3.348181854375608,4.855529231050363,5153.846153846154,0.009574117379345878,2198.02275,0.145,0.3341013824884792,0-0-4800-6,o,fcd45f4d-Audio_SP21.v0,group_0,1,fave,127.25654349783541,77.47006811892561,7,usuario,"",0.41000000000030923,al,esperando,i,#,i,s,final
481.6057636595042,1031.9780018709928,3534.9035992441704,3.0000796316756047,2.053516693813175,4.769878992643514,6051.282051282051,0.00007137418832086354,2200.98275,0.025,0.33783783783783783,0-0-4808-3,o,fcd45f4d-Audio_SP21.v0,group_0,1,fave,104.55911599217352,74.62789810147464,7,importante,"",0.0500000000001819,es,atender,p,R,p,R,internal
440.218584513795,852.9784953752599,2370.1009163623703,2.4697661557016612,3.2032131645094575,4.841677045923033,5153.846153846154,0.007174483910481963,2202.7977499999997,0.13499999999999998,0.33415841584158407,0-0-4811-11,o,fcd45f4d-Audio_SP21.v0,group_0,1,fave,123.56754880026139,75.14136623444004,7,requerimiento,"",0.38000000000010914,el,[silence],t,#,t,.,final
441.2376502187819,1182.1118986755894,3752.702301355317,2.972198366806953,2.6183191051562216,4.729443870904648,7128.205128205128,0.00009104006401914191,2204.12375,0.027000000000000003,0.32142857142857145,0-0-4818-1,o,fcd45f4d-Audio_SP21.v0,group_0,1,fave,111.82245987762249,78.62426897467583,7,los,"",0.05999999999994543,de,inconvenientes,l,s,l,s,internal
515.2907283812633,930.0849780017014,3855.5497684063903,2.739954133956085,3.322886569810362,4.960041491221135,7128.205128205128,0.0052886389223756975,2204.37575,0.031,0.32978723404255317,0-0-4819-3,o,fcd45f4d-Audio_SP21.v0,group_0,1,fave,172.0960953275978,75.3744007145204,7,inconvenientes,"",0.06999999999970896,los,[pron=pi],k,n,k,n,internal
541.4318758879593,1207.815871130582,1912.8419397088737,3.441469462528951,3.746163055495968,4.431221212335521,4615.384615384615,0.001136185650632823,2222.80575,0.031,0.32978723404255317,0-0-4823-2,o,fcd45f4d-Audio_SP21.v0,group_0,1,fave,104.53117476885409,80.16949437742213,7,Aló,"",0.07000000000016371,[silence],Aló,l,#,l,"",final
570.1851570231493,1063.046791625028,1946.245710585234,4.0151198199339415,2.8266236808603526,3.821761556360579,5512.820512820513,0.0026251496727963224,2263.0787499999997,0.037000000000000005,0.324561403508772,0-0-4842-4,o,fcd45f4d-Audio_SP21.v0,group_0,1,fave,108.12909460310243,68.57688605784287,7,Bueno,"",0.09000000000014552,%%,[silence],n,#,n,.,final
546.2840394916668,961.0798649185961,3663.360498885809,2.6773532670681504,2.965913351939852,4.194508930526712,7307.692307692308,0.0019278639326648687,2264.70775,0.11499999999999999,0.3343023255813953,0-0-4847-10,o,fcd45f4d-Audio_SP21.v0,group_0,1,fave,156.28297261687828,75.47499355766864,7,investigado,"",0.31999999999970896,he,en,d,#,d,e,final
549.1354964549015,1046.065695785155,1983.5416562279477,2.931101653404091,2.5112421749740452,4.966195196844383,4974.358974358975,0.0022543622382381707,2266.90775,0.035,0.33653846153846156,0-0-4854-10,o,fcd45f4d-Audio_SP21.v0,group_0,1,fave,152.49932087142366,77.32516727426312,7,investigado,"",0.07999999999992724,he,de,d,#,d,d,final
490.173765193487,1087.8584364805786,1752.540799691577,3.2341364076468797,3.124059840662255,4.483672639059795,6051.282051282051,0.0009794047447095092,2267.30575,0.031,0.32978723404255317,0-0-4857-2,o,fcd45f4d-Audio_SP21.v0,group_0,1,fave,112.4999580744757,75.56615285039963,7,procedencia,"",0.07000000000016371,la,de,R,z,R,z,internal
518.1802580034407,1136.5286676918788,1878.8685985553177,3.739972285295151,3.2180309457777767,4.579582118087514,5512.820512820513,0.000024027259439871346,2271.7227500000004,0.025,0.33783783783783783,0-0-4872-2,o,fcd45f4d-Audio_SP21.v0,group_0,1,fave,127.69498572148639,77.29513551025559,7,unos,"",0.0500000000001819,",",desarrolladores,n,s,n,s,internal
509.1232206581747,1146.120544250287,2093.0167637819504,3.13608993610512,2.7925770842257864,3.77469591674575,5333.333333333333,0.00009223622169742672,2274.20775,0.035,0.3365384615384616,0-0-4883-1,o,fcd45f4d-Audio_SP21.v0,group_0,1,fave,116.6412097127096,78.30548151702573,7,los,"",0.07999999999992724,de,empleadores,l,s,l,s,internal
502.76592639021516,1020.0844657269955,1991.6768222322648,2.803318019866847,2.597236011067172,4.54466337455588,5333.333333333333,0.0023177309046246083,2277.83875,0.037,0.32456140350877194,0-0-4890-1,o,fcd45f4d-Audio_SP21.v0,group_0,1,fave,118.66053496862907,75.14507486093999,7,lo,"",0.08999999999969077,por,que,l,#,l,k,final
501.07485398001904,919.3869092752824,3122.618494496199,3.2789043738876336,2.3723491411299324,4.6177700063553635,6410.25641025641,0.0003934665154630678,2278.2687499999997,0.037,0.32456140350877194,0-0-4893-1,o,fcd45f4d-Audio_SP21.v0,group_0,1,fave,131.23276164663625,72.74726317840584,7,podido,"",0.09000000000014552,he,darme,p,d,p,d,internal
470.87791764013974,950.089587706135,3866.2757993185483,2.7889698689180933,2.602313801844331,4.681433580372199,6769.2307692307695,0.02178962466885972,2278.5997500000003,0.13899999999999998,0.33574879227053134,0-0-4893-5,o,fcd45f4d-Audio_SP21.v0,group_0,1,fave,136.89539976073164,74.15367218543112,7,podido,"",0.38999999999987267,he,darme,d,#,d,d,final
499.8716868997747,1012.2659149946805,3844.3990638717078,3.1513856441690287,2.0794000224898195,4.508561043318799,6051.282051282051,0.0005814321352712752,2284.64575,0.031,0.32978723404255317,0-0-4911-3,o,fcd45f4d-Audio_SP21.v0,group_0,1,fave,124.94293613372616,77.27466399932331,7,todo,"",0.06999999999970896,que,en,d,#,d,e,final
541.7203135307233,1040.7624210793736,3216.9398164191234,3.525894930976124,2.1789587132927712,5.040896474736652,6769.2307692307695,0.003469820972846798,2286.14575,0.031,0.32978723404255317,0-0-4917-1,o,fcd45f4d-Audio_SP21.v0,group_0,1,fave,NaN,69.3295543966271,7,los,"",0.06999999999970896,[silence],empleadores,l,s,l,s,internal
498.98875910622115,1096.4583773198817,1982.8213205171314,2.528571563747644,2.622517762710472,3.929755120200721,5333.333333333333,0.00007981397309043725,2290.4837500000003,0.047,0.3263888888888889,0-0-4923-3,o,fcd45f4d-Audio_SP21.v0,group_0,1,fave,119.69507670610066,81.71795655036219,7,pero,"",0.11999999999989086,Y,de,R,#,R,d,final
451.6287117825372,1024.0915485457858,3390.931286583386,3.3126460211673074,3.021207115617741,4.705985421893257,6410.25641025641,0.04147755828052256,2292.06775,0.07500000000000001,0.3348214285714286,0-0-4929-3,o,fcd45f4d-Audio_SP21.v0,group_0,1,fave,263.8194016554317,61.92104915966781,7,mucho,"",0.1999999999998181,sé,",",h,#,h,.,final
518.7500762047565,1195.7056326877607,1967.1145614097863,2.214772393273085,3.2007423062446563,4.010003101029399,5333.333333333333,2.3268656834916605e-6,2304.7427500000003,0.025,0.33783783783783783,0-0-4936-7,o,fcd45f4d-Audio_SP21.v0,group_0,1,fave,171.15701061671476,79.66927114437489,7,escuchando,"",0.0500000000001819,estoy,pero,d,#,d,p,final
455.02586891097405,1038.7858296874635,2281.5054536423395,2.889659034354862,2.697685124160772,3.90568275152094,4615.384615384615,0.0030593838013963175,2346.3437500000005,0.047,0.3263888888888889,0-0-4950-3,o,fcd45f4d-Audio_SP21.v0,group_0,1,fave,154.73324679470008,64.50655792129929,7,mucho,"",0.11999999999989086,no,",",h,#,h,.,final
424.9101180071692,835.8639777423399,2086.5659520654467,3.7462444410068834,2.7770773675975904,3.6064884929968017,5333.333333333333,0.0003141181298687496,2347.64575,0.031,0.32978723404255317,0-0-4953-3,o,fcd45f4d-Audio_SP21.v0,group_0,1,fave,113.14260814817635,75.25484276379457,7,como,"",0.06999999999970896,porque,le,m,#,m,l,final
377.0539148107556,1091.2817188328436,2042.8265401032995,3.76951819991711,3.16416667786474,4.919786074142738,4974.358974358975,0.012548214023282907,2348.2507499999997,0.041,0.3306451612903226,0-0-4957-4,o,fcd45f4d-Audio_SP21.v0,group_0,1,fave,111.85840852909922,68.93082946465711,7,bueno,"",0.09999999999990905,",",[silence],n,#,n,.,final
630.6885829872559,993.6751557706863,3811.5852277579147,3.348094272572655,2.8768547755398712,4.889353103158531,6948.717948717948,0.023964976209312296,2349.78575,0.07100000000000001,0.3317757009345795,0-0-4962-6,o,fcd45f4d-Audio_SP21.v0,group_0,1,fave,119.01724976555586,73.21718648143431,7,trabajo,"",0.19000000000005457,mi,es,x,#,x,s,final
440.51912948891527,1179.7290426279058,1984.4469674274349,3.737764291271121,3.5579790987604007,4.309648308944005,5512.820512820513,0.010998502491807529,2354.1387499999996,0.037000000000000005,0.324561403508772,0-0-4974-4,o,fcd45f4d-Audio_SP21.v0,group_0,1,fave,101.97639434324194,68.68309222430318,7,bueno,"",0.09000000000014552,[silence],[silence],n,#,n,.,final
419.63692004426593,1148.0412974943076,2421.1768989953403,3.688203875002765,3.0333123123704198,5.0543538715409,5692.3076923076915,0.0031427259248361576,2355.46775,0.035,0.33653846153846156,0-0-4977-2,o,fcd45f4d-Audio_SP21.v0,group_0,1,fave,113.7195753346431,76.41795325600197,7,uno,"",0.08000000000038199,si,no,n,#,n,n,final
504.3905289887523,1172.7423234207508,3742.381985730304,3.6216734807088455,2.540731445487688,4.713466754654884,6948.717948717948,0.0005130113952273897,2359.45575,0.031,0.32978723404255317,0-0-4988-1,o,fcd45f4d-Audio_SP21.v0,group_0,1,fave,118.26980905556381,75.40927008558042,7,los,"",0.07000000000016371,con,requerimientos,l,s,l,s,internal
452.09341197129095,891.9946484102859,2834.4981303790496,2.5633531143867323,3.0366220108518225,4.646837650212494,5692.3076923076915,0.0028402979834049806,2360.23475,0.169,0.33531746031746024,0-0-4989-11,o,fcd45f4d-Audio_SP21.v0,group_0,1,fave,121.69794542142725,76.06495531276313,7,requerimientos,"",0.4800000000000182,los,[silence],t,s,t,s,internal
490.2190971129189,1145.6245829954485,2851.710321466312,2.727678301944326,3.425342986869601,4.874817347187647,5153.846153846154,0.0041959467189370825,2362.03775,0.035,0.3365384615384616,0-0-4993-2,o,fcd45f4d-Audio_SP21.v0,group_0,1,fave,97.93750980455074,70.14377881982767,7,uno,"",0.07999999999992724,[silence],tiene,n,#,n,t,final
479.543686707336,1074.808169490193,2187.9432684635103,2.5818250696575116,2.9109103944994894,3.876713980088188,5333.333333333333,0.007091445991254859,2366.99275,0.045,0.33582089552238803,0-0-5002-3,o,fcd45f4d-Audio_SP21.v0,group_0,1,fave,115.15319492970507,76.47393368298479,7,creo,"",0.11000000000012733,[silence],que,é,#,é,k,final
448.98119482736666,788.2717955959246,2659.612066516136,1.678456826361471,3.5581346641260643,4.641800326020822,5333.333333333333,0.0052457384240233215,2368.64375,0.067,0.3284313725490196,0-0-5008-3,o,fcd45f4d-Audio_SP21.v0,group_0,1,fave,268.4768455191829,73.2962163315329,7,poco,"",0.1799999999998363,un,[silence],k,#,k,.,final
397.84516179547586,644.0626906343966,2619.961716817954,3.3907933307971465,2.9987538923010497,4.666627385094689,4794.871794871795,0.04332014199167938,2370.49575,0.11100000000000002,0.3323353293413173,0-0-5015-3,o,fcd45f4d-Audio_SP21.v0,group_0,1,fave,109.52342744185911,74.94322293679033,7,cómo,"",0.30999999999994543,[silence],trabajaba,m,#,m,t,final
492.83869467150555,1860.1707226299895,2421.3239724203722,2.9053230847056803,3.701979872621252,3.8441438836170767,5512.820512820513,0.0008804895484978031,2374.44275,0.025,0.33783783783783783,0-0-5026-2,o,fcd45f4d-Audio_SP21.v0,group_0,1,fave,125.12429159606349,75.18025876739564,7,año,"",0.0500000000001819,el,pasado,N,#,N,p,final
549.4907515377338,1029.1518619450794,1935.6490428570594,2.5978917717957257,2.6946527531401196,3.9437477849406157,4435.897435897436,0.0006767252328100542,2374.8027500000003,0.045,0.33582089552238803,0-0-5027-5,o,fcd45f4d-Audio_SP21.v0,group_0,1,fave,120.97143857673797,73.96431682916162,7,pasado,"",0.10999999999967258,año,cuando,d,#,d,k,final
349.7687777338195,583.3386779193421,3086.9408117976177,3.548166146717875,3.4874191745677363,4.948243633779656,6051.282051282051,0.009953057588672883,2381.89375,0.067,0.32843137254901966,0-0-5043-3,o,fcd45f4d-Audio_SP21.v0,group_0,1,fave,117.11419974643458,74.34483711435708,7,como,"",0.1799999999998363,duré,[silence],m,#,m,.,final
428.63636983340297,1352.6824289286037,2411.5970475943777,3.039668332799786,3.663022888624879,3.1741056644940304,5692.3076923076915,0.0007345970894431547,2386.93775,0.035,0.33653846153846156,0-0-5060-3,o,fcd45f4d-Audio_SP21.v0,group_0,1,fave,131.0774211079565,74.45498668226912,7,sido,"",0.07999999999992724,haber,porque,d,#,d,p,final
337.93144483434844,1121.0175097686626,3419.321892242182,3.7752230802439164,2.825984593979389,4.970044418874924,7487.179487179487,0.0017023445576340274,2392.2387499999995,0.037000000000000005,0.324561403508772,0-0-5077-5,o,fcd45f4d-Audio_SP21.v0,group_0,1,fave,110.82189682799275,71.95296749620454,7,trasnochándose,"",0.09000000000014552,estar,para,n,h,n,h,internal
422.34762789265443,1149.5823827053387,3178.960454613404,3.0231142054856894,2.620330678709016,4.583919108996688,5692.3076923076915,0.00006744196364049586,2392.5127500000003,0.025,0.33783783783783783,0-0-5077-10,o,fcd45f4d-Audio_SP21.v0,group_0,1,fave,110.26263097896805,70.26277105814462,7,trasnochándose,"",0.0500000000001819,estar,para,d,s,d,s,internal
435.01745672548725,836.9628810367444,2807.211078075744,2.321766376389926,2.681797366213745,4.754381588059068,5153.846153846154,0.000488710785494049,2395.22575,0.031,0.32978723404255317,0-0-5089-3,o,fcd45f4d-Audio_SP21.v0,group_0,1,fave,232.6012735465017,75.01496870486028,7,poco,"",0.07000000000016371,muy,lo,k,#,k,l,final
479.5496367719946,1011.6368136802425,2913.534647598523,2.3054537919493097,3.66467435469297,4.570692824300298,5153.846153846154,0.0036649270170169986,2395.33875,0.037000000000000005,0.324561403508772,0-0-5090-1,o,fcd45f4d-Audio_SP21.v0,group_0,1,fave,122.30524295055643,75.23561736822303,7,lo,"",0.08999999999969077,poco,que,l,#,l,k,final
428.503828774682,708.5965656497192,2303.7681011495465,3.6652766944113626,3.091569942269462,4.8481881427621785,4974.358974358975,0.11228437772223246,2395.98275,0.145,0.3341013824884792,0-0-5092-2,o,fcd45f4d-Audio_SP21.v0,group_0,1,fave,148.32515069431525,72.23021417619016,7,uno,"",0.41000000000030923,que,[silence],n,#,n,.,final
470.06175928461965,919.622130358645,2940.9275878762346,2.992107570418332,2.585636504640664,4.700363854883616,5871.794871794871,0.008551809921931185,2398.17775,0.11499999999999999,0.3343023255813953,0-0-5099-3,o,fcd45f4d-Audio_SP21.v0,group_0,1,fave,107.96128433532394,77.85009535458394,7,pero,"",0.3200000000001637,[silence],después,R,#,R,d,final
515.9733039498775,913.2825479042225,3207.868323797321,2.580349620205042,2.211597526974411,4.6338345333844995,5692.3076923076915,0.00001258178426601033,2399.17275,0.025,0.33783783783783783,0-0-5102-5,o,fcd45f4d-Audio_SP21.v0,group_0,1,fave,155.1001822215961,69.01020905372283,7,tiempo,"",0.0500000000001819,al,me,p,#,p,m,final
547.6308421124244,1307.508597075175,3584.945889674276,2.3055446760436324,2.668605417773611,5.221446450001427,6051.282051282051,0.0002857039966793187,2400.18575,0.031,0.32978723404255317,0-0-5110-1,o,fcd45f4d-Audio_SP21.v0,group_0,1,fave,124.12919264598025,76.64765504699531,7,lo,"",0.06999999999970896,que,habían,l,#,l,á,final
615.1635258115556,1046.3759108215459,3609.88252273362,2.6874119325976267,2.601355739025619,4.15944401429494,5512.820512820513,0.0015002895753896568,2401.0187499999997,0.057,0.32758620689655177,0-0-5112-8,o,fcd45f4d-Audio_SP21.v0,group_0,1,fave,167.29364975132268,73.53017093614028,7,acomodado,"",0.15000000000009095,habían,",",d,#,d,.,final
480.7818881440612,793.6116190481641,3197.8832009801154,3.5291353189928647,2.8896191601425856,4.79668990051998,5692.3076923076915,0.0009328712807436834,2425.72775,0.035,0.33653846153846156,0-0-5131-1,o,fcd45f4d-Audio_SP21.v0,group_0,1,fave,132.1525850597574,74.42405236413565,7,momentos,"",0.07999999999992724,los,no,m,m,m,m,internal
498.4866550141871,1106.8582017998115,2663.5967110090414,2.1498517134947273,2.6624521529547165,4.897031578286636,5692.3076923076915,0.0006553959224057782,2426.12275,0.045,0.33582089552238803,0-0-5131-6,o,fcd45f4d-Audio_SP21.v0,group_0,1,fave,166.0510280807864,76.8958986136048,7,momentos,"",0.11000000000012733,los,no,t,s,t,s,internal
493.47809801439007,915.9578306108207,2610.407916892575,1.7479816135263062,3.218266123637032,5.04212510247353,5512.820512820513,0.000290068087849732,2427.35375,0.027000000000000003,0.32142857142857145,0-0-5133-4,o,fcd45f4d-Audio_SP21.v0,group_0,1,fave,485.929474441099,81.50522670088914,7,tengo,"",0.05999999999994543,no,pensado,g,#,g,p,final
497.45011509797274,961.8796005392554,3468.4054315837875,2.55762835553063,2.9682964579086923,4.381554523578465,6230.7692307692305,0.0097358363274162,2427.88275,0.205,0.33387622149837126,0-0-5134-6,o,fcd45f4d-Audio_SP21.v0,group_0,1,fave,145.7401921163154,77.99872661523104,7,pensado,"",0.5899999999996908,tengo,dejar,d,#,d,d,final
442.88778765931187,1375.304454877406,2401.4209217331713,2.570177621594334,3.5981670972094575,4.313061072434675,5333.333333333333,0.0000986852857652436,2432.8337500000002,0.027000000000000003,0.32142857142857145,0-0-5149-6,o,fcd45f4d-Audio_SP21.v0,group_0,1,fave,103.55082968883349,73.29159792337839,7,anteriormente,"",0.05999999999994543,indicado,es,i,R,i,R,internal
425.16188565207744,1014.13942168264,2480.95972149418,2.8513317204181843,3.9334231239418944,4.731780000131459,4974.358974358975,0.0023345316216268485,2437.10575,0.031,0.32978723404255317,0-0-5157-1,o,fcd45f4d-Audio_SP21.v0,group_0,1,fave,211.884585124177,72.88563377478316,7,lo,"",0.06999999999970896,para,que,l,#,l,k,final
465.898621000496,1128.2675478076865,3370.675951034422,2.1431624039852513,2.378471040413596,4.874516576087349,5871.794871794871,0.0010245475165943647,2438.03575,0.031,0.32978723404255317,0-0-5160-1,o,fcd45f4d-Audio_SP21.v0,group_0,1,fave,474.4510296004567,78.05543433121447,7,lo,"",0.07000000000016371,[silence],que,l,#,l,k,final
389.4125444136703,1091.2990500839173,3388.269354620581,1.9911590618487653,4.247144035019394,3.8012599143910735,4794.871794871795,0.0003633675873800614,2441.34375,0.027000000000000003,0.32142857142857145,0-0-5173-6,o,fcd45f4d-Audio_SP21.v0,group_0,1,fave,150.83600102791843,69.75716782275676,7,esfuerzo,"",0.05999999999994543,mayor,[silence],z,#,z,.,final
465.75848231756606,954.8076139554828,2713.5960633407885,2.547039820223935,3.1757466236280827,4.7107575702388855,5512.820512820513,0.0029192761888465705,2447.3887499999996,0.07700000000000001,0.3290598290598291,0-0-5192-9,o,fcd45f4d-Audio_SP21.v0,group_0,1,fave,107.9437112151049,72.08501286162578,7,realizando,"",0.21000000000003638,seguir,ese,d,#,d,s,final
449.67610928134803,1011.6506188610407,3680.8553108149135,1.9590407267294945,2.715972235798364,3.926446897516136,5153.846153846154,0.0009580519764484794,2447.9507499999995,0.041,0.3306451612903226,0-0-5194-3,o,fcd45f4d-Audio_SP21.v0,group_0,1,fave,112.14356510888346,78.36033366051177,7,tipo,"",0.1000000000003638,ese,de,p,#,p,d,final
546.3114036888941,1033.4912691477093,1670.960930766073,4.24740830209495,3.004896630688761,4.738543909373581,5871.794871794871,0.022583770894328007,2455.1277499999997,0.055,0.33536585365853655,0-0-5213-1,o,fcd45f4d-Audio_SP21.v0,group_0,1,fave,106.93906762995493,71.03888837078912,7,nosotros,"",0.13999999999987267,para,por,n,s,n,s,internal
461.78746717657134,1126.1671546520793,3819.1006424442003,3.155136437607585,2.912469545844745,4.919035905086408,7307.692307692308,0.000056320356411731105,2455.67275,0.025,0.33783783783783783,0-0-5213-6,o,fcd45f4d-Audio_SP21.v0,group_0,1,fave,848.3538102124652,72.12778480694422,7,nosotros,"",0.0500000000001819,para,por,R,s,R,s,internal
489.7885039409252,1194.8140823592464,3798.7424537415327,3.941347274817013,2.654041742274611,4.795813574408978,6948.717948717948,0.0006685328060446172,2456.14775,0.035,0.3365384615384616,0-0-5216-3,o,fcd45f4d-Audio_SP21.v0,group_0,1,fave,119.96210976690412,72.44424724505045,7,menos,"",0.07999999999992724,lo,en,n,s,n,s,internal
481.7454164044597,987.1787474803757,3487.9958776088915,2.252350824569644,2.9182781880057282,4.387831234801031,5512.820512820513,0.0039207038150546455,2456.8177499999997,0.095,0.334507042253521,0-0-5219-3,o,fcd45f4d-Audio_SP21.v0,group_0,1,fave,289.32286163315155,71.38136103152415,7,caso,"",0.2600000000002183,este,de,s,#,s,d,final
534.1044085709843,1499.3281695205226,2379.859419743675,3.0219259242556085,4.457315880173618,4.811167845992773,4974.358974358975,0.025505865569068052,2458.6987499999996,0.037000000000000005,0.324561403508772,0-0-5225-7,o,fcd45f4d-Audio_SP21.v0,group_0,1,fave,88.7503058375194,67.36008303584066,7,situación,"",0.09000000000014552,una,muy,i,n,i,n,internal
493.5187211017049,929.7138943708319,2611.256133107813,2.3650059228509472,2.864600324011735,4.926371862760876,5692.3076923076915,0.007398774489042678,2473.5937500000005,0.087,0.3295454545454546,0-0-5239-1,o,fcd45f4d-Audio_SP21.v0,group_0,1,fave,120.9413833455047,79.47616947612042,7,los,"",0.23999999999978172,[silence],empleadores,l,s,l,s,internal
485.39708099888105,1097.826338230264,3315.7470931362122,3.221040568700315,2.956019086160887,4.764337679381199,5512.820512820513,0.000051927333612967566,2475.48375,0.027000000000000003,0.32142857142857145,0-0-5243-8,o,fcd45f4d-Audio_SP21.v0,group_0,1,fave,116.124983520401,70.73872649545913,7,específico,"",0.06000000000040018,más,en,k,#,k,e,final
470.85361122890794,1182.7433371067045,2728.9466226962295,2.5225854808551174,3.363286230060389,4.718589487755785,5153.846153846154,0.0005838706135632155,2480.3337500000002,0.027000000000000003,0.32142857142857145,0-0-5263-11,o,fcd45f4d-Audio_SP21.v0,group_0,1,fave,98.32874020241195,69.9877664232882,7,requerimiento,"",0.05999999999994543,de,que,t,#,t,k,final
448.14246687481324,1102.6578335428123,2436.3500058562145,3.0493229206949177,3.057909649088799,4.917744393844998,6230.7692307692305,0.0015774492036048327,2481.77875,0.037,0.32456140350877194,0-0-5268-1,o,fcd45f4d-Audio_SP21.v0,group_0,1,fave,105.29064301567776,72.21098734353947,7,lo,"",0.08999999999969077,o,que,l,#,l,k,final
604.1998681487247,1053.518689921242,4008.169993912275,3.101392832309085,2.428055732626455,4.423733118414874,5871.794871794871,0.003299566391235873,2482.49275,0.08499999999999999,0.33464566929133854,0-0-5272-2,o,fcd45f4d-Audio_SP21.v0,group_0,1,fave,101.29944971717482,71.84070953535822,7,uno,"",0.2300000000000182,que,[silence],n,#,n,.,final
519.010321154247,905.4678934630982,3232.4355445053284,2.608428691515584,2.552173791554816,4.95607750479024,5871.794871794871,0.0033210680333233458,2485.70575,0.031,0.32978723404255317,0-0-5280-2,o,fcd45f4d-Audio_SP21.v0,group_0,1,fave,467.1355470735481,73.60000653566173,7,acotación,"",0.07000000000016371,única,que,k,t,k,t,internal
505.8497519436286,1001.9936518644517,1882.3359570650641,3.135082433821938,3.4540425030307578,4.571342682629981,4615.384615384615,0.0017085227649746549,2486.0437500000003,0.047,0.3263888888888889,0-0-5280-7,o,fcd45f4d-Audio_SP21.v0,group_0,1,fave,96.90941578348094,69.92538001780918,7,acotación,"",0.11999999999989086,única,que,i,n,i,n,internal
622.2564912762172,970.2864943871441,3290.3484285267996,3.3786507678908726,2.4746149310838725,4.974057068871178,5871.794871794871,0.004914938106566206,2487.79275,0.045,0.33582089552238803,0-0-5285-3,o,fcd45f4d-Audio_SP21.v0,group_0,1,fave,106.34695713075202,69.78226465045313,7,mejorar,"",0.11000000000012733,que,",",x,R,x,R,internal
448.8316021861765,1033.2677054392616,3026.3924375522543,2.7246709728120604,2.772915344916929,4.724940205634792,5692.3076923076915,0.002412009426801931,2489.20375,0.067,0.32843137254901966,0-0-5290-3,o,fcd45f4d-Audio_SP21.v0,group_0,1,fave,105.97174022172747,75.54800206802055,7,creo,"",0.1799999999998363,yo,que,é,#,é,k,final
442.1840750901097,1065.1953105294647,3009.3861195947093,3.2228793782055596,2.802835787531294,5.053203588707808,6230.7692307692305,0.0008117666191437417,2489.83875,0.037,0.32456140350877194,0-0-5292-1,o,fcd45f4d-Audio_SP21.v0,group_0,1,fave,105.74053482951011,69.81095851880063,7,los,"",0.08999999999969077,que,empleadores,l,s,l,s,internal
518.4345185704901,1156.2851976358093,2442.3740507959947,3.112650724364978,3.146049712325606,3.313308757863627,5333.333333333333,0.0005804736783931806,2516.88075,0.041,0.3306451612903226,0-0-5310-4,o,fcd45f4d-Audio_SP21.v0,group_0,1,fave,145.5860214642025,66.20293130724147,7,Bueno,"",0.09999999999990905,[silence],",",n,#,n,.,final
523.7216649811427,893.8841932605254,3254.574338657468,2.4757313872008093,3.4441268193743997,4.740637691256882,5692.3076923076915,0.02535709754594686,2518.25375,0.227,0.3318713450292398,0-0-5315-3,o,fcd45f4d-Audio_SP21.v0,group_0,1,fave,178.78540632136958,72.1918152751139,7,todo,"",0.6600000000003092,que,[silence],d,#,d,.,final
483.436918696835,913.0000000242794,3189.7581536946645,2.6099124766562714,2.9347648943295965,5.192264717471774,6410.25641025641,0.0030495459907417667,2519.35875,0.037,0.32456140350877194,0-0-5318-1,o,fcd45f4d-Audio_SP21.v0,group_0,1,fave,125.9370182027519,76.71489139853855,7,considerarlo,"",0.08999999999969077,de,[silence],k,n,k,n,internal
471.6128059818473,1116.8446785485378,3017.9561631726324,2.692740347004556,2.8003608446096684,4.456231602367482,5333.333333333333,0.0011040681152367368,2520.0537500000005,0.047,0.3263888888888889,0-0-5318-11,o,fcd45f4d-Audio_SP21.v0,group_0,1,fave,200.42773699531742,68.81776286322516,7,considerarlo,"",0.11999999999989086,de,[silence],l,#,l,.,final
476.6530684807969,988.1259472720716,3494.0272039410424,2.160421229058508,2.2521341455807344,4.967711350694206,5692.3076923076915,0.0011295600412563288,2529.69275,0.045,0.33582089552238803,0-0-5340-3,o,fcd45f4d-Audio_SP21.v0,group_0,1,fave,117.12125489732199,78.17935513819529,7,tipo,"",0.11000000000012733,este,de,p,#,p,d,final
476.13700812092435,822.7690121042723,2857.692305502934,3.342565579774003,3.1890973905135613,4.695803687513436,5153.846153846154,0.01131877555698406,2530.83275,0.185,0.3339350180505415,0-0-5345-2,o,fcd45f4d-Audio_SP21.v0,group_0,1,fave,132.2628289043924,72.1214635725475,7,uno,"",0.5300000000002001,que,realiza,n,#,n,r,final
504.48807880450323,861.0482764654455,3602.3800757414892,3.0272670328832647,2.824217423049567,3.412243653658206,6051.282051282051,0.0002433103798133502,2534.71575,0.031,0.32978723404255317,0-0-5356-4,o,fcd45f4d-Audio_SP21.v0,group_0,1,fave,106.15080598779856,71.4986203400727,7,responsabilidad,"",0.07000000000016371,con,.,p,n,p,n,internal
505.0209974166242,996.3874523835143,2930.756402039191,2.8370154888197328,3.0170983127745767,5.188388797350625,6410.25641025641,0.008308692765899647,2538.43375,0.047,0.3263888888888889,0-0-5363-3,o,fcd45f4d-Audio_SP21.v0,group_0,1,fave,122.95323370865326,76.18922092017422,7,mejorando,"",0.12000000000034561,seguir,cada,x,R,x,R,internal
469.81682638655025,1098.4459953715177,2992.9648056776814,2.4014441447115185,2.726741825027582,4.5583297356065895,5333.333333333333,0.00006033352417174717,2538.76375,0.027000000000000003,0.32142857142857145,0-0-5363-8,o,fcd45f4d-Audio_SP21.v0,group_0,1,fave,112.68005749690788,76.22447461046715,7,mejorando,"",0.05999999999994543,seguir,cada,d,#,d,k,final
473.1148272891306,1064.9957382232597,2379.6257706308743,2.6648190156768155,3.890119993711687,4.928693675545496,5153.846153846154,0.00001614793078976922,2540.4727500000004,0.025,0.33783783783783783,0-0-5373-3,o,fcd45f4d-Audio_SP21.v0,group_0,1,fave,228.25539008198268,73.6387782686327,7,todo,"",0.0500000000001819,de,",",d,#,d,.,final
471.1651967564833,1105.4616002658965,2256.203515799338,2.5755435878729034,3.587456965949178,4.290915946679867,4794.871794871795,0.0006332994738919497,2540.94775,0.035,0.3365384615384616,0-0-5377-6,o,fcd45f4d-Audio_SP21.v0,group_0,1,fave,117.29594904292803,73.10809112028019,7,cuestión,"",0.08000000000038199,es,de,i,n,i,n,internal
478.63535697935254,1006.7108094547168,2561.7616234234943,3.292857611750855,3.605837414615139,4.6975832086697205,5512.820512820513,0.010528951972378197,2541.85575,0.051000000000000004,0.3311688311688312,0-0-5380-2,o,fcd45f4d-Audio_SP21.v0,group_0,1,fave,129.6875141769662,67.10301610373799,7,uno,"",0.13000000000010914,cada,[silence],n,#,n,.,final
446.828693275683,1144.8617564722992,3356.139738207239,2.639028852679652,3.5277742072245943,4.269724697065467,4615.384615384615,0.00018080085631861644,2543.3427500000003,0.025,0.33783783783783783,0-0-5387-7,o,fcd45f4d-Audio_SP21.v0,group_0,1,fave,111.03089368074488,66.35092765249654,7,esfuerzo,"",0.0500000000001819,el,que,z,#,z,k,final
419.75354497690887,1074.9056023318005,2453.6888828901315,3.3139328262268926,2.1698589639934167,4.841087580870056,5333.333333333333,0.0009586715204641479,2543.58775,0.035,0.3365384615384616,0-0-5389-2,o,fcd45f4d-Audio_SP21.v0,group_0,1,fave,107.18347211155763,73.30211489198611,7,uno,"",0.07999999999992724,que,le,n,#,n,l,final
487.46871777769877,1038.9327025201164,2519.036705024354,2.932457866672961,3.1125675374049355,4.943550188276895,5512.820512820513,0.00027885768333858903,2573.22375,0.027000000000000003,0.32142857142857145,0-0-5401-0,o,fcd45f4d-Audio_SP21.v0,group_0,1,fave,115.53654623437302,71.29778127240984,7,oportunidad,"",0.05999999999994543,la,nuevamente,#,p,a,p,initial
481.20615939232476,941.6008927498573,2633.223146906995,1.9155950631382346,2.850992784987513,5.034167538918924,5153.846153846154,0.002501596570511485,2627.87775,0.11499999999999999,0.3343023255813953,0-0-5413-5,o,fcd45f4d-Audio_SP21.v0,group_0,1,fave,116.68901521626252,81.45447551632425,7,espero,"",0.31999999999970896,",",[silence],R,#,R,.,final
468.8565970772228,980.2210184869208,3088.2623870596126,2.3518701126134434,2.4466636728483806,4.717334845976626,5692.3076923076915,0.0011128011805466957,2629.06775,0.035,0.33653846153846156,0-0-5416-1,o,fcd45f4d-Audio_SP21.v0,group_0,1,fave,224.1237696398023,80.50638524850551,7,continúe,"",0.07999999999992724,que,[silence],k,n,k,n,internal
441.96523726106767,1013.4659833303953,2352.2009318149812,2.6873079321991087,2.643904836257869,4.682045511645359,5333.333333333333,0.0038154294771758847,2630.35575,0.051000000000000004,0.3311688311688312,0-0-5420-1,o,fcd45f4d-Audio_SP21.v0,group_0,1,fave,109.8721563072093,75.86393896033627,7,lo,"",0.13000000000010914,que,haya,l,#,l,á,final
488.06102678347986,972.2219987498399,3436.113442537372,2.0264173963850505,2.634952266638109,4.955180503660335,5512.820512820513,0.0029612358330380244,2630.7187499999995,0.037000000000000005,0.324561403508772,0-0-5422-1,o,fcd45f4d-Audio_SP21.v0,group_0,1,fave,146.0238771126157,76.75855660877254,7,podido,"",0.09000000000014552,haya,haber,p,d,p,d,internal
453.2374090369858,1292.3553548022103,2340.6810108929117,1.4452059148887315,3.573640163269959,4.048608458314778,5153.846153846154,0.000039820919935360536,2630.9287499999996,0.037000000000000005,0.324561403508772,0-0-5422-5,o,fcd45f4d-Audio_SP21.v0,group_0,1,fave,113.9345584964161,79.42643191323734,7,podido,"",0.09000000000014552,haya,haber,d,#,d,a,final
525.6597692264614,1018.4628441428721,3638.834407336217,2.778055615025073,2.714064895348726,4.117384584582241,6769.2307692307695,0.0010417220163946796,2631.5277499999997,0.07500000000000001,0.33482142857142855,0-0-5424-6,o,fcd45f4d-Audio_SP21.v0,group_0,1,fave,121.46556034873288,74.68066645767897,7,ayudado,"",0.20000000000027285,haber,en,d,#,d,e,final
407.00859062050023,858.5708286035202,2421.2421730356186,2.509041604263627,3.223067130984786,4.301451045481295,4974.358974358975,0.0006878189213352383,2633.88575,0.031,0.32978723404255317,0-0-5432-4,o,fcd45f4d-Audio_SP21.v0,group_0,1,fave,NaN,73.85412683254681,7,bueno,"",0.07000000000016371,Y,.,n,#,n,.,final
449.5350305586282,909.2828454117647,2182.7577052574584,3.7519821151174946,2.907036711948614,4.35875221049991,4076.923076923077,0.001157293949417614,2635.33775,0.035,0.3365384615384616,0-0-5436-5,o,fcd45f4d-Audio_SP21.v0,group_0,1,fave,113.30177769496464,73.95771200417443,7,Seguimos,"",0.07999999999992724,[silence],por,m,s,m,s,internal
560.808215031381,1086.6702994082075,2468.2914008866023,2.8534846846614164,3.34448972832081,4.448549696166961,5333.333333333333,0.000018670406903281362,2645.4727500000004,0.025,0.33783783783783783,0-0-5446-6,o,fcd45f4d-Audio_SP21.v0,group_0,1,fave,92.53848620910728,72.12659665632377,7,enviaron,"",0.0500000000001819,me,un,R,n,R,n,internal
483.6265515185442,932.1202492133531,3125.491463703356,2.8769211650807285,2.288615082247898,4.779843040993251,5692.3076923076915,0.0005852443543572905,2645.73375,0.027000000000000003,0.32142857142857145,0-0-5448-1,o,fcd45f4d-Audio_SP21.v0,group_0,1,fave,243.59978681153186,78.52964281862427,7,correo,"",0.06000000000040018,un,con,k,r,k,r,internal
573.6503548468363,1371.4686564173523,2108.992511845706,3.206836547723268,3.3989596446500143,4.794490045473043,4615.384615384615,0.0032917389264672803,2645.90775,0.035,0.3365384615384616,0-0-5448-4,o,fcd45f4d-Audio_SP21.v0,group_0,1,fave,134.4829720887488,70.61345519874145,7,correo,"",0.07999999999992724,un,con,é,#,é,k,final
497.6276341247684,1198.7734681019417,1306.1167451861404,2.771944467894826,3.968926141831552,3.6243139442833936,4974.358974358975,0.010682543223103403,2646.4377499999996,0.055,0.33536585365853655,0-0-5450-8,o,fcd45f4d-Audio_SP21.v0,group_0,1,fave,152.10206525863367,69.95097578141556,7,el,"",0.14000000000032742,con,#,i,#,i,,final
466.878744160135,1828.154181895917,2365.338236005663,2.0797976791585433,3.2485945969528833,3.8041539798513546,5692.3076923076915,0.0028965418741372126,20.24775,0.155,0.334051724137931,0-0-8-1,e,fcd45f4d-Audio_SP21.v0,group_0,1,fave,139.21764671735838,80.54070086413357,7,Me,"",0.4399999999999977,%%,[silence],m,#,m,&,final
561.8326071893297,1274.5195903929252,1899.8939620299298,3.0782971978168985,3.6775877071360057,4.629605053703738,5333.333333333333,0.0010821304706100118,22.43375,0.027000000000000003,0.32142857142857145,0-0-12-1,e,fcd45f4d-Audio_SP21.v0,group_0,1,fave,-486.095123076389,70.17508874091388,7,Venezuela,"",0.05999999999999872,[pron=pi],.,b,n,b,n,internal
546.3022288853416,1546.2042642209135,2220.922766212221,3.0968889009062184,2.9011354310075537,3.9968839476955895,5153.846153846154,0.0008428683516297221,22.593749999999996,0.067,0.32843137254901966,0-0-12-3,e,fcd45f4d-Audio_SP21.v0,group_0,1,fave,151.1860035854857,72.26043252532375,7,Venezuela,"",0.17999999999999972,[pron=pi],.,n,z,n,z,internal
487.5906569086493,1661.232224068015,2490.1727390321303,2.848110326522061,2.8946516457644256,3.6061510917283144,5153.846153846154,0.00038180028428091864,26.895750000000003,0.051000000000000004,0.3311688311688312,0-0-19-0,e,fcd45f4d-Audio_SP21.v0,group_0,1,fave,126.6209499929151,75.0842024241388,7,ejerzo,"",0.129999999999999,",",[silence],#,x,.,x,initial
472.41155802004255,1720.2286937150348,2478.3338145961566,2.6432251851750164,3.1014580488571526,3.686770118141914,5692.3076923076915,0.0006311630224858192,28.615750000000002,0.051000000000000004,0.3311688311688312,0-0-21-0,e,fcd45f4d-Audio_SP21.v0,group_0,1,fave,115.19566770026002,73.73158884410279,7,el,"",0.129999999999999,[silence],cargo,#,l,.,l,initial
484.0489158146025,1746.1996422965763,2252.1765928509576,2.408051339489788,4.102630874781245,4.008560629066594,4974.358974358975,0.0008761184617488114,29.55775,0.035,0.33653846153846156,0-0-23-1,e,fcd45f4d-Audio_SP21.v0,group_0,1,fave,120.25673949175835,75.63556098473937,7,de,"",0.08000000000000185,cargo,[silence],d,#,d,.,final
470.9650512750198,1934.9146424497467,2428.715490237421,3.229701071083471,3.9744023200863112,3.638099983479497,5692.3076923076915,0.0005212540920922585,29.81775,0.035,0.33653846153846156,0-0-25-0,e,fcd45f4d-Audio_SP21.v0,group_0,1,fave,3050.8780351982236,69.61995116220298,7,especialista,"",0.0799999999999983,[silence],en,#,s,.,s,initial
483.71854891074355,1554.1098626908276,2069.5227785843012,2.3617206124647936,2.927234137754674,4.144123278195518,5333.333333333333,0.0002046114713805882,30.98775,0.035,0.3365384615384616,0-0-27-6,e,fcd45f4d-Audio_SP21.v0,group_0,1,fave,116.6565508305272,75.97301522446989,7,soporte,"",0.08000000000000185,en,[silence],t,#,t,.,final
451.8414602652314,1992.888640967298,2507.280073817894,2.0719677256491886,3.3186514780725247,3.255823007936783,5153.846153846154,0.0006950853142117965,42.70075,0.26100000000000007,0.3329081632653062,0-0-58-1,e,fcd45f4d-Audio_SP21.v0,group_0,1,fave,145.54023036821724,75.95081682372927,7,de,"",0.759999999999998,tal,[silence],d,#,d,.,final
474.5398339572639,1678.1056234687073,2455.4728694424016,3.019814749572558,3.870941852843109,4.073565386499195,5153.846153846154,0.0009041479909685307,48.66074999999999,0.08099999999999999,0.3319672131147541,0-0-74-2,e,fcd45f4d-Audio_SP21.v0,group_0,1,fave,134.7936868586863,76.16492255660644,7,ese,"",0.22000000000000597,[silence],trabajo,s,#,s,t,final
428.47495400407564,1863.5317749937142,2489.8088712353447,2.205012847157973,2.5992701779057943,3.6063083004739505,5692.3076923076915,0.0010111682914658773,53.60574999999999,0.11100000000000002,0.3323353293413173,0-0-88-3,e,fcd45f4d-Audio_SP21.v0,group_0,1,fave,101.56403728974293,75.77486752483773,7,este,"",0.3100000000000023,aparte,[silence],t,#,t,.,final
463.47863575921224,1607.3774997448004,2391.372442156459,2.25277467778353,2.5223046855350404,3.309297654643461,5512.820512820513,0.000014575683457742985,57.23775,0.035,0.33653846153846156,0-0-96-5,e,fcd45f4d-Audio_SP21.v0,group_0,1,fave,115.06769964338014,79.55617925111792,7,aparte,"",0.0799999999999983,",",del,t,#,t,d,final
581.6019635743927,1680.9687983868112,2423.0940840035596,3.4093579157069476,3.7376583014912215,4.483912853500396,6230.7692307692305,0.0002665014790625079,59.48375,0.047,0.3263888888888889,0-0-106-0,e,fcd45f4d-Audio_SP21.v0,group_0,1,fave,125.03736532242893,71.44869585321632,7,en,"",0.11999999999999744,especializo,más,#,n,o,n,initial
491.2673869006137,1805.8860187227458,2310.5124252651112,3.0653117703717916,3.1794579293701672,3.164852679008831,5153.846153846154,0.00001074490740926776,60.73275,0.025,0.33783783783783783,0-0-112-0,e,fcd45f4d-Audio_SP21.v0,group_0,1,fave,121.38815526246752,76.08528883358858,7,en,"",0.05000000000000426,programación,Java,#,n,n,n,initial
510.81224327234924,1862.8625121071686,2519.0681561099245,3.3698651067360323,2.9033872570931374,2.8655284603746183,4794.871794871795,0.0001927243522961194,61.74575,0.031,0.32978723404255317,0-0-115-7,e,fcd45f4d-Audio_SP21.v0,group_0,1,fave,110.32559048472164,72.3773258590095,7,HTML,"",0.07000000000000028,y,[silence],m,é,m,é,internal
413.1278156989601,2044.3575054033504,2468.3188073285587,2.4432644278938125,3.4208161575442895,3.0353504987484845,4974.358974358975,0.00038963636353077873,62.12275,0.065,0.33505154639175255,0-0-115-10,e,fcd45f4d-Audio_SP21.v0,group_0,1,fave,141.90452933880664,73.03611691270599,7,HTML,"",0.1699999999999946,y,[silence],l,#,l,.,final
455.145848942214,1911.3665759524795,2427.3842029991238,2.0095821673550667,2.9687848555452403,3.141358048173252,4974.358974358975,0.0005089084782134912,84.64075000000001,0.161,0.3326446280991735,0-0-136-1,e,fcd45f4d-Audio_SP21.v0,group_0,1,fave,132.853619341207,77.97673566522317,7,de,"",0.45999999999999375,dota,[silence],d,#,d,.,final
441.271826487969,1778.657293282062,2444.1574465977096,2.5774212885299796,3.0647197190759665,3.96591261480894,5333.333333333333,0.002431306272354332,89.44575,0.051000000000000004,0.3311688311688312,0-0-150-3,e,fcd45f4d-Audio_SP21.v0,group_0,1,fave,108.83948932583884,75.93043022848056,7,quité,"",0.12999999999999545,la,para,t,#,t,p,final
597.7971698413917,2120.43018388671,3063.1176326811296,3.1260552371996444,3.5499449930666236,4.381971026682599,6410.25641025641,0.009118879284257125,91.20775,0.07500000000000001,0.3348214285714286,0-0-156-0,e,fcd45f4d-Audio_SP21.v0,group_0,1,fave,162.78908799041386,74.30025723296548,7,entrevista,"",0.20000000000000284,la,.,#,n,a,n,initial
419.57190756039296,1880.0439835311522,2430.4795086299696,2.391126521848258,2.987882246260255,3.539346828586004,5333.333333333333,0.002274528094388178,93.26775,0.235,0.33380681818181807,0-0-160-3,e,fcd45f4d-Audio_SP21.v0,group_0,1,fave,181.61183372637302,72.21439793835101,7,Este,"",0.6799999999999926,[silence],[silence],t,#,t,.,final
408.37065453395775,1577.1524324247803,2407.998618486835,2.7023710303895414,2.7789275770397786,3.283182199292347,5512.820512820513,0.00007934963439384745,98.58574999999999,0.031,0.32978723404255317,0-0-170-8,e,fcd45f4d-Audio_SP21.v0,group_0,1,fave,307.03224803977014,69.38055679419138,7,exigente,"",0.07000000000000739,muy,",",t,#,t,.,final
463.368186387822,1974.782477755556,2447.0807874554025,3.047584472713808,3.396616149060874,3.3987243428111604,5333.333333333333,0.00037040224238328253,105.54875,0.037,0.32456140350877194,0-0-195-0,e,fcd45f4d-Audio_SP21.v0,group_0,1,fave,112.60579101105368,68.74136487727111,7,el,"",0.09000000000000341,[silence],[silence],#,l,.,l,initial
362.7917007270682,1930.529487046598,2420.3633310660143,2.523476658754441,2.8569686059309243,3.063505309068595,5512.820512820513,0.000027955729057752434,109.58375,0.027000000000000003,0.32142857142857145,0-0-207-1,e,fcd45f4d-Audio_SP21.v0,group_0,1,fave,121.98991507981715,71.59483004133627,7,se,"",0.060000000000002274,este,fue,s,#,s,f,final
415.27736539627347,1465.984991417428,2366.496727949601,2.212843438827145,3.222800038391137,2.912471258662996,5333.333333333333,2.9676528006306637e-6,111.00274999999999,0.025,0.33783783783783783,0-0-213-4,e,fcd45f4d-Audio_SP21.v0,group_0,1,fave,105.5885733349827,71.50451210196115,7,porque,"",0.05000000000001137,complicado,estábamos,k,#,k,s,final
389.4768122704358,1638.158967481648,3658.1245814680647,3.4575084628796926,2.70171241637018,4.228224152132027,6051.282051282051,0.00023207102647425658,119.06575,0.031,0.32978723404255317,0-0-238-4,e,fcd45f4d-Audio_SP21.v0,group_0,1,fave,135.52334638850573,69.61637812072749,7,presencial,"",0.07000000000000739,[silence],[silence],s,n,s,n,internal
560.1888583402097,1839.2417925990767,2358.655301125819,3.244541145261561,2.834477975473054,4.111971573988175,5512.820512820513,0.0007495886493207222,129.11075,0.08099999999999999,0.3319672131147541,0-0-263-10,e,fcd45f4d-Audio_SP21.v0,group_0,1,fave,112.86076994218021,70.07028122209984,7,aplicaciones,"",0.21999999999999886,escalamiento,[silence],n,s,n,s,internal
361.88417542336373,1710.092853604203,2552.5155471989697,2.706225684910755,3.4991535434811385,3.7647943624965734,5153.846153846154,0.000054857257410779324,131.24375,0.027000000000000003,0.32142857142857145,0-0-273-1,e,fcd45f4d-Audio_SP21.v0,group_0,1,fave,120.8742294441831,73.02062606614771,7,se,"",0.060000000000002274,sí,pueden,s,#,s,p,final
526.4273068051245,1553.8787471432988,1965.9489499799322,3.3711538610010106,3.243411769637139,4.4225898879901075,5153.846153846154,0.00011864994233859504,137.24575,0.031,0.32978723404255317,0-0-293-4,e,fcd45f4d-Audio_SP21.v0,group_0,1,fave,107.96282195575996,66.87341321080471,7,presencial,"",0.0700000000000216,",",.,s,n,s,n,internal
496.19099450709336,1576.392575955161,2406.6016961728665,3.0343898474999036,3.671136239545088,3.484955449859915,5692.3076923076915,4.960213790190993e-6,141.01375000000002,0.027000000000000003,0.32142857142857145,0-0-306-1,e,fcd45f4d-Audio_SP21.v0,group_0,1,fave,111.70314424165913,75.9645199644254,7,de,"",0.060000000000002274,medidas,[silence],d,b,d,b,internal
470.40365739764053,1430.6096014780985,2244.756206881202,3.0931170487003183,3.433483160696058,3.1776790475665746,5512.820512820513,0.000012733641272710108,154.93375,0.027000000000000003,0.32142857142857145,0-0-327-1,e,fcd45f4d-Audio_SP21.v0,group_0,1,fave,111.39333497960908,69.8849451070785,7,de,"",0.060000000000002274,empresa,telecomunicación,d,#,d,t,final
414.965779620374,1783.2878203983505,2381.850552769074,1.909562133152541,2.7362136096000462,3.7397650142443926,5692.3076923076915,0.0004079141810583555,166.00574999999998,0.131,0.33248730964466994,0-0-333-3,e,fcd45f4d-Audio_SP21.v0,group_0,1,fave,233.93781209739043,77.70342540072197,7,este,"",0.37000000000000455,Sí,[silence],t,#,t,.,final
457.130654793147,1649.6520828014882,2395.199815695909,2.0994033728068344,2.7812908731608346,3.893910489342748,5333.333333333333,0.0005179289299232384,166.87075,0.061000000000000006,0.3315217391304348,0-0-335-3,e,fcd45f4d-Audio_SP21.v0,group_0,1,fave,118.2327671685801,78.13541012603672,7,antes,"",0.1599999999999966,[silence],[silence],t,s,t,s,internal
519.6681431037767,1970.8747918417023,2576.210090067333,3.4338553619570633,3.6785460615322094,3.7715299141181005,5333.333333333333,0.00023597352479326906,168.74575000000002,0.051000000000000004,0.3311688311688312,0-0-340-0,e,fcd45f4d-Audio_SP21.v0,group_0,1,fave,112.07620344137833,71.9374640815928,7,en,"",0.12999999999999545,[silence],el,#,n,.,n,initial
428.71150025219845,1841.2024154420892,2363.4604762981135,2.120310439427947,2.632155237916071,3.4959997972477312,5333.333333333333,0.0003313930957313053,173.37875,0.137,0.33091787439613524,0-0-351-3,e,fcd45f4d-Audio_SP21.v0,group_0,1,fave,134.55950547353007,77.6906065032648,7,este,"",0.38999999999998636,[silence],es,t,#,t,é,final
427.74068947961695,1850.3137914536326,2289.571289201519,2.035795656090162,2.868656555240836,4.010040402372286,5153.846153846154,0.0005024715562120006,176.70475,0.129,0.33593749999999994,0-0-361-3,e,fcd45f4d-Audio_SP21.v0,group_0,1,fave,105.49881230530778,78.19885406708998,7,este,"",0.36000000000001364,[silence],[silence],t,#,t,.,final
522.4785229054291,1543.345462227734,2412.8619146305386,3.1569861717458267,3.5216602666689902,3.5574882755761323,5512.820512820513,0.00001056850191222232,179.74274999999997,0.025,0.33783783783783783,0-0-369-1,e,fcd45f4d-Audio_SP21.v0,group_0,1,fave,137.73667210910057,81.94132615677303,7,técnico,"",0.05000000000001137,también,.,t,k,t,k,internal
433.2114889632183,1804.4067957075529,2379.5549598814027,1.9417377782331406,2.8944056808938834,3.645003278462448,5692.3076923076915,0.00003164322370114222,183.48575,0.031,0.32978723404255317,0-0-374-3,e,fcd45f4d-Audio_SP21.v0,group_0,1,fave,109.69232713715652,81.01455988825293,7,duré,"",0.06999999999999318,Este,ahí,R,#,R,á,final
584.3054734005739,2220.81656450725,3202.184889831646,2.234264961859566,4.126608098933463,4.257072556263483,5512.820512820513,0.00006907375252668597,184.98375000000001,0.027000000000000003,0.32142857142857145,0-0-378-0,e,fcd45f4d-Audio_SP21.v0,group_0,1,fave,191.54469432150944,58.33189381491257,7,en,"",0.060000000000002274,años,la,#,n,s,n,initial
409.8695891906508,1861.6270426923413,2426.395228169925,2.4081867672124937,2.6858946306915596,3.403911599167624,5692.3076923076915,0.002255561211344888,186.85575,0.151,0.3325991189427312,0-0-384-3,e,fcd45f4d-Audio_SP21.v0,group_0,1,fave,95.34270868455636,73.04002780935772,7,este,"",0.4300000000000068,[silence],y,t,#,t,i,final
476.14817194784456,1690.7098254017803,2381.1952202971715,2.2753055559681794,3.644086794374673,3.9286995660223227,5692.3076923076915,0.000297140450586413,189.17074999999997,0.061000000000000006,0.3315217391304348,0-0-390-2,e,fcd45f4d-Audio_SP21.v0,group_0,1,fave,117.37085406432159,78.42551699141043,7,hice,"",0.160000000000025,como,la,z,#,z,l,final
444.7363548733797,1879.2869839952325,2450.20008974121,2.761026932597647,2.8623865063891794,3.477026200299214,5153.846153846154,0.0006912007878649864,191.35574999999997,0.13099999999999998,0.33248730964466994,0-0-397-3,e,fcd45f4d-Audio_SP21.v0,group_0,1,fave,234.26073444790367,75.80802486888194,7,este,"",0.37000000000000455,[silence],[silence],t,#,t,"",final
448.99220275575277,1839.5914881302492,2346.8686556848625,2.4837000048411424,3.3705317605365175,3.5539204696435664,5692.3076923076915,0.00003753417467005881,192.97875,0.037,0.32456140350877194,0-0-400-4,e,fcd45f4d-Audio_SP21.v0,group_0,1,fave,107.72288442057885,80.23751571819628,7,busqué,"",0.09000000000000341,[silence],otro,k,#,k,ó,final
429.8707174862452,1754.4103989216642,2298.0167555371827,2.429005249349597,3.2174826573556783,3.6643912045687195,5692.3076923076915,0.0031505233295430774,207.74575,0.191,0.3327526132404181,0-0-417-2,e,fcd45f4d-Audio_SP21.v0,group_0,1,fave,128.74169506143502,74.4931748755341,7,hace,"",0.549999999999983,",",[silence],z,#,z,.,final
429.19782855306687,1591.873500786813,2341.025552685927,2.158923835469318,3.113663759708787,3.902112267785557,4974.358974358975,0.0000710114357179118,209.59375000000003,0.027000000000000003,0.32142857142857145,0-0-419-14,e,fcd45f4d-Audio_SP21.v0,group_0,1,fave,112.39760821345489,72.28095596344582,7,aproximadamente,"",0.05999999999997385,[silence],como,t,#,t,k,final
418.0360649718206,1923.9697114609748,2373.641287970725,2.513146085556829,3.012629556697071,3.4916408402685004,4974.358974358975,0.0013202801430484221,210.98775,0.13499999999999998,0.33415841584158407,0-0-425-3,e,fcd45f4d-Audio_SP21.v0,group_0,1,fave,118.20281800572081,71.0438396317798,7,este,"",0.3800000000000239,[silence],[silence],t,#,t,.,final
419.87385468264506,1889.071610654507,2437.5102519222337,2.2896111989074512,2.7334528076889026,3.541030654961889,5871.794871794871,0.0006777852154393016,214.04774999999998,0.215,0.3338509316770187,0-0-434-3,e,fcd45f4d-Audio_SP21.v0,group_0,1,fave,137.55171198497948,76.34977083925027,7,este,"",0.6200000000000045,[silence],[silence],t,#,t,.,final
449.52929924376923,1829.117354327036,2304.729402430722,2.804742365805245,3.3709234573733347,3.9557344935647234,4974.358974358975,0.0004372373407940782,216.99775,0.035,0.33653846153846156,0-0-442-0,e,fcd45f4d-Audio_SP21.v0,group_0,1,fave,308.9048725336186,72.2785407978082,7,El,"",0.0800000000000125,[silence],vio,#,l,.,l,initial
445.8659119267523,1935.3051640183414,2481.7152418518435,2.473833479745777,2.6475673895473553,3.202854933372182,5153.846153846154,0.0009286395091568918,218.36875,0.217,0.3318042813455658,0-0-447-3,e,fcd45f4d-Audio_SP21.v0,group_0,1,fave,109.39581282297581,73.55710123982054,7,este,"",0.6299999999999955,[silence],[silence],t,#,t,.,final
381.4711482926112,1689.9133020402664,2541.8214966318988,2.0535483825973393,2.8857630373661207,3.045081631574915,5512.820512820513,0.00005478389437633512,220.04375000000002,0.027000000000000003,0.32142857142857145,0-0-452-1,e,fcd45f4d-Audio_SP21.v0,group_0,1,fave,409.26220721478825,77.32762949931958,7,de,"",0.060000000000002274,[silence],una,d,#,d,ú,final
500.512215635776,1648.0228458352276,2621.8695306663585,2.706143340851099,3.4786100704373997,3.592233658599118,5512.820512820513,0.000012184305626102338,222.61375,0.027000000000000003,0.32142857142857145,0-0-459-1,e,fcd45f4d-Audio_SP21.v0,group_0,1,fave,120.69128830563969,79.69196694483267,7,genera,"",0.060000000000002274,podía,ingresos,x,n,x,n,internal
436.117096750278,1939.3637334373846,2409.372870168051,2.4926377619132447,2.813899768040014,2.968569699646746,4974.358974358975,0.0003989385859559949,232.08774999999997,0.215,0.3338509316770187,0-0-479-3,e,fcd45f4d-Audio_SP21.v0,group_0,1,fave,94.56271739836099,71.840143311324,7,este,"",0.6200000000000045,[silence],[silence],t,#,t,.,final
415.57628017101854,1758.7278642437836,2402.6708638986474,1.985499705783108,3.07732876305395,3.4476441968516234,5692.3076923076915,0.0001035204141091988,236.61874999999998,0.037,0.32456140350877194,0-0-489-1,e,fcd45f4d-Audio_SP21.v0,group_0,1,fave,99.43881089985602,75.83280040946654,7,de,"",0.09000000000000341,tipo,[silence],d,#,d,.,final
463.9774511212336,1733.7917031105144,2467.4800179899835,3.611507098310733,2.910053591505011,3.5516018948163732,5692.3076923076915,0.00005937926693919736,238.34575,0.031,0.32978723404255317,0-0-497-1,e,fcd45f4d-Audio_SP21.v0,group_0,1,fave,115.6828100481662,71.74637350626263,7,menciona,"",0.06999999999999318,allí,[silence],m,n,m,n,internal
387.89224536324235,1804.804326349937,2516.7389578635584,2.3198927811006307,3.220442878909697,3.5456561097914485,5692.3076923076915,0.00001763966193577891,239.48575,0.031,0.32978723404255317,0-0-500-1,e,fcd45f4d-Audio_SP21.v0,group_0,1,fave,124.89866236888051,80.83293688128116,7,decidimos,"",0.06999999999999318,y,experimentar,d,z,d,z,internal
532.2188845846724,1992.2648731512566,2545.2379070882453,3.5480537705289295,3.4412375633068724,3.446246539555395,5153.846153846154,0.0005333548118522894,243.90575,0.051000000000000004,0.3311688311688312,0-0-511-0,e,fcd45f4d-Audio_SP21.v0,group_0,1,fave,94.54670777137275,70.93818183812192,7,en,"",0.12999999999999545,[silence],su,#,n,.,n,initial
481.01787737769916,1551.5990820422403,2249.516300970113,2.36542408710947,2.3982110521718782,3.466019216375301,5692.3076923076915,5.607273156453329e-6,244.54375000000002,0.027000000000000003,0.32142857142857145,0-0-513-2,e,fcd45f4d-Audio_SP21.v0,group_0,1,fave,114.36524431151526,78.05421388637923,7,efectividad,"",0.060000000000002274,su,",",f,k,f,k,internal
439.66430314099966,1766.443047762363,2484.6227625826245,1.787861569489701,2.640383882486544,3.22767068172791,5692.3076923076915,0.00011689178637417429,250.33875,0.057,0.3275862068965517,0-0-532-3,e,fcd45f4d-Audio_SP21.v0,group_0,1,fave,140.81415753618202,78.39729892979231,7,este,"",0.15000000000000568,[silence],bueno,t,#,t,b,final
430.650955201894,1925.0921960128287,2501.930871397045,1.9426415373340746,2.6309565660653327,3.2935598334818548,5333.333333333333,0.00012032534905881517,256.85574999999994,0.051000000000000004,0.3311688311688312,0-0-548-0,e,fcd45f4d-Audio_SP21.v0,group_0,1,fave,223.29180395767304,74.73851980459311,7,en,"",0.12999999999999545,[silence],mis,#,n,.,n,initial
432.65200626247855,1630.82988009285,2445.2845916981605,2.3652121407100255,2.545461742344478,3.5121915172456077,5692.3076923076915,3.579909120932247e-6,258.79275,0.025,0.33783783783783783,0-0-555-1,e,fcd45f4d-Audio_SP21.v0,group_0,1,fave,121.70778343970318,74.95823438600934,7,tenido,"",0.05000000000001137,he,[silence],t,n,t,n,internal
460.9115567297913,1813.0524428009796,2439.9248159682484,2.143823796876551,2.945900943446206,3.197313241845114,5333.333333333333,0.0014467636717553486,260.76475000000005,0.189,0.33510638297872336,0-0-557-7,e,fcd45f4d-Audio_SP21.v0,group_0,1,fave,111.85565209294458,78.59495545033286,7,bastante,"",0.5399999999999636,[silence],reconocimiento,t,#,t,r,final
463.4366714194131,1869.4637628468713,2390.4970297746577,2.4024253771320017,2.8863783108955534,3.3618247665198897,5692.3076923076915,0.00042949372216642077,265.32775000000004,0.035,0.33653846153846156,0-0-569-0,e,fcd45f4d-Audio_SP21.v0,group_0,1,fave,231.43321641649194,68.97852896554323,7,estrictamente,"",0.07999999999998408,[silence],[silence],#,s,.,s,initial
432.5750802131469,1644.501716776224,2426.2618747256392,2.267908387934149,2.9800322603331453,3.411786057839126,5692.3076923076915,0.0002857563475487056,266.06875,0.037,0.32456140350877194,0-0-569-12,e,fcd45f4d-Audio_SP21.v0,group_0,1,fave,324.53255617252955,69.05592646570264,7,estrictamente,"",0.08999999999997499,[silence],[silence],t,#,t,.,final
526.9810433029677,1517.4598155326307,2365.401701784893,3.7863878125664883,4.049012202407109,3.8706308806622047,5333.333333333333,0.0004584501655919198,266.78775,0.035,0.3365384615384616,0-0-573-0,e,fcd45f4d-Audio_SP21.v0,group_0,1,fave,125.12479085553879,72.67411476301307,7,espacio,"",0.08000000000004093,un,bueno,#,s,n,s,initial
468.31962812604786,1758.0299101356925,2444.8797997613874,2.5136302171166123,3.093328978367002,3.1068111488798134,5692.3076923076915,3.550608507503109e-6,269.63275000000004,0.025,0.33783783783783783,0-0-581-1,e,fcd45f4d-Audio_SP21.v0,group_0,1,fave,121.00813082203355,80.54945530061322,7,dedico,"",0.05000000000001137,le,el,d,d,d,d,internal
428.28810412462326,1776.6087567097304,2349.0722033654047,2.316960074744625,3.34340190576633,3.6336486418675826,5333.333333333333,0.0006997073798482069,274.21975,0.159,0.3354430379746835,0-0-593-4,e,fcd45f4d-Audio_SP21.v0,group_0,1,fave,193.03098998855538,73.43979763711467,7,parte,"",0.44999999999998863,gran,en,t,#,t,e,final
477.83677484125104,1906.5440686255786,2476.4630649788364,2.7577277367477366,2.887661159800587,3.1467156012652167,4974.358974358975,0.002143560685150369,274.61574999999993,0.051000000000000004,0.3311688311688311,0-0-594-0,e,fcd45f4d-Audio_SP21.v0,group_0,1,fave,163.969892590741,68.57906708864225,7,en,"",0.1300000000000523,parte,la,#,n,e,n,initial
440.9877762136806,1619.7928075431514,2434.459992601989,2.713362311871618,4.023652639642829,3.5710020017386173,5692.3076923076915,0.00044130241216618315,275.26574999999997,0.031,0.32978723404255317,0-0-596-3,e,fcd45f4d-Audio_SP21.v0,group_0,1,fave,176.91651770624392,69.53945593597231,7,noche,"",0.06999999999999318,la,o,h,#,h,o,final
402.85744739425917,1657.4146760534873,2293.6327788641092,3.1927244962627466,3.1086529234864524,3.750836860123027,5512.820512820513,0.0004794561851076013,289.62575,0.051000000000000004,0.3311688311688312,0-0-612-1,e,fcd45f4d-Audio_SP21.v0,group_0,1,fave,169.63959993670386,72.61835868180782,7,sencillas,"",0.12999999999999545,muy,.,s,n,s,n,internal
457.54854938397034,1710.9728601767415,2390.276879176995,2.823028145713044,3.0454874323044003,3.634155052729284,5333.333333333333,6.818827692290555e-6,296.60275,0.025,0.33783783783783783,0-0-630-1,e,fcd45f4d-Audio_SP21.v0,group_0,1,fave,113.8713920654292,79.04031285443766,7,me,"",0.05000000000001137,[silence],parece,m,#,m,p,final
399.97920719029355,1734.810406765103,2445.309346932843,2.574406098802242,3.221153388767244,3.766239877415386,5692.3076923076915,0.00009189425027880438,297.02574999999996,0.031,0.32978723404255317,0-0-631-5,e,fcd45f4d-Audio_SP21.v0,group_0,1,fave,107.36885973912312,74.17730500963137,7,parece,"",0.06999999999999318,me,que,z,#,z,k,final
462.98321178266207,1899.1368255445468,2183.432695852398,2.7117204395993157,2.6747590781620327,3.1423204099091064,5333.333333333333,0.00023665489854658793,297.44075000000004,0.061000000000000006,0.3315217391304348,0-0-633-0,e,fcd45f4d-Audio_SP21.v0,group_0,1,fave,112.60206027863296,72.76234906254788,7,en,"",0.15999999999996817,que,[silence],#,n,é,n,initial
435.92736749525056,1738.5867548570516,2311.120868541672,2.2357247580787374,3.0202867754143297,3.2784783918039118,5692.3076923076915,2.541975679703083e-6,298.77374999999995,0.027000000000000003,0.32142857142857145,0-0-636-4,e,fcd45f4d-Audio_SP21.v0,group_0,1,fave,108.69224026713162,78.64484105715863,7,entre,"",0.060000000000002274,todo,todas,R,#,R,t,final
480.71779794014975,1633.333034218208,2272.898360332463,2.5124175091557595,2.8590200928487994,3.7830116214017426,5692.3076923076915,0.00036181767760583256,304.36075,0.061000000000000006,0.3315217391304348,0-0-653-8,e,fcd45f4d-Audio_SP21.v0,group_0,1,fave,224.49936488216554,73.13910660408328,7,confiable,"",0.160000000000025,[silence],[silence],l,#,l,.,final
415.7851108337243,1884.4026737950535,2458.3597459514563,3.466829858789394,3.5070536947029076,3.5391356575148407,5512.820512820513,0.0002138570342527491,305.02875,0.037000000000000005,0.324561403508772,0-0-655-1,e,fcd45f4d-Audio_SP21.v0,group_0,1,fave,109.69396988745515,73.4773550698974,7,mejor,"",0.09000000000003183,[silence],porque,m,x,m,x,internal
463.43499021049917,1777.8093656920564,2340.8246770327373,2.0864475209081106,3.0294197810560997,3.5612885094624462,5692.3076923076915,0.00014732227112790715,305.64775,0.055,0.33536585365853655,0-0-656-4,e,fcd45f4d-Audio_SP21.v0,group_0,1,fave,209.73522010741786,75.786725678514,7,porque,"",0.13999999999998636,mejor,[silence],k,#,k,.,final
459.2543826994246,1577.2236483643003,2433.1312424788266,2.32473294030777,2.4474721360807585,3.412364664106038,5692.3076923076915,0.00020080943678844884,306.97775,0.035,0.33653846153846156,0-0-659-1,e,fcd45f4d-Audio_SP21.v0,group_0,1,fave,224.47838792709217,77.46438452037073,7,te,"",0.08000000000004093,no,pide,t,#,t,p,final
472.9415620750761,1648.1928479986616,2331.7587292134435,2.6859508838005968,3.2904491357070014,3.5458801457215428,5333.333333333333,0.00009942225380611421,309.78374999999994,0.027000000000000003,0.32142857142857145,0-0-666-1,e,fcd45f4d-Audio_SP21.v0,group_0,1,fave,119.11882381511981,73.93032755969733,7,requisitos,"",0.060000000000002274,tantos,para,r,k,r,k,internal
423.50796774462765,2018.7304811623296,2392.7978335645525,2.2850150351819174,2.7689169906251445,3.3555714600252284,5153.846153846154,0.0010862596634990335,313.50575,0.211,0.332807570977918,0-0-676-2,e,fcd45f4d-Audio_SP21.v0,group_0,1,fave,104.05128171130079,71.64420707644902,7,pues,"",0.6100000000000136,[silence],.,u,s,u,s,internal
434.5861787476231,1843.3169920125556,2304.6425054488946,2.9903204188818355,2.468596581670395,3.815951585254559,5512.820512820513,8.898652985192024e-6,318.54275,0.025,0.33783783783783783,0-0-686-0,e,fcd45f4d-Audio_SP21.v0,group_0,1,fave,114.23448043523922,67.70665023025316,7,Star,"",0.05000000000001137,Clipclaps,[silence],#,s,s,s,initial
332.9739359913613,1942.2800988797594,2458.8043455575385,3.546455194487358,3.5651731489542753,3.905774550619871,5871.794871794871,0.0021882603166776477,321.82775000000004,0.035,0.3365384615384616,0-0-697-1,e,fcd45f4d-Audio_SP21.v0,group_0,1,fave,102.65289219324389,67.46863680387537,7,mejor,"",0.07999999999998408,que,[silence],m,x,m,x,internal
460.68585325025794,1946.0926053678584,2503.8327151852372,3.154611344412095,2.9356745419152865,3.8470290469158646,5692.3076923076915,0.00009294859941935461,324.47375,0.047,0.3263888888888889,0-0-701-1,e,fcd45f4d-Audio_SP21.v0,group_0,1,fave,119.44331570604373,74.80286435453492,7,me,"",0.12000000000000455,[silence],ha,m,#,m,a,final
585.471685814608,1278.6171529530693,1926.0972102090134,2.938541177913664,3.501841594158752,4.1812210829183165,5692.3076923076915,0.0000418194108751856,327.65374999999995,0.027000000000000003,0.32142857142857145,0-0-711-1,e,fcd45f4d-Audio_SP21.v0,group_0,1,fave,154.7910985637989,74.26928475584602,7,me,"",0.060000000000002274,",",parece,m,#,m,p,final
445.70824848150426,1649.6920256596147,2366.6608228139403,2.6128333366423493,2.786262872540608,3.66078324485547,5692.3076923076915,7.344641426732022e-6,328.02275000000003,0.025,0.33783783783783783,0-0-712-5,e,fcd45f4d-Audio_SP21.v0,group_0,1,fave,137.09879080456088,67.39277354097985,7,parece,"",0.05000000000001137,me,que,z,#,z,k,final
479.6521476740457,1702.7962853576448,2529.357353326398,3.537677004813833,2.8020037719295923,3.2828776293224884,5692.3076923076915,0.000032618489870428854,329.05375,0.027000000000000003,0.32142857142857145,0-0-717-3,e,fcd45f4d-Audio_SP21.v0,group_0,1,fave,118.23946166926466,67.23262754294943,7,ponen,"",0.060000000000002274,que,aquí,n,n,n,n,internal
427.2005902217473,1649.8630701431985,2481.0582712856362,2.631921687930159,2.7110602497575247,3.4244517006376642,5692.3076923076915,0.00005034202894029928,331.08374999999995,0.027000000000000003,0.32142857142857145,0-0-722-2,e,fcd45f4d-Audio_SP21.v0,group_0,1,fave,122.78326309517848,76.18194238346447,7,accesibles,"",0.060000000000002274,son,[silence],z,s,z,s,internal
438.2406467569294,1581.7644807745558,2269.724563317553,2.53661398853003,2.9539381338520214,3.4702139810141963,5871.794871794871,8.675285732693066e-7,331.46275,0.025,0.33783783783783783,0-0-722-7,e,fcd45f4d-Audio_SP21.v0,group_0,1,fave,141.6722910272008,77.68615510864934,7,accesibles,"",0.05000000000001137,son,[silence],l,s,l,s,internal
477.89206340136514,1485.1276500576432,2215.9638257727997,2.38829936072238,2.8391589047830106,3.0918267237947403,5692.3076923076915,4.430688355023064e-6,338.72275,0.025,0.33783783783783783,0-0-740-7,e,fcd45f4d-Audio_SP21.v0,group_0,1,fave,124.30245110633975,80.0006705849168,7,accesible,"",0.05000000000001137,es,para,l,#,l,p,final
529.8030955891809,1446.1616205201556,2239.944365777259,3.426390709057727,3.5690989968904145,4.258025249679674,5692.3076923076915,0.000018240772031017567,353.00374999999997,0.027000000000000003,0.32142857142857145,0-0-789-0,e,fcd45f4d-Audio_SP21.v0,group_0,1,fave,115.92961534717084,73.6689417492585,7,en,"",0.060000000000002274,tomarlo,serio,#,n,o,n,initial
523.5059265900754,2038.00356200759,3415.045547678708,3.118062659541316,3.7838291151358114,4.009573627390505,6051.282051282051,5.186627876786358e-6,353.58275000000003,0.025,0.33783783783783783,0-0-791-5,e,fcd45f4d-Audio_SP21.v0,group_0,1,fave,187.41828321890037,71.16687138967104,7,también,"",0.05000000000001137,serio,porque,i,n,i,n,internal
495.84760025931666,1392.8238755060624,2149.6155111574067,2.261785429664898,3.1041790712756376,4.397895863087019,5692.3076923076915,7.858023386452773e-6,354.35275,0.025,0.33783783783783783,0-0-796-1,e,fcd45f4d-Audio_SP21.v0,group_0,1,fave,124.26830245749531,77.53989266793937,7,de,"",0.05000000000001137,tipo,trabajo,d,#,d,t,final
484.9997541182889,1618.0586121093872,2228.3485710981495,2.371065068911327,2.563218216603704,3.82148743245555,5692.3076923076915,0.00009590285291483306,375.38875,0.037,0.32456140350877194,0-0-820-0,e,fcd45f4d-Audio_SP21.v0,group_0,1,fave,383.2557931846821,73.42173285351504,7,en,"",0.08999999999997499,[silence],realidad,#,n,.,n,initial
463.90922226628703,1610.113203966111,2186.8212379984698,2.4543024852520845,2.4514769898952475,3.0107105198753645,5692.3076923076915,5.298604798600115e-6,378.79275,0.025,0.33783783783783783,0-0-828-2,e,fcd45f4d-Audio_SP21.v0,group_0,1,fave,122.11294081860817,74.74821128022349,7,específico,"",0.05000000000001137,en,[silence],p,z,p,z,internal
468.69784419798447,1612.204330163471,2216.8906783809725,2.750298288296808,3.2095705626307387,3.945853301113634,5692.3076923076915,0.000047549596916554625,380.26775000000004,0.035,0.33653846153846156,0-0-833-1,e,fcd45f4d-Audio_SP21.v0,group_0,1,fave,121.86035086446729,77.01482043461392,7,me,"",0.07999999999998408,no,guste,m,#,m,g,final
453.3766008852275,1911.2540577544103,2318.026451263204,2.3847687161734625,3.07617197300385,3.5993171974547704,4974.358974358975,0.0005928925577029543,383.85475,0.169,0.33531746031746024,0-0-845-0,e,fcd45f4d-Audio_SP21.v0,group_0,1,fave,152.29523413139117,76.1256679765968,7,en,"",0.4800000000000182,[silence],cuanto,#,n,.,n,initial
450.3725014922747,1599.8873545606111,3851.162476398676,2.7488001820507773,3.228230438239027,4.196796684016617,6948.717948717948,0.002128182942297966,385.11575,0.07100000000000001,0.3317757009345795,0-0-849-1,e,fcd45f4d-Audio_SP21.v0,group_0,1,fave,140.68624656873874,75.33628277556943,7,de,"",0.18999999999999773,nivel,[silence],d,#,d,.,final
431.8001785171485,1868.4751615500554,2315.7734545820863,2.3708670632018207,3.0251474454662612,3.6228131753566837,4794.871794871795,0.00024346572685400944,387.40775,0.095,0.334507042253521,0-0-855-4,e,fcd45f4d-Audio_SP21.v0,group_0,1,fave,104.8598401832689,73.44866937447172,7,porque,"",0.2599999999999909,Microworkers,[silence],k,#,k,.,final
430.789434547418,1778.3212197744278,2127.2987984701376,1.896258664111077,2.6633894529619537,4.400195471269458,5153.846153846154,0.00048517300036823326,389.58075,0.061000000000000006,0.3315217391304348,0-0-861-3,e,fcd45f4d-Audio_SP21.v0,group_0,1,fave,105.20614504794781,75.88949016468622,7,este,"",0.15999999999996817,responder,hay,t,#,t,á,final
421.39705409309823,1684.0850492700908,2415.9076040252544,3.597725685683225,2.735829852630446,3.9121362643314246,4794.871794871795,0.00009928413206636805,391.18275000000006,0.025,0.33783783783783783,0-0-868-1,e,fcd45f4d-Audio_SP21.v0,group_0,1,fave,113.26292963541655,72.66706424536073,7,negativa,"",0.05000000000001137,tarea,y,n,g,n,g,internal
422.50705995185297,1741.533010210231,2155.8979235461024,2.239262055224607,3.0295229187206694,3.5140193800813835,5512.820512820513,0.000032294216765978234,392.01574999999997,0.031,0.32978723404255317,0-0-872-0,e,fcd45f4d-Audio_SP21.v0,group_0,1,fave,112.18762630439376,72.6371722645797,7,explica,"",0.06999999999999318,[silence],muy,#,s,.,s,initial
449.9610487010223,1816.4902553167594,2310.030254433677,2.1733396706079735,3.2438751927070872,3.780590577549636,5333.333333333333,0.00009035751920723767,395.13475,0.129,0.33593749999999994,0-0-881-9,e,fcd45f4d-Audio_SP21.v0,group_0,1,fave,114.10674218552244,76.1428612626243,7,empleadores,"",0.36000000000001364,los,este,R,s,R,s,internal
405.2633651202825,1926.9276659312097,2371.7736262006474,2.1479142064359706,2.617187814640509,3.893755616737205,5153.846153846154,0.006444001348135227,397.00274999999993,0.205,0.33387622149837126,0-0-883-3,e,fcd45f4d-Audio_SP21.v0,group_0,1,fave,110.98037394675384,74.2303509335991,7,este,"",0.5900000000000318,empleadores,[silence],t,#,t,.,final
544.7626756036682,1525.3434786498028,2266.9847308621147,3.5067764211371166,2.963998939760157,3.4559620089190193,5692.3076923076915,0.00007376396094153581,400.84374999999994,0.027000000000000003,0.32142857142857145,0-0-891-1,e,fcd45f4d-Audio_SP21.v0,group_0,1,fave,123.23118372625832,70.269247477453,7,responden,"",0.060000000000002274,te,al,r,s,r,s,internal
439.9142412438971,1634.109839246718,2273.2700968761574,2.19698406850487,2.7897957615329214,3.5235969422287265,5692.3076923076915,0.00013601998223011308,407.49375,0.027000000000000003,0.32142857142857145,0-0-911-2,e,fcd45f4d-Audio_SP21.v0,group_0,1,fave,105.7563562899884,75.64640688530405,7,específica,"",0.060000000000002274,como,ahí,p,z,p,z,internal
434.3269950301559,1597.7479238971043,2409.323734441751,2.3880772873581657,1.657402102222603,3.018463715361877,5692.3076923076915,0.0000180552918040371,410.83875,0.037,0.32456140350877194,0-0-924-1,e,fcd45f4d-Audio_SP21.v0,group_0,1,fave,119.98404148131087,79.04263413975767,7,te,"",0.09000000000003183,no,dan,t,#,t,d,final
501.44309909235113,1546.1804148344163,1822.3525871749814,3.1078435471822146,3.2742436472341767,4.574228257702044,5871.794871794871,0.000018025842510220336,412.89275000000004,0.025,0.33783783783783783,0-0-930-1,e,fcd45f4d-Audio_SP21.v0,group_0,1,fave,124.9799992996147,73.33713935379365,7,respuestas,"",0.05000000000001137,las,concretas,r,s,r,s,internal
459.84008355255577,1615.477845487039,2409.8260510837995,2.725942949994902,2.7575495045360263,3.6874806453669566,5692.3076923076915,0.00015103989671485314,414.63374999999996,0.027000000000000003,0.32142857142857145,0-0-936-6,e,fcd45f4d-Audio_SP21.v0,group_0,1,fave,133.25848117024896,76.2255165114312,7,fallaste,"",0.060000000000002274,tú,para,t,#,t,p,final
445.47899457412404,1647.3011422913578,2523.3944164252493,1.7730587406566733,2.0283057003975804,3.180668115087958,5692.3076923076915,5.810671514172784e-7,417.39275000000004,0.025,0.33783783783783783,0-0-947-0,e,fcd45f4d-Audio_SP21.v0,group_0,1,fave,150.17066899095278,74.03397131189685,7,en,"",0.05000000000001137,básicamente,[silence],#,n,e,n,initial
523.844417623909,1474.9277317376661,1828.8735949834793,2.7611584531471625,3.463451684403921,4.548910259849312,4076.923076923077,0.0014050203864925375,419.86775000000006,0.035,0.3365384615384616,0-0-955-0,e,fcd45f4d-Audio_SP21.v0,group_0,1,fave,117.73086132758218,74.48706001613681,7,el,"",0.07999999999998408,",",soporte,#,l,.,l,initial
448.36147140785346,1709.0915977420732,2307.746266053267,2.638816120984059,2.9547993953647955,3.6161878352736756,5512.820512820513,0.0001420836431258282,420.53875,0.037000000000000005,0.324561403508772,0-0-957-0,e,fcd45f4d-Audio_SP21.v0,group_0,1,fave,NaN,76.14437321724735,7,en,"",0.09000000000003183,soporte,la,#,n,e,n,initial
419.57119964664355,1665.1816783290194,2408.269694910209,2.7534013935807353,2.404215047433058,3.117106384247099,5512.820512820513,0.000015174627610891321,422.59275,0.025,0.33783783783783783,0-0-964-1,e,fcd45f4d-Audio_SP21.v0,group_0,1,fave,118.76831619027591,79.11068667273575,7,deficiente,"",0.05000000000001137,[silence],",",d,f,d,f,internal
589.7786671662673,1500.0119887994485,2610.5720517242526,2.6488669979721027,3.1700702592508714,4.229976504075641,5871.794871794871,0.0006232405242992168,446.62575,0.051000000000000004,0.3311688311688312,0-0-973-0,e,fcd45f4d-Audio_SP21.v0,group_0,1,fave,335.3793359282604,68.18714679522822,7,en,"",0.12999999999999545,Bueno,realidad,#,n,o,n,initial
477.38175202875806,1632.9220692008569,2437.860558588683,3.2114140564985045,2.5931459723606065,3.400681973946433,5512.820512820513,2.9857374355088047e-6,450.26275000000004,0.025,0.33783783783783783,0-0-988-1,e,fcd45f4d-Audio_SP21.v0,group_0,1,fave,111.58384456723351,74.29724648307482,7,secreto,"",0.05000000000001137,un,la,s,k,s,k,internal
540.7252330436356,1644.9356195183716,2313.528378454255,3.4486454406603593,2.454625703888394,4.351501965606999,4974.358974358975,0.0015990891277808848,452.03275,0.025,0.33783783783783783,0-0-995-3,e,fcd45f4d-Audio_SP21.v0,group_0,1,fave,253.2401120301238,69.10871838933392,7,Venezuela,"",0.05000000000001137,atraviesa,[silence],n,z,n,z,internal
496.0947227755355,1516.6903775047804,2118.4402914859893,2.902794123722634,2.815667919564232,3.800784289267997,5692.3076923076915,0.00015205553263915547,453.15775,0.035,0.33653846153846156,0-0-998-1,e,fcd45f4d-Audio_SP21.v0,group_0,1,fave,140.2219815924412,79.86437826712358,7,pesar,"",0.08000000000004093,a,de,p,s,p,s,internal
518.9787336075754,1557.96078559376,2582.7110461037505,3.812164644901957,2.8612991974195316,3.5872985990837147,5692.3076923076915,0.00008448819603516809,454.35574999999994,0.031,0.32978723404255317,0-0-1004-0,e,fcd45f4d-Audio_SP21.v0,group_0,1,fave,111.49358438775516,76.14973880035215,7,ejerce,"",0.07000000000005002,uno,aquí,#,x,o,x,initial
456.6723206460726,1670.5699529758624,2425.1986418043875,2.7410684100624785,3.098657158498925,3.339227267250023,5692.3076923076915,0.000050760246366366905,458.97275,0.045,0.33582089552238803,0-0-1013-0,e,fcd45f4d-Audio_SP21.v0,group_0,1,fave,104.79269380271887,78.8760383037721,7,económico,"",0.11000000000001364,lo,del,#,k,o,k,initial
387.9219407815935,1731.7080230937856,2283.747462396001,2.8369235685563754,2.585817684987395,3.940189109457695,4794.871794871795,0.00006576706202667223,462.21374999999995,0.027000000000000003,0.32142857142857145,0-0-1022-3,e,fcd45f4d-Audio_SP21.v0,group_0,1,fave,109.4614297080053,67.40501943390039,7,necesidades,"",0.060000000000002274,las,completa,z,s,z,s,internal
447.34004630420696,1628.9399420059208,2485.1463397384,2.0551799958435266,2.7293741220597516,3.411377564238805,5512.820512820513,0.000018520650581066357,464.34374999999994,0.027000000000000003,0.32142857142857145,0-0-1027-4,e,fcd45f4d-Audio_SP21.v0,group_0,1,fave,217.12513915746808,76.3728497102464,7,mantenerse,"",0.060000000000002274,uno,",",t,n,t,n,internal
580.6750681148337,2120.538371837171,2532.0585443893215,3.346937331022641,3.2061892175121796,3.1080875558040377,5153.846153846154,0.00004075271522685284,465.55375,0.027000000000000003,0.32142857142857145,0-0-1031-0,e,fcd45f4d-Audio_SP21.v0,group_0,1,fave,NaN,62.937748435950475,7,entonces,"",0.060000000000002274,[silence],hay,#,n,.,n,initial
486.95560395239625,1571.7667796240457,2492.738779447474,2.8732192522830142,2.6223451180194384,3.45024960589652,5512.820512820513,0.000012509606941454101,467.12275000000005,0.025,0.33783783783783783,0-0-1036-3,e,fcd45f4d-Audio_SP21.v0,group_0,1,fave,103.11453414843109,77.44331743813696,7,alternativa,"",0.05000000000001137,otra,.,t,R,t,R,internal
403.46895174161864,1892.2078991741498,2489.968223951495,2.2747173303086727,2.5651980051994476,3.424067476795257,5333.333333333333,0.00017975425868071106,476.13075,0.08099999999999999,0.3319672131147541,0-0-1062-1,e,fcd45f4d-Audio_SP21.v0,group_0,1,fave,101.34823925230003,73.77865567314547,7,de,"",0.22000000000002728,[silence],aparte,d,#,d,a,final
432.88544336236447,1787.8782977086544,2473.614100193612,1.9814491657574753,2.8439167420314186,3.340443427460273,5692.3076923076915,0.00001926519305639678,476.78275,0.045,0.33582089552238803,0-0-1064-1,e,fcd45f4d-Audio_SP21.v0,group_0,1,fave,107.43023233399816,80.28553077341061,7,de,"",0.11000000000001364,aparte,que,d,#,d,k,final
467.7894181496603,1741.4410904835677,2367.3940394730075,3.0188104735685415,3.4457742718444173,3.429458687031548,5692.3076923076915,0.00008216840003708153,478.89574999999996,0.031,0.32978723404255317,0-0-1069-1,e,fcd45f4d-Audio_SP21.v0,group_0,1,fave,111.88852229925381,75.80811173415304,7,semanal,"",0.06999999999999318,casi,es,s,m,s,m,internal
367.1843440663473,1646.8526067881282,2340.9297061711545,2.575666580869963,3.241419477354578,3.6072342160848145,5692.3076923076915,0.0011608161610214484,479.91574999999995,0.031,0.32978723404255317,0-0-1072-1,e,fcd45f4d-Audio_SP21.v0,group_0,1,fave,113.83117237021408,76.66761807614873,7,semanal,"",0.07000000000005002,casi,",",s,m,s,m,internal
452.17902172442774,1335.6188511648947,2206.7179656978046,2.333622834817945,2.860423932847453,4.113518846326728,5692.3076923076915,0.00002609794066698193,480.40374999999995,0.027000000000000003,0.32142857142857145,0-0-1074-2,e,fcd45f4d-Audio_SP21.v0,group_0,1,fave,111.71287490334483,78.96198409577914,7,pues,"",0.060000000000002274,",",cuando,u,s,u,s,internal
392.57492089631916,1785.4602006005696,2431.5840982872273,2.73476351692638,3.5305057985401582,3.0635852502737246,5692.3076923076915,0.000021332434462066395,482.24375,0.027000000000000003,0.32142857142857145,0-0-1079-8,e,fcd45f4d-Audio_SP21.v0,group_0,1,fave,414.71201299422876,68.81174634976477,7,Microworkers,"",0.060000000000002274,en,[silence],k,R,k,R,internal
444.98480230173084,1769.3886509075633,2117.732753211685,2.4435831400946153,3.0342915444016536,3.4571410024967886,5153.846153846154,0.01365889865900781,483.55275000000006,0.145,0.3341013824884792,0-0-1082-3,e,fcd45f4d-Audio_SP21.v0,group_0,1,fave,93.1129364097903,70.10534389556506,7,este,"",0.40999999999996817,[silence],[silence],t,#,t,.,final
410.06961866113375,1969.9221500437345,2469.2910530340505,2.246363399668006,2.9647144377497736,3.4942626037932953,5153.846153846154,0.0022999644921722407,491.03775,0.11499999999999999,0.3343023255813953,0-0-1102-3,e,fcd45f4d-Audio_SP21.v0,group_0,1,fave,100.0832478879509,77.96490171059207,7,este,"",0.3199999999999932,[silence],tengo,t,#,t,t,final
376.4984736769459,1804.537594703477,2453.1851355720323,2.3362718921076215,2.936137781245531,3.1053361339185295,5153.846153846154,0.00017885200234431763,497.89875,0.037000000000000005,0.324561403508772,0-0-1121-3,e,fcd45f4d-Audio_SP21.v0,group_0,1,fave,102.38243798942523,72.63194564322225,7,este,"",0.09000000000003183,curiosidad,tipo,t,#,t,t,final
412.6533373388201,1944.3280562799675,2416.662193406105,2.6221376672607466,2.6555640506735467,3.3865967250986406,4974.358974358975,0.0015309625278928174,498.47074999999995,0.161,0.3326446280991735,0-0-1123-1,e,fcd45f4d-Audio_SP21.v0,group_0,1,fave,152.8036310202674,72.29297985263047,7,de,"",0.4600000000000364,tipo,[silence],d,#,d,.,final
429.98455779161526,1932.6002094915216,2561.7192269360935,2.226037284432344,2.9281849912699784,3.661340250306079,5692.3076923076915,0.002171742436930572,500.34575,0.11100000000000002,0.3323353293413173,0-0-1127-1,e,fcd45f4d-Audio_SP21.v0,group_0,1,fave,99.5307788211458,77.92052891866977,7,de,"",0.3100000000000023,[silence],actividades,d,#,d,a,final
544.9757237240256,1618.4432260337014,2467.3023106425157,3.369930798831797,3.7707654078274917,3.7857487201332867,5871.794871794871,0.00003569835038869095,501.15275,0.025,0.33783783783783783,0-0-1128-9,e,fcd45f4d-Audio_SP21.v0,group_0,1,fave,NaN,70.45348652694179,7,actividades,"",0.05000000000001137,de,",",d,s,d,s,internal
542.7427042800769,1530.1755585501126,2286.6663936595787,2.7020224981627052,3.942715096145785,3.628934175334968,4974.358974358975,0.00003967891913348016,504.97275,0.025,0.33783783783783783,0-0-1136-0,e,fcd45f4d-Audio_SP21.v0,group_0,1,fave,273.5071442187611,64.37227487742908,7,estoy,"",0.05000000000001137,estamos,con,#,s,s,s,initial
439.59002088233393,1814.8633841434266,2534.6996885433896,2.1889900390357075,2.7981793008505904,3.512233197065262,5153.846153846154,0.0000685984412359037,507.33375,0.047,0.3263888888888889,0-0-1144-1,e,fcd45f4d-Audio_SP21.v0,group_0,1,fave,105.37631931320541,77.30044478322229,7,de,"",0.12000000000000455,manera,de,d,#,d,d,final
424.8790738416261,1676.3582245366542,2272.755004519465,2.1937235871335026,2.3935554761734066,3.2859315909383207,5333.333333333333,0.0003751172256831633,507.47875,0.037,0.32456140350877194,0-0-1145-1,e,fcd45f4d-Audio_SP21.v0,group_0,1,fave,225.9640041412329,72.912781377231,7,de,"",0.09000000000003183,de,[silence],d,#,d,.,final
457.29633210598263,1945.729867816769,2544.207914962187,3.832047862015008,2.430873531610629,3.197487377242501,4974.358974358975,0.0003451889586312565,514.45075,0.041,0.3306451612903226,0-0-1169-5,e,fcd45f4d-Audio_SP21.v0,group_0,1,fave,104.22366089602097,75.15070713335652,7,también,"",0.10000000000002274,que,está,i,n,i,n,internal
402.287223008657,1770.8829233125205,2519.5329110389544,3.2511566357304353,3.474901002682104,3.485250147230868,5692.3076923076915,0.000037228126939450775,514.8437500000001,0.027000000000000003,0.32142857142857145,0-0-1171-3,e,fcd45f4d-Audio_SP21.v0,group_0,1,fave,109.21785362983015,76.96521792402856,7,generando,"",0.05999999999994543,está,otro,n,R,n,R,internal
515.8764844692917,1480.199873025182,2107.7431563197715,2.6879648456879384,2.9478098818737695,3.2101249219965746,5512.820512820513,6.677519581221588e-6,529.65275,0.025,0.33783783783783783,0-0-1182-1,e,fcd45f4d-Audio_SP21.v0,group_0,1,fave,123.5550053447559,79.45085087051592,7,recuerdo,"",0.05000000000006821,la,porque,r,k,r,k,internal
435.4148391038393,1818.452874457435,2481.854231275646,1.9509720946586615,2.8739145944983875,3.4482868822960806,5692.3076923076915,0.0002736559338387021,532.05775,0.07500000000000001,0.3348214285714286,0-0-1187-3,e,fcd45f4d-Audio_SP21.v0,group_0,1,fave,108.4268929033634,76.8665810658431,7,este,"",0.20000000000004547,[silence],colocan,t,#,t,k,final
438.8302026770078,1900.4583282242993,2416.3671155767347,2.2596286497539393,2.6411435963964944,2.9542511067930106,4974.358974358975,0.0005689140764702908,534.5187500000001,0.137,0.33091787439613524,0-0-1194-1,e,fcd45f4d-Audio_SP21.v0,group_0,1,fave,165.44238343557575,70.48696481511695,7,de,"",0.38999999999998636,tarea,[silence],d,#,d,.,final
400.63744383913667,1846.2944266982531,2432.452732174821,1.9825654254589054,3.07616696534261,3.4965253908846727,5692.3076923076915,0.0002276405459764094,535.8507500000001,0.041,0.3306451612903226,0-0-1198-4,e,fcd45f4d-Audio_SP21.v0,group_0,1,fave,131.12901798728151,76.155183706951,7,Write,"",0.09999999999990905,Check,[silence],t,#,t,.,final
524.4054236642882,1867.2071723512274,2553.227799616988,3.2500638320680317,3.0927186323384834,3.489497500562092,5512.820512820513,0.00012061303626184738,539.94575,0.031,0.32978723404255317,0-0-1207-1,e,fcd45f4d-Audio_SP21.v0,group_0,1,fave,114.63863499279887,69.89540509282581,7,de,"",0.07000000000005002,compañía,[silence],d,#,d,.,final
441.85100913592606,1909.7951107516499,2390.432660449805,2.146000191850004,2.5485392036232377,3.3475526369992488,5153.846153846154,0.0005222666936794786,543.38975,0.13899999999999998,0.33574879227053134,0-0-1217-5,e,fcd45f4d-Audio_SP21.v0,group_0,1,fave,267.7656923066434,74.99273397193808,7,recibe,"",0.38999999999998636,envía,[silence],b,#,b,.,final
451.18363022015353,1956.5070782435107,2419.405678227063,2.3611221998428054,2.884623504297818,3.3939517686012333,5692.3076923076915,0.0003990103408718711,544.00075,0.061000000000000006,0.3315217391304348,0-0-1219-0,e,fcd45f4d-Audio_SP21.v0,group_0,1,fave,197.7454132621561,75.78910301457385,7,edita,"",0.15999999999996817,[silence],[silence],#,d,.,d,initial
351.0945307699401,1987.9317668882356,2347.8620004628556,2.8282783860662284,2.559434402351408,3.2619675089357423,5692.3076923076915,0.0003037512899004139,545.7537500000001,0.027000000000000003,0.32142857142857145,0-0-1222-3,e,fcd45f4d-Audio_SP21.v0,group_0,1,fave,108.8946108716412,60.9458164854616,7,cheque,"",0.05999999999994543,tipos,[silence],k,#,k,.,final
484.7310056096177,2104.0008182443353,2632.0341200971607,2.9855924627126056,3.446808931959604,3.450387448748075,5153.846153846154,0.00006246523990160942,546.9377499999999,0.035,0.3365384615384616,0-0-1227-2,e,fcd45f4d-Audio_SP21.v0,group_0,1,fave,110.63999729697736,71.48608270163191,7,cuestiones,"",0.08000000000004093,estas,.,u,s,u,s,internal
359.6367910596803,2105.3670917734257,2533.4223796341685,2.5258880342732413,3.2553462800011617,3.1738599759090924,4615.384615384615,0.00004901493378475574,547.2437500000001,0.027000000000000003,0.32142857142857145,0-0-1227-8,e,fcd45f4d-Audio_SP21.v0,group_0,1,fave,110.87148940996916,72.94858486784699,7,cuestiones,"",0.05999999999994543,estas,.,n,s,n,s,internal
386.30408016683276,1625.5043254206503,2309.479795951624,3.0901739441624803,3.39616985119503,3.7672838488039324,6230.7692307692305,0.024072193455558194,548.97275,0.045,0.3358208955223881,0-0-1234-1,e,fcd45f4d-Audio_SP21.v0,group_0,1,fave,123.57740329122646,74.65012824629288,7,sencilla,"",0.10999999999989996,tarea,.,s,n,s,n,internal
468.3589340885668,2055.354483599873,2531.2765811891713,3.4581640564425395,3.1704385753486286,2.9828525500087038,4615.384615384615,0.0019166988130918212,550.1187500000001,0.057,0.3275862068965517,0-0-1240-3,e,fcd45f4d-Audio_SP21.v0,group_0,1,fave,164.4746146997033,72.01719673774244,7,piden,"",0.14999999999997726,[silence],es,d,n,d,n,internal
439.98823861596094,1580.1630491083913,2181.0917924576934,2.5579568636000083,2.180507482459302,4.275764533031424,5692.3076923076915,9.445185472457642e-6,552.03275,0.025,0.33783783783783783,0-0-1245-4,e,fcd45f4d-Audio_SP21.v0,group_0,1,fave,97.79086152925342,72.02320670943811,7,darle,"",0.05000000000006821,publicación,like,l,#,l,l,final
553.5381304562211,1519.9959592098128,1701.7454476385217,2.5147328130427944,3.2937995689904835,3.8146108461601376,4615.384615384615,0.0033689666057199184,552.2837499999999,0.067,0.3284313725490197,0-0-1246-3,e,fcd45f4d-Audio_SP21.v0,group_0,1,fave,154.56288056991548,75.10659929958896,7,like,"",0.17999999999994998,darle,[silence],k,#,k,.,final
428.00728006538844,1776.8342708726927,2499.7562479174735,2.6041588211974007,3.42320730105126,3.511033034349533,5692.3076923076915,0.0005745752457041401,553.7087500000001,0.037,0.32456140350877194,0-0-1251-1,e,fcd45f4d-Audio_SP21.v0,group_0,1,fave,139.45867399133914,79.11070027727169,7,dejar,"",0.08999999999991815,y,una,d,x,d,x,internal
463.6339052533562,1393.7490285564058,2223.4429089757696,2.966582391060984,2.6261995299191536,3.1326454698497455,5692.3076923076915,0.000014426183220841851,554.16375,0.027000000000000003,0.32142857142857145,0-0-1253-1,e,fcd45f4d-Audio_SP21.v0,group_0,1,fave,114.32400989707777,78.20439302726318,7,pequeña,"",0.06000000000005912,una,reseña,p,k,p,k,internal
449.3915286234362,1855.357320155662,2471.384029373258,2.9201015123114566,3.6854721327295388,3.8307910863869865,5153.846153846154,0.00931598779896325,558.0127500000001,0.08499999999999999,0.33464566929133854,0-0-1264-2,e,fcd45f4d-Audio_SP21.v0,group_0,1,fave,279.4330868718305,70.30406927402362,7,hice,"",0.2300000000000182,que,",",z,#,z,.,final
487.83893622744586,2023.322684544945,2616.2753494618723,3.039480180360826,3.2979758159373675,3.6057609313991374,5512.820512820513,0.0003995232029834956,559.32575,0.051000000000000004,0.3311688311688312,0-0-1268-0,e,fcd45f4d-Audio_SP21.v0,group_0,1,fave,114.08763611454441,71.55189568741564,7,en,"",0.12999999999999545,[silence],cuanto,#,n,.,n,initial
487.1801888292946,1653.1815317376315,2402.9389246332294,2.256708209701969,3.045002051055857,3.373648355733983,5692.3076923076915,0.0003415328194711824,560.3227499999999,0.045,0.33582089552238803,0-0-1270-6,e,fcd45f4d-Audio_SP21.v0,group_0,1,fave,218.0937939251481,76.6475059629662,7,ingresé,"",0.11000000000001364,cuanto,[silence],s,#,s,.,final
533.4939252775124,1627.061829076147,2228.5339041947323,3.0071257561442737,3.1098183467821197,3.8037309353837103,5692.3076923076915,0.000010105838734254682,563.3737500000001,0.027000000000000003,0.32142857142857145,0-0-1280-1,e,fcd45f4d-Audio_SP21.v0,group_0,1,fave,124.36745535437343,77.93298725131207,7,me,"",0.05999999999994543,[silence],costó,m,#,m,k,final
443.95565010105537,1899.0863178896877,2433.7244617518795,1.9590968118059244,2.828752218737728,3.2391521079127,4974.358974358975,0.0001362854391399226,565.6377500000001,0.055,0.33536585365853655,0-0-1290-4,e,fcd45f4d-Audio_SP21.v0,group_0,1,fave,119.12432275214367,77.49743860563188,7,porque,"",0.13999999999998636,",",es,k,#,k,s,final
458.70946643469915,1554.0078218552342,2188.588943043171,2.6631249999125806,3.6668727153981195,4.080184338177317,5692.3076923076915,0.00011895633910084328,566.3537500000001,0.027000000000000003,0.32142857142857145,0-0-1294-2,e,fcd45f4d-Audio_SP21.v0,group_0,1,fave,137.75550557886345,74.50232562662752,7,específico,"",0.05999999999994543,tiempo,y,p,z,p,z,internal
435.75070112659307,1659.1182505777183,2205.950016960778,3.0585645953804037,2.851882528770851,3.503472514093819,5153.846153846154,0.0006549087946831819,567.40875,0.057,0.32758620689655177,0-0-1297-3,e,fcd45f4d-Audio_SP21.v0,group_0,1,fave,105.69589435252017,69.99970360538963,7,veces,"",0.14999999999997726,a,me,z,s,z,s,internal
528.6698960386668,1916.237914095918,2450.1503901998826,3.4275021082602226,2.6483862899446065,3.18451983113899,4615.384615384615,0.024166887740336665,567.79275,0.165,0.3340080971659919,0-0-1298-1,e,fcd45f4d-Audio_SP21.v0,group_0,1,fave,111.41953641806647,70.1554046834142,7,me,"",0.4699999999999136,veces,[silence],m,#,m,.,final
276.9368531298782,1663.628784279479,2527.1836516248322,3.505818118830695,3.1615143867183493,3.6309522909798146,5692.3076923076915,0.0000671918853716501,574.41275,0.025,0.33783783783783783,0-0-1321-1,e,fcd45f4d-Audio_SP21.v0,group_0,1,fave,105.24914220948867,69.62071297258413,7,negativamente,"",0.05000000000006821,calificarme,.,n,g,n,g,internal
431.7274021682467,1873.5849930641766,2398.8988664547487,2.3123065956198245,3.2289086403387666,3.0709055061793675,5692.3076923076915,0.001170251594245695,602.06875,0.197,0.33164983164983164,0-0-1328-3,e,fcd45f4d-Audio_SP21.v0,group_0,1,fave,106.33697911819264,73.20017838323731,7,este,"",0.5699999999999363,[silence],[silence],t,#,t,.,final
444.0358399207734,1915.4824187564313,2417.1486011000425,2.2365526060583982,2.9633071812097307,3.4569069413637195,5153.846153846154,0.00011947946700297083,607.6027500000001,0.065,0.33505154639175255,0-0-1344-1,e,fcd45f4d-Audio_SP21.v0,group_0,1,fave,113.44290122755122,74.30303525002059,7,de,"",0.16999999999995907,tareas,creaciones,d,#,d,k,final
390.15404150585937,1957.8877232656125,2523.3842929615116,2.640565451283834,2.5592526208168773,3.2649872740381203,5512.820512820513,0.00006728679860443641,611.52775,0.035,0.33653846153846156,0-0-1351-1,e,fcd45f4d-Audio_SP21.v0,group_0,1,fave,112.6629951308506,78.19513993419825,7,de,"",0.08000000000004093,[silence],Gmail,d,#,d,g,final
435.98279478611147,1786.9153860881502,2429.5667455650027,2.3051489138490378,2.9147178528226996,3.53169427846303,5512.820512820513,0.0023016664918130156,613.5277500000001,0.07500000000000001,0.3348214285714286,0-0-1355-4,e,fcd45f4d-Audio_SP21.v0,group_0,1,fave,113.32180602688396,74.9123758108972,7,AOL,"",0.20000000000004547,[silence],[silence],l,#,l,.,final
435.10446577056297,1965.0688799911502,2486.1467365034177,2.2580561986116683,2.7064815037100827,3.0905986655891473,5153.846153846154,0.00006323044459324105,616.00075,0.061000000000000006,0.3315217391304348,0-0-1363-0,e,fcd45f4d-Audio_SP21.v0,group_0,1,fave,105.86385147421774,78.11118715042264,7,Estoy,"",0.15999999999996817,.,realizando,#,s,"",s,initial
445.88732360574346,1641.9770776168837,2282.367794200023,2.438192007614178,2.4460307276919373,4.294243610143035,5153.846153846154,0.00004858872901279313,616.9637500000001,0.027000000000000003,0.32142857142857145,0-0-1365-1,e,fcd45f4d-Audio_SP21.v0,group_0,1,fave,111.47311330185325,70.4707918557777,7,ese,"",0.05999999999994543,realizando,tipo,s,#,s,t,final
356.4227217621573,1962.946975994567,2359.826310287668,2.4945086503238603,4.10107237881698,3.414809499491632,4974.358974358975,0.00008176323358548583,618.05375,0.027000000000000003,0.32142857142857145,0-0-1369-4,e,fcd45f4d-Audio_SP21.v0,group_0,1,fave,3878.4154498841986,66.6204288621474,7,porque,"",0.06000000000005912,tareas,son,k,#,k,s,final
442.7973185656832,1804.7349508564787,2463.0684029142335,2.104025704317771,3.1150575519644397,3.3453670268445563,5692.3076923076915,0.000011216566057269411,623.42375,0.027000000000000003,0.32142857142857145,0-0-1385-3,e,fcd45f4d-Audio_SP21.v0,group_0,1,fave,114.8129788131457,80.72520717326795,7,independientemente,"",0.06000000000005912,[silence],[silence],d,p,d,p,internal
466.30108078258274,1682.2060672408677,2365.550412387585,2.352809278094256,2.7570843480164946,3.2284601124871273,5692.3076923076915,1.7260629954389469e-6,623.55275,0.025,0.33783783783783783,0-0-1385-5,e,fcd45f4d-Audio_SP21.v0,group_0,1,fave,113.89387257246116,79.38448846046435,7,independientemente,"",0.05000000000006821,[silence],[silence],p,n,p,n,internal
443.80371712519263,1674.3755446675393,2351.585628999437,1.6488532962291704,2.961562733540853,3.8290330319661714,5692.3076923076915,0.000051465823214287044,624.2487500000001,0.037,0.32456140350877194,0-0-1385-17,e,fcd45f4d-Audio_SP21.v0,group_0,1,fave,148.42163385816656,77.62426389125713,7,independientemente,"",0.09000000000003183,[silence],[silence],t,#,t,.,final
471.5758409603753,1649.107684845844,2444.5762678190417,2.5208629425621725,2.330984216574684,4.146837151531541,5692.3076923076915,0.00006423883301949617,629.3127499999999,0.025,0.33783783783783783,0-0-1406-1,e,fcd45f4d-Audio_SP21.v0,group_0,1,fave,234.5194339827849,77.62056493008978,7,se,"",0.05000000000006821,[silence],ve,s,#,s,b,final
434.97318682893757,1560.4893505742007,1924.4423736341002,2.7256179853239226,2.4970699874688678,3.9247775686160513,5692.3076923076915,0.000025942050063745985,635.29275,0.025,0.33783783783783783,0-0-1428-0,e,fcd45f4d-Audio_SP21.v0,group_0,1,fave,104.39872861831985,71.45822496551773,7,estilo,"",0.05000000000006821,el,[silence],#,s,l,s,initial
463.58885152067506,1917.7695232590618,2464.013892024811,2.290977280586425,2.7375029733560314,3.5147082030485968,5692.3076923076915,0.00010640831779158881,636.92575,0.07100000000000001,0.3317757009345795,0-0-1432-2,e,fcd45f4d-Audio_SP21.v0,group_0,1,fave,157.62061045601027,78.34856633294869,7,pues,"",0.19000000000005457,[silence],.,u,s,u,s,internal
413.7756345165872,2096.4126724201574,2526.659497468846,3.4991621297710673,3.0246592301810478,3.1078900270587155,4974.358974358975,0.0003114404059868506,637.48275,0.045,0.3358208955223881,0-0-1434-5,e,fcd45f4d-Audio_SP21.v0,group_0,1,fave,105.8907268351602,71.04019674350185,7,También,"",0.11000000000001364,.,hago,i,n,i,n,internal
458.3493777428076,1908.0166814462173,2480.530274908654,2.8034685444386183,2.4450683965915982,3.1714688988919715,5512.820512820513,0.001124137520781556,638.85275,0.225,0.3338278931750742,0-0-1441-1,e,fcd45f4d-Audio_SP21.v0,group_0,1,fave,102.76268958451855,71.75776409596642,7,de,"",0.6499999999999773,son,[silence],d,#,d,.,final
455.8674073027032,1694.6163713697254,2396.7073216670383,2.3459042089988973,2.70464519471132,3.6644533924121214,5692.3076923076915,6.825487046846242e-6,640.9557500000001,0.031,0.32978723404255317,0-0-1450-1,e,fcd45f4d-Audio_SP21.v0,group_0,1,fave,141.98973778160303,80.64642375698016,7,Telegram,"",0.06999999999993634,[silence],[silence],t,l,t,l,internal
459.67069605828425,1650.3053846216976,2379.129997281919,2.3690969986987898,3.0602203143965685,3.475086767603909,5512.820512820513,0.0000173797780888732,641.07375,0.027000000000000003,0.32142857142857145,0-0-1450-3,e,fcd45f4d-Audio_SP21.v0,group_0,1,fave,121.08161141775848,79.42926311783731,7,Telegram,"",0.06000000000005912,[silence],[silence],l,g,l,g,internal
428.4900100382625,1830.3328639005956,2524.0806558467475,3.390760915293526,3.0947285846058623,3.3307469083607764,5692.3076923076915,0.00005123523797464462,645.06575,0.031,0.32978723404255317,0-0-1460-8,e,fcd45f4d-Audio_SP21.v0,group_0,1,fave,122.71301204886693,75.5432546205745,7,criptomonedas,"",0.07000000000005002,de,.,n,d,n,d,internal
502.5773635116403,1971.1947269415018,2432.8514938369567,2.950086608979558,2.5906472020548894,3.5263962310837456,4974.358974358975,0.002216533660079942,646.02075,0.041,0.3306451612903226,0-0-1464-0,e,fcd45f4d-Audio_SP21.v0,group_0,1,fave,152.20959541046517,67.57101647819724,7,En,"",0.10000000000002274,[silence],el,#,n,.,n,initial
481.21180067587306,2022.454511880721,2535.7876791620456,3.3939213582565335,2.3205303011771568,2.7926922580829356,4974.358974358975,0.00008420631656196779,647.34075,0.061000000000000006,0.3315217391304348,0-0-1469-8,e,fcd45f4d-Audio_SP21.v0,group_0,1,fave,100.68401378824744,73.12404277089496,7,criptomonedas,"",0.16000000000008185,la,este,n,d,n,d,internal
463.3817640417476,1622.3888217740964,2309.19105839919,2.6693967213283427,3.008941475710396,3.601634944387404,5153.846153846154,0.000027092414016176957,652.17375,0.027000000000000003,0.32142857142857145,0-0-1483-3,e,fcd45f4d-Audio_SP21.v0,group_0,1,fave,112.94274492899658,77.44250499010323,7,navegador,"",0.06000000000005912,un,[silence],b,g,b,g,internal
397.71768854638026,2019.9038591568433,2552.3571128035233,3.57315954469258,3.100131692172679,3.5315382945580005,5153.846153846154,0.00021842666337373442,653.19575,0.031,0.32978723404255317,0-0-1487-0,e,fcd45f4d-Audio_SP21.v0,group_0,1,fave,103.52001386177952,72.9004910913223,7,empieza,"",0.07000000000005002,también,a,#,m,n,m,initial
395.62755520080924,1788.568145502424,2422.5865156476966,2.544901572257126,2.9848911721085165,3.379912033653899,4974.358974358975,0.00016406640193003573,671.28775,0.035,0.33653846153846156,0-0-1538-12,e,fcd45f4d-Audio_SP21.v0,group_0,1,fave,132.05717576360354,71.18609790882212,7,anteriormente,"",0.08000000000004093,indiqué,que,t,#,t,k,final
453.6613044284137,1937.3198331751348,2374.5633073100867,2.878607244050603,2.756573857047301,3.268425085568301,5333.333333333333,0.00016861650140696165,671.51275,0.045,0.33582089552238803,0-0-1541-0,e,fcd45f4d-Audio_SP21.v0,group_0,1,fave,102.99743460642708,70.10886301170142,7,Star,"",0.11000000000001364,es,[silence],#,s,s,s,initial
464.17811813260465,1801.882413162315,2428.5064442591524,2.7377833911166523,2.955105280041143,3.817199811326213,5153.846153846154,0.00004610775928465077,674.9987500000001,0.037000000000000005,0.324561403508772,0-0-1552-5,e,fcd45f4d-Audio_SP21.v0,group_0,1,fave,143.7324371519063,72.44506990553444,7,también,"",0.09000000000003183,allí,[silence],i,n,i,n,internal
421.2254318680718,1722.8765723628335,2488.4558857522225,2.5817449827922974,3.472125354726595,3.823146293113254,5692.3076923076915,0.0006776013086079734,678.85775,0.035,0.33653846153846156,0-0-1565-3,e,fcd45f4d-Audio_SP21.v0,group_0,1,fave,348.83569287381437,77.88746040847784,7,antes,"",0.07999999999992724,[silence],realizaba,t,s,t,s,internal
465.656224877682,1731.610271124091,2460.1504781409194,2.710259160491155,3.6978403049845543,3.5805700157591978,4794.871794871795,0.0003788179224963147,681.0677499999999,0.035,0.3365384615384616,0-0-1571-1,e,fcd45f4d-Audio_SP21.v0,group_0,1,fave,113.9806335032035,75.8556843557037,7,de,"",0.08000000000004093,son,publicación,d,#,d,p,final
482.32843409692634,1916.7457896588867,2467.984896543523,2.7381757267838385,3.3644585342255433,3.8830405665687526,5692.3076923076915,0.0011311565009312406,682.89575,0.07100000000000001,0.3317757009345795,0-0-1576-1,e,fcd45f4d-Audio_SP21.v0,group_0,1,fave,124.41227910719552,77.67520319258118,7,de,"",0.18999999999994088,ADS,Facebook,d,#,d,f,final
496.5914670917055,1627.0889620227406,2208.713557036845,2.681922331403361,2.8781565497819375,3.868960259712236,5692.3076923076915,0.022994768303176115,683.4437499999999,0.067,0.32843137254901966,0-0-1577-3,e,fcd45f4d-Audio_SP21.v0,group_0,1,fave,118.36763070207266,77.5019303301383,7,Facebook,"",0.18000000000006366,de,",",s,b,s,b,internal
437.3573339874807,1767.558281790553,2509.92638413972,1.9806397937254026,3.3940790536884786,3.214009622355969,5692.3076923076915,8.539052758437854e-6,684.05575,0.031,0.32978723404255317,0-0-1579-1,e,fcd45f4d-Audio_SP21.v0,group_0,1,fave,134.7062160089065,78.61665926384497,7,de,"",0.07000000000005002,",",publicidad,d,#,d,p,final
445.44460766166446,1702.7014168051678,2461.2736505204834,3.537741189348173,3.424474791626665,3.4339588698624732,4974.358974358975,0.0004047921416168892,687.01575,0.031,0.32978723404255317,0-0-1592-1,e,fcd45f4d-Audio_SP21.v0,group_0,1,fave,114.37409360318449,75.00894108422652,7,mejoraron,"",0.07000000000005002,que,la,m,x,m,x,internal
446.11482443921074,1629.6968710588749,2401.2486751242095,2.496067579919058,2.717618016280915,3.842413527293896,5512.820512820513,9.780281612517774e-6,690.17275,0.025,0.33783783783783783,0-0-1603-1,e,fcd45f4d-Audio_SP21.v0,group_0,1,fave,114.93985450009188,71.65803741603547,7,ese,"",0.05000000000006821,para,tipo,s,#,s,t,final
451.1014004794992,1773.1925299256038,2344.5776113646307,2.1952198182097824,2.6355749271186477,3.9539154268317467,5512.820512820513,0.0030264305366444286,703.34275,0.08499999999999999,0.33464566929133854,0-0-1616-0,e,fcd45f4d-Audio_SP21.v0,group_0,1,fave,147.00146859295555,78.40536839320407,7,el,"",0.2300000000000182,[silence],tie(mpo),#,l,.,l,initial
464.96956619717565,1600.779183218432,2329.5578645140367,2.2852265639757827,2.9553382594197926,2.999978724494577,5692.3076923076915,0.0005414814746809234,716.81775,0.055,0.33536585365853655,0-0-1668-6,e,fcd45f4d-Audio_SP21.v0,group_0,1,fave,450.4097714108992,71.01365529039043,7,entonces,"",0.13999999999998636,llamada,[silence],z,s,z,s,internal
457.85117329258486,1859.6200882256992,2457.605910456018,1.9336513335906593,2.7695585999761336,3.7999603701527396,6051.282051282051,0.0021188083649605425,721.4207500000001,0.161,0.3326446280991735,0-0-1680-3,e,fcd45f4d-Audio_SP21.v0,group_0,1,fave,127.74565925442278,76.79748614952855,7,este,"",0.4599999999999227,[silence],[silence],t,#,t,.,final
476.80164487483046,1873.6307704191806,2410.5455362018674,3.503078220878745,2.762719578978939,3.8827602132498846,5512.820512820513,0.000042675682150700354,723.54275,0.025,0.33783783783783783,0-0-1689-0,e,fcd45f4d-Audio_SP21.v0,group_0,1,fave,117.54587753655296,70.1893676162255,7,en,"",0.05000000000006821,revisar,mi,#,n,R,n,initial
470.8086097948058,1830.8859954058908,2404.8713980821412,1.9166925165346218,2.9042309446125003,3.553765639159389,5692.3076923076915,0.0005026184396527356,724.87375,0.10700000000000001,0.3302469135802469,0-0-1693-1,e,fcd45f4d-Audio_SP21.v0,group_0,1,fave,123.07630280149597,78.25336428369714,7,de,"",0.2999999999999545,perfil,trabajador,d,#,d,t,final
458.68945197056775,1675.8449091598557,2424.3841184173743,2.061052824397435,2.460089402151071,2.7985912027589324,5692.3076923076915,2.215293185523172e-6,726.28275,0.025,0.33783783783783783,0-0-1696-3,e,fcd45f4d-Audio_SP21.v0,group_0,1,fave,115.33981514577889,79.75530092840631,7,este,"",0.05000000000006821,[silence],tengo,t,#,t,t,final
499.45536602350404,1567.2260729953175,2067.932380381019,2.306912709982224,2.737848378858276,3.0921409456177136,5692.3076923076915,0.000013360203735579874,726.82375,0.027000000000000003,0.32142857142857145,0-0-1699-1,e,fcd45f4d-Audio_SP21.v0,group_0,1,fave,121.71228124052028,80.03284169622759,7,recuerdo,"",0.06000000000005912,un,[silence],r,k,r,k,internal
452.32307153795193,1586.4663519728433,2369.614885700551,2.4247833485352164,3.0482760354625764,3.611298751651631,5692.3076923076915,0.000018148652406339005,728.1337500000001,0.027000000000000003,0.32142857142857145,0-0-1701-7,e,fcd45f4d-Audio_SP21.v0,group_0,1,fave,224.24675930330204,76.47234441098371,7,bastante,"",0.05999999999994543,[silence],considerable,t,#,t,k,final
473.09014012759565,1434.4068783507469,2056.022175988853,2.418098318895981,2.75680359625137,3.738906363462738,5692.3076923076915,0.000024658361506354664,732.44375,0.027000000000000003,0.32142857142857145,0-0-1718-3,e,fcd45f4d-Audio_SP21.v0,group_0,1,fave,114.12723268872902,77.27470168515721,7,parecido,"",0.06000000000005912,ha,sorprendente,R,z,R,z,internal
516.7493149328702,1871.7085440961273,2453.4120819056275,2.7316628356646233,3.249845960365377,3.7443141179032584,5333.333333333333,0.0005191691167499347,746.2057500000001,0.031,0.32978723404255317,0-0-1738-1,e,fcd45f4d-Audio_SP21.v0,group_0,1,fave,119.59218341007674,73.73998004881376,7,me,"",0.06999999999993634,se,complican,m,#,m,k,final
445.98916232308886,1985.6147027111072,2547.8830306758437,3.6165543410667502,3.0756222593954416,4.1438260230852455,5512.820512820513,0.0006526617469490513,754.15575,0.031,0.32978723404255317,0-0-1760-0,e,fcd45f4d-Audio_SP21.v0,group_0,1,fave,106.33070900104816,74.26527678706104,7,en,"",0.07000000000005002,es,Reddit,#,n,s,n,initial
382.46698573838074,1766.8006905802265,2281.439422826631,2.5266016743625,2.8051102547247178,3.953520498753303,4974.358974358975,0.010102643744094612,754.4337499999999,0.067,0.3284313725490196,0-0-1761-1,e,fcd45f4d-Audio_SP21.v0,group_0,1,fave,107.29202420116512,75.49918409338204,7,Reddit,"",0.18000000000006366,en,[silence],r,d,r,d,internal
500.0644920858689,2035.059534656096,2304.51220890281,3.4553668893045955,3.318267577828497,4.943455195586341,5871.794871794871,0.00007471966047345884,757.0837500000001,0.027000000000000003,0.32142857142857145,0-0-1772-0,e,fcd45f4d-Audio_SP21.v0,group_0,1,fave,134.0899350305462,73.98029045355275,7,entiendo,"",0.05999999999994543,las,",",#,n,s,n,initial
418.73897619648125,1980.6535657126058,2480.6107623362564,2.734822875531282,3.534099017208438,3.48708280699146,5512.820512820513,0.000018814832367770537,759.3637500000001,0.027000000000000003,0.32142857142857145,0-0-1780-4,e,fcd45f4d-Audio_SP21.v0,group_0,1,fave,114.7063144680186,77.87787218834312,7,porque,"",0.05999999999994543,[silence],no,k,#,k,n,final
453.97530113604734,1653.5064683444045,2316.122866707521,2.7146112071220467,3.2193373179446665,3.3028746699697913,5512.820512820513,0.00007271928827868871,776.5137500000001,0.047,0.3263888888888889,0-0-1805-1,e,fcd45f4d-Audio_SP21.v0,group_0,1,fave,133.5868199844557,79.07745872271374,7,sé,"",0.12000000000000455,concursos,lo,s,#,s,l,final
486.8768621301537,1627.3421872339134,2436.061993673689,2.709523342343903,2.9063840683602,3.8763973249612267,5512.820512820513,0.0001625306319637646,783.1237500000001,0.027000000000000003,0.32142857142857145,0-0-1829-1,e,fcd45f4d-Audio_SP21.v0,group_0,1,fave,116.31472897556247,77.01714155893326,7,de,"",0.05999999999994543,oportunidades,postear,d,#,d,p,final
485.4570879305034,1929.295837077867,2449.852154560295,2.5100118424190105,2.911229513404285,3.9635993972855124,5692.3076923076915,0.00043270317255811937,784.29575,0.07100000000000001,0.3317757009345795,0-0-1834-0,e,fcd45f4d-Audio_SP21.v0,group_0,1,fave,243.56889903552943,75.38221740232322,7,el,"",0.19000000000005457,[silence],[silence],#,l,.,l,initial
503.24787318208945,1852.1268256624082,2576.431646385477,3.1513980438603824,3.0991153342910924,3.1803733134655303,5153.846153846154,0.00003665643619352559,785.8937500000001,0.027000000000000003,0.32142857142857145,0-0-1839-0,e,fcd45f4d-Audio_SP21.v0,group_0,1,fave,122.37341796838604,60.86095233128744,7,en,"",0.06000000000005912,[silence],postear,#,n,.,n,initial
344.0311992585905,2118.0046492553483,2493.1973352355853,2.284040864725267,2.3078067677289726,3.5654141132826367,5512.820512820513,0.00014850917669750907,791.3287499999999,0.097,0.3299319727891157,0-0-1848-3,e,fcd45f4d-Audio_SP21.v0,group_0,1,fave,127.27096856262159,74.2256121608446,7,veces,"",0.2699999999999818,a,[silence],z,s,z,s,internal
328.6700222229903,1692.9968634040265,2434.3117946957673,3.1291568622909947,2.909552774194388,3.981112833750212,4615.384615384615,0.0002130378067023109,793.5037500000001,0.027000000000000003,0.32142857142857145,0-0-1854-3,e,fcd45f4d-Audio_SP21.v0,group_0,1,fave,135.89002458146024,73.0074096074278,7,veces,"",0.05999999999994543,las,sé,z,s,z,s,internal
457.2077838392485,1674.3945802006322,2456.89041612967,2.913633703574631,2.2424345698855155,3.4822459618891375,5692.3076923076915,0.00011612235570244228,793.69375,0.027000000000000003,0.32142857142857145,0-0-1855-1,e,fcd45f4d-Audio_SP21.v0,group_0,1,fave,152.99139453451565,73.90962199688036,7,sé,"",0.06000000000005912,veces,de,s,#,s,d,final
416.1713879405226,1646.623706938492,4017.362150382052,2.746130265817702,3.095127655628618,4.1097513488669435,6769.2307692307695,0.00006608436155485833,794.1237500000001,0.027000000000000003,0.32142857142857145,0-0-1859-1,e,fcd45f4d-Audio_SP21.v0,group_0,1,fave,136.49509633519045,75.85622342544603,7,se,"",0.05999999999994543,qué,trata,s,#,s,t,final
433.7464425322576,1984.7841936044424,2493.9484924689564,2.2462418350954905,2.680571731708523,3.561727191490249,5692.3076923076915,0.0002645414300506181,795.8287499999999,0.097,0.3299319727891157,0-0-1866-3,e,fcd45f4d-Audio_SP21.v0,group_0,1,fave,107.8971754749156,78.83009742663347,7,Este,"",0.2699999999999818,[silence],no,t,#,t,n,final
387.01833947344136,1992.7619511142782,2279.8203731859635,2.6973945360640053,2.6128186716186406,2.6386094423445554,5512.820512820513,0.0008762722069224697,801.12275,0.045,0.33582089552238803,0-0-1881-3,e,fcd45f4d-Audio_SP21.v0,group_0,1,fave,166.16110062482647,64.94652949949007,7,este,"",0.11000000000001364,[silence],[silence],t,#,t,.,final
463.3958148829121,1783.2798843443582,2508.999065532109,2.129376452542047,3.2498734038104558,3.6107481092117433,5692.3076923076915,0.000023807026572797874,803.11575,0.031,0.32978723404255317,0-0-1886-3,e,fcd45f4d-Audio_SP21.v0,group_0,1,fave,111.5753713625151,80.90663451308181,7,indebidas,"",0.06999999999993634,son,pues,d,b,d,b,internal
482.01573425070916,1939.7469101782556,2538.623441284551,2.6529241883971846,2.334700939048765,3.4758078993161674,4974.358974358975,0.002718157368987194,804.43075,0.101,0.3322368421052631,0-0-1890-0,e,fcd45f4d-Audio_SP21.v0,group_0,1,fave,165.75495357801623,63.612715580025196,7,Entonces,"",0.2799999999999727,.,no,#,n,"",n,initial
422.458313246999,1652.9104865039842,2900.889219514389,2.9029441054125478,2.6602578504667793,4.408520234618819,5512.820512820513,0.00011604189790758754,805.03275,0.025,0.33783783783783783,0-0-1890-6,e,fcd45f4d-Audio_SP21.v0,group_0,1,fave,82.43175681169319,67.80062545334604,7,Entonces,"",0.05000000000006821,.,no,z,s,z,s,internal
428.9368650077393,1594.54741436787,2452.4477240285237,2.674774968333281,3.2135640996603256,4.675933374765182,5512.820512820513,0.00024204824699178862,805.9537500000001,0.027000000000000003,0.32142857142857145,0-0-1895-1,e,fcd45f4d-Audio_SP21.v0,group_0,1,fave,122.12255298978344,75.59129902923614,7,ese,"",0.05999999999994543,realizar,tipo,s,#,s,t,final
342.2687764054387,1959.8601652038535,2330.133597796201,2.525454128855445,3.067131473807678,3.0619112103655497,5512.820512820513,0.00006478639324476108,806.81575,0.031,0.32978723404255317,0-0-1899-4,e,fcd45f4d-Audio_SP21.v0,group_0,1,fave,135.33091871744006,73.7353736923629,7,porque,"",0.07000000000005002,tareas,involucran,k,#,k,i,final
524.5664363327729,1784.517520876877,2522.977633615977,3.3732588559681416,3.346636411959839,3.3909971536766688,5153.846153846154,0.00043548923853544026,807.8227499999999,0.045,0.3358208955223881,0-0-1903-0,e,fcd45f4d-Audio_SP21.v0,group_0,1,fave,133.314591105178,71.31765234011958,7,en,"",0.11000000000001364,uno,sus,#,n,o,n,initial
411.1370715828561,2046.9012458195152,2434.291252453951,2.103856139309946,2.4114320258051105,3.40677760835547,4794.871794871795,0.0002488827751519818,809.22575,0.11100000000000002,0.3323353293413173,0-0-1907-1,e,fcd45f4d-Audio_SP21.v0,group_0,1,fave,101.5986829452142,75.22944066664726,7,de,"",0.3100000000000591,cuentas,[silence],d,#,d,.,final
438.1309630001197,1941.3317263558306,2402.7654858504134,2.4513825152082194,3.0202808907715437,3.883836037780359,5692.3076923076915,0.000010791546315407001,811.27575,0.031,0.32978723404255317,0-0-1913-3,e,fcd45f4d-Audio_SP21.v0,group_0,1,fave,106.05805106956859,78.726661098425,7,Facebook,"",0.07000000000005002,del,de,s,b,s,b,internal
477.9299036144984,1631.0158099148953,2241.884137400312,2.480186591247445,2.949163046483194,3.3634210485141396,5153.846153846154,0.0006919857243206945,812.47075,0.08099999999999999,0.3319672131147541,0-0-1916-1,e,fcd45f4d-Audio_SP21.v0,group_0,1,fave,103.54154961280557,73.31278187643515,7,de,"",0.22000000000002728,Instagram,[silence],d,#,d,"",final
386.21935641298245,1643.6224353732748,3194.058579867386,2.9313317809010386,3.3033681476354433,5.108959870607508,5871.794871794871,0.0010892062232175379,814.4377499999999,0.035,0.3365384615384616,0-0-1925-1,e,fcd45f4d-Audio_SP21.v0,group_0,1,fave,110.43959643127833,68.77309611785331,7,ese,"",0.08000000000004093,gusta,tipo,s,#,s,t,final
389.5698155905843,1659.6776212568038,2367.6813858050514,2.802169449786548,2.879011095412972,3.563807622466025,5692.3076923076915,0.00001440098365486086,817.05275,0.025,0.33783783783783783,0-0-1934-1,e,fcd45f4d-Audio_SP21.v0,group_0,1,fave,109.65699786296813,76.82688278547407,7,realizo,"",0.05000000000006821,las,[silence],r,a,r,a,internal
460.28596997873564,2044.5717957594743,2532.268880388425,2.088410151757694,3.160312157056641,3.761806641568874,5512.820512820513,0.004162169015605058,831.18575,0.331,0.33299798792756535,0-0-1959-4,e,fcd45f4d-Audio_SP21.v0,group_0,1,fave,171.44926556419927,74.91030764814172,7,Porque,"",0.9700000000000273,.,%%,k,#,k,&,final
523.8497055252514,1714.7053900821638,2525.1430174506295,3.2226507659446435,2.8654201563865977,3.388418795588527,5333.333333333333,0.000036507782873101085,838.18575,0.031,0.32978723404255317,0-0-1978-9,e,fcd45f4d-Audio_SP21.v0,group_0,1,fave,167.11015110202533,69.24517224719341,7,condiciones,"",0.07000000000005002,las,que,n,s,n,s,internal
463.88287650709253,1708.1100604989276,2440.3241386254576,2.5053007122590847,3.0802811175161633,3.7786312725142017,5692.3076923076915,0.0000118212132732044,843.44375,0.027000000000000003,0.32142857142857145,0-0-2000-4,e,fcd45f4d-Audio_SP21.v0,group_0,1,fave,118.93762381193457,76.81008428569122,7,tiene,"",0.06000000000005912,uno,que,n,#,n,k,final
393.3843928881094,1578.0638042506462,2514.9332720183406,2.814003485112656,3.809048420408351,3.89395148390276,5692.3076923076915,0.00006361967432268898,845.91375,0.027000000000000003,0.32142857142857145,0-0-2011-6,e,fcd45f4d-Audio_SP21.v0,group_0,1,fave,125.19071527147618,71.572006733676,7,Entonces,"",0.06000000000005912,[silence],preferí,z,s,z,s,internal
354.2889732360331,1663.6815945671174,2542.2335964864574,2.9489234306366807,3.3938234251294395,3.8136174287010136,5153.846153846154,0.0001558829709471582,850.0037500000001,0.027000000000000003,0.32142857142857145,0-0-2024-1,e,fcd45f4d-Audio_SP21.v0,group_0,1,fave,118.35277547143198,74.88134919371623,7,ese,"",0.05999999999994543,hacer,tipo,s,#,s,t,final
468.1077210119141,1754.464652759004,2323.2320876118965,2.2508717863161736,3.3292466821961404,3.6513498903247874,5153.846153846154,0.00015716782573021,853.7937499999999,0.067,0.32843137254901966,0-0-2034-5,e,fcd45f4d-Audio_SP21.v0,group_0,1,fave,145.9945368434043,76.84312377298593,7,nombre,"",0.18000000000006366,mi,[silence],R,#,R,.,final
472.4539029324796,1601.675967755173,2165.4834710464743,3.102952427201779,2.6878051059527763,3.2876483866311075,5512.820512820513,0.00002369873859002256,854.9657500000001,0.031,0.32978723404255317,0-0-2037-1,e,fcd45f4d-Audio_SP21.v0,group_0,1,fave,105.16702935362983,77.13361867186875,7,real,"",0.06999999999993634,el,pues,r,á,r,á,internal
451.58483485519645,1910.4455074375028,2340.3731267017274,1.8846805971004663,2.930237178982311,3.5483514023867717,4974.358974358975,0.00010347371780056426,857.33275,0.065,0.33505154639175255,0-0-2048-4,e,fcd45f4d-Audio_SP21.v0,group_0,1,fave,110.53900754703703,74.01322376842343,7,porque,"",0.17000000000007276,nada,sé,k,#,k,s,final
450.97204558928564,1723.7248756463628,2383.1879374107134,2.347247341984742,3.1173790642652013,3.8084401482297117,5512.820512820513,0.00024230022766220775,857.61275,0.045,0.33582089552238803,0-0-2049-1,e,fcd45f4d-Audio_SP21.v0,group_0,1,fave,110.09097352318898,77.79992775818124,7,sé,"",0.11000000000001364,porque,que,s,#,s,k,final
362.2988614240597,1858.6647725922562,2653.7271954673956,3.0272690673869884,2.3170739361522865,3.380175370550514,5153.846153846154,0.000011232600617627829,870.5727499999999,0.025,0.33783783783783783,0-0-2059-2,e,fcd45f4d-Audio_SP21.v0,group_0,1,fave,108.6376750774032,72.86622169546723,7,Oye,"",0.05000000000006821,[silence],yo,y,#,y,y,final
486.30631864026446,1179.82157144049,2050.106756234558,2.025949753426502,3.5895806479007706,3.6363533595114306,5512.820512820513,0.00030587304473778045,872.1137500000001,0.027000000000000003,0.32142857142857145,0-0-2065-0,e,fcd45f4d-Audio_SP21.v0,group_0,1,fave,119.87422052637721,82.27828401834905,7,ejemplo,"",0.05999999999994543,por,en,#,x,R,x,initial
436.31867637951325,1905.4581366085456,2393.7562276608496,2.1014708191063876,2.693581136579251,3.458037159395275,4974.358974358975,0.0006467498076789783,873.98575,0.091,0.3321167883211679,0-0-2070-3,e,fcd45f4d-Audio_SP21.v0,group_0,1,fave,107.57145310931801,77.00571752335554,7,este,"",0.25,[silence],antes,t,#,t,á,final
435.1318717033114,1712.448541954095,2359.5802490539313,2.3878754881587905,2.5185039812145646,3.6478455015612767,5692.3076923076915,0.00014767332872214035,874.40275,0.045,0.33582089552238803,0-0-2071-3,e,fcd45f4d-Audio_SP21.v0,group_0,1,fave,148.7626951879417,74.54925556311507,7,antes,"",0.11000000000001364,este,empezar,t,s,t,s,internal
481.16016097990683,1565.5721152743122,2278.1615572297483,2.634786424820461,3.4045449873787135,3.195269499670946,5692.3076923076915,0.00006919476439957405,874.7037500000001,0.027000000000000003,0.32142857142857145,0-0-2072-3,e,fcd45f4d-Audio_SP21.v0,group_0,1,fave,100.78709735424354,70.66551912029921,7,empezar,"",0.05999999999994543,antes,mis,p,z,p,z,internal
410.26352762198405,1702.9471287815036,2350.503232284222,2.9392128681471235,3.037047372391672,3.256028081711741,5333.333333333333,0.0004923774119607061,875.5957500000001,0.051000000000000004,0.3311688311688312,0-0-2074-5,e,fcd45f4d-Audio_SP21.v0,group_0,1,fave,128.32711495041218,69.40419314463249,7,labores,"",0.12999999999999545,mis,[silence],R,s,R,s,internal
443.07815736283317,1823.9195352213455,2422.3691684891296,2.011661537217689,2.7208783898080156,3.5290934871317083,5153.846153846154,0.0008252253082436764,876.75575,0.091,0.33211678832116787,0-0-2077-3,e,fcd45f4d-Audio_SP21.v0,group_0,1,fave,165.0154089804551,79.31641903308044,7,este,"",0.25,trabajo,[silence],t,#,t,.,final
455.2624193446226,1428.2453774593016,2449.3977167240096,2.6181285262938205,3.3580832565639396,3.8298381611379844,5512.820512820513,0.000010069995144410217,880.4427499999999,0.025,0.33783783783783783,0-0-2088-3,e,fcd45f4d-Audio_SP21.v0,group_0,1,fave,117.94109653618852,73.39704203709006,7,noche,"",0.05000000000006821,la,trabajo,h,#,h,t,final
431.0691528172809,1648.0992188975458,2479.330776984842,1.8446940617291046,3.768649831358476,3.574002893209059,5692.3076923076915,0.000055016530612333446,881.66375,0.047,0.3263888888888889,0-0-2091-1,e,fcd45f4d-Audio_SP21.v0,group_0,1,fave,106.96066374685508,78.7870248233842,7,de,"",0.12000000000000455,más,[silence],d,#,d,.,final
458.40428465075746,1632.73277089099,2295.9711264542398,2.574170776096551,2.114271409449829,3.800630943098034,5512.820512820513,0.0005002944792827568,887.5677499999999,0.035,0.33653846153846156,0-0-2115-4,e,fcd45f4d-Audio_SP21.v0,group_0,1,fave,114.37909668286133,76.19480067465405,7,entre,"",0.08000000000004093,oscilan,tres,R,#,R,t,final
523.5695192177595,1626.02558078305,2585.2195284980235,3.103907573420348,2.549625915310739,3.183689676571284,5692.3076923076915,0.000013321191522287667,890.1337500000001,0.027000000000000003,0.32142857142857145,0-0-2122-1,e,fcd45f4d-Audio_SP21.v0,group_0,1,fave,147.85978201699098,75.97533263080744,7,me,"",0.05999999999994543,no,tardo,m,#,m,t,final
517.3020123030037,1425.48314689976,1912.8577224948656,2.9267250056594523,2.784682509686991,3.8346240412124164,5692.3076923076915,6.807114545074021e-6,892.0627499999999,0.025,0.33783783783783783,0-0-2130-1,e,fcd45f4d-Audio_SP21.v0,group_0,1,fave,121.5039763637042,76.5525112448008,7,realizando,"",0.05000000000006821,minutos,la,r,a,r,a,internal
406.75957403151017,1951.2262115207848,2310.8477848541656,2.1512955500964708,2.8516237367402777,4.271741335405215,5692.3076923076915,0.005258582111840246,901.38375,0.10700000000000001,0.3302469135802469,0-0-2141-0,e,fcd45f4d-Audio_SP21.v0,group_0,1,fave,154.96943136385332,73.3572918111618,7,en,"",0.2999999999999545,[silence],Microworkers,#,n,.,n,initial
408.67629328597275,1859.2159900256204,2313.650498372733,2.674182364880111,2.979660665744641,3.5321610119462963,5512.820512820513,0.0012614138113089676,902.5887500000001,0.037000000000000005,0.324561403508772,0-0-2142-8,e,fcd45f4d-Audio_SP21.v0,group_0,1,fave,156.94881955601653,70.07962398368228,7,Microworkers,"",0.08999999999991815,en,[silence],k,R,k,R,internal
431.3861578851509,1932.8118536039815,2399.9320266314617,1.959500724518845,3.0698795673134742,3.5940358547509086,5333.333333333333,0.0009587214009461912,904.3227499999999,0.165,0.3340080971659919,0-0-2145-4,e,fcd45f4d-Audio_SP21.v0,group_0,1,fave,301.82386783105824,76.77327171547795,7,entre,"",0.4700000000000273,oscilan,cero,R,#,R,z,final
471.36327231246054,1836.4183638971913,2415.2685757088584,3.2157645754727335,3.436597411840176,3.735647704712251,5512.820512820513,0.00021521970864631047,922.52775,0.035,0.33653846153846156,0-0-2181-1,e,fcd45f4d-Audio_SP21.v0,group_0,1,fave,108.91258048206795,72.11355467360985,7,me,"",0.08000000000004093,",",gusta,m,#,m,g,final
427.670193991928,1761.404378357547,2315.2696700166684,2.334443057004848,2.4739251723937006,3.2481997348813776,5512.820512820513,7.757263065306625e-6,925.80375,0.027000000000000003,0.32142857142857145,0-0-2189-5,e,fcd45f4d-Audio_SP21.v0,group_0,1,fave,111.49242488633806,76.36185533814105,7,fáciles,"",0.06000000000005912,más,[silence],l,s,l,s,internal
488.994254501958,1850.8947120656,2335.6128850375853,2.09391979535251,3.1409992187563622,3.516680464598879,5153.846153846154,4.426475256077196e-6,932.65275,0.025,0.33783783783783783,0-0-2206-0,e,fcd45f4d-Audio_SP21.v0,group_0,1,fave,117.59652091432136,80.13280712309654,7,elijo,"",0.05000000000006821,las,[silence],#,l,s,l,initial
459.7911976472159,2302.9539170027288,3793.4385764450194,2.6316993497804866,3.839264231595006,3.556451454956412,6230.7692307692305,0.00002905690515567728,937.9537500000001,0.027000000000000003,0.32142857142857145,0-0-2221-5,e,fcd45f4d-Audio_SP21.v0,group_0,1,fave,177.0400624713198,69.45970745101971,7,fáciles,"",0.05999999999994543,[silence],y,l,s,l,s,internal
447.03796017453476,1548.1825917942092,2407.695559808653,1.7041329520519881,3.7404611939529064,3.690816732484463,5333.333333333333,0.00025383350948126877,938.41275,0.045,0.33582089552238803,0-0-2223-5,e,fcd45f4d-Audio_SP21.v0,group_0,1,fave,108.49920538351735,76.96020097419925,7,después,"",0.11000000000001364,y,si,u,s,u,s,internal
466.2537843384286,1603.8240528025876,2633.9089239275163,1.5288829374868937,3.4009248265831893,4.0921082183715445,5512.820512820513,0.001945663029294365,943.1057500000001,0.051000000000000004,0.3311688311688312,0-0-2236-0,e,fcd45f4d-Audio_SP21.v0,group_0,1,fave,461.5668273913263,71.9227324162931,7,el,"",0.12999999999999545,más,[silence],#,l,s,l,initial
485.36606304889386,1904.4530433219513,2450.316616076365,1.2772758283340695,3.4293771750506528,2.8897708442678436,5333.333333333333,0.000016531438747869837,950.37275,0.045,0.33582089552238803,0-0-2258-1,e,fcd45f4d-Audio_SP21.v0,group_0,1,fave,121.1269385409191,84.10581506306606,7,leer,"",0.11000000000001364,que,un,l,é,l,é,internal
531.4767646283605,1706.9000956971663,2417.914824454069,3.5794535571453054,3.2585185302440665,3.6619463900860523,5512.820512820513,0.0003784005068516235,967.47775,0.035,0.33653846153846156,0-0-2271-1,e,fcd45f4d-Audio_SP21.v0,group_0,1,fave,145.68585782682632,65.97205213479843,7,destreza,"",0.07999999999992724,una,una,d,s,d,s,internal
476.8193272356097,1830.9795719399788,2376.085417136119,2.6973141718894604,3.603470813662333,2.8027651925857726,5153.846153846154,0.0005280420769398071,977.63575,0.031,0.32978723404255317,0-0-2300-1,e,fcd45f4d-Audio_SP21.v0,group_0,1,fave,99.18317004706506,72.92323217628302,7,me,"",0.07000000000005002,No,cuesta,m,#,m,k,final
440.13431605033173,1983.6651831075014,2546.260436704565,3.0569124378948884,2.8250873157346934,2.812230894094977,5692.3076923076915,0.000016758421133651224,978.79375,0.027000000000000003,0.32142857142857145,0-0-2306-0,e,fcd45f4d-Audio_SP21.v0,group_0,1,fave,98.56693680084648,68.30030580793526,7,embargo,"",0.06000000000005912,[silence],he,#,m,.,m,initial
411.12171518575167,1987.6807332563574,2299.7789567754508,2.692902960032091,3.752548228780129,3.0968146615806513,5512.820512820513,0.00045931574856298245,982.5237500000001,0.027000000000000003,0.32142857142857145,0-0-2320-1,e,fcd45f4d-Audio_SP21.v0,group_0,1,fave,108.75644474925468,75.35993175597052,7,les,"",0.06000000000005912,todavía,[silence],l,s,l,s,internal
483.8321581418931,1640.1277562820592,2412.094482082044,2.4513356146689325,3.6508025248830354,3.1921752539010604,5512.820512820513,0.00003572279203207748,993.3937500000001,0.027000000000000003,0.32142857142857145,0-0-2356-1,e,fcd45f4d-Audio_SP21.v0,group_0,1,fave,123.26824970285139,78.01929553215355,7,desarrolla,"",0.06000000000005912,uno,en,d,s,d,s,internal
420.39900157100504,1975.5068144266934,2439.8755279680217,2.104881853024243,3.887515128507143,3.1967496806693183,4974.358974358975,0.00004815068372584923,1011.66275,0.025,0.33783783783783783,0-0-2371-8,e,fcd45f4d-Audio_SP21.v0,group_0,1,fave,228.60914465392275,64.52296608300728,7,Microworkers,"",0.05000000000006821,de,[silence],k,R,k,R,internal
490.3310456048671,1654.5314774266951,2208.4115220949766,1.6808584030143434,3.1731560884081205,2.7088020585202854,5333.333333333333,0.00010547975763650644,1015.43875,0.037,0.32456140350877194,0-0-2388-2,e,fcd45f4d-Audio_SP21.v0,group_0,1,fave,98.59138832479911,80.28992532075027,7,IP,"",0.09000000000003183,misma,",",p,#,p,.,final
449.89382453627906,2042.3346449186922,2320.944622539981,2.4168636285211558,3.3594537989129507,3.42697628944911,4974.358974358975,0.0003890163809314978,1016.77775,0.035,0.33653846153846156,0-0-2392-4,e,fcd45f4d-Audio_SP21.v0,group_0,1,fave,101.09736734852882,73.144728417412,7,porque,"",0.08000000000004093,[silence],la,k,#,k,l,final
492.1890584943336,2545.8048452570833,3501.896562042973,2.362661570453678,3.2817511927575547,5.502274181395795,7128.205128205128,0.00396217873031125,1018.78375,0.047,0.3263888888888889,0-0-2398-3,e,fcd45f4d-Audio_SP21.v0,group_0,1,fave,98.96157888091739,73.76319483628208,7,banean,"",0.12000000000000455,la,",",n,a,n,a,internal
484.1409359632364,1914.5522214047405,2468.414492061025,2.0353119224031775,3.7147775564925105,3.6167424976006246,5153.846153846154,0.0009902578315888317,1019.51775,0.11499999999999999,0.3343023255813953,0-0-2400-3,e,fcd45f4d-Audio_SP21.v0,group_0,1,fave,99.85955883447447,75.41635284103981,7,este,"",0.31999999999993634,",",[silence],t,#,t,.,final
372.79743681955085,3056.173745465044,5186.697194534329,2.5809438549888295,4.969504683972007,5.039134795277563,9820.51282051282,0.0749825012273103,1021.3987500000001,0.037000000000000005,0.324561403508772,0-0-2406-8,e,fcd45f4d-Audio_SP21.v0,group_0,1,fave,104.326277434064,68.74349937803875,7,Microworkers,"",0.09000000000003183,en,[silence],k,R,k,R,internal
414.5870974984048,1487.2770748325386,2379.7520504420413,2.4411543862605116,3.520625785856155,3.7629749161161175,5153.846153846154,0.00012153465426741121,1031.95375,0.027000000000000003,0.32142857142857145,0-0-2437-1,e,fcd45f4d-Audio_SP21.v0,group_0,1,fave,125.05436263548314,71.88228726084941,7,me,"",0.05999999999994543,trabajando,dicen,m,#,m,d,final
407.52707793620704,1940.7122852700709,2501.516582156412,2.4495123621147665,3.7737734615975485,3.5149002567781142,4615.384615384615,0.00019901231756226353,1032.14375,0.027000000000000003,0.32142857142857145,0-0-2438-3,e,fcd45f4d-Audio_SP21.v0,group_0,1,fave,133.9695104252001,64.93546940693354,7,dicen,"",0.05999999999994543,me,mira,z,n,z,n,internal
441.46694118564227,2513.586996766909,3690.1838455085012,2.063798179277322,3.7557617657071134,3.5448189042660174,5871.794871794871,0.000014569743871376367,1032.8337499999998,0.027000000000000003,0.32142857142857145,0-0-2442-2,e,fcd45f4d-Audio_SP21.v0,group_0,1,fave,148.344947974847,68.25318968184578,7,hace,"",0.060000000000172804,se,esta,z,#,z,s,final
456.62731965146475,1786.4167933725023,2318.771801928079,1.94525804696903,3.3979399541475646,3.126266003243286,5692.3076923076915,0.00008095369861373565,1035.14875,0.037,0.32456140350877194,0-0-2450-3,e,fcd45f4d-Audio_SP21.v0,group_0,1,fave,147.56548399257588,81.93534443956052,7,oriento,"",0.08999999999991815,[silence],[silence],i,n,i,n,internal
454.09055309118435,1890.8335652820235,2341.2400188120273,1.6713995606422003,3.6598333921710715,3.008129602020283,5871.794871794871,0.0007284435741963345,1038.3997499999998,0.159,0.3354430379746835,0-0-2458-6,e,fcd45f4d-Audio_SP21.v0,group_0,1,fave,167.33942994237918,78.56866453532668,7,siempre,"",0.4500000000000455,[silence],[silence],R,#,R,.,final
468.65853279680647,1733.4898426321934,2559.9201379215287,2.86072637702394,3.3009882976991785,2.934431738706996,4974.358974358975,0.000039015414375301004,1039.7737499999998,0.047,0.3263888888888889,0-0-2464-3,e,fcd45f4d-Audio_SP21.v0,group_0,1,fave,144.03253615256014,71.91146165284766,7,ponen,"",0.11999999999989086,[silence],las,n,n,n,n,internal
438.5183211073636,1985.6956186797238,2417.43772749177,2.2222755312947986,2.902264193205588,2.6862547998011985,4974.358974358975,0.00022205054538083796,1041.19075,0.101,0.3322368421052631,0-0-2470-2,e,fcd45f4d-Audio_SP21.v0,group_0,1,fave,93.23759644554863,70.68743079592633,7,pues,"",0.2799999999999727,[silence],que,u,s,u,s,internal
443.71161437441447,1982.0373988274846,2426.867663040556,1.8680624705104243,3.179068444260341,3.048730575405436,5153.846153846154,0.00017345978384109768,1045.8997499999998,0.13899999999999998,0.33574879227053134,0-0-2481-1,e,fcd45f4d-Audio_SP21.v0,group_0,1,fave,109.54943498854759,77.36630067983604,7,de,"",0.39000000000010004,[silence],[silence],d,#,d,.,final
459.251116667582,1859.92954485114,2417.5695861889976,2.4450497908608466,2.7806477121626796,3.120396895112689,5153.846153846154,0.000026734629201390505,1046.75775,0.035,0.3365384615384616,0-0-2483-1,e,fcd45f4d-Audio_SP21.v0,group_0,1,fave,116.89661940382751,77.22437157753242,7,de,"",0.07999999999992724,[silence],ese,d,#,d,s,final
425.9870381835202,1784.9850674068916,2406.173562868611,2.043158522792656,3.4374999671082698,3.0543308538375427,4794.871794871795,0.0000479740103085653,1046.8957500000001,0.031,0.32978723404255317,0-0-2484-1,e,fcd45f4d-Audio_SP21.v0,group_0,1,fave,144.18926954036112,73.54413230456757,7,ese,"",0.06999999999993634,de,empleador,s,#,s,e,final
454.88250287716136,1862.5493704570665,2512.7608895162475,1.3161063360166525,3.7359928170648016,3.4706207593763416,5153.846153846154,0.000010523226978853089,1052.1037499999998,0.027000000000000003,0.32142857142857145,0-0-2507-1,e,fcd45f4d-Audio_SP21.v0,group_0,1,fave,149.36330864426841,76.56880010156688,7,de,"",0.060000000000172804,cuenta,que,d,#,d,k,final
437.73573156583836,1873.6687961419914,2385.227748310207,2.654983655045514,3.649939975799251,3.3347952147026434,4794.871794871795,0.00008545035727315879,1054.0937499999998,0.047,0.3263888888888889,0-0-2513-6,e,fcd45f4d-Audio_SP21.v0,group_0,1,fave,109.18832618397381,73.62248345958957,7,excluyen,"",0.12000000000011823,que,[silence],y,n,y,n,internal
431.65098451709684,1893.5330335961396,2393.229920493904,2.118657694875063,3.6117196642858076,2.926801720339693,4794.871794871795,0.0002369080721919067,1055.86775,0.035,0.3365384615384616,0-0-2520-6,e,fcd45f4d-Audio_SP21.v0,group_0,1,fave,105.6997811506139,72.78272903656158,7,excluyen,"",0.08000000000015461,que,a,y,n,y,n,internal
507.26612883055265,1926.964904221763,2469.8955291285147,2.479514827906535,3.723303309572845,3.063167618846991,5333.333333333333,0.000010035161295940788,1057.8527499999998,0.025,0.33783783783783783,0-0-2527-6,e,fcd45f4d-Audio_SP21.v0,group_0,1,fave,120.64392244009426,69.8968900088726,7,aparecen,"",0.0500000000001819,le,ese,z,n,z,n,internal
406.6348817380443,2291.8575186843236,3666.412831120771,2.843570196811433,3.877290391594772,4.034468050488291,7128.205128205128,0.0002896584154957598,1058.0837499999998,0.027000000000000003,0.32142857142857145,0-0-2528-2,e,fcd45f4d-Audio_SP21.v0,group_0,1,fave,130.45067030907836,65.43849213787168,7,ese,"",0.060000000000172804,aparecen,tipo,s,#,s,t,final
486.24644065664074,1391.2892031695635,2405.6316279929356,1.7657726135543972,4.351753525201631,3.8175932098306364,5333.333333333333,0.00005673503876806854,1058.44375,0.027000000000000003,0.32142857142857145,0-0-2530-1,e,fcd45f4d-Audio_SP21.v0,group_0,1,fave,488.963516595514,71.1436012480185,7,de,"",0.05999999999994543,tipo,tarea,d,#,d,t,final
475.5927111928825,1838.3782780586157,2384.205328043157,1.8838652044531086,3.1359740397179663,2.896870054603703,5692.3076923076915,0.0006120145223483764,1067.34075,0.08099999999999999,0.3319672131147541,0-0-2566-1,e,fcd45f4d-Audio_SP21.v0,group_0,1,fave,468.91003753107657,78.1466218416913,7,sé,"",0.22000000000002728,no,",",s,#,s,.,final
366.08492974401156,1801.7183634521637,2462.2714892320705,3.239330446298747,2.642283599115158,2.643022919535462,5512.820512820513,0.00007869382592197914,1067.9157500000001,0.031,0.32978723404255317,0-0-2568-4,e,fcd45f4d-Audio_SP21.v0,group_0,1,fave,117.27533712170187,72.40038963763301,7,tiene,"",0.06999999999993634,",",tantas,n,#,n,t,final
469.496389876231,2383.3523687395577,3121.5671886331775,2.6237474132522096,3.761439175946615,4.319822764928449,7666.666666666666,0.013003469374740477,1071.3887499999998,0.037,0.32456140350877194,0-0-2575-1,e,fcd45f4d-Audio_SP21.v0,group_0,1,fave,123.46568049582177,77.49065573600863,7,le,"",0.09000000000014552,y,ponen,l,#,l,p,final
423.9894717694841,1646.5541584559135,2641.5156785354297,3.07053575306453,3.1322463185613687,3.488715758259771,5871.794871794871,0.000010022212560592002,1071.65375,0.027000000000000003,0.32142857142857145,0-0-2576-3,e,fcd45f4d-Audio_SP21.v0,group_0,1,fave,121.77876917348954,72.61494732877226,7,ponen,"",0.05999999999994543,le,le,n,n,n,n,internal
395.33494740399146,1552.5214396400045,2249.3092322234625,2.7947290539733975,3.681130607991541,3.280262048657548,5512.820512820513,0.00003223332614161178,1071.8737499999997,0.027000000000000003,0.32142857142857145,0-0-2577-1,e,fcd45f4d-Audio_SP21.v0,group_0,1,fave,126.7100366380154,76.4524027644744,7,le,"",0.060000000000172804,ponen,colocan,l,#,l,k,final
489.3033007899942,2079.122374795128,2558.3331937822145,1.8414057149274694,3.714665186840819,3.0968273708899616,5333.333333333333,0.00008206795386079712,1107.8887499999998,0.037,0.32456140350877194,0-0-2601-1,e,fcd45f4d-Audio_SP21.v0,group_0,1,fave,117.0165403208889,72.45759307244242,7,de,"",0.09000000000014552,tarea,criptomoneda,d,#,d,k,final
445.75583201429146,2337.335926474478,2609.14008321422,2.5829570212809894,3.728817349177815,4.796616277819584,6230.7692307692305,0.0008572977327896301,1120.92775,0.035,0.33653846153846156,0-0-2630-0,e,fcd45f4d-Audio_SP21.v0,group_0,1,fave,111.87127617251264,72.12970761241495,7,explico,"",0.07999999999992724,les,[silence],#,s,s,s,initial
457.325687693422,1884.6311418984055,2491.5587597259514,2.230249038219854,4.416652094063508,3.4346522319913984,5692.3076923076915,0.0008559847331835938,1125.27575,0.051000000000000004,0.3311688311688312,0-0-2641-3,e,fcd45f4d-Audio_SP21.v0,group_0,1,fave,108.80637690966225,76.59398809709573,7,este,"",0.13000000000010914,[silence],accesibles,t,#,t,a,final
411.5681715606398,2559.433995849857,4310.34225647011,2.4927244245337894,3.8090550154890592,4.751629191142769,7307.692307692308,0.0003137404195371373,1125.70575,0.031,0.32978723404255317,0-0-2642-3,e,fcd45f4d-Audio_SP21.v0,group_0,1,fave,114.22597435268916,70.78103031646246,7,accesibles,"",0.06999999999993634,este,",",z,s,z,s,internal
492.66633406372785,2134.6212084459453,2476.908850716898,2.1783844759076145,3.5619962817386015,3.3308347883562983,5153.846153846154,0.00045831487454121487,1127.5127499999999,0.10500000000000001,0.3343949044585987,0-0-2648-4,e,fcd45f4d-Audio_SP21.v0,group_0,1,fave,122.34920149131312,78.86431044006305,7,porque,"",0.2899999999999636,[silence],[silence],k,#,k,.,final
416.12758951203745,2435.405120691195,4195.878273668021,1.9982617506956453,3.412674902298551,4.206862195896583,6769.2307692307695,0.00007535450440998681,1128.67575,0.031,0.32978723404255317,0-0-2652-7,e,fcd45f4d-Audio_SP21.v0,group_0,1,fave,144.55141335360238,70.96596566150657,7,compartes,"",0.06999999999993634,tú,un,t,s,t,s,internal
503.8670193787472,1444.7278949137187,2320.6971418601947,1.7586926356338901,3.3434059721447773,2.6106064512975125,5692.3076923076915,0.000012653829089378427,1130.0637499999998,0.027000000000000003,0.32142857142857145,0-0-2659-1,e,fcd45f4d-Audio_SP21.v0,group_0,1,fave,100.98481879467754,79.34239077374853,7,verdad,"",0.05999999999994543,¿,?,b,R,b,R,internal
466.3631459008688,1951.1092266499072,2577.6728240262228,1.959162142841281,3.3744654537451306,2.9209249306561373,5153.846153846154,0.00044911136523507924,1133.31875,0.037000000000000005,0.324561403508772,0-0-2672-5,e,fcd45f4d-Audio_SP21.v0,group_0,1,fave,446.59256293478916,66.25985871875021,7,dólares,"",0.09000000000014552,cinco,y,R,s,R,s,internal
417.2760021964615,1857.9206063405768,2463.545914162445,1.7717768622984342,3.4069480515537602,2.5836379714336672,5333.333333333333,0.00004421817370205911,1133.6337499999997,0.027000000000000003,0.32142857142857145,0-0-2674-1,e,fcd45f4d-Audio_SP21.v0,group_0,1,fave,210.44222301692258,74.76225339226265,7,te,"",0.060000000000172804,y,está,t,#,t,s,final
486.6972547067992,1899.7831136744912,2576.1989444599794,2.956264829255635,3.2735925171411826,3.452282981550635,5153.846153846154,0.00005983550911912067,1136.50575,0.031,0.32978723404255317,0-0-2685-1,e,fcd45f4d-Audio_SP21.v0,group_0,1,fave,100.70852872525342,73.1672932019951,7,negocio,"",0.06999999999993634,[silence],pues,n,g,n,g,internal
488.01865296432493,1879.0017768211621,2453.41637766898,2.7528695781162233,2.2498729704039726,3.5760057371370095,5871.794871794871,0.00039476131481412104,1137.93575,0.031,0.32978723404255317,0-0-2688-0,e,fcd45f4d-Audio_SP21.v0,group_0,1,fave,-4122.777872730637,64.70108532951652,7,entonces,"",0.06999999999993634,",",%%,#,n,.,n,initial
482.9801999465533,1492.0419165037256,2410.7506549961895,2.2565098810523767,3.226583821442321,3.0182680621108045,5512.820512820513,0.011430857630730623,1138.33575,0.07100000000000001,0.3317757009345795,0-0-2688-6,e,fcd45f4d-Audio_SP21.v0,group_0,1,fave,131.41540751402803,74.22337582280689,7,entonces,"",0.19000000000005457,",",%%,z,s,z,s,internal
449.16908156003296,1776.0896913027468,2376.3793277142427,2.7116482477785095,2.8204909250267347,2.507155570002417,5333.333333333333,0.00003327068791104507,1141.71575,0.031,0.32978723404255317,0-0-2698-3,e,fcd45f4d-Audio_SP21.v0,group_0,1,fave,114.90798025151283,76.26708758206054,7,saben,"",0.06999999999993634,no,[silence],b,n,b,n,internal
425.4115381321434,2004.0408063054433,2567.0281261671576,1.655844366815238,3.065864648099221,3.457478243454607,5512.820512820513,0.0006793631074474704,1142.33275,0.165,0.33400809716599184,0-0-2700-1,e,fcd45f4d-Audio_SP21.v0,group_0,1,fave,105.37079354081698,79.13845187004813,7,de,"",0.4700000000000273,[silence],lo,d,#,d,l,final
418.90406993763725,1927.7611991598649,2707.990803718354,2.445465612292688,3.443721688746275,2.801642237230689,4974.358974358975,0.000048191270005399786,1150.3737499999997,0.027000000000000003,0.32142857142857145,0-0-2723-3,e,fcd45f4d-Audio_SP21.v0,group_0,1,fave,104.66031206482945,69.0265972492327,7,billetera,"",0.060000000000172804,cripto,.,L,t,L,t,internal
442.03879040530717,1246.9986764844714,1828.8895357559034,2.305966433665635,3.832608880032607,3.6549285742954476,5512.820512820513,0.000015889635308439482,1160.39375,0.027000000000000003,0.32142857142857145,0-0-2736-0,e,fcd45f4d-Audio_SP21.v0,group_0,1,fave,145.76076670601586,78.8203234655133,7,ejemplo,"",0.05999999999994543,por,hago,#,x,R,x,initial
412.56013153397834,1948.6280454603525,2496.8069236327024,2.372912930108016,3.5287882138452855,2.9628189330991317,5153.846153846154,0.00004120462521534362,1161.94775,0.035,0.3365384615384616,0-0-2740-1,e,fcd45f4d-Audio_SP21.v0,group_0,1,fave,127.99398390123227,72.17940703543599,7,de,"",0.07999999999992724,tareas,las,d,#,d,l,final
406.45382177129346,1573.632681340769,2480.4040098854875,3.104292678093838,3.2422007549500025,3.2437321428057873,4794.871794871795,0.0008997391383973869,1168.13575,0.031,0.32978723404255317,0-0-2764-2,e,fcd45f4d-Audio_SP21.v0,group_0,1,fave,117.87609691955453,68.27966509067201,7,hace,"",0.07000000000016371,comentado,rato,z,#,z,r,final
444.89421084076906,1842.6148311127529,2429.975550338089,2.3332180399861513,2.8437588860859426,2.715251913916688,5512.820512820513,4.88078778073648e-6,1171.0737499999998,0.027000000000000003,0.32142857142857145,0-0-2774-1,e,fcd45f4d-Audio_SP21.v0,group_0,1,fave,112.91455609364766,78.7937109033685,7,de,"",0.05999999999994543,que,minar,d,#,d,m,final
433.25172523193527,1725.5297049307242,2445.376706510639,2.05980341664669,3.5022157201770163,2.5757259043848033,5692.3076923076915,0.00008137417161673085,1173.4057500000001,0.031,0.32978723404255317,0-0-2781-1,e,fcd45f4d-Audio_SP21.v0,group_0,1,fave,140.78303487178474,81.40365889685619,7,depende,"",0.06999999999993634,que,mucho,d,p,d,p,internal
448.80347025976897,1882.93788558964,2436.0517757236485,2.321124350263459,3.0520471722841167,2.7776618175911185,5512.820512820513,0.0006823485441467291,1212.91775,0.175,0.3339694656488549,0-0-2817-3,e,fcd45f4d-Audio_SP21.v0,group_0,1,fave,106.24618515472751,75.02828732814386,7,este,"",0.5,[silence],[silence],t,#,t,.,final
461.73181553858717,1922.5157529947148,2401.733965018012,1.8321453216073413,2.9851412154352275,2.846159525933491,5692.3076923076915,0.00006181383753336597,1214.71775,0.035,0.33653846153846156,0-0-2819-8,e,fcd45f4d-Audio_SP21.v0,group_0,1,fave,154.46875389078582,78.89539025374644,7,Microworkers,"",0.07999999999992724,[silence],ya,k,R,k,R,internal
462.7005355974368,1783.5267670946312,2585.828190465421,2.6403706251225065,2.626163801543719,3.4307350848587075,5871.794871794871,6.949114933895024e-6,1215.2637499999998,0.027000000000000003,0.32142857142857145,0-0-2822-4,e,fcd45f4d-Audio_SP21.v0,group_0,1,fave,152.41900032832717,69.2987556635035,7,tiene,"",0.05999999999994543,no,mucha,n,#,n,m,final
466.7040563474914,1624.1629936974857,2329.068883529516,2.6409077643351124,2.956086605320193,2.59425125961256,4974.358974358975,0.0006793583032638418,1217.3877499999999,0.055,0.33536585365853655,0-0-2830-5,e,fcd45f4d-Audio_SP21.v0,group_0,1,fave,115.04059151136983,74.34556949043495,7,empecé,"",0.14000000000010004,yo,[silence],z,#,z,.,final
427.22653110405935,1886.2980110801768,2488.9420902668826,1.9554949889653153,3.0926250212886703,2.8159475032908934,4794.871794871795,0.000207421250585401,1218.4007499999998,0.121,0.33241758241758235,0-0-2834-3,e,fcd45f4d-Audio_SP21.v0,group_0,1,fave,119.84708670516773,78.12311504126836,7,antes,"",0.3400000000001455,[silence],uno,t,s,t,s,internal
491.2181000781843,1542.7069452391968,2301.444155889083,3.053582114085742,3.416820771748686,3.1610471006187235,5692.3076923076915,0.00003901491912413738,1219.3437499999998,0.027000000000000003,0.32142857142857145,0-0-2837-1,e,fcd45f4d-Audio_SP21.v0,group_0,1,fave,110.79285616327998,74.77302463392816,7,desarrollar,"",0.060000000000172804,podía,tareas,d,s,d,s,internal
458.9437834719069,1799.3662199520834,2449.962558308629,2.3774718763319105,3.65062488250913,3.0169917155085058,4974.358974358975,0.000050082163511507434,1222.10575,0.031,0.32978723404255317,0-0-2844-1,e,fcd45f4d-Audio_SP21.v0,group_0,1,fave,111.51670845929881,74.92310711264989,7,semana,"",0.07000000000016371,la,",",s,m,s,m,internal
432.80540988425105,1739.4457961051291,2348.4291195979363,2.309408301577943,3.0326860612545206,2.1269813995388223,5692.3076923076915,0.000046581776352077386,1223.6277499999999,0.035,0.33653846153846156,0-0-2848-4,e,fcd45f4d-Audio_SP21.v0,group_0,1,fave,155.0221955788093,74.72590231372295,7,quince,"",0.08000000000015461,[silence],dólares,z,#,z,d,final
466.17507177260165,1521.5901335245821,2313.2092349781633,2.715878701318341,3.3282259121727185,2.747909515266183,5692.3076923076915,0.00016702411828109246,1223.99875,0.037,0.32456140350877194,0-0-2849-5,e,fcd45f4d-Audio_SP21.v0,group_0,1,fave,108.5160719602234,73.41374781507227,7,dólares,"",0.08999999999991815,quince,veinte,R,s,R,s,internal
431.82852883520957,1877.23571713109,2498.9637318622363,2.269352975578338,3.2363570311761722,2.841446370159474,5692.3076923076915,0.00003826183696177769,1233.74575,0.031,0.32978723404255317,0-0-2884-1,e,fcd45f4d-Audio_SP21.v0,group_0,1,fave,230.9557303952206,77.75038658195939,7,semanal,"",0.06999999999993634,[silence],puedes,s,m,s,m,internal
440.3186657010735,1848.5956552141104,2321.9418922877826,2.3910612814192063,2.380969741531301,2.798174826558525,4974.358974358975,0.0004880426492599407,1236.9357499999999,0.151,0.3325991189427312,0-0-2890-4,e,fcd45f4d-Audio_SP21.v0,group_0,1,fave,105.63441554874616,70.97037778805378,7,trece,"",0.43000000000006366,%%,",",z,#,z,.,final
414.05793313978785,1739.592342136195,2284.3349161543388,3.301031246062457,2.965478731430207,2.8881976207111544,5871.794871794871,0.00019191896289199827,1237.8427499999998,0.025,0.33783783783783783,0-0-2892-4,e,fcd45f4d-Audio_SP21.v0,group_0,1,fave,462.4736457540136,66.99010168832086,7,quince,"",0.0500000000001819,",",dólares,z,#,z,d,final
477.5229684958856,1638.5931311139425,2311.6979247197028,2.2775632998267565,3.4281579260284483,2.240974399218801,5692.3076923076915,0.000027057955100744473,1238.20375,0.027000000000000003,0.32142857142857145,0-0-2893-5,e,fcd45f4d-Audio_SP21.v0,group_0,1,fave,184.12333577615874,68.00396478566817,7,dólares,"",0.05999999999994543,quince,",",R,s,R,s,internal
447.739505454524,1858.0417155747755,2587.1462582244153,2.355540737708727,3.9538298978559436,3.0154793978603944,5692.3076923076915,0.00005663994447491947,1241.7337499999999,0.027000000000000003,0.32142857142857145,0-0-2906-1,e,fcd45f4d-Audio_SP21.v0,group_0,1,fave,106.00098160056878,65.84592516172539,7,de,"",0.05999999999994543,mas,tiempo,d,#,d,t,final
487.55319582486754,1887.3659595111983,2397.3526147988814,2.376936627970969,3.053404239051153,3.1020889749616973,6051.282051282051,0.0031503447815066396,1250.1607499999998,0.14100000000000001,0.33254716981132076,0-0-2933-3,e,fcd45f4d-Audio_SP21.v0,group_0,1,fave,129.30599591583126,70.80199075423907,7,antes,"",0.40000000000009095,",",[silence],t,s,t,s,internal
350.25692277969324,1890.0390140708435,2441.4228185169086,2.907083414821736,3.3539400629981464,2.429546182797343,5333.333333333333,0.001832605434022267,1252.9737499999999,0.027000000000000003,0.32142857142857145,0-0-2942-3,e,fcd45f4d-Audio_SP21.v0,group_0,1,fave,NaN,64.05969582948829,7,noches,"",0.05999999999994543,las,que,h,s,h,s,internal
486.00463929636084,1950.9684657416283,2396.2372491288124,2.2759346293098917,3.705738398827602,3.050304693841605,6230.7692307692305,0.003407738411236839,1259.20575,0.07100000000000001,0.3317757009345794,0-0-2971-0,e,fcd45f4d-Audio_SP21.v0,group_0,1,fave,125.27455815776133,76.5256961703277,7,en,"",0.1899999999998272,flujo,cuanto,#,n,o,n,initial
508.51770017479276,1798.2814285921554,2530.226211671556,3.460998855693567,3.090740279892488,2.7869547135863173,5692.3076923076915,0.00004994082519780075,1261.03575,0.031,0.32978723404255317,0-0-2978-1,e,fcd45f4d-Audio_SP21.v0,group_0,1,fave,111.51917838204811,70.94124029385559,7,metodología,"",0.06999999999993634,la,de,m,t,m,t,internal
431.81184011063016,1511.7944945567638,2247.6574462843455,2.4572134420041665,3.3799426025915706,3.416710105506981,5512.820512820513,0.00009622124474934477,1270.2237499999999,0.027000000000000003,0.32142857142857145,0-0-3007-3,e,fcd45f4d-Audio_SP21.v0,group_0,1,fave,105.78921308026317,73.65177506890319,7,duré,"",0.05999999999994543,y,como,R,#,R,k,final
451.78205026096447,1912.4403927458663,2405.95084751951,1.3968037584740558,2.5372978320646897,2.4986758519471177,5871.794871794871,0.0006122911534272579,1301.08075,0.041,0.3306451612903226,0-0-3025-0,e,fcd45f4d-Audio_SP21.v0,group_0,1,fave,453.8842528133912,71.27656554769607,7,efectivamente,"",0.10000000000013642,%%,",",#,f,&,f,initial
450.07850103098167,1868.26407081819,2293.4351350465804,2.2120855141923315,2.720274774350551,3.5547950215810316,5333.333333333333,0.0007338850566421136,1301.26075,0.14100000000000001,0.33254716981132076,0-0-3025-2,e,fcd45f4d-Audio_SP21.v0,group_0,1,fave,112.16080585480137,77.23371241264114,7,efectivamente,"",0.3999999999998636,%%,",",f,k,f,k,internal
481.96647485736764,1944.2911544782226,2508.717236500961,2.6419642287676814,3.373852702623702,3.443167572399078,5333.333333333333,0.0003300590353092979,1302.87575,0.051000000000000004,0.3311688311688312,0-0-3028-1,e,fcd45f4d-Audio_SP21.v0,group_0,1,fave,149.04325656727147,69.81070018591481,7,me,"",0.13000000000010914,%%,[silence],m,#,m,.,final
443.6620007092229,2432.9959919736407,2652.7940870938846,2.658984837817969,3.964533105309789,3.8912005799135994,5871.794871794871,0.005179339901555599,1306.5027499999999,0.045,0.33582089552238803,0-0-3038-3,e,fcd45f4d-Audio_SP21.v0,group_0,1,fave,106.83084172404847,67.14593924164888,7,noche,"",0.10999999999989996,la,[silence],h,#,h,.,final
447.6486563429535,1885.915401310834,4301.156050327136,1.9995734852999416,3.969077614687119,3.993942525329809,6410.25641025641,0.00007279976984910461,1330.16375,0.027000000000000003,0.32142857142857145,0-0-3121-0,e,fcd45f4d-Audio_SP21.v0,group_0,1,fave,220.01814734019854,78.06271442976723,7,Entonces,"",0.05999999999994543,[silence],más,#,n,.,n,initial
432.44383133483785,1778.642299438981,2420.492337046946,2.540572455616281,3.096698176007701,2.349088342876332,5692.3076923076915,0.0001109235475202388,1334.8537499999998,0.047,0.3263888888888889,0-0-3137-3,e,fcd45f4d-Audio_SP21.v0,group_0,1,fave,104.77646196295697,73.86221840360054,7,antes,"",0.12000000000011823,[silence],de,t,s,t,s,internal
439.19359295854645,1565.933377669629,2433.820650385414,2.222813842898324,3.4582023814459166,2.458388691687069,5692.3076923076915,0.00003405747018895355,1336.13575,0.031,0.32978723404255317,0-0-3142-3,e,fcd45f4d-Audio_SP21.v0,group_0,1,fave,106.71531043629298,76.6651565138793,7,antes,"",0.07000000000016371,tr(abajo),de,t,s,t,s,internal
536.5120736547765,2231.955865882252,3047.68760773087,2.5953959131458895,4.245555827270211,4.021935988232355,5692.3076923076915,0.0021647821936383337,1359.8927499999998,0.065,0.33505154639175255,0-0-3178-0,e,fcd45f4d-Audio_SP21.v0,group_0,1,fave,136.8324635977855,72.83092130666971,7,estación,"",0.17000000000007276,mi,de,#,s,i,s,initial
492.47537666479946,2001.0119006307486,2575.324948524761,2.0205136824764933,3.395769652265953,4.136752709992905,5512.820512820513,0.004995628287910417,1362.9757499999998,0.211,0.332807570977918,0-0-3186-1,e,fcd45f4d-Audio_SP21.v0,group_0,1,fave,110.75305394576779,73.43596617849629,7,mediodía,"",0.6100000000001273,%%,a,m,d,m,d,internal
508.27131627561425,1515.6869264187067,4256.7543502093895,1.862725144230627,3.22608715220311,5.014763724967467,7666.666666666666,0.0011163894986091476,1384.2707500000001,0.041,0.3306451612903226,0-0-3202-0,e,fcd45f4d-Audio_SP21.v0,group_0,1,fave,502.08347906343784,78.01142632117343,7,en,"",0.09999999999990905,tengo,mi,#,n,o,n,initial
483.9588958288755,1926.7188076386333,4188.746178893661,1.9149404845602114,2.6748104536172805,4.98391808698908,6948.717948717948,0.008597369008345776,1387.18775,0.215,0.3338509316770187,0-0-3213-3,e,fcd45f4d-Audio_SP21.v0,group_0,1,fave,100.63225929679112,75.68172839968335,7,Este,"",0.6200000000001182,[silence],[silence],t,#,t,.,final
503.4894380543335,1970.1043473425807,2370.9886760531376,2.8929988403980618,3.1620193859483647,4.327666143274124,5512.820512820513,0.011106303763659134,1387.9107500000002,0.061000000000000006,0.3315217391304348,0-0-3215-0,e,fcd45f4d-Audio_SP21.v0,group_0,1,fave,146.7360161977759,68.54287422636452,7,en,"",0.15999999999985448,[silence],mi,#,n,.,n,initial
443.73996318477106,1723.172399074277,2351.817880509434,1.6149716917053378,2.5696125646690127,4.089050230826953,5512.820512820513,0.00002261876245223071,1397.51775,0.035,0.33653846153846156,0-0-3247-1,e,fcd45f4d-Audio_SP21.v0,group_0,1,fave,108.53467304097865,79.95611677376773,7,de,"",0.07999999999992724,voy,viaje,d,#,d,b,final
540.4420838459739,1707.8000048668564,2414.955023351007,3.065989717343989,2.3780010689170052,4.064702747050639,5871.794871794871,0.00005671756475356044,1397.92575,0.031,0.32978723404255317,0-0-3249-1,e,fcd45f4d-Audio_SP21.v0,group_0,1,fave,107.03283376669131,69.55543135348921,7,me,"",0.06999999999993634,viaje,llevo,m,#,m,L,final
485.4392349912205,1919.375674648871,3028.2070567137607,1.5570900973268103,2.952752391107051,5.450146614156394,6230.7692307692305,0.0008313532664639808,1400.0407500000001,0.041,0.3306451612903226,0-0-3259-1,e,fcd45f4d-Audio_SP21.v0,group_0,1,fave,119.91056282736047,80.414756431642,7,de,"",0.09999999999990905,nunca,meterme,d,#,d,m,final
445.33953704518893,1948.2596277868463,2281.060502902651,1.9243839792084496,2.9512514565336976,4.660769882558673,5692.3076923076915,0.002156047470111822,1400.19275,0.08499999999999999,0.33464566929133854,0-0-3260-1,e,fcd45f4d-Audio_SP21.v0,group_0,1,fave,107.54668845882398,76.3495262613668,7,meterme,"",0.2300000000000182,de,[silence],m,t,m,t,internal
494.0428479014719,1676.8901344420196,2159.5841615709533,2.6035359357109704,3.4389450057014574,5.059861917936404,6051.282051282051,0.0008900007062106435,1400.55575,0.031,0.32978723404255317,0-0-3260-6,e,fcd45f4d-Audio_SP21.v0,group_0,1,fave,104.86928533513779,71.50259178830721,7,meterme,"",0.06999999999993634,de,[silence],m,#,m,.,final
450.11214487212834,1838.862490037559,2178.752818071268,1.791268844873149,3.2690023418012975,4.5502758416579905,5871.794871794871,0.008209499876814942,1401.67375,0.047,0.3263888888888889,0-0-3265-4,e,fcd45f4d-Audio_SP21.v0,group_0,1,fave,216.80669954714537,75.07663990016133,7,porque,"",0.11999999999989086,página,[silence],k,#,k,.,final
478.4462633744954,1906.7273941911553,4156.594194444358,2.0004610428702354,2.795438896126967,4.9853259404962795,6948.717948717948,0.004011845203562604,1402.92775,0.155,0.334051724137931,0-0-3269-1,e,fcd45f4d-Audio_SP21.v0,group_0,1,fave,180.10172521748555,77.45394138007013,7,me,"",0.44000000000005457,%%,[silence],m,#,m,.,final
527.1470129895972,1812.1293747315988,2501.769131522027,3.2154005619211437,3.3904272215919864,4.323797044417272,5512.820512820513,0.00007207991305181521,1405.39375,0.027000000000000003,0.32142857142857145,0-0-3272-1,e,fcd45f4d-Audio_SP21.v0,group_0,1,fave,108.43091372576008,75.46701797038709,7,me,"",0.05999999999994543,gusta,gusta,m,#,m,g,final
452.79514447732294,1822.8556615373614,2344.0031366024077,2.107088944865555,3.227765503459564,4.753632095697283,5333.333333333333,0.0017290652523007071,1407.06575,0.11100000000000002,0.3323353293413173,0-0-3275-5,e,fcd45f4d-Audio_SP21.v0,group_0,1,fave,141.44702897772612,74.89208753081853,7,aparte,"",0.30999999999994543,[silence],[silence],t,#,t,.,final
433.7705195754994,2031.6940607885117,3616.9637710565426,2.4839031354930823,2.8991650927802497,5.05325930858977,7307.692307692308,0.029523077784135904,1407.9387499999998,0.217,0.3318042813455658,0-0-3277-4,e,fcd45f4d-Audio_SP21.v0,group_0,1,fave,128.6538477326569,71.36486221384891,7,porque,"",0.6300000000001091,[silence],es,k,#,k,s,final
473.87336664394803,1792.9610035998637,2101.767612164352,2.595671559506618,3.543420193509946,4.511727293742691,5692.3076923076915,0.00014375901902499916,1408.56775,0.035,0.33653846153846156,0-0-3279-1,e,fcd45f4d-Audio_SP21.v0,group_0,1,fave,137.9861287350181,74.8905554973831,7,legal,"",0.08000000000015461,es,",",l,g,l,g,internal
339.7213965910975,2153.931405271865,2730.7112053538385,2.455025594627832,2.107309389911332,4.270025281847668,5871.794871794871,0.0006382984745658439,1412.21575,0.031,0.32978723404255317,0-0-3286-7,e,fcd45f4d-Audio_SP21.v0,group_0,1,fave,85.63880604938979,64.55169042518811,7,accesible,"",0.06999999999993634,[silence],",",l,#,l,.,final
461.37220021244997,1783.8572012736379,2370.1699514778684,2.444701888498371,3.2238920968850455,4.4851041263187215,5692.3076923076915,0.000664124253942678,1438.0327499999999,0.065,0.33505154639175255,0-0-3308-3,e,fcd45f4d-Audio_SP21.v0,group_0,1,fave,114.19560671096558,74.95485191392257,7,Este,"",0.17000000000007276,[silence],[silence],t,#,t,.,final
488.57369055353536,1774.9993023247173,4311.301913883809,2.333510184931636,3.5271084841469644,4.815779673608368,8025.641025641025,0.0009497195623372307,1441.31775,0.035,0.33653846153846156,0-0-3321-1,e,fcd45f4d-Audio_SP21.v0,group_0,1,fave,486.17931276919387,77.91013487170318,7,semanalmente,"",0.08000000000015461,%%,no,s,m,s,m,internal
471.77086531770806,1712.068398370872,2659.1003070472416,2.2863131524774407,2.628924925592732,5.247475568114308,5692.3076923076915,0.00010107436470391862,1442.0437499999998,0.027000000000000003,0.32142857142857145,0-0-3321-11,e,fcd45f4d-Audio_SP21.v0,group_0,1,fave,176.8662577199206,69.97400127259466,7,semanalmente,"",0.05999999999994543,%%,no,t,#,t,n,final
487.0587853854256,1684.4554667261714,2242.4201430462163,2.374135894567226,2.521959204072619,4.349443154580701,5512.820512820513,0.0001928592612593937,1443.08775,0.035,0.33653846153846156,0-0-3326-1,e,fcd45f4d-Audio_SP21.v0,group_0,1,fave,104.29782360887103,72.5414685976276,7,de,"",0.08000000000015461,límite,cobro,d,#,d,k,final
442.23280359870483,2010.4956836513406,2738.504545563687,2.1156305175363332,2.7342942915109667,4.763860230098873,5871.794871794871,0.002056972609098891,1444.49075,0.161,0.33264462809917356,0-0-3332-0,e,fcd45f4d-Audio_SP21.v0,group_0,1,fave,104.40740920816656,77.48767482119389,7,Entonces,"",0.459999999999809,%%,toca,#,n,&,n,initial
450.1022803160102,1311.9744812435322,3843.6122160648088,2.442311807028947,4.017472795915894,4.851830198689123,7128.205128205128,0.000333930280083255,1446.3527499999998,0.025,0.33783783783783783,0-0-3338-1,e,fcd45f4d-Audio_SP21.v0,group_0,1,fave,141.52972086799895,73.90276932175412,7,semana,"",0.0500000000001819,otra,.,s,m,s,m,internal
505.55103742732325,1754.2726759985112,2715.1066477194936,2.2838824748401287,3.5582537066308455,4.281886831337343,5692.3076923076915,0.000830755056556129,1454.55575,0.031,0.32978723404255317,0-0-3363-0,e,fcd45f4d-Audio_SP21.v0,group_0,1,fave,119.47929222265361,77.13809738392914,7,Espero,"",0.06999999999993634,[silence],reunir,#,s,.,s,initial
506.5833794395876,2257.404695698191,3692.5719758558766,2.0876001726230724,4.031346293464736,3.5757155129071263,5871.794871794871,0.0014333386318510742,1456.5037499999999,0.027000000000000003,0.32142857142857145,0-0-3371-1,e,fcd45f4d-Audio_SP21.v0,group_0,1,fave,170.25565583704514,69.28266547871526,7,semana,"",0.05999999999994543,la,[silence],s,m,s,m,internal
476.32456581227535,1808.6182290906058,2274.7867234405385,3.1102112892239844,3.3850721146757614,3.9597146761650097,5153.846153846154,0.0000681601610696785,1464.90375,0.027000000000000003,0.32142857142857145,0-0-3401-1,e,fcd45f4d-Audio_SP21.v0,group_0,1,fave,109.76856659886357,70.6062263544707,7,me,"",0.05999999999994543,porque,gusta,m,#,m,g,final
483.68958232043263,1645.2027702581913,2374.908671443261,2.0986330045172013,3.206989583711666,3.276759718942722,5512.820512820513,0.000019035203987264563,1467.70375,0.027000000000000003,0.32142857142857145,0-0-3412-1,e,fcd45f4d-Audio_SP21.v0,group_0,1,fave,236.10505680839265,78.45249909109594,7,pendientes,"",0.05999999999994543,ya,",",p,n,p,n,internal
435.63132046873784,1813.6519562152594,4349.596880146204,2.233108847754152,3.6634466687436387,4.671852929517178,8025.641025641025,0.005925999120197086,1468.50875,0.037,0.32456140350877194,0-0-3414-1,e,fcd45f4d-Audio_SP21.v0,group_0,1,fave,222.7562326210494,75.02287809660038,7,se,"",0.08999999999991815,",",tardan,s,#,s,t,final
545.4587528998791,1888.12229141172,3895.91826244318,2.174082527725932,3.3547527449008427,4.876022899278378,6948.717948717948,0.0014669939944583852,1471.5227499999999,0.045,0.3358208955223881,0-0-3425-0,e,fcd45f4d-Audio_SP21.v0,group_0,1,fave,381.88898826520915,75.90689540793682,7,espero,"",0.10999999999989996,[silence],a,#,s,.,s,initial
505.4940353937469,1627.2516483802383,2668.8700023391066,1.5532610197921501,3.4993120174810395,4.408497645286689,5153.846153846154,0.006651232499522843,1472.43875,0.037000000000000005,0.324561403508772,0-0-3427-3,e,fcd45f4d-Audio_SP21.v0,group_0,1,fave,124.4027223665648,80.66849024610583,7,veces,"",0.08999999999991815,a,espero,z,s,z,s,internal
491.9314042395294,1341.9545242108695,3793.338198729761,2.0747986957175923,3.643320978863955,4.566941875922153,7307.692307692308,0.0000121409134040625,1491.8827499999998,0.025,0.33783783783783783,0-0-3457-5,e,fcd45f4d-Audio_SP21.v0,group_0,1,fave,120.38976155754327,80.00091362064893,7,atravesado,"",0.0500000000001819,hemos,aquí,b,s,b,s,internal
539.5172488254834,1581.9733008119379,2455.9061858196765,3.0168895600127863,3.5418903847487555,4.2743054919098435,5512.820512820513,0.000732021564604375,1492.39875,0.037000000000000005,0.324561403508772,0-0-3460-3,e,fcd45f4d-Audio_SP21.v0,group_0,1,fave,125.55837552622394,70.508953757313,7,Venezuela,"",0.08999999999991815,en,ha,n,z,n,z,internal
492.6486659384235,1627.044407525649,2068.6970981725162,1.817046867096498,3.3819963083756877,4.734588452421331,5512.820512820513,0.0000988446368783129,1506.1337499999997,0.027000000000000003,0.32142857142857145,0-0-3482-1,e,fcd45f4d-Audio_SP21.v0,group_0,1,fave,99.11353155248273,76.70841152305229,7,de,"",0.060000000000172804,tarjeta,[silence],d,k,d,k,internal
488.57955904722405,1673.4489881722566,2202.4415595471387,2.1139146890891305,3.3157313243195827,4.426255501687802,5871.794871794871,0.00027908739150220025,1506.3127499999998,0.045,0.33582089552238803,0-0-3482-4,e,fcd45f4d-Audio_SP21.v0,group_0,1,fave,148.09862695411076,81.04755622745846,7,de,"",0.11000000000012733,tarjeta,[silence],R,#,R,"",final
450.34179457513335,1947.0008005743464,2531.1127017778176,1.781621297442994,3.2078078356533015,4.778911022732221,6230.7692307692305,0.00858041475296769,1508.03575,0.191,0.3327526132404181,0-0-3487-3,e,fcd45f4d-Audio_SP21.v0,group_0,1,fave,111.06887489015023,81.99059771008193,7,este,"",0.5499999999999545,[silence],[silence],t,#,t,.,final
570.0479156921857,1833.904182310237,2493.3399459931156,2.515324237374562,4.258359164083396,3.664449740205185,5333.333333333333,0.00004241763171748379,1509.93375,0.027000000000000003,0.32142857142857145,0-0-3493-1,e,fcd45f4d-Audio_SP21.v0,group_0,1,fave,116.29544009615913,75.29916687815295,7,depositan,"",0.05999999999994543,me,en,d,p,d,p,internal
550.5831299802791,1687.1002381775982,3520.452438197047,2.695320252476503,3.4960201616864124,5.183475588352196,7487.179487179487,0.012562331664910666,1512.2807500000001,0.041,0.3306451612903226,0-0-3503-3,e,fcd45f4d-Audio_SP21.v0,group_0,1,fave,121.02742375569647,71.42756870800332,7,Venezuela,"",0.09999999999990905,en,se,n,z,n,z,internal
493.2890634995111,1959.35774121631,2481.408856360331,2.2831240378141415,3.382952563037509,3.195038800179515,5333.333333333333,0.000052661771365249055,1514.1707500000002,0.041,0.3306451612903226,0-0-3512-0,e,fcd45f4d-Audio_SP21.v0,group_0,1,fave,102.09524297441968,71.64611930308949,7,el,"",0.09999999999990905,es,tema,#,l,s,l,initial
435.1290467613759,1941.6146639233718,2572.800987179918,1.7701875347931164,3.225959591946829,3.562487301575296,5512.820512820513,0.0004112049298215716,1519.56575,0.07100000000000001,0.3317757009345795,0-0-3528-1,e,fcd45f4d-Audio_SP21.v0,group_0,1,fave,105.98569010758129,80.0285838596008,7,de,"",0.19000000000005457,cambios,la,d,#,d,l,final
469.4365523261137,1655.3628938249142,3244.482977013564,2.2931704914152764,3.444542428464062,4.932308654329142,5871.794871794871,0.00044200493970308305,1521.8437499999998,0.027000000000000003,0.32142857142857145,0-0-3536-0,e,fcd45f4d-Audio_SP21.v0,group_0,1,fave,111.00864770960277,81.30072047160236,7,en,"",0.060000000000172804,ser,bo(lívares),#,n,R,n,initial
436.984590014618,2052.4990772288506,2812.645605807234,1.9231860307478255,3.442505617504683,4.444766853512802,5512.820512820513,0.038775854501842816,1522.26775,0.07500000000000001,0.3348214285714286,0-0-3538-0,e,fcd45f4d-Audio_SP21.v0,group_0,1,fave,246.12465856834405,70.44565345311041,7,en,"",0.20000000000004547,bo(lívares),la,#,n,o,n,initial
499.2872250566195,1929.0230798515406,4230.319727147129,3.495993590302121,4.119594971602624,4.070050081850817,6948.717948717948,0.0009592334508771018,1525.44775,0.035,0.3365384615384616,0-0-3558-0,e,fcd45f4d-Audio_SP21.v0,group_0,1,fave,115.38960834452513,74.91627039111859,7,en,"",0.07999999999992724,pagan,divisas,#,n,n,n,initial
456.26076013584253,1911.1872109110918,2397.484700531487,2.369679996326915,3.2616243433993617,3.555413543918823,5512.820512820513,0.0005262241614234851,1527.6527499999997,0.08499999999999999,0.33464566929133854,0-0-3563-1,e,fcd45f4d-Audio_SP21.v0,group_0,1,fave,107.0012662769967,77.34378452197319,7,Le,"",0.2300000000000182,[silence],hago,l,#,l,á,final
523.1129504780025,1460.9987937073556,2645.2576489854596,2.575202744712354,3.206923375897561,4.616094744773424,5692.3076923076915,0.00005319605718667287,1528.3837499999997,0.027000000000000003,0.32142857142857145,0-0-3566-6,e,fcd45f4d-Audio_SP21.v0,group_0,1,fave,488.7430849993396,75.82646798836026,7,transferencia,"",0.060000000000172804,la,a,f,R,f,R,internal
491.0440945157971,1202.9787527736944,2968.053472653712,2.818008013683009,5.037814899049961,4.9552502106476295,6948.717948717948,0.07079944898584105,1529.42375,0.027000000000000003,0.32142857142857145,0-0-3571-1,e,fcd45f4d-Audio_SP21.v0,group_0,1,fave,103.91170943496036,70.3887276881979,7,me,"",0.05999999999994543,que,vaya,m,#,m,b,final
506.45598616724095,1493.445538776196,2275.4485838943197,2.004827863055729,4.440257511569518,4.0293326993079726,5333.333333333333,0.0001550504517528692,1531.07075,0.041,0.3306451612903226,0-0-3576-0,e,fcd45f4d-Audio_SP21.v0,group_0,1,fave,109.74464092035284,79.01581896821521,7,el,"",0.10000000000013642,gestionar,[silence],#,l,R,l,initial
449.74799660255803,2037.0407978255241,2310.622198749725,2.0960154024001967,3.638304865691588,3.985751165906578,6051.282051282051,0.09774850614412753,1554.28375,0.067,0.32843137254901966,0-0-3600-0,e,fcd45f4d-Audio_SP21.v0,group_0,1,fave,210.00363133495634,70.98756984657597,7,en,"",0.18000000000006366,[silence],[silence],#,n,.,n,initial
507.45449324285187,1694.951035514514,2304.605263170981,2.7549573251449693,3.648557665421358,3.931542326289529,5512.820512820513,0.0006127566734256415,1555.96775,0.055,0.33536585365853655,0-0-3606-4,e,fcd45f4d-Audio_SP21.v0,group_0,1,fave,114.94780610899612,77.59689762480969,7,cobré,"",0.13999999999987267,que,en,R,#,R,e,final
459.2410004046245,1966.071586118079,2404.832143924075,1.7770154736725141,3.373807296219996,2.846659928118922,4974.358974358975,0.00014443283128599352,1558.40775,0.055,0.33536585365853655,0-0-3615-3,e,fcd45f4d-Audio_SP21.v0,group_0,1,fave,155.26086909045227,75.82372130749957,7,saqué,"",0.13999999999987267,",",unos,k,#,k,ú,final
432.6651698773941,1751.194705836987,2553.716529318172,2.492174151826934,4.1476087216171935,3.8045968609388177,5153.846153846154,0.00020761679037540297,1583.98575,0.031,0.32978723404255317,0-0-3637-8,e,fcd45f4d-Audio_SP21.v0,group_0,1,fave,450.07610601826815,69.07157323856528,7,Microworkers,"",0.06999999999993634,en,[silence],k,R,k,R,internal
447.01353435458145,1909.9563904418749,2521.1762356537774,2.2554811076389494,2.5332338507915164,3.815506763326073,5333.333333333333,0.0009367001917135329,1585.2477500000002,0.13499999999999998,0.33415841584158407,0-0-3642-1,e,fcd45f4d-Audio_SP21.v0,group_0,1,fave,153.85646102755243,72.49828855196859,7,de,"",0.37999999999988177,tarea,[silence],d,#,d,"",final
363.4441137758006,1922.4626788908142,2564.600058855814,2.612619002587026,2.986918700490517,3.1317859842095497,4974.358974358975,0.00021733705159759643,1590.0837499999998,0.027000000000000003,0.32142857142857145,0-0-3652-4,e,fcd45f4d-Audio_SP21.v0,group_0,1,fave,172.76992853051794,65.28889138264658,7,postear,"",0.060000000000172804,[silence],[silence],t,á,t,á,internal
468.776209291811,1788.5378378248024,3871.4496092840086,2.163764035743143,2.908442503284063,4.212358828070085,6051.282051282051,0.0022833580676217004,1592.71875,0.057,0.32758620689655177,0-0-3658-6,e,fcd45f4d-Audio_SP21.v0,group_0,1,fave,108.15213578806129,76.49150933532285,7,sociales,"",0.14999999999986358,redes,",",l,s,l,s,internal
502.640990551934,1715.3138979279222,4266.6139938713095,2.3359861238243655,3.04977382756199,4.4481932964608095,6230.7692307692305,0.0034587823290620706,1594.28775,0.035,0.33653846153846156,0-0-3665-3,e,fcd45f4d-Audio_SP21.v0,group_0,1,fave,123.3136627528103,69.26541425568348,7,este,"",0.07999999999992724,[silence],tipo,t,#,t,t,final
444.5597144977187,1861.1669268675425,2417.6710265798824,2.051499290177985,2.1400297009461307,3.0546771282097693,5333.333333333333,0.00014615214068747968,1594.8227499999998,0.08499999999999999,0.33464566929133854,0-0-3668-1,e,fcd45f4d-Audio_SP21.v0,group_0,1,fave,107.12207546341592,75.51715935140538,7,de,"",0.2300000000000182,de,[silence],d,#,d,.,final
547.3987928634389,1837.8608864596024,2572.757250049277,2.4231430198682506,3.2720285639694997,4.614267564709089,6051.282051282051,0.0005673185607296784,1596.30575,0.031,0.32978723404255317,0-0-3672-8,e,fcd45f4d-Audio_SP21.v0,group_0,1,fave,122.76823586294256,69.46298922824788,7,cuestiones,"",0.06999999999993634,[silence],que,n,s,n,s,internal
497.95459293273177,1850.1112377662173,2516.042018345675,1.924234797411741,2.457868758719279,3.8256739490423652,5153.846153846154,6.475523746059465e-6,1596.70775,0.035,0.3365384615384616,0-0-3675-0,e,fcd45f4d-Audio_SP21.v0,group_0,1,fave,125.20945996441962,77.48431748434345,7,en,"",0.07999999999992724,hoy,día,#,n,y,n,initial
460.02559452417125,1914.8619971593466,3768.079702456635,2.3242152636109212,2.6778186084295967,4.649991317717965,6410.25641025641,0.0030791434714601347,1598.1177500000001,0.155,0.334051724137931,0-0-3678-3,e,fcd45f4d-Audio_SP21.v0,group_0,1,fave,100.60717983880609,71.95058814892916,7,este,"",0.44000000000005457,[silence],[silence],t,#,t,.,final
508.2388816126395,1783.5992239376396,2493.994031970611,1.5641884375422141,2.77252913490841,4.713019264327147,5512.820512820513,0.000024802214994698653,1608.0137499999998,0.027000000000000003,0.32142857142857145,0-0-3692-1,e,fcd45f4d-Audio_SP21.v0,group_0,1,fave,123.99977008431975,81.93711451930967,7,de,"",0.05999999999994543,es,juego,d,#,d,x,final
450.56842083763337,1703.1321954310642,2268.927300111121,2.0341604161685627,2.4838062394908023,4.017769019477051,5153.846153846154,0.00004727726203075643,1610.04575,0.031,0.32978723404255317,0-0-3700-1,e,fcd45f4d-Audio_SP21.v0,group_0,1,fave,110.31356069205543,77.65313205581732,7,de,"",0.06999999999993634,básicamente,juegos,d,#,d,x,final
417.63221253362707,1954.8777006738048,2473.0218029154476,2.341077483121771,2.5106212965167907,4.150721818596038,5512.820512820513,0.00032645290713345784,1612.17775,0.035,0.33653846153846156,0-0-3707-3,e,fcd45f4d-Audio_SP21.v0,group_0,1,fave,108.15437193674951,72.4836731889682,7,este,"",0.07999999999992724,[silence],tienen,t,#,t,t,final
486.06029411612656,1957.48212046315,2494.109706524557,2.667725607756402,4.107536491959872,3.4545432092700477,5333.333333333333,0.0000308616175842303,1614.39375,0.027000000000000003,0.32142857142857145,0-0-3715-1,e,fcd45f4d-Audio_SP21.v0,group_0,1,fave,109.53441103795839,70.48222030799158,7,genera,"",0.05999999999994543,les,a,x,n,x,n,internal
504.2453712192048,1798.1322888595266,2370.908025400204,1.9245092465653397,2.895655279966396,3.8175697972177485,6051.282051282051,0.0003692459178000583,1616.69875,0.057,0.32758620689655177,0-0-3724-1,e,fcd45f4d-Audio_SP21.v0,group_0,1,fave,100.99967575537825,76.24738674401446,7,genera,"",0.14999999999986358,nos,[silence],x,n,x,n,internal
450.08401238116454,1849.9631407340873,2278.1546849481906,1.6635595912829728,2.523275574969277,4.83013069530395,5153.846153846154,0.0018304009161953525,1619.37475,0.149,0.33558558558558554,0-0-3730-5,e,fcd45f4d-Audio_SP21.v0,group_0,1,fave,123.29036381327114,79.01509143545543,7,Aparte,"",0.42000000000007276,[silence],[silence],t,#,t,.,final
444.357403301944,1873.543954988105,2576.0085967322952,2.1289231326337403,2.5947405178141354,4.331850175929655,5512.820512820513,0.0005530801889057165,1621.5207500000001,0.08099999999999999,0.3319672131147541,0-0-3736-1,e,fcd45f4d-Audio_SP21.v0,group_0,1,fave,104.97616507039265,76.98777174662071,7,de,"",0.22000000000002728,videos,Youtube,d,#,d,y,final
406.965080822421,1875.3591514348473,2676.4785772727305,1.9864169690887594,2.6183120546177006,4.259586607523596,5512.820512820513,0.00005781452647525212,1622.6327499999998,0.025,0.33783783783783783,0-0-3739-4,e,fcd45f4d-Audio_SP21.v0,group_0,1,fave,215.4872421767271,75.48640805398817,7,posteando,"",0.0500000000001819,",",[silence],t,á,t,á,internal
486.4058416121305,1731.2683276646574,4435.67521586764,2.2627257828808225,2.217892187706164,4.291895422264467,6051.282051282051,0.0034495417897872295,1626.69775,0.035,0.33653846153846156,0-0-3746-1,e,fcd45f4d-Audio_SP21.v0,group_0,1,fave,110.16692260463483,74.53488726364351,7,se,"",0.07999999999992724,[silence],llena,s,#,s,L,final
429.34340927515115,2086.6154986373303,3156.99706496839,2.123937292385219,3.5407792163005687,4.8354572737098,5692.3076923076915,0.026136287625630396,1627.7657500000003,0.231,0.33285302593659943,0-0-3750-1,e,fcd45f4d-Audio_SP21.v0,group_0,1,fave,102.79822282438867,76.67407577105669,7,de,"",0.6699999999998454,barra,[silence],d,#,d,"",final
458.13337958385216,1845.94123341351,2368.0374133038035,2.376221338690208,2.455373707643962,4.063464997191323,5692.3076923076915,0.0007694276456121031,1629.24575,0.051000000000000004,0.3311688311688312,0-0-3753-1,e,fcd45f4d-Audio_SP21.v0,group_0,1,fave,224.84149136339667,76.18546069735342,7,de,"",0.12999999999988177,[silence],tiempo,d,#,d,t,final
465.6341633883782,1714.9960288409375,2460.5147515533163,2.496166179116472,3.198001309543185,4.028255278486403,5512.820512820513,0.0000884956528417984,1630.0987499999999,0.037000000000000005,0.324561403508772,0-0-3757-1,e,fcd45f4d-Audio_SP21.v0,group_0,1,fave,131.24207830222352,77.7580955525062,7,de,"",0.09000000000014552,horas,video,d,#,d,b,final
464.75794064716774,1704.1880491944155,2453.902097962345,2.0086645297177474,2.7565926962110163,4.743737451031307,5692.3076923076915,0.0021901515480043363,1631.06875,0.037,0.32456140350877194,0-0-3761-1,e,fcd45f4d-Audio_SP21.v0,group_0,1,fave,234.93254595226045,71.9472905900622,7,te,"",0.09000000000014552,que,producen,t,#,t,p,final
521.3922717489095,1401.2937871379802,3254.5949165551474,1.9576037079637962,3.545029923907919,4.8788353904974535,6051.282051282051,0.000021383414845861437,1632.40375,0.027000000000000003,0.32142857142857145,0-0-3766-1,e,fcd45f4d-Audio_SP21.v0,group_0,1,fave,125.88746491757236,76.99412176001198,7,de,"",0.05999999999994543,tipo,moneda,d,#,d,m,final
476.7062687491297,1840.243233973033,2532.19895265035,2.673507934204998,2.101303808319526,2.4083931448987825,5692.3076923076915,0.000013634745327862218,1646.6337499999997,0.027000000000000003,0.32142857142857145,0-0-3822-1,e,fcd45f4d-Audio_SP21.v0,group_0,1,fave,104.50521252142279,77.08972776306149,7,de,"",0.060000000000172804,página,anuncios,d,#,d,a,final
490.8786645463186,1695.8599866504835,2427.7887355570115,2.0288101069872195,3.546817585915613,4.041188208954081,5692.3076923076915,0.0004423297860825098,1647.73875,0.037,0.32456140350877194,0-0-3826-8,e,fcd45f4d-Audio_SP21.v0,group_0,1,fave,123.75879149728631,74.91035975179003,7,solamente,"",0.08999999999991815,que,por,t,#,t,p,final
461.12806608271814,1830.4337092420285,2571.3371175495163,2.2970814982098724,2.7461299928784735,3.3345170091984846,5333.333333333333,0.00006542567209896923,1651.37575,0.031,0.32978723404255317,0-0-3838-3,e,fcd45f4d-Audio_SP21.v0,group_0,1,fave,187.77273236526386,74.86907675109606,7,este,"",0.07000000000016371,[silence],genera,t,#,t,x,final
439.3616066022958,1911.8143589287142,2515.8595492159047,1.8034506171117255,3.464399733736385,3.5567651661372146,5512.820512820513,0.0002847654770049668,1654.11475,0.189,0.33510638297872336,0-0-3844-1,e,fcd45f4d-Audio_SP21.v0,group_0,1,fave,103.16658442584257,76.84797732278788,7,de,"",0.5399999999999636,cantidad,[silence],d,#,d,.,final
543.4522605467633,1756.5475004436323,2552.9287349742544,2.2695574369041887,2.8246689519147865,3.224128801210806,5692.3076923076915,0.00038748060970163786,1660.5137499999998,0.027000000000000003,0.32142857142857145,0-0-3866-4,e,fcd45f4d-Audio_SP21.v0,group_0,1,fave,448.803717615766,71.60346696906846,7,cliqueas,"",0.05999999999994543,que,",",k,a,k,a,internal
477.57787476630534,1707.3695235399243,2356.4617173413876,2.285073393894942,2.5122754628523296,4.723017920621024,5512.820512820513,0.0003968498569917971,1663.52775,0.035,0.33653846153846156,0-0-3874-7,e,fcd45f4d-Audio_SP21.v0,group_0,1,fave,311.44381382683196,73.97956518502447,7,inviertes,"",0.07999999999992724,tú,[silence],t,s,t,s,internal
546.8300632970659,1112.5795266534953,1842.6785046291054,2.826043844218595,4.038636321820104,4.175373270236284,6230.7692307692305,0.0003147728455600067,1666.0337499999998,0.027000000000000003,0.32142857142857145,0-0-3882-1,e,fcd45f4d-Audio_SP21.v0,group_0,1,fave,144.03271187102942,75.63097667837611,7,membresía,"",0.05999999999994543,una,[silence],m,m,m,m,internal
511.78821583037967,1667.4459245634891,4623.057945162285,2.076770982207314,3.3083963490480635,4.797243572834778,8384.615384615383,0.003876254308735172,1667.64775,0.035,0.3365384615384616,0-0-3886-0,e,fcd45f4d-Audio_SP21.v0,group_0,1,fave,125.16433814149467,81.18968010304913,7,el,"",0.07999999999992724,aumenta,[silence],#,l,a,l,initial
509.62779461834646,1812.4314653710087,2622.575985853472,1.907361493329653,2.710031128537057,3.870951184187063,5871.794871794871,0.007454664554797506,1668.95875,0.057,0.32758620689655177,0-0-3890-0,e,fcd45f4d-Audio_SP21.v0,group_0,1,fave,296.65342803948306,79.03687885775071,7,el,"",0.14999999999986358,[silence],la,#,l,.,l,initial
485.35229405646027,1791.8797088156914,2338.585231230192,2.180411260400864,3.3227639152884954,4.104277065812591,5333.333333333333,0.00001481007571584516,1670.3837499999997,0.027000000000000003,0.32142857142857145,0-0-3894-1,e,fcd45f4d-Audio_SP21.v0,group_0,1,fave,113.17576158164363,77.29170462811234,7,generar,"",0.060000000000172804,de,más,x,n,x,n,internal
473.98368119158374,1791.0203951440037,2429.1613678771673,2.234738324790219,2.418150216246101,3.230011230082897,5333.333333333333,8.991810934520968e-6,1670.48575,0.031,0.32978723404255317,0-0-3894-3,e,fcd45f4d-Audio_SP21.v0,group_0,1,fave,108.69621231567139,72.24911808210523,7,generar,"",0.06999999999993634,de,más,n,R,n,R,internal
516.6618197602915,1838.9823722350432,3839.277307773538,1.8270269155693308,3.8036111185790733,4.640069043133334,6051.282051282051,0.003873406597811033,1675.6507499999998,0.121,0.3324175824175823,0-0-3907-2,e,fcd45f4d-Audio_SP21.v0,group_0,1,fave,168.64806249288262,74.11702522335659,7,hace,"",0.3400000000001455,que,[silence],z,#,z,.,final
546.497638821418,1875.7488951622197,2274.376060200665,2.5844403563221983,2.4456100871950515,4.375983502724602,5333.333333333333,0.0004868926266725546,1676.1377499999999,0.035,0.3365384615384616,0-0-3909-0,e,fcd45f4d-Audio_SP21.v0,group_0,1,fave,108.07577176302479,66.93926402306238,7,en,"",0.08000000000015461,[silence],Microworkers,#,n,.,n,initial
380.4137868718582,1948.984637626695,2505.2838064207385,2.517539650384451,2.845036333734428,3.4777908706489358,5153.846153846154,0.000056534474415573894,1676.8527499999998,0.025,0.33783783783783783,0-0-3910-8,e,fcd45f4d-Audio_SP21.v0,group_0,1,fave,NaN,63.67916994376428,7,Microworkers,"",0.0500000000001819,en,está,k,R,k,R,internal
466.01940210562805,1750.6902041925812,2533.1698525513475,2.470930153614733,2.9162721578046047,3.9551687567126312,5512.820512820513,0.0006674174676928052,1679.56775,0.055,0.33536585365853655,0-0-3917-1,e,fcd45f4d-Audio_SP21.v0,group_0,1,fave,110.01594919579867,71.92353352271901,7,de,"",0.14000000000010004,es,minería,d,#,d,m,final
427.45334612806323,1916.0733468604456,2470.801097132776,2.124721760949691,2.891063325811489,3.8874650712776604,5871.794871794871,0.01806521190008651,1684.44275,0.225,0.3338278931750742,0-0-3926-3,e,fcd45f4d-Audio_SP21.v0,group_0,1,fave,102.01409794192183,77.99410672942159,7,este,"",0.650000000000091,[silence],solamente,t,#,t,s,final
461.3628445402787,1875.49101721832,2548.6218504297117,2.7917876886030664,2.4311496633602823,3.2355668340490156,5512.820512820513,0.000029718568715493057,1685.8787499999999,0.037000000000000005,0.324561403508772,0-0-3930-4,e,fcd45f4d-Audio_SP21.v0,group_0,1,fave,111.18915018423911,71.53742860560031,7,tienes,"",0.09000000000014552,que,que,n,s,n,s,internal
523.8167677768911,1747.9191987394797,2400.031575299836,2.7561947471917243,2.9276752384259104,4.415416186321858,5512.820512820513,0.0001008306074489838,1692.16375,0.027000000000000003,0.32142857142857145,0-0-3952-0,e,fcd45f4d-Audio_SP21.v0,group_0,1,fave,121.37223888552386,74.68556588764483,7,empresa,"",0.05999999999994543,otra,[silence],#,m,a,m,initial
422.2623919278109,511.3425317610433,2025.392837195167,3.193394779547775,3.5177504290921235,4.625846540222273,5333.333333333333,0.002111119832696914,1693.11775,0.035,0.3365384615384616,0-0-3955-3,e,fcd45f4d-Audio_SP21.v0,group_0,1,fave,140.64028470942978,66.60504958287473,7,entendido,"",0.08000000000015461,tengo,",",t,n,t,n,internal
513.4925946499466,1609.1724561076614,2351.848959629998,2.1518795520687086,3.7000082775349674,4.157707019217018,5333.333333333333,0.00007511999813685726,1697.5037499999999,0.027000000000000003,0.32142857142857145,0-0-3970-3,e,fcd45f4d-Audio_SP21.v0,group_0,1,fave,528.5502492521352,81.26924944685936,7,Internet,"",0.05999999999994543,el,que,t,R,t,R,internal
420.4012102190351,582.5830050122779,1848.7815210396338,2.487917065025747,3.152470231824534,3.097231825003482,3897.4358974358975,0.0010830584223938335,1757.88275,0.125,0.33422459893048123,0-0-4008-3,e,fcd45f4d-Audio_SP21.v0,group_0,1,fave,140.69484646588722,75.009062127279,7,veces,"",0.3500000000001364,a,",",z,s,z,s,internal
460.30459496330644,1779.3073867573785,3386.2010999138806,1.8489571653466714,3.907816349863627,5.475727328299993,6769.2307692307695,0.007771872469154088,1759.98775,0.035,0.3365384615384616,0-0-4014-2,e,fcd45f4d-Audio_SP21.v0,group_0,1,fave,222.299492290932,77.52942063291974,7,preguntan,"",0.07999999999992724,me,[silence],R,g,R,g,internal
469.73851397934374,1841.8574982111008,2371.5478244732262,2.16657463475712,2.337547995100542,4.672346079919717,5692.3076923076915,0.0007017372370364644,1762.36775,0.035,0.33653846153846156,0-0-4017-3,e,fcd45f4d-Audio_SP21.v0,group_0,1,fave,237.34915578764551,60.98804024796437,7,este,"",0.08000000000015461,[silence],[silence],t,#,t,.,final
458.20901741461944,2026.6662013877099,2501.8259127952906,2.262749966609867,3.291749521919793,4.299519189127126,6230.7692307692305,0.028641077826205116,1768.8377500000001,0.11499999999999999,0.3343023255813953,0-0-4045-1,e,fcd45f4d-Audio_SP21.v0,group_0,1,fave,102.38203500651916,79.46463173034266,7,les,"",0.31999999999993634,%%,[silence],l,s,l,s,internal
487.5932840766578,1834.625422764455,3757.52520920918,2.7090695300117322,2.4097828502342953,4.0004484502044635,6410.25641025641,0.00009514444262414839,1771.85775,0.07500000000000001,0.3348214285714286,0-0-4056-4,e,fcd45f4d-Audio_SP21.v0,group_0,1,fave,107.40569756361523,76.55750614923866,7,pueden,"",0.20000000000004547,[silence],generar,d,n,d,n,internal
513.2947562410502,1922.344409580183,2985.060274715179,1.8906327651823693,3.5718075729716308,4.838495635967344,6230.7692307692305,0.00023328590054398434,1772.43775,0.035,0.33653846153846156,0-0-4057-3,e,fcd45f4d-Audio_SP21.v0,group_0,1,fave,99.60852644453057,75.08613114110884,7,generar,"",0.07999999999992724,pueden,ingresos,n,R,n,R,internal
480.5971716138558,1900.2609777104733,3752.24923616348,2.2885184089992263,3.5592544965126436,2.9882600447394334,6769.2307692307695,0.00002819617059885101,1777.9937499999999,0.027000000000000003,0.32142857142857145,0-0-4077-1,e,fcd45f4d-Audio_SP21.v0,group_0,1,fave,223.5031452279273,75.18656857091783,7,le,"",0.05999999999994543,que,gusta,l,#,l,g,final
444.99983845589315,1747.8183453386266,2604.7731119484356,2.661569296034488,2.7588505543521973,4.067831722087346,5153.846153846154,0.00003768549929626058,1790.3527499999998,0.025,0.33783783783783783,0-0-4094-1,e,fcd45f4d-Audio_SP21.v0,group_0,1,fave,442.5828428505379,72.16752839014866,7,se,"",0.0500000000001819,que,han,s,#,s,á,final
472.92888210589444,1541.2980879475535,2084.785542756566,2.5338392332522868,2.930052115035037,4.1021875666333685,5692.3076923076915,0.00012375335349959797,1794.31775,0.035,0.33653846153846156,0-0-4106-2,e,fcd45f4d-Audio_SP21.v0,group_0,1,fave,110.5337746442327,79.88176094648932,7,preguntan,"",0.08000000000015461,me,este,R,g,R,g,internal
453.15000718244835,1835.3140719274675,2211.122111871676,2.2693625387828704,2.4010520799507424,4.405058026614645,5692.3076923076915,0.0016292423856007906,1795.6357500000001,0.231,0.33285302593659943,0-0-4107-3,e,fcd45f4d-Audio_SP21.v0,group_0,1,fave,102.57756788901756,72.34675260187798,7,este,"",0.6700000000000728,preguntan,",",t,#,t,.,final
519.6540638714341,1302.2299902801178,3770.681782896971,2.7927620244071725,3.5150569454718426,3.842100021031665,6051.282051282051,0.0001833440122880103,1804.23875,0.037000000000000005,0.324561403508772,0-0-4137-0,e,fcd45f4d-Audio_SP21.v0,group_0,1,fave,119.21521378704378,75.51252049570992,7,el,"",0.08999999999991815,con,pin,#,l,n,l,initial
453.473292168732,1890.6310902782975,3001.4959262043362,2.133674271109564,2.5588432907706156,4.584512395560037,5692.3076923076915,0.008174760070099735,1805.7227500000001,0.125,0.3342245989304812,0-0-4140-1,e,fcd45f4d-Audio_SP21.v0,group_0,1,fave,110.3650192367232,77.41409015425698,7,de,"",0.34999999999990905,[silence],[silence],d,#,d,.,final
517.0927561679772,1676.0339736113046,3570.441704085002,2.614484489145392,2.7771873020409017,4.11253074603491,5871.794871794871,0.0000680329080665362,1806.94375,0.027000000000000003,0.32142857142857145,0-0-4145-6,e,fcd45f4d-Audio_SP21.v0,group_0,1,fave,130.24137563009975,68.54223254501282,7,entonces,"",0.05999999999994543,%%,no,z,s,z,s,internal
499.63004648536446,1685.9068602870095,2125.056500212535,1.959814868798406,3.1882374969823393,5.075287070957599,5692.3076923076915,0.0000688392307671978,1807.47575,0.031,0.32978723404255317,0-0-4147-1,e,fcd45f4d-Audio_SP21.v0,group_0,1,fave,125.775024429941,79.10785505866257,7,les,"",0.06999999999993634,no,[silence],l,s,l,s,internal
461.55909876397396,1727.5143196273657,3789.84037479852,2.675359831283556,2.525758413197722,4.092400996343567,6769.2307692307695,4.062753897895354e-6,1808.8827499999998,0.025,0.33783783783783783,0-0-4152-1,e,fcd45f4d-Audio_SP21.v0,group_0,1,fave,440.6326215846544,76.40864269451123,7,se,"",0.0500000000001819,y,desaniman,s,#,s,d,final
497.1523688186411,1740.413631493586,2288.045376629869,1.7721772065733,2.831580469296678,3.977979263662106,5153.846153846154,0.00002177523985325892,1808.96375,0.027000000000000003,0.32142857142857145,0-0-4153-1,e,fcd45f4d-Audio_SP21.v0,group_0,1,fave,124.36332585395482,78.68914576330175,7,desaniman,"",0.05999999999994543,se,pues,d,s,d,s,internal
477.2616313284812,1887.73103980809,2441.0894623574713,1.989622682316732,3.0836159224807114,3.4892837586832672,5333.333333333333,0.00020648114980967877,1810.99875,0.057,0.32758620689655177,0-0-4158-4,e,fcd45f4d-Audio_SP21.v0,group_0,1,fave,115.60031805986993,79.12644439416242,7,porque,"",0.14999999999986358,[silence],no,k,#,k,n,final
500.29251446122294,1631.806856643703,2278.0672821166986,1.457954784975112,3.4984290841265926,4.454402052054135,5692.3076923076915,0.001050903867859714,1811.39875,0.037,0.32456140350877194,0-0-4160-1,e,fcd45f4d-Audio_SP21.v0,group_0,1,fave,123.23184774843183,76.48848612524624,7,le,"",0.08999999999991815,no,quitan,l,#,l,k,final
558.1819382698357,1629.1992881961392,2468.3895238208456,2.533546269767508,3.3906817742152704,4.659877503675124,5153.846153846154,0.00020022908646629084,1811.7927499999998,0.045,0.3358208955223881,0-0-4162-0,e,fcd45f4d-Audio_SP21.v0,group_0,1,fave,138.03976573865882,71.77686776326372,7,el,"",0.11000000000012733,quitan,el,#,l,n,l,initial
518.5025042511932,1689.5128405892854,2478.204588665625,2.047923426838505,2.647267499230621,4.821156448420066,5512.820512820513,0.000575064056598434,1812.2237499999999,0.047,0.3263888888888889,0-0-4163-0,e,fcd45f4d-Audio_SP21.v0,group_0,1,fave,285.73571465591215,74.41249567913543,7,el,"",0.11999999999989086,el,pin,#,l,l,l,initial
480.86036967232286,2586.898609742752,3958.065780091386,2.7043473023286397,3.153169136651562,4.457086470560053,6589.74358974359,0.0013016610003205836,1812.6387499999998,0.037,0.32456140350877194,0-0-4165-0,e,fcd45f4d-Audio_SP21.v0,group_0,1,fave,156.2937160016133,66.29386264354433,7,entonces,"",0.09000000000014552,pin,no,#,n,n,n,initial
565.0777713612177,1576.0110500162175,3881.2647447268705,3.5774458309442903,3.2733446590452067,4.1255511537265654,6769.2307692307695,0.0015754961866574334,1834.36775,0.035,0.3365384615384616,0-0-4178-3,e,fcd45f4d-Audio_SP21.v0,group_0,1,fave,126.23348287965808,70.68255158293506,7,Venezuela,"",0.08000000000015461,en,me,n,z,n,z,internal
526.0185251769694,1718.8273186338345,2470.285302651887,2.429421895018121,3.098858472866654,4.080119816728845,4615.384615384615,0.0002716742622621927,1836.9737499999999,0.027000000000000003,0.32142857142857145,0-0-4191-1,e,fcd45f4d-Audio_SP21.v0,group_0,1,fave,465.876374600202,69.3095169432944,7,se,"",0.05999999999994543,familia,ha,s,#,s,a,final
478.19100930004015,1792.9371909071597,2503.432697313046,2.6025776963309584,2.76434052648741,3.96521382793228,5512.820512820513,0.000013033176700355972,1842.14375,0.027000000000000003,0.32142857142857145,0-0-4200-3,e,fcd45f4d-Audio_SP21.v0,group_0,1,fave,127.70242240452096,78.71464137069611,7,anteriormente,"",0.05999999999994543,Este,le,t,R,t,R,internal
473.31440746824467,1837.416999459269,2379.880301775385,2.1269398713120284,3.011443357828796,3.819207773216145,5153.846153846154,0.0021044648496795467,1842.86375,0.28700000000000003,0.33217592592592593,0-0-4200-12,e,fcd45f4d-Audio_SP21.v0,group_0,1,fave,134.97450991203806,76.73252382931521,7,anteriormente,"",0.8399999999999181,Este,le,t,#,t,l,final
482.53208400253664,1752.9794557220623,2349.4629858238286,2.0486881402749924,3.6554495276724115,3.6242803710311606,5153.846153846154,0.00013536883065360088,1843.7207500000002,0.041,0.3306451612903226,0-0-4201-1,e,fcd45f4d-Audio_SP21.v0,group_0,1,fave,116.80814661310437,80.20609289827753,7,le,"",0.09999999999990905,anteriormente,comentaba,l,#,l,k,final
458.4343854987302,1937.2480004198198,3588.727993760449,2.2335238637116555,3.880544595474392,4.969636035054624,7846.153846153846,0.02014890558425362,1845.3787499999999,0.197,0.33164983164983164,0-0-4206-3,e,fcd45f4d-Audio_SP21.v0,group_0,1,fave,112.63441381345872,76.81179860373317,7,este,"",0.5699999999999363,papá,[silence],t,#,t,.,final
494.50387029360536,1465.0973534140458,2214.8072128460362,2.3616293965101014,3.1041893402492895,3.4887618599924015,5512.820512820513,0.000010419188525552745,1855.35575,0.031,0.32978723404255317,0-0-4234-1,e,fcd45f4d-Audio_SP21.v0,group_0,1,fave,115.42478318995775,79.77833677944746,7,de,"",0.07000000000016371,mucho,estos,d,#,d,s,final
532.1173447093126,2043.7677389354728,4163.559933684853,2.9708102997527703,4.227426964594162,3.9109665588243265,6948.717948717948,0.00012220947723701894,1861.2637499999998,0.027000000000000003,0.32142857142857145,0-0-4248-3,e,fcd45f4d-Audio_SP21.v0,group_0,1,fave,100.45772426730048,67.60873168824159,7,enseñarlo,"",0.05999999999994543,instruirlo,[silence],s,N,s,N,internal
444.28569877325504,1743.0464627498757,2314.953236568354,1.964470528571818,3.7579006168356464,3.2712592040369524,5512.820512820513,0.00013901830185910957,1866.66775,0.035,0.33653846153846156,0-0-4267-4,e,fcd45f4d-Audio_SP21.v0,group_0,1,fave,212.8853399435759,71.75211304743264,7,porque,"",0.07999999999992724,oportunidad,ya,k,#,k,y,final
429.5997624620553,2123.8350006907795,2533.0209607937245,3.115036389278282,3.4462923825234384,4.539420902798987,5512.820512820513,0.0000444306667806284,1867.8637499999998,0.027000000000000003,0.32142857142857145,0-0-4274-0,e,fcd45f4d-Audio_SP21.v0,group_0,1,fave,108.58781582805538,73.95297978171824,7,hermano,"",0.060000000000172804,mi,",",#,R,i,R,initial
461.6329414367455,1816.1674798321144,2255.8406160873383,2.2972885717561473,2.491255022893292,3.5493680604452473,5333.333333333333,0.004738532213675757,1895.91275,0.065,0.33505154639175255,0-0-4300-3,e,fcd45f4d-Audio_SP21.v0,group_0,1,fave,185.80544744533861,68.46996551578017,7,este,"",0.16999999999984539,",",[silence],t,#,t,.,final
445.1045473515091,1807.805693261016,2447.8331257379446,2.4333886981102126,2.3353483081094097,3.0874880905661697,5692.3076923076915,0.00021952334438819573,1896.2527499999999,0.08499999999999999,0.33464566929133854,0-0-4302-0,e,fcd45f4d-Audio_SP21.v0,group_0,1,fave,108.9522038198074,77.10948305747989,7,estoy,"",0.2300000000000182,[silence],en,#,s,.,s,initial
421.55213864164557,1817.1568005061956,2328.412221015163,3.0531653647898644,2.4550089758005806,3.852928243958646,5512.820512820513,0.00004996768970433705,1896.6907500000002,0.041,0.3306451612903226,0-0-4303-0,e,fcd45f4d-Audio_SP21.v0,group_0,1,fave,115.72831744545203,77.80708556395261,7,en,"",0.09999999999990905,estoy,un,#,n,y,n,initial
455.9363791464448,1804.4106111950764,2648.766194149988,1.94699169096944,2.6704583523861287,4.67732484785766,5333.333333333333,0.00019212747656975908,1900.7707500000001,0.041,0.3306451612903226,0-0-4312-1,e,fcd45f4d-Audio_SP21.v0,group_0,1,fave,111.12712771281463,82.37211272928154,7,Telegram,"",0.09999999999990905,Por,estoy,t,l,t,l,internal
440.5040076184227,1814.2662565809246,2394.221099233051,1.468360283678153,3.276163366010633,4.148731961497,5692.3076923076915,0.00005629798310193168,1900.9057500000001,0.031,0.32978723404255317,0-0-4312-3,e,fcd45f4d-Audio_SP21.v0,group_0,1,fave,220.76286970655178,78.36756535624232,7,Telegram,"",0.06999999999993634,Por,estoy,l,g,l,g,internal
394.02353031712846,1887.2017644980835,3935.854747580819,3.2617651235919296,2.657945911832462,5.366629892724761,5871.794871794871,0.003202500457873613,1901.6557500000001,0.031,0.32978723404255317,0-0-4314-5,e,fcd45f4d-Audio_SP21.v0,group_0,1,fave,104.6257190448328,70.02414844136524,7,también,"",0.06999999999993634,estoy,[silence],i,n,i,n,internal
472.42311428552944,1897.5135378788411,2502.9741468982716,2.1857873691379,3.6739195396125033,4.361242348561279,5153.846153846154,0.001359277364403795,1912.16775,0.035,0.3365384615384616,0-0-4351-1,e,fcd45f4d-Audio_SP21.v0,group_0,1,fave,227.9980484923868,78.17660466821346,7,De,"",0.07999999999992724,[silence],problemas,d,#,d,p,final
453.12020551564393,1912.9400290072704,2449.2097400475463,1.959040369469269,2.618757146924602,4.482773929297509,5333.333333333333,0.0032329257585707034,1916.71575,0.231,0.33285302593659943,0-0-4363-1,e,fcd45f4d-Audio_SP21.v0,group_0,1,fave,220.23944902801603,76.05840377178501,7,de,"",0.6700000000000728,más,[silence],d,#,d,.,final
432.06594569520206,2029.9028597165584,2417.9872668038374,1.7980978995735575,3.419330067263779,4.405206691617087,5871.794871794871,0.003410466957752739,1921.22575,0.191,0.3327526132404181,0-0-4375-0,e,fcd45f4d-Audio_SP21.v0,group_0,1,fave,106.6216754331769,80.57682180342019,7,en,"",0.5499999999999545,[silence],[silence],#,n,.,n,initial
448.473184685265,1774.597212345026,2304.6478530908694,2.305811133661598,2.927667553455033,3.3584644809139608,5333.333333333333,0.000021906384711784117,1922.69375,0.027000000000000003,0.32142857142857145,0-0-4377-2,e,fcd45f4d-Audio_SP21.v0,group_0,1,fave,225.6373225681889,73.93675077241431,7,ese,"",0.05999999999994543,[silence],grupo,s,#,s,g,final
497.91234447192426,1910.837869778617,2347.9268625541554,2.0911955821626274,2.6044242265336246,3.7047306472415715,5333.333333333333,0.0006015596101228812,1924.2827499999999,0.08499999999999999,0.33464566929133854,0-0-4382-2,e,fcd45f4d-Audio_SP21.v0,group_0,1,fave,141.32458985623228,70.37949390409312,7,pues,"",0.2300000000000182,[silence],.,u,s,u,s,internal
456.7301175262509,1690.9539922387846,2275.033991633098,2.439233527594996,3.5019747391175953,3.7878985921814112,5333.333333333333,0.0019198719385848783,1924.69275,0.065,0.33505154639175255,0-0-4385-0,e,fcd45f4d-Audio_SP21.v0,group_0,1,fave,167.70807616836004,76.86521853058717,7,Estoy,"",0.16999999999984539,%%,en,#,s,&,s,initial
423.219950151302,1822.24342531835,2443.3256459885133,1.7567624453673356,2.6065176391573064,4.0458777217474085,5333.333333333333,0.0005378241954295792,1949.65875,0.07700000000000001,0.3290598290598291,0-0-4418-3,e,fcd45f4d-Audio_SP21.v0,group_0,1,fave,104.72974781533001,82.00454503682877,7,este,"",0.21000000000003638,[silence],[silence],t,#,t,"",final
416.3679317296285,2000.5561108732425,2325.461638894893,1.9168668860299172,2.879039109791048,3.2058905297515903,5512.820512820513,0.000571643308135797,1951.2287500000002,0.097,0.3299319727891157,0-0-4421-4,e,fcd45f4d-Audio_SP21.v0,group_0,1,fave,185.86169756704322,73.308426455997,7,porque,"",0.2699999999999818,[silence],hay,k,#,k,á,final
497.97371341711636,1849.27443768051,2364.25603978325,2.2845794949864855,3.069649743835874,3.7725855696823536,5512.820512820513,0.00008155502283515372,1955.0627499999998,0.045,0.33582089552238803,0-0-4432-1,e,fcd45f4d-Audio_SP21.v0,group_0,1,fave,126.2005613045689,79.19212275524913,7,de,"",0.11000000000012733,siempre,las,d,#,d,l,final
444.19470841154856,1568.7829347845159,4040.466817915889,2.7156014174324485,4.178016150626403,4.068988664616934,7487.179487179487,0.0004149822124783783,1956.86775,0.035,0.33653846153846156,0-0-4438-1,e,fcd45f4d-Audio_SP21.v0,group_0,1,fave,122.75464209078355,73.40903415115125,7,se,"",0.08000000000015461,cómo,realizan,s,#,s,r,final
445.5065487341141,1842.2201254786858,2176.1213068289435,2.5173271613874673,2.788014963647678,4.29433413544987,5692.3076923076915,0.00001890180722837594,1961.36575,0.031,0.32978723404255317,0-0-4452-4,e,fcd45f4d-Audio_SP21.v0,group_0,1,fave,125.21345076662284,72.43659692998517,7,tiene,"",0.07000000000016371,uno,que,n,#,n,k,final
447.82375415830813,1524.3678040614525,2252.7407549596364,2.6997671565315517,2.610448820881848,3.462024031493176,6051.282051282051,0.000031093538156555663,1963.60775,0.035,0.33653846153846156,0-0-4458-3,e,fcd45f4d-Audio_SP21.v0,group_0,1,fave,105.08340395516157,74.77866937690568,7,aprender,"",0.08000000000015461,[silence],para,R,n,R,n,internal
457.41007515522256,1744.0320395355327,2314.3087608382557,3.2010665208085167,3.147251819405439,3.020261440759908,5512.820512820513,0.0001555287026764777,1964.68575,0.031,0.32978723404255317,0-0-4461-3,e,fcd45f4d-Audio_SP21.v0,group_0,1,fave,110.07894025737363,75.06823174330738,7,cometer,"",0.06999999999993634,no,los,m,t,m,t,internal
468.2066180791504,2257.471135561146,3698.329473041762,1.9997138004792288,4.340099480569646,4.783944091280373,6410.25641025641,0.00022521247352909319,1965.5337499999998,0.027000000000000003,0.32142857142857145,0-0-4464-0,e,fcd45f4d-Audio_SP21.v0,group_0,1,fave,103.16120013154203,69.08471865683042,7,errores,"",0.05999999999994543,mismos,pues,#,r,s,r,initial
418.6685562499438,1895.7512494734935,2428.2192573276648,1.9733079239803253,2.982877574546315,3.6792987564427166,5333.333333333333,0.001754135071576912,1996.0477500000002,0.11499999999999999,0.3343023255813952,0-0-4470-7,e,fcd45f4d-Audio_SP21.v0,group_0,1,fave,154.37162688089475,73.54131238580139,7,contacté,"",0.31999999999993634,[silence],[silence],t,#,t,.,final
454.81424159731915,2035.3308737356967,2426.6488628921365,3.001573309034157,3.0686733432538564,3.346377166365078,5512.820512820513,0.002544379111566126,1999.17875,0.137,0.33091787439613524,0-0-4475-1,e,fcd45f4d-Audio_SP21.v0,group_0,1,fave,115.56163989630217,75.71697787857363,7,me,"",0.39000000000010004,cuando,cuando,m,#,m,k,final
457.79226877852676,2103.3577533324114,4197.508225632054,2.2226044057453036,4.545576080911349,5.312068755425226,8025.641025641025,0.003548031246217167,2000.5987499999999,0.037,0.32456140350877194,0-0-4480-0,e,fcd45f4d-Audio_SP21.v0,group_0,1,fave,114.1371569850685,78.09819435942504,7,el,"",0.09000000000014552,retirar,pin,#,l,R,l,initial
432.2001852320279,1964.1806481268652,2365.1173137297856,2.0454824769749935,2.6878459161086217,3.258936944699231,5333.333333333333,0.0004429002334863373,2003.5507499999999,0.181,0.3327205882352941,0-0-4485-3,e,fcd45f4d-Audio_SP21.v0,group_0,1,fave,187.9303936880013,81.02345434837396,7,duré,"",0.5199999999999818,[silence],[silence],R,#,R,"",final
441.057224043711,1890.6498275996464,2231.4018048369508,2.431239336363252,2.7951978497516743,3.8778688545678177,5512.820512820513,0.00032682572454890155,2005.5307500000001,0.041,0.3306451612903226,0-0-4489-1,e,fcd45f4d-Audio_SP21.v0,group_0,1,fave,119.39695817031577,73.48513016169656,7,semanas,"",0.09999999999990905,tres,enviándole,s,m,s,m,internal
538.5152053109559,1421.2597444956034,2134.4011142826794,3.093880030921437,3.2045133414335156,3.4242252624674143,5692.3076923076915,0.00003592740631986948,2011.42375,0.027000000000000003,0.32142857142857145,0-0-4506-1,e,fcd45f4d-Audio_SP21.v0,group_0,1,fave,127.55026023277794,70.68498083531534,7,respondieron,"",0.05999999999994543,me,[silence],r,s,r,s,internal
440.55267357294184,1874.429938041686,2473.3602598214425,3.2462125275179483,2.4797789956594523,3.087791136875341,5512.820512820513,8.723796228166398e-6,2014.8727499999998,0.025,0.33783783783783783,0-0-4513-1,e,fcd45f4d-Audio_SP21.v0,group_0,1,fave,117.1256068219801,75.40716588014834,7,me,"",0.0500000000001819,[silence],dijeron,m,#,m,d,final
462.7386528674218,1852.3877508462872,2255.4105759199556,3.07225698063354,2.8604027752725516,3.683018511356479,5692.3076923076915,0.00004715437039712591,2020.0737499999998,0.027000000000000003,0.32142857142857145,0-0-4539-0,e,fcd45f4d-Audio_SP21.v0,group_0,1,fave,125.52576205563582,67.8883355370143,7,escrito,"",0.05999999999994543,he,a,#,s,é,s,initial
472.4645967509917,1766.9319782185628,2368.22180356999,2.0239561562828476,2.9386914844440724,3.8944739813708535,5512.820512820513,0.0004817946349102373,2021.01875,0.037000000000000005,0.324561403508772,0-0-4541-9,e,fcd45f4d-Audio_SP21.v0,group_0,1,fave,177.23026142861184,69.79819480763219,7,empleadores,"",0.08999999999991815,a,[silence],R,s,R,s,internal
425.3758371449487,1866.660031588093,2353.034364287023,1.7647507049937434,3.0075098479022278,3.8324809970117326,5692.3076923076915,0.00015837165935398477,2021.68775,0.07500000000000001,0.3348214285714286,0-0-4543-3,e,fcd45f4d-Audio_SP21.v0,group_0,1,fave,104.7117313629529,74.20343414745305,7,este,"",0.1999999999998181,[silence],[silence],t,#,t,.,final
462.37271600506193,1922.6678255078752,2451.5575939444875,1.961325387361333,2.674132424841673,3.51918425986845,5512.820512820513,0.0001619884840913562,2023.3737499999997,0.047,0.3263888888888889,0-0-4549-0,e,fcd45f4d-Audio_SP21.v0,group_0,1,fave,229.33576940276947,78.54929423470026,7,errores,"",0.12000000000011823,[silence],en,#,r,.,r,initial
508.1783479351196,2019.825503647279,3984.454964838784,3.484324751026103,3.1112506806631175,4.188188019508411,6051.282051282051,0.0002794256003193898,2023.8337499999998,0.027000000000000003,0.32142857142857145,0-0-4550-0,e,fcd45f4d-Audio_SP21.v0,group_0,1,fave,131.42826079936302,69.58176259591174,7,en,"",0.060000000000172804,errores,tareas,#,n,s,n,initial
456.5549270839262,1635.4031202347155,2333.0961809011483,1.8441485398530573,4.0564701490685255,3.107303950562319,5333.333333333333,0.00001783598412743716,2025.7337499999999,0.027000000000000003,0.32142857142857145,0-0-4559-1,e,fcd45f4d-Audio_SP21.v0,group_0,1,fave,229.97772235359986,77.28235805419658,7,querido,"",0.05999999999994543,he,saber,k,R,k,R,internal
409.7504570971039,1752.578191036641,2659.3787417957265,2.2631605618505115,3.4129669197431265,4.088408176725171,4794.871794871795,0.005683907198167183,2028.64875,0.037,0.32456140350877194,0-0-4571-4,e,fcd45f4d-Audio_SP21.v0,group_0,1,fave,115.82818345752963,70.83864884829107,7,procedimiento,"",0.08999999999991815,mismo,a,z,d,z,d,internal
378.24420214874453,2164.8990096496414,3877.702199127206,2.2774304910671606,4.00680579499235,5.102314872022564,5692.3076923076915,0.001076430967016399,2030.50575,0.031,0.32978723404255317,0-0-4578-3,e,fcd45f4d-Audio_SP21.v0,group_0,1,fave,124.51440019938913,63.73306762799786,7,veces,"",0.06999999999993634,otras,mal,z,s,z,s,internal
463.5968322898765,1514.012545413563,2259.9309627152697,2.1155441144021863,2.9976029425944235,3.8646626867734466,4974.358974358975,0.0022800502716388035,2031.0927499999998,0.045,0.3358208955223881,0-0-4581-6,e,fcd45f4d-Audio_SP21.v0,group_0,1,fave,123.62786508204324,76.732906138171,7,entonces,"",0.11000000000012733,",",[silence],z,s,z,s,internal
432.7320298667812,1725.3029489171247,2387.4062369320113,2.45577344741752,3.3877170163708676,3.6244760970728067,5333.333333333333,0.000010996929825840443,2032.5237499999998,0.027000000000000003,0.32142857142857145,0-0-4585-2,e,fcd45f4d-Audio_SP21.v0,group_0,1,fave,137.69696569919756,77.51235777895985,7,ese,"",0.05999999999994543,[silence],tipo,s,#,s,t,final
451.44032189500376,1733.0656893036585,2450.833297646898,2.7734667312359993,3.5838264500372286,4.086975232606901,4974.358974358975,0.00047582283250747315,2033.2437499999999,0.027000000000000003,0.32142857142857145,0-0-4587-2,e,fcd45f4d-Audio_SP21.v0,group_0,1,fave,129.08593414452417,69.00109602518452,7,ese,"",0.05999999999994543,tipo,tipo,s,#,s,t,final
455.54288434294716,1905.5357420536986,2349.3954021169266,1.9486993258079768,2.8145004867641585,3.167787287870165,5512.820512820513,0.00042025897323369954,2033.8727499999998,0.08499999999999999,0.33464566929133854,0-0-4589-1,e,fcd45f4d-Audio_SP21.v0,group_0,1,fave,345.3729042385519,76.50787550565768,7,de,"",0.2300000000000182,tipo,[silence],d,#,d,.,final
416.92614963669,1884.7070577915547,2396.728347404954,1.9766190919004982,3.136352286183458,3.6302937395247334,5512.820512820513,0.0021366880773757407,2034.88075,0.30100000000000005,0.3329646017699116,0-0-4591-1,e,fcd45f4d-Audio_SP21.v0,group_0,1,fave,301.18477711072677,73.80906367096874,7,de,"",0.8799999999998818,[silence],[silence],d,#,d,.,final
453.80459026816953,1623.4782929538917,2289.839859288321,2.3995598481812936,3.371603883564768,2.7788779578339886,5692.3076923076915,3.546985398707073e-6,2035.8627499999998,0.025,0.33783783783783783,0-0-4593-2,e,fcd45f4d-Audio_SP21.v0,group_0,1,fave,109.48394282369306,79.50738034539857,7,preguntas,"",0.0500000000001819,[silence],que,R,g,R,g,internal
526.7017790346107,1363.6970153567538,3663.7345879428995,2.818363137506793,3.8758973636361658,4.870047408229522,6051.282051282051,0.004150926644103409,2039.4937499999999,0.047,0.3263888888888889,0-0-4605-7,e,fcd45f4d-Audio_SP21.v0,group_0,1,fave,184.6794134666691,67.41358018382702,7,las,"",0.11999999999989086,me,[silence],t,s,t,s,internal
392.011720160034,1449.3385248287213,2028.3262806724945,3.0367845964065325,3.638998403142451,4.03587226118024,5512.820512820513,0.0178155129239391,2087.92375,0.10700000000000001,0.3302469135802469,0-0-4615-1,e,fcd45f4d-Audio_SP21.v0,group_0,1,fave,191.42808125418858,73.28593856647187,7,se,"",0.3000000000001819,no,[silence],s,#,s,.,final
500.52788252269005,1717.6894705608875,2393.5242288825325,3.1939509413790907,3.6061122634998197,3.6258666584542136,5692.3076923076915,5.481035604574024e-6,2088.6127500000002,0.025,0.33783783783783783,0-0-4620-0,e,fcd45f4d-Audio_SP21.v0,group_0,1,fave,131.67791582642883,73.9469618067858,7,entiende,"",0.0500000000001819,le,muy,#,n,e,n,initial
422.14249340362784,1956.0639551667286,2439.5564001449243,3.080736642383877,3.527143777693257,3.3655166369582914,5692.3076923076915,0.000015690621728316935,2090.05375,0.027000000000000003,0.32142857142857145,0-0-4625-4,e,fcd45f4d-Audio_SP21.v0,group_0,1,fave,118.6651861072499,76.76225483253447,7,porque,"",0.05999999999994543,pregunta,se,k,#,k,s,final
376.0754415442909,1667.6134690193726,2572.271194428752,3.147577131692697,3.354881489995403,3.882750683130736,4615.384615384615,0.0001827479929043551,2090.21375,0.027000000000000003,0.32142857142857145,0-0-4626-1,e,fcd45f4d-Audio_SP21.v0,group_0,1,fave,106.4188852596393,74.02900315069502,7,se,"",0.06000000000040018,porque,le,s,#,s,l,final
449.76024877736194,1548.7480412461969,2219.833811361511,2.348097271634917,3.37880419086858,3.2151772630781483,5153.846153846154,7.943650295438864e-6,2090.3227500000003,0.025,0.33783783783783783,0-0-4627-1,e,fcd45f4d-Audio_SP21.v0,group_0,1,fave,115.0261806578253,81.02814674641817,7,le,"",0.0500000000001819,se,corta,l,#,l,k,final
462.9947905701093,1902.806074142746,2217.3149860616672,1.7863508477916128,3.3643492836035884,4.91672332437465,5153.846153846154,0.002759592600195151,2132.11975,0.119,0.3361581920903954,0-0-4640-3,e,fcd45f4d-Audio_SP21.v0,group_0,1,fave,112.81954401630401,81.49083279684722,7,este,"",0.32999999999992724,bueno,[silence],t,#,t,&,final
459.1476552773879,1369.8728304461174,2136.4242188142503,2.55917167201437,3.9385966272858273,3.902050341197365,4794.871794871795,0.00012196202000912678,2135.69375,0.027000000000000003,0.32142857142857145,0-0-4655-3,e,fcd45f4d-Audio_SP21.v0,group_0,1,fave,106.61157514706959,75.91253225258659,7,aprendiendo,"",0.05999999999994543,está,[silence],R,n,R,n,internal
431.0714770893573,1867.3701592299135,2548.353210933157,2.5796368192653936,2.861663033414858,4.888241188711292,5512.820512820513,0.004773611253180549,2138.6607499999996,0.08099999999999999,0.3319672131147541,0-0-4659-3,e,fcd45f4d-Audio_SP21.v0,group_0,1,fave,101.78679666401946,75.78885047025592,7,este,"",0.22000000000025466,[silence],sale,t,#,t,s,final
463.3744087903484,1911.2208097298212,4151.499432397611,2.4549010218450693,3.603964859383514,4.233735455394955,6948.717948717948,0.000023044544907668458,2139.19275,0.025,0.33783783783783783,0-0-4661-1,e,fcd45f4d-Audio_SP21.v0,group_0,1,fave,108.72913393900143,79.00414059671836,7,de,"",0.0500000000001819,sale,la,d,#,d,l,final
426.695192777526,2448.5215403965426,4048.3900565199106,2.1058503721753725,5.147958185453529,4.704514422483845,7307.692307692308,0.004156497467515743,2140.35875,0.037000000000000005,0.324561403508772,0-0-4665-0,e,fcd45f4d-Audio_SP21.v0,group_0,1,fave,104.05434597533755,74.27545573699884,7,el,"",0.08999999999969077,y,[silence],#,l,i,l,initial
513.7645943998859,1821.7501100689651,4224.92687558284,1.8173146092961459,4.124607416635921,4.52928026427487,8205.128205128205,0.014569976456167425,2141.25575,0.031,0.32978723404255317,0-0-4669-0,e,fcd45f4d-Audio_SP21.v0,group_0,1,fave,487.7335790940876,75.2379204164934,7,el,"",0.07000000000016371,[silence],mundo,#,l,.,l,initial
484.61365773625135,1942.8646803128702,4261.372186133064,2.6145081542731248,3.3455798948968867,4.461087907667427,7487.179487179487,0.00004829520321145104,2142.85575,0.031,0.32978723404255317,0-0-4673-1,e,fcd45f4d-Audio_SP21.v0,group_0,1,fave,103.65188814568266,79.17911694973486,7,le,"",0.06999999999970896,[silence],enseña,l,#,l,e,final
497.30850537984935,1957.4476799539545,2314.05284931013,2.3918351881286615,3.132184262065245,3.5579045891508785,5153.846153846154,0.00014648295686343828,2150.2937500000003,0.027000000000000003,0.32142857142857145,0-0-4698-3,e,fcd45f4d-Audio_SP21.v0,group_0,1,fave,103.11126474095562,70.00423725838918,7,requerimiento,"",0.05999999999994543,[silence],[silence],k,R,k,R,internal
469.7945667220356,2237.9302967653316,2439.582541378404,2.673545191541746,2.842023730927859,4.688059958308385,5512.820512820513,0.00048267303926709726,2159.0927500000003,0.08499999999999999,0.33464566929133854,0-0-4714-0,e,fcd45f4d-Audio_SP21.v0,group_0,1,fave,129.49774395179364,78.99217772045884,7,En,"",0.2300000000000182,[silence],caso,#,n,.,n,initial
474.8940687800762,1752.7867633482388,2212.41787323615,1.5210583512502318,4.024027592577426,4.028988361250331,4974.358974358975,9.885188958070783e-6,2159.7427500000003,0.025,0.33783783783783783,0-0-4716-1,e,fcd45f4d-Audio_SP21.v0,group_0,1,fave,115.84224001158607,83.83718443805765,7,de,"",0.0500000000001819,caso,que,d,#,d,k,final
447.61585193396013,2023.4357839034913,3595.2717018916624,1.8756694928387092,3.362132851843564,3.8622994985081935,7307.692307692308,0.01111760225737011,2163.40775,0.155,0.334051724137931,0-0-4731-1,e,fcd45f4d-Audio_SP21.v0,group_0,1,fave,226.04017753293863,79.3758538677938,7,le,"",0.44000000000005457,[silence],pregunto,l,#,l,p,final
255.40020302949435,2716.6018609442513,4417.909054987588,3.2515736894261393,4.675649211965182,4.076176844491829,7128.205128205128,0.0004438620761262223,2166.50275,0.025,0.33783783783783783,0-0-4741-7,e,fcd45f4d-Audio_SP21.v0,group_0,1,fave,105.00513084475404,68.98183470241919,7,experimentados,"",0.0500000000001819,más,que,m,n,m,n,internal
451.1024167675168,1842.5943670728216,3663.588244107872,2.245379596519101,2.9883107608170834,3.221356290840595,5871.794871794871,6.423917999899683e-6,2168.71275,0.025,0.33783783783783783,0-0-4748-0,e,fcd45f4d-Audio_SP21.v0,group_0,1,fave,109.22278691331748,73.55393582779469,7,el,"",0.0500000000001819,en,área,#,l,n,l,initial
474.1916749367333,1561.7749584553865,3493.540362544273,1.6766825303628066,3.823814348673512,4.742357976398364,6230.7692307692305,0.0004100052313355183,2186.76575,0.031,0.32978723404255317,0-0-4772-3,e,fcd45f4d-Audio_SP21.v0,group_0,1,fave,232.39408851992232,74.82642576534319,7,telefónico,"",0.07000000000016371,números,cuando,l,f,l,f,internal
494.0727383056162,2370.474884553361,4013.0000078450407,2.2314896816528407,4.003245344729591,5.098974067436175,6589.74358974359,0.002857046862980139,2191.08775,0.035,0.33653846153846156,0-0-4785-3,e,fcd45f4d-Audio_SP21.v0,group_0,1,fave,225.6257074126671,76.05169498242626,7,directamente,"",0.07999999999992724,llamo,[silence],R,k,R,k,internal
457.14493230810626,1881.2150840294892,2252.047975867385,1.8228706416966292,2.9818112157137135,4.031433109332821,5512.820512820513,0.0034964727216230873,2192.7977499999997,0.155,0.334051724137931,0-0-4789-3,e,fcd45f4d-Audio_SP21.v0,group_0,1,fave,110.25185441467046,76.16004707316023,7,este,"",0.44000000000005457,[silence],lo,t,#,t,l,final
455.37357360115783,2011.3281569418173,4118.642821934138,1.9387243613612795,2.95113395067636,4.291355582383052,7128.205128205128,0.0011232435563196192,2194.04875,0.277,0.33213429256594723,0-0-4791-9,e,fcd45f4d-Audio_SP21.v0,group_0,1,fave,115.62902909955031,79.79670366156938,7,importante,"",0.8099999999999454,lo,[silence],t,#,t,.,final
486.17660099783404,1822.8440228402544,2820.2911508612956,2.786619582195927,4.146423987803624,5.043225542347244,5512.820512820513,0.00046977843969044574,2195.30775,0.035,0.33653846153846156,0-0-4793-2,e,fcd45f4d-Audio_SP21.v0,group_0,1,fave,108.25445891379515,76.89651904815334,7,atender,"",0.07999999999992724,[silence],[silence],t,n,t,n,internal
477.7113287623554,1985.3381045999483,4070.46375847161,3.147993771202348,4.035287669132624,3.614288164145216,6589.74358974359,0.0000834124773799784,2196.60375,0.027000000000000003,0.32142857142857145,0-0-4797-1,e,fcd45f4d-Audio_SP21.v0,group_0,1,fave,110.9687272057045,77.13708016621143,7,dejar,"",0.05999999999994543,nunca,[silence],d,x,d,x,internal
484.9668645272307,1665.9796192813715,2337.6116678773383,1.5546292924635539,4.074407469090675,4.95032864925419,5512.820512820513,0.00005464652889471205,2198.5127500000003,0.025,0.33783783783783783,0-0-4801-2,e,fcd45f4d-Audio_SP21.v0,group_0,1,fave,95.41150405682771,75.43857227122317,7,esperando,"",0.0500000000001819,usuario,.,p,R,p,R,internal
442.5816518635488,1960.6225717001294,4180.858619024833,2.4263124490724834,2.818381537217763,4.11629025169941,6410.25641025641,0.0005393662249008921,2200.20875,0.097,0.3299319727891156,0-0-4805-3,e,fcd45f4d-Audio_SP21.v0,group_0,1,fave,98.9945932447553,73.98991726387435,7,Este,"",0.2699999999999818,[silence],siempre,t,#,t,s,final
459.74392234099594,1991.1170044761218,4103.707523806592,2.6873432192517357,3.525249993138572,4.314592205888297,7307.692307692308,0.00013288701139410337,2202.2227500000004,0.025,0.33783783783783783,0-0-4811-3,e,fcd45f4d-Audio_SP21.v0,group_0,1,fave,223.41165855581372,73.62190576389393,7,requerimiento,"",0.0500000000001819,el,[silence],k,R,k,R,internal
435.1484012339581,1882.7534294069337,2864.1450586155356,1.9787930180201068,2.848592077782051,4.4772495550576155,5512.820512820513,0.0003682227558539959,2204.87775,0.035,0.33653846153846156,0-0-4819-12,e,fcd45f4d-Audio_SP21.v0,group_0,1,fave,215.7006592304156,74.3881082270795,7,inconvenientes,"",0.07999999999992724,los,[pron=pi],t,s,t,s,internal
547.6457997220278,1720.8990475651724,2144.941876390011,3.3639424816253856,3.291222282974946,3.942173883411445,5692.3076923076915,0.00009353728971719623,2264.2937500000003,0.027000000000000003,0.32142857142857145,0-0-4847-3,e,fcd45f4d-Audio_SP21.v0,group_0,1,fave,157.1027016473443,68.24646712418537,7,investigado,"",0.05999999999994543,he,en,b,s,b,s,internal
455.4430600203456,1547.1095953760812,3777.8673124282413,2.47051091707143,3.1752270813373773,3.5803022946287935,7487.179487179487,3.018150351354879e-6,2264.98275,0.025,0.33783783783783783,0-0-4848-0,e,fcd45f4d-Audio_SP21.v0,group_0,1,fave,140.28224210183677,75.25372970377975,7,en,"",0.0500000000001819,investigado,la,#,n,o,n,initial
490.11750199742517,1498.0353849856272,3859.0850387009705,2.9910585649436676,3.9595516494803293,3.9290489735372383,6948.717948717948,0.0000421157084840513,2267.0257500000002,0.031,0.32978723404255317,0-0-4855-1,e,fcd45f4d-Audio_SP21.v0,group_0,1,fave,142.30483758618243,77.84516810964001,7,de,"",0.06999999999970896,investigado,la,d,#,d,l,final
444.9356963808554,1807.2151971471624,2252.9393140403618,2.353827327344406,3.067319071950082,4.790621867436819,5333.333333333333,0.0001842978709735991,2268.80375,0.027000000000000003,0.32142857142857145,0-0-4863-1,e,fcd45f4d-Audio_SP21.v0,group_0,1,fave,110.93178962630675,74.95295337822782,7,sé,"",0.05999999999994543,Este,[silence],s,#,s,.,final
474.9647533482125,1725.5585669860857,2041.4489656968656,2.5662022064164858,3.059195129072939,4.228314772648338,4974.358974358975,0.0019333532795293464,2270.71275,0.125,0.3342245989304812,0-0-4870-1,e,fcd45f4d-Audio_SP21.v0,group_0,1,fave,114.44526390413257,72.55373384035796,7,te,"",0.34999999999990905,[silence],",",t,#,t,.,final
513.3390897592574,1605.8645308074406,1812.0096596150506,3.774105869607463,4.166503300324636,4.191963476161605,4974.358974358975,0.004563637920672223,2272.54275,0.045,0.3358208955223881,0-0-4876-0,e,fcd45f4d-Audio_SP21.v0,group_0,1,fave,107.59431109681532,74.56750392115406,7,en,"",0.11000000000012733,están,[silence],#,n,n,n,initial
484.40667557850685,1652.8716614302566,2363.1299411632876,2.247780554530958,3.2296408906552245,4.086427400842341,5333.333333333333,5.343995450197144e-6,2274.1127500000002,0.025,0.33783783783783783,0-0-4882-1,e,fcd45f4d-Audio_SP21.v0,group_0,1,fave,119.3278190595426,82.17163598500186,7,de,"",0.0500000000001819,y,los,d,#,d,l,final
462.1330215707564,1876.2688098230433,2262.5996807438587,2.354460437998116,2.8811099337941832,4.4962713084433945,5153.846153846154,0.002951337936398655,2275.4397500000005,0.239,0.33473389355742295,0-0-4885-3,e,fcd45f4d-Audio_SP21.v0,group_0,1,fave,146.2428917029281,73.36705352682287,7,este,"",0.6900000000000546,empleadores,[silence],t,#,t,.,final
430.01586137685854,1911.6770796511605,2155.448240076295,2.953742828347437,3.2119182229405085,4.043774228582731,5333.333333333333,0.0002566357175565787,2282.72775,0.035,0.3365384615384616,0-0-4904-3,e,fcd45f4d-Audio_SP21.v0,group_0,1,fave,108.93294585315384,74.55536872465773,7,viven,"",0.07999999999992724,[silence],[silence],b,n,b,n,internal
477.1449647940928,1979.1793877452878,2334.3262424120644,3.693642537990963,2.5101422732229755,3.6154048663302083,5333.333333333333,0.003047162837717637,2283.3637500000004,0.047,0.3263888888888889,0-0-4906-0,e,fcd45f4d-Audio_SP21.v0,group_0,1,fave,109.12958515305267,71.58022208520896,7,en,"",0.11999999999989086,[silence],[silence],#,n,.,n,initial
485.187033364712,1957.8067533460069,2139.2178330225147,3.7819735926178146,3.0413789323114804,3.4135490199960636,4974.358974358975,0.00273476889103263,2284.0037500000003,0.047,0.3263888888888889,0-0-4908-0,e,fcd45f4d-Audio_SP21.v0,group_0,1,fave,109.68277144433317,70.86919673602036,7,en,"",0.11999999999989086,[silence],más,#,n,.,n,initial
507.63109711289843,2123.886724098818,3690.873930236785,2.7389415430812596,3.3834151601545224,4.08112397345351,6948.717948717948,4.101930959693561e-6,2304.17275,0.025,0.33783783783783783,0-0-4935-0,e,fcd45f4d-Audio_SP21.v0,group_0,1,fave,122.80184378756343,82.87213259035995,7,estoy,"",0.0500000000001819,La,escuchando,#,s,a,s,initial
465.60970646186706,1804.9347616935004,2408.175881526753,3.010932395552129,2.709746200428412,3.360569512583491,5512.820512820513,0.0006577771671037132,2344.80075,0.161,0.33264462809917356,0-0-4945-0,e,fcd45f4d-Audio_SP21.v0,group_0,1,fave,132.9631891023106,69.72120134900352,7,En,"",0.4600000000000364,%%,[silence],#,n,&,n,initial
452.7671475864736,1850.5817214415608,2367.0748539591623,2.0637037519591956,2.3558983483911162,3.043362887673904,5692.3076923076915,0.0008610623023493797,2347.16375,0.10700000000000001,0.3302469135802469,0-0-4952-4,e,fcd45f4d-Audio_SP21.v0,group_0,1,fave,111.08629626454223,77.87529037371971,7,porque,"",0.29999999999972715,",",como,k,#,k,k,final
425.6710293540745,1576.8463965446042,2278.2383102318736,2.36216798706414,3.092146954575804,3.0058436785539677,5512.820512820513,0.00003012669254180647,2347.75575,0.031,0.32978723404255317,0-0-4954-1,e,fcd45f4d-Audio_SP21.v0,group_0,1,fave,108.67181076886398,76.95003032477273,7,le,"",0.07000000000016371,como,digo,l,#,l,d,final
492.00281148848813,1805.6298511041564,2367.898708650193,2.4066378517303413,2.433904001136554,3.3434648687323403,5692.3076923076915,0.00043297927202130544,2348.60275,0.045,0.33582089552238803,0-0-4959-0,e,fcd45f4d-Audio_SP21.v0,group_0,1,fave,312.35908009958524,63.97204778580621,7,en,"",0.11000000000012733,[silence],[silence],#,n,.,n,initial
606.6794723188449,1660.5201350479322,4076.869258976754,2.97334082041595,3.0887398871873137,3.7526344725430576,5692.3076923076915,0.00005514547220170356,2351.68375,0.027000000000000003,0.32142857142857145,0-0-4968-4,e,fcd45f4d-Audio_SP21.v0,group_0,1,fave,130.96088317368623,61.78802817538176,7,presencial,"",0.05999999999994543,muy,[silence],s,n,s,n,internal
376.11365598733596,1709.6932518580013,2037.0494388605307,2.6337203125884976,3.1973803562435568,3.657433133344503,5333.333333333333,0.00008061056394425241,2359.71375,0.027000000000000003,0.32142857142857145,0-0-4989-3,e,fcd45f4d-Audio_SP21.v0,group_0,1,fave,100.58919262285706,70.23088878420862,7,requerimientos,"",0.06000000000040018,los,[silence],k,R,k,R,internal
413.05649137275344,1860.1054802138638,2331.7327371043702,3.3765336371464496,2.607794111199669,5.002773023927656,5333.333333333333,0.0009013684798232865,2362.31275,0.045,0.33582089552238803,0-0-4994-4,e,fcd45f4d-Audio_SP21.v0,group_0,1,fave,111.74573081336787,75.34858465133773,7,tiene,"",0.11000000000012733,uno,en,n,#,n,e,final
496.35077866612744,1885.435639032298,2360.5896787658685,2.4596372816589853,3.0037987026997,3.766661779129692,5333.333333333333,0.00040882917983091365,2368.9037500000004,0.047,0.3263888888888889,0-0-5010-0,e,fcd45f4d-Audio_SP21.v0,group_0,1,fave,125.36083291237924,72.32401169339909,7,en,"",0.11999999999989086,[silence],la,#,n,.,n,initial
445.26210425437915,1889.4214308919754,2220.5930693569003,2.3918079647539394,3.1715282501150726,4.016365597206445,4974.358974358975,0.0009536146384530739,2369.7737500000003,0.047,0.3263888888888889,0-0-5013-0,e,fcd45f4d-Audio_SP21.v0,group_0,1,fave,135.45196267894772,70.09288088924258,7,en,"",0.11999999999989086,manera,[silence],#,n,a,n,initial
419.23473645218314,1827.4270259414627,2383.164395545534,2.134234255420295,2.68977964202767,3.1838994130657055,5692.3076923076915,0.0006214961262145738,2373.21875,0.277,0.33213429256594723,0-0-5023-4,e,fcd45f4d-Audio_SP21.v0,group_0,1,fave,121.0469869085049,73.93388437741247,7,porque,"",0.8099999999999454,[silence],[silence],k,#,k,.,final
406.3466209266797,1861.6762903874499,2680.843477601021,2.3770030589486426,2.828586650482533,3.933165862450983,5692.3076923076915,0.00009926951070180731,2374.21375,0.027000000000000003,0.32142857142857145,0-0-5025-0,e,fcd45f4d-Audio_SP21.v0,group_0,1,fave,218.78456463527237,66.149887447999,7,el,"",0.06000000000040018,[silence],año,#,l,.,l,initial
449.41330810303253,1917.2154154632155,2499.808474320802,2.3241991672073556,2.462342297350132,4.110971594046292,5512.820512820513,0.001834517457461657,2377.37375,0.10700000000000001,0.3302469135802469,0-0-5034-3,e,fcd45f4d-Audio_SP21.v0,group_0,1,fave,96.70271288918971,70.56805557977191,7,este,"",0.29999999999972715,[silence],%%,t,#,t,&,final
450.8176600388431,2146.924225881084,3544.386641813149,2.3883761041218143,4.380792439471446,5.135000711541381,7307.692307692308,0.0022935967066169804,2381.59075,0.041,0.3306451612903226,0-0-5042-3,e,fcd45f4d-Audio_SP21.v0,group_0,1,fave,112.26298784537438,77.18496998299085,7,duré,"",0.09999999999990905,mucho,como,R,#,R,k,final
466.3344879713952,1749.5128017853783,4207.500090217717,2.6346526302538424,3.6382945629736705,4.624921326322502,6410.25641025641,0.0031474004419054856,2383.5327500000003,0.045,0.33582089552238803,0-0-5048-3,e,fcd45f4d-Audio_SP21.v0,group_0,1,fave,284.4065015942665,68.53120056290035,7,meses,"",0.10999999999967258,dos,en,s,s,s,s,internal
452.66251042152567,1888.8256886222823,3694.5521454784425,2.7583347727207697,2.7822500648874575,4.7239190267105755,5871.794871794871,0.000244159395108128,2383.71775,0.035,0.3365384615384616,0-0-5049-0,e,fcd45f4d-Audio_SP21.v0,group_0,1,fave,120.92942275572256,68.33628728046807,7,en,"",0.08000000000038199,meses,prestarle,#,n,s,n,initial
418.28766016588116,1827.930228743859,2250.9718550688854,2.064155911175544,2.5037223714522434,3.5070581008246773,5512.820512820513,0.00022250764952867332,2387.23775,0.035,0.33653846153846156,0-0-5061-4,e,fcd45f4d-Audio_SP21.v0,group_0,1,fave,232.15045028371256,73.14928302487193,7,porque,"",0.08000000000038199,sido,de,k,#,k,d,final
472.2228775289779,1819.1258137870877,4165.927423347611,2.7825549912592695,2.9120412088026564,3.972800360964708,6589.74358974359,0.00019841512744820213,2396.73575,0.031,0.32978723404255317,0-0-5094-1,e,fcd45f4d-Audio_SP21.v0,group_0,1,fave,117.11517453765573,73.56679332896302,7,le,"",0.07000000000016371,[silence],ganaba,l,#,l,g,final
304.88826722473186,518.7797221072481,1170.2877634332183,3.8790775177677808,2.9692728489624773,4.46248123549533,4256.410256410256,0.0001827621337195163,2399.5727500000003,0.025,0.33783783783783783,0-0-5106-1,e,fcd45f4d-Audio_SP21.v0,group_0,1,fave,122.12436018973563,72.23259244590714,7,meter,"",0.0500000000001819,a,y,m,t,m,t,internal
416.47930682379206,1918.9327208260875,2409.0517844185697,2.326364014483208,2.6236042273814255,4.405250648728007,5333.333333333333,0.0009621480225015821,2403.75875,0.097,0.3299319727891157,0-0-5124-3,e,fcd45f4d-Audio_SP21.v0,group_0,1,fave,103.1068830317996,73.02854890365114,7,este,"",0.2699999999999818,[silence],[silence],t,#,t,.,final
502.8957495961174,1354.096892284928,1872.6978127245702,2.813714495043589,3.5584868536048417,4.742686655000863,5871.794871794871,0.0022941297069392665,2427.48575,0.031,0.32978723404255317,0-0-5134-1,e,fcd45f4d-Audio_SP21.v0,group_0,1,fave,148.0559556851075,73.21815238040995,7,pensado,"",0.07000000000016371,tengo,dejar,p,n,p,n,internal
468.8811496576544,1878.2397797296635,3545.7734234905065,2.0556284883042855,4.266896485550036,5.325151262822032,5692.3076923076915,0.00031481244653379186,2428.47575,0.031,0.32978723404255317,0-0-5135-1,e,fcd45f4d-Audio_SP21.v0,group_0,1,fave,117.23589503280346,81.25867365499214,7,dejar,"",0.07000000000016371,pensado,de,d,x,d,x,internal
451.4877443898354,1992.4398233500292,3274.732473402737,1.893275342273853,3.9263576700474268,4.607904825510745,6410.25641025641,0.0027243212622612223,2429.03775,0.055,0.33536585365853655,0-0-5136-1,e,fcd45f4d-Audio_SP21.v0,group_0,1,fave,111.50761638815362,76.74328564129097,7,de,"",0.13999999999987267,dejar,trabajar,d,#,d,t,final
422.49913982196887,1874.3147344693923,2393.2875108836624,2.006031658442575,2.9252532634594757,3.635204949497271,5512.820512820513,0.0009836127529185747,2431.52475,0.129,0.3359374999999999,0-0-5144-4,e,fcd45f4d-Audio_SP21.v0,group_0,1,fave,166.7606565120279,74.48385425516527,7,Porque,"",0.36000000000012733,[silence],como,k,#,k,k,final
460.378727476315,1780.87513041762,2294.336522293288,2.0800425866440255,2.5827165564890873,4.0134146031523406,5153.846153846154,0.0010310891090155865,2433.3037500000005,0.087,0.3295454545454546,0-0-5149-12,e,fcd45f4d-Audio_SP21.v0,group_0,1,fave,229.05871565326,76.25283780189599,7,anteriormente,"",0.23999999999978172,indicado,es,t,#,t,"",final
458.5157100919735,1550.0527458389402,3767.255944113423,2.500715728298574,3.181626487105624,3.8723969357112162,5692.3076923076915,0.00004212350696616235,2436.24575,0.031,0.32978723404255317,0-0-5155-2,e,fcd45f4d-Audio_SP21.v0,group_0,1,fave,109.71576073118024,74.13259336258368,7,accesible,"",0.07000000000016371,bastante,para,z,s,z,s,internal
435.7972334459308,1790.9276665329603,3228.2039523493518,2.018652746034361,5.059640350530129,4.8047823182753975,6051.282051282051,0.030504800120947213,2436.59575,0.031,0.32978723404255317,0-0-5155-7,e,fcd45f4d-Audio_SP21.v0,group_0,1,fave,218.5014671304103,75.94696193703402,7,accesible,"",0.07000000000016371,bastante,para,l,#,l,p,final
425.75854226027707,2133.7053405601805,3729.0701799903645,1.8110144242849355,4.0153861648300255,4.6359046757219335,6230.7692307692305,0.0005814430705301793,2438.5437500000003,0.047,0.3263888888888889,0-0-5163-3,e,fcd45f4d-Audio_SP21.v0,group_0,1,fave,142.96275504172016,76.0100591151561,7,pide,"",0.11999999999989086,[silence],este,d,#,d,s,final
444.44773222594455,1912.965886026392,3681.631709785305,1.8399607130888922,3.2639742156533953,4.6143438085903,6769.2307692307695,0.002601694982858025,2444.47575,0.151,0.3325991189427312,0-0-5184-1,e,fcd45f4d-Audio_SP21.v0,group_0,1,fave,110.55763957585226,76.39775716369768,7,de,"",0.4299999999998363,[silence],[silence],d,#,d,.,final
441.25060815037773,1638.054410731984,3623.296209837469,3.068921282380336,3.068743124982437,3.7754416171506726,5871.794871794871,0.00025633174149114864,2446.03775,0.035,0.3365384615384616,0-0-5187-4,e,fcd45f4d-Audio_SP21.v0,group_0,1,fave,200.84488188499077,71.6032791622945,7,parte,"",0.07999999999992724,mi,[silence],t,#,t,.,final
470.0500590015625,2207.272941761163,3659.5051842640905,2.70569333711613,3.7474201145846235,3.602066749603992,5692.3076923076915,0.00039676383181735063,2446.71275,0.025,0.33783783783783783,0-0-5191-1,e,fcd45f4d-Audio_SP21.v0,group_0,1,fave,136.75271655280088,67.8343921504596,7,seguir,"",0.0500000000001819,a,realizando,s,g,s,g,internal
498.98479417588084,1318.7293095195532,2505.2864682852196,2.737366479257895,2.8734474231277587,4.205412836015851,5692.3076923076915,0.000012338192035319442,2450.6127500000002,0.025,0.33783783783783783,0-0-5200-1,e,fcd45f4d-Audio_SP21.v0,group_0,1,fave,124.88527465903928,77.3598567853066,7,me,"",0.0500000000001819,Después,parece,m,#,m,p,final
441.46644313567293,1892.670842442452,2596.9534318544333,2.1124927379813223,4.081943497004709,4.138384727148267,7487.179487179487,0.015633241924674697,2451.00275,0.065,0.33505154639175255,0-0-5201-5,e,fcd45f4d-Audio_SP21.v0,group_0,1,fave,144.5942512374525,73.56932454214973,7,parece,"",0.17000000000007276,me,me,z,#,z,m,final
443.85688088426616,1709.8657378317487,3233.3783004267266,2.976065674297906,3.1770567176098976,4.698240380237879,5512.820512820513,0.0008204721110842713,2451.2757500000002,0.031,0.32978723404255317,0-0-5202-1,e,fcd45f4d-Audio_SP21.v0,group_0,1,fave,129.22916542539184,70.79594837195069,7,me,"",0.06999999999970896,parece,parece,m,#,m,p,final
426.8436513949102,2375.73274283746,3908.7229515664294,2.142088540442189,4.251417819916973,4.34696597007776,6230.7692307692305,0.0006478767937062438,2453.13775,0.035,0.33653846153846156,0-0-5209-3,e,fcd45f4d-Audio_SP21.v0,group_0,1,fave,219.37724432059582,77.08397601177981,7,accesibles,"",0.07999999999992724,[silence],[silence],z,s,z,s,internal
452.87365493894924,2228.818094047464,3433.388191194343,1.8536451278080217,3.9183426622408803,4.946021680948267,5871.794871794871,0.008133172223321064,2453.7427500000003,0.10500000000000001,0.3343949044585987,0-0-5209-8,e,fcd45f4d-Audio_SP21.v0,group_0,1,fave,129.78251674312455,76.57372453595134,7,accesibles,"",0.2899999999999636,[silence],[silence],l,s,l,s,internal
408.63757095036175,1903.6422436148157,2352.4672231757027,2.2734798335044566,3.2172336913801827,3.168760617422169,5512.820512820513,0.00014870324510124144,2476.60375,0.027000000000000003,0.32142857142857145,0-0-5249-4,e,fcd45f4d-Audio_SP21.v0,group_0,1,fave,234.24620444379434,70.56063884031126,7,porque,"",0.05999999999994543,tarea,hay,k,#,k,á,final
404.8461827586893,2021.191689863159,4208.587355539713,3.6747221938096652,3.5751255586230295,3.4898082588741035,6589.74358974359,0.0005657453924237644,2477.68775,0.035,0.33653846153846156,0-0-5257-0,e,fcd45f4d-Audio_SP21.v0,group_0,1,fave,109.06594946478852,72.82428352397582,7,entiende,"",0.07999999999992724,le,[silence],#,n,e,n,initial
452.31880616876646,1948.0502126630713,2873.581921862617,2.544746027882125,3.5612249735228056,4.67234683414859,7128.205128205128,0.002930308188490255,2478.96875,0.097,0.3299319727891157,0-0-5260-0,e,fcd45f4d-Audio_SP21.v0,group_0,1,fave,131.2455955126202,75.340225839843,7,el,"",0.2699999999999818,[silence],tipo,#,l,.,l,initial
452.40972374590524,1394.5051396866072,2089.181922715678,2.3603307997981693,3.4491686852954175,3.125788573776435,5512.820512820513,3.0193712828403635e-6,2479.7227500000004,0.025,0.33783783783783783,0-0-5263-1,e,fcd45f4d-Audio_SP21.v0,group_0,1,fave,219.4766833120434,79.19829495898547,7,requerimiento,"",0.0500000000001819,de,que,r,k,r,k,internal
434.938863418229,1894.490528932919,2463.3542508859623,2.1710648494302554,3.1782471996367847,3.685468649270443,5333.333333333333,0.005926037485913641,2480.61775,0.175,0.3339694656488549,0-0-5265-1,e,fcd45f4d-Audio_SP21.v0,group_0,1,fave,155.6480667165545,70.09796159691342,7,desean,"",0.5,que,[silence],d,s,d,s,internal
463.9608277217573,1821.3011080556757,2414.806493447986,2.5117797412180645,3.403599339025007,2.865582904686941,5153.846153846154,0.00005518616357047861,2519.21575,0.031,0.32978723404255317,0-0-5317-1,e,fcd45f4d-Audio_SP21.v0,group_0,1,fave,120.988497912193,74.29652865657826,7,de,"",0.07000000000016371,[silence],considerarlo,d,#,d,k,final
470.29585694573353,1835.348986234839,2433.1682024515517,2.095839592594481,3.2277542758831914,2.671915476160367,5153.846153846154,0.000011201124968220644,2519.61575,0.031,0.32978723404255317,0-0-5318-6,e,fcd45f4d-Audio_SP21.v0,group_0,1,fave,117.46560471790669,79.18407921097243,7,considerarlo,"",0.07000000000016371,de,[silence],d,R,d,R,internal
419.4954218241462,1913.2971446569802,2436.024648654531,2.2711857768696118,2.8269726816110223,3.218544091129276,4974.358974358975,0.0003733586780477555,2525.54275,0.185,0.3339350180505415,0-0-5330-0,e,fcd45f4d-Audio_SP21.v0,group_0,1,fave,104.77294321394005,75.89085446435672,7,en,"",0.5300000000002001,que,[silence],#,n,é,n,initial
451.89235885740504,1643.6739962243216,2391.6939591264118,1.9984830017107764,3.1796672082879716,3.4665441675127298,5333.333333333333,9.760755664851481e-6,2529.40275,0.025,0.33783783783783783,0-0-5339-3,e,fcd45f4d-Audio_SP21.v0,group_0,1,fave,113.40719632841996,76.42181108582932,7,este,"",0.0500000000001819,cuenta,tipo,t,#,t,t,final
439.2584645242783,1869.7633046165815,2387.090203135521,1.7215647516723154,3.3235259010609113,3.7429795287887724,5512.820512820513,0.0017229291375422814,2529.88075,0.08099999999999999,0.3319672131147541,0-0-5341-1,e,fcd45f4d-Audio_SP21.v0,group_0,1,fave,108.61581526482018,77.83927415550562,7,de,"",0.2199999999997999,tipo,de,d,#,d,d,final
430.4703965775479,1865.8242496250466,2430.202059141196,2.0972556474148227,2.5338438642448495,3.601225741109485,5512.820512820513,0.0006742786237910877,2532.52575,0.11100000000000002,0.3323353293413173,0-0-5349-3,e,fcd45f4d-Audio_SP21.v0,group_0,1,fave,185.9500984212035,73.769514096676,7,este,"",0.3100000000004002,[silence],[silence],t,#,t,.,final
457.84939475670575,1653.0876173225734,3373.739223445758,2.3198762390220327,2.8843282932067544,3.975190681472217,5512.820512820513,0.00018847378396590465,2533.60775,0.035,0.33653846153846156,0-0-5351-1,e,fcd45f4d-Audio_SP21.v0,group_0,1,fave,226.62136814742078,75.19318320476452,7,se,"",0.07999999999992724,[silence],ve,s,#,s,b,final
577.1358276701911,1827.6104425749434,2432.118350487134,2.7664955296515035,3.294884532685862,4.052052051004215,5333.333333333333,0.00008412617375821703,2540.16575,0.031,0.32978723404255317,0-0-5372-1,e,fcd45f4d-Audio_SP21.v0,group_0,1,fave,128.91021158112073,69.91476778947866,7,de,"",0.06999999999970896,cuestión,todo,d,#,d,t,final
390.9625546079829,2031.0732056646154,2516.4204406934537,3.3434930844414925,2.8700058013701555,3.327459995033361,5153.846153846154,0.00018406272566899972,2542.70575,0.051000000000000004,0.3311688311688312,0-0-5385-0,e,fcd45f4d-Audio_SP21.v0,group_0,1,fave,108.61727417414178,75.01348987862387,7,en,"",0.13000000000010914,%%,el,#,n,&,n,initial
436.6548690869848,1654.4469890968733,2387.893297793414,2.545376400431184,3.6184011219991015,3.182160054635739,5692.3076923076915,0.000028485506270722138,2543.0127500000003,0.025,0.33783783783783783,0-0-5387-0,e,fcd45f4d-Audio_SP21.v0,group_0,1,fave,104.03477494221121,77.01581633579781,7,esfuerzo,"",0.0500000000001819,el,que,#,s,l,s,initial
455.3493658015963,1434.3605867914162,2343.405886084132,2.6607385240633668,3.0382107753954477,3.7058674496195043,5871.794871794871,0.00027097344603303986,2543.69775,0.035,0.3365384615384616,0-0-5390-1,e,fcd45f4d-Audio_SP21.v0,group_0,1,fave,113.6706836339386,75.64240571087801,7,le,"",0.08000000000038199,uno,ponga,l,#,l,p,final
459.32042098365343,1822.4877816172925,2382.057338074781,3.174376776609816,3.234756589496431,4.086552087273159,5333.333333333333,0.00018002972310819944,2629.53375,0.067,0.3284313725490196,0-0-5416-7,e,fcd45f4d-Audio_SP21.v0,group_0,1,fave,114.01147451830771,74.79618623731605,7,continúe,"",0.1799999999998363,que,[silence],u,#,u,.,final
465.93690421557426,1660.094862173492,2515.022042815938,2.273554314773142,3.2778618606307504,3.8656403775216814,5512.820512820513,0.0000528820017236494,2635.0837500000002,0.027000000000000003,0.32142857142857145,0-0-5436-1,e,fcd45f4d-Audio_SP21.v0,group_0,1,fave,113.39321858178099,74.2557187457663,7,Seguimos,"",0.05999999999994543,[silence],por,s,g,s,g,internal
446.9911623977901,1031.661704640144,2254.3248929924375,2.4825571083003637,3.173239263741307,3.5019676998082208,4794.871794871795,0.00007024074290213375,21.38075,0.041,0.3306451612903226,0-0-10-4,u,fcd45f4d-Audio_SP21.v0,group_0,1,fave,116.35048577018193,79.29861381897948,7,gradué,"",0.10000000000000142,[silence],[pron=pi],d,e,d,e,internal
521.6469112598693,967.0169109717888,1707.7358848782258,3.604341441168754,3.3062560312204687,4.000226175196585,5512.820512820513,0.043076701031071724,22.85875,0.097,0.3299319727891157,0-0-12-5,u,fcd45f4d-Audio_SP21.v0,group_0,1,fave,214.92914623045965,73.01262907105428,7,Venezuela,"",0.2699999999999996,[pron=pi],.,z,é,z,é,internal
435.69225846072146,854.9680035398944,2770.4380246701226,2.609079894604035,2.334759041008877,3.930508581848968,5333.333333333333,0.00023122125203570512,44.09375,0.027000000000000003,0.32142857142857145,0-0-62-4,u,fcd45f4d-Audio_SP21.v0,group_0,1,fave,109.66728604175663,75.0091951730227,7,computadoras,"",0.060000000000002274,las,cambiamos,p,t,p,t,internal
407.9168190933091,821.4821228964543,2618.6362727736037,2.3597624569179585,2.0832766925060855,4.876961905018446,4974.358974358975,0.00007212979433631303,86.35375,0.027000000000000003,0.32142857142857145,0-0-140-6,u,fcd45f4d-Audio_SP21.v0,group_0,1,fave,101.80030347080684,78.29228794615598,7,bioseguridad,"",0.060000000000002274,de,[silence],g,R,g,R,internal
386.3420912846862,616.205396821347,2566.1258938047804,2.735821687098197,2.4937553741851635,4.3452570775954715,5692.3076923076915,0.0008984833351779008,100.11874999999999,0.037,0.32456140350877194,0-0-176-3,u,fcd45f4d-Audio_SP21.v0,group_0,1,fave,108.32579166774009,73.98786822720403,7,vacunaron,"",0.09000000000000341,nos,para,k,n,k,n,internal
393.22869835546464,914.8306177418028,2564.379465737261,2.1999768179126153,2.596230751047071,4.393710992371063,5153.846153846154,0.0002552584059513167,141.42375,0.027000000000000003,0.32142857142857145,0-0-306-8,u,fcd45f4d-Audio_SP21.v0,group_0,1,fave,99.77008107804336,74.98476773846645,7,de,"",0.060000000000002274,medidas,[silence],g,R,g,R,internal
395.8710755834224,991.2064141354434,2799.7131877476227,2.735038054385602,2.6235013804593077,4.739891644671901,5692.3076923076915,0.0002201255573621032,170.32874999999999,0.037,0.32456140350877194,0-0-346-1,u,fcd45f4d-Audio_SP21.v0,group_0,1,fave,129.8939903609597,74.2034439489352,7,Justicia,"",0.09000000000000341,de,[silence],x,s,x,s,internal
439.3838702483182,749.631181876335,2361.3324759012125,2.4874524306771613,3.077489372544458,4.59656082244595,5333.333333333333,0.0004348029645015964,185.82075000000003,0.041,0.3306451612903226,0-0-381-1,u,fcd45f4d-Audio_SP21.v0,group_0,1,fave,150.80958628566344,78.17198928793944,7,pública,"",0.09999999999999432,administración,[silence],p,b,p,b,internal
385.92146528916464,867.4770987702698,2386.441641906264,2.8245127808142403,2.6362558557935434,3.31128257498538,5153.846153846154,0.00010932875048732258,187.94375000000002,0.027000000000000003,0.32142857142857145,0-0-387-1,u,fcd45f4d-Audio_SP21.v0,group_0,1,fave,111.57129423059278,78.01851609564638,7,bueno,"",0.060000000000002274,[silence],[silence],b,é,b,é,internal
381.46050220980175,757.2374736369902,3039.1721916381066,2.424615599814967,3.018880712010792,4.03271678839021,5871.794871794871,0.00030792696495612605,195.65375,0.027000000000000003,0.32142857142857145,0-0-408-4,u,fcd45f4d-Audio_SP21.v0,group_0,1,fave,101.61212530339063,73.24555995565564,7,asegurara,"",0.060000000000002274,que,otra,g,R,g,R,internal
415.50171275100547,998.4909823232562,2242.5659558055954,2.3536538884877767,2.661642724557613,3.899618363767622,5153.846153846154,0.000016037173499594095,207.30274999999997,0.025,0.33783783783783783,0-0-415-1,u,fcd45f4d-Audio_SP21.v0,group_0,1,fave,109.07676251377171,77.75734668443465,7,Bueno,"",0.05000000000001137,%%,",",b,é,b,é,internal
367.4236032944237,706.7235869652206,2634.9073072253072,2.977340032211926,2.7186881082769294,3.6035039306520766,4974.358974358975,0.001157304093875221,233.22375,0.047,0.3263888888888889,0-0-481-1,u,fcd45f4d-Audio_SP21.v0,group_0,1,fave,110.3466812540937,76.52837227506761,7,publicando,"",0.12000000000000455,[silence],[silence],p,b,p,b,internal
418.33427294130246,816.0825944615716,2954.7802804015078,2.73711054150244,2.5087288287200966,4.97979475704014,5333.333333333333,0.00004811102289827754,236.86274999999998,0.025,0.33783783783783783,0-0-491-1,u,fcd45f4d-Audio_SP21.v0,group_0,1,fave,107.09464437468547,74.53331885174573,7,publicación,"",0.05000000000001137,[silence],de,p,b,p,b,internal
286.9340226041846,773.0573348112234,2487.6988806491313,2.787080301778568,2.595805204232654,4.352360774821758,4974.358974358975,0.04855105480729652,244.23775,0.07500000000000001,0.33482142857142855,0-0-512-1,u,fcd45f4d-Audio_SP21.v0,group_0,1,fave,114.60562495115911,75.8842840262463,7,su,"",0.20000000000001705,en,efectividad,s,#,s,e,final
408.48609673491194,940.0930747349975,2545.920566546483,2.4459813019745513,2.4956996658602266,4.076766634851375,4974.358974358975,0.000015598872141335613,250.51274999999998,0.025,0.33783783783783783,0-0-533-1,u,fcd45f4d-Audio_SP21.v0,group_0,1,fave,105.6326766582962,73.54906598902478,7,bueno,"",0.05000000000001137,este,[silence],b,é,b,é,internal
702.6880486100266,1389.5405573857672,1580.7408045042469,3.112387475039659,3.4541983650374912,4.26133330423912,3358.974358974359,0.0038370219356715363,258.13374999999996,0.027000000000000003,0.32142857142857145,0-0-552-2,u,fcd45f4d-Audio_SP21.v0,group_0,1,fave,473.4078870684311,65.98224159823607,7,usuario,"",0.060000000000002274,de,ahí,s,á,s,á,internal
379.68704519859534,780.8074180743935,2705.853837139109,2.937124539846711,2.778240279600145,4.025270300713724,4794.871794871795,0.0002318249252827353,267.66374999999994,0.027000000000000003,0.32142857142857145,0-0-574-1,u,fcd45f4d-Audio_SP21.v0,group_0,1,fave,117.39539048374547,71.32449247791561,7,bueno,"",0.060000000000002274,espacio,como,b,é,b,é,internal
444.7212391409245,804.7419504000968,1944.4511209558275,2.6874240146761816,2.8632218766006146,4.602622838660382,5333.333333333333,0.0011870136591888084,276.79574999999994,0.031,0.32978723404255317,0-0-602-1,u,fcd45f4d-Audio_SP21.v0,group_0,1,fave,444.56635999658846,73.58732350012204,7,cuando,"",0.07000000000005002,[silence],puedo,k,á,k,á,internal
411.6744534352476,912.8698706199657,2193.88747264666,3.3392759518705604,2.8568647612753884,3.689291213106883,5153.846153846154,0.000023159648922891984,325.18275000000006,0.025,0.33783783783783783,0-0-703-1,u,fcd45f4d-Audio_SP21.v0,group_0,1,fave,128.0528382319129,69.76224770278019,7,funcionado,"",0.05000000000001137,ha,.,f,n,f,n,internal
447.8129415362686,1027.8295759045836,2594.535210039861,2.8403577867478926,2.7407363612787976,4.052431761077853,5153.846153846154,0.00004295604946306654,339.70275000000004,0.025,0.33783783783783783,0-0-745-1,u,fcd45f4d-Audio_SP21.v0,group_0,1,fave,95.87905871024405,68.8625405314881,7,pues,"",0.05000000000001137,",",[silence],p,e,p,e,internal
368.9927470114604,699.1109574153087,3336.1027544246313,2.913514817528998,2.8728605579200486,4.174004558308538,5512.820512820513,0.00022323507935905043,356.47875,0.037000000000000005,0.324561403508772,0-0-803-1,u,fcd45f4d-Audio_SP21.v0,group_0,1,fave,116.99357758384602,75.20209045199563,7,publicando,"",0.09000000000003183,están,necesitan,p,b,p,b,internal
362.20942650945983,702.0113050278359,2552.621922321649,2.7316570396126623,3.280405956857377,4.40720265151246,4794.871794871795,0.047961459820483054,357.81075,0.101,0.3322368421052631,0-0-805-1,u,fcd45f4d-Audio_SP21.v0,group_0,1,fave,104.9317425285633,72.60155432828769,7,su,"",0.28000000000002956,necesitan,[silence],s,#,s,"",final
358.008437689636,673.871969252207,2392.5684583946045,2.838800307039168,2.9789628435779023,4.3895140073426075,4615.384615384615,0.012281495157562564,359.72274999999996,0.185,0.3339350180505415,0-0-808-1,u,fcd45f4d-Audio_SP21.v0,group_0,1,fave,96.66782000530101,74.59305448150155,7,su,"",0.5300000000000296,[silence],[silence],s,#,s,.,final
478.9299243011186,829.7107424715317,2213.4905968281723,2.3947047850195506,2.7942867606057606,5.087904600947474,5333.333333333333,0.0004159256730479732,384.40275,0.025,0.33783783783783783,0-0-846-1,u,fcd45f4d-Audio_SP21.v0,group_0,1,fave,488.33933635953946,77.03453670139837,7,cuanto,"",0.05000000000001137,en,al,k,á,k,á,internal
374.43166565261674,798.1780422593057,2492.0319328225823,2.884243877343129,3.0633688138339616,4.034149329786618,4974.358974358975,0.0012416060537454596,404.95775,0.055,0.33536585365853655,0-0-904-1,u,fcd45f4d-Audio_SP21.v0,group_0,1,fave,119.87676507855889,72.85853684384078,7,tú,"",0.13999999999998636,[silence],piensas,t,#,t,"",final
460.8169394367455,1344.9429234623763,1954.4000117462522,2.4027190308089046,3.063725567158857,4.165783749112062,5153.846153846154,0.002507176071407925,416.59774999999996,0.07500000000000001,0.3348214285714286,0-0-943-1,u,fcd45f4d-Audio_SP21.v0,group_0,1,fave,121.90334710386321,80.49664835154599,7,pues,"",0.19999999999998863,[silence],.,p,e,p,e,internal
287.78633906643165,630.2229702550718,2041.7682861711412,3.7172334416569144,2.3859081916886287,3.6167106885854805,4076.923076923077,0.000606772070100517,449.18375,0.027000000000000003,0.32142857142857145,0-0-982-1,u,fcd45f4d-Audio_SP21.v0,group_0,1,fave,106.11837859335394,73.80925982408986,7,mundial,"",0.060000000000002274,nivel,[silence],m,n,m,n,internal
428.2400890159244,1124.052579829454,2161.8900203268454,2.5119137331064496,3.1387996762705153,3.7102616199570835,4435.897435897436,0.0036357696536834724,452.16074999999995,0.041,0.3306451612903226,0-0-995-5,u,fcd45f4d-Audio_SP21.v0,group_0,1,fave,112.84274667787,76.26066395724727,7,Venezuela,"",0.10000000000002274,atraviesa,[silence],z,é,z,é,internal
428.5056684758416,796.3146452547212,2330.757565589822,2.5057541874463314,3.020910602923871,4.319682775376194,5153.846153846154,0.00001737123481336,466.37275000000005,0.025,0.33783783783783783,0-0-1034-1,u,fcd45f4d-Audio_SP21.v0,group_0,1,fave,107.5317057574754,80.77910725768345,7,buscar,"",0.05000000000001137,que,otra,b,s,b,s,internal
424.642554247212,1055.3784886349392,2005.43096747683,3.106792030619044,2.994535448140886,4.043639530677532,5333.333333333333,0.00007086558959005674,469.56374999999997,0.027000000000000003,0.32142857142857145,0-0-1042-1,u,fcd45f4d-Audio_SP21.v0,group_0,1,fave,112.28980144584784,74.10557120163998,7,fue,"",0.060000000000002274,Microworkers,[silence],f,é,f,é,internal
362.4222790047147,687.1998848957182,2421.5909501472806,3.0113238398603506,3.359115238251686,4.747401689311575,5333.333333333333,0.0002781525571994494,480.52275000000003,0.025,0.33783783783783783,0-0-1075-1,u,fcd45f4d-Audio_SP21.v0,group_0,1,fave,NaN,60.51234834275161,7,cuando,"",0.05000000000001137,pues,uno,k,á,k,á,internal
390.1166910459755,1139.1316966260715,2010.3003098245129,3.2813810184432484,2.9947419349063265,3.9745952973857968,4615.384615384615,0.0011564817349938355,485.74375,0.027000000000000003,0.32142857142857145,0-0-1088-1,u,fcd45f4d-Audio_SP21.v0,group_0,1,fave,134.1109899143578,75.37138730433254,7,fue,"",0.060000000000002274,todo,[silence],f,é,f,é,internal
424.57166263591483,887.5417903897996,2128.8002136116643,2.4678331333256427,2.955511629418233,4.82157073887419,4974.358974358975,0.001612030423938203,491.70775000000003,0.035,0.33653846153846156,0-0-1105-1,u,fcd45f4d-Audio_SP21.v0,group_0,1,fave,105.4181154145472,80.39069607080802,7,buscar,"",0.07999999999998408,que,otros,b,s,b,s,internal
387.16710055267777,768.0648451724375,2538.180702833432,2.4921065489864387,2.494586125092593,4.658723353057097,5153.846153846154,0.00048369063231573184,497.08574999999996,0.031,0.32978723404255317,0-0-1120-1,u,fcd45f4d-Audio_SP21.v0,group_0,1,fave,163.28258059007143,70.49216498517946,7,curiosidad,"",0.06999999999999318,la,este,k,R,k,R,internal
352.60262987498254,661.9779436349397,2773.1376039700535,2.936633838695257,2.669355136354337,4.448961043760105,4974.358974358975,0.0000730151576433213,506.32374999999996,0.027000000000000003,0.32142857142857145,0-0-1141-1,u,fcd45f4d-Audio_SP21.v0,group_0,1,fave,107.60379628418693,75.65921190270788,7,buscando,"",0.060000000000002274,",",la,b,s,b,s,internal
448.1229317394871,766.2790165270724,2020.8536255192873,3.0688447045251364,3.3784379208317943,4.205067719450663,4615.384615384615,0.0057019037661371645,529.78575,0.031,0.32978723404255317,0-0-1182-3,u,fcd45f4d-Audio_SP21.v0,group_0,1,fave,139.79048832391138,72.19169346969075,7,recuerdo,"",0.07000000000005002,la,porque,k,é,k,é,internal
442.72447010217167,850.1293437845677,3263.596211374924,3.318562379551035,2.5448240389979575,5.2826995037284625,7487.179487179487,0.003794606721519182,540.93575,0.031,0.32978723404255317,0-0-1212-0,u,fcd45f4d-Audio_SP21.v0,group_0,1,fave,137.86098649710615,72.7761186179821,7,Unidos,"",0.07000000000005002,Estados,",",#,n,s,n,initial
467.43352805630843,819.700175051324,2432.6806914953227,2.6705860795440377,2.8300107757785655,4.097293932562306,5692.3076923076915,0.0005337757603521084,559.7037500000001,0.027000000000000003,0.32142857142857145,0-0-1269-1,u,fcd45f4d-Audio_SP21.v0,group_0,1,fave,449.34924372116467,76.97266399414052,7,cuanto,"",0.05999999999994543,en,ingresé,k,á,k,á,internal
428.5648599724103,868.2345589737271,2627.905384832005,2.6041690871021608,3.17924634307036,4.292252353049471,5153.846153846154,0.00042306059367948665,601.3737500000001,0.027000000000000003,0.32142857142857145,0-0-1326-1,u,fcd45f4d-Audio_SP21.v0,group_0,1,fave,112.50997752627354,73.56973628010628,7,Bueno,"",0.05999999999994543,%%,[silence],b,é,b,é,internal
418.29086358341624,750.4283666000158,2410.965086665528,2.893349235086952,3.0111580352231107,4.683297518559866,4256.410256410256,0.010945234756850369,632.14375,0.087,0.32954545454545453,0-0-1415-4,u,fcd45f4d-Audio_SP21.v0,group_0,1,fave,106.22055226987834,74.70658781771081,7,ningún,"",0.2400000000000091,implica,[silence],g,n,g,n,internal
419.7456729311861,1026.0022350187871,2773.448348300656,2.6082732741567822,3.402019569451805,4.679961142370635,5692.3076923076915,0.009096617943391686,639.9807500000001,0.08099999999999999,0.3319672131147541,0-0-1445-0,u,fcd45f4d-Audio_SP21.v0,group_0,1,fave,228.22165133203617,71.30910367457476,7,unir,"",0.2199999999999136,[silence],al,#,n,.,n,initial
440.17707281509394,860.6371022822235,3121.6230077676296,2.929391546173512,2.560911972318221,3.999603992495192,5512.820512820513,0.0003631297371725088,656.2337500000001,0.027000000000000003,0.32142857142857145,0-0-1498-4,u,fcd45f4d-Audio_SP21.v0,group_0,1,fave,98.75006299201729,72.06584093310907,7,computadora,"",0.05999999999994543,la,[silence],p,t,p,t,internal
362.5596393293211,717.5674461537664,2595.1363222893824,2.848463528987956,2.4158636874378163,4.555353020467238,5153.846153846154,0.00008611332690748876,681.2237500000001,0.027000000000000003,0.32142857142857145,0-0-1572-1,u,fcd45f4d-Audio_SP21.v0,group_0,1,fave,117.96263583532814,75.37409678335106,7,publicación,"",0.05999999999994543,de,[silence],p,b,p,b,internal
394.768309985027,744.3041251523127,2862.152754452296,3.0199642586207194,2.731788874717858,4.472657338747037,5153.846153846154,0.00031966407945546835,684.22775,0.035,0.3365384615384616,0-0-1580-1,u,fcd45f4d-Audio_SP21.v0,group_0,1,fave,107.91416432093985,73.13051497676719,7,publicidad,"",0.07999999999992724,de,y,p,b,p,b,internal
523.6720339849943,929.1804452022251,3563.418680432261,2.8196883307854317,2.8137757748092818,3.9299095559601067,6051.282051282051,0.006027973768674304,706.28275,0.045,0.33582089552238803,0-0-1629-0,u,fcd45f4d-Audio_SP21.v0,group_0,1,fave,143.52138834836916,72.41923627584765,7,única,"",0.11000000000001364,la,tarea,#,n,a,n,initial
435.02503447356196,795.7622256338925,2740.704144155803,2.998115653779784,3.008425774312217,5.163267436806052,4974.358974358975,0.00012349672828699648,710.5937500000001,0.027000000000000003,0.32142857142857145,0-0-1643-3,u,fcd45f4d-Audio_SP21.v0,group_0,1,fave,107.08315577878568,76.70018843959316,7,algún,"",0.05999999999994543,[silence],empleado,g,n,g,n,internal
458.4830817878346,872.784582653636,3639.906692329375,3.0131307488152017,2.6205043911781236,4.464724382341778,6230.7692307692305,0.0012607086818397545,726.96275,0.045,0.3358208955223881,0-0-1699-3,u,fcd45f4d-Audio_SP21.v0,group_0,1,fave,220.41903305742125,76.60002569069013,7,recuerdo,"",0.10999999999989996,un,[silence],k,é,k,é,internal
489.7335113073727,720.2628653053516,2238.3818740352467,2.992416861333071,3.13600808773077,5.096452071194508,4794.871794871795,0.00584227253598682,778.7437500000001,0.027000000000000003,0.32142857142857145,0-0-1814-1,u,fcd45f4d-Audio_SP21.v0,group_0,1,fave,460.9624483102965,73.09190843150066,7,cuanto,"",0.05999999999994543,y,más,k,á,k,á,internal
402.3395806206125,1096.6794689434219,2289.6244239220778,3.0784846969403508,3.176492299164349,4.171942330337773,4076.923076923077,0.013059944408218853,786.4607500000001,0.041,0.3306451612903226,0-0-1841-1,u,fcd45f4d-Audio_SP21.v0,group_0,1,fave,113.97474296947239,69.94782290124853,7,su,"",0.09999999999990905,postear,publicación,s,#,s,p,final
424.9193956511161,741.3895498954518,2711.800682237799,2.8117164199828366,2.6124074776383086,4.753103310750413,4974.358974358975,0.0010826661657723632,786.61575,0.031,0.32978723404255317,0-0-1842-1,u,fcd45f4d-Audio_SP21.v0,group_0,1,fave,115.15516062087238,76.26130611419114,7,publicación,"",0.06999999999993634,su,.,p,b,p,b,internal
441.5225785751884,662.5037050763333,3058.693450537628,3.0581107822628653,2.766399385960428,4.644303708548616,6051.282051282051,0.0026099984486031725,808.22775,0.035,0.33653846153846156,0-0-1905-1,u,fcd45f4d-Audio_SP21.v0,group_0,1,fave,194.1180527699388,69.72965256820852,7,cuentas,"",0.07999999999992724,sus,de,k,é,k,é,internal
481.5301850253062,767.8586002737013,2296.4498428954075,2.7301680502446395,2.991630321930872,4.478700692994728,5333.333333333333,0.0008684609236188974,825.30275,0.025,0.33783783783783783,0-0-1941-1,u,fcd45f4d-Audio_SP21.v0,group_0,1,fave,1087.2751392034493,73.73368185815426,7,cuentas,"",0.05000000000006821,mis,personales,k,é,k,é,internal
473.48284791337625,706.3297398736391,2833.874069600663,3.036026006997963,2.698130467389514,4.505329721989707,5333.333333333333,0.0011919804535448454,828.47775,0.035,0.3365384615384616,0-0-1951-1,u,fcd45f4d-Audio_SP21.v0,group_0,1,fave,127.04336478534746,69.23843760744816,7,cuentas,"",0.07999999999992724,otras,[silence],k,é,k,é,internal
391.0389500172792,963.3034129707861,2388.9271324194965,2.7068865648505236,4.1354379195826825,4.361682957643487,3717.948717948718,0.01786936045656528,841.17275,0.045,0.33582089552238803,0-0-1987-1,u,fcd45f4d-Audio_SP21.v0,group_0,1,fave,94.19256453868654,67.49547930756681,7,su,"",0.11000000000001364,[silence],cédula,s,#,s,z,final
393.6665789909781,852.5727503714113,2041.4458997666559,3.0131398816629353,3.0450095075886385,3.6173901846380314,3717.948717948718,0.06191756670871255,843.9037500000001,0.047,0.3263888888888889,0-0-2003-1,u,fcd45f4d-Audio_SP21.v0,group_0,1,fave,111.90396408488888,68.55981302251806,7,su,"",0.12000000000000455,enviar,cédula,s,#,s,z,final
395.6732981738564,851.87766361522,2455.5151645679452,2.1603260072944575,2.9034703663886803,4.3572517151164565,4794.871794871795,0.00019894476126042414,844.3637500000001,0.027000000000000003,0.32142857142857145,0-0-2006-1,u,fcd45f4d-Audio_SP21.v0,group_0,1,fave,139.36228785686293,73.1142042624566,7,su,"",0.05999999999994543,o,pasaporte,s,#,s,p,final
377.97224046415226,774.2899571208576,2706.595607694555,2.945290210699733,3.0238727147442037,4.7533979005029,4974.358974358975,0.00008916656020951543,883.9427499999999,0.025,0.33783783783783783,0-0-2101-1,u,fcd45f4d-Audio_SP21.v0,group_0,1,fave,108.45553237479263,74.81373989534644,7,Buscando,"",0.05000000000006821,%%,siempre,b,s,b,s,internal
415.07064958769826,722.3432239936773,2273.7254272043097,3.009494134011068,2.7575086499311543,4.51557920472681,4794.871794871795,0.0009322837653134839,946.6827499999999,0.045,0.33582089552238803,0-0-2247-1,u,fcd45f4d-Audio_SP21.v0,group_0,1,fave,106.11727685054082,69.78369659256789,7,publícalo,"",0.11000000000001364,aquí,allá,p,b,p,b,internal
401.6841908754318,727.6227015473188,2553.0907377770413,2.7895046981389613,2.8376852293482555,4.66742529194775,4794.871794871795,0.009261996791403795,982.7257500000001,0.031,0.32978723404255317,0-0-2322-1,u,fcd45f4d-Audio_SP21.v0,group_0,1,fave,126.78533222077441,73.06795164063129,7,cuesta,"",0.06999999999993634,[silence],.,k,é,k,é,internal
427.6293883689176,430.7982806515041,2693.028169168639,2.701671831591721,3.7130498081510575,3.980991748145229,4615.384615384615,0.0004648444544892039,983.6927499999999,0.025,0.33783783783783783,0-0-2324-1,u,fcd45f4d-Audio_SP21.v0,group_0,1,fave,101.50494651708766,70.14166629632665,7,Bueno,"",0.05000000000006821,.,",",b,é,b,é,internal
517.1164210941004,1058.0191609606745,2430.8480626029186,2.921794003130934,3.668665072996551,4.453224292266382,5512.820512820513,0.0014978185663502737,1013.5627499999999,0.025,0.33783783783783783,0-0-2380-1,u,fcd45f4d-Audio_SP21.v0,group_0,1,fave,414.8314698656913,61.49247288933988,7,cuentas,"",0.05000000000006821,dos,con,k,é,k,é,internal
377.0512686481331,832.7065879649307,2552.965199610195,2.6821795039201897,2.4607970836316233,4.219836043361832,5153.846153846154,0.0006481919584198554,1128.13575,0.031,0.32978723404255317,0-0-2651-1,u,fcd45f4d-Audio_SP21.v0,group_0,1,fave,129.15769638120818,67.91819115994612,7,tú,"",0.07000000000016371,si,compartes,t,#,t,k,final
417.9579337532165,771.7328342952404,2536.5767746469774,2.478710779830264,2.919684065049021,4.153105680743083,4974.358974358975,0.00019207552682545757,1135.94375,0.027000000000000003,0.32142857142857145,0-0-2683-1,u,fcd45f4d-Audio_SP21.v0,group_0,1,fave,227.53327792095166,78.75206249901379,7,buen,"",0.05999999999994543,un,[silence],b,é,b,é,internal
421.57840345594303,707.6502896088884,2636.8977680231615,2.4878861030391333,3.066287090006046,4.133350560723518,5153.846153846154,0.00018113901240381097,1174.98575,0.031,0.32978723404255317,0-0-2787-4,u,fcd45f4d-Audio_SP21.v0,group_0,1,fave,102.62462359860872,71.24293228884137,7,computador,"",0.06999999999993634,del,[silence],p,t,p,t,internal
276.90833215289325,608.6633127135119,2424.1807588539923,3.1651650637840905,3.0621684790665014,4.079772410453636,4974.358974358975,0.00490345718526043,1265.71575,0.091,0.3321167883211679,0-0-2991-0,u,fcd45f4d-Audio_SP21.v0,group_0,1,fave,110.29660028097713,72.96054418795991,7,hubieron,"",0.25,que,[silence],#,b,é,b,initial
417.83929098666204,880.9437553764874,2508.128386491787,2.4440833766770633,2.5399553033343367,4.2179971149671465,5153.846153846154,0.00006124284956580083,1304.4937499999999,0.027000000000000003,0.32142857142857145,0-0-3032-1,u,fcd45f4d-Audio_SP21.v0,group_0,1,fave,441.59950381745153,72.69585476248632,7,cuenta,"",0.05999999999994543,dado,[silence],k,é,k,é,internal
425.60992583336576,949.5042271039914,2754.809037071602,2.518932293300119,3.8331081751586646,4.6805342752609675,4974.358974358975,0.002676099742498986,1308.94275,0.045,0.3358208955223881,0-0-3052-4,u,fcd45f4d-Audio_SP21.v0,group_0,1,fave,93.9782248174139,70.76230614771735,7,madrugada,"",0.10999999999989996,la,",",R,g,R,g,internal
407.5072781619947,541.3729436843199,2027.1364441720712,2.5657968296484377,3.0330710004944073,4.55621803257264,4794.871794871795,0.002758609402511835,1338.7337499999999,0.027000000000000003,0.32142857142857145,0-0-3152-1,u,fcd45f4d-Audio_SP21.v0,group_0,1,fave,121.13647772855222,74.34638818143675,7,cuando,"",0.05999999999994543,o,llego,k,á,k,á,internal
437.7152126820103,723.0058648948963,2641.388830817805,2.4209865492954106,3.104362071700614,5.205996317752694,6410.25641025641,0.0008947923791608783,1390.3237499999998,0.027000000000000003,0.32142857142857145,0-0-3222-1,u,fcd45f4d-Audio_SP21.v0,group_0,1,fave,438.37876190545745,76.962638693311,7,cuento,"",0.05999999999994543,[silence],con,k,é,k,é,internal
474.22173930299164,765.250033300929,2505.97532513688,1.874975639703084,2.8912347865712,4.970440294115066,4974.358974358975,0.000139915822064893,1438.3427499999998,0.025,0.33783783783783783,0-0-3310-1,u,fcd45f4d-Audio_SP21.v0,group_0,1,fave,498.50275682620673,82.32842948723123,7,cuando,"",0.0500000000001819,[silence],[silence],k,á,k,á,internal
464.2074227581945,1022.6885677733094,2130.7340259012576,2.6720532337105722,3.0741635757143073,4.388255363027494,5153.846153846154,0.0007483820040070821,1455.0927499999998,0.045,0.3358208955223881,0-0-3364-2,u,fcd45f4d-Audio_SP21.v0,group_0,1,fave,125.242065272167,78.40991618077602,7,reunir,"",0.11000000000012733,Espero,todo,e,n,e,n,internal
342.3893093641782,516.3801481051269,1303.7338525250107,3.408952583157911,3.142381364156125,3.5885872666249012,3358.974358974359,0.003346081323963325,1492.5427499999998,0.045,0.33582089552238803,0-0-3460-5,u,fcd45f4d-Audio_SP21.v0,group_0,1,fave,125.26447016009706,71.34290914761999,7,Venezuela,"",0.11000000000012733,en,ha,z,é,z,é,internal
467.8535278199791,851.5596018581767,2451.8887834418288,2.4172522332192905,2.765132699593001,4.621517124739644,5153.846153846154,0.00011194935173084452,1495.1557500000001,0.031,0.32978723404255317,0-0-3472-1,u,fcd45f4d-Audio_SP21.v0,group_0,1,fave,109.27474712603737,82.91048836360616,7,buscar,"",0.06999999999993634,a,alternativas,b,s,b,s,internal
427.46522217053547,932.7175384175313,2913.6785845232503,2.319529352764418,2.9043514408224005,4.47699089130154,5333.333333333333,0.00015072681283368614,1511.54575,0.031,0.32978723404255317,0-0-3498-1,u,fcd45f4d-Audio_SP21.v0,group_0,1,fave,120.15428997501833,80.06144081731215,7,bueno,"",0.06999999999993634,y,",",b,é,b,é,internal
410.5331397221274,815.2205412020154,2956.641736808971,2.909644116604917,3.070217134107686,4.460368937951513,5512.820512820513,0.0001852046920740509,1552.6327499999998,0.025,0.33783783783783783,0-0-3592-1,u,fcd45f4d-Audio_SP21.v0,group_0,1,fave,129.73269258035572,75.60727971122726,7,bueno,"",0.0500000000001819,[silence],el,b,é,b,é,internal
382.0333034449534,691.0336828689534,2420.5562521338675,3.192449261689093,3.316384656084317,3.946512653371114,4974.358974358975,0.0028716887184290258,1591.3227499999998,0.045,0.3358208955223881,0-0-3655-0,u,fcd45f4d-Audio_SP21.v0,group_0,1,fave,109.61300933674364,71.57914136766814,7,utilizar,"",0.11000000000012733,[silence],las,#,t,.,t,initial
418.52989385304664,634.2959980138767,2629.512694792899,2.532203911274525,2.9795323885879346,4.681176526134234,5153.846153846154,0.002988955403138777,1608.13575,0.051000000000000004,0.3311688311688312,0-0-3693-1,u,fcd45f4d-Audio_SP21.v0,group_0,1,fave,122.20608132988582,79.05804920632858,7,juego,"",0.13000000000010914,de,",",x,é,x,é,internal
428.8544830346837,675.3737194902191,2875.332366973875,2.723133911970843,2.7770850136064475,4.604263372002478,6589.74358974359,0.0014285674327039252,1610.15275,0.045,0.3358208955223881,0-0-3701-1,u,fcd45f4d-Audio_SP21.v0,group_0,1,fave,135.57006753868086,76.7396340751959,7,juegos,"",0.10999999999989996,de,por,x,é,x,é,internal
408.77491393487,685.3221536296973,2573.9420396165947,3.0329095160884445,2.9550146520076335,4.449156459216449,4974.358974358975,0.0010713227914509506,1610.76575,0.051000000000000004,0.3311688311688311,0-0-3703-1,u,fcd45f4d-Audio_SP21.v0,group_0,1,fave,109.239896109317,71.04960484000735,7,jugar,"",0.12999999999988177,por,[silence],x,g,x,g,internal
450.0337477394898,871.0529496143798,2717.844464622867,2.401597369240543,2.807562863101654,4.254146973411278,5512.820512820513,0.00038696389820718434,1613.7607500000001,0.041,0.3306451612903226,0-0-3711-4,u,fcd45f4d-Audio_SP21.v0,group_0,1,fave,111.3062159277185,79.06739109936382,7,virtual,"",0.09999999999990905,moneda,[silence],t,á,t,á,internal
390.7476726357917,795.7182710593816,2283.540540183998,2.715782069623138,3.0093247504868215,4.575165437591803,4794.871794871795,0.0028594316866927603,1622.02775,0.07500000000000001,0.3348214285714286,0-0-3737-3,u,fcd45f4d-Audio_SP21.v0,group_0,1,fave,131.05188843622955,77.93219353910861,7,Youtube,"",0.20000000000004547,de,",",t,b,t,b,internal
402.0409711403358,913.2621215733539,2938.846986527158,2.7918303951006638,3.071892547790718,4.397999838008729,5153.846153846154,0.0006969490089436053,1662.89775,0.035,0.3365384615384616,0-0-3873-1,u,fcd45f4d-Audio_SP21.v0,group_0,1,fave,106.81753561845677,74.06242271551093,7,tú,"",0.07999999999992724,si,inviertes,t,#,t,i,final
411.2939458633607,648.9783584082472,2435.657022699848,2.8545554563843036,3.334244425708115,4.49441608285222,5153.846153846154,0.029914645065810545,1686.69975,0.13899999999999998,0.33574879227053134,0-0-3934-1,u,fcd45f4d-Audio_SP21.v0,group_0,1,fave,112.33606766210161,74.4742493871789,7,tu,"",0.38999999999987267,[silence],smartphone,t,#,t,s,final
400.556533032667,613.3229503390597,2399.1910384110815,2.206231529816405,3.780547292136583,4.645869943435901,4615.384615384615,0.004110872903933426,1687.82775,0.035,0.3365384615384616,0-0-3937-1,u,fcd45f4d-Audio_SP21.v0,group_0,1,fave,105.8644540439537,72.38271302372499,7,tu,"",0.08000000000015461,o,equipo,t,#,t,e,final
362.008515760774,598.730158335911,2258.4440599201503,2.761410624094018,3.203409787501768,4.9247061624203985,4974.358974358975,0.005896470274952842,1689.85075,0.041,0.3306451612903226,0-0-3944-0,u,fcd45f4d-Audio_SP21.v0,group_0,1,fave,220.57812651750336,68.48179585162407,7,utiliza,"",0.10000000000013642,[silence],los,#,t,.,t,initial
373.72369007930456,578.5038112535145,2433.1746894124963,3.4119139881239913,3.671940718363464,4.748752404091604,4794.871794871795,0.0014903940315878494,1698.14875,0.037,0.32456140350877194,0-0-3974-0,u,fcd45f4d-Audio_SP21.v0,group_0,1,fave,106.49067625339895,71.4631330469212,7,utilizó,"",0.08999999999991815,no,.,#,t,ó,t,initial
493.7768411873725,992.061282736147,1787.8195527550286,2.758149127550134,3.6135751926055537,3.9924348783396884,4256.410256410256,0.00155681302733789,1742.1037499999998,0.027000000000000003,0.32142857142857145,0-0-3993-2,u,fcd45f4d-Audio_SP21.v0,group_0,1,fave,154.9744544754473,73.24195101395193,7,escuchar,"",0.060000000000172804,logro,la,k,h,k,h,internal
494.63974161501096,746.412249178743,2800.261902474134,2.147817290852135,2.9357621492042787,4.883958419512354,4794.871794871795,0.0010132930593338102,1763.3627499999998,0.025,0.33783783783783783,0-0-4021-1,u,fcd45f4d-Audio_SP21.v0,group_0,1,fave,487.692612315746,80.8853710277884,7,cuando,"",0.0500000000001819,[silence],por,k,á,k,á,internal
443.6330342824587,786.6204402223444,3178.3319165308667,2.083925371489488,2.7086300671859314,4.626898220417004,5871.794871794871,0.00009668897547691622,1771.71375,0.027000000000000003,0.32142857142857145,0-0-4056-1,u,fcd45f4d-Audio_SP21.v0,group_0,1,fave,223.95761713923878,80.53568296579823,7,pueden,"",0.05999999999994543,[silence],generar,p,é,p,é,internal
384.63571099971097,587.1415391643652,2707.9432408663656,2.9928193740419813,2.6619625526937427,4.7339594343694404,5512.820512820513,0.0012462142191944914,1809.50575,0.031,0.32978723404255317,0-0-4154-1,u,fcd45f4d-Audio_SP21.v0,group_0,1,fave,130.96597387491713,69.86996798313906,7,pues,"",0.06999999999993634,desaniman,",",p,e,p,e,internal
434.3055123810687,924.6472424918242,2401.7259927638393,2.7067910003654885,2.905981421375459,4.152045222782663,4974.358974358975,0.0015398478363868077,1860.49775,0.055,0.33536585365853655,0-0-4247-5,u,fcd45f4d-Audio_SP21.v0,group_0,1,fave,109.48444147208305,78.84624889640186,7,instruirlo,"",0.13999999999987267,[silence],enseñarlo,R,i,R,i,internal
446.25841393389095,821.8112910338644,3147.3082561980686,3.1995726282484687,3.3973706954915865,4.782695641846119,6230.7692307692305,0.011750646073076583,1903.97275,0.045,0.3358208955223881,0-0-4324-0,u,fcd45f4d-Audio_SP21.v0,group_0,1,fave,121.1661387677266,77.35065190500247,7,WhatsApp,"",0.10999999999989996,de,",",#,h,e,h,initial
363.29291060498696,650.4240456695693,2386.860143369461,3.17860669503868,2.743349396845274,4.476002636018085,4974.358974358975,0.00022412927215528826,1905.2737499999998,0.027000000000000003,0.32142857142857145,0-0-4331-3,u,fcd45f4d-Audio_SP21.v0,group_0,1,fave,126.2331211559203,73.73409365493102,7,comunidad,"",0.05999999999994543,una,[silence],m,n,m,n,internal
410.0529742228192,645.7339915585472,2398.230434100336,2.6933146263248147,3.36515130522654,4.549218468304814,4615.384615384615,0.0009859374022767485,1910.47875,0.037,0.32456140350877194,0-0-4346-1,u,fcd45f4d-Audio_SP21.v0,group_0,1,fave,107.67169425013718,73.26889149340262,7,publican,"",0.08999999999991815,cuando,tarea,p,b,p,b,internal
467.34907929837016,828.8036512225821,2185.298195285425,2.695235778337151,2.6524069026585666,5.220537516012162,4615.384615384615,0.0004155908469825237,1941.1227499999998,0.025,0.33783783783783783,0-0-4394-1,u,fcd45f4d-Audio_SP21.v0,group_0,1,fave,304.7154189850748,80.84963472701276,7,Cuando,"",0.0500000000001819,[silence],tengo,k,á,k,á,internal
466.05681186493797,797.1718141351529,2659.604100376532,2.631393908670601,3.052233646518796,4.466655425802063,5512.820512820513,0.0027489015405994127,1944.57875,0.037000000000000005,0.324561403508772,0-0-4406-1,u,fcd45f4d-Audio_SP21.v0,group_0,1,fave,475.07498369286714,71.64144861531184,7,cuando,"",0.09000000000014552,todo,[silence],k,á,k,á,internal
490.54958289508807,1157.1131040249409,2267.5906305372478,2.7530005790130554,3.2292050754231845,4.50947816675133,4974.358974358975,0.000014297996331607019,1960.6127499999998,0.025,0.33783783783783783,0-0-4448-1,u,fcd45f4d-Audio_SP21.v0,group_0,1,fave,119.93466802583032,76.64261870344181,7,bueno,"",0.0500000000001819,y,pienso,b,é,b,é,internal
428.5311800495772,703.1520348897194,2593.9605168441567,2.273083840549469,2.9881926403085957,4.513862073676852,4974.358974358975,0.0006917687355390649,1998.49575,0.031,0.32978723404255317,0-0-4474-1,u,fcd45f4d-Audio_SP21.v0,group_0,1,fave,151.119840386271,81.28887407898104,7,cuando,"",0.06999999999993634,[silence],me,k,á,k,á,internal
517.5982599888412,884.1525482502759,2520.3761481074143,2.6342055959256343,2.445100181822609,4.636687604626391,5333.333333333333,0.00004692004879092474,1999.6027499999998,0.025,0.33783783783783783,0-0-4476-1,u,fcd45f4d-Audio_SP21.v0,group_0,1,fave,479.4345362686087,76.313406666808,7,cuando,"",0.0500000000001819,me,tenía,k,á,k,á,internal
484.2733234324006,1032.9758017525585,2022.549180668769,2.8225713709539457,2.672043888886743,4.563076161515615,5153.846153846154,0.0002081063667957036,2016.45575,0.031,0.32978723404255317,0-0-4523-0,u,fcd45f4d-Audio_SP21.v0,group_0,1,fave,130.1953366383677,78.15235503685082,7,única,"",0.06999999999993634,la,vez,#,n,a,n,initial
453.4016977424997,727.7611640055801,2540.7527380130655,2.4481305845928323,2.811251790439711,4.988765175848598,5153.846153846154,0.0001967972242098831,2146.71375,0.027000000000000003,0.32142857142857145,0-0-4688-1,u,fcd45f4d-Audio_SP21.v0,group_0,1,fave,114.47321373651485,80.40769235865127,7,cuando,"",0.06000000000040018,que,tengo,k,á,k,á,internal
568.670659133692,786.3289401249341,2543.144100236961,3.0484885388605454,2.7685253436118966,4.946440665717911,4974.358974358975,0.002937584448913883,2187.59775,0.035,0.33653846153846156,0-0-4773-1,u,fcd45f4d-Audio_SP21.v0,group_0,1,fave,111.16022701742926,72.44308585444705,7,cuando,"",0.07999999999992724,telefónico,tengo,k,á,k,á,internal
417.0375385919025,1078.8556503152429,2247.4212746407893,2.4886323075310237,2.7722527388468707,4.543906104472765,5153.846153846154,0.0007584932693814857,2197.4687499999995,0.037000000000000005,0.324561403508772,0-0-4800-0,u,fcd45f4d-Audio_SP21.v0,group_0,1,fave,102.44136617380516,73.08570400140593,7,usuario,"",0.09000000000014552,al,esperando,#,s,l,s,initial
397.26780759240773,735.2204131969573,2767.772480820854,2.714520059947125,3.208726779436117,4.6054942289652825,5333.333333333333,0.006995245324433486,2197.6807499999995,0.041,0.3306451612903226,0-0-4800-2,u,fcd45f4d-Audio_SP21.v0,group_0,1,fave,102.41751073270093,69.65418285335797,7,usuario,"",0.1000000000003638,al,esperando,s,á,s,á,internal
429.63198376012224,872.2753501840416,3725.5471637943715,2.8134096963961532,2.1435987638301164,5.012957016238609,7307.692307692308,0.00154315457769785,2279.3337500000002,0.027000000000000003,0.32142857142857145,0-0-4896-1,u,fcd45f4d-Audio_SP21.v0,group_0,1,fave,453.2530541328497,72.07460127421092,7,cuenta,"",0.05999999999994543,[silence],%%,k,é,k,é,internal
378.81119807686696,1071.8940724844279,2812.3482837088545,2.8767591286918903,2.754193294170456,4.8134055001694875,5692.3076923076915,0.0025513866581551403,2284.8107499999996,0.041,0.3306451612903226,0-0-4913-1,u,fcd45f4d-Audio_SP21.v0,group_0,1,fave,104.06421195533963,74.98817136444278,7,Europa,"",0.09999999999990905,en,",",e,R,e,R,internal
567.7299412157439,1355.7748407822985,2252.9472730683956,3.207580890055249,3.547076648762864,4.0359776758947445,5153.846153846154,0.0009832972666531442,2304.47375,0.027000000000000003,0.32142857142857145,0-0-4936-2,u,fcd45f4d-Audio_SP21.v0,group_0,1,fave,-374.0591325471909,75.68246069324829,7,escuchando,"",0.05999999999994543,estoy,pero,k,h,k,h,internal
419.97729188786246,670.8441654019977,2420.56643791299,3.141669725783264,2.942939896890725,4.585647124575008,4615.384615384615,0.0008481594126766752,2358.79575,0.031,0.32978723404255317,0-0-4986-1,u,fcd45f4d-Audio_SP21.v0,group_0,1,fave,113.02039777468192,73.99427871685148,7,cumplir,"",0.06999999999970896,[silence],con,k,m,k,m,internal
534.1476567961298,615.2550741485236,2599.3946330835606,2.7110018184895823,2.896103727185491,4.909545078016323,6230.7692307692305,0.0011801962102899923,2374.94375,0.027000000000000003,0.32142857142857145,0-0-5028-1,u,fcd45f4d-Audio_SP21.v0,group_0,1,fave,494.9218125983416,68.97999198897872,7,cuando,"",0.05999999999994543,pasado,inició,k,á,k,á,internal
360.8790252945133,572.844205124999,2147.789057720773,3.4796217930460425,3.3228905008161287,4.234632179214253,3897.4358974358975,0.0009385888608624649,2440.4887499999995,0.037000000000000005,0.324561403508772,0-0-5171-4,u,fcd45f4d-Audio_SP21.v0,group_0,1,fave,106.90834040077048,72.190232195802,7,ningún,"",0.09000000000014552,realizar,mayor,g,n,g,n,internal
502.6478275979187,959.2696590599016,3562.3322413570627,2.668580904020684,2.0484930991315062,3.0575323884617487,5692.3076923076915,0.000030014280059917102,2441.09375,0.027000000000000003,0.32142857142857145,0-0-5173-2,u,fcd45f4d-Audio_SP21.v0,group_0,1,fave,469.2295790272515,77.45983889087155,7,esfuerzo,"",0.05999999999994543,mayor,[silence],f,é,f,é,internal
404.9474000364704,586.4054718612875,1268.9630909218026,3.5880848411551205,3.5029774017384896,3.8338482155721127,3000.0,0.01625355690753945,2457.3337500000002,0.027000000000000003,0.32142857142857145,0-0-5221-5,u,fcd45f4d-Audio_SP21.v0,group_0,1,fave,82.03293978018219,65.65164953928812,7,Venezuela,"",0.05999999999994543,de,que,z,é,z,é,internal
459.62612787125016,850.7393302552593,2593.6829294240124,2.656984144499987,2.7896434263902106,4.50616093020935,5333.333333333333,0.0004077318006488194,2470.99775,0.035,0.3365384615384616,0-0-5234-1,u,fcd45f4d-Audio_SP21.v0,group_0,1,fave,118.22851061898578,77.87825901137158,7,gustaría,"",0.07999999999992724,me,que,g,s,g,s,internal
555.9111793636706,1122.2676802235994,2702.9056189526714,3.7678630973609137,2.854657723841209,5.52103678604691,6051.282051282051,0.003478123363238126,2485.3627500000002,0.025,0.33783783783783783,0-0-5279-0,u,fcd45f4d-Audio_SP21.v0,group_0,1,fave,112.15618929417364,74.59147555843725,7,única,"",0.0500000000001819,la,acotación,#,n,a,n,initial
425.4143166188204,772.6792225326158,2704.332248079402,2.433684312832778,2.9549036158096604,4.7483294199818165,5333.333333333333,0.0005725536032715982,2528.90575,0.031,0.32978723404255317,0-0-5338-1,u,fcd45f4d-Audio_SP21.v0,group_0,1,fave,216.00664017174617,77.25606775599644,7,cuenta,"",0.07000000000016371,en,este,k,é,k,é,internal
481.2635397572663,1252.0518680739783,3278.7828675244277,2.557396682098498,2.8667074632189666,4.9676147360595095,6230.7692307692305,0.000017005002413261374,2539.73275,0.025,0.33783783783783783,0-0-5371-1,u,fcd45f4d-Audio_SP21.v0,group_0,1,fave,351.84418667776805,71.15005982931719,7,cuestión,"",0.0500000000001819,es,de,k,é,k,é,internal
434.93076260561315,1286.9823897445788,2016.2688705671278,3.570934146298845,3.14724450131249,4.745344000398423,5512.820512820513,0.015960403592357054,2543.15275,0.025,0.33783783783783783,0-0-5387-3,u,fcd45f4d-Audio_SP21.v0,group_0,1,fave,1821.537007501834,65.44488264749923,7,esfuerzo,"",0.0500000000001819,el,que,f,é,f,é,internal
435.1844185672975,1047.347118630257,2591.927734392822,1.961913158564529,3.7783503271862773,4.877925020000459,4974.358974358975,0.00021948867249206325,2627.11375,0.027000000000000003,0.32142857142857145,0-0-5411-5,u,fcd45f4d-Audio_SP21.v0,group_0,1,fave,215.45932662712116,72.00261802109029,7,oportunidad,"",0.05999999999994543,la,",",t,n,t,n,internal
372.4684481846022,852.4243885532682,2558.7529658455423,3.5560041206076387,3.5871570746762695,4.7026582161965615,5333.333333333333,0.16419032867537972,2629.35375,0.067,0.3284313725490196,0-0-5416-6,u,fcd45f4d-Audio_SP21.v0,group_0,1,fave,106.51266835631753,72.23452852156477,7,continúe,"",0.1799999999998363,que,[silence],n,e,n,e,internal
453.82397383898217,1300.1924311793257,2411.8738806902315,1.690666092365644,3.5335522481197947,4.2558045684873,4974.358974358975,0.00017715856415396471,2631.29875,0.037000000000000005,0.324561403508772,0-0-5424-2,u,fcd45f4d-Audio_SP21.v0,group_0,1,fave,110.69938077977224,78.17469968827177,7,ayudado,"",0.08999999999969077,haber,en,y,d,y,d,internal
416.2975982304098,1567.3672134063506,2281.4539413581647,2.5264140273663984,3.0931815536091216,4.019499332098416,4076.923076923077,0.001820973552604388,2631.85775,0.035,0.3365384615384616,0-0-5426-1,u,fcd45f4d-Audio_SP21.v0,group_0,1,fave,437.4279954981857,61.13354248231912,7,su,"",0.07999999999992724,en,investigación,s,#,s,i,final
516.5557184773406,1051.66905179743,2050.978363267457,3.4917390239347084,2.5535106651866664,4.485733562938526,5153.846153846154,0.0012589446226482345,2642.8487499999997,0.037000000000000005,0.324561403508772,0-0-5442-1,u,fcd45f4d-Audio_SP21.v0,group_0,1,fave,105.64078261298867,70.96406326281031,7,luego,"",0.09000000000014552,Hasta,.,l,é,l,é,internal
433.7058869043954,746.0997414935281,2188.440758748926,2.7958458362243723,3.584630967380349,4.6459235246312875,5153.846153846154,0.00301939411000619,2646.18375,0.027000000000000003,0.32142857142857145,0-0-5450-3,u,fcd45f4d-Audio_SP21.v0,group_0,1,fave,127.38684787498562,74.5326900423945,7,el,"",0.05999999999994543,con,#,k,e,k,e,internal
577.0715154287687,1737.3040359163992,2519.2072966243904,3.16745662766913,3.614999828865118,3.7957972380803073,4794.871794871795,0.006105951748746947,23.61575,0.091,0.33211678832116787,0-0-12-8,a,fcd45f4d-Audio_SP21.v0,group_0,1,fave,115.72158178728233,73.24673648088425,7,Venezuela,"",0.25,[pron=pi],.,l,#,l,.,final
537.798498948068,1565.4297698652601,2226.071366692107,3.099820650931571,2.890952554129438,4.053459329177466,5512.820512820513,0.0002618414054492035,26.31575,0.031,0.32978723404255317,0-0-17-0,a,fcd45f4d-Audio_SP21.v0,group_0,1,fave,108.4804013318415,77.80659659445914,7,actualmente,"",0.07000000000000028,Este,",",#,k,e,k,initial
496.3788709009422,1588.188036155159,2258.82421534815,3.3031732847837714,3.141679212892345,3.931763296629279,5333.333333333333,0.00007716408911338171,30.16275,0.025,0.33783783783783783,0-0-25-6,a,fcd45f4d-Audio_SP21.v0,group_0,1,fave,NaN,72.07600919129149,7,especialista,"",0.05000000000000071,[silence],en,i,l,i,l,internal
699.4297626010433,1228.55463737386,1909.1356564469422,3.2388777090453074,2.988208869332238,3.72967729807881,5871.794871794871,0.0004019037254568232,32.00575,0.031,0.32978723404255317,0-0-31-0,a,fcd45f4d-Audio_SP21.v0,group_0,1,fave,NaN,66.52853149413671,7,hacemos,"",0.07000000000000384,[pron=pi],todo,#,z,.,z,initial
543.1984143653738,1340.3919055209258,2182.9297763151812,3.0012197348944807,3.1409098352318257,4.199845870453918,5512.820512820513,0.00013542022745767593,37.34375,0.027000000000000003,0.32142857142857145,0-0-47-4,a,fcd45f4d-Audio_SP21.v0,group_0,1,fave,112.82695425273673,76.89522894687516,7,operativo,"",0.060000000000002274,sistema,redes,R,t,R,t,internal
548.0792825046456,1214.210787965403,1893.541963647071,2.8982119297055506,2.556927721374747,3.7166961477477822,5512.820512820513,0.00002936777961806112,41.92275,0.025,0.33783783783783783,0-0-55-14,a,fcd45f4d-Audio_SP21.v0,group_0,1,fave,110.20716359362721,77.60907203191303,7,infraestructura,"",0.05000000000000426,la,como,R,#,R,k,final
545.66557727372,1309.3048620776221,1952.7398110243196,3.2096697709674706,3.5520264975438938,3.630279171981304,5692.3076923076915,0.00011629275279906903,44.54375,0.027000000000000003,0.32142857142857145,0-0-62-10,a,fcd45f4d-Audio_SP21.v0,group_0,1,fave,131.6833919646261,73.32573728826313,7,computadoras,"",0.060000000000002274,las,cambiamos,R,s,R,s,internal
744.2162132292124,1508.4422068872202,2494.5032411852776,3.504794647376086,3.527382449801528,4.617288108655384,4794.871794871795,0.0011678829883418904,45.365750000000006,0.031,0.32978723404255317,0-0-64-4,a,fcd45f4d-Audio_SP21.v0,group_0,1,fave,156.33785543702297,70.99178349488399,7,piezas,"",0.07000000000000028,cambiamos,y,z,s,z,s,internal
547.9209246023169,1208.3894687940276,1840.8248275891344,2.849439033053603,3.095333506530945,4.156945247344369,5333.333333333333,0.0003160118221757627,49.04275,0.045,0.33582089552238803,0-0-75-2,a,fcd45f4d-Audio_SP21.v0,group_0,1,fave,114.151233443595,75.61209067498751,7,trabajo,"",0.10999999999999943,ese,básico,R,b,R,b,internal
626.3974811643195,1240.9952269486214,1869.6743327664738,2.708333845843947,2.9031678093593585,3.2232590550346005,5333.333333333333,0.0011761558302459119,50.07075,0.121,0.3324175824175823,0-0-77-2,a,fcd45f4d-Audio_SP21.v0,group_0,1,fave,259.9029906190484,72.70420391270467,7,acá,"",0.3400000000000034,básico,[silence],k,#,k,.,final
698.6239547316591,1215.8871945584174,1938.8075529041096,2.879023745216067,2.831639869751888,4.257881288838523,4615.384615384615,0.00042268566058264795,52.60575000000001,0.031,0.32978723404255317,0-0-87-0,a,fcd45f4d-Audio_SP21.v0,group_0,1,fave,NaN,75.99573014601175,7,aparte,"",0.06999999999999318,[silence],este,#,p,.,p,initial
754.3296725598185,1281.0021012552584,3841.018090758344,3.888577675741644,3.78769800643101,4.011300599873406,6769.2307692307695,0.003929033165174494,56.88875,0.037,0.32456140350877194,0-0-96-0,a,fcd45f4d-Audio_SP21.v0,group_0,1,fave,NaN,67.47271056708563,7,aparte,"",0.09000000000000341,",",del,#,p,.,p,initial
484.0654177912518,1537.6784958542887,2296.476754806034,2.722784586011909,3.448299164389567,4.367490815054106,4974.358974358975,0.00034114132357232274,59.13375,0.027000000000000003,0.32142857142857145,0-0-105-5,a,fcd45f4d-Audio_SP21.v0,group_0,1,fave,111.34868793083493,72.56658293965775,7,especializo,"",0.060000000000002274,me,en,i,l,i,l,internal
594.0976659680076,1083.8682610222986,1931.1656524116074,2.6373708811434318,2.662332218895506,4.170178906088963,4435.897435897436,0.00006830380794849654,61.178749999999994,0.057,0.32758620689655177,0-0-113-3,a,fcd45f4d-Audio_SP21.v0,group_0,1,fave,152.95890480258296,76.25563398844413,7,Java,"",0.14999999999999858,en,y,b,#,b,i,final
571.7948258034751,1186.249199062602,1934.1927364571275,2.6642125584951017,2.9318400845572623,3.687899711201347,5512.820512820513,0.00006790602557326772,61.34575,0.031,0.32978723404255317,0-0-115-0,a,fcd45f4d-Audio_SP21.v0,group_0,1,fave,136.24629207877612,72.84657366962792,7,HTML,"",0.07000000000000028,y,[silence],#,x,i,x,initial
573.794720059599,1351.7097821840568,1862.3133882452166,2.6847807862390844,3.203121976054203,3.6024855913986262,5512.820512820513,0.0005573072642290672,82.84875,0.037000000000000005,0.324561403508772,0-0-130-2,a,fcd45f4d-Audio_SP21.v0,group_0,1,fave,112.76258432526171,75.07448810416288,7,acá,"",0.09000000000000341,nosotros,contamos,k,#,k,k,final
543.5493558847892,1364.7411067927233,1724.3961375343458,2.969936600231207,3.394910724227138,4.66526527683811,5512.820512820513,0.000017081633873211503,83.97274999999999,0.025,0.33783783783783783,0-0-133-6,a,fcd45f4d-Audio_SP21.v0,group_0,1,fave,125.53625292480938,75.16446951242436,7,empresa,"",0.05000000000001137,la,nos,s,#,s,n,final
526.8922630998412,1167.392285280911,2201.997030822459,2.546630595331104,2.9421995613571625,4.120741918043464,5512.820512820513,0.0008429924838072311,84.37575,0.031,0.32978723404255317,0-0-135-3,a,fcd45f4d-Audio_SP21.v0,group_0,1,fave,111.24619671323896,75.16118227096442,7,dota,"",0.07000000000000739,nos,de,t,#,t,d,final
699.4062634744655,1085.020135981724,2032.055690435423,4.373429655344998,3.217008827073328,4.371977433081671,5692.3076923076915,0.0007428545014145856,87.72274999999999,0.025,0.33783783783783783,0-0-146-1,a,fcd45f4d-Audio_SP21.v0,group_0,1,fave,111.78790597356213,71.73268853623917,7,mascarillas,"",0.05000000000001137,nuestras,",",m,s,m,s,internal
577.9543012766685,1478.4779289292028,2222.1455941773993,3.051483598272701,2.7951108592244736,4.067467000793608,5512.820512820513,0.000019548621567560107,89.16375000000001,0.027000000000000003,0.32142857142857145,0-0-149-1,a,fcd45f4d-Audio_SP21.v0,group_0,1,fave,110.91550773950142,78.83532901974853,7,la,"",0.05999999999998806,me,quité,l,#,l,k,final
661.0885726191967,1390.5274123283705,2244.752125672738,2.9238400059399003,2.9357427523738604,4.386175055432758,5333.333333333333,0.0007740935406304849,89.84275,0.08499999999999999,0.33464566929133854,0-0-151-3,a,fcd45f4d-Audio_SP21.v0,group_0,1,fave,110.66025224843706,77.00397940801527,7,para,"",0.23000000000000398,quité,[silence],R,#,R,.,final
531.8663839934591,1445.150253417029,2163.793223535683,2.982432963122309,3.150667810890088,4.2445313240601,5153.846153846154,0.004437292739437242,90.97375000000001,0.087,0.3295454545454546,0-0-155-1,a,fcd45f4d-Audio_SP21.v0,group_0,1,fave,110.46238526599207,79.42416185416543,7,la,"",0.23999999999999488,[silence],entrevista,l,#,l,e,final
624.6994567554917,1413.0968442370345,2149.9649621425006,3.117608017930046,2.9832159785429644,3.383885438963237,5512.820512820513,0.000015423227586139294,95.05375000000001,0.027000000000000003,0.32142857142857145,0-0-162-1,a,fcd45f4d-Audio_SP21.v0,group_0,1,fave,110.23122806527566,76.92451848474964,7,la,"",0.05999999999998806,[silence],previsión,l,#,l,p,final
618.2919269228877,1315.3523058591938,2072.498655822524,2.9675920414553825,2.7354559939122542,3.64418843718397,4974.358974358975,0.0006291670032864341,95.79275000000001,0.065,0.33505154639175255,0-0-164-2,a,fcd45f4d-Audio_SP21.v0,group_0,1,fave,131.8709932943597,75.07582590774098,7,acá,"",0.1700000000000017,previsión,es,k,#,k,é,final
543.3937854289436,984.1493335698245,1737.3875759828168,2.8804974764835443,2.412089909432626,3.74960243537806,5512.820512820513,0.0000349894354569066,99.97375,0.027000000000000003,0.32142857142857145,0-0-176-1,a,fcd45f4d-Audio_SP21.v0,group_0,1,fave,124.60532900084299,78.38049289356037,7,vacunaron,"",0.060000000000002274,nos,para,b,k,b,k,internal
589.8631450472926,1284.1622285257927,1860.5962714261539,2.7658603280115908,2.9384699423858973,3.449646023856311,5512.820512820513,0.000021035719139990275,101.37375,0.027000000000000003,0.32142857142857145,0-0-182-1,a,fcd45f4d-Audio_SP21.v0,group_0,1,fave,120.21068405253335,76.56089076290544,7,las,"",0.060000000000002274,a,labores,l,s,l,s,internal
579.2075252823961,1207.5712780377135,1663.7667807438345,3.0656340162731284,3.1917563818526005,4.503273568433928,5333.333333333333,6.434954254805496e-6,101.50274999999999,0.025,0.33783783783783783,0-0-183-1,a,fcd45f4d-Audio_SP21.v0,group_0,1,fave,134.5197460757727,76.86157777099335,7,labores,"",0.05000000000001137,las,.,l,b,l,b,internal
638.8179645881078,1212.4510626996066,1819.6731810571282,3.152767908377123,2.6868139937038165,3.98737531693332,5512.820512820513,7.846592681208094e-6,102.66375000000001,0.027000000000000003,0.32142857142857145,0-0-186-1,a,fcd45f4d-Audio_SP21.v0,group_0,1,fave,119.67846182615189,77.68124380143897,7,las,"",0.05999999999998806,Pusieron,dos,l,s,l,s,internal
595.3661500551623,1053.842305736537,1887.1498764046005,2.730956453047412,2.8658396750935125,3.521971883111337,5333.333333333333,0.000018350787109409215,103.32575,0.031,0.32978723404255317,0-0-191-1,a,fcd45f4d-Audio_SP21.v0,group_0,1,fave,123.86418096827644,78.66812265906178,7,vacuna,"",0.06999999999999318,la,[silence],b,k,b,k,internal
584.8188849039659,1057.3242615530744,1855.4323776050417,3.1196509299095445,3.363586878837664,4.03246996741493,5512.820512820513,0.00019221779607826584,106.63375,0.027000000000000003,0.32142857142857145,0-0-199-1,a,fcd45f4d-Audio_SP21.v0,group_0,1,fave,147.11194182019867,77.04467983114516,7,pasado,"",0.060000000000002274,año,cuando,p,s,p,s,internal
624.7781936946051,1179.4562103495584,3347.50122520133,3.3402367481103545,3.9461325738739985,3.661425261401128,6948.717948717948,0.003399779740691895,107.78774999999999,0.035,0.3365384615384616,0-0-203-1,a,fcd45f4d-Audio_SP21.v0,group_0,1,fave,157.7702071856137,73.27252597001255,7,la,"",0.0799999999999983,toda,pandemia,l,#,l,p,final
595.0183910004914,1673.8792036842362,2569.34468145071,3.8718990273065774,2.5531163602174582,4.193104799204655,4974.358974358975,0.00047051723209249057,108.31774999999999,0.035,0.33653846153846156,0-0-204-7,a,fcd45f4d-Audio_SP21.v0,group_0,1,fave,173.76971580434278,65.93145803043896,7,pandemia,"",0.0799999999999983,la,[silence],i,#,i,.,final
570.750396156228,1258.780621024434,3852.521329659054,3.727045959893893,3.3811865389102125,4.301739006714863,6769.2307692307695,0.0007306855050369504,111.61874999999999,0.037,0.32456140350877194,0-0-215-3,a,fcd45f4d-Audio_SP21.v0,group_0,1,fave,107.84927902172554,74.9042638445942,7,rotándonos,"",0.09000000000000341,estábamos,el,t,n,t,n,internal
619.1788833465282,1095.5197409689395,1824.560862703821,3.0505694938892374,3.1211197437021623,3.668990187445239,5153.846153846154,0.0005209321011097345,117.24875,0.057,0.32758620689655177,0-0-235-2,a,fcd45f4d-Audio_SP21.v0,group_0,1,fave,109.24352178756448,79.67716970170387,7,trabajo,"",0.15000000000000568,nuestro,es,R,b,R,b,internal
564.5814956976029,1470.3849774131902,2124.435923875337,3.22736951617009,3.0989549183947624,3.771891448023645,4974.358974358975,0.000523115014559055,123.31575,0.031,0.32978723404255317,0-0-249-5,a,fcd45f4d-Audio_SP21.v0,group_0,1,fave,102.70358371931545,72.93015837648908,7,manera,"",0.07000000000000739,de,presencial,R,#,R,p,final
633.9336007488913,1318.2346841176945,2039.8873242369893,2.9926915453970504,2.879874785203319,3.9898220125343196,5512.820512820513,0.00011892819633174461,127.69575,0.031,0.32978723404255317,0-0-262-4,a,fcd45f4d-Audio_SP21.v0,group_0,1,fave,-1633.4534074935616,72.50822894665701,7,escalamiento,"",0.06999999999999318,de,aplicaciones,l,m,l,m,internal
562.0170394732855,1365.4152274691232,2016.4241736964154,3.2386660608908104,3.436592268650114,3.7087534328749787,5512.820512820513,0.00083783797462233,128.68574999999998,0.031,0.32978723404255317,0-0-263-5,a,fcd45f4d-Audio_SP21.v0,group_0,1,fave,NaN,72.77098856220032,7,aplicaciones,"",0.0700000000000216,escalamiento,[silence],k,z,k,z,internal
537.5790170055675,1356.4404366748,1968.4292187448514,3.101891097829673,3.23756892821498,4.078121862827438,5512.820512820513,0.00004930160896714363,130.32274999999998,0.025,0.33783783783783783,0-0-267-5,a,fcd45f4d-Audio_SP21.v0,group_0,1,fave,26.53948733373706,71.49519285090246,7,aplicaciones,"",0.05000000000001137,de,y,k,z,k,z,internal
595.6259173789837,1056.9377521693832,1819.7078116078612,2.5973008615237965,3.0143090184564016,3.61430720107,5512.820512820513,0.0005058265963095442,136.16275,0.065,0.33505154639175255,0-0-288-2,a,fcd45f4d-Audio_SP21.v0,group_0,1,fave,202.22016827664515,76.2194448238874,7,trabajo,"",0.17000000000001592,nuestro,más,R,b,R,b,internal
815.7248860745369,1579.3634741537996,2478.6620889393826,3.4733324424021017,3.619978548581286,4.543054926240191,4974.358974358975,0.0017195207487699286,139.24575,0.031,0.32978723404255317,0-0-299-6,a,fcd45f4d-Audio_SP21.v0,group_0,1,fave,1968.3201757603838,65.06357876492527,7,empresa,"",0.0700000000000216,la,no,s,#,s,n,final
697.6800669707626,1156.0303119172984,3745.142077374655,3.5750603279040316,2.809435853090711,4.150118848979228,7307.692307692308,0.008291607167965995,139.62875,0.057,0.32758620689655177,0-0-302-0,a,fcd45f4d-Audio_SP21.v0,group_0,1,fave,-5324.708959587701,67.68041840174035,7,ha,"",0.15000000000000568,[silence],facilitado,#,#,.,f,coextensive
552.1966337094325,1214.0216985869072,1653.0468109771325,3.245154705191944,3.5047840089004922,3.9221089151652455,5512.820512820513,0.00011279897835791138,140.56775000000002,0.035,0.33653846153846156,0-0-304-1,a,fcd45f4d-Audio_SP21.v0,group_0,1,fave,116.85686186714128,74.44497930102433,7,las,"",0.07999999999998408,facilitado,medidas,l,s,l,s,internal
538.8665990397567,1197.8077687820091,1880.924773161423,3.0499003968578284,2.8361460875810987,3.918393234092652,5153.846153846154,0.0005256711014123963,154.23275,0.045,0.3358208955223881,0-0-322-2,a,fcd45f4d-Audio_SP21.v0,group_0,1,fave,279.666945565757,68.71052011116899,7,acá,"",0.10999999999998522,Trabajando,en,k,#,k,e,final
399.6176096665806,1333.3667038875694,1684.3218211707292,3.5247859533006425,3.0625015014417047,4.161071660728821,4435.897435897436,0.00009469946638967317,154.61274999999998,0.025,0.33783783783783783,0-0-325-1,a,fcd45f4d-Audio_SP21.v0,group_0,1,fave,NaN,68.2202342582774,7,la,"",0.05000000000001137,[silence],empresa,l,#,l,e,final
617.6146131639003,1243.7484476982725,1794.034492904938,2.633919862502307,3.063106492245741,3.523303402791799,5333.333333333333,0.0006954167753362622,167.61975,0.159,0.3354430379746835,0-0-338-8,a,fcd45f4d-Audio_SP21.v0,group_0,1,fave,116.82682973289047,75.73276862550937,7,trabajaba,"",0.45000000000001705,[silence],[silence],b,#,b,.,final
571.0383253993804,1263.2579887129239,2106.5538350342053,2.9039849084992064,3.7518068342522626,4.5868288123413015,5333.333333333333,0.05366260845065647,171.62775,0.215,0.3338509316770187,0-0-348-7,a,fcd45f4d-Audio_SP21.v0,group_0,1,fave,358.84226391876973,74.41781795168822,7,alcaldía,"",0.6199999999999761,[silence],[silence],i,#,i,"",final
511.1847305537348,1213.0767077372311,2084.863818377323,2.589364098215115,2.75901108419609,4.078055541924279,5333.333333333333,0.00020497332027390031,174.63275000000002,0.045,0.33582089552238803,0-0-356-0,a,fcd45f4d-Audio_SP21.v0,group_0,1,fave,122.82266767987694,80.41074999479889,7,al,"",0.10999999999998522,adscrito,Ministerio,#,l,o,l,initial
627.0353155758223,1306.0158889696863,1895.0065955759715,2.791597441162429,2.9618903372416874,3.728871260234606,5153.846153846154,0.001616160753928112,177.68475,0.209,0.33493589743589736,0-0-364-2,a,fcd45f4d-Audio_SP21.v0,group_0,1,fave,109.03871921429916,77.12980366715576,7,era,"",0.5999999999999943,ahí,[silence],R,#,R,.,final
479.15371767883653,1394.573154011038,1822.8542035949863,2.9966957526870477,2.8996452791756466,4.112269346136993,4794.871794871795,0.00009974427915605848,186.13775,0.035,0.3365384615384616,0-0-381-6,a,fcd45f4d-Audio_SP21.v0,group_0,1,fave,151.6922048232314,73.22270880004515,7,pública,"",0.07999999999998408,administración,[silence],k,#,k,.,final
509.7996514684578,1505.6624793388783,2175.753211041421,3.238673313053303,3.0756732058810288,3.603968257665703,5512.820512820513,0.00002195268651169608,189.36274999999998,0.025,0.33783783783783783,0-0-391-1,a,fcd45f4d-Audio_SP21.v0,group_0,1,fave,131.26091005419065,74.71825856240274,7,la,"",0.05000000000001137,hice,especialización,l,#,l,s,final
283.8031373182506,1564.4450469873125,2124.2788037728455,3.882840484528565,3.174979447225291,3.499949865708555,5512.820512820513,0.000578563932772646,195.42274999999998,0.025,0.33783783783783783,0-0-408-0,a,fcd45f4d-Audio_SP21.v0,group_0,1,fave,106.00962455379855,69.15540262501473,7,asegurara,"",0.05000000000001137,que,otra,#,s,é,s,initial
598.7685585394987,1293.7067824456406,1892.1529605988835,2.958980893079614,2.7202453153513884,4.296009707601681,5333.333333333333,0.0005150399001648725,195.88775,0.035,0.3365384615384616,0-0-408-8,a,fcd45f4d-Audio_SP21.v0,group_0,1,fave,108.60967592910752,72.61844040579804,7,asegurara,"",0.07999999999998408,que,otra,R,#,R,ó,final
531.6677252172545,1251.3942683818523,1887.1712773086417,2.5405187021040505,2.9116964031095574,3.7287953287352695,5153.846153846154,0.000019176609233948738,196.40375,0.027000000000000003,0.32142857142857145,0-0-410-2,a,fcd45f4d-Audio_SP21.v0,group_0,1,fave,118.58573750526855,77.93582582492462,7,estabilidad,"",0.060000000000002274,otra,económica,t,b,t,b,internal
499.6212694959582,1295.7848681146404,1738.1493553348794,3.132439842747411,2.5934217100965555,4.06163085414851,5512.820512820513,0.0000674272766001769,197.26274999999998,0.025,0.33783783783783783,0-0-411-8,a,fcd45f4d-Audio_SP21.v0,group_0,1,fave,NaN,63.82449524260133,7,económica,"",0.05000000000001137,estabilidad,.,k,#,k,.,final
561.9650547927148,1369.2490529721067,4372.231112630518,4.046071917875621,3.387140339876449,4.676540459354869,7128.205128205128,0.012983315502892388,208.74275,0.045,0.3358208955223881,0-0-419-0,a,fcd45f4d-Audio_SP21.v0,group_0,1,fave,32.954002359730296,63.716232119731956,7,aproximadamente,"",0.11000000000001364,[silence],como,#,p,.,p,initial
627.643169205807,1448.2109625456042,2422.344623614939,3.4466494971355486,2.9541011301507196,4.629619892038242,5871.794871794871,0.0010257427042655266,215.47775000000001,0.035,0.3365384615384616,0-0-438-0,a,fcd45f4d-Audio_SP21.v0,group_0,1,fave,128.10813240247143,75.93297522920385,7,anuncio,"",0.07999999999998408,un,.,#,n,n,n,initial
650.143649411204,1341.174033818484,2035.4415712768293,3.4663238421030806,3.4202600520966917,4.350665499641339,4794.871794871795,0.012878382561994722,220.30075000000002,0.041,0.3306451612903226,0-0-453-2,a,fcd45f4d-Audio_SP21.v0,group_0,1,fave,110.0072253393952,71.17401356230214,7,una,"",0.09999999999999432,de,página,n,#,n,p,final
627.1940811752853,1177.778304799386,1988.174801220188,3.232401659827364,3.2391265770590336,3.5170800243901357,5512.820512820513,0.0004036588340650941,220.46275,0.045,0.33582089552238803,0-0-454-1,a,fcd45f4d-Audio_SP21.v0,group_0,1,fave,216.28319024660283,75.94093398740367,7,página,"",0.11000000000001364,una,que,p,x,p,x,internal
547.0697610083085,1533.6334616251793,2520.9828308276055,3.601923646283693,2.9875895865854574,4.570991476361606,5153.846153846154,0.005889757702825234,220.72075,0.041,0.3306451612903226,0-0-454-5,a,fcd45f4d-Audio_SP21.v0,group_0,1,fave,121.2075079129591,70.05659031246263,7,página,"",0.10000000000002274,una,que,n,#,n,k,final
490.84168947857245,1671.6853814189335,2439.409254513683,3.2613091354354613,3.0189790121813505,3.838991688989075,5153.846153846154,0.00034041370541180603,222.51575,0.031,0.32978723404255317,0-0-458-4,a,fcd45f4d-Audio_SP21.v0,group_0,1,fave,105.10032212461283,77.24553299298097,7,podía,"",0.06999999999999318,que,genera,i,#,i,x,final
566.4307764052845,1295.7883070712217,2055.192441465325,3.0661936930189806,2.832196397416767,3.986287130967592,4794.871794871795,0.000029160134460355097,224.05375,0.027000000000000003,0.32142857142857145,0-0-461-4,a,fcd45f4d-Audio_SP21.v0,group_0,1,fave,126.50014349164755,73.79308921572351,7,extras,"",0.060000000000002274,ingresos,siendo,R,s,R,s,internal
547.3274436071546,1271.4376688745263,2177.010802343047,3.004751344697305,2.7519049326556195,4.493433684468329,5153.846153846154,0.00031046610959439055,224.43574999999998,0.031,0.32978723404255317,0-0-463-1,a,fcd45f4d-Audio_SP21.v0,group_0,1,fave,110.7294119850252,72.65172807096445,7,tarea,"",0.0700000000000216,siendo,.,t,R,t,R,internal
564.4333733644631,1398.7860867443026,2086.193332891179,3.1722178836306174,3.142709147074998,3.8459117411491017,4974.358974358975,0.0008708953471489203,224.77875,0.057,0.32758620689655177,0-0-463-4,a,fcd45f4d-Audio_SP21.v0,group_0,1,fave,117.34854509904456,72.03756132615511,7,tarea,"",0.15000000000000568,siendo,.,é,#,é,.,final
715.3030178998158,1314.0270655950033,3439.231604693247,4.17919215134973,2.86098195266417,3.7224285511513675,6410.25641025641,0.011783210145492592,238.68775,0.035,0.33653846153846156,0-0-497-7,a,fcd45f4d-Audio_SP21.v0,group_0,1,fave,89.79257682668106,67.0256605599316,7,menciona,"",0.0800000000000125,allí,[silence],n,#,n,.,final
593.026520361353,1308.9595069522136,3528.894257363728,2.9877425084338944,2.593438459940005,2.5785937530195655,6051.282051282051,0.00020721421567588752,240.83575000000002,0.051000000000000004,0.3311688311688312,0-0-503-0,a,fcd45f4d-Audio_SP21.v0,group_0,1,fave,389.01473222034247,74.57690147993752,7,Al,"",0.12999999999999545,.,principio,#,l,.,l,initial
725.4404521472413,1309.8691376258853,2559.915667006296,2.767856832742379,2.743094302910912,3.9158575985347586,5512.820512820513,0.006177645768243584,246.22875,0.037000000000000005,0.324561403508772,0-0-518-0,a,fcd45f4d-Audio_SP21.v0,group_0,1,fave,NaN,74.88509194191018,7,a,"",0.09000000000000341,[silence],los,#,#,.,l,coextensive
629.1150449448485,1283.1285539098653,1954.2976601086993,2.7784960542166606,2.7119651340073037,3.2318568264242695,5692.3076923076915,0.001597184387997914,252.09075,0.20099999999999998,0.3327814569536423,0-0-537-3,a,fcd45f4d-Audio_SP21.v0,group_0,1,fave,156.73313437131662,75.67211259188254,7,hasta,"",0.5799999999999841,[silence],[silence],t,#,t,.,final
620.051506291645,1170.4227562606468,4193.918548295124,3.3142867497929287,3.2121680572999045,4.9141239523362445,7307.692307692308,0.006996740813744568,254.27275,0.045,0.33582089552238803,0-0-541-0,a,fcd45f4d-Audio_SP21.v0,group_0,1,fave,219.7905872826132,64.91381105362825,7,ha,"",0.11000000000001364,[silence],sido,#,#,.,s,coextensive
626.9850436037434,1285.9813854007791,1766.6083369112262,3.3052000347215555,3.296718018128799,4.251243824248474,4974.358974358975,0.015956952817831258,254.68275,0.045,0.3358208955223881,0-0-543-2,a,fcd45f4d-Audio_SP21.v0,group_0,1,fave,125.35103688248151,67.97159607946946,7,una,"",0.11000000000001364,sido,página,n,#,n,p,final
592.7130367250917,1168.191644398612,1854.267205895615,3.075453132991534,3.0401785583692686,4.023252457055182,5333.333333333333,0.0003108804114224108,254.86075000000002,0.041,0.3306451612903226,0-0-544-1,a,fcd45f4d-Audio_SP21.v0,group_0,1,fave,285.50938876065493,73.1712052978004,7,página,"",0.09999999999999432,una,que,p,x,p,x,internal
618.8354398005922,1505.6197582090363,2478.084739138573,3.1008592963654142,3.026582772702057,4.562403118783499,4794.871794871795,0.00040449119107890106,255.10575000000003,0.051000000000000004,0.3311688311688312,0-0-544-5,a,fcd45f4d-Audio_SP21.v0,group_0,1,fave,124.99206852553448,68.86917137615363,7,página,"",0.12999999999999545,una,que,n,#,n,k,final
603.6612727690215,1186.5858860006629,2192.9015709121572,3.656610265707042,2.9309894637227427,3.835687257309668,5512.820512820513,0.00010605784883482244,260.22275,0.025,0.33783783783783783,0-0-557-1,a,fcd45f4d-Audio_SP21.v0,group_0,1,fave,114.541748315657,76.66889981579959,7,bastante,"",0.05000000000001137,[silence],reconocimiento,b,s,b,s,internal
599.5919704617435,1280.8858912433748,2049.9208385752695,3.6047172202038995,3.807438855250482,3.6203710299472314,5512.820512820513,0.0012487077150328961,263.46574999999996,0.031,0.32978723404255317,0-0-564-1,a,fcd45f4d-Audio_SP21.v0,group_0,1,fave,115.38784186331948,70.92599595450399,7,las,"",0.06999999999999318,Hago,tareas,l,s,l,s,internal
603.7730661992854,1361.95332868648,2042.1572330083682,2.6363519875615515,2.6790233690182577,3.8712676866499125,5512.820512820513,0.00007748166776925169,263.63775000000004,0.035,0.33653846153846156,0-0-565-1,a,fcd45f4d-Audio_SP21.v0,group_0,1,fave,99.29262106411325,77.35998474108885,7,tareas,"",0.07999999999998408,las,o,t,R,t,R,internal
599.4474424953318,1390.7339333547088,1760.5403837281624,2.8185588430253614,3.125549518265054,4.30066685891103,4615.384615384615,0.004242758287518012,264.08774999999997,0.07500000000000001,0.3348214285714286,0-0-565-4,a,fcd45f4d-Audio_SP21.v0,group_0,1,fave,240.10425069309218,69.92136369189954,7,tareas,"",0.19999999999998863,las,o,é,s,é,s,internal
549.6726639734585,1562.7759463594039,2333.5633560935084,3.6231768970551568,3.1987385641537394,4.532903482861521,5333.333333333333,0.0034928240122771514,274.83574999999996,0.031,0.32978723404255317,0-0-595-1,a,fcd45f4d-Audio_SP21.v0,group_0,1,fave,107.13991286325084,69.85827687908633,7,la,"",0.06999999999999318,en,noche,l,#,l,n,final
635.3900185138718,1230.8868936432843,1532.3094422647716,3.634151490386995,3.013341392458475,4.707209272794228,4794.871794871795,0.00020356757893035646,275.83275000000003,0.025,0.33783783783783783,0-0-600-1,a,fcd45f4d-Audio_SP21.v0,group_0,1,fave,106.1969939359573,72.19738318256582,7,mañana,"",0.05000000000001137,la,[silence],m,N,m,N,internal
726.3178286942466,1390.7282621759157,3720.24428038822,4.214281094678263,3.307616342647296,3.7647646266684887,6051.282051282051,0.0014685008099146045,276.19075,0.041,0.3306451612903226,0-0-600-5,a,fcd45f4d-Audio_SP21.v0,group_0,1,fave,158.68748221727193,66.51869232649153,7,mañana,"",0.0999999999999659,la,[silence],n,#,n,.,final
520.5564705264375,1311.1338242987647,2216.797101119925,2.7139506303953094,2.607213369786426,3.898276688823733,5512.820512820513,4.7501573591885765e-6,288.98375,0.027000000000000003,0.32142857142857145,0-0-610-1,a,fcd45f4d-Audio_SP21.v0,group_0,1,fave,166.3590509171655,78.08974590087124,7,tareas,"",0.05999999999994543,son,muy,t,R,t,R,internal
535.4932264631702,1627.3444554303135,2370.890538457465,3.016744094846532,3.386244491470992,3.842647635700045,5153.846153846154,0.00005098189174069813,289.19875,0.037000000000000005,0.324561403508772,0-0-610-4,a,fcd45f4d-Audio_SP21.v0,group_0,1,fave,184.58997339076274,76.44564443608667,7,tareas,"",0.08999999999997499,son,muy,é,s,é,s,internal
460.9634271173337,1639.1194222772185,2339.786789591235,2.9131670496745463,3.2088982126121386,3.7261715683388488,5512.820512820513,0.00002302925882380512,290.10275,0.025,0.33783783783783783,0-0-612-6,a,fcd45f4d-Audio_SP21.v0,group_0,1,fave,122.2880773218625,71.33895011517316,7,sencillas,"",0.05000000000001137,muy,.,L,s,L,s,internal
618.1420060586821,1409.6112914866694,1909.7836035282182,3.6953364618947595,3.4028810439854507,4.714433218799648,5153.846153846154,0.0005580633519368524,292.74775000000005,0.035,0.3365384615384616,0-0-620-3,a,fcd45f4d-Audio_SP21.v0,group_0,1,fave,131.12325189235725,73.86549571573991,7,quitan,"",0.07999999999998408,no,mucho,t,n,t,n,internal
633.624591429817,1323.7178866367456,1950.3363372859758,3.452923095287914,3.403327600665011,4.2879272611123955,4974.358974358975,0.000045073604369597716,299.15574999999995,0.031,0.32978723404255317,0-0-638-1,a,fcd45f4d-Audio_SP21.v0,group_0,1,fave,135.95346325954662,74.18861923816117,7,las,"",0.06999999999999318,todas,[silence],l,s,l,s,internal
622.0952049175833,1261.108505706555,2032.7588317010877,3.1038888191507414,2.785516238302564,3.7687733647625556,5512.820512820513,0.00016615250489121407,299.44775000000004,0.035,0.33653846153846156,0-0-640-2,a,fcd45f4d-Audio_SP21.v0,group_0,1,fave,113.13706701554372,74.97940602522934,7,plataformas,"",0.07999999999998408,[silence],que,l,t,l,t,internal
508.70410683797826,1207.592816641799,1848.7020963878317,3.0955581777612498,3.410796253944124,4.0930677656203445,5512.820512820513,0.0000557077856661559,299.57275000000004,0.025,0.33783783783783783,0-0-640-4,a,fcd45f4d-Audio_SP21.v0,group_0,1,fave,NaN,75.3975113481544,7,plataformas,"",0.05000000000001137,[silence],que,t,f,t,f,internal
564.555390983166,1308.1597316403413,3455.7772900997284,3.660025680723398,3.392137112293196,4.47690566206,6410.25641025641,0.013889332396419362,300.81775000000005,0.035,0.33653846153846156,0-0-643-5,a,fcd45f4d-Audio_SP21.v0,group_0,1,fave,112.40365819140287,73.72502321446542,7,ahorita,"",0.07999999999998408,existen,para,t,#,t,p,final
552.9070878231543,1295.4754225632482,1804.8291624640908,2.5850997743775572,2.961377788306687,4.105811917838754,5512.820512820513,0.00004576989550365017,301.02574999999996,0.031,0.32978723404255317,0-0-644-3,a,fcd45f4d-Audio_SP21.v0,group_0,1,fave,109.36967660339535,78.65901834556708,7,para,"",0.06999999999999318,ahorita,ganar,R,#,R,g,final
487.6485005094317,1357.224426711676,1622.8255004947775,2.951933112380638,3.0739790638934337,3.3152925014936008,5512.820512820513,0.00004883082626582573,301.15275,0.025,0.33783783783783783,0-0-645-1,a,fcd45f4d-Audio_SP21.v0,group_0,1,fave,NaN,72.73403672538709,7,ganar,"",0.05000000000001137,para,dinero,g,n,g,n,internal
504.6426805641657,1653.6592548561,2456.3798861557825,3.215542869239463,2.8647354482490606,3.4270682676493456,5512.820512820513,0.00010529496351427523,302.90875,0.037000000000000005,0.324561403508772,0-0-650-3,a,fcd45f4d-Audio_SP21.v0,group_0,1,fave,106.39339757275586,77.69347854094441,7,esta,"",0.09000000000003183,[silence],es,t,#,t,s,final
606.1180755847427,1329.7141954669257,1958.1577838638314,2.7227618941996887,2.8274872448922364,3.546929521926989,5512.820512820513,0.000481893968388079,310.64575,0.07100000000000001,0.3317757009345795,0-0-667-3,a,fcd45f4d-Audio_SP21.v0,group_0,1,fave,107.53913591020002,76.44978559222042,7,para,"",0.18999999999999773,requisitos,[silence],R,#,R,.,final
610.812644205912,1283.305667149657,1966.3490434894982,3.304561573675164,2.947350501954388,3.4929757955684173,4615.384615384615,0.05112732678852593,311.31575000000004,0.191,0.3327526132404181,0-0-669-3,a,fcd45f4d-Audio_SP21.v0,group_0,1,fave,103.59676459931009,69.22867467986862,7,para,"",0.5499999999999545,[silence],para,R,#,R,p,final
598.7181817987278,1256.756149362579,1963.2143049532199,2.5896666438518285,2.932855673644956,4.321986374045955,5333.333333333333,6.690876708926897e-6,312.06275000000005,0.025,0.33783783783783783,0-0-671-1,a,fcd45f4d-Audio_SP21.v0,group_0,1,fave,105.29135654823892,77.18230040154612,7,la,"",0.05000000000001137,para,tarea,l,#,l,t,final
563.6030533156858,1324.9121502665246,2187.780510071506,2.9569441399265535,3.0219618420189334,4.366581693649817,5512.820512820513,0.00003205069850010042,312.17375,0.027000000000000003,0.32142857142857145,0-0-672-1,a,fcd45f4d-Audio_SP21.v0,group_0,1,fave,NaN,71.1633364829813,7,tarea,"",0.060000000000002274,la,[silence],t,R,t,R,internal
505.16471674653275,1624.7472893229217,2362.460853299317,3.634182454694247,3.2488582951341245,4.184650240311909,5153.846153846154,0.00004021484392220057,312.38275000000004,0.025,0.33783783783783783,0-0-672-4,a,fcd45f4d-Audio_SP21.v0,group_0,1,fave,NaN,68.67463445844027,7,tarea,"",0.05000000000001137,la,[silence],é,#,é,.,final
565.2596338203396,1253.3731688747978,1779.8059979558222,3.5588805835745534,3.901592462619852,4.298252905747618,5333.333333333333,0.00002584319908476687,316.81275000000005,0.025,0.33783783783783783,0-0-682-3,a,fcd45f4d-Audio_SP21.v0,group_0,1,fave,132.50556697393048,69.32797155557937,7,otras,"",0.05000000000001137,en,plataformas,R,s,R,s,internal
632.5027821541579,1226.7794056409746,2002.9959245007524,2.98608252125748,3.0583083953234453,3.861024297034497,5512.820512820513,0.00004263147089180968,316.99575,0.031,0.32978723404255317,0-0-683-2,a,fcd45f4d-Audio_SP21.v0,group_0,1,fave,123.2245296659412,72.80631504124766,7,plataformas,"",0.06999999999999318,otras,como,l,t,l,t,internal
543.81266038078,1220.7364296428107,2041.2596641195953,3.056451254863851,3.1246814157899365,3.9444119983125514,5512.820512820513,0.0001707107720257,317.10275,0.025,0.33783783783783783,0-0-683-4,a,fcd45f4d-Audio_SP21.v0,group_0,1,fave,573.2660649858694,70.15221265508599,7,plataformas,"",0.05000000000001137,otras,como,t,f,t,f,internal
662.497699908086,1328.9239888625011,1965.563006148248,2.792899151875975,2.930779339909419,3.2856608933895624,5333.333333333333,0.00019176346766640808,318.29875,0.07700000000000001,0.3290598290598291,0-0-685-6,a,fcd45f4d-Audio_SP21.v0,group_0,1,fave,104.38220657597651,75.75741545061973,7,Clipclaps,"",0.21000000000003638,como,Star,l,p,l,p,internal
591.6939451144258,1357.8950150762023,2099.629363971363,2.713679571173037,3.0055653189042433,4.58138325082263,5512.820512820513,0.0049929988757800685,320.60575,0.091,0.33211678832116787,0-0-692-3,a,fcd45f4d-Audio_SP21.v0,group_0,1,fave,163.40418490585589,70.13461830166155,7,esta,"",0.25,verdad,ha,t,#,t,a,final
651.9109655719902,1209.012348630537,4773.5631622320025,2.706061747686451,2.788198256529924,4.397768739990659,7128.205128205128,0.0027586075005985554,320.83574999999996,0.051000000000000004,0.3311688311688311,0-0-693-0,a,fcd45f4d-Audio_SP21.v0,group_0,1,fave,237612.00655645877,63.7720969271192,7,ha,"",0.12999999999999545,esta,sido,#,#,a,s,coextensive
541.7557571865523,1308.4900961368355,1765.444794386886,3.18504637382103,3.00917497639455,3.7684459319558443,4974.358974358975,0.0002166270826500463,321.34374999999994,0.027000000000000003,0.32142857142857145,0-0-695-1,a,fcd45f4d-Audio_SP21.v0,group_0,1,fave,117.44377422973808,68.80909014918504,7,la,"",0.060000000000002274,sido,que,l,#,l,k,final
646.3466329363188,1344.849855872042,1992.3599641610865,3.4195850851832605,2.9217189014139184,4.118958224100688,5333.333333333333,0.001261479938688474,324.65275,0.165,0.3340080971659919,0-0-702-0,a,fcd45f4d-Audio_SP21.v0,group_0,1,fave,117.42858321032521,74.99447800513221,7,ha,"",0.4700000000000273,me,funcionado,#,#,e,f,coextensive
564.9730776375301,1331.7412322753619,1924.2504620329075,3.201758774272569,3.540029533942273,3.846332395819955,5512.820512820513,0.00219209304815384,326.91875,0.037000000000000005,0.324561403508772,0-0-707-3,a,fcd45f4d-Audio_SP21.v0,group_0,1,fave,108.84629839517171,73.45911262993148,7,Para,"",0.09000000000003183,[silence],ser,R,#,R,s,final
551.8131762029794,1383.48452676434,2046.1108752696668,3.2269157425656374,3.359190833037147,4.391976424171462,5512.820512820513,0.00007384616323859115,328.23375,0.027000000000000003,0.32142857142857145,0-0-714-1,a,fcd45f4d-Audio_SP21.v0,group_0,1,fave,133.34274392340447,72.69645312040548,7,las,"",0.05999999999994543,que,tareas,l,s,l,s,internal
547.8618127265805,1378.8515971824827,2085.759638912028,2.5022994366012417,2.7116874193958598,3.7220204715486855,5153.846153846154,0.00004375113666925699,328.40574999999995,0.031,0.32978723404255317,0-0-715-1,a,fcd45f4d-Audio_SP21.v0,group_0,1,fave,109.96676665612246,75.44325582746613,7,tareas,"",0.06999999999999318,las,que,t,R,t,R,internal
610.6777613373789,1194.1477698255878,1921.5397532171164,3.4570573376547955,2.827125238326482,3.738034442078212,5333.333333333333,0.00013045099912419172,330.91875,0.037,0.32456140350877194,0-0-722-0,a,fcd45f4d-Audio_SP21.v0,group_0,1,fave,126.54187943460715,75.8445155752152,7,accesibles,"",0.09000000000003183,son,[silence],#,z,n,z,initial
553.6156086436175,1357.0552918718865,1965.9696913129164,2.8793030774146477,3.067671635691999,4.1021527265997735,5512.820512820513,0.0001411717449215411,334.06374999999997,0.027000000000000003,0.32142857142857145,0-0-729-3,a,fcd45f4d-Audio_SP21.v0,group_0,1,fave,125.44239299714746,75.17804594630849,7,quitan,"",0.060000000000002274,no,mucho,t,n,t,n,internal
591.6223666458578,1367.678496276029,1905.267411371857,2.6335868562718696,2.714035313111477,2.9342561644680236,5692.3076923076915,0.0005762311137001168,335.54774999999995,0.07500000000000001,0.3348214285714286,0-0-734-2,a,fcd45f4d-Audio_SP21.v0,group_0,1,fave,151.63204509778586,73.9006656469591,7,sea,"",0.19999999999998863,O,[silence],é,#,é,.,final
648.690023872807,1483.9603285129817,1879.6019551419465,3.2491476448064063,3.4032164249230523,4.09978455275396,4974.358974358975,0.0034648922307381046,338.23275,0.045,0.3358208955223881,0-0-740-0,a,fcd45f4d-Audio_SP21.v0,group_0,1,fave,132.4476872480813,76.36041314633361,7,accesible,"",0.11000000000001364,es,para,#,z,s,z,initial
588.1304260444122,1327.3700865074818,1946.666169682142,2.778323746034992,2.7776495112268718,3.052894057464055,5512.820512820513,0.00019553203797236716,338.98375,0.067,0.3284313725490196,0-0-741-3,a,fcd45f4d-Audio_SP21.v0,group_0,1,fave,108.91978740844424,77.45298463370797,7,para,"",0.18000000000000682,accesible,el,R,#,R,e,final
505.81297208190676,1436.6151726669468,1913.3641626354904,2.3992461309190825,3.1789266969383894,3.4428255873808684,5512.820512820513,0.00001600822394830052,342.54775,0.035,0.33653846153846156,0-0-757-3,a,fcd45f4d-Audio_SP21.v0,group_0,1,fave,110.35783089458128,78.0096737727288,7,pagan,"",0.08000000000004093,sí,verdad,g,n,g,n,internal
572.7987663460701,1289.6432744232682,1885.462318413608,2.7967915473178735,3.2331385114836477,3.2865359833705785,4974.358974358975,0.003541626317004943,343.29075,0.08100000000000002,0.3319672131147542,0-0-760-2,a,fcd45f4d-Audio_SP21.v0,group_0,1,fave,286.24795612222465,70.35733703999995,7,sea,"",0.22000000000002728,o,[silence],é,#,é,.,final
590.0067774981729,1458.3193920327394,2163.9124443592564,2.8242081953692706,3.2703375472837166,3.5588725466591997,5153.846153846154,0.00001640937741999115,345.13575,0.031,0.32978723404255317,0-0-767-3,a,fcd45f4d-Audio_SP21.v0,group_0,1,fave,109.76606101740035,78.66057447375822,7,verás,"",0.06999999999999318,que,[silence],R,s,R,s,internal
621.0839746697046,1198.7544282130941,1982.062165744906,3.027234098603585,3.0582880658024703,3.717982283306295,5333.333333333333,0.00147417151552425,347.56374999999997,0.067,0.3284313725490196,0-0-777-0,a,fcd45f4d-Audio_SP21.v0,group_0,1,fave,91.87199907940928,70.31310379238533,7,a,"",0.18000000000000682,[silence],todos,#,#,.,t,coextensive
546.5019110039834,1100.2079662374479,1978.4996344400683,2.8831454685704085,3.251343134055288,3.3811378277774518,4974.358974358975,0.00014080203034719366,348.35374999999993,0.027000000000000003,0.32142857142857145,0-0-780-4,a,fcd45f4d-Audio_SP21.v0,group_0,1,fave,103.51282939541068,69.17863381486528,7,compañeros,"",0.060000000000002274,mis,.,p,N,p,N,internal
553.7724676029692,1268.3456392051212,1813.1297678631727,2.7683454141492607,3.147211557563745,3.322178312793016,5512.820512820513,0.000031805637853240486,354.54374999999993,0.027000000000000003,0.32142857142857145,0-0-797-2,a,fcd45f4d-Audio_SP21.v0,group_0,1,fave,105.5815229069358,77.00516339687503,7,trabajo,"",0.060000000000002274,de,.,R,b,R,b,internal
588.2024626818844,1341.6729895552846,1695.197962383649,3.4545314393518116,3.151648294865748,3.804692201044076,5153.846153846154,0.000041074805377957426,355.52374999999995,0.027000000000000003,0.32142857142857145,0-0-800-6,a,fcd45f4d-Audio_SP21.v0,group_0,1,fave,123.63776092214455,72.27448044883617,7,personas,"",0.060000000000002274,Son,que,n,s,n,s,internal
633.0796226888978,1369.3484550025912,1876.9376820908408,3.193476030429573,3.0831574615344177,3.565419010136616,4615.384615384615,0.009570118842329368,355.90274999999997,0.065,0.33505154639175255,0-0-802-3,a,fcd45f4d-Audio_SP21.v0,group_0,1,fave,102.25573362729827,72.88368668516604,7,están,"",0.17000000000001592,que,publicando,t,n,t,n,internal
567.0273353495204,1356.71562300608,1932.5078253991908,3.088528100262754,2.815351764322698,4.250549160475925,4974.358974358975,0.00022345609851714577,357.52875,0.037000000000000005,0.324561403508772,0-0-804-7,a,fcd45f4d-Audio_SP21.v0,group_0,1,fave,100.67751263473146,72.19397453242651,7,necesitan,"",0.09000000000003183,publicando,su,t,n,t,n,internal
560.1112544460917,1363.187576138039,2223.5177558743067,2.78239444432206,3.061579170927552,3.4693176677910356,5512.820512820513,0.000038278535775931326,361.95775000000003,0.035,0.33653846153846156,0-0-813-1,a,fcd45f4d-Audio_SP21.v0,group_0,1,fave,108.36345384505714,79.4183419047307,7,tareas,"",0.07999999999998408,sus,.,t,R,t,R,internal
523.2936096743542,1468.415074791421,2263.266850792786,2.7698987900866427,3.089297613885944,4.6348843544544565,5512.820512820513,0.000015192208357563326,375.60275,0.025,0.33783783783783783,0-0-821-2,a,fcd45f4d-Audio_SP21.v0,group_0,1,fave,131.25956065754082,80.74375778376614,7,realidad,"",0.05000000000001137,en,[silence],e,l,e,l,internal
587.5955429455345,1591.9867642742772,2143.4484016607744,3.1195700035379423,3.1532184429144356,3.907511030880374,4974.358974358975,0.00020008150180280616,383.33775,0.035,0.33653846153846156,0-0-842-3,a,fcd45f4d-Audio_SP21.v0,group_0,1,fave,149.33127899443733,76.29842449321148,7,quejas,"",0.07999999999998408,[silence],%%,x,s,x,s,internal
549.4207695744326,1369.6333250509458,3641.8127174729516,3.9967915808007834,3.2174011945613072,3.2756647793183227,6051.282051282051,0.00123761678767082,390.82374999999996,0.027000000000000003,0.32142857142857145,0-0-866-2,a,fcd45f4d-Audio_SP21.v0,group_0,1,fave,111.41355967967523,72.04400008898347,7,una,"",0.060000000000002274,califica,tarea,n,#,n,t,final
594.7449221974267,1408.2603090983125,3727.2690071311927,3.3841929823039663,2.875265756978741,3.5070738062006224,6051.282051282051,0.0000741307032005982,390.93575,0.031,0.32978723404255317,0-0-867-1,a,fcd45f4d-Audio_SP21.v0,group_0,1,fave,111.30892570053153,73.37235968134432,7,tarea,"",0.06999999999999318,una,negativa,t,R,t,R,internal
447.26075179311704,1808.0755241420975,2398.341290573416,3.1375210540568963,2.8840990569545046,3.690176811523445,5153.846153846154,0.000042988561322888706,391.07374999999996,0.027000000000000003,0.32142857142857145,0-0-867-4,a,fcd45f4d-Audio_SP21.v0,group_0,1,fave,100.83802355679678,71.25265654244603,7,tarea,"",0.060000000000002274,una,negativa,é,#,é,n,final
507.4649904213724,1570.2728927434769,2174.010142934513,3.065174001598646,3.3467576960862764,4.671188505921314,5512.820512820513,0.000013959933845358761,391.28275,0.025,0.33783783783783783,0-0-868-3,a,fcd45f4d-Audio_SP21.v0,group_0,1,fave,108.5595359168723,74.9090425274342,7,negativa,"",0.05000000000001137,tarea,y,g,t,g,t,internal
496.42088992233124,1306.297058191539,3463.8414127502806,2.484790225838063,2.870112191905124,3.544078389416736,5512.820512820513,0.000015756794112544748,391.59275,0.025,0.33783783783783783,0-0-868-7,a,fcd45f4d-Audio_SP21.v0,group_0,1,fave,119.78485568004834,76.96616007268814,7,negativa,"",0.05000000000001137,tarea,y,b,#,b,i,final
536.6176786122504,1281.7105063479721,1862.3283039306468,3.0910991482410166,3.347547968570406,3.3577112044067765,4435.897435897436,0.00384541327893766,392.40275,0.045,0.33582089552238803,0-0-872-6,a,fcd45f4d-Audio_SP21.v0,group_0,1,fave,108.81224123332963,69.66976574726583,7,explica,"",0.11000000000001364,[silence],muy,k,#,k,m,final
561.6743288280289,1434.838602605152,2024.4098333477955,2.4096963138121157,3.298718438208526,4.0429682020339825,5512.820512820513,0.00003663320858301034,394.75575,0.031,0.32978723404255317,0-0-881-5,a,fcd45f4d-Audio_SP21.v0,group_0,1,fave,112.21292951824266,79.80877938690035,7,empleadores,"",0.06999999999999318,los,este,e,d,e,d,internal
606.3831330868204,1269.1735869836048,1868.7618533597545,3.237105192128462,3.4880260009868307,4.506255269181004,4794.871794871795,0.0012643876254946032,404.17775000000006,0.035,0.3365384615384616,0-0-900-2,a,fcd45f4d-Audio_SP21.v0,group_0,1,fave,128.10753924975387,69.05267998339261,7,una,"",0.07999999999998408,veces,tarea,n,#,n,t,final
527.1384623833674,1338.8157778035277,1887.5233951145492,2.419940041510548,2.5985062527706164,3.464923611051275,5512.820512820513,0.000013402929106596948,404.30375,0.027000000000000003,0.32142857142857145,0-0-901-1,a,fcd45f4d-Audio_SP21.v0,group_0,1,fave,108.27150146925315,74.88688753469219,7,tarea,"",0.060000000000002274,una,que,t,R,t,R,internal
496.8935574668165,1518.3362998265454,2205.3999467990093,2.4550438172246536,3.243794495305055,2.9567556275828744,5333.333333333333,0.00009401952193974833,404.51574999999997,0.031,0.32978723404255317,0-0-901-4,a,fcd45f4d-Audio_SP21.v0,group_0,1,fave,115.9407960513827,76.1948901968253,7,tarea,"",0.06999999999999318,una,que,é,#,é,k,final
564.2150551970689,845.8616770570475,1427.8733938287896,3.076093631441581,4.09423358472208,3.6421311205876656,4435.897435897436,0.021669358108730007,407.97075,0.061000000000000006,0.3315217391304348,0-0-911-8,a,fcd45f4d-Audio_SP21.v0,group_0,1,fave,128.39883955683942,72.63950024398322,7,específica,"",0.160000000000025,como,ahí,k,#,k,á,final
533.2626866301096,1383.000795681539,3868.7194654537684,3.396162295563896,2.3441474912300317,4.770541873325456,6051.282051282051,0.0010945252635819612,408.69575,0.031,0.32978723404255317,0-0-915-1,a,fcd45f4d-Audio_SP21.v0,group_0,1,fave,136.11479480392626,70.91148323253907,7,la,"",0.06999999999999318,en,tarea,l,#,l,t,final
586.5626127769691,1324.6046027979394,3640.3605090326982,3.0041687536740054,2.524525637094104,2.7847514734040857,6230.7692307692305,0.000013675470154005053,408.81575,0.031,0.32978723404255317,0-0-916-1,a,fcd45f4d-Audio_SP21.v0,group_0,1,fave,143.63779176679347,75.55028576260746,7,tarea,"",0.06999999999999318,la,[silence],t,R,t,R,internal
528.6317608127677,1484.5845611775865,2462.5503541359285,2.7653354760124573,3.2173506140553365,4.145823575194101,4794.871794871795,8.63238103931593e-6,409.08275000000003,0.025,0.33783783783783783,0-0-916-4,a,fcd45f4d-Audio_SP21.v0,group_0,1,fave,180.17777792552818,74.26410386962468,7,tarea,"",0.05000000000001137,la,[silence],é,#,é,.,final
546.780867871412,1524.6362766009183,2272.553326403091,2.858477791149363,3.1811542671135022,3.6561682753547515,5512.820512820513,0.00001142510045128072,412.75275000000005,0.025,0.33783783783783783,0-0-929-1,a,fcd45f4d-Audio_SP21.v0,group_0,1,fave,120.60205227403156,79.17584212403642,7,las,"",0.05000000000001137,decir,respuestas,l,s,l,s,internal
503.2600244298914,1381.0331735868554,2154.2278361503786,2.520861690182187,2.7408204373196763,3.868499485154292,5333.333333333333,0.000019919955871132044,413.76875,0.037,0.32456140350877194,0-0-931-7,a,fcd45f4d-Audio_SP21.v0,group_0,1,fave,124.24733590507212,77.99660802277396,7,concretas,"",0.08999999999997499,respuestas,de,t,s,t,s,internal
574.9893325950849,1169.8769316212595,1961.1246101572772,2.49119559045837,2.92630809016946,3.4887759286587494,5333.333333333333,0.000012464310564624969,414.37375,0.027000000000000003,0.32142857142857145,0-0-936-1,a,fcd45f4d-Audio_SP21.v0,group_0,1,fave,116.33497749577351,78.0886348930492,7,fallaste,"",0.060000000000002274,tú,para,f,L,f,L,internal
569.0837590614723,1255.0191966926352,2031.5087691953067,3.386824959788761,3.016640418126924,3.8736944263803466,4974.358974358975,0.00015817133275209777,414.83374999999995,0.027000000000000003,0.32142857142857145,0-0-937-3,a,fcd45f4d-Audio_SP21.v0,group_0,1,fave,112.1580828450285,74.32180868525974,7,para,"",0.060000000000002274,fallaste,tu,R,#,R,t,final
503.9895257655375,1700.7272731420376,2448.9809791904836,3.403564879453343,3.079321393421144,3.862165542385686,5512.820512820513,0.000015552525028169228,417.13374999999996,0.027000000000000003,0.32142857142857145,0-0-946-5,a,fcd45f4d-Audio_SP21.v0,group_0,1,fave,124.60278110929401,74.97280075103785,7,básicamente,"",0.060000000000002274,Pero,en,k,m,k,m,internal
627.8779966324282,1344.1996535232454,1902.844455935554,4.094953054782987,3.5249254866949284,4.470041482227443,4615.384615384615,0.021174127585422673,420.69875,0.037,0.32456140350877194,0-0-958-1,a,fcd45f4d-Audio_SP21.v0,group_0,1,fave,124.2934545862343,67.23864532502797,7,la,"",0.08999999999997499,en,página,l,#,l,p,final
648.8370335298467,1233.865003201268,1856.5141252820442,2.9459060224375304,2.9775707684333077,3.9136193261902634,4974.358974358975,0.00021901904767649736,420.84775,0.035,0.33653846153846156,0-0-959-1,a,fcd45f4d-Audio_SP21.v0,group_0,1,fave,144.58476895002056,75.98308821083262,7,página,"",0.08000000000004093,la,es,p,x,p,x,internal
555.9497664185247,1584.6204093977667,2578.9031191037247,3.2177360111556474,2.6187833231660242,3.969643060043032,5692.3076923076915,0.00039908132574317627,421.09574999999995,0.051000000000000004,0.3311688311688312,0-0-959-5,a,fcd45f4d-Audio_SP21.v0,group_0,1,fave,133.23629423191193,71.68347853685299,7,página,"",0.12999999999999545,la,es,n,#,n,s,final
517.9730357534219,1670.5898208360525,2222.337436587585,2.77223081407194,3.3741638134522405,3.189865985244868,5333.333333333333,0.000022520604605659918,448.76574999999997,0.031,0.32978723404255317,0-0-980-0,a,fcd45f4d-Audio_SP21.v0,group_0,1,fave,106.14114563137902,74.97138757737021,7,a,"",0.06999999999999318,que,nivel,#,#,é,n,coextensive
522.7758231462182,1238.663023134526,1943.8830510241046,2.9999151636391117,2.9748972127357978,3.2449848895363136,5153.846153846154,0.000024442598515640736,451.31374999999997,0.027000000000000003,0.32142857142857145,0-0-992-1,a,fcd45f4d-Audio_SP21.v0,group_0,1,fave,106.05144029265428,75.66616492768902,7,la,"",0.060000000000002274,por,que,l,#,l,k,final
415.93609619653,1668.2825037845362,2291.2798522542444,2.7468643503440258,3.061813718360018,3.551433237835147,5512.820512820513,0.00006479832805632618,451.82775000000004,0.035,0.33653846153846156,0-0-994-8,a,fcd45f4d-Audio_SP21.v0,group_0,1,fave,104.45241038041428,74.7898300037758,7,atraviesa,"",0.07999999999998408,que,Venezuela,s,#,s,b,final
523.1518557566666,1416.5296155951005,2820.3970008897186,3.7481973491981018,3.6004055340398913,4.354084571037166,4974.358974358975,0.0007580735007907497,460.61375,0.027000000000000003,0.32142857142857145,0-0-1017-0,a,fcd45f4d-Audio_SP21.v0,group_0,1,fave,103.81746246796742,63.11443698334881,7,ayuda,"",0.060000000000002274,no,[silence],#,y,ó,y,initial
606.0118871721291,1265.6263852640034,1898.958357439292,2.6319282979511933,2.8899352549291297,2.9712166364555186,4615.384615384615,0.00024134822806787866,461.12575,0.091,0.33211678832116787,0-0-1017-4,a,fcd45f4d-Audio_SP21.v0,group_0,1,fave,140.49117794325025,72.00197850755366,7,ayuda,"",0.25,no,[silence],d,#,d,.,final
560.5326466009765,1334.3790021174073,1859.1674087138538,3.2549267257513765,3.3478240437869946,4.079585731745608,5512.820512820513,0.004160680998163165,463.17875000000004,0.097,0.3299319727891157,0-0-1023-7,a,fcd45f4d-Audio_SP21.v0,group_0,1,fave,110.74256546647545,70.86463981818629,7,completa,"",0.2699999999999818,necesidades,[silence],t,#,t,.,final
584.2729396290027,1324.664756582824,2019.3430147968277,2.4467647961200414,2.9728724747581694,3.2830975039749326,5512.820512820513,0.00007119956740178752,463.80275,0.045,0.33582089552238803,0-0-1025-3,a,fcd45f4d-Audio_SP21.v0,group_0,1,fave,99.07104765243635,77.2074650076804,7,para,"",0.11000000000001364,[silence],uno,R,#,R,ú,final
641.777189232987,1384.434094920364,1897.8551045357376,3.7367967154340556,3.343799871167173,4.752565520068089,4974.358974358975,0.0012158268879645926,466.85775,0.035,0.33653846153846156,0-0-1035-3,a,fcd45f4d-Audio_SP21.v0,group_0,1,fave,115.67803115671427,73.20984461415827,7,otra,"",0.08000000000004093,buscar,alternativa,R,#,R,a,final
648.8430627202919,1386.4291312927123,1976.5764050154621,3.6166841035881996,3.284561679623021,3.7824456877740857,4974.358974358975,0.005129795630372441,467.27775,0.035,0.33653846153846156,0-0-1036-6,a,fcd45f4d-Audio_SP21.v0,group_0,1,fave,208.26359101739163,67.47493940383339,7,alternativa,"",0.07999999999998408,otra,.,n,t,n,t,internal
455.97321441716434,1208.1677724717601,2266.8446085302285,2.777918354057114,2.8275961251198547,4.674654488899288,5153.846153846154,0.00009516980103810433,467.60275,0.025,0.33783783783783783,0-0-1036-10,a,fcd45f4d-Audio_SP21.v0,group_0,1,fave,101.79050853115734,74.94949507391465,7,alternativa,"",0.05000000000001137,otra,.,b,#,b,.,final
520.6134614131277,1374.2654319230244,1957.0352319523367,3.6444930234093964,2.7071447596450193,4.639287469641227,5512.820512820513,5.533893180886284e-6,470.51275000000004,0.025,0.33783783783783783,0-0-1044-2,a,fcd45f4d-Audio_SP21.v0,group_0,1,fave,113.55754647889124,77.51544211009981,7,una,"",0.05000000000001137,[silence],de,n,#,n,d,final
592.9200707422822,1341.855384663619,1992.341070343022,3.02830378953674,3.2533404177469945,3.9874510727494337,5512.820512820513,0.00003629439592946776,470.86775000000006,0.035,0.33653846153846156,0-0-1048-0,a,fcd45f4d-Audio_SP21.v0,group_0,1,fave,114.24664198115939,76.63613732153175,7,alternativas,"",0.07999999999998408,[silence],que,#,l,.,l,initial
569.6014297785465,1272.4513013776207,1900.4581813917935,3.676181648728603,3.103370342993268,4.709618005406684,4794.871794871795,0.00002740967562981471,471.26275000000004,0.025,0.33783783783783783,0-0-1048-6,a,fcd45f4d-Audio_SP21.v0,group_0,1,fave,98.92067235800968,70.82838508537249,7,alternativas,"",0.05000000000001137,[silence],que,n,t,n,t,internal
569.9722768588666,1380.4296116067912,1824.4969933124748,3.2892668154088396,3.175850525334662,3.6992826178464093,4974.358974358975,0.0010616822786571082,475.62875,0.057,0.32758620689655177,0-0-1060-4,a,fcd45f4d-Audio_SP21.v0,group_0,1,fave,117.04522679615158,70.90696350540851,7,extra,"",0.14999999999997726,ingreso,[silence],R,#,R,.,final
537.982897138752,1448.7933566657282,2274.025239465941,2.5113646725252496,3.555882567519858,3.8260032955277934,5512.820512820513,0.0016842254149077162,476.33574999999996,0.051000000000000004,0.3311688311688312,0-0-1063-0,a,fcd45f4d-Audio_SP21.v0,group_0,1,fave,1287.167535312888,70.0282849178861,7,aparte,"",0.12999999999999545,de,de,#,p,e,p,initial
606.6373262414733,1523.9099431684108,2202.9787290866816,2.4025885250830648,3.2373323085742185,3.3238653237575773,5512.820512820513,0.000033286801138673406,478.42775000000006,0.035,0.33653846153846156,0-0-1067-2,a,fcd45f4d-Audio_SP21.v0,group_0,1,fave,102.02590492705986,79.06736005772922,7,era,"",0.07999999999998408,[silence],casi,R,#,R,k,final
528.1424539195694,1210.146205541683,1819.0760871235498,3.997557296411799,3.325608630212793,4.030189519120293,5153.846153846154,0.0353718540286422,479.03375,0.047,0.3263888888888889,0-0-1069-3,a,fcd45f4d-Audio_SP21.v0,group_0,1,fave,118.48262281605328,66.46077412767121,7,semanal,"",0.12000000000000455,casi,es,m,n,m,n,internal
656.4349711458732,1205.8536385480472,1637.6112703991014,3.462040067491787,2.460064710086519,4.512213436630873,4794.871794871795,0.00009626669118513013,480.06374999999997,0.027000000000000003,0.32142857142857145,0-0-1072-3,a,fcd45f4d-Audio_SP21.v0,group_0,1,fave,89.19406619283183,69.42519845480216,7,semanal,"",0.060000000000002274,casi,",",m,n,m,n,internal
598.2707968860075,1367.4598928236187,2002.5732773050775,2.923130763938723,3.3051476834284004,4.163950391508562,5512.820512820513,0.004734892311219756,481.20275,0.125,0.3342245989304812,0-0-1077-4,a,fcd45f4d-Audio_SP21.v0,group_0,1,fave,99.67453801757658,73.81320978828431,7,cobra,"",0.35000000000002274,uno,en,R,#,R,e,final
497.291604396236,1440.9196308544383,2129.7294409303104,3.1222506632751323,2.7940619326580793,3.6264141543893023,5333.333333333333,0.0009278396015825813,488.22275,0.045,0.33582089552238803,0-0-1094-8,a,fcd45f4d-Audio_SP21.v0,group_0,1,fave,2054.3942864943165,69.42441879305733,7,económica,"",0.11000000000001364,ayuda,[silence],k,#,k,.,final
512.140123128159,1242.1304678350032,2300.599884916493,3.518717095911825,3.6675635342611903,4.301182786782935,5871.794871794871,0.0010874555092597069,488.95875,0.057,0.32758620689655177,0-0-1096-4,a,fcd45f4d-Audio_SP21.v0,group_0,1,fave,98.36782124787685,70.46533093215626,7,tenían,"",0.14999999999997726,[silence],tengo,i,n,i,n,internal
526.8642668098202,1784.4568356405377,2639.8655427729354,3.087003826642246,3.825062894605219,4.064033794739275,5512.820512820513,0.00021243020723730427,489.83374999999995,0.027000000000000003,0.32142857142857145,0-0-1099-3,a,fcd45f4d-Audio_SP21.v0,group_0,1,fave,114.02761710209734,77.16884121689458,7,niña,"",0.060000000000002274,una,pequeña,N,#,N,p,final
577.7481225390625,1587.8229524565413,3648.7665816074746,3.036225868562055,2.774595946309866,3.78143087483614,5512.820512820513,0.00002820235195541912,490.44875,0.037000000000000005,0.324561403508772,0-0-1100-5,a,fcd45f4d-Audio_SP21.v0,group_0,1,fave,120.35923946755072,73.06827504920665,7,pequeña,"",0.08999999999997499,niña,[silence],N,#,N,.,final
531.9295157626676,1479.9275590731452,2463.331948579904,2.5727326428341057,3.555191969940559,3.764849311257716,4974.358974358975,0.0014918884337226566,494.93875,0.037000000000000005,0.324561403508772,0-0-1113-0,a,fcd45f4d-Audio_SP21.v0,group_0,1,fave,112.98304000938765,76.2059626392761,7,aparte,"",0.08999999999997499,y,como,#,p,i,p,initial
673.2178667666958,1223.2623220048297,1487.8705095794421,3.1715305231427564,2.819217089519744,4.317430698590338,4435.897435897436,0.00011890134135924857,496.09775,0.035,0.3365384615384616,0-0-1116-6,a,fcd45f4d-Audio_SP21.v0,group_0,1,fave,133.2345286790676,76.5853963806972,7,informático,"",0.08000000000004093,soy,me,m,t,m,t,internal
554.5073057460226,1331.7703790845026,1869.0898805623558,2.676844735346267,2.978530323638673,3.5221203109074986,5512.820512820513,0.00006173855617330043,496.94374999999997,0.027000000000000003,0.32142857142857145,0-0-1119-1,a,fcd45f4d-Audio_SP21.v0,group_0,1,fave,114.33779642958321,77.51868571272381,7,la,"",0.060000000000002274,llama,curiosidad,l,#,l,k,final
488.6356737599956,1752.3567633515047,2509.308472862395,2.665534544881109,3.1510026468126684,3.732313853620567,5512.820512820513,0.0006569643951344807,500.61875000000003,0.037000000000000005,0.324561403508772,0-0-1128-0,a,fcd45f4d-Audio_SP21.v0,group_0,1,fave,98.25066726512287,77.18833387654504,7,actividades,"",0.08999999999997499,de,",",#,k,e,k,initial
631.2446531672466,1335.373747041449,2010.9887347882488,2.683921376917522,3.0578663487072104,4.042693005113537,5333.333333333333,0.000311773847061973,502.20074999999997,0.101,0.3322368421052631,0-0-1130-5,a,fcd45f4d-Audio_SP21.v0,group_0,1,fave,103.63984256547415,74.8747167080488,7,ahorita,"",0.28000000000002956,",",[silence],t,#,t,"",final
605.8854411986313,1225.4472362583028,2064.284380997874,2.7025006886198804,2.82640029199633,4.491817896501115,5512.820512820513,6.242515458841222e-6,505.81275000000005,0.025,0.33783783783783783,0-0-1139-4,a,fcd45f4d-Audio_SP21.v0,group_0,1,fave,98.75858179012931,75.40279823847952,7,compañero,"",0.05000000000001137,un,",",p,N,p,N,internal
520.0737128939929,1532.6084934602927,2409.461156340582,2.6534384155313973,3.229600434665776,3.330141158180804,4974.358974358975,0.000022504073616031294,507.16574999999995,0.031,0.32978723404255317,0-0-1143-5,a,fcd45f4d-Audio_SP21.v0,group_0,1,fave,105.73285338105332,74.86543294586212,7,manera,"",0.07000000000005002,la,de,R,#,R,d,final
496.22469566187294,1202.998158748119,2135.844724369084,2.951762877068056,3.1532669197237153,3.8067687384458937,5512.820512820513,9.48529826461644e-6,509.29275,0.025,0.33783783783783783,0-0-1154-2,a,fcd45f4d-Audio_SP21.v0,group_0,1,fave,107.569455327127,77.15672358090492,7,plataforma,"",0.05000000000001137,la,Axie,l,t,l,t,internal
569.9111896149228,1126.8537632058617,4369.862967348187,4.319178486261144,4.335888022943506,4.380321425350519,6948.717948717948,0.020073794083549687,509.41074999999995,0.041,0.3306451612903226,0-0-1154-4,a,fcd45f4d-Audio_SP21.v0,group_0,1,fave,157.94634708644378,67.22098746500502,7,plataforma,"",0.10000000000002274,la,Axie,t,f,t,f,internal
655.4022203910107,1213.8858891006698,3623.6958061234004,3.842164182698359,2.9592760539520238,3.1630430630761337,6589.74358974359,0.0007593442141997979,509.71875,0.037,0.32456140350877194,0-0-1154-9,a,fcd45f4d-Audio_SP21.v0,group_0,1,fave,103.25014571642063,72.3088521627313,7,plataforma,"",0.09000000000003183,la,Axie,m,#,m,a,final
681.0597720503895,1365.8751909150635,3802.6236298607264,2.9864881015184777,2.6176622481686005,3.6253890773741366,6948.717948717948,0.0003194798840510638,509.81075,0.041,0.3306451612903226,0-0-1155-0,a,fcd45f4d-Audio_SP21.v0,group_0,1,fave,300.00763501849065,72.13074833361742,7,Axie,"",0.0999999999999659,plataforma,Infinity,#,s,a,s,initial
492.79034603997246,1405.1906016616017,2060.1120452577466,2.8016277193971777,2.6102682352412034,4.2741741631346475,4974.358974358975,0.0003884188875397946,512.26075,0.041,0.3306451612903226,0-0-1162-5,a,fcd45f4d-Audio_SP21.v0,group_0,1,fave,236.43275626634176,74.99751968003085,7,ahorita,"",0.10000000000002274,reconocido,a,t,#,t,a,final
603.878593082171,1304.5431321912781,1944.785296243466,3.0073563583569456,2.834692486649662,3.4754745835854837,4974.358974358975,0.00041242178101847857,512.37575,0.07100000000000001,0.3317757009345794,0-0-1163-0,a,fcd45f4d-Audio_SP21.v0,group_0,1,fave,287681.9314738525,74.35823574929809,7,a,"",0.18999999999994088,ahorita,nivel,#,#,a,n,coextensive
563.5750140349226,1440.9123607922877,2134.555691990694,2.420763614818131,2.6376152504589365,3.6332105761296396,5512.820512820513,0.00001848368671440683,528.80375,0.027000000000000003,0.32142857142857145,0-0-1180-1,a,fcd45f4d-Audio_SP21.v0,group_0,1,fave,116.87225727734337,80.80243350893578,7,la,"",0.06000000000005912,sí,la,l,#,l,l,final
529.6714878973618,1233.6798885319727,1866.5649466225952,2.420380429324053,2.7918544059007706,3.3674129537463116,5512.820512820513,0.000030215772247760115,529.16375,0.027000000000000003,0.32142857142857145,0-0-1181-1,a,fcd45f4d-Audio_SP21.v0,group_0,1,fave,106.38891483566103,79.0529209684445,7,la,"",0.06000000000005912,la,recuerdo,l,#,l,r,final
586.1086666468223,1371.3084878195514,1945.551011303048,2.0910957401877033,2.9678240154589486,3.3798931931166845,5512.820512820513,0.00048445074790484546,530.75375,0.10700000000000001,0.3302469135802469,0-0-1184-6,a,fcd45f4d-Audio_SP21.v0,group_0,1,fave,119.78526376258992,77.91362005602466,7,todavía,"",0.2999999999999545,porque,[silence],i,#,i,"",final
623.1274613219988,1225.4432296010343,1803.4599007102402,3.5042822757634453,2.961268212953275,3.540725435120697,5333.333333333333,0.000034973022420629554,532.57575,0.031,0.32978723404255317,0-0-1188-5,a,fcd45f4d-Audio_SP21.v0,group_0,1,fave,114.70551647830823,71.60023058656975,7,colocan,"",0.07000000000005002,este,esa,k,n,k,n,internal
498.18474540602267,1352.4739769917942,2203.197152958587,3.438202174069731,3.2438607795787813,4.838571244857582,4974.358974358975,0.000040298688779032134,532.80275,0.025,0.33783783783783783,0-0-1189-2,a,fcd45f4d-Audio_SP21.v0,group_0,1,fave,130.10924093011954,66.61678457710437,7,esa,"",0.05000000000006821,colocan,tarea,s,#,s,t,final
524.8179585586713,1592.2951784007357,2382.52581246695,2.6872079531674973,3.5791110751478374,4.279359126269778,4794.871794871795,0.000010498067593666441,533.15575,0.031,0.32978723404255317,0-0-1190-4,a,fcd45f4d-Audio_SP21.v0,group_0,1,fave,147.14213663239906,72.62143831017896,7,tarea,"",0.07000000000005002,esa,y,é,#,é,i,final
555.4598149956684,1325.5300163641812,2054.820683691041,2.5397632970891584,2.7093607160673248,3.5795259209834054,5153.846153846154,0.000015141174788211607,533.81575,0.031,0.32978723404255317,0-0-1193-1,a,fcd45f4d-Audio_SP21.v0,group_0,1,fave,114.37658157708715,73.88640373055233,7,tarea,"",0.07000000000005002,son,de,t,R,t,R,internal
583.2364781025344,1404.731357457797,1908.8308368686044,2.944032265900619,3.0554561961404274,3.765014552421573,4794.871794871795,0.02901096028847867,534.05975,0.119,0.3361581920903954,0-0-1193-4,a,fcd45f4d-Audio_SP21.v0,group_0,1,fave,120.47880315813086,70.26148897932529,7,tarea,"",0.3300000000000409,son,de,é,#,é,d,final
605.2704158550304,1311.4455729057731,1953.1958664946897,2.9590557072797816,3.102383087139418,3.510044850884712,5512.820512820513,0.0006415106652249517,539.0677499999999,0.035,0.33653846153846156,0-0-1205-2,a,fcd45f4d-Audio_SP21.v0,group_0,1,fave,124.4621600128005,72.77659955128482,7,una,"",0.08000000000004093,[silence],compañía,n,#,n,k,final
557.8826672365223,1585.6282931279297,2337.9920979904564,3.222257066913558,3.1317288737605384,4.357050412927639,4974.358974358975,0.0012970315587272387,539.67575,0.091,0.3321167883211679,0-0-1206-7,a,fcd45f4d-Audio_SP21.v0,group_0,1,fave,118.27044454105464,70.61637780667574,7,compañía,"",0.25,una,de,i,#,i,d,final
531.8439366748352,1437.2548899215162,2206.410160885089,2.727185452445065,3.3919124251766752,3.7706720268142524,5512.820512820513,0.000031244812174428474,540.5957500000001,0.031,0.32978723404255317,0-0-1209-4,a,fcd45f4d-Audio_SP21.v0,group_0,1,fave,122.76286069167669,75.8624201469061,7,Texas,"",0.06999999999993634,[silence],",",s,s,s,s,internal
514.4052156506482,1664.5086940584647,2442.820668790424,2.7443465367528583,3.114653479226302,3.5890926451051657,5512.820512820513,0.000210311779845029,542.72775,0.035,0.33653846153846156,0-0-1216-4,a,fcd45f4d-Audio_SP21.v0,group_0,1,fave,125.73921856250605,78.40922668072338,7,envía,"",0.07999999999992724,[silence],recibe,i,#,i,r,final
494.0521810577092,1659.2906201907488,2375.220437209077,2.452853750097974,3.1110825512919087,3.9704938965077394,5512.820512820513,9.637511644689231e-6,544.42375,0.027000000000000003,0.32142857142857145,0-0-1219-4,a,fcd45f4d-Audio_SP21.v0,group_0,1,fave,112.60270017781166,76.41589221331712,7,edita,"",0.06000000000005912,[silence],[silence],t,#,t,.,final
570.4600449245753,1331.8242211140832,1967.1103562617966,3.063116489151131,2.7514907869221834,4.445267540250658,5512.820512820513,0.000036630931032992096,548.5837500000001,0.027000000000000003,0.32142857142857145,0-0-1232-2,a,fcd45f4d-Audio_SP21.v0,group_0,1,fave,134.83466743918697,78.38469612760791,7,una,"",0.05999999999994543,Es,tarea,n,#,n,t,final
572.5748323825261,1399.633235237266,2065.4916205874556,3.0234026401863288,2.928639102399168,4.8623018578742805,5512.820512820513,0.000011212663430679805,548.69375,0.027000000000000003,0.32142857142857145,0-0-1233-1,a,fcd45f4d-Audio_SP21.v0,group_0,1,fave,131.61613382148258,78.97024445900793,7,tarea,"",0.06000000000005912,una,sencilla,t,R,t,R,internal
610.7258197551407,1213.1358035416658,2068.690606942175,3.335480796965075,2.852880857570803,4.733754475762263,5333.333333333333,0.0005549530984825534,554.0237500000001,0.027000000000000003,0.32142857142857145,0-0-1252-2,a,fcd45f4d-Audio_SP21.v0,group_0,1,fave,119.78103478860119,76.68232037986697,7,una,"",0.06000000000005912,dejar,pequeña,n,#,n,p,final
484.3618627666442,1831.1482341787475,2662.667645024075,3.845784237375266,3.1170945409698327,3.8314669248097606,5333.333333333333,0.00006049525966686606,554.9327499999999,0.025,0.33783783783783783,0-0-1254-5,a,fcd45f4d-Audio_SP21.v0,group_0,1,fave,121.53765820817262,66.69484051144384,7,reseña,"",0.05000000000006821,pequeña,.,N,#,N,.,final
485.6783319310554,1425.4859053440387,2404.775651494546,3.3074516157753076,3.3711452907926867,3.8307718993795934,5333.333333333333,0.00001884975275483587,556.78275,0.025,0.33783783783783783,0-0-1258-2,a,fcd45f4d-Audio_SP21.v0,group_0,1,fave,123.34258683189941,75.7978071234417,7,Esa,"",0.05000000000006821,[silence],fue,s,#,s,f,final
571.344046814654,1340.9481069784933,2410.9883221093196,2.9258795225554866,3.188972575019565,4.650174215532852,5153.846153846154,0.00013951708809864115,557.3437500000001,0.027000000000000003,0.32142857142857145,0-0-1261-6,a,fcd45f4d-Audio_SP21.v0,group_0,1,fave,111.95276316911793,76.81293124398385,7,primera,"",0.05999999999994543,la,tarea,R,#,R,t,final
544.738347429994,1380.9338293459102,2265.4119476388773,2.733678720122266,2.8260613026871257,3.6311548916432965,5512.820512820513,0.0001101191187967037,557.4557500000001,0.031,0.32978723404255317,0-0-1262-1,a,fcd45f4d-Audio_SP21.v0,group_0,1,fave,526.5716727556985,77.15556205107194,7,tarea,"",0.06999999999993634,primera,que,t,R,t,R,internal
516.3532433968612,1617.272234232029,2389.542637450491,2.72865383099116,3.4341249102737788,4.17533228100206,4974.358974358975,0.00019840313000113656,557.62575,0.031,0.32978723404255317,0-0-1262-4,a,fcd45f4d-Audio_SP21.v0,group_0,1,fave,110.84803960667368,75.48929417342333,7,tarea,"",0.06999999999993634,primera,que,é,#,é,k,final
606.6683844774807,1279.4336093310756,1933.2570190424956,2.7665011551177012,2.975368190671487,3.5386933188368093,5512.820512820513,0.0034557634174391377,560.98775,0.175,0.3339694656488549,0-0-1273-3,a,fcd45f4d-Audio_SP21.v0,group_0,1,fave,112.92446450551921,76.9957081644625,7,para,"",0.5,y,[silence],R,#,R,.,final
586.5605545994889,1236.642069636335,2101.376761573852,3.2753216738907165,3.390891944520223,3.5372510438952114,4974.358974358975,0.00672173932194101,561.6877499999999,0.035,0.33653846153846156,0-0-1275-3,a,fcd45f4d-Audio_SP21.v0,group_0,1,fave,118.44720532900196,73.23582071023826,7,para,"",0.08000000000004093,[silence],poder,R,#,R,p,final
490.5217622687072,1687.541224165526,2387.1964587556395,2.640419998798137,3.430094377000486,3.505607839383012,4974.358974358975,0.00015960055984807532,567.0857500000001,0.031,0.32978723404255317,0-0-1296-0,a,fcd45f4d-Audio_SP21.v0,group_0,1,fave,115.0611071612247,78.2416193171182,7,a,"",0.06999999999993634,y,veces,#,#,i,b,coextensive
517.8754396653742,1662.5761896685142,2345.768520896431,2.674293498077665,3.2108593121856366,3.934445951564011,5153.846153846154,0.00028613931486255105,571.59275,0.045,0.3358208955223881,0-0-1310-7,a,fcd45f4d-Audio_SP21.v0,group_0,1,fave,106.01663086696804,76.72391148194521,7,prefería,"",0.10999999999989996,y,no,i,#,i,n,final
522.2091453486014,1269.137110810399,3722.5921159145,2.7909592681600497,2.7482230324740136,3.1985266529688055,5871.794871794871,0.00002651413973288166,572.32575,0.031,0.32978723404255317,0-0-1314-1,a,fcd45f4d-Audio_SP21.v0,group_0,1,fave,123.14751257864253,72.02753218581053,7,tarea,"",0.07000000000005002,la,para,t,R,t,R,internal
565.9788230924611,1530.3710816489572,2351.3045203620886,2.8437240411162805,3.1591257992809587,4.009944249564347,4974.358974358975,0.000051252508686961894,572.54575,0.031,0.32978723404255317,0-0-1314-4,a,fcd45f4d-Audio_SP21.v0,group_0,1,fave,143.19820959467285,70.22039328894343,7,tarea,"",0.07000000000005002,la,para,é,#,é,p,final
556.0162194980909,1264.6678605960499,2036.7263602300604,2.9409749267876775,2.706762009977481,3.161127847522015,5153.846153846154,0.000013109939176981339,572.7737500000001,0.027000000000000003,0.32142857142857145,0-0-1315-3,a,fcd45f4d-Audio_SP21.v0,group_0,1,fave,115.91007556460421,69.15945394710876,7,para,"",0.06000000000005912,tarea,que,R,#,R,k,final
654.0942541159617,1316.1712292917882,1918.7306035970341,3.4574664997485396,2.864694887245905,4.24149759238486,4794.871794871795,0.00016842545815652199,573.65575,0.051000000000000004,0.3311688311688312,0-0-1319-0,a,fcd45f4d-Audio_SP21.v0,group_0,1,fave,111.99225534299833,74.33459612126511,7,a,"",0.12999999999999545,fuera,calificarme,#,#,a,k,coextensive
556.3005124782558,1303.0180505615365,2061.806469245375,2.403496751335499,2.7493158228652765,4.193065177817198,5512.820512820513,0.000021618254412605443,574.1927499999999,0.025,0.33783783783783783,0-0-1320-7,a,fcd45f4d-Audio_SP21.v0,group_0,1,fave,595.6126366337602,74.42912761839153,7,calificarme,"",0.05000000000006821,a,negativamente,k,R,k,R,internal
460.83897519835847,1363.4345288401626,1607.839169048247,3.7665164414338252,3.0439354056127326,4.422770211462874,3717.948717948718,0.0007594437294864346,574.5037500000001,0.027000000000000003,0.32142857142857145,0-0-1321-3,a,fcd45f4d-Audio_SP21.v0,group_0,1,fave,198.28296227128217,67.5182489062592,7,negativamente,"",0.05999999999994543,calificarme,.,g,t,g,t,internal
525.0036813447882,1383.5233583792715,1986.7115815324432,2.6984113886599403,2.9924690850841595,3.5591532939707964,5333.333333333333,6.346870612800241e-6,607.2137500000001,0.027000000000000003,0.32142857142857145,0-0-1343-1,a,fcd45f4d-Audio_SP21.v0,group_0,1,fave,113.06907843093265,76.00296555934757,7,tareas,"",0.05999999999994543,muchas,de,t,R,t,R,internal
520.8628949629533,1636.2612576584536,2385.1532953129313,3.142065719078749,3.029434550778536,3.3847973945656453,5153.846153846154,0.00019814520178174883,607.39075,0.041,0.3306451612903226,0-0-1343-4,a,fcd45f4d-Audio_SP21.v0,group_0,1,fave,108.84509918426807,72.92562791672923,7,tareas,"",0.10000000000002274,muchas,de,é,s,é,s,internal
527.8081106636808,1601.9946597890007,2282.892763613105,2.9401578911533464,3.2174457887791177,3.377499537912322,5512.820512820513,0.000023957034347745854,607.9557500000001,0.031,0.32978723404255317,0-0-1345-3,a,fcd45f4d-Audio_SP21.v0,group_0,1,fave,103.79821566503843,75.22225624935979,7,creaciones,"",0.06999999999993634,de,de,e,z,e,z,internal
657.7581141245203,1056.7148274505632,1514.0300835335167,2.704722806827496,3.5877893686050566,3.7997276066229215,5692.3076923076915,0.019060273763703128,613.02275,0.045,0.33582089552238803,0-0-1355-0,a,fcd45f4d-Audio_SP21.v0,group_0,1,fave,342380.87249852845,69.48318128619388,7,AOL,"",0.11000000000001364,[silence],[silence],#,o,.,o,initial
559.3755154876302,1441.1963142683092,1931.9223346336162,2.817516407912759,2.841620401862496,3.850426712634108,5153.846153846154,0.00012368152101717073,617.4657500000001,0.031,0.32978723404255317,0-0-1368-1,a,fcd45f4d-Audio_SP21.v0,group_0,1,fave,NaN,72.18542705007344,7,tareas,"",0.06999999999993634,de,porque,t,R,t,R,internal
501.7382224247439,1771.0917190112975,2452.3619634786633,2.3630012265832225,3.518537761924993,3.6573476585756604,5153.846153846154,0.000028405655755988498,617.69375,0.027000000000000003,0.32142857142857145,0-0-1368-4,a,fcd45f4d-Audio_SP21.v0,group_0,1,fave,161.84156061242547,72.46605902665597,7,tareas,"",0.06000000000005912,de,porque,é,s,é,s,internal
579.5610947729609,1078.9110744750421,2144.326522475218,3.259204192241737,3.2097795533589037,4.573852112387286,4974.358974358975,0.0007246596025828881,619.99775,0.035,0.33653846153846156,0-0-1376-1,a,fcd45f4d-Audio_SP21.v0,group_0,1,fave,114.14209019578743,72.76850898994142,7,bastante,"",0.07999999999992724,son,fáciles,b,s,b,s,internal
620.736002520228,1182.4644149610788,1979.1482848011947,2.6577132841556694,3.239896524655864,3.0323220819952454,5512.820512820513,0.00002867197619860179,620.53775,0.035,0.33653846153846156,0-0-1377-1,a,fcd45f4d-Audio_SP21.v0,group_0,1,fave,126.39621790150325,78.36011747260935,7,fáciles,"",0.08000000000004093,bastante,de,f,z,f,z,internal
557.4153640341624,1396.783407994809,2113.979755673627,2.9569435120597074,3.1001881393334974,3.8242255566053593,5153.846153846154,0.00007789994949717483,621.53575,0.031,0.32978723404255317,0-0-1379-9,a,fcd45f4d-Audio_SP21.v0,group_0,1,fave,201.88175712363716,72.91534218521038,7,realizarla,"",0.07000000000005002,de,[silence],l,#,l,.,final
495.003709148185,1414.3679516498598,2045.913170094052,2.5902185149996986,2.723641426156433,3.4269726575500195,5512.820512820513,9.742865105282177e-6,631.82375,0.027000000000000003,0.32142857142857145,0-0-1414-6,a,fcd45f4d-Audio_SP21.v0,group_0,1,fave,124.78835284077343,80.0872487314323,7,implica,"",0.06000000000005912,no,ningún,k,#,k,n,final
572.6004668390688,1321.6369137102142,1903.3166721534653,3.7548093345655724,3.3134946768885607,3.801457773773685,4794.871794871795,0.0014152098361323447,637.85775,0.035,0.3365384615384616,0-0-1436-1,a,fcd45f4d-Audio_SP21.v0,group_0,1,fave,117.66322008901055,70.10721984081972,7,las,"",0.07999999999992724,hago,tareas,l,s,l,s,internal
556.7924071612991,1370.8015256043539,2041.867357957857,2.7668742225338763,2.873821398528457,3.8311376185679844,5512.820512820513,0.000028104474692358376,638.02575,0.031,0.32978723404255317,0-0-1437-1,a,fcd45f4d-Audio_SP21.v0,group_0,1,fave,103.9332278842276,74.81813268174082,7,tareas,"",0.07000000000005002,las,este,t,R,t,R,internal
513.2098265997389,1354.7767565976728,2459.6336343348307,3.178170213782885,3.8716222581251682,4.323646830381726,5153.846153846154,0.0002547295687597116,643.90575,0.031,0.32978723404255317,0-0-1457-3,a,fcd45f4d-Audio_SP21.v0,group_0,1,fave,114.30401323208332,72.17485458338751,7,muchas,"",0.07000000000005002,hay,tareas,h,s,h,s,internal
558.5140648121078,1383.9879100010767,2051.389559929483,2.814211725212798,3.0675146812353598,4.1184170181685475,5512.820512820513,0.000013671638447965797,644.06575,0.031,0.32978723404255317,0-0-1458-1,a,fcd45f4d-Audio_SP21.v0,group_0,1,fave,107.96389340578081,77.44598718065288,7,tareas,"",0.07000000000005002,muchas,de,t,R,t,R,internal
563.5801104495831,1597.39928770963,2282.2813725055935,2.7649018180511593,3.12172147027894,3.8142884347368047,5333.333333333333,0.00036551029086725367,644.28375,0.047,0.3263888888888889,0-0-1458-4,a,fcd45f4d-Audio_SP21.v0,group_0,1,fave,102.70030011376124,73.72160951667621,7,tareas,"",0.12000000000000455,muchas,de,é,s,é,s,internal
566.6056009100946,1584.4128855003007,1678.0757624125156,3.1011551461133013,3.6191022747689865,4.155158014270494,3897.4358974358975,0.005610130931490212,645.1777500000001,0.055,0.33536585365853655,0-0-1460-10,a,fcd45f4d-Audio_SP21.v0,group_0,1,fave,109.19703036913505,74.50968531552334,7,criptomonedas,"",0.13999999999998636,de,.,d,s,d,s,internal
623.4345899831499,1482.860267683203,1994.805452588083,3.7123390610933327,3.1027314745173324,4.103365570322249,4794.871794871795,0.001045677300973918,646.66775,0.035,0.3365384615384616,0-0-1468-1,a,fcd45f4d-Audio_SP21.v0,group_0,1,fave,114.24108353914374,71.08960572873829,7,la,"",0.08000000000004093,de,criptomonedas,l,#,l,k,final
611.9200655046765,1431.9636079449472,2113.5139417609644,3.306170060467538,2.778658381142262,4.269359994424394,4794.871794871795,0.0024532847381437822,647.5537499999999,0.10700000000000001,0.3302469135802469,0-0-1469-10,a,fcd45f4d-Audio_SP21.v0,group_0,1,fave,107.88472143847599,74.33389530242776,7,criptomonedas,"",0.2999999999999545,la,este,d,s,d,s,internal
534.3589842463975,1360.651721305241,1804.5377992823528,3.7997285977954176,3.0490712782294347,4.367423019673914,4974.358974358975,0.020284314909214445,648.62975,0.159,0.3354430379746835,0-0-1473-0,a,fcd45f4d-Audio_SP21.v0,group_0,1,fave,103.44201588603646,74.51949375083187,7,a,"",0.4500000000000455,uní,[silence],#,#,i,.,coextensive
570.5412931741565,1349.2978313213998,2280.6227407610404,3.620080226408992,3.8052983133380938,4.13292101040253,5512.820512820513,0.0012593775469430686,650.4377499999999,0.035,0.33653846153846156,0-0-1477-2,a,fcd45f4d-Audio_SP21.v0,group_0,1,fave,139.69765885967738,73.55025891617808,7,una,"",0.08000000000004093,[silence],plataforma,n,#,n,p,final
631.7762215216175,1255.151255836733,1973.9143157852639,4.356315038154716,3.563550825537454,4.37971503240998,5333.333333333333,0.02249885653928902,651.16875,0.037,0.32456140350877194,0-0-1478-9,a,fcd45f4d-Audio_SP21.v0,group_0,1,fave,117.45112053703326,70.77413837215722,7,plataforma,"",0.09000000000003183,una,[silence],m,#,m,.,final
527.1201221693605,1331.7529643776693,1457.2152994209512,3.6600552797591805,2.935803607839346,4.693019491079428,4615.384615384615,0.00004871312004326508,652.05375,0.027000000000000003,0.32142857142857145,0-0-1483-1,a,fcd45f4d-Audio_SP21.v0,group_0,1,fave,108.1002857998703,74.29618358404888,7,navegador,"",0.06000000000005912,un,[silence],n,b,n,b,internal
559.3560369507716,1383.4167873850215,2065.173592450457,2.897151863346548,3.206311729960915,3.92301276236049,5333.333333333333,4.272808460185577e-6,652.29275,0.025,0.33783783783783783,0-0-1483-5,a,fcd45f4d-Audio_SP21.v0,group_0,1,fave,109.12166866809044,77.92222694582841,7,navegador,"",0.05000000000006821,un,[silence],g,d,g,d,internal
587.2255450550091,1489.6104263500763,4297.818832851592,3.8365462554374874,3.0295086229095425,4.098628473574991,6051.282051282051,0.00008339409878850467,653.53275,0.025,0.33783783783783783,0-0-1487-6,a,fcd45f4d-Audio_SP21.v0,group_0,1,fave,112.99415683929362,68.35086272748444,7,empieza,"",0.05000000000006821,también,a,z,#,z,a,final
617.6745225005204,1231.8365624193934,1603.9770683909906,3.4805348415787845,3.3932184377515577,3.795614170101873,4615.384615384615,0.00019649500040036017,653.5907500000001,0.041,0.3306451612903226,0-0-1488-0,a,fcd45f4d-Audio_SP21.v0,group_0,1,fave,112.59766798496268,73.66613996298074,7,a,"",0.09999999999990905,empieza,minar,#,#,a,m,coextensive
580.2057957267631,1171.4532461086753,2041.4171527996707,3.3876175384367877,2.8597902690937467,3.3325640640713976,5512.820512820513,0.000012076991033142922,660.3227499999999,0.025,0.33783783783783783,0-0-1513-3,a,fcd45f4d-Audio_SP21.v0,group_0,1,fave,98.22797416571429,70.86588726495893,7,llama,"",0.05000000000006821,se,Cryptotab,m,#,m,k,final
551.2570779803436,1441.708394626363,2576.2477173153297,3.6298057407282314,3.0268267190683407,4.851445340742582,6230.7692307692305,0.0012258389641925968,661.7377500000001,0.07500000000000001,0.3348214285714286,0-0-1518-2,a,fcd45f4d-Audio_SP21.v0,group_0,1,fave,115.28646617484205,74.6222040567801,7,una,"",0.1999999999999318,es,minería,n,#,n,m,final
551.0087858008534,1208.312798704917,2045.5019805183042,2.43412241436487,2.938465347704662,3.4733012069633364,5333.333333333333,0.00006715903016077434,669.56375,0.027000000000000003,0.32142857142857145,0-0-1534-2,a,fcd45f4d-Audio_SP21.v0,group_0,1,fave,115.52135424643741,79.10303264535212,7,plataformas,"",0.06000000000005912,dos,como,l,t,l,t,internal
570.2219432343699,1186.8579113029557,2133.422710173471,3.6790691748763313,4.310301714822355,4.271653805563358,4615.384615384615,0.048965761166908345,669.69575,0.051000000000000004,0.3311688311688312,0-0-1534-4,a,fcd45f4d-Audio_SP21.v0,group_0,1,fave,142.5139505104755,71.44552829298794,7,plataformas,"",0.12999999999999545,dos,como,t,f,t,f,internal
578.2097554656824,1345.885930958749,1940.4181220166063,2.6127440268688313,3.2009498753131123,3.7336205902813955,5333.333333333333,0.0005682466404848752,672.89275,0.045,0.33582089552238803,0-0-1545-6,a,fcd45f4d-Audio_SP21.v0,group_0,1,fave,148.00998528917336,76.64014071389764,7,Clipclaps,"",0.11000000000001364,y,que,l,p,l,p,internal
533.0846178264283,1307.1411191541606,2000.1718827342156,2.510836936223457,2.6935124190618023,3.2506027462168587,5512.820512820513,0.0000348639455868531,673.62575,0.031,0.32978723404255317,0-0-1548-1,a,fcd45f4d-Audio_SP21.v0,group_0,1,fave,112.70895954380421,79.51101703752705,7,tareas,"",0.06999999999993634,son,que,t,R,t,R,internal
512.5002071520814,1670.882013616736,2452.3512255257774,3.0232472821404985,3.287142967090304,3.926253079104727,5153.846153846154,9.016512966959067e-6,673.79275,0.025,0.33783783783783783,0-0-1548-4,a,fcd45f4d-Audio_SP21.v0,group_0,1,fave,121.07822367116795,75.26126554475005,7,tareas,"",0.05000000000006821,son,que,é,s,é,s,internal
537.4317512695476,1311.4058293476373,1946.2203830695612,2.8268054137359924,2.879624343159683,3.0957975610760164,5512.820512820513,0.000055469621362056006,674.38575,0.031,0.32978723404255317,0-0-1550-5,a,fcd45f4d-Audio_SP21.v0,group_0,1,fave,110.47718368187181,73.45945487749184,7,colocan,"",0.07000000000005002,que,allí,k,n,k,n,internal
650.8879528278325,1481.1651603276284,2368.616796922088,3.4912039442940648,2.7611080773064463,3.8873369507171263,5512.820512820513,0.00009711519225438015,675.70775,0.035,0.33653846153846156,0-0-1554-1,a,fcd45f4d-Audio_SP21.v0,group_0,1,fave,113.88801363921465,76.60780397183335,7,las,"",0.07999999999992724,[silence],he,l,s,l,s,internal
554.4390672917459,1030.6524785175297,1982.2143672172372,2.672518412860325,2.8243760983203,3.390553434255323,5512.820512820513,0.00005619397573776006,679.50275,0.045,0.33582089552238803,0-0-1566-8,a,fcd45f4d-Audio_SP21.v0,group_0,1,fave,124.85105143809176,77.77127766396742,7,realizaba,"",0.11000000000001364,antes,unas,b,#,b,ú,final
593.6429101090102,1258.535694581125,4256.523750248509,3.822380221116996,2.8256663073496657,4.347680681901988,6948.717948717948,0.001093526315614012,679.75575,0.031,0.32978723404255317,0-0-1567-2,a,fcd45f4d-Audio_SP21.v0,group_0,1,fave,137.50788383985275,68.60804917507191,7,unas,"",0.06999999999993634,realizaba,tareas,n,s,n,s,internal
570.392535961763,1314.0921232798435,2104.8755187273896,2.6852675351707753,3.3027110121373653,4.0566154513032835,5512.820512820513,0.0003496550347716291,679.91775,0.035,0.33653846153846156,0-0-1568-1,a,fcd45f4d-Audio_SP21.v0,group_0,1,fave,NaN,75.68688569407371,7,tareas,"",0.08000000000004093,unas,que,t,R,t,R,internal
495.08150182685165,1778.6612667554073,2475.377550100412,2.8888677549091266,3.279146248400732,3.4144423016583096,4974.358974358975,0.000057239664742274,680.13775,0.035,0.33653846153846156,0-0-1568-4,a,fcd45f4d-Audio_SP21.v0,group_0,1,fave,122.45743582782004,74.50059540653658,7,tareas,"",0.08000000000004093,unas,que,é,s,é,s,internal
579.2824611292591,1270.027142508068,4186.374060253938,3.2336970173847814,3.5618628735632063,4.198813235111993,8743.589743589742,0.002566238451019582,687.37575,0.031,0.32978723404255317,0-0-1593-1,a,fcd45f4d-Audio_SP21.v0,group_0,1,fave,139.33449095830272,75.37428249977852,7,la,"",0.06999999999993634,mejoraron,página,l,#,l,p,final
526.921673114858,1356.5875367557876,2204.7588830122922,2.5626442786331736,2.839979969045479,4.2538859082900675,5512.820512820513,0.00021709876063126502,690.5857500000001,0.031,0.32978723404255317,0-0-1606-1,a,fcd45f4d-Audio_SP21.v0,group_0,1,fave,527.7389203127108,74.30914999711841,7,tareas,"",0.06999999999993634,de,ahora,t,R,t,R,internal
514.0093985027571,1621.6272523105981,2344.199026513177,2.6143120068826393,3.2988822483630127,3.8290181699474974,5512.820512820513,0.00014879133207614166,690.7337500000001,0.027000000000000003,0.32142857142857145,0-0-1606-4,a,fcd45f4d-Audio_SP21.v0,group_0,1,fave,535.0004887353797,77.6309559078204,7,tareas,"",0.05999999999994543,de,ahora,é,s,é,s,internal
632.08777724104,1233.6144899397088,2011.7497564704508,3.181643873234974,3.1060362517655453,3.132876117646971,5692.3076923076915,0.00019465139010732644,690.82575,0.031,0.32978723404255317,0-0-1607-0,a,fcd45f4d-Audio_SP21.v0,group_0,1,fave,-2.578518881860965,73.44901612302237,7,ahora,"",0.07000000000005002,tareas,.,#,ó,s,ó,initial
522.7363987737901,1438.9307885241103,1994.072082988133,2.6530327661888715,2.8300741249234354,4.428102063774221,4974.358974358975,0.00018067369550277225,706.53375,0.027000000000000003,0.32142857142857145,0-0-1629-4,a,fcd45f4d-Audio_SP21.v0,group_0,1,fave,148.09120861039054,74.9276975605461,7,única,"",0.06000000000005912,la,tarea,k,#,k,t,final
522.5375824221637,1424.1634328253056,2172.3114325472025,2.4380085372680322,2.816054569568871,4.354535289627845,5333.333333333333,0.000014576072788734926,706.67375,0.027000000000000003,0.32142857142857145,0-0-1630-1,a,fcd45f4d-Audio_SP21.v0,group_0,1,fave,122.48176388357888,77.31449191506637,7,tarea,"",0.06000000000005912,única,[silence],t,R,t,R,internal
511.9432722436907,1558.5665826650268,2558.180675865188,2.661883768909612,3.286412329504873,4.147228741075419,5512.820512820513,0.000011138702279830193,706.91575,0.031,0.32978723404255317,0-0-1630-4,a,fcd45f4d-Audio_SP21.v0,group_0,1,fave,144.31781604256685,71.50451201421295,7,tarea,"",0.07000000000005002,única,[silence],é,#,é,.,final
525.8546968180855,1149.1440133575425,1959.9370422180223,3.475901002990331,2.9612821786581143,3.9742498267274073,5512.820512820513,0.000029127419628008042,709.57375,0.027000000000000003,0.32142857142857145,0-0-1641-0,a,fcd45f4d-Audio_SP21.v0,group_0,1,fave,114.18989293521594,76.90367099252525,7,alguna,"",0.06000000000005912,con,[silence],#,l,n,l,initial
583.2413293440555,1435.6159411764902,2458.332492669369,3.6151600119357896,2.784790160441458,4.727961186699848,5153.846153846154,0.004170806038479069,709.9927499999999,0.125,0.3342245989304812,0-0-1641-5,a,fcd45f4d-Audio_SP21.v0,group_0,1,fave,118.69639204955863,76.18324544551828,7,alguna,"",0.35000000000002274,con,[silence],n,#,n,.,final
511.6423623483346,1573.0675534727116,2188.126673286657,2.4963558806673896,3.2166089938493503,3.4558162896132556,5512.820512820513,0.0001792991557476662,712.65775,0.035,0.33653846153846156,0-0-1652-3,a,fcd45f4d-Audio_SP21.v0,group_0,1,fave,111.12997233392304,79.70376010991953,7,había,"",0.08000000000004093,me,pasado,i,#,i,p,final
568.0107120266873,1398.7863970281992,2131.37477033332,2.804190169361714,2.7451691764119412,3.3760076152075666,5512.820512820513,0.0001650437117371653,714.2257500000001,0.031,0.32978723404255317,0-0-1658-1,a,fcd45f4d-Audio_SP21.v0,group_0,1,fave,128.05264270209557,77.11415227532106,7,la,"",0.06999999999993634,es,tarea,l,#,l,t,final
537.6534786864728,1369.6614861303592,2070.205261593263,2.628362733855644,2.7803960572619735,3.9078639771825774,5512.820512820513,0.000024505757284837303,714.3457500000001,0.031,0.32978723404255317,0-0-1659-1,a,fcd45f4d-Audio_SP21.v0,group_0,1,fave,132.60933055286748,78.99159162989854,7,tarea,"",0.06999999999993634,la,que,t,R,t,R,internal
503.5907023806031,1706.4166705346029,2374.3487982392185,2.3492633448061215,2.523305467702397,3.3503634517739638,5512.820512820513,0.00004010393102193964,714.53575,0.031,0.32978723404255317,0-0-1659-4,a,fcd45f4d-Audio_SP21.v0,group_0,1,fave,120.13104779042165,80.88319474129366,7,tarea,"",0.07000000000005002,la,que,é,#,é,k,final
539.3121553842564,1331.384050451027,1995.9791573330522,2.79422506325139,3.5123094393334293,4.105689524266683,5153.846153846154,0.00013845239068561576,720.4837500000001,0.027000000000000003,0.32142857142857145,0-0-1677-1,a,fcd45f4d-Audio_SP21.v0,group_0,1,fave,153.89010098947412,75.45676140632746,7,la,"",0.05999999999994543,acepté,tarea,l,#,l,t,final
535.3461792714701,1369.4025588624554,2114.0756869051784,2.569992732881953,2.798904402357386,4.551789994306148,5153.846153846154,0.0008325150653287573,720.6057500000001,0.031,0.32978723404255317,0-0-1678-1,a,fcd45f4d-Audio_SP21.v0,group_0,1,fave,77.00503683225055,73.50443402754242,7,tarea,"",0.06999999999993634,la,[silence],t,R,t,R,internal
588.465964904684,1517.2395416598508,3540.3228097819197,3.5804682576215425,3.4445958441638718,3.377967692393926,7128.205128205128,0.00044423697275912676,720.88075,0.061000000000000006,0.3315217391304348,0-0-1678-4,a,fcd45f4d-Audio_SP21.v0,group_0,1,fave,147.66816023934297,73.16893774051039,7,tarea,"",0.15999999999996817,la,[silence],é,#,é,.,final
599.6279423221188,1053.8988416596794,1932.211569668681,2.9006243773475817,3.303027077360688,4.31387868389138,5153.846153846154,0.00015946174468862146,725.3177499999999,0.035,0.3365384615384616,0-0-1694-4,a,fcd45f4d-Audio_SP21.v0,group_0,1,fave,144.8400435408332,75.80907486966078,7,trabajador,"",0.08000000000004093,de,[silence],b,x,b,x,internal
555.2856712606684,1339.1834856291534,2128.686600794123,2.597842310501099,3.110433158112116,3.1404858199656203,5512.820512820513,0.00007013090512681686,731.36575,0.031,0.32978723404255317,0-0-1712-1,a,fcd45f4d-Audio_SP21.v0,group_0,1,fave,121.09659572286334,78.21408288917077,7,la,"",0.06999999999993634,esta,tarea,l,#,l,t,final
566.4409966997385,1395.3396935923702,2120.919086591054,2.7670777380913223,2.7909347363646817,3.677658425890193,5333.333333333333,0.00014925008051917108,731.49575,0.031,0.32978723404255317,0-0-1713-1,a,fcd45f4d-Audio_SP21.v0,group_0,1,fave,139.07659124306534,78.5692758114166,7,tarea,"",0.06999999999993634,la,que,t,R,t,R,internal
533.294413937753,1643.7163975523229,2213.282480401507,2.5173321137809035,2.5657607964004723,3.5036331458155088,5512.820512820513,0.00009938918146694533,731.68575,0.031,0.32978723404255317,0-0-1713-4,a,fcd45f4d-Audio_SP21.v0,group_0,1,fave,124.20313209280835,79.75395384675654,7,tarea,"",0.07000000000005002,la,que,é,#,é,k,final
561.5262365023366,1380.3359276222125,2267.2998829745584,2.86649031437967,3.1423903135687983,4.119955691294478,5512.820512820513,0.000015237712581112982,732.2437500000001,0.027000000000000003,0.32142857142857145,0-0-1717-0,a,fcd45f4d-Audio_SP21.v0,group_0,1,fave,117.48345468770232,76.45293531669334,7,ha,"",0.05999999999994543,me,parecido,#,#,e,p,coextensive
515.8130762150837,1536.7605249257551,2207.9289662880897,2.581782675233784,3.266645274352267,3.206382541628557,5333.333333333333,0.00004646393301251149,735.17375,0.027000000000000003,0.32142857142857145,0-0-1726-3,a,fcd45f4d-Audio_SP21.v0,group_0,1,fave,133.68258529694538,80.6018332214966,7,había,"",0.06000000000005912,me,pasado,i,#,i,p,final
544.4571886756474,1516.4963969329337,2055.081946968955,2.604138126615787,3.1868831405333182,4.620898039416767,4974.358974358975,0.0000252004093351703,745.6137500000001,0.027000000000000003,0.32142857142857145,0-0-1735-1,a,fcd45f4d-Audio_SP21.v0,group_0,1,fave,160.86941501409112,80.30395972767246,7,tareas,"",0.05999999999994543,hay,que,t,R,t,R,internal
492.33931196834624,1718.0873953409405,2397.8184028732107,3.2972792180972768,3.0145819628103085,4.486369058300469,5512.820512820513,0.000029927919402226193,745.80275,0.025,0.33783783783783783,0-0-1735-4,a,fcd45f4d-Audio_SP21.v0,group_0,1,fave,168.15462095234892,72.30637797543285,7,tareas,"",0.05000000000006821,hay,que,é,s,é,s,internal
529.5706625034964,1399.1867899484646,1973.3019557002376,3.071067874242476,2.851312450868192,2.95474976503381,5512.820512820513,0.0009963952050242254,746.87775,0.035,0.33653846153846156,0-0-1739-7,a,fcd45f4d-Audio_SP21.v0,group_0,1,fave,NaN,71.91808265801988,7,complican,"",0.08000000000004093,me,al,k,n,k,n,internal
582.650140075313,1348.7672056942247,1814.2981156509638,3.319171287079993,3.372012210869692,4.373974628932437,5871.794871794871,0.0005542095695319524,747.1187500000001,0.037000000000000005,0.324561403508772,0-0-1741-0,a,fcd45f4d-Audio_SP21.v0,group_0,1,fave,114.47737030436232,69.52389755739974,7,hacer,"",0.09000000000003183,al,[silence],#,z,l,z,initial
548.3294794590622,1516.0065098515058,2586.9848325030157,4.17841839584307,3.1256440874994054,3.82748273384469,5512.820512820513,0.015987322250957073,750.9687500000001,0.037000000000000005,0.324561403508772,0-0-1747-2,a,fcd45f4d-Audio_SP21.v0,group_0,1,fave,116.38565253855387,73.23524036072624,7,unas,"",0.08999999999991815,%%,una,n,s,n,s,internal
572.7139031871133,1296.25682213018,2018.097230071715,3.1527422548743984,3.2882505375419013,3.9131980462989113,4794.871794871795,0.00020698576179435993,751.29575,0.031,0.32978723404255317,0-0-1748-2,a,fcd45f4d-Audio_SP21.v0,group_0,1,fave,114.41678307916051,74.8576946815376,7,una,"",0.07000000000005002,unas,plataforma,n,#,n,p,final
583.2591663967121,1261.2710653737895,1745.6751707794988,3.4983119127493025,3.26470151777481,4.5616643923073275,5333.333333333333,0.002713268223163976,752.01575,0.11100000000000002,0.3323353293413173,0-0-1749-9,a,fcd45f4d-Audio_SP21.v0,group_0,1,fave,109.22516264557845,73.23938033804298,7,plataforma,"",0.30999999999994543,una,que,m,#,m,k,final
599.2628037775927,1352.0081244147757,1902.6931368967769,3.2719330535635813,3.329786044543667,3.7613752304926455,5333.333333333333,0.00002941274896757689,756.9937500000001,0.027000000000000003,0.32142857142857145,0-0-1771-1,a,fcd45f4d-Audio_SP21.v0,group_0,1,fave,144.1400691499038,77.44894367054717,7,las,"",0.05999999999994543,no,entiendo,l,s,l,s,internal
573.5666144970943,1163.6917523055363,1979.6392127641504,3.3208298332955217,3.3245953283982956,3.217244284216521,5153.846153846154,0.00002851801913992676,757.68375,0.027000000000000003,0.32142857142857145,0-0-1775-1,a,fcd45f4d-Audio_SP21.v0,group_0,1,fave,112.63456872438512,75.07473959513992,7,las,"",0.06000000000005912,no,realizo,l,s,l,s,internal
592.2837022401558,1347.0494239177506,2091.1610098660326,2.4715543157517748,2.9295484066929895,3.69768540360491,5512.820512820513,8.954672276811256e-6,780.1927499999999,0.025,0.33783783783783783,0-0-1819-1,a,fcd45f4d-Audio_SP21.v0,group_0,1,fave,109.99005952282482,75.75997643390815,7,la,"",0.05000000000006821,tenga,persona,l,#,l,p,final
532.5518525651756,1232.370342483617,2047.079882874004,3.7354912276906416,3.5310678048650956,4.17402971787117,5512.820512820513,0.0483554250958893,781.4587500000001,0.037000000000000005,0.324561403508772,0-0-1824-1,a,fcd45f4d-Audio_SP21.v0,group_0,1,fave,104.64361327562307,66.75617193661243,7,la,"",0.08999999999991815,tenga,persona,l,#,l,p,final
589.1505117413253,1206.9879308588904,1839.7478897251945,3.144451713655333,2.856924646532445,4.196561703550108,5333.333333333333,0.00005150647918716429,781.87575,0.031,0.32978723404255317,0-0-1825-6,a,fcd45f4d-Audio_SP21.v0,group_0,1,fave,117.97036603163116,71.2004953577846,7,persona,"",0.06999999999993634,la,tiene,n,#,n,t,final
584.0648961997979,1584.1240102014078,2027.1048260489795,3.2856819695740342,3.5584365348057134,4.306895525376234,5512.820512820513,0.00006392179291188607,785.3487500000001,0.037000000000000005,0.324561403508772,0-0-1837-1,a,fcd45f4d-Audio_SP21.v0,group_0,1,fave,104.76009522881411,75.88125131220275,7,ganar,"",0.08999999999991815,de,[silence],g,n,g,n,internal
577.2079330695022,1341.4306552164223,2134.803396695915,3.0162611032248905,3.1473947386093544,3.7094957884045896,4794.871794871795,0.00046262397999158924,790.79575,0.031,0.32978723404255317,0-0-1847-0,a,fcd45f4d-Audio_SP21.v0,group_0,1,fave,175.67604362689275,71.28265367246456,7,a,"",0.07000000000005002,Este,veces,#,#,é,b,coextensive
671.4006584142269,1300.6578636552565,1999.1691862092698,3.253691632800566,2.915548836722012,4.236291178014756,5333.333333333333,0.0000497682056542575,792.8737500000001,0.027000000000000003,0.32142857142857145,0-0-1851-1,a,fcd45f4d-Audio_SP21.v0,group_0,1,fave,121.45584971109709,78.0097913286986,7,mayoría,"",0.05999999999994543,la,de,m,y,m,y,internal
607.6101983101064,1062.955814118904,1986.914190209112,3.5445248459244585,3.2679994658836984,4.311146628894882,5153.846153846154,0.00022924852102428666,796.2057500000001,0.031,0.32978723404255317,0-0-1868-0,a,fcd45f4d-Audio_SP21.v0,group_0,1,fave,107.33699160974315,74.03490443123027,7,acepto,"",0.06999999999993634,no,tareas,#,z,ó,z,initial
536.3653041375386,1350.8825693892634,2042.1498789102432,2.398446303427461,2.8544651980522295,3.6198653017511044,5512.820512820513,3.6375619420912554e-6,796.69375,0.027000000000000003,0.32142857142857145,0-0-1869-1,a,fcd45f4d-Audio_SP21.v0,group_0,1,fave,113.31047925112485,75.6731749615739,7,tareas,"",0.06000000000005912,acepto,que,t,R,t,R,internal
526.5338263678336,1499.6654681558546,2215.127043757483,3.4333952244839403,3.3238653671196636,4.564697019970912,4974.358974358975,9.193068350823267e-6,797.1927499999999,0.025,0.33783783783783783,0-0-1871-4,a,fcd45f4d-Audio_SP21.v0,group_0,1,fave,104.25364077746609,72.29963628217477,7,tengan,"",0.05000000000006821,que,nada,g,n,g,n,internal
609.2623629772227,1396.0939193925722,1781.9687069735944,3.1350609818465367,2.5448445979564207,4.097409799153023,4974.358974358975,0.00007984009806002682,797.4737500000001,0.027000000000000003,0.32142857142857145,0-0-1872-3,a,fcd45f4d-Audio_SP21.v0,group_0,1,fave,109.56392106620815,73.56909442652676,7,nada,"",0.05999999999994543,tengan,que,d,#,d,k,final
616.8639894860494,1173.7813630355668,4348.318821197015,3.6969111005093405,2.9936839487912326,3.9386135295264246,6230.7692307692305,0.0034029271608213003,798.43075,0.041,0.3306451612903226,0-0-1876-0,a,fcd45f4d-Audio_SP21.v0,group_0,1,fave,199.53959642655963,66.69167262619565,7,a,"",0.10000000000002274,con,veces,#,#,n,b,coextensive
569.7023897677731,1211.8139480306058,1870.6028898539867,2.957947248975867,3.3583884725329245,3.528362836628143,5153.846153846154,0.00025095222660343223,799.1137500000001,0.047,0.3263888888888889,0-0-1878-5,a,fcd45f4d-Audio_SP21.v0,group_0,1,fave,104.59377972361558,73.98416358883644,7,colocan,"",0.12000000000000455,veces,[silence],k,n,k,n,internal
599.216786608182,1333.761617542945,2009.2978448788942,2.9854538403603583,3.2953981089982234,3.4917562583734463,5153.846153846154,0.0007247047307621893,802.44275,0.08499999999999999,0.33464566929133854,0-0-1883-3,a,fcd45f4d-Audio_SP21.v0,group_0,1,fave,117.62705592103488,75.94971848137457,7,cosas,"",0.2300000000000182,[silence],que,s,s,s,s,internal
544.4803830529207,1393.6681374389957,2015.6615842026756,2.831394888644317,3.3382538952797534,4.081724369723765,5512.820512820513,0.0005839804109141662,806.36575,0.031,0.32978723404255317,0-0-1898-1,a,fcd45f4d-Audio_SP21.v0,group_0,1,fave,166.75298866117527,76.68275857851016,7,tareas,"",0.06999999999993634,de,porque,t,R,t,R,internal
547.8017907922323,1449.6590149118526,2497.8828059427915,2.4976486660984945,3.2071380655726602,4.459221019390838,5153.846153846154,0.0000529839507655532,806.54375,0.027000000000000003,0.32142857142857145,0-0-1898-4,a,fcd45f4d-Audio_SP21.v0,group_0,1,fave,181.5099609621861,78.11700968748555,7,tareas,"",0.06000000000005912,de,porque,é,s,é,s,internal
594.273276444818,1337.8988716526203,1860.1860451307796,2.7494807963375623,2.6603745249167425,3.6376931478184944,5512.820512820513,0.00001551230712134446,807.30375,0.027000000000000003,0.32142857142857145,0-0-1900-8,a,fcd45f4d-Audio_SP21.v0,group_0,1,fave,131.2339017013493,76.03386880015903,7,involucran,"",0.06000000000005912,porque,a,R,n,R,n,internal
614.3621203812122,1293.491645288673,1770.4838006297637,3.0695494021731644,2.9889549257654546,3.8158008696001775,4794.871794871795,0.000027288065204839124,807.3937500000001,0.027000000000000003,0.32142857142857145,0-0-1901-0,a,fcd45f4d-Audio_SP21.v0,group_0,1,fave,126.78399237360556,74.60017540209726,7,a,"",0.06000000000005912,involucran,uno,#,#,n,ú,coextensive
582.2855654473055,1336.0047762415277,1962.0996111027941,2.8135584703923393,2.9796475512068845,3.640911564076912,5333.333333333333,0.0019304667773660644,808.58975,0.119,0.3361581920903954,0-0-1905-5,a,fcd45f4d-Audio_SP21.v0,group_0,1,fave,122.37832504265546,76.56062031668682,7,cuentas,"",0.3300000000000409,sus,de,t,s,t,s,internal
546.391235557838,1443.1831049510374,2332.1736648466403,2.9112819883332017,3.1894151631491927,3.627082755809578,5512.820512820513,0.00004559111792172546,811.8687500000001,0.037000000000000005,0.324561403508772,0-0-1915-4,a,fcd45f4d-Audio_SP21.v0,group_0,1,fave,104.18519656522683,75.1692424842777,7,Instagram,"",0.09000000000003183,de,de,t,g,t,g,internal
584.1049476258513,1266.8140995307813,2182.368263062821,3.430876004140328,3.468422356633615,3.718011412743428,5512.820512820513,0.00004924394272699497,816.91375,0.027000000000000003,0.32142857142857145,0-0-1933-1,a,fcd45f4d-Audio_SP21.v0,group_0,1,fave,108.33621833857333,73.37810963677467,7,las,"",0.06000000000005912,Tampoco,realizo,l,s,l,s,internal
688.6519982519344,1393.4582321710973,1975.1994489934425,3.1142803771306156,2.658560175726509,3.8995994222461756,5512.820512820513,0.000041248999234067216,832.41275,0.025,0.33783783783783783,0-0-1962-0,a,fcd45f4d-Audio_SP21.v0,group_0,1,fave,NaN,68.41325274624883,7,al,"",0.05000000000006821,[silence],principio,#,l,.,l,initial
444.14728482105323,1746.8595345187748,2389.6889251970365,2.6236242046962226,3.196462056982893,3.654107850378018,5512.820512820513,0.00034698410250895916,835.0287500000001,0.037000000000000005,0.324561403508772,0-0-1968-4,a,fcd45f4d-Audio_SP21.v0,group_0,1,fave,104.2249998212797,72.66605134042034,7,decía,"",0.09000000000003183,que,que,i,#,i,k,final
587.9819962885136,1359.0183147507412,1910.1290515831497,2.8095936236932424,2.790632454695673,2.812982409977219,5512.820512820513,0.00008449540289750352,836.27075,0.041,0.3306451612903226,0-0-1971-2,a,fcd45f4d-Audio_SP21.v0,group_0,1,fave,110.71506144999425,74.9163855826924,7,eran,"",0.10000000000002274,[silence],[silence],R,n,R,n,internal
591.6610624905658,1391.0461541321554,2020.2889187970827,2.936003191164038,2.7650106544457995,3.715100295088789,5512.820512820513,0.00020492261713627192,837.31875,0.057,0.32758620689655177,0-0-1976-1,a,fcd45f4d-Audio_SP21.v0,group_0,1,fave,117.29037872251354,75.96435349914283,7,la,"",0.15000000000009095,leí,las,l,#,l,l,final
634.0102861223245,1343.8597817909629,1940.014885708252,2.7827993428997297,3.3552216247525974,3.8960987821005157,5512.820512820513,0.000020980718784890595,837.53575,0.031,0.32978723404255317,0-0-1977-1,a,fcd45f4d-Audio_SP21.v0,group_0,1,fave,126.15387016553241,77.02146710041023,7,las,"",0.07000000000005002,la,condiciones,l,s,l,s,internal
503.82880055240963,1296.192411818616,2296.0102778349383,2.388588692926544,2.9835117381996312,3.243455162596832,5692.3076923076915,7.220961837868218e-6,841.55275,0.025,0.33783783783783783,0-0-1988-5,a,fcd45f4d-Audio_SP21.v0,group_0,1,fave,160.7816093878215,80.44675264864024,7,cédula,"",0.05000000000006821,su,",",l,#,l,.,final
593.7366162217788,1357.2098698748098,2350.4320712257336,3.5445286765677086,2.9021666182768846,3.7449528521610143,5333.333333333333,0.000043254865308316566,842.18375,0.027000000000000003,0.32142857142857145,0-0-1994-0,a,fcd45f4d-Audio_SP21.v0,group_0,1,fave,108.95376261494864,75.13466500924878,7,a,"",0.06000000000005912,van,realizar,#,#,n,r,coextensive
510.1320899936599,1239.9004898562857,3468.8830098488147,3.5543171867131806,3.3761600310543245,4.050393391733196,5692.3076923076915,0.00040492749853796603,844.5857500000001,0.031,0.32978723404255317,0-0-2007-3,a,fcd45f4d-Audio_SP21.v0,group_0,1,fave,143.56476809283626,71.66340222718698,7,pasaporte,"",0.06999999999993634,su,.,s,p,s,p,internal
461.89561321441056,1763.127118015291,2425.539486720334,2.372014112028954,3.500404381690866,3.6408476139043215,4794.871794871795,0.00003430852896482838,846.7257500000001,0.031,0.32978723404255317,0-0-2013-0,a,fcd45f4d-Audio_SP21.v0,group_0,1,fave,113.76462468807121,78.16669244925656,7,abrir,"",0.06999999999993634,preferí,otras,#,b,i,b,initial
547.8958380534517,1227.0171948504105,2293.010453994149,2.9362023580213807,3.163435106226784,4.623704139233066,5153.846153846154,0.0009255064485416162,847.67775,0.035,0.3365384615384616,0-0-2015-5,a,fcd45f4d-Audio_SP21.v0,group_0,1,fave,421.35682213667076,65.75419376242061,7,cuentas,"",0.08000000000004093,otras,a,t,s,t,s,internal
569.5807113212456,1353.9174593648638,2055.500784474258,3.6108985092917547,3.4404758716176804,2.999459735517888,5692.3076923076915,0.00006710831396663307,849.6927499999999,0.025,0.33783783783783783,0-0-2023-0,a,fcd45f4d-Audio_SP21.v0,group_0,1,fave,107.02644247732819,69.44436289837678,7,hacer,"",0.05000000000006821,para,ese,#,z,a,z,initial
585.5510958275985,1345.1120448093964,2340.236200039282,2.846734961697657,3.0779162378899936,4.265271195669288,5512.820512820513,0.000058851496643921554,850.49575,0.031,0.32978723404255317,0-0-2027-1,a,fcd45f4d-Audio_SP21.v0,group_0,1,fave,100.98081877248632,77.85555065749857,7,tareas,"",0.06999999999993634,de,.,t,R,t,R,internal
579.5894610622946,1320.4585704907329,1810.0405416389501,3.0374442184173396,2.930797289429429,3.8709925839329364,5153.846153846154,0.000021218517937497838,872.67275,0.025,0.33783783783783783,0-0-2067-1,a,fcd45f4d-Audio_SP21.v0,group_0,1,fave,126.78861586610621,72.59945382713681,7,las,"",0.05000000000006821,en,mañana,l,s,l,s,internal
665.2681237077467,1398.298731241954,3907.094399445482,3.9919136671019553,2.5556910358465457,4.504851113371745,6051.282051282051,0.00372257458498792,873.2237500000001,0.047,0.3263888888888889,0-0-2068-5,a,fcd45f4d-Audio_SP21.v0,group_0,1,fave,148.16904646776325,65.96233255753233,7,mañana,"",0.12000000000000455,las,[silence],n,#,n,.,final
485.6176545877595,1701.512225509964,2422.3991968047285,2.63132962016459,3.3357679705979653,3.572168319440373,5512.820512820513,0.0004302868501608649,878.50775,0.035,0.33653846153846156,0-0-2082-4,a,fcd45f4d-Audio_SP21.v0,group_0,1,fave,104.97654710862835,80.54157687811852,7,media,"",0.08000000000004093,si,hora,i,#,i,ó,final
599.4952874152374,1282.2239475190545,1817.0026340546685,2.913922967626386,3.1475764362262306,4.002064932212685,5333.333333333333,0.013914198052806246,878.97275,0.10500000000000001,0.3343949044585987,0-0-2083-2,a,fcd45f4d-Audio_SP21.v0,group_0,1,fave,127.15507620301307,70.97106545943375,7,hora,"",0.2900000000000773,media,[silence],R,#,R,.,final
580.1587634337627,1408.4757513943366,2514.729770880798,3.8670111318109868,2.3632949144377924,3.4137414299954876,5871.794871794871,0.000012935412806985381,880.17275,0.025,0.33783783783783783,0-0-2087-1,a,fcd45f4d-Audio_SP21.v0,group_0,1,fave,106.18346314013431,75.43517717604993,7,la,"",0.05000000000006821,en,noche,l,#,l,n,final
592.159772876946,1182.6264910206412,1863.9514340097114,2.561526894416038,3.046613672511223,2.7963073160812213,5512.820512820513,0.0001024680890766552,880.64075,0.041,0.3306451612903226,0-0-2089-2,a,fcd45f4d-Audio_SP21.v0,group_0,1,fave,102.92735824913498,78.16010959323042,7,trabajo,"",0.10000000000002274,noche,más,R,b,R,b,internal
566.8907123726199,1343.447914616982,2139.4042552705077,3.05073603895926,2.962283573550778,3.4469917446454947,5153.846153846154,0.00003120038848900587,882.92875,0.037000000000000005,0.324561403508772,0-0-2098-2,a,fcd45f4d-Audio_SP21.v0,group_0,1,fave,151.0827203488633,72.20345988427148,7,hora,"",0.09000000000003183,[silence],.,R,#,R,.,final
519.5499622529536,1341.5218924783069,2201.862106557855,2.715211091417633,2.442198113031166,4.032977541521458,5512.820512820513,0.00008950256722938202,884.67575,0.031,0.32978723404255317,0-0-2103-1,a,fcd45f4d-Audio_SP21.v0,group_0,1,fave,133.84004568474188,74.77858884415137,7,tareas,"",0.07000000000005002,siempre,porque,t,R,t,R,internal
524.1744331920362,1377.9500095971869,2170.8565645754793,2.523991514115052,2.9132950318839614,4.060545546903194,4974.358974358975,0.0000819961748791505,885.9037500000001,0.027000000000000003,0.32142857142857145,0-0-2110-1,a,fcd45f4d-Audio_SP21.v0,group_0,1,fave,526.6630946656525,70.74819166615072,7,tareas,"",0.06000000000005912,ponen,y,t,R,t,R,internal
580.7385897359221,1543.6038027220618,2117.264777844631,4.048105780090219,3.3357926660979182,4.448841579652712,5333.333333333333,0.04555657667753227,886.29075,0.061000000000000006,0.3315217391304348,0-0-2112-1,a,fcd45f4d-Audio_SP21.v0,group_0,1,fave,115.57037220973032,65.38363915371995,7,las,"",0.15999999999996817,y,tareas,l,s,l,s,internal
569.6040849573526,1363.063448219346,2201.9787420949056,2.6040165052066597,2.83449211493867,3.1662909369222443,5512.820512820513,8.976155145174094e-6,886.54375,0.027000000000000003,0.32142857142857145,0-0-2113-1,a,fcd45f4d-Audio_SP21.v0,group_0,1,fave,111.87597698726972,77.12897165304568,7,tareas,"",0.06000000000005912,las,oscilan,t,R,t,R,internal
551.2046626695571,1400.2066568495661,1802.7692034820334,3.350688889715501,3.047693137714844,3.9477573911108848,4435.897435897436,0.0014015403680784355,887.19575,0.031,0.32978723404255317,0-0-2114-5,a,fcd45f4d-Audio_SP21.v0,group_0,1,fave,154.66568378685815,69.88348864713953,7,oscilan,"",0.07000000000005002,tareas,entre,l,n,l,n,internal
670.5373933887006,1306.1389283563033,3857.5385247483946,4.327088727593022,3.018894487671839,3.2070613756019504,7128.205128205128,0.0017713398887203716,892.51775,0.035,0.33653846153846156,0-0-2131-1,a,fcd45f4d-Audio_SP21.v0,group_0,1,fave,105.19830011833245,64.76375185325743,7,la,"",0.08000000000004093,realizando,tarea,l,#,l,t,final
558.6303998124429,1277.451297988329,2091.6948146356003,2.604998704124452,3.0038781740005245,3.9823940816385948,5333.333333333333,0.00007371058677111284,892.6537500000001,0.027000000000000003,0.32142857142857145,0-0-2132-1,a,fcd45f4d-Audio_SP21.v0,group_0,1,fave,378.27863761972566,72.45500271843021,7,tarea,"",0.06000000000005912,la,.,t,R,t,R,internal
561.22728094501,1437.0882223636788,1996.9550398935382,2.6343297799057206,3.148269226512232,3.6040078375471354,5512.820512820513,0.00005613818764620813,900.02775,0.035,0.33653846153846156,0-0-2136-1,a,fcd45f4d-Audio_SP21.v0,group_0,1,fave,139.22211872296364,79.15674437590108,7,La,"",0.08000000000004093,[silence],tarea,l,#,l,t,final
520.0841708165169,1418.7247739025142,2252.282231802173,2.7065294936212867,2.7865710466339673,3.966470639704824,5512.820512820513,8.923850893882447e-6,900.1927499999999,0.025,0.33783783783783783,0-0-2137-1,a,fcd45f4d-Audio_SP21.v0,group_0,1,fave,136.2963823327939,75.99629138531552,7,tarea,"",0.05000000000006821,La,[silence],t,R,t,R,internal
540.2248616701421,1538.0178298343544,2028.7806849933295,2.9692454107053923,2.7558183675357366,3.5588262021792385,5333.333333333333,0.0008797433335810769,900.40075,0.08099999999999999,0.3319672131147541,0-0-2137-4,a,fcd45f4d-Audio_SP21.v0,group_0,1,fave,191.39791568157335,76.16674080801776,7,tarea,"",0.22000000000002728,La,[silence],é,#,é,.,final
534.6984421102838,1400.2401523984897,1964.2457243283231,2.596319436141158,3.1272212947260436,3.839594052688614,5512.820512820513,0.00031208859549907526,903.8407500000001,0.041,0.3306451612903226,0-0-2144-5,a,fcd45f4d-Audio_SP21.v0,group_0,1,fave,124.78031641801934,75.58370729473262,7,oscilan,"",0.09999999999990905,[silence],entre,l,n,l,n,internal
607.0854562765657,1375.1226783181319,2058.945901224702,2.9492156097921067,3.226755614722075,3.4401168326218325,5333.333333333333,0.00010314407576080914,911.4377499999999,0.035,0.3365384615384616,0-0-2165-1,a,fcd45f4d-Audio_SP21.v0,group_0,1,fave,121.60022221485895,74.11122079270653,7,la,"",0.08000000000004093,decir,tasa,l,#,l,t,final
517.862177887264,1170.5956257470448,1825.9187022082062,3.0267276026913486,3.6769844953278095,3.710504488847464,5333.333333333333,0.0010587378632247373,911.74775,0.035,0.3365384615384616,0-0-2166-3,a,fcd45f4d-Audio_SP21.v0,group_0,1,fave,NaN,74.25224540060391,7,tasa,"",0.07999999999992724,la,pues,s,#,s,p,final
574.214573620716,1412.2434839251507,2098.152280998868,3.1203283126559165,3.0455102960373437,3.780859791387694,5512.820512820513,0.00005192967069948959,912.67375,0.027000000000000003,0.32142857142857145,0-0-2171-1,a,fcd45f4d-Audio_SP21.v0,group_0,1,fave,99.14791493991892,73.35127671523229,7,tareas,"",0.06000000000005912,las,.,t,R,t,R,internal
563.1357154064003,1321.2271114006467,2011.5573422803338,2.47399901873473,3.222899863761944,3.656208146544977,5153.846153846154,0.0002165581415328231,922.9027500000001,0.065,0.33505154639175255,0-0-2182-4,a,fcd45f4d-Audio_SP21.v0,group_0,1,fave,129.43825262772557,79.44178470644565,7,gusta,"",0.16999999999995907,me,realizar,t,#,t,r,final
554.1933214792978,1260.1490487625638,2256.103422626945,3.1145550638393056,3.139520762117691,2.916944074571609,5333.333333333333,8.457141258285436e-6,923.53275,0.025,0.33783783783783783,0-0-2184-1,a,fcd45f4d-Audio_SP21.v0,group_0,1,fave,116.58271086365363,74.6721533036312,7,las,"",0.05000000000006821,realizar,tareas,l,s,l,s,internal
544.8072939545297,1414.251629571573,2317.6903284564146,2.6876670235648263,3.2474166634493526,3.355309229709036,5512.820512820513,0.00008124309427462326,923.66775,0.035,0.33653846153846156,0-0-2185-1,a,fcd45f4d-Audio_SP21.v0,group_0,1,fave,386.6829576593913,74.67895017129518,7,tareas,"",0.08000000000004093,las,que,t,R,t,R,internal
510.78787573180443,1676.9124169806764,2303.688461703533,3.1192097314432337,3.197386578613195,3.3209254802695454,5512.820512820513,0.00015068320546148803,923.87775,0.035,0.33653846153846156,0-0-2185-4,a,fcd45f4d-Audio_SP21.v0,group_0,1,fave,110.18723011792245,72.1976629446955,7,tareas,"",0.08000000000004093,las,que,é,s,é,s,internal
596.7385149038421,992.0593651653545,1944.1870361682068,2.843523240117383,3.3789633548571087,4.010745660054543,4794.871794871795,0.0034466580541817776,925.40575,0.051000000000000004,0.3311688311688312,0-0-2189-1,a,fcd45f4d-Audio_SP21.v0,group_0,1,fave,105.45833804620979,75.99115536334807,7,fáciles,"",0.12999999999999545,más,[silence],f,z,f,z,internal
575.4190254499546,1298.0314644396833,2423.652602398417,3.0213328068637018,4.002766187109407,4.334608402513435,4615.384615384615,0.0019299020123622573,928.21775,0.035,0.3365384615384616,0-0-2198-3,a,fcd45f4d-Audio_SP21.v0,group_0,1,fave,112.60157345590272,68.43682590270835,7,desarrollando,"",0.07999999999992724,tiempo,.,s,r,s,r,internal
684.6930076259224,1432.0326907091298,2192.1413437380234,3.0995008190485693,3.2920816582614365,3.653849940439896,4974.358974358975,0.00017887355401496,932.52275,0.045,0.3358208955223881,0-0-2205-1,a,fcd45f4d-Audio_SP21.v0,group_0,1,fave,121.05464139624168,76.08491681329603,7,las,"",0.11000000000001364,[silence],elijo,l,s,l,s,internal
636.4452548024385,1344.1551423209987,2118.6544888299813,3.001413095531263,3.627003834075291,3.2945037265977732,5153.846153846154,0.0008039415485941118,936.1327500000001,0.065,0.33505154639175255,0-0-2213-1,a,fcd45f4d-Audio_SP21.v0,group_0,1,fave,111.15607116032079,74.67336654841101,7,la,"",0.16999999999995907,de,[silence],l,#,l,.,final
565.0246730853619,1434.7318548973956,2234.8302655620887,3.178165693077451,3.7810300900763605,3.6922598607851973,4974.358974358975,0.00011169855379810004,936.56375,0.027000000000000003,0.32142857142857145,0-0-2216-1,a,fcd45f4d-Audio_SP21.v0,group_0,1,fave,102.23126308793594,69.9292417426706,7,las,"",0.06000000000005912,de,tareas,l,s,l,s,internal
645.5907827012492,1083.372274698934,1830.1602147310264,2.617107734997108,3.5162391326808553,4.146031730667376,4794.871794871795,0.0013739248932688713,937.6437500000001,0.047,0.3263888888888889,0-0-2221-1,a,fcd45f4d-Audio_SP21.v0,group_0,1,fave,191.70904592097793,77.19977434758955,7,fáciles,"",0.12000000000000455,[silence],y,f,z,f,z,internal
568.7960360557356,1029.5261977777172,1644.5604283525238,2.9200627322076387,2.8152500801959137,4.783650815877536,4615.384615384615,0.0015622342962455019,940.11575,0.031,0.32978723404255317,0-0-2229-1,a,fcd45f4d-Audio_SP21.v0,group_0,1,fave,129.78674683870352,77.26068818680628,7,paciencia,"",0.06999999999993634,tengo,[silence],p,z,p,z,internal
507.8311675612518,1464.2988981763235,2286.1291219379646,3.7447477921495267,4.494548328703213,4.854004737059181,6051.282051282051,0.016153051601441655,940.7187500000001,0.037000000000000005,0.324561403508772,0-0-2229-8,a,fcd45f4d-Audio_SP21.v0,group_0,1,fave,176.58206894419442,64.87798359731673,7,paciencia,"",0.08999999999991815,tengo,[silence],i,#,i,.,final
628.6687589284054,1223.6694369427887,1909.8200828099234,3.0776888579633113,3.6444154863717317,4.0842310812018585,5333.333333333333,0.012562609834196638,941.64975,0.119,0.3361581920903954,0-0-2232-1,a,fcd45f4d-Audio_SP21.v0,group_0,1,fave,108.24671915866107,73.65439921406396,7,las,"",0.32999999999992724,realizo,que,l,s,l,s,internal
619.8772114885561,1323.909173024909,1893.2875510153474,2.643186799209335,3.5430366102576687,4.278601946747526,4256.410256410256,0.0021349988672004676,947.28975,0.119,0.3361581920903954,0-0-2248-2,a,fcd45f4d-Audio_SP21.v0,group_0,1,fave,126.9362327293252,76.17266528767315,7,allá,"",0.32999999999992724,publícalo,[silence],L,#,L,"",final
498.1056329854639,1457.0466812802172,2065.7760999523616,2.6281307153102844,3.268823957398965,3.1840819050519293,5512.820512820513,0.000015286700209589803,966.93575,0.031,0.32978723404255317,0-0-2269-2,a,fcd45f4d-Audio_SP21.v0,group_0,1,fave,119.60592447114287,78.04754032761834,7,agarrado,"",0.07000000000005002,He,una,g,r,g,r,internal
628.5833877421626,1463.7132976158293,2401.532011320998,2.9543255490191265,3.073392604894335,3.0989041501283734,5512.820512820513,0.00023411845120234985,971.4557500000001,0.031,0.32978723404255317,0-0-2281-0,a,fcd45f4d-Audio_SP21.v0,group_0,1,fave,143.16603244517697,65.5043793378935,7,al,"",0.06999999999993634,[silence],principio,#,l,.,l,initial
573.1989071564324,1215.8080193642904,2164.403214620206,3.0987177432785646,3.6773179981170165,3.5739439253471526,5512.820512820513,0.0005302143862321244,972.1877499999999,0.035,0.33653846153846156,0-0-2284-1,a,fcd45f4d-Audio_SP21.v0,group_0,1,fave,111.55989210678096,74.61082774053129,7,la,"",0.08000000000004093,no,tenía,l,#,l,t,final
507.8476041017472,1442.4158243532092,2338.6666762583227,2.6829958969600805,3.434728524197342,3.0562025315719206,5512.820512820513,0.000036034263264965696,974.1237500000001,0.027000000000000003,0.32142857142857145,0-0-2290-1,a,fcd45f4d-Audio_SP21.v0,group_0,1,fave,101.47182000061323,75.30274389159007,7,tareas,"",0.05999999999994543,las,con,t,R,t,R,internal
504.1238970401476,1470.4603842559586,2121.3223493786813,3.4874717763037832,3.473539924236741,4.019087419598681,4435.897435897436,0.00018276738611041002,974.3537500000001,0.027000000000000003,0.32142857142857145,0-0-2290-4,a,fcd45f4d-Audio_SP21.v0,group_0,1,fave,104.14032062981994,64.07836501206589,7,tareas,"",0.05999999999994543,las,con,é,s,é,s,internal
656.2475417828603,1299.096707634359,2055.073819054444,2.910398888437097,3.1254032237690446,3.3686548149736253,5512.820512820513,0.0001484735623599655,975.27575,0.031,0.32978723404255317,0-0-2294-0,a,fcd45f4d-Audio_SP21.v0,group_0,1,fave,NaN,68.7996029813061,7,agilidad,"",0.07000000000005002,[silence],más,#,x,.,x,initial
471.3772139809022,1402.192002426167,2388.4610642311804,1.9704250879167287,3.286127869317222,3.04218011557531,4256.410256410256,7.999485324574896e-6,977.9327499999999,0.025,0.33783783783783783,0-0-2301-5,a,fcd45f4d-Audio_SP21.v0,group_0,1,fave,99.81130194267796,75.79012493808445,7,cuesta,"",0.05000000000006821,me,tanto,t,#,t,t,final
470.79223132780476,1529.402789796726,2277.683127395697,2.2552596699287646,3.6207050214384386,3.79873208347039,4256.410256410256,0.00004532034724931916,982.42275,0.025,0.33783783783783783,0-0-2319-6,a,fcd45f4d-Audio_SP21.v0,group_0,1,fave,233.58596747799783,74.34855058289082,7,todavía,"",0.05000000000006821,y,les,i,#,i,l,final
547.7970545122097,1426.9686500115686,2411.7044833036502,2.8230859621187117,3.345010390550471,3.2575905254444244,5512.820512820513,0.000023513368084040085,984.87575,0.031,0.32978723404255317,0-0-2329-0,a,fcd45f4d-Audio_SP21.v0,group_0,1,fave,110.38621905172992,79.05283885154807,7,adaptación,"",0.06999999999993634,de,pues,#,d,e,d,initial
502.3516963459925,1273.0736283205742,1906.249433163366,3.145537731047916,3.1170848723072155,3.180279805112954,4615.384615384615,0.0006861139184619976,987.2687500000001,0.057,0.3275862068965517,0-0-2337-2,a,fcd45f4d-Audio_SP21.v0,group_0,1,fave,103.36258684294032,69.18965387273555,7,acá,"",0.14999999999997726,trabajando,con,k,#,k,k,final
558.9787165684238,1444.5960694260225,2272.4757965364856,2.9026906280171687,3.563596118417234,2.8860754635974226,5512.820512820513,0.00011562622040193155,993.54575,0.031,0.32978723404255317,0-0-2356-3,a,fcd45f4d-Audio_SP21.v0,group_0,1,fave,105.06474457601928,74.89604924049468,7,desarrolla,"",0.07000000000005002,uno,en,s,r,s,r,internal
546.2383557848789,1240.856700963026,2307.9463150568545,3.039039047595264,3.3453772289343484,4.117523562674713,5512.820512820513,0.000052847917638378645,1010.42375,0.027000000000000003,0.32142857142857145,0-0-2368-1,a,fcd45f4d-Audio_SP21.v0,group_0,1,fave,134.17415478999038,76.50359351978997,7,las,"",0.06000000000005912,Por,políticas,l,s,l,s,internal
537.1293402356035,1406.8283894787535,2113.1435036642442,2.26951635738086,3.3336591618515405,3.874503977784868,4974.358974358975,0.00023966692676364904,1010.89275,0.045,0.3358208955223881,0-0-2369-7,a,fcd45f4d-Audio_SP21.v0,group_0,1,fave,172.42927911949997,77.3352797145272,7,políticas,"",0.11000000000001364,las,de,k,s,k,s,internal
554.0121494126477,1332.47938178085,4230.8748914124735,3.180615876024869,3.162828494061334,3.4723667639670324,5871.794871794871,0.00002890430794102904,1013.80275,0.025,0.33783783783783783,0-0-2380-5,a,fcd45f4d-Audio_SP21.v0,group_0,1,fave,489.2590456194734,66.81243134993097,7,cuentas,"",0.05000000000006821,dos,con,t,s,t,s,internal
520.3909171057297,1310.7975151198177,2616.2578391535567,3.319642949504568,2.5720672966599105,4.104274291177202,5512.820512820513,7.978784288928432e-6,1014.16275,0.025,0.33783783783783783,0-0-2382-2,a,fcd45f4d-Audio_SP21.v0,group_0,1,fave,98.20543869235998,69.06359329734158,7,una,"",0.05000000000006821,con,misma,n,#,n,m,final
629.4923482287262,1164.4953996377956,3924.427803775601,3.323759189587673,3.421690504707593,4.658270848211761,5333.333333333333,0.004452533934222674,1014.48775,0.035,0.3365384615384616,0-0-2383-4,a,fcd45f4d-Audio_SP21.v0,group_0,1,fave,93.57208691949393,65.26883489695865,7,misma,"",0.07999999999992724,una,red,m,#,m,r,final
564.197225848454,1554.7319395279142,3521.4125379963098,3.3120232265769776,3.2788512155508873,3.0794588912058196,6230.7692307692305,0.0024669772541664864,1017.44075,0.08100000000000002,0.3319672131147542,0-0-2394-5,a,fcd45f4d-Audio_SP21.v0,group_0,1,fave,122.7841430290298,73.23376250886652,7,bloquean,"",0.22000000000002728,la,[silence],é,n,é,n,internal
603.9534771999215,1397.3380397080366,2254.138040288755,3.157480461597984,3.9769202755732214,4.1105656140773625,5333.333333333333,0.0014695226789713525,1018.4987500000001,0.037,0.32456140350877194,0-0-2397-1,a,fcd45f4d-Audio_SP21.v0,group_0,1,fave,104.89818174836756,70.65160353010295,7,la,"",0.09000000000003183,y,banean,l,#,l,b,final
680.1418311241026,1219.3808300080248,3697.6060078019395,3.0383876333145245,2.519566408348487,3.615457121312824,5871.794871794871,0.000043800170855935154,1018.6437500000001,0.027000000000000003,0.32142857142857145,0-0-2398-1,a,fcd45f4d-Audio_SP21.v0,group_0,1,fave,96.9296626743834,73.16612062827461,7,banean,"",0.06000000000005912,la,",",b,n,b,n,internal
562.0174612240276,1021.0405804507042,1843.702147141056,3.023015851842898,2.887604049696984,4.359821078170396,4974.358974358975,0.0002637469604404981,1020.50075,0.041,0.3306451612903226,0-0-2404-4,a,fcd45f4d-Audio_SP21.v0,group_0,1,fave,111.60771794974242,77.65419187308513,7,trabajado,"",0.10000000000002274,he,en,b,x,b,x,internal
513.3689699871412,1273.9112500999588,1925.391668790289,2.788396462573901,3.067097552606743,4.596554273362602,4794.871794871795,0.0005170201102204917,1025.57575,0.031,0.32978723404255317,0-0-2419-3,a,fcd45f4d-Audio_SP21.v0,group_0,1,fave,-303.11587003392896,70.75897441099865,7,otra,"",0.07000000000016371,a,a,R,#,R,a,final
678.8195191524679,1182.5530283020905,1786.3665147879913,2.660607354622392,3.2174787571210834,4.346995707661075,4974.358974358975,0.005425706110383071,1025.6987500000002,0.137,0.33091787439613524,0-0-2420-0,a,fcd45f4d-Audio_SP21.v0,group_0,1,fave,158.79331177572396,73.0754620356866,7,a,"",0.38999999999987267,otra,[silence],#,#,a,.,coextensive
600.1026953765944,1378.5228601095225,1979.2451435760513,3.200613187917523,3.6131321074231537,3.887146642137848,4974.358974358975,0.0000916954556218479,1027.1027499999998,0.025,0.33783783783783783,0-0-2422-3,a,fcd45f4d-Audio_SP21.v0,group_0,1,fave,104.79304661646475,72.4667679250615,7,otras,"",0.0500000000001819,[silence],casas,R,s,R,s,internal
657.1892519458698,1255.1524342794469,3620.3394506767363,3.3831919591453863,3.254702678602611,3.7319600919232445,6051.282051282051,0.0001623739782460329,1028.12575,0.031,0.32978723404255317,0-0-2426-4,a,fcd45f4d-Audio_SP21.v0,group_0,1,fave,106.86236287789431,72.71423873463989,7,compañeros,"",0.07000000000016371,otros,[silence],p,N,p,N,internal
591.8124485393514,1231.2764042392105,3902.4081770205566,3.1320998871187697,3.491760343612406,4.461814942587221,6410.25641025641,0.0002813986447512835,1030.99575,0.031,0.32978723404255317,0-0-2435-3,a,fcd45f4d-Audio_SP21.v0,group_0,1,fave,109.72039242720771,73.94970209751025,7,están,"",0.06999999999993634,han,trabajando,t,n,t,n,internal
547.5926346718271,1324.0091696447778,3717.675047972199,2.9097496253028656,3.41120737197583,3.797969207411063,5871.794871794871,0.0001247180356378639,1033.0937499999998,0.027000000000000003,0.32142857142857145,0-0-2444-1,a,fcd45f4d-Audio_SP21.v0,group_0,1,fave,357.329616417177,70.97940050163184,7,tarea,"",0.060000000000172804,esta,yo,t,R,t,R,internal
610.4564939434096,1185.5069464373219,1864.489952329447,3.990457335960558,3.8143493309128047,4.322060547881488,4615.384615384615,0.003875342994552118,1040.34575,0.031,0.32978723404255317,0-0-2466-4,a,fcd45f4d-Audio_SP21.v0,group_0,1,fave,128.91438760156885,65.4733096261277,7,mismas,"",0.07000000000016371,las,tareas,m,s,m,s,internal
578.7672432417585,1393.9770194503674,2208.027658331216,2.6313813026883097,3.4289267346184515,3.7282309420441675,5512.820512820513,9.911837562351615e-6,1040.5037499999999,0.027000000000000003,0.32142857142857145,0-0-2467-1,a,fcd45f4d-Audio_SP21.v0,group_0,1,fave,106.81979473072408,74.72504933053358,7,tareas,"",0.05999999999994543,mismas,[silence],t,R,t,R,internal
498.171391183701,1681.309147198259,2396.516028002803,2.3362250748593505,3.7802977729473457,3.6889624200953004,5512.820512820513,0.00021382791646067353,1040.67375,0.027000000000000003,0.32142857142857145,0-0-2467-4,a,fcd45f4d-Audio_SP21.v0,group_0,1,fave,494.81701042698603,71.96599605084934,7,tareas,"",0.05999999999994543,mismas,[silence],é,s,é,s,internal
547.7860985090133,1336.6190713862145,2297.4527349044197,3.1967196130919318,4.096073202909721,2.925703754858539,4974.358974358975,0.0003033555176972483,1043.7337499999999,0.027000000000000003,0.32142857142857145,0-0-2475-8,a,fcd45f4d-Audio_SP21.v0,group_0,1,fave,135.4678219990108,67.61614157922753,7,doscientas,"",0.05999999999994543,si,tareas,t,s,t,s,internal
545.6728929720383,1365.1959462080802,1959.2000497184688,2.7270438400671853,3.341230952672522,3.493147804621263,5333.333333333333,7.516080415939765e-6,1043.89375,0.027000000000000003,0.32142857142857145,0-0-2476-1,a,fcd45f4d-Audio_SP21.v0,group_0,1,fave,136.83651692007967,76.0490480313841,7,tareas,"",0.05999999999994543,doscientas,[silence],t,R,t,R,internal
511.5657978473044,1601.5874703843326,2277.6188511263845,2.5121206252919457,3.830479816057945,3.3987861741255143,5153.846153846154,0.000297687041182922,1044.1187499999999,0.037000000000000005,0.324561403508772,0-0-2476-4,a,fcd45f4d-Audio_SP21.v0,group_0,1,fave,129.50047771830964,74.74599787191718,7,tareas,"",0.09000000000014552,doscientas,[silence],é,s,é,s,internal
564.9523360412488,1328.8151936225486,1986.3441693757918,2.880328110176009,2.4986564281974553,4.083002736960686,4974.358974358975,0.00015405614475315794,1047.95575,0.031,0.32978723404255317,0-0-2488-2,a,fcd45f4d-Audio_SP21.v0,group_0,1,fave,113.20491100700211,75.35386968550064,7,para,"",0.06999999999993634,[silence],que,á,#,á,k,final
595.5652384524922,1488.834418375544,2087.2356084399516,2.6328139903663668,3.8328576605961535,3.6777906750499882,4615.384615384615,0.00010699902801877614,1049.31775,0.035,0.3365384615384616,0-0-2495-0,a,fcd45f4d-Audio_SP21.v0,group_0,1,fave,133.06993699390964,70.96774057118671,7,a,"",0.08000000000015461,y,veces,#,#,i,b,coextensive
550.2014853315998,1415.948255297504,2122.1672423177297,2.333032487767738,3.2763330317628254,4.26195433963274,5333.333333333333,0.0001356008406281191,1058.54575,0.031,0.32978723404255317,0-0-2531-1,a,fcd45f4d-Audio_SP21.v0,group_0,1,fave,254.3111499173026,72.25395039090157,7,tarea,"",0.06999999999993634,de,.,t,R,t,R,internal
543.3380245726306,1349.0468866072988,2146.6262004006685,2.3379841226021596,2.965747761192293,4.227701782895855,4615.384615384615,0.0003434177361700963,1060.21575,0.031,0.32978723404255317,0-0-2539-1,a,fcd45f4d-Audio_SP21.v0,group_0,1,fave,122.46335653977876,77.10105541947817,7,la,"",0.06999999999993634,por,calidad,l,#,l,k,final
542.4505853068384,1286.3675536592398,2232.117703781641,3.5861506901669897,3.5993430036963927,4.581676273381896,5871.794871794871,0.0008974984967277447,1061.56875,0.037000000000000005,0.324561403508772,0-0-2546-0,a,fcd45f4d-Audio_SP21.v0,group_0,1,fave,111.76285871331243,71.99308563730659,7,ha,"",0.09000000000014552,uno,desarrollado,#,#,o,d,coextensive
567.0814390307394,1356.6285363176478,2149.193962585075,3.0077589659894524,3.4787354998802127,4.2660043788426165,5333.333333333333,0.00012308732337596652,1061.8637499999998,0.027000000000000003,0.32142857142857145,0-0-2547-3,a,fcd45f4d-Audio_SP21.v0,group_0,1,fave,130.56439388236174,70.10977517300448,7,desarrollado,"",0.060000000000172804,ha,[silence],s,r,s,r,internal
672.5538216763601,1065.205975834799,1807.1428066997817,3.354787089402883,3.3125457130067466,4.424354557275647,4256.410256410256,0.00012178152565155185,1065.2937499999998,0.027000000000000003,0.32142857142857145,0-0-2557-6,a,fcd45f4d-Audio_SP21.v0,group_0,1,fave,144.252870750456,69.09470241201907,7,trabajador,"",0.05999999999994543,este,ha,x,d,x,d,internal
498.31894102579156,1442.5278495544815,2434.372251899797,2.685810147827775,3.4437800744473974,3.9523319547514766,5512.820512820513,0.000010973980948958692,1065.8427499999998,0.025,0.33783783783783783,0-0-2559-3,a,fcd45f4d-Audio_SP21.v0,group_0,1,fave,125.29907999100064,71.13849253980561,7,desarrollado,"",0.0500000000001819,ha,tantas,s,r,s,r,internal
508.34772080048316,1152.0320669056466,2379.143774323966,3.2859444348708844,3.8553367006912613,4.3423217899320825,5512.820512820513,0.0001529810882143125,1066.3427499999998,0.025,0.33783783783783783,0-0-2560-4,a,fcd45f4d-Audio_SP21.v0,group_0,1,fave,NaN,65.2340524890166,7,tantas,"",0.0500000000001819,desarrollado,[silence],t,s,t,s,internal
588.1977359508718,1324.7137126505665,3810.1754529633185,3.1293891277312325,2.8593885811636217,3.5955031460294022,6230.7692307692305,0.00035462705967397425,1068.29375,0.067,0.32843137254901966,0-0-2569-4,a,fcd45f4d-Audio_SP21.v0,group_0,1,fave,202.4193359021589,70.73835155542407,7,tantas,"",0.18000000000006366,tiene,[silence],t,s,t,s,internal
490.52658634740095,1489.0326385157857,2439.2669108872033,2.9923217542274276,2.4319729679986604,4.139482100417397,5512.820512820513,0.0004894801760675359,1069.53575,0.031,0.32978723404255317,0-0-2572-3,a,fcd45f4d-Audio_SP21.v0,group_0,1,fave,200.14128807587383,74.48886542720759,7,insatisfechas,"",0.06999999999993634,[silence],[silence],s,t,s,t,internal
605.5907388000674,1075.7949059539546,1619.0090225520858,3.0758571419032674,2.680726212514983,3.9225407703081316,5512.820512820513,0.000012707650568523185,1072.2437499999999,0.027000000000000003,0.32142857142857145,0-0-2578-5,a,fcd45f4d-Audio_SP21.v0,group_0,1,fave,349.8529244693974,70.27344498016387,7,colocan,"",0.05999999999994543,le,a,k,n,k,n,internal
534.8716232590383,1134.2076555893757,4468.4891341423945,3.354954287020888,2.1473297088759455,4.47164949770245,6769.2307692307695,0.000029120869226193782,1072.3337499999998,0.027000000000000003,0.32142857142857145,0-0-2579-0,a,fcd45f4d-Audio_SP21.v0,group_0,1,fave,138.19885504905955,67.82871599257057,7,a,"",0.060000000000172804,colocan,uno,#,#,n,ú,coextensive
534.5775826953897,1361.0192495166125,2096.9428544350685,2.512732643752546,2.606799794132801,3.826748665648018,5512.820512820513,0.000020785173903191105,1072.90375,0.027000000000000003,0.32142857142857145,0-0-2582-1,a,fcd45f4d-Audio_SP21.v0,group_0,1,fave,153.9952997853431,75.33157871301097,7,tareas,"",0.05999999999994543,unas,que,t,R,t,R,internal
508.5126973305083,1684.2338834934017,2436.399178955978,3.073114490273388,3.5591331094224543,2.921555594946263,5333.333333333333,0.00007256190717233817,1073.0837499999998,0.027000000000000003,0.32142857142857145,0-0-2582-4,a,fcd45f4d-Audio_SP21.v0,group_0,1,fave,186.47952640372097,71.05049004950278,7,tareas,"",0.060000000000172804,unas,que,é,s,é,s,internal
615.7193192868602,1248.4996475604964,1834.6468045263236,3.361218274301555,3.7380259578723134,4.741269171207266,4794.871794871795,0.0013953779712838174,1106.84775,0.035,0.3365384615384616,0-0-2599-1,a,fcd45f4d-Audio_SP21.v0,group_0,1,fave,123.77546724024197,70.85609721158973,7,bastante,"",0.08000000000015461,hay,tarea,b,s,b,s,internal
584.5589099457,1653.1550885597496,2446.9600167097706,3.122377542438574,3.610809689735122,4.092501073938598,5333.333333333333,0.0026161485115847316,1107.7107500000002,0.041,0.3306451612903226,0-0-2600-4,a,fcd45f4d-Audio_SP21.v0,group_0,1,fave,117.21570449045683,69.67377390421903,7,tarea,"",0.09999999999990905,bastante,de,é,#,é,d,final
607.8277773097332,1392.1055368731588,2544.619196174471,3.3511977487829387,3.873865039611185,4.483943209676382,4974.358974358975,0.0069512382040642015,1108.7607500000001,0.061000000000000006,0.3315217391304348,0-0-2602-10,a,fcd45f4d-Audio_SP21.v0,group_0,1,fave,114.99216006787094,65.66366923715042,7,criptomoneda,"",0.16000000000008185,de,[silence],d,#,d,.,final
588.0571115900896,1394.7576552170374,1882.9269808220272,3.23526563828762,3.1107224863810097,4.1979009409385615,4794.871794871795,0.00022729285759708962,1111.90275,0.045,0.33582089552238803,0-0-2612-3,a,fcd45f4d-Audio_SP21.v0,group_0,1,fave,105.42649701634303,69.69681921307637,7,pagan,"",0.10999999999989996,bien,que,g,n,g,n,internal
544.0531529087468,1387.5537585278987,2748.7412522048603,2.695551916931416,3.096655050451545,4.667941251529549,6051.282051282051,0.0005491050051091267,1122.44575,0.031,0.32978723404255317,0-0-2636-1,a,fcd45f4d-Audio_SP21.v0,group_0,1,fave,272.2382180949458,75.2664450372864,7,tareas,"",0.06999999999993634,son,que,t,R,t,R,internal
683.7042395765131,1346.6714314643173,1863.4428702245762,3.0102758854393903,3.6112097400116716,4.448199910751427,4974.358974358975,0.011718098827668857,1125.4137500000002,0.067,0.3284313725490196,0-0-2642-0,a,fcd45f4d-Audio_SP21.v0,group_0,1,fave,230.66799854489537,72.1038679363098,7,accesibles,"",0.1799999999998363,este,",",#,k,e,k,initial
623.9397933855819,1241.5022466657092,3768.3510391865702,3.7261151276786677,3.669852849594774,3.5147340853667397,6948.717948717948,0.00019240919527591352,1131.92375,0.027000000000000003,0.32142857142857145,0-0-2666-6,a,fcd45f4d-Audio_SP21.v0,group_0,1,fave,101.02023126753731,63.86602316126996,7,persona,"",0.05999999999994543,la,si,n,#,n,s,final
567.8783137383579,1410.641825643887,2049.230270058761,2.6387374479030337,3.1159123743621233,3.420224697019147,4974.358974358975,4.29268957183249e-6,1132.2937499999998,0.027000000000000003,0.32142857142857145,0-0-2670-1,a,fcd45f4d-Audio_SP21.v0,group_0,1,fave,107.67344382543374,76.70460309662344,7,ganar,"",0.05999999999994543,a,cinco,g,n,g,n,internal
571.1570854527561,1090.5076033698288,1900.7964389830415,2.3895949395702094,3.3122535920636187,2.962840135972368,5333.333333333333,0.000014156833181268283,1133.90375,0.027000000000000003,0.32142857142857145,0-0-2676-1,a,fcd45f4d-Audio_SP21.v0,group_0,1,fave,101.2619927159477,71.38304841580037,7,pagando,"",0.05999999999994543,está,dos,p,g,p,g,internal
526.3513029088256,1451.0029477035278,2318.2845396697335,2.5003584106736505,2.6543422926698157,2.7843399540477214,5692.3076923076915,0.00021842902996910315,1139.4307500000002,0.041,0.3306451612903226,0-0-2691-1,a,fcd45f4d-Audio_SP21.v0,group_0,1,fave,234.96709653369373,80.52837407881962,7,tareas,"",0.09999999999990905,son,[silence],t,R,t,R,internal
538.4379106630357,1370.1211318460903,2187.4605554464424,2.643892654632372,3.4758458809900032,3.195559753969816,5512.820512820513,0.0000970694662482916,1140.47575,0.031,0.32978723404255317,0-0-2694-3,a,fcd45f4d-Audio_SP21.v0,group_0,1,fave,103.41324206095487,75.38122873471745,7,para,"",0.06999999999993634,como,personas,R,#,R,p,final
577.8954698490819,1542.6244705895542,2224.2412625991715,2.889731671507909,3.4405891142230973,3.395924926176637,5512.820512820513,0.00038063248474688065,1149.67875,0.057,0.32758620689655177,0-0-2721-9,a,fcd45f4d-Audio_SP21.v0,group_0,1,fave,118.56188070314597,73.1421617462659,7,referencia,"",0.14999999999986358,de,cripto,i,#,i,k,final
513.9852765905656,1489.0953267304951,2221.3220267184192,2.345954038420366,3.21643399633175,4.289892714078508,5512.820512820513,0.00005777184744983535,1150.8027499999998,0.045,0.33582089552238803,0-0-2723-7,a,fcd45f4d-Audio_SP21.v0,group_0,1,fave,119.84404943416014,73.3151723414974,7,billetera,"",0.11000000000012733,cripto,.,R,#,R,.,final
569.7310460364837,1396.9614586787663,2270.5917096684084,3.1293239066898773,3.5090796131765085,3.805779983097421,5512.820512820513,0.0004935668858130188,1161.28875,0.037000000000000005,0.324561403508772,0-0-2738-1,a,fcd45f4d-Audio_SP21.v0,group_0,1,fave,122.50954233906924,72.63371615830775,7,las,"",0.08999999999991815,hago,tareas,l,s,l,s,internal
556.3874589388007,1482.8788876130795,2327.7328805576417,2.941376683389764,3.0517692199580826,3.236620241955964,5512.820512820513,5.918821684302003e-6,1161.4837499999999,0.027000000000000003,0.32142857142857145,0-0-2739-1,a,fcd45f4d-Audio_SP21.v0,group_0,1,fave,111.94016688207155,75.94129890413718,7,tareas,"",0.05999999999994543,las,de,t,R,t,R,internal
482.39874248163306,1856.312230658662,2448.063244851631,3.0627164353261507,3.480130574970521,3.1870750150496576,5512.820512820513,0.00004214944886679684,1161.70775,0.035,0.33653846153846156,0-0-2739-4,a,fcd45f4d-Audio_SP21.v0,group_0,1,fave,119.27359651715395,73.33004863315607,7,tareas,"",0.07999999999992724,las,de,é,s,é,s,internal
526.2117732425661,1602.4094522779133,2597.040360852284,3.562901012390767,3.112364672555634,3.82110335538619,5333.333333333333,0.00004900017161503311,1163.2737499999998,0.027000000000000003,0.32142857142857145,0-0-2745-10,a,fcd45f4d-Audio_SP21.v0,group_0,1,fave,158.20053141817553,65.47850132022403,7,criptomoneda,"",0.05999999999994543,así,[silence],d,#,d,.,final
494.4315187127424,1362.2456849690718,2686.751199500271,3.8976884516358377,3.5521922290291177,4.657109359570227,6410.25641025641,0.008396206008267525,1166.23775,0.035,0.33653846153846156,0-0-2755-7,a,fcd45f4d-Audio_SP21.v0,group_0,1,fave,NaN,61.47149096446072,7,funciona,"",0.07999999999992724,[silence],[silence],n,#,n,.,final
493.2913567954492,1601.3930238043386,2134.1167077723694,1.4795694754593887,3.9636851970845393,3.2817447174898136,4974.358974358975,0.0005913079480042105,1167.4157500000001,0.031,0.32978723404255317,0-0-2762-3,a,fcd45f4d-Audio_SP21.v0,group_0,1,fave,98.49518050784715,80.10496549730988,7,había,"",0.06999999999993634,le,comentado,i,#,i,k,final
563.2731437264019,1237.2168068709739,3317.3379426587053,3.3847271375663825,3.17744353039098,4.115482070233482,6410.25641025641,0.00017567437693437684,1169.5837499999998,0.027000000000000003,0.32142857142857145,0-0-2770-2,a,fcd45f4d-Audio_SP21.v0,group_0,1,fave,100.74559160315474,74.17890403131076,7,una,"",0.060000000000172804,conocí,plataforma,n,#,n,p,final
541.5080215941049,1153.8946271568655,1938.4381525559195,2.7832711312915963,3.6105070169813787,4.347655802374067,4794.871794871795,0.0012765588542500146,1169.75775,0.035,0.3365384615384616,0-0-2771-2,a,fcd45f4d-Audio_SP21.v0,group_0,1,fave,169.89686470952654,74.65906313905715,7,plataforma,"",0.07999999999992724,una,[silence],l,t,l,t,internal
603.9589328980983,1261.5996880085895,1832.9010405002464,3.2640601710136568,3.3999054832635442,4.012413788842339,4256.410256410256,0.0018125181667886015,1170.40575,0.131,0.33248730964466994,0-0-2771-9,a,fcd45f4d-Audio_SP21.v0,group_0,1,fave,106.3117527358745,73.41352631599796,7,plataforma,"",0.37000000000011823,una,[silence],m,#,m,.,final
528.4796935157676,1392.3803330470882,2350.4645476133546,2.6868206272901958,4.065638249232266,3.9399246217612567,5692.3076923076915,0.000572143852977436,1175.12575,0.031,0.32978723404255317,0-0-2787-6,a,fcd45f4d-Audio_SP21.v0,group_0,1,fave,537.587752454384,71.14039614924388,7,computador,"",0.07000000000016371,del,[silence],t,d,t,d,internal
675.4408772828486,1473.6800705972182,2341.2897177010113,3.442832672140531,3.604139968868545,3.8732529502451536,5512.820512820513,0.00042199592777514673,1181.04575,0.031,0.32978723404255317,0-0-2800-1,a,fcd45f4d-Audio_SP21.v0,group_0,1,fave,108.56285559248182,74.91521772156725,7,las,"",0.06999999999993634,[silence],máquinas,l,s,l,s,internal
624.2497253614531,1243.829368305535,1926.6378362141274,3.1821608433844646,3.8336336979978936,4.007042352276557,5512.820512820513,0.0002954440122317747,1181.23875,0.037000000000000005,0.324561403508772,0-0-2801-1,a,fcd45f4d-Audio_SP21.v0,group_0,1,fave,104.96035656415651,72.57604889496099,7,máquinas,"",0.08999999999991815,las,de,m,k,m,k,internal
496.75812656194387,1633.7188738025375,2602.255644528383,3.1829423015781297,3.2335935566438057,3.3572665347797224,5692.3076923076915,0.000022243199830155448,1181.48575,0.031,0.32978723404255317,0-0-2801-5,a,fcd45f4d-Audio_SP21.v0,group_0,1,fave,122.80817359472687,77.48995397469982,7,máquinas,"",0.06999999999993634,las,de,n,s,n,s,internal
570.9112617363592,1423.0557047942266,2280.803008604281,3.2103194004995155,3.1589908856759323,4.0276857284133945,5692.3076923076915,0.0013482034513702388,1182.76775,0.035,0.33653846153846156,0-0-2806-1,a,fcd45f4d-Audio_SP21.v0,group_0,1,fave,117.60123066334042,67.7638127944067,7,las,"",0.07999999999992724,",",legales,l,s,l,s,internal
567.9955294166404,1483.3146077004158,2001.201248353242,2.308229412334385,3.377789249439211,3.29123170227336,5333.333333333333,0.000012162290192386346,1211.45575,0.031,0.32978723404255317,0-0-2813-0,a,fcd45f4d-Audio_SP21.v0,group_0,1,fave,126.47022062808402,80.91704016260138,7,ha,"",0.06999999999993634,",",cambiado,#,#,.,k,coextensive
536.3206282243444,1374.6261213129164,2035.3554678892672,2.977764978474256,3.312751989055742,3.417176138122643,5692.3076923076915,0.00005851453465197638,1211.5937499999998,0.027000000000000003,0.32142857142857145,0-0-2814-1,a,fcd45f4d-Audio_SP21.v0,group_0,1,fave,143.23288617476626,77.9706209581754,7,cambiado,"",0.060000000000172804,ha,mucho,k,m,k,m,internal
544.0815331906299,1740.8127917856852,2499.3242771978325,2.951942951818612,3.5738350028476558,3.6134639343291193,5692.3076923076915,0.0002529605410995566,1215.8787499999999,0.037,0.32456140350877194,0-0-2824-4,a,fcd45f4d-Audio_SP21.v0,group_0,1,fave,126.77820067761215,75.84553469964587,7,tarea,"",0.09000000000014552,mucha,",",é,#,é,.,final
636.4337372056253,1663.661350668735,2511.7311582873094,3.2349472597865034,3.6977551473445756,3.963272407413907,5512.820512820513,0.0004931455138526997,1219.47775,0.035,0.33653846153846156,0-0-2837-3,a,fcd45f4d-Audio_SP21.v0,group_0,1,fave,108.30077678392846,63.73875907197273,7,desarrollar,"",0.07999999999992724,podía,tareas,s,r,s,r,internal
533.0546210730556,1444.8574044045133,2723.650877015049,2.1704344035219503,3.4359188830298915,3.9100824425115994,5153.846153846154,0.0011493136426506249,1219.93575,0.031,0.32978723404255317,0-0-2838-1,a,fcd45f4d-Audio_SP21.v0,group_0,1,fave,100.09541918904357,74.12757235304142,7,tareas,"",0.06999999999993634,desarrollar,%%,t,R,t,R,internal
594.0726863940558,1523.7599670854968,2293.2023368694986,2.920120186744265,2.986303532145048,3.6593719969067564,4794.871794871795,0.00045819017433219763,1220.28775,0.07500000000000001,0.3348214285714286,0-0-2838-4,a,fcd45f4d-Audio_SP21.v0,group_0,1,fave,108.0880612936277,71.09166136253499,7,tareas,"",0.20000000000004547,desarrollar,%%,é,s,é,s,internal
553.9898593597862,1260.022546652113,1816.6465189273374,3.43118201847551,3.6924695419833204,4.6658822297273685,5692.3076923076915,0.0015569694474121978,1222.38075,0.041,0.3306451612903226,0-0-2844-5,a,fcd45f4d-Audio_SP21.v0,group_0,1,fave,105.44356130452074,72.30500848686735,7,semana,"",0.10000000000013642,la,",",n,#,n,.,final
605.4600709049186,1357.5077256163881,2243.9080875319864,3.02547156743886,3.301442626945556,3.9255604050385795,4794.871794871795,0.0020213819041674103,1222.54775,0.035,0.3365384615384616,0-0-2846-1,a,fcd45f4d-Audio_SP21.v0,group_0,1,fave,107.79566468627132,69.6779196027543,7,sacaba,"",0.07999999999992724,",",[silence],s,k,s,k,internal
640.5003401466997,1216.890641352722,1903.6723358241559,3.0615094382893173,3.402037341271877,3.8501053667177247,5153.846153846154,0.0014890062825944858,1222.93475,0.129,0.33593749999999994,0-0-2846-5,a,fcd45f4d-Audio_SP21.v0,group_0,1,fave,100.09454041019696,70.70797966875647,7,sacaba,"",0.36000000000012733,",",[silence],b,#,b,.,final
508.809188981109,1897.6070604388879,2449.2687918689303,2.1209746861082537,3.6808469090122515,3.944024638976159,4435.897435897436,0.000067916428881654,1225.44375,0.027000000000000003,0.32142857142857145,0-0-2854-0,a,fcd45f4d-Audio_SP21.v0,group_0,1,fave,127.5865064546486,83.65061628565228,7,ha,"",0.05999999999994543,y,bajado,#,#,i,b,coextensive
605.8786654775324,1058.925981272504,2208.662865953677,2.8794394372446854,3.2208375482639373,3.339852390660633,5333.333333333333,0.000030138252892213164,1225.6037499999998,0.027000000000000003,0.32142857142857145,0-0-2855-1,a,fcd45f4d-Audio_SP21.v0,group_0,1,fave,130.35523154046163,77.52660601186895,7,bajado,"",0.060000000000172804,ha,la,b,x,b,x,internal
588.2829314929365,1446.982890582784,3739.1609358391865,3.1229118515893917,3.350259635889213,4.912675542662373,6948.717948717948,0.000385015534992008,1226.68775,0.035,0.3365384615384616,0-0-2859-1,a,fcd45f4d-Audio_SP21.v0,group_0,1,fave,107.49450606424843,75.91167928334247,7,tarea,"",0.07999999999992724,de,",",t,R,t,R,internal
508.46216613385224,1571.8584307251558,4358.67051221158,2.6199001432214803,3.404170232816144,4.596919124250755,7307.692307692308,0.00047916468612784857,1226.97775,0.035,0.3365384615384616,0-0-2859-4,a,fcd45f4d-Audio_SP21.v0,group_0,1,fave,124.96836713257623,71.51420324498726,7,tarea,"",0.07999999999992724,de,",",é,#,é,.,final
586.4831666844642,1419.343975906469,2193.628322709862,2.6339149944810134,3.038174895339693,3.137795499816489,4794.871794871795,0.00003170073595997083,1231.6457500000001,0.031,0.32978723404255317,0-0-2878-1,a,fcd45f4d-Audio_SP21.v0,group_0,1,fave,105.76737818491223,78.01774790874644,7,tarea,"",0.06999999999993634,de,sin,t,R,t,R,internal
532.6218326838592,1773.6675141377716,2356.6263684915066,2.615288096684145,3.418660580462525,3.6924563674814364,5153.846153846154,0.0004444430687324439,1231.9307500000002,0.041,0.3306451612903226,0-0-2878-4,a,fcd45f4d-Audio_SP21.v0,group_0,1,fave,133.65380231501138,70.71583610037207,7,tarea,"",0.09999999999990905,de,sin,é,#,é,s,final
535.4726482027226,1520.6449461037555,2197.11967071948,2.931938461428647,3.079893059987827,3.7474297396022096,5512.820512820513,0.00005331821842884844,1234.45375,0.027000000000000003,0.32142857142857145,0-0-2886-1,a,fcd45f4d-Audio_SP21.v0,group_0,1,fave,115.40383893165111,68.01462336289786,7,sacar,"",0.05999999999994543,puedes,diez,s,k,s,k,internal
544.4584385173744,1331.0150571647002,2193.8157007880477,2.441788992590513,3.5216778363987955,3.9480191589192866,5512.820512820513,0.00007585607160991011,1243.1457500000001,0.031,0.32978723404255317,0-0-2915-1,a,fcd45f4d-Audio_SP21.v0,group_0,1,fave,312.42201172957164,71.12511141874953,7,tareas,"",0.06999999999993634,las,que,t,R,t,R,internal
507.5031509097058,1265.6403035132894,1937.8434033681497,2.7097773398557403,3.1656855768440693,2.84158809460212,5512.820512820513,0.00003250222371028033,1243.8637499999998,0.027000000000000003,0.32142857142857145,0-0-2918-5,a,fcd45f4d-Audio_SP21.v0,group_0,1,fave,108.99432223614058,72.75878750805163,7,colocan,"",0.060000000000172804,[silence],los,k,n,k,n,internal
544.8790759689233,1609.231540879815,2250.6092983913813,2.7270156649375252,3.252190947002871,3.059420911369044,5333.333333333333,0.00009879516468530179,1246.05775,0.035,0.3365384615384616,0-0-2925-0,a,fcd45f4d-Audio_SP21.v0,group_0,1,fave,109.88790415016989,79.47319337274557,7,ha,"",0.07999999999992724,Este,sido,#,#,é,s,coextensive
610.7091666331665,1075.4985591728114,1955.6428206354522,2.9664442180321005,3.2364783426846016,2.723846398036611,5333.333333333333,0.00001679802127230341,1251.61575,0.031,0.32978723404255317,0-0-2936-7,a,fcd45f4d-Audio_SP21.v0,group_0,1,fave,115.62944250087786,78.55456066675124,7,colocaban,"",0.07000000000016371,[silence],unas,b,n,b,n,internal
532.5996167664675,1350.8045109236186,2120.8769504545407,3.46138642429411,3.557787200747964,3.9447001331012066,4974.358974358975,0.0005869452787848276,1251.81575,0.031,0.32978723404255317,0-0-2937-2,a,fcd45f4d-Audio_SP21.v0,group_0,1,fave,125.16922040894303,71.0378437325616,7,unas,"",0.06999999999993634,colocaban,tareas,n,s,n,s,internal
519.2407645867156,1451.022174077425,2322.259988755926,2.455544340336206,2.865655624599138,3.560887964578025,5512.820512820513,0.00002635086986143624,1251.9737499999999,0.027000000000000003,0.32142857142857145,0-0-2938-1,a,fcd45f4d-Audio_SP21.v0,group_0,1,fave,120.98167888585229,76.72176860267611,7,tareas,"",0.05999999999994543,unas,[silence],t,R,t,R,internal
615.2989643755751,1213.923300222393,1984.543391702999,3.4643511273316046,3.7439404216528844,3.2325272270443874,4794.871794871795,0.0006178807763514689,1252.56575,0.031,0.32978723404255317,0-0-2941-1,a,fcd45f4d-Audio_SP21.v0,group_0,1,fave,117.69978703270874,69.38153342711253,7,las,"",0.06999999999993634,todas,noches,l,s,l,s,internal
651.865386522514,1177.2617835250162,2107.608131714457,3.043320580807845,3.2564948251996353,3.3511045018363026,5512.820512820513,0.0003729536606042169,1254.1277499999999,0.035,0.33653846153846156,0-0-2947-4,a,fcd45f4d-Audio_SP21.v0,group_0,1,fave,NaN,71.58632774934429,7,estaba,"",0.08000000000015461,y,pendiente,b,#,b,p,final
581.6670546796026,1443.3569228707102,2143.764975266987,3.3018349501434017,3.470648148499509,4.166080027030219,5153.846153846154,0.00011515752676685784,1255.09575,0.031,0.32978723404255317,0-0-2953-1,a,fcd45f4d-Audio_SP21.v0,group_0,1,fave,112.42331463677323,70.91868422690649,7,las,"",0.07000000000016371,de,tareas,l,s,l,s,internal
550.4293954252963,1459.1828321269325,2388.0119380859546,2.3915245175295445,3.3117144697244307,3.7644808410763875,5512.820512820513,0.000013746553413202836,1255.2437499999999,0.027000000000000003,0.32142857142857145,0-0-2954-1,a,fcd45f4d-Audio_SP21.v0,group_0,1,fave,165.51013906387996,73.10199340502199,7,tareas,"",0.05999999999994543,las,que,t,R,t,R,internal
494.6848272058295,1320.9807899304685,1477.693706059229,2.1350814558038316,3.747940764789709,4.03238374174185,4794.871794871795,0.00003613821260650289,1257.0437499999998,0.027000000000000003,0.32142857142857145,0-0-2963-5,a,fcd45f4d-Audio_SP21.v0,group_0,1,fave,127.45360284511735,76.37358107511453,7,colocan,"",0.05999999999994543,[silence],[silence],k,n,k,n,internal
591.9226219979283,1182.7320397657868,1904.8704712454535,3.1480278711391128,3.046963525518959,3.343495548380899,5153.846153846154,0.0003854137704210213,1260.08075,0.061000000000000006,0.3315217391304348,0-0-2973-0,a,fcd45f4d-Audio_SP21.v0,group_0,1,fave,105.32407723989975,70.58140814889391,7,a,"",0.16000000000008185,cuanto,que,#,#,o,k,coextensive
536.1766035640441,1487.3046474002524,2019.3351036228191,2.2550377866331046,2.925932403243314,3.8104352456399075,4435.897435897436,0.00019669917191984882,1260.3687499999999,0.037000000000000005,0.324561403508772,0-0-2975-0,a,fcd45f4d-Audio_SP21.v0,group_0,1,fave,101.20028049179773,72.22379466196949,7,ha,"",0.09000000000014552,que,cambiado,#,#,é,k,coextensive
569.447719256985,1430.4968145131334,1909.7245637801286,2.94097079559428,2.8979444673737174,3.1419059942413603,5512.820512820513,0.00004721103575732527,1260.5137499999998,0.027000000000000003,0.32142857142857145,0-0-2976-1,a,fcd45f4d-Audio_SP21.v0,group_0,1,fave,113.66773143396912,74.83494450560644,7,cambiado,"",0.05999999999994543,ha,la,k,m,k,m,internal
520.5317243800072,1408.5378364242054,2284.41452812531,2.644758865780067,3.2581130950201453,3.6068979790710616,5153.846153846154,0.000043325508130685216,1269.48575,0.031,0.32978723404255317,0-0-3005-1,a,fcd45f4d-Audio_SP21.v0,group_0,1,fave,259.3155186621961,76.44400970730734,7,tareas,"",0.06999999999993634,tener,y,t,R,t,R,internal
559.080370189661,1272.8161430242405,3758.287081301986,3.2505793278670096,2.7188881005208705,3.7178976819323837,6589.74358974359,0.0012441999389649495,1271.43775,0.055,0.33536585365853655,0-0-3012-0,a,fcd45f4d-Audio_SP21.v0,group_0,1,fave,1861.6532825839422,60.76628692232746,7,hacer,"",0.13999999999987267,sin,ningún,#,z,n,z,initial
525.2931877316929,1366.2403734056345,2277.49144828316,2.244327812156891,2.622422781524009,3.6021248262133003,5512.820512820513,0.00005627936717622878,1272.3537499999998,0.027000000000000003,0.32142857142857145,0-0-3016-1,a,fcd45f4d-Audio_SP21.v0,group_0,1,fave,527.7644310561033,75.4051026047469,7,tarea,"",0.060000000000172804,de,por,t,R,t,R,internal
513.4677500286156,1533.8580410288264,2308.7711612349917,2.5891591669985172,3.7305085913670615,3.562210712841444,5871.794871794871,0.0015455803202344006,1272.4907500000002,0.041,0.3306451612903226,0-0-3016-4,a,fcd45f4d-Audio_SP21.v0,group_0,1,fave,493.06414754897145,73.625140165298,7,tarea,"",0.09999999999990905,de,por,é,#,é,p,final
577.4070028567728,1539.6167490372566,2354.0927406132373,3.605831817090366,2.6273404989289695,3.3494980238088607,5692.3076923076915,0.00017937700858191202,1305.99875,0.037,0.32456140350877194,0-0-3037-1,a,fcd45f4d-Audio_SP21.v0,group_0,1,fave,103.73156083063239,71.66903689386051,7,la,"",0.08999999999991815,en,noche,l,#,l,n,final
615.3031699328689,1381.2887206852104,2169.243326709317,3.206720900096499,3.1630858958131616,4.327623011888757,5153.846153846154,0.0000706284549115449,1308.01575,0.031,0.32978723404255317,0-0-3047-1,a,fcd45f4d-Audio_SP21.v0,group_0,1,fave,100.9501618492419,75.36974140600121,7,la,"",0.06999999999993634,de,noche,l,#,l,n,final
590.2268753481319,1224.535217405381,1850.4798828185155,3.165383976790319,3.314041251507855,3.77688486220906,5153.846153846154,0.00006195680647263293,1312.94575,0.031,0.32978723404255317,0-0-3065-5,a,fcd45f4d-Audio_SP21.v0,group_0,1,fave,142.04552985014934,72.94910500698832,7,Colocan,"",0.06999999999993634,%%,tarea,k,n,k,n,internal
534.6594543517598,1424.0376293024553,2047.1464006604488,2.432160827559426,3.232633038656634,4.44800110134578,4974.358974358975,0.00027320988471141443,1313.14775,0.035,0.33653846153846156,0-0-3066-1,a,fcd45f4d-Audio_SP21.v0,group_0,1,fave,118.07465844991675,78.17614053098204,7,tarea,"",0.07999999999992724,Colocan,[silence],t,R,t,R,internal
501.45027065250434,1663.9282919893087,2370.6529336036524,2.362193683966598,3.7852086308708564,4.062389144236812,5153.846153846154,0.00010059733974211306,1313.45575,0.031,0.32978723404255317,0-0-3066-4,a,fcd45f4d-Audio_SP21.v0,group_0,1,fave,126.53416079980722,77.8476971429658,7,tarea,"",0.06999999999993634,Colocan,[silence],é,#,é,.,final
587.1049913879526,1332.9845014817847,2021.9024878368061,3.1361836807426107,3.8953129339115,3.9636899850415728,4794.871794871795,0.0027378695799852525,1315.00875,0.037,0.32456140350877194,0-0-3072-3,a,fcd45f4d-Audio_SP21.v0,group_0,1,fave,108.85691945075986,71.9128205781266,7,para,"",0.08999999999991815,son,pocas,R,#,R,p,final
577.1731750652648,1385.3387264653275,4207.12671974187,4.107722574758813,3.366242654999715,4.111630144086044,6410.25641025641,0.0008884348549040916,1315.3037499999998,0.027000000000000003,0.32142857142857145,0-0-3073-3,a,fcd45f4d-Audio_SP21.v0,group_0,1,fave,110.70356321928423,65.97720847011938,7,pocas,"",0.05999999999994543,para,personas,k,s,k,s,internal
513.5979373466574,1468.4775429838842,2197.5026684865475,4.096075114018821,3.6491434460386394,4.5322396898678745,5692.3076923076915,0.01244168684687047,1321.0927499999998,0.045,0.33582089552238803,0-0-3090-4,a,fcd45f4d-Audio_SP21.v0,group_0,1,fave,116.75958731633717,73.84925301550359,7,tareas,"",0.11000000000012733,son,por,é,s,é,s,internal
557.4520581407832,1300.1237574349914,2081.757055421418,2.424270589445147,3.2808127358919252,4.219802074881204,4974.358974358975,0.00003057937481776802,1326.5437499999998,0.027000000000000003,0.32142857142857145,0-0-3106-0,a,fcd45f4d-Audio_SP21.v0,group_0,1,fave,107.48563321079324,73.3593088917592,7,al,"",0.05999999999994543,laborar,día,#,l,R,l,initial
587.9503703483012,1164.9244055896681,3823.9629965625054,2.328904120871878,2.8961088653559615,3.7922339281010573,5512.820512820513,0.00023437875130875055,1328.83575,0.031,0.32978723404255317,0-0-3115-0,a,fcd45f4d-Audio_SP21.v0,group_0,1,fave,170.09081476327435,74.7155673485605,7,acostando,"",0.07000000000016371,[silence],tan,#,k,.,k,initial
543.2113607907479,876.7504577556928,1394.304503576748,3.609427098606476,3.7273515953432335,2.90672030761644,3897.4358974358975,0.004534835144714637,1329.3127499999998,0.045,0.33582089552238803,0-0-3116-1,a,fcd45f4d-Audio_SP21.v0,group_0,1,fave,57420.36676230113,57.924018153423695,7,tan,"",0.11000000000012733,acostando,tarde,t,n,t,n,internal
548.682692221517,1458.144367817645,2230.1555078384554,2.4335704765250226,2.53831129939196,3.25311653458358,5333.333333333333,0.0000139802590162393,1332.08575,0.031,0.32978723404255317,0-0-3128-1,a,fcd45f4d-Audio_SP21.v0,group_0,1,fave,104.90536367287896,77.35814152491174,7,tareas,"",0.07000000000016371,las,en,t,R,t,R,internal
526.4559937009695,1580.1743412316305,2113.561783512597,2.731286947417971,3.309664240076286,3.697802583971933,5153.846153846154,0.000028452362969711827,1332.2837499999998,0.027000000000000003,0.32142857142857145,0-0-3128-4,a,fcd45f4d-Audio_SP21.v0,group_0,1,fave,101.08331117770605,72.97341689409036,7,tareas,"",0.05999999999994543,las,en,é,s,é,s,internal
602.7331220732509,1203.285089120999,4225.303162393074,3.22878264489837,2.9527660253110035,4.7503479880659185,6769.2307692307695,0.00008521084308884839,1332.6137499999998,0.027000000000000003,0.32142857142857145,0-0-3131-1,a,fcd45f4d-Audio_SP21.v0,group_0,1,fave,94.39285334607587,65.62744286340372,7,mañana,"",0.060000000000172804,la,[silence],m,N,m,N,internal
565.1266543373591,1361.7436510757266,4068.0924522942623,3.211710437188014,3.039653237830316,4.059123321837694,5512.820512820513,0.0022527601620377386,1332.96575,0.051000000000000004,0.3311688311688312,0-0-3131-5,a,fcd45f4d-Audio_SP21.v0,group_0,1,fave,153.2990546609872,64.10003145742836,7,mañana,"",0.12999999999988177,la,[silence],n,#,n,.,final
518.9505287971158,1463.562470712995,2460.025229678445,2.3398224789178825,2.6360679103554467,3.797462595600931,5512.820512820513,0.00003828714099892233,1335.14375,0.027000000000000003,0.32142857142857145,0-0-3139-1,a,fcd45f4d-Audio_SP21.v0,group_0,1,fave,499.5916307288956,75.70031622771027,7,salir,"",0.05999999999994543,de,del,s,l,s,l,internal
601.6945601987303,1345.6359301123325,2039.0786705574874,2.4068261776092563,3.168751551980582,3.427638732259339,5333.333333333333,0.000026534552459401767,1388.43575,0.031,0.32978723404255317,0-0-3217-3,a,fcd45f4d-Audio_SP21.v0,group_0,1,fave,101.60344355564479,77.94473533957124,7,casa,"",0.06999999999993634,mi,[silence],s,#,s,.,final
560.3098892772998,1397.8898516385827,1966.7783909908194,2.453600555147288,2.8432050864479477,4.336450496556251,5512.820512820513,0.00011985846622159973,1390.85575,0.031,0.32978723404255317,0-0-3224-2,a,fcd45f4d-Audio_SP21.v0,group_0,1,fave,98.63295347340592,75.73537366232364,7,una,"",0.07000000000016371,con,laptop,n,#,n,l,final
610.2856338252799,1266.7501499819984,1969.251475046712,2.316275409214527,2.9141564766790524,3.543167303121968,5153.846153846154,0.00016476798165423627,1391.01775,0.055,0.33536585365853655,0-0-3225-1,a,fcd45f4d-Audio_SP21.v0,group_0,1,fave,114.33795739464148,77.61314833690105,7,laptop,"",0.14000000000010004,una,cuento,l,t,l,t,internal
467.09631529477565,1514.0765738462037,1745.4310988608747,3.3075994263945114,2.9109886020841587,4.972870213097497,5512.820512820513,0.0004462508183681951,1392.6337499999997,0.027000000000000003,0.32142857142857145,0-0-3230-2,a,fcd45f4d-Audio_SP21.v0,group_0,1,fave,109.22366794454989,69.97668255394758,7,una,"",0.060000000000172804,con,estación,n,#,n,s,final
562.8259114907345,1106.1510090264985,1793.79015094963,2.214018837184328,2.9551400966310455,3.3679756665211387,5153.846153846154,0.0001937413701960467,1393.84375,0.067,0.32843137254901966,0-0-3236-2,a,fcd45f4d-Audio_SP21.v0,group_0,1,fave,104.53231718516922,81.0048691555061,7,trabajo,"",0.18000000000006366,de,[silence],R,b,R,b,internal
596.2410567032726,1328.1326109572647,3685.098173790368,2.229890489009267,3.5056360204046566,3.506436678779453,6769.2307692307695,0.0003324493732319462,1398.37075,0.041,0.3306451612903226,0-0-3252-1,a,fcd45f4d-Audio_SP21.v0,group_0,1,fave,147.50552496477164,73.6732010759591,7,laptop,"",0.10000000000013642,mi,y,l,t,l,t,internal
602.558290580102,1350.4710394380406,1675.0556929646855,3.048574872208261,3.6164678521441536,4.539909470365404,5153.846153846154,0.00019078261981516885,1400.94575,0.031,0.32978723404255317,0-0-3263-1,a,fcd45f4d-Audio_SP21.v0,group_0,1,fave,120.32378481557876,69.54490454328784,7,la,"",0.06999999999993634,en,página,l,#,l,p,final
629.8161838404499,1192.0355528877208,4399.218808420762,2.670255111995121,3.2718014189482356,4.394997513174129,8025.641025641025,0.0008023278019931724,1401.1027499999998,0.045,0.3358208955223881,0-0-3264-1,a,fcd45f4d-Audio_SP21.v0,group_0,1,fave,139.7727924543284,77.75210074860766,7,página,"",0.11000000000012733,la,porque,p,x,p,x,internal
536.8863522279902,1481.8317899756325,3479.085161470685,2.4890606271647506,4.63530984506259,5.2256087104369415,6230.7692307692305,0.0013350387476457914,1401.3427499999998,0.025,0.33783783783783783,0-0-3264-5,a,fcd45f4d-Audio_SP21.v0,group_0,1,fave,144.27533754675608,67.28473466589921,7,página,"",0.0500000000001819,la,porque,n,#,n,p,final
568.6231224045091,1255.8320552294103,1962.4091922259795,2.238563306237016,3.4208715493385804,3.932510561585684,5153.846153846154,0.005077719413668979,1405.00575,0.11100000000000002,0.3323353293413173,0-0-3271-4,a,fcd45f4d-Audio_SP21.v0,group_0,1,fave,210.92023960599727,76.30669466482036,7,gusta,"",0.30999999999994543,[silence],me,t,#,t,m,final
610.5267114444425,1275.9152226213855,1936.2895084770526,2.432226943373249,3.129699004668162,4.245715226234242,5153.846153846154,0.0003768525677084551,1406.6657500000001,0.031,0.32978723404255317,0-0-3275-0,a,fcd45f4d-Audio_SP21.v0,group_0,1,fave,454.6108581746563,71.28330568687966,7,aparte,"",0.06999999999993634,[silence],[silence],#,p,.,p,initial
485.73879937836915,1613.0183098217597,2197.9918638365803,2.5451418475460166,3.6138075874905056,4.205355594992042,5512.820512820513,0.0035990785261893823,1409.89075,0.061000000000000006,0.3315217391304348,0-0-3282-1,a,fcd45f4d-Audio_SP21.v0,group_0,1,fave,111.60568072481867,71.92620538876108,7,fácil,"",0.16000000000008185,es,es,f,z,f,z,internal
584.3393929130326,1538.7214719973354,2000.6225563239539,2.3038513202112605,2.8680667491739187,4.789420019067692,5692.3076923076915,0.0007784414102205673,1414.70375,0.047,0.3263888888888889,0-0-3295-5,a,fcd45f4d-Audio_SP21.v0,group_0,1,fave,105.9985449727281,78.573043364924,7,manera,"",0.11999999999989086,una,extra,R,#,R,é,final
529.7842233453856,1381.1709171768089,2445.170065485308,2.4280810981833434,3.793816132228582,4.926877575305188,5871.794871794871,0.0011900952667512775,1439.94775,0.035,0.3365384615384616,0-0-3315-3,a,fcd45f4d-Audio_SP21.v0,group_0,1,fave,163.687012204237,73.58738145814041,7,muchas,"",0.07999999999992724,hay,tareas,h,s,h,s,internal
568.489910131493,1379.033400714918,1808.4784080676648,2.467648977965602,3.27987337685225,4.669409161131205,5512.820512820513,0.000010006155085604615,1440.1127499999998,0.025,0.33783783783783783,0-0-3316-1,a,fcd45f4d-Audio_SP21.v0,group_0,1,fave,147.44865815125794,76.22627594156658,7,tareas,"",0.0500000000001819,muchas,[silence],t,R,t,R,internal
629.6680575511278,1311.0366999872801,3678.980896442462,3.784109547698539,3.0437927405499465,4.164653349457094,6589.74358974359,0.00044667498718097226,1441.47575,0.031,0.32978723404255317,0-0-3321-3,a,fcd45f4d-Audio_SP21.v0,group_0,1,fave,116.12124713333239,70.76051044423536,7,semanalmente,"",0.06999999999993634,%%,no,m,n,m,n,internal
627.9608885588034,1324.492283621631,1700.320050987874,3.1551504955471605,3.1217047883484854,4.544575385644116,4794.871794871795,0.0003970003293847968,1441.5837499999998,0.047,0.3263888888888889,0-0-3321-5,a,fcd45f4d-Audio_SP21.v0,group_0,1,fave,109.73242556789519,72.88636063441177,7,semanalmente,"",0.12000000000011823,%%,no,n,l,n,l,internal
485.99545772917,1454.1950153995479,2097.2365122102824,2.4197810746718234,3.25490307843473,4.247051216804035,5153.846153846154,0.0001301503528408082,1445.45575,0.031,0.32978723404255317,0-0-3333-3,a,fcd45f4d-Audio_SP21.v0,group_0,1,fave,118.41154656825782,76.42208325892665,7,toca,"",0.06999999999993634,Entonces,esperar,k,#,k,s,final
630.1443144633073,1326.6274819245339,2086.9417170145866,2.215822150670861,3.1819239628281553,3.1801778028285765,5153.846153846154,0.00021781756533070383,1447.73775,0.095,0.334507042253521,0-0-3342-3,a,fcd45f4d-Audio_SP21.v0,group_0,1,fave,105.22297303078157,78.64498945912119,7,Para,"",0.2599999999999909,[silence],co,R,#,R,k,final
628.1997236905189,1180.8872934175147,1804.9314780403072,3.263773247605577,2.8978975185014777,4.434380878971326,5692.3076923076915,0.00010397140625981134,1448.8137499999998,0.027000000000000003,0.32142857142857145,0-0-3346-4,a,fcd45f4d-Audio_SP21.v0,group_0,1,fave,134.88606572554892,68.54170938009857,7,normalmente,"",0.05999999999994543,yo,cobro,m,l,m,l,internal
610.333593145233,1337.013246317319,1984.6580225497653,2.4815402591640017,2.4648912588450065,3.6116279619957243,5333.333333333333,0.00003663416515638264,1456.26575,0.031,0.32978723404255317,0-0-3369-0,a,fcd45f4d-Audio_SP21.v0,group_0,1,fave,112.16749650908862,71.51575937534128,7,a,"",0.06999999999993634,tenga,la,#,#,a,l,coextensive
535.4964783942922,1366.0537602599595,1801.9734814327653,2.487617098877808,3.383402485250456,4.334066265405753,5512.820512820513,0.00017213884251971535,1456.3837499999997,0.027000000000000003,0.32142857142857145,0-0-3370-1,a,fcd45f4d-Audio_SP21.v0,group_0,1,fave,126.81175684975861,75.37440177612957,7,la,"",0.060000000000172804,a,semana,l,#,l,s,final
577.3646963747977,1271.588929483778,2357.005474451913,3.17572821414468,3.9282407924016653,4.867504837321295,5871.794871794871,0.0004689771559145427,1460.6237499999997,0.027000000000000003,0.32142857142857145,0-0-3387-4,a,fcd45f4d-Audio_SP21.v0,group_0,1,fave,269.98355758005397,70.6593201238412,7,gusta,"",0.060000000000172804,me,cobrar,t,#,t,k,final
578.7516339598959,1316.2343288251952,2096.7626051539614,2.8331475105844754,3.2180228716578934,4.5929747813391195,6410.25641025641,0.010925391252924393,1465.2877500000002,0.13499999999999998,0.33415841584158407,0-0-3402-4,a,fcd45f4d-Audio_SP21.v0,group_0,1,fave,124.1580894015065,74.83165333541106,7,gusta,"",0.37999999999988177,me,[silence],t,#,t,.,final
596.206430015266,1345.2188708696951,1792.1713992700568,3.4491247660525843,3.4023523951247867,5.123450556796345,6051.282051282051,0.0029683888796621983,1466.68375,0.027000000000000003,0.32142857142857145,0-0-3407-1,a,fcd45f4d-Audio_SP21.v0,group_0,1,fave,131.86790055591672,67.94168364558708,7,las,"",0.05999999999994543,[silence],tareas,l,s,l,s,internal
540.3115915693124,1110.4275976472675,1480.9047194653474,2.5250430214531168,3.8079550992216276,4.4824684982732075,5512.820512820513,0.0033613366053947343,1466.8237499999998,0.027000000000000003,0.32142857142857145,0-0-3408-1,a,fcd45f4d-Audio_SP21.v0,group_0,1,fave,338.60744514220426,73.57653465338402,7,tareas,"",0.05999999999994543,las,que,t,R,t,R,internal
632.8394233425519,1340.577518008291,3747.1002068681655,3.2691469479779696,3.0994083483626156,3.8767246632451,5871.794871794871,0.0003593043191988092,1468.92275,0.065,0.33505154639175255,0-0-3415-4,a,fcd45f4d-Audio_SP21.v0,group_0,1,fave,112.20194916361783,75.39933812017424,7,tardan,"",0.16999999999984539,se,siete,d,n,d,n,internal
553.6986033494379,1751.8560517474305,4003.6443512822398,2.9418550257475147,4.655712141093719,4.296962436447231,8025.641025641025,0.0017684527567312681,1472.93775,0.035,0.33653846153846156,0-0-3430-1,a,fcd45f4d-Audio_SP21.v0,group_0,1,fave,114.98938458997763,68.21282606261474,7,la,"",0.07999999999992724,que,terminen,l,#,l,t,final
542.5845311966061,1268.6443940630475,2287.3994235470077,2.280401902661204,2.7868636590812352,3.88041710583489,5512.820512820513,4.630866490164114e-6,1474.5837499999998,0.027000000000000003,0.32142857142857145,0-0-3436-3,a,fcd45f4d-Audio_SP21.v0,group_0,1,fave,124.64069858298225,82.76240239702021,7,para,"",0.060000000000172804,[silence],realizar,R,#,R,r,final
636.0532306071464,1274.0110832025973,1973.599606418884,2.574816614443282,3.192179730048215,3.9018052708861783,5692.3076923076915,0.0015039883488823843,1490.40875,0.07700000000000001,0.3290598290598291,0-0-3449-1,a,fcd45f4d-Audio_SP21.v0,group_0,1,fave,111.16000035597423,76.26693399567357,7,la,"",0.21000000000003638,%%,[silence],l,#,l,.,final
517.3922066951432,1347.7276230633818,2280.0247260115107,2.4596669060488585,3.2954954520669983,4.1259457515953475,5153.846153846154,0.001135453107553716,1492.73275,0.045,0.3358208955223881,0-0-3460-8,a,fcd45f4d-Audio_SP21.v0,group_0,1,fave,174.17054907751978,77.19732185772821,7,Venezuela,"",0.10999999999989996,en,ha,l,#,l,a,final
556.916706842896,1179.4893330399514,3858.984351990181,2.6045273032965603,3.418591671643006,4.997375420016192,7666.666666666666,0.01447334984798754,1492.85575,0.07100000000000001,0.3317757009345795,0-0-3461-0,a,fcd45f4d-Audio_SP21.v0,group_0,1,fave,124.24124256137806,78.1216908211842,7,ha,"",0.19000000000005457,Venezuela,llevado,#,#,a,L,coextensive
620.3034354388369,1220.9589270621582,1860.771091717098,2.5638849346681067,3.746115516610522,3.8689870500784593,4974.358974358975,0.013059867005963163,1493.99475,0.149,0.33558558558558554,0-0-3467-0,a,fcd45f4d-Audio_SP21.v0,group_0,1,fave,168.1523641628099,73.66259503932312,7,a,"",0.4199999999998454,[silence],[silence],#,#,.,.,coextensive
671.8946179386389,1272.268906736266,3346.2916563744334,2.6782256937110662,3.5641493311046655,4.779390805985297,6948.717948717948,0.00056925977891163,1495.05575,0.031,0.32978723404255317,0-0-3471-0,a,fcd45f4d-Audio_SP21.v0,group_0,1,fave,NaN,55.58386566089512,7,a,"",0.06999999999993634,[silence],buscar,#,#,.,b,coextensive
620.4046733541478,1240.8555060655576,1793.9585118064,3.1207978991529957,3.147796360777305,4.195665848146049,4794.871794871795,0.0004212411243088276,1495.74775,0.035,0.3365384615384616,0-0-3473-6,a,fcd45f4d-Audio_SP21.v0,group_0,1,fave,101.50451091851042,74.07593433932614,7,alternativas,"",0.07999999999992724,buscar,.,n,t,n,t,internal
583.3164109786482,1299.8622300042875,4480.953104087704,2.814156500239142,3.1901176458869474,3.9205901024146264,6769.2307692307695,0.0001943099240974081,1505.6657500000001,0.031,0.32978723404255317,0-0-3480-1,a,fcd45f4d-Audio_SP21.v0,group_0,1,fave,101.39590682448029,71.8787334639282,7,la,"",0.06999999999993634,con,tarjeta,l,#,l,t,final
556.4008459528154,1272.8876598182394,1631.032141307058,2.316529293651655,3.6486696497168825,4.624404914062359,4974.358974358975,0.0012390237838083823,1505.7837499999998,0.027000000000000003,0.32142857142857145,0-0-3481-1,a,fcd45f4d-Audio_SP21.v0,group_0,1,fave,558.0013777877045,77.9530705193484,7,tarjeta,"",0.05999999999994543,la,de,t,R,t,R,internal
591.9233263642711,1411.6779638214266,4137.934310729248,2.961412261371625,2.713752604624148,4.821781487877394,6051.282051282051,0.00035505705018452693,1510.30575,0.031,0.32978723404255317,0-0-3493-7,a,fcd45f4d-Audio_SP21.v0,group_0,1,fave,103.14912215745218,70.31967155459051,7,depositan,"",0.06999999999993634,me,en,t,n,t,n,internal
562.6350822843712,1363.075163231716,3825.059963177455,2.8300062675847073,3.0282769207058973,4.593931724702845,7128.205128205128,0.0001757512246862182,1512.5837499999998,0.027000000000000003,0.32142857142857145,0-0-3503-8,a,fcd45f4d-Audio_SP21.v0,group_0,1,fave,136.99511359278665,72.03022012713876,7,Venezuela,"",0.060000000000172804,en,se,l,#,l,s,final
624.7198725177024,1163.4644845932278,3791.312438337976,3.0735067365505637,2.5811202514717224,3.7613267758574227,5692.3076923076915,0.00001147732532962008,1512.8537499999998,0.027000000000000003,0.32142857142857145,0-0-3505-1,a,fcd45f4d-Audio_SP21.v0,group_0,1,fave,105.151712835699,72.63603797551588,7,maneja,"",0.060000000000172804,se,ya,m,n,m,n,internal
626.0060481647299,1573.9523668390518,3917.9337090417152,3.0816083811659234,3.2048240164247614,4.642159153983937,5871.794871794871,0.0007331559262384528,1513.08775,0.035,0.3365384615384616,0-0-3505-5,a,fcd45f4d-Audio_SP21.v0,group_0,1,fave,103.42729860212539,66.93228323032442,7,maneja,"",0.08000000000015461,se,ya,x,#,x,y,final
605.4682289276618,1499.1450617046414,4017.0034910713116,2.6314989706942145,3.8944582374348458,4.353864004724478,6051.282051282051,0.005560579123921191,1514.65775,0.035,0.33653846153846156,0-0-3515-1,a,fcd45f4d-Audio_SP21.v0,group_0,1,fave,106.41593803417825,68.3298865981545,7,las,"",0.07999999999992724,de,divisas,l,s,l,s,internal
633.6285936129173,1304.4953114615364,3526.292691348968,2.161184394316964,2.7500859850473227,4.2628343534595885,5692.3076923076915,0.00003493160222446845,1520.3827499999998,0.025,0.33783783783783783,0-0-3530-5,a,fcd45f4d-Audio_SP21.v0,group_0,1,fave,309.2760620970877,73.88724220897537,7,moneda,"",0.0500000000001819,la,%%,d,#,d,"",final
507.030641250974,1281.6807777465883,1832.5915090330034,2.3157117459099306,3.191841015140144,3.853169255781585,4974.358974358975,4.87468894960338e-6,1525.3527499999998,0.025,0.33783783783783783,0-0-3557-3,a,fcd45f4d-Audio_SP21.v0,group_0,1,fave,110.91234709163594,75.28643406836156,7,pagan,"",0.0500000000001819,lo,en,g,n,g,n,internal
470.56861731934,561.5298989852973,3495.5996861715303,2.823912247344039,4.167062962424173,5.380432135021719,5871.794871794871,0.0016508807251371736,1525.8727499999998,0.025,0.33783783783783783,0-0-3559-5,a,fcd45f4d-Audio_SP21.v0,group_0,1,fave,508.82314491787787,69.88694103635329,7,divisas,"",0.0500000000001819,en,%%,s,s,s,s,internal
531.6408967628075,1232.6608488174068,3561.5421240385717,2.086068245442516,3.2568394143709227,3.6576181602524347,7307.692307692308,0.000020454569939528746,1528.0737499999998,0.027000000000000003,0.32142857142857145,0-0-3565-1,a,fcd45f4d-Audio_SP21.v0,group_0,1,fave,124.33949418242052,82.94214871507853,7,la,"",0.05999999999994543,hago,transferencia,l,#,l,t,final
502.02835067155723,1141.3534470337863,3542.299640051609,2.7775653450758013,3.248259960160865,4.964190537635852,6769.2307692307695,0.00069014200649159,1528.2237499999999,0.027000000000000003,0.32142857142857145,0-0-3566-2,a,fcd45f4d-Audio_SP21.v0,group_0,1,fave,113.49121868478713,79.30011021758095,7,transferencia,"",0.05999999999994543,la,a,R,n,R,n,internal
575.574505708671,1165.2685992444085,3512.8310497170346,2.911049951457304,2.6592533108144365,4.658756781200599,6051.282051282051,0.0005244080176068786,1529.1287499999999,0.037000000000000005,0.324561403508772,0-0-3569-6,a,fcd45f4d-Audio_SP21.v0,group_0,1,fave,-1732727.2240069206,69.32773738093488,7,persona,"",0.09000000000014552,la,que,n,#,n,k,final
647.8494094674309,1361.6348974069513,3659.2593368381436,2.504182536847466,3.5362859653549976,3.17204597654347,5871.794871794871,0.020223476560622265,1529.76575,0.151,0.3325991189427312,0-0-3572-3,a,fcd45f4d-Audio_SP21.v0,group_0,1,fave,109.80001491327988,73.61130140146753,7,vaya,"",0.4299999999998363,me,[silence],y,#,y,.,final
637.2576901711635,1089.1170644032609,3270.261544269206,2.2547363042003097,3.0113544378243655,4.1814433381020315,6410.25641025641,0.002141177715240386,1530.4407500000002,0.061000000000000006,0.3315217391304348,0-0-3574-0,a,fcd45f4d-Audio_SP21.v0,group_0,1,fave,176.7713802827228,71.28928008067763,7,a,"",0.15999999999985448,[silence],gestionar,#,#,.,x,coextensive
570.0004239839745,1406.3257614394943,2323.068469835416,2.3609697255714135,3.3459469033264213,4.648189291156554,5692.3076923076915,0.0006826580291309975,1532.50775,0.035,0.33653846153846156,0-0-3580-1,a,fcd45f4d-Audio_SP21.v0,group_0,1,fave,105.81349600787625,81.01902910293364,7,la,"",0.07999999999992724,[silence],transferencia,l,#,l,t,final
524.5833786967466,1186.9968508270058,1843.1433182573337,2.7807430987506483,3.3141360268394346,4.548019558275494,5512.820512820513,0.000049822451325405906,1532.67375,0.027000000000000003,0.32142857142857145,0-0-3581-2,a,fcd45f4d-Audio_SP21.v0,group_0,1,fave,108.5276580807872,80.12846153180188,7,transferencia,"",0.05999999999994543,la,me,R,n,R,n,internal
479.9555686327038,569.9724191467133,2430.453345522972,2.4015193919350444,4.044375085592068,4.075118229255605,5333.333333333333,0.007687039335206999,1533.17575,0.031,0.32978723404255317,0-0-3581-12,a,fcd45f4d-Audio_SP21.v0,group_0,1,fave,502.1839136337371,77.2919548707735,7,transferencia,"",0.06999999999993634,la,me,i,#,i,m,final
590.2182100033505,1094.1492864455697,2046.5390709702408,2.76632657760604,3.029426114960643,3.906393941356152,5512.820512820513,0.000028668483277406948,1553.22775,0.035,0.33653846153846156,0-0-3595-1,a,fcd45f4d-Audio_SP21.v0,group_0,1,fave,157.33925212310345,77.35605341532869,7,pasado,"",0.07999999999992724,mes,o,p,s,p,s,internal
600.1288305880315,1093.5078004381855,2034.601158342884,2.4701247616109523,3.9892870497534054,3.7085400853883397,5512.820512820513,0.0002056366059070644,1555.1337499999997,0.027000000000000003,0.32142857142857145,0-0-3604-1,a,fcd45f4d-Audio_SP21.v0,group_0,1,fave,416.57273195833653,76.76296979157723,7,pasado,"",0.060000000000172804,mes,que,p,s,p,s,internal
594.7367985465416,1278.0215462215854,2499.919145504648,2.575049451511086,3.4342890331190334,4.951959787188213,6051.282051282051,0.000505767215904505,1584.60575,0.031,0.32978723404255317,0-0-3640-2,a,fcd45f4d-Audio_SP21.v0,group_0,1,fave,126.83712846670797,74.25399297645835,7,una,"",0.07000000000016371,es,tarea,n,#,n,t,final
536.6379102245596,1335.742287532305,4075.73142324522,2.3665415614503384,2.7193065542563994,4.712996029733145,6230.7692307692305,0.0007064692739911712,1584.74575,0.031,0.32978723404255317,0-0-3641-1,a,fcd45f4d-Audio_SP21.v0,group_0,1,fave,530.6762034815314,78.62649367174845,7,tarea,"",0.06999999999993634,una,de,t,R,t,R,internal
520.3822106404982,1796.296490807346,2652.1510807727336,2.2720200894350593,3.5683415410755095,5.347749723427711,6051.282051282051,0.0006490453612348156,1584.96875,0.037000000000000005,0.324561403508772,0-0-3641-4,a,fcd45f4d-Audio_SP21.v0,group_0,1,fave,109.4976540478541,73.87948679947965,7,tarea,"",0.08999999999991815,una,de,é,#,é,d,final
577.8401775132819,1328.3809134433973,3911.595920076452,2.9951627944531487,3.0977782260897855,3.568431817040984,7846.153846153846,0.00008066250297237113,1588.15275,0.045,0.33582089552238803,0-0-3647-1,a,fcd45f4d-Audio_SP21.v0,group_0,1,fave,137.4366256917062,72.18860715427881,7,la,"",0.10999999999989996,realizar,[silence],l,#,l,.,final
569.9718781215167,1420.1416331427465,3825.0632551793974,2.7450742897522904,2.9065315518009416,3.3188971740572297,6769.2307692307695,0.0002687941605956264,1588.36075,0.041,0.3306451612903226,0-0-3649-1,a,fcd45f4d-Audio_SP21.v0,group_0,1,fave,271.6537091621386,74.41811226303638,7,tarea,"",0.10000000000013642,[silence],%%,t,R,t,R,internal
576.6986762861369,1726.7468782770034,3928.0168012198824,2.3047287956440274,3.3784027560796934,4.193496491811119,6230.7692307692305,0.0003063490723728811,1588.6657500000001,0.051000000000000004,0.3311688311688312,0-0-3649-4,a,fcd45f4d-Audio_SP21.v0,group_0,1,fave,144.3603610758682,67.72356821125717,7,tarea,"",0.12999999999988177,[silence],%%,é,#,é,&,final
602.2973923373628,1249.116251906891,1740.4247921307583,3.2609700050317367,4.001043338044591,4.452800314864015,5692.3076923076915,0.0027876390484908344,1591.81875,0.037,0.32456140350877194,0-0-3656-1,a,fcd45f4d-Audio_SP21.v0,group_0,1,fave,101.28277833588918,71.77369825107465,7,las,"",0.09000000000014552,utilizar,redes,l,s,l,s,internal
580.0118145172223,1173.1550058522582,1712.1732454242162,2.915016762872207,3.7336136130026985,3.7788439667496414,5512.820512820513,0.00006481821558511373,1600.7837499999998,0.027000000000000003,0.32142857142857145,0-0-3683-3,a,fcd45f4d-Audio_SP21.v0,group_0,1,fave,118.17497000139234,77.65460081584061,7,están,"",0.05999999999994543,[silence],contra,t,n,t,n,internal
464.07754492674286,1424.2046640820377,1860.660407816758,2.0855434034627733,3.649758494967778,3.804559054495898,4794.871794871795,0.00029976286550743045,1609.65375,0.027000000000000003,0.32142857142857145,0-0-3699-5,a,fcd45f4d-Audio_SP21.v0,group_0,1,fave,496.3246300330149,77.27017074423154,7,básicamente,"",0.05999999999994543,[silence],de,k,m,k,m,internal
624.6214287106926,1390.4183960967696,3897.6443222182193,2.4256674968432983,3.0421348705514353,4.129297965933755,6051.282051282051,0.002864882309361573,1613.0677500000002,0.135,0.3341584158415842,0-0-3710-5,a,fcd45f4d-Audio_SP21.v0,group_0,1,fave,105.61973212443051,75.16515800214096,7,moneda,"",0.38000000000010914,una,virtual,d,#,d,b,final
595.0077122384153,1705.628727203896,1877.8512037357902,2.2631888590203126,3.6089687986667305,4.57635452955638,5153.846153846154,0.00011430912763285903,1614.68575,0.031,0.32978723404255317,0-0-3716-0,a,fcd45f4d-Audio_SP21.v0,group_0,1,fave,100.99442676827493,74.01879129048092,7,a,"",0.06999999999993634,genera,ellos,#,#,a,é,coextensive
657.3550989606755,1085.5618069642883,3860.6988351339837,3.10214966852392,3.781178713348273,4.068624703908487,7128.205128205128,0.06626939916041268,1618.91275,0.045,0.3358208955223881,0-0-3730-0,a,fcd45f4d-Audio_SP21.v0,group_0,1,fave,-243.024251006158,67.11067915755952,7,Aparte,"",0.10999999999989996,[silence],[silence],#,p,.,p,initial
659.0040253826227,1367.7782340565816,1826.9765283232346,2.56871704247574,3.203764412072515,4.155591722324973,4974.358974358975,0.0002694800519051451,1624.09575,0.051000000000000004,0.3311688311688311,0-0-3741-1,a,fcd45f4d-Audio_SP21.v0,group_0,1,fave,133.73135579455007,78.80761246066169,7,dándole,"",0.13000000000010914,[silence],like,d,n,d,n,internal
579.2752631100151,1421.0817928062004,2313.3634211972967,3.278212960176614,3.2461288565331032,4.444972380967595,4974.358974358975,0.00022472807232889542,1626.96875,0.037000000000000005,0.324561403508772,0-0-3747-3,a,fcd45f4d-Audio_SP21.v0,group_0,1,fave,107.06656587097778,73.68277116744687,7,llena,"",0.08999999999991815,se,una,n,#,n,ú,final
520.6804810885135,1194.2772972174723,1967.4833713088724,2.3242084531392972,3.3216312280999887,4.824287547232977,5153.846153846154,0.0004398369393371221,1627.5137499999998,0.027000000000000003,0.32142857142857145,0-0-3749-3,a,fcd45f4d-Audio_SP21.v0,group_0,1,fave,550.4598259183698,79.27003819691558,7,barra,"",0.05999999999994543,una,de,r,#,r,d,final
613.7722837978362,1632.4190201922763,3769.468947810089,2.877348279391246,3.4829910555508863,4.0611811981352846,6051.282051282051,0.00002815144569849581,1632.8037499999998,0.027000000000000003,0.32142857142857145,0-0-3767-5,a,fcd45f4d-Audio_SP21.v0,group_0,1,fave,134.11036543006938,71.16869101183158,7,moneda,"",0.05999999999994543,de,[silence],d,#,d,.,final
590.2822205497665,1427.1584027922597,2076.9980691901205,3.009335068849419,3.5528741185643624,4.3096147750705285,5512.820512820513,0.00035590651515061766,1633.53575,0.031,0.32978723404255317,0-0-3772-2,a,fcd45f4d-Audio_SP21.v0,group_0,1,fave,131.62214924960838,74.81140654870873,7,Clapcoin,"",0.06999999999993634,el,[silence],l,p,l,p,internal
626.0373125109014,1297.3897115841025,1819.5243433889743,3.421795445519216,3.904635042492155,3.796072391600362,4615.384615384615,0.026327881390375462,1634.5427499999998,0.045,0.3358208955223881,0-0-3776-2,a,fcd45f4d-Audio_SP21.v0,group_0,1,fave,114.00145070104585,59.13731391682409,7,Clapcoin,"",0.11000000000012733,el,es,l,p,l,p,internal
573.0822224732484,1454.040044232824,3690.302887482531,2.794171308553155,3.182789298962442,3.4837844861017975,6589.74358974359,0.0003017632393079476,1636.2837499999998,0.047,0.3263888888888889,0-0-3784-3,a,fcd45f4d-Audio_SP21.v0,group_0,1,fave,333.0734425196394,78.454324341211,7,para,"",0.12000000000011823,virtual,ellos,R,#,R,é,final
624.7768658413656,1258.7277805962242,4634.915522469597,2.910885802156309,2.8905075347474547,4.168010267678735,7846.153846153846,0.0053203130555167155,1644.06875,0.217,0.3318042813455658,0-0-3815-2,a,fcd45f4d-Audio_SP21.v0,group_0,1,fave,103.03888567167822,73.16385421874524,7,una,"",0.6299999999998818,es,[silence],n,#,n,.,final
578.9655623390794,1313.4135180091107,1771.2169445130176,3.1211076888334683,3.5604936780221386,3.915358466874704,4974.358974358975,0.0000286739574639538,1646.19375,0.027000000000000003,0.32142857142857145,0-0-3820-2,a,fcd45f4d-Audio_SP21.v0,group_0,1,fave,109.6639844712027,77.21759686426658,7,una,"",0.05999999999994543,es,página,n,#,n,p,final
558.5683524480423,1689.905439955858,2512.0765152036984,2.627353462937865,2.8830590462848367,3.856977580360107,5333.333333333333,0.00001412706607201758,1646.51575,0.031,0.32978723404255317,0-0-3821-5,a,fcd45f4d-Audio_SP21.v0,group_0,1,fave,113.30711285684067,77.79655800705285,7,página,"",0.06999999999993634,una,de,n,#,n,d,final
779.725297277323,1254.9662089997412,1608.499769364071,3.012051448047407,3.80603994344124,4.196120167403772,5512.820512820513,0.0043047692742815315,1649.3287500000001,0.07700000000000001,0.3290598290598291,0-0-3833-0,a,fcd45f4d-Audio_SP21.v0,group_0,1,fave,100.51259100685793,75.08831699004472,7,al,"",0.21000000000003638,[silence],[silence],#,l,.,l,initial
673.0429352006364,1426.8068288881436,4466.871644061295,2.8166831506136285,3.4657911780040096,3.862157789235341,7487.179487179487,0.0007210120532498449,1650.13075,0.041,0.3306451612903226,0-0-3835-0,a,fcd45f4d-Audio_SP21.v0,group_0,1,fave,341.15781858073603,62.52959086232521,7,al,"",0.10000000000013642,[silence],anuncio,#,l,.,l,initial
607.5145338120591,1437.1930739656887,2275.4941071118824,2.0856265910330603,3.557897572616475,4.027917922788464,5333.333333333333,0.000015748477978779602,1650.2737499999998,0.027000000000000003,0.32142857142857145,0-0-3836-0,a,fcd45f4d-Audio_SP21.v0,group_0,1,fave,103.81350977779717,80.88041530888071,7,anuncio,"",0.05999999999994543,al,[silence],#,n,l,n,initial
646.6612688594078,1207.0430819619874,3899.433428601723,2.7840112873301037,2.894279929379531,4.424501225591877,8205.128205128205,0.003561061756366067,1651.82275,0.185,0.3339350180505415,0-0-3839-5,a,fcd45f4d-Audio_SP21.v0,group_0,1,fave,101.90781877198732,75.78782471313927,7,genera,"",0.5299999999999727,este,[silence],R,#,R,.,final
535.0726773615315,1350.2959383317807,2237.3848398774703,3.023258802450527,3.3050764018864385,4.831348093471945,5153.846153846154,0.00021491268498544891,1653.41375,0.027000000000000003,0.32142857142857145,0-0-3842-2,a,fcd45f4d-Audio_SP21.v0,group_0,1,fave,111.30285636166275,74.43059888054664,7,una,"",0.05999999999994543,[silence],cantidad,n,#,n,k,final
529.5085151212108,1311.5255361087802,1764.2440006153843,2.4979503640989296,3.5484358788001393,3.8319039447442385,5153.846153846154,0.00003302062402652159,1653.5337499999998,0.027000000000000003,0.32142857142857145,0-0-3843-1,a,fcd45f4d-Audio_SP21.v0,group_0,1,fave,235.5704104013093,77.46938753253143,7,cantidad,"",0.05999999999994543,una,de,k,n,k,n,internal
645.203119533749,1073.5465634157804,3804.552658526218,3.413336709486346,2.690726268230566,4.053096778239172,5692.3076923076915,0.0014566000418162683,1656.68575,0.051000000000000004,0.3311688311688312,0-0-3852-3,a,fcd45f4d-Audio_SP21.v0,group_0,1,fave,108.6606623161957,64.12860137297697,7,coma,"",0.12999999999988177,cero,[silence],m,#,m,.,final
638.1067684688958,1303.0463273271228,4230.863959198924,2.6284196261756434,3.0424952762610533,4.364550193607993,5871.794871794871,0.000015930655766217537,1659.7437499999999,0.027000000000000003,0.32142857142857145,0-0-3864-0,a,fcd45f4d-Audio_SP21.v0,group_0,1,fave,108.47468813572272,78.3246718650558,7,anuncio,"",0.05999999999994543,cada,que,#,n,a,n,initial
563.7785386126018,1750.0604792640484,2212.619478215654,2.217660651809284,3.5878311941657266,3.9856425297192994,5512.820512820513,0.0014271281765255678,1660.5837499999998,0.047,0.3263888888888889,0-0-3866-5,a,fcd45f4d-Audio_SP21.v0,group_0,1,fave,145.27514222289454,72.05436960565697,7,cliqueas,"",0.12000000000011823,que,",",e,s,e,s,internal
550.7072991535126,1237.3204340197597,1757.2273660584588,2.282063703406671,3.777511736881681,3.9367358857289037,4974.358974358975,0.00013301941196768968,1661.7737499999998,0.027000000000000003,0.32142857142857145,0-0-3870-3,a,fcd45f4d-Audio_SP21.v0,group_0,1,fave,521.8326793177147,79.873848503079,7,esta,"",0.05999999999994543,[silence],plataforma,t,#,t,p,final
603.9890703543814,1151.7229633611128,3099.187724186565,3.17284127794585,3.5892366823050166,3.5399224092010226,5512.820512820513,0.0006473226982943265,1662.46375,0.047,0.3263888888888889,0-0-3871-9,a,fcd45f4d-Audio_SP21.v0,group_0,1,fave,-213.15643392411758,66.25923475339818,7,plataforma,"",0.11999999999989086,esta,si,m,#,m,s,final
495.52913891596546,1929.7188491462439,2585.156766330742,2.145317278928717,3.7563477436588664,5.07266914596915,6230.7692307692305,0.0004861807367092418,1666.53575,0.031,0.32978723404255317,0-0-3882-8,a,fcd45f4d-Audio_SP21.v0,group_0,1,fave,165.47356437892464,74.83027167119424,7,membresía,"",0.06999999999993634,una,[silence],i,#,i,.,final
565.8558174528762,1475.6337310804004,3949.3982293682207,2.5259635622814853,3.42412660636673,4.503014845075713,6769.2307692307695,0.002900153195762197,1667.52575,0.051000000000000004,0.3311688311688312,0-0-3885-6,a,fcd45f4d-Audio_SP21.v0,group_0,1,fave,567.0155557993822,77.24168507635295,7,aumenta,"",0.13000000000010914,te,el,t,#,t,e,final
589.5362855356908,1431.6895449700917,2212.3224694401115,2.413246074082587,3.670937850612686,4.321184594184526,5153.846153846154,0.0000360285477280284,1669.5637499999998,0.027000000000000003,0.32142857142857145,0-0-3891-1,a,fcd45f4d-Audio_SP21.v0,group_0,1,fave,118.12495363917817,80.56585555046867,7,la,"",0.05999999999994543,el,posibilidad,l,#,l,p,final
525.8016927195955,1183.5007322157387,1914.8798381660833,2.5689897604237615,3.5777406408273893,3.748957131013445,4974.358974358975,0.00008721193949843246,1674.0037499999999,0.027000000000000003,0.32142857142857145,0-0-3902-3,a,fcd45f4d-Audio_SP21.v0,group_0,1,fave,113.97786733892421,78.78934160142241,7,totalmente,"",0.05999999999994543,también,diferente,t,l,t,l,internal
601.5855053217983,1553.0869414377435,4025.3421865233513,2.743137383397882,3.725647749329723,4.053518679368084,6051.282051282051,0.0006767935828089116,1677.20075,0.121,0.3324175824175823,0-0-3911-3,a,fcd45f4d-Audio_SP21.v0,group_0,1,fave,101.53159913715902,77.51468006526522,7,está,"",0.33999999999991815,Microworkers,otra,t,#,t,ó,final
516.6941304910737,1174.0632267921026,1789.8791243499463,3.201854896673893,3.720269050077164,3.7360211598688506,5333.333333333333,0.0005183736836444737,1677.77575,0.031,0.32978723404255317,0-0-3912-3,a,fcd45f4d-Audio_SP21.v0,group_0,1,fave,324.10710324895655,72.48009686281584,7,otra,"",0.06999999999993634,está,[silence],R,p,R,p,internal
533.6670538683653,1228.7805904197176,2952.607653992821,3.166495011348123,3.74401450706588,4.597011494281127,5333.333333333333,0.0012017642879554044,1677.93575,0.031,0.32978723404255317,0-0-3912-6,a,fcd45f4d-Audio_SP21.v0,group_0,1,fave,112.47137202396549,72.63907126871578,7,otra,"",0.06999999999993634,está,[silence],l,t,l,t,internal
491.16529772933575,1864.8990262153616,2755.1033880881046,2.4878339913687753,3.223211027731057,5.24516955787602,6051.282051282051,0.0005907755012793011,1680.17375,0.027000000000000003,0.32142857142857145,0-0-3918-6,a,fcd45f4d-Audio_SP21.v0,group_0,1,fave,112.044598250879,72.42507476861336,7,minería,"",0.05999999999994543,de,que,i,#,i,k,final
596.6755427832298,1462.1815380982082,1625.6973963960404,2.5773667670770224,3.990315108672491,4.7681113656120715,5333.333333333333,0.0008694012522025919,1680.54575,0.031,0.32978723404255317,0-0-3920-2,a,fcd45f4d-Audio_SP21.v0,group_0,1,fave,99.711196477687,72.6409612360965,7,sea,"",0.06999999999993634,que,le,é,#,é,l,final
666.2491435202253,1216.23033401666,3797.961535992292,2.964804987917176,2.5418472176110956,3.6405834480180097,6410.25641025641,0.000023450042818842114,1687.19875,0.037,0.32456140350877194,0-0-3935-2,a,fcd45f4d-Audio_SP21.v0,group_0,1,fave,157.04605051816836,75.58419904575473,7,smartphone,"",0.08999999999991815,tu,o,m,R,m,R,internal
495.52421384999025,1713.773603577305,2018.013035290538,2.4468565533074673,4.033986330438542,4.051527183947738,4974.358974358975,0.0008990222451149105,1690.2237499999999,0.027000000000000003,0.32142857142857145,0-0-3944-6,a,fcd45f4d-Audio_SP21.v0,group_0,1,fave,550.1031680213771,69.58779801482258,7,utiliza,"",0.05999999999994543,[silence],los,z,#,z,l,final
624.4388535356261,1286.3441569451406,1738.8730731626322,2.3251698827720237,4.00333962523374,4.0926180355888775,5512.820512820513,0.0018179755662532482,1691.6207499999998,0.101,0.3322368421052631,0-0-3950-3,a,fcd45f4d-Audio_SP21.v0,group_0,1,fave,105.46074821681306,76.63163190216129,7,para,"",0.2799999999999727,[silence],otra,R,#,R,ó,final
573.7334237366535,1415.1406065417766,1866.1280462044028,2.92450112003057,4.473038680060091,3.998046060131076,5871.794871794871,0.00087089710194306,1692.1037499999998,0.027000000000000003,0.32142857142857145,0-0-3951-3,a,fcd45f4d-Audio_SP21.v0,group_0,1,fave,121.62654214036512,76.31744992758989,7,otra,"",0.060000000000172804,para,empresa,R,#,R,e,final
564.292587040079,1446.9058350752273,3798.797803172987,2.428490014733354,4.126801970370071,3.9803340981097537,5692.3076923076915,0.0009091755806073172,1692.64375,0.027000000000000003,0.32142857142857145,0-0-3952-6,a,fcd45f4d-Audio_SP21.v0,group_0,1,fave,512.3377776372755,69.51826139388412,7,empresa,"",0.05999999999994543,otra,[silence],s,#,s,.,final
549.6112524576524,1199.9355301606847,1885.2661643894828,2.903912879836312,3.0090994207077486,3.6438604031046635,5512.820512820513,0.00002665707323914172,1740.45375,0.027000000000000003,0.32142857142857145,0-0-3986-1,a,fcd45f4d-Audio_SP21.v0,group_0,1,fave,132.06300011895925,76.62424860445097,7,la,"",0.05999999999994543,cortó,com(unicación),l,#,l,k,final
514.8003559954171,1274.751198484918,2250.4417962252724,2.6047770180810517,3.4612591483777937,3.9069613749122087,5512.820512820513,0.000015384549830943972,1744.3037499999998,0.027000000000000003,0.32142857142857145,0-0-4000-1,a,fcd45f4d-Audio_SP21.v0,group_0,1,fave,167.75229501752764,71.98074651801568,7,la,"",0.05999999999994543,escuchar,pregunta,l,#,l,p,final
593.9879428331686,1297.3741418774725,4367.686607449797,2.7648958406090585,3.6685708511360087,4.849122563938627,7307.692307692308,0.0035658098291142942,1760.41975,0.119,0.3361581920903954,0-0-4014-7,a,fcd45f4d-Audio_SP21.v0,group_0,1,fave,139.4772485745924,73.68157211390347,7,preguntan,"",0.3300000000001546,me,[silence],t,n,t,n,internal
597.3464761497813,1210.3670830916546,3616.8331429353984,2.292962031910409,4.188598634078204,3.7960652823311904,6410.25641025641,0.0006716698138978419,1765.75875,0.057,0.32758620689655177,0-0-4033-3,a,fcd45f4d-Audio_SP21.v0,group_0,1,fave,216.39324888943707,76.06897997910525,7,estás,"",0.15000000000009095,qué,[silence],t,s,t,s,internal
520.3745638729408,1806.2207248203783,2168.3867881422525,2.121359557016726,3.5280855164322777,4.284263770468987,5333.333333333333,5.2563426593001205e-6,1766.1327499999998,0.025,0.33783783783783783,0-0-4035-0,a,fcd45f4d-Audio_SP21.v0,group_0,1,fave,162.16956365519914,74.79055589006005,7,haciendo,"",0.0500000000001819,[silence],?,#,z,.,z,initial
577.0863081082232,1748.93153440024,3881.17153015026,2.621754971653862,4.015387214764794,4.015564076449187,6230.7692307692305,0.00030356579364299073,1770.99775,0.035,0.33653846153846156,0-0-4051-0,a,fcd45f4d-Audio_SP21.v0,group_0,1,fave,115.05756723504177,74.79376048313412,7,hacer,"",0.07999999999992724,pueden,",",#,z,n,z,initial
566.3630704710881,1289.8468069992716,3741.1201355015723,2.6253880505033838,3.93775598475861,3.426215948204374,6589.74358974359,0.000012941974372460317,1773.48575,0.031,0.32978723404255317,0-0-4059-4,a,fcd45f4d-Audio_SP21.v0,group_0,1,fave,136.26786529962988,76.56415888192517,7,extra,"",0.06999999999993634,ingresos,%%,R,#,R,&,final
605.1995266566586,1205.805434068999,1905.8726504541492,2.4057085693645335,3.637325586130644,4.215179366816098,5333.333333333333,0.0002973939534707751,1774.30775,0.035,0.3365384615384616,0-0-4062-0,a,fcd45f4d-Audio_SP21.v0,group_0,1,fave,101.80086122864925,77.4330247430979,7,ayudo,"",0.07999999999992724,los,en,#,y,s,y,initial
605.2409765639004,1290.9897230050203,1820.2316238960857,2.470858945278595,3.2327015057259234,3.9090794309794594,5333.333333333333,0.00045724599156188024,1794.90075,0.061000000000000006,0.3315217391304348,0-0-4106-7,a,fcd45f4d-Audio_SP21.v0,group_0,1,fave,125.30726352187234,76.6908676430409,7,preguntan,"",0.16000000000008185,me,este,t,n,t,n,internal
622.6592225624348,1287.0758319020972,3795.0876749554873,2.3665237598348563,3.7277623051183655,3.7208718173276183,6410.25641025641,0.00007688075732097874,1799.0107500000001,0.041,0.3306451612903226,0-0-4117-3,a,fcd45f4d-Audio_SP21.v0,group_0,1,fave,147.53069556663084,78.17478252315877,7,casa,"",0.09999999999990905,la,[silence],s,#,s,.,final
596.8674945268472,1193.2867851264393,4126.513869183426,3.0300249000681174,2.7705798156654384,4.8763604317732,7487.179487179487,0.000069547244793381,1803.9737499999999,0.027000000000000003,0.32142857142857145,0-0-4135-7,a,fcd45f4d-Audio_SP21.v0,group_0,1,fave,136.89745212181887,71.91586786101816,7,problema,"",0.05999999999994543,un,con,m,#,m,k,final
524.0737914513198,1289.686234300199,3452.706137049886,2.1867731166225934,4.499459817474092,4.627231537199631,6230.7692307692305,0.00010783309202176417,1808.6327499999998,0.025,0.33783783783783783,0-0-4150-4,a,fcd45f4d-Audio_SP21.v0,group_0,1,fave,164.86575798058084,72.33888209360116,7,cobran,"",0.0500000000001819,no,y,R,n,R,n,internal
528.0752793071213,1499.4804591726308,1668.080959091668,2.369972650188152,3.672850379507349,4.285726654889986,4974.358974358975,0.0007857255877096507,1809.07575,0.031,0.32978723404255317,0-0-4153-3,a,fcd45f4d-Audio_SP21.v0,group_0,1,fave,129.12182259890804,75.16560310228827,7,desaniman,"",0.07000000000016371,se,pues,s,n,s,n,internal
575.4165448525463,1014.6969506982136,3296.0354870582178,2.6968811957296035,2.619460925014403,4.50995450745185,6410.25641025641,0.00004400063263577376,1835.6657500000001,0.031,0.32978723404255317,0-0-4185-3,a,fcd45f4d-Audio_SP21.v0,group_0,1,fave,148.56411069886528,76.3703292873776,7,papá,"",0.06999999999993634,mi,porque,p,#,p,p,final
494.87874597719394,1693.0504728352967,2145.1165647355074,3.0996851220038106,3.6576798763310254,4.537582142938297,5512.820512820513,0.009987171438927965,1836.78875,0.037000000000000005,0.324561403508772,0-0-4190-6,a,fcd45f4d-Audio_SP21.v0,group_0,1,fave,143.24900922196693,74.71834951964625,7,familia,"",0.08999999999991815,[silence],se,i,#,i,s,final
496.6009901868786,1497.9182894283558,2266.651372414795,2.235865598761222,3.0122721258597585,4.771481522026551,5692.3076923076915,0.0021282747873393806,1837.03875,0.037,0.32456140350877194,0-0-4192-0,a,fcd45f4d-Audio_SP21.v0,group_0,1,fave,478.8814514311355,77.55756208801341,7,ha,"",0.08999999999991815,se,ido,#,#,e,í,coextensive
422.47286369237287,1440.4114689524156,2244.1339998210715,2.469623542913008,3.6134607883529606,3.5960858147373527,5333.333333333333,0.000015585257135849635,1844.4937499999999,0.027000000000000003,0.32142857142857145,0-0-4202-8,a,fcd45f4d-Audio_SP21.v0,group_0,1,fave,138.0504490590979,77.0407348784985,7,comentaba,"",0.05999999999994543,le,a,b,#,b,a,final
526.5306099089956,1019.1983518982601,2063.120422360038,2.663291565795899,2.8486146708020077,4.268696283354267,5512.820512820513,0.000018533428674620656,1844.5537499999998,0.027000000000000003,0.32142857142857145,0-0-4203-0,a,fcd45f4d-Audio_SP21.v0,group_0,1,fave,123.96023653082864,76.29506023422122,7,a,"",0.05999999999994543,comentaba,mi,#,#,a,m,coextensive
594.3982225921171,1126.9163194246196,3579.543667342281,2.8464044350789366,3.726789708296159,3.4990272713914137,6051.282051282051,0.0007331027068939052,1844.85375,0.087,0.32954545454545453,0-0-4205-3,a,fcd45f4d-Audio_SP21.v0,group_0,1,fave,208.38515770896086,73.07899729869912,7,papá,"",0.2400000000000091,mi,este,p,#,p,é,final
566.8496282713979,1323.9814372689239,2184.8854816261864,3.2525642795323413,3.952057662068362,5.386628799299969,6051.282051282051,0.008259047337474599,1846.87575,0.031,0.32978723404255317,0-0-4210-2,a,fcd45f4d-Audio_SP21.v0,group_0,1,fave,116.51128627283111,73.58778695671715,7,una,"",0.07000000000016371,había,plataforma,n,#,n,p,final
585.4993637363593,1139.8359202769825,3882.279228654339,3.522858110659333,3.449563892865992,4.088136104810907,5871.794871794871,0.001721262318236374,1847.16875,0.037000000000000005,0.324561403508772,0-0-4211-4,a,fcd45f4d-Audio_SP21.v0,group_0,1,fave,114.52304814167401,65.71522499254155,7,plataforma,"",0.08999999999991815,una,donde,t,f,t,f,internal
581.6256855293148,1157.1948702290326,3746.8573582425547,3.3732657218608195,3.4540889828785133,4.507387926614471,5871.794871794871,0.00014940301375317193,1848.1237499999997,0.027000000000000003,0.32142857142857145,0-0-4214-1,a,fcd45f4d-Audio_SP21.v0,group_0,1,fave,119.00830304461037,72.78773095172686,7,ganaba,"",0.060000000000172804,uno,dinero,g,n,g,n,internal
612.1548086202788,1231.3838385497954,2229.6952050307327,3.0130243798082588,3.334815119706214,4.311199742923078,5871.794871794871,0.0000646143175661984,1851.99575,0.031,0.32978723404255317,0-0-4223-2,a,fcd45f4d-Audio_SP21.v0,group_0,1,fave,157.7414128728312,76.18740074228091,7,una,"",0.06999999999993634,como,persona,n,#,n,p,final
515.211587698486,1375.8729344150665,4329.060431710206,2.814156221889805,3.862280848658168,3.936510116824933,6769.2307692307695,0.00005444183725133826,1852.78875,0.037,0.32456140350877194,0-0-4225-5,a,fcd45f4d-Audio_SP21.v0,group_0,1,fave,153.11581789091443,74.43857421989604,7,adulta,"",0.08999999999991815,persona,[silence],t,#,t,.,final
507.6351363962507,1460.2398314074346,3121.78722539048,2.9842633883997904,4.127487304344105,4.995158428299756,6948.717948717948,0.025356876426523022,1899.3027499999998,0.065,0.33505154639175255,0-0-4308-2,a,fcd45f4d-Audio_SP21.v0,group_0,1,fave,119.69731414749296,70.27511477704228,7,[silence],"",0.17000000000007276,por,[silence],f,s,f,s,internal
600.5042982837265,1181.7702470315899,1822.26546511198,2.546831272133727,3.4587805630448347,4.303856561045231,4794.871794871795,0.0004366300007093684,1905.0137499999998,0.027000000000000003,0.32142857142857145,0-0-4330-2,a,fcd45f4d-Audio_SP21.v0,group_0,1,fave,154.33639942078784,74.82091851981679,7,una,"",0.05999999999994543,es,comunidad,n,#,n,k,final
618.3903312983787,1757.740872102214,2274.853666251848,2.993062775343487,3.56441302971998,4.279345381561031,4974.358974358975,0.000045536221320153406,1906.90775,0.035,0.33653846153846156,0-0-4335-0,a,fcd45f4d-Audio_SP21.v0,group_0,1,fave,109.75289142305928,78.91954653429184,7,ayuda,"",0.07999999999992724,[silence],a,#,y,.,y,initial
640.6326734975988,1255.5721860048325,1927.6114411835567,2.563195095555312,3.8734382460759007,4.115955255229814,4794.871794871795,0.000606210290961145,1907.3777499999999,0.07500000000000001,0.3348214285714286,0-0-4335-4,a,fcd45f4d-Audio_SP21.v0,group_0,1,fave,114.20984805393412,79.18191727325257,7,ayuda,"",0.20000000000004547,[silence],a,d,#,d,a,final
616.0210041506406,1192.8651627164809,1954.2912021155907,3.17661377936004,4.323555330095669,4.2306447515873415,5692.3076923076915,0.0036034632413968304,1907.56075,0.041,0.3306451612903226,0-0-4336-0,a,fcd45f4d-Audio_SP21.v0,group_0,1,fave,114.82129485319777,75.80367851121356,7,a,"",0.10000000000013642,ayuda,realizar,#,#,a,r,coextensive
600.9478705077692,1314.6149183200553,2216.944575938363,2.7348335507770383,3.4290386746447874,3.8972858405473736,4794.871794871795,0.00014726237904755878,1908.16775,0.035,0.3365384615384616,0-0-4338-1,a,fcd45f4d-Audio_SP21.v0,group_0,1,fave,101.33452148640788,71.52512112449072,7,tareas,"",0.07999999999992724,realizar,hablan,t,R,t,R,internal
514.6640712857532,1814.82875087875,3753.169802625671,3.171054971230972,3.653522914019153,3.5024265824748944,5692.3076923076915,0.0005759134055167962,1908.5407500000001,0.041,0.3306451612903226,0-0-4338-4,a,fcd45f4d-Audio_SP21.v0,group_0,1,fave,113.9941544633319,74.08146358850165,7,tareas,"",0.09999999999990905,realizar,hablan,é,s,é,s,internal
553.151256274801,1369.933416334588,3736.908534342032,2.2816515718738244,3.4697483456263982,3.1338803167132046,5512.820512820513,0.000037131055890557327,1909.18375,0.027000000000000003,0.32142857142857145,0-0-4343-1,a,fcd45f4d-Audio_SP21.v0,group_0,1,fave,99.09536497591898,68.74659223939332,7,tareas,"",0.05999999999994543,[silence],[silence],t,R,t,R,internal
538.7887286758248,1518.6582446317818,3779.9186275037073,3.306768647574088,3.294657231110667,3.9128367721103157,5512.820512820513,0.00144470448049169,1909.5687500000001,0.07700000000000001,0.3290598290598291,0-0-4343-4,a,fcd45f4d-Audio_SP21.v0,group_0,1,fave,114.2091613512662,69.34324918997994,7,tareas,"",0.21000000000003638,[silence],[silence],é,s,é,s,internal
536.2608036575915,1494.155880329633,1893.5782293437476,2.625897140766715,3.5139630121960566,3.9640795836174334,4974.358974358975,0.00014795980543198426,1910.7737499999998,0.027000000000000003,0.32142857142857145,0-0-4346-6,a,fcd45f4d-Audio_SP21.v0,group_0,1,fave,503.99171210022195,70.3618300558508,7,publican,"",0.05999999999994543,cuando,tarea,k,n,k,n,internal
612.1105542161981,1379.413482068246,4035.64766873114,2.739062407056429,3.091295133470285,4.397054823372583,5871.794871794871,0.00018143277791866572,1910.98875,0.037000000000000005,0.324561403508772,0-0-4347-1,a,fcd45f4d-Audio_SP21.v0,group_0,1,fave,331.42247794610614,69.1952464827709,7,tarea,"",0.08999999999991815,publican,.,t,R,t,R,internal
669.362998819496,1473.2633429313312,4040.6137372470125,3.767587937529123,3.056956600802202,3.7595369464839035,6051.282051282051,0.0019286569837637293,1912.71775,0.095,0.33450704225352107,0-0-4352-7,a,fcd45f4d-Audio_SP21.v0,group_0,1,fave,128.86937980888743,74.10673077637331,7,problemas,"",0.2599999999999909,De,que,m,s,m,s,internal
618.4530989833308,1413.7632219152172,3860.369293169364,2.9923571478707616,3.13437032945897,3.4818373826815434,5692.3076923076915,0.00004947597901491703,1913.3537499999998,0.027000000000000003,0.32142857142857145,0-0-4355-0,a,fcd45f4d-Audio_SP21.v0,group_0,1,fave,126.8768700342573,71.78686251487211,7,haber,"",0.060000000000172804,pueden,[silence],#,b,n,b,initial
536.8714686061943,1603.0232580556378,2264.972347158758,2.3145981985671003,3.3675652956580406,4.49111103550514,5153.846153846154,0.0002985812648804729,1942.61575,0.031,0.32978723404255317,0-0-4400-4,a,fcd45f4d-Audio_SP21.v0,group_0,1,fave,381.5835679066671,71.18515688772764,7,tarea,"",0.07000000000016371,una,%%,é,#,é,&,final
644.6059311698169,1199.7216369337639,4380.651442427473,3.6508636730795683,3.496155767205354,3.4361922722983125,6410.25641025641,0.00016236601003860807,1955.50575,0.031,0.32978723404255317,0-0-4434-4,a,fcd45f4d-Audio_SP21.v0,group_0,1,fave,121.40131521008504,72.92331097159725,7,mismas,"",0.06999999999993634,las,tareas,m,s,m,s,internal
613.9622155350435,1487.9830307739592,3956.645073422518,3.041947798968541,4.156582728022823,4.631168924051138,7487.179487179487,0.007878385722651062,1955.90575,0.091,0.3321167883211679,0-0-4435-4,a,fcd45f4d-Audio_SP21.v0,group_0,1,fave,129.20096169326607,71.32746576558672,7,tareas,"",0.25,mismas,%%,é,s,é,s,internal
554.2286988639681,1215.4250137811089,3863.506592245904,2.907277875703014,3.5792953931565155,4.2022062745855475,5692.3076923076915,0.03616316132411469,1957.39075,0.041,0.3306451612903226,0-0-4439-6,a,fcd45f4d-Audio_SP21.v0,group_0,1,fave,114.78819248284915,67.87977971548072,7,realizan,"",0.10000000000013642,se,[silence],z,n,z,n,internal
720.8786896363567,1368.368985838519,2125.603862625347,3.1783496763541423,3.7252327362901885,3.7557267612321064,6410.25641025641,0.003536301509790573,1963.37575,0.051000000000000004,0.3311688311688312,0-0-4458-0,a,fcd45f4d-Audio_SP21.v0,group_0,1,fave,126.27591329146601,68.21822922176254,7,aprender,"",0.13000000000010914,[silence],para,#,p,.,p,initial
601.8307918405806,1286.8001191411386,2255.879321242075,3.5737627618179566,3.6688729040028787,4.106504996084056,5692.3076923076915,0.0006006568002962058,1964.2737499999998,0.047,0.3263888888888889,0-0-4459-2,a,fcd45f4d-Audio_SP21.v0,group_0,1,fave,104.0072768501844,71.3483317295507,7,para,"",0.11999999999989086,aprender,no,á,#,á,n,final
456.20024887465553,1630.5506381351288,2428.4349379711534,3.081766055383805,4.061289836325666,3.7415286621970214,5512.820512820513,0.00008648531129257925,2015.66375,0.027000000000000003,0.32142857142857145,0-0-4518-3,a,fcd45f4d-Audio_SP21.v0,group_0,1,fave,108.9498160812804,75.49583688450832,7,había,"",0.05999999999994543,pin,sido,i,#,i,s,final
563.8632013163215,1214.2591675292817,1952.929751995534,3.3035336528128396,3.5009760840760973,3.9873937313936194,5692.3076923076915,0.000028030051452548888,2019.6127499999998,0.025,0.33783783783783783,0-0-4535-3,a,fcd45f4d-Audio_SP21.v0,group_0,1,fave,136.08916650843997,75.97289177215954,7,otras,"",0.0500000000001819,pero,veces,R,s,R,s,internal
568.6449892327785,1366.0240139744822,3894.9914480706134,3.2136131944242834,2.9164338102997416,3.997293291835491,5692.3076923076915,0.0004216974905523141,2025.1237499999997,0.047,0.3263888888888889,0-0-4554-7,a,fcd45f4d-Audio_SP21.v0,group_0,1,fave,106.07986456579448,65.81866860122122,7,califican,"",0.12000000000011823,[silence],y,k,n,k,n,internal
499.0255285100598,945.2312872710228,1905.3312393555318,2.7741035946274386,3.488683635302046,4.773260010326373,4615.384615384615,0.006705255259617625,2026.02575,0.031,0.32978723404255317,0-0-4560-1,a,fcd45f4d-Audio_SP21.v0,group_0,1,fave,114.30497387327935,70.44302476106455,7,saber,"",0.06999999999993634,querido,por,s,b,s,b,internal
508.4777358631019,1054.0902312437686,2027.0451025611812,2.7315611897406105,3.876065151245154,4.492352984426964,5333.333333333333,0.0031523804569955857,2036.2907500000001,0.061000000000000006,0.3315217391304348,0-0-4593-7,a,fcd45f4d-Audio_SP21.v0,group_0,1,fave,152.06954280684582,75.77354459514528,7,preguntas,"",0.16000000000008185,[silence],que,t,s,t,s,internal
589.2108578485544,1363.2113340408189,4255.343312814452,3.072265783882148,3.171511739201037,4.411145571430864,6051.282051282051,0.00011321131864551755,2037.77575,0.031,0.32978723404255317,0-0-4600-1,a,fcd45f4d-Audio_SP21.v0,group_0,1,fave,120.06153321350841,73.48965119775833,7,las,"",0.06999999999993634,me,han,l,s,l,s,internal
608.6171679537929,1193.4834575110096,1856.3100037280497,3.1304938434703633,3.4587515369218687,4.402365223917755,4615.384615384615,0.0005845540963388275,2086.90575,0.031,0.32978723404255317,0-0-4610-5,a,fcd45f4d-Audio_SP21.v0,group_0,1,fave,100.81745722676678,76.59943742666847,7,señora,"",0.07000000000016371,",",Paola,R,#,R,p,final
591.6845003715061,1314.4948927601001,1981.432995341984,2.8494312332023215,2.7770943724824333,4.1471817430852465,5333.333333333333,0.0006643491968957131,2087.2387499999995,0.037,0.32456140350877194,0-0-4611-4,a,fcd45f4d-Audio_SP21.v0,group_0,1,fave,NaN,70.07229748716905,7,Paola,"",0.09000000000014552,señora,[silence],l,#,l,.,final
569.2864052060453,1409.4653153981537,2067.725845204965,2.938796220552402,2.7082761891227096,4.247673120653321,5333.333333333333,0.00019807925087335712,2089.3627500000002,0.045,0.33582089552238803,0-0-4623-1,a,fcd45f4d-Audio_SP21.v0,group_0,1,fave,139.56091804317998,77.76550295943893,7,la,"",0.10999999999967258,bien,pregunta,l,#,l,p,final
486.4359499900351,1239.3867149315965,2123.347388624354,3.163292020171294,3.366228447975551,4.4589065380549435,5333.333333333333,0.00006920571305790738,2089.7627500000003,0.025,0.33783783783783783,0-0-4624-7,a,fcd45f4d-Audio_SP21.v0,group_0,1,fave,427.8782585982126,76.53137575235988,7,pregunta,"",0.0500000000001819,la,porque,t,#,t,p,final
579.2013681659834,1382.5630507223352,3679.8458017030675,3.1352829465728274,3.0157764830853067,3.3757018462324657,6051.282051282051,0.0005193065423051473,2090.77575,0.091,0.33211678832116787,0-0-4628-4,a,fcd45f4d-Audio_SP21.v0,group_0,1,fave,125.47397666046878,78.24107524125264,7,corta,"",0.25,le,la,t,#,t,l,final
582.2465480919433,1216.1385572128333,1879.4168800565212,2.778602310218194,2.615327053448099,4.617822994545181,5512.820512820513,0.0020898129160404873,2091.07075,0.061000000000000006,0.3315217391304348,0-0-4629-1,a,fcd45f4d-Audio_SP21.v0,group_0,1,fave,326.4140870111982,76.29552496194194,7,la,"",0.15999999999985448,corta,voz,l,#,l,b,final
636.5560987556111,1131.7799536005487,3526.1935830208104,2.7228381521987006,2.6473221981046597,3.810510357488193,6051.282051282051,0.000086034420113759,2133.33575,0.031,0.32978723404255317,0-0-4646-6,a,fcd45f4d-Audio_SP21.v0,group_0,1,fave,115.80320299311103,71.85518828199932,7,informática,"",0.06999999999970896,la,es,m,t,m,t,internal
558.1627338335862,1610.4343114015583,3659.7327492634477,2.696059822180636,3.3947728573651155,3.2709838047348088,6051.282051282051,0.00014009131785008624,2133.6337500000004,0.047,0.3263888888888889,0-0-4646-10,a,fcd45f4d-Audio_SP21.v0,group_0,1,fave,131.60992286204095,72.56161603118917,7,informática,"",0.11999999999989086,la,es,k,#,k,é,final
627.700908664407,1256.0299859537388,3545.7429814428974,2.735786846856501,3.110835763065937,2.99228559999627,5512.820512820513,0.000032995338527606546,2135.51375,0.027000000000000003,0.32142857142857145,0-0-4655-0,a,fcd45f4d-Audio_SP21.v0,group_0,1,fave,96.74639408561772,72.96662314122561,7,aprendiendo,"",0.05999999999994543,está,[silence],#,p,á,p,initial
630.0348394875701,1274.0515563720994,1834.4744106607275,2.487269473963968,3.066822497522014,4.289368762488837,4794.871794871795,0.00010979622273732807,2143.71775,0.055,0.33536585365853655,0-0-4677-3,a,fcd45f4d-Audio_SP21.v0,group_0,1,fave,110.21357154859174,77.7699227229449,7,cada,"",0.13999999999987267,uno,día,d,#,d,d,final
553.8907177826899,1273.9979753011776,1575.2269648290576,3.0979707857775236,3.96863010509246,4.814136073780355,4974.358974358975,0.00003716195077505854,2144.7227500000004,0.025,0.33783783783783783,0-0-4682-1,a,fcd45f4d-Audio_SP21.v0,group_0,1,fave,111.56394307419274,75.73597505815346,7,la,"",0.0500000000001819,de,informática,l,#,l,i,final
640.2661523342197,1126.6251761765122,3507.3687427573295,3.0108153319555035,2.6557163075351102,2.356850408043455,5692.3076923076915,0.000021691426492027373,2145.12375,0.027000000000000003,0.32142857142857145,0-0-4683-6,a,fcd45f4d-Audio_SP21.v0,group_0,1,fave,125.23095747311221,70.80768267113802,7,informática,"",0.05999999999994543,la,[silence],m,t,m,t,internal
496.64350724427095,1350.2438378014522,3633.312235830355,2.2686851678125985,3.1868970339764306,3.737624418384242,6051.282051282051,0.0004933963232071642,2145.38575,0.031,0.32978723404255317,0-0-4683-10,a,fcd45f4d-Audio_SP21.v0,group_0,1,fave,480.4151954245882,70.61287074838856,7,informática,"",0.07000000000016371,la,[silence],k,#,k,.,final
582.6991842492718,1189.4612179620792,1896.1928869789094,3.057244767193157,2.9406511575888072,3.79320908121881,5153.846153846154,0.000022513831851974286,2148.72275,0.045,0.3358208955223881,0-0-4696-0,a,fcd45f4d-Audio_SP21.v0,group_0,1,fave,105.69865448507231,73.33859367140681,7,al,"",0.11000000000012733,tengo,[silence],#,l,o,l,initial
633.7235383255165,1234.8656016516002,3673.908707153783,2.490023908521031,2.4469920643522083,4.259930457319417,6051.282051282051,0.0012954458253822813,2156.2007500000004,0.14100000000000001,0.33254716981132076,0-0-4710-0,a,fcd45f4d-Audio_SP21.v0,group_0,1,fave,107.16434781328917,71.34118071243894,7,a,"",0.40000000000009095,esté,[silence],#,#,e,.,coextensive
621.1930339195638,1274.5834432848105,3665.876900681876,2.8452782926823925,2.9186617136899016,3.3681938192207483,6589.74358974359,0.0006085421771441452,2160.5327500000003,0.225,0.3338278931750742,0-0-4721-3,a,fcd45f4d-Audio_SP21.v0,group_0,1,fave,123.65613673091329,73.65301267194137,7,nada,"",0.650000000000091,[silence],[silence],d,#,d,.,final
634.0851164723348,1301.1453196971502,4080.636956516554,3.4548400133525763,2.948470187320972,3.849035809989402,6051.282051282051,0.00009155277487914657,2161.48275,0.045,0.33582089552238803,0-0-4723-0,a,fcd45f4d-Audio_SP21.v0,group_0,1,fave,110.50697247469479,75.6301986547578,7,a,"",0.11000000000012733,[silence],la,#,#,.,l,coextensive
670.2669181474622,1273.7104237162432,1669.4758883608665,2.7866817970750764,3.1360301050710393,4.683479409144464,4794.871794871795,0.00023749677917226,2161.63075,0.041,0.3306451612903226,0-0-4724-1,a,fcd45f4d-Audio_SP21.v0,group_0,1,fave,128.72782390189846,73.19661086354496,7,la,"",0.09999999999990905,a,mano,l,#,l,m,final
649.9155467535718,1098.323939816644,3810.8264270112527,3.3008952868984918,3.1457465258504103,4.708479691573166,6410.25641025641,0.0003777752021451791,2164.82575,0.031,0.32978723404255317,0-0-4735-4,a,fcd45f4d-Audio_SP21.v0,group_0,1,fave,409.89971573557085,72.11727700257607,7,compañeros,"",0.07000000000016371,los,de,p,N,p,N,internal
716.920393460046,1070.3525781265066,3792.662139750597,3.6271060558041217,2.7566831584499156,5.161123965930528,6051.282051282051,0.0005589964259218633,2167.84375,0.027000000000000003,0.32142857142857145,0-0-4745-4,a,fcd45f4d-Audio_SP21.v0,group_0,1,fave,105.50064962148429,67.3639245189236,7,trabajando,"",0.05999999999994543,tiempo,ya,b,x,b,x,internal
709.5603818347239,1327.9852742206344,3620.9501677473995,3.053978344013918,3.5898357993213397,3.093109262678234,6051.282051282051,0.00022950733513674282,2168.8577499999997,0.055,0.33536585365853655,0-0-4749-0,a,fcd45f4d-Audio_SP21.v0,group_0,1,fave,138.72375969123482,78.36977277678228,7,área,"",0.13999999999987267,el,[silence],#,R,l,R,initial
536.3515450260626,1972.159790311812,3607.4856829717905,2.990853683610848,4.379416820799164,3.324325284060022,5871.794871794871,0.00002814434440677976,2169.13275,0.025,0.33783783783783783,0-0-4749-3,a,fcd45f4d-Audio_SP21.v0,group_0,1,fave,132.76083522355404,69.40409423196408,7,área,"",0.0500000000001819,el,[silence],é,#,é,.,final
476.3459847492287,1284.5165573475679,2240.5541373776227,2.111517648433801,3.1160938308308483,3.9149606346547854,4794.871794871795,0.00004560543228319139,2173.40375,0.027000000000000003,0.32142857142857145,0-0-4760-10,a,fcd45f4d-Audio_SP21.v0,group_0,1,fave,232.95255502180237,75.22605733633713,7,experiencia,"",0.05999999999994543,de,que,i,#,i,k,final
577.1048604471054,1232.800401059996,4094.7233932252348,2.5557646591435725,2.182517831147346,4.437219971490211,6051.282051282051,0.00046365320775017293,2191.26375,0.027000000000000003,0.32142857142857145,0-0-4785-6,a,fcd45f4d-Audio_SP21.v0,group_0,1,fave,552.5694256422945,70.98612928194541,7,directamente,"",0.05999999999994543,llamo,[silence],t,m,t,m,internal
690.4892027570805,1216.06769016591,3487.794754312136,3.048512259353558,3.527479319869011,3.969849583580245,6589.74358974359,0.07025433210286665,2195.11775,0.055,0.33536585365853655,0-0-4793-0,a,fcd45f4d-Audio_SP21.v0,group_0,1,fave,9.946686905310676,69.62939041934307,7,atender,"",0.13999999999987267,[silence],[silence],#,t,.,t,initial
647.9251515913079,1318.4944675451761,3517.983866456902,2.786984944262984,3.1707258173940778,3.878541696589689,6051.282051282051,0.00017105429322400299,2197.36375,0.027000000000000003,0.32142857142857145,0-0-4799-0,a,fcd45f4d-Audio_SP21.v0,group_0,1,fave,320.5889334657085,67.08256825607451,7,al,"",0.05999999999994543,[silence],usuario,#,l,.,l,initial
627.7488048339567,1857.8096772980473,2147.3179760763164,2.736246479004244,3.552327214257314,4.001222391289242,5512.820512820513,0.008750982364131863,2229.4407499999998,0.041,0.3306451612903226,0-0-4829-0,a,fcd45f4d-Audio_SP21.v0,group_0,1,fave,213.13408376695878,79.86187134313772,7,Ahora,"",0.09999999999990905,[silence],sí,#,ó,.,ó,initial
746.8560798089366,1016.092662636676,1695.1185963537039,3.8427947242675486,3.8651489798904524,3.5909223405456494,3717.948717948718,0.007411272571100836,2229.60575,0.051000000000000004,0.3311688311688312,0-0-4829-3,a,fcd45f4d-Audio_SP21.v0,group_0,1,fave,288.7084794479218,80.63490129793738,7,Ahora,"",0.13000000000010914,[silence],sí,R,#,R,s,final
515.4357910007986,1350.5472448450585,2035.1488719542272,2.742343760027905,3.470682653494057,3.7550044290910285,5512.820512820513,0.00024436303992398793,2240.03375,0.027000000000000003,0.32142857142857145,0-0-4835-3,a,fcd45f4d-Audio_SP21.v0,group_0,1,fave,120.22349057123128,78.65758350352262,7,ahora,"",0.05999999999994543,Sí,sí,R,#,R,s,final
494.97862717119244,1559.6622498138895,2168.5829428140487,2.6333572926284363,2.521550468657683,3.337907215380513,5512.820512820513,0.000010876502764567533,2240.25375,0.027000000000000003,0.32142857142857145,0-0-4837-1,a,fcd45f4d-Audio_SP21.v0,group_0,1,fave,157.39770419539278,78.69848162404229,7,la,"",0.06000000000040018,sí,escucho,l,#,l,s,final
577.6269703536193,1198.690497148769,1915.7222186519002,2.7665727375241183,2.9842927267933494,3.995275978810559,5333.333333333333,0.010262175531601133,2265.21575,0.191,0.3327526132404181,0-0-4849-1,a,fcd45f4d-Audio_SP21.v0,group_0,1,fave,244.24868200865686,72.84069671849406,7,la,"",0.5500000000001819,en,[silence],l,#,l,.,final
481.49800639146684,1544.483230847948,2019.5416336176604,2.809201634257907,2.8838718992014423,4.133068586227305,4974.358974358975,0.000025809001171207123,2267.81575,0.031,0.32978723404255317,0-0-4857-10,a,fcd45f4d-Audio_SP21.v0,group_0,1,fave,109.62667343367818,74.13169079488796,7,procedencia,"",0.06999999999970896,la,de,i,#,i,d,final
579.2147673413227,1227.8782011896892,1946.8787674363534,3.1757496729431836,2.9020580305980985,3.964374327927311,4974.358974358975,0.001055762939097539,2268.01775,0.035,0.33653846153846156,0-0-4859-1,a,fcd45f4d-Audio_SP21.v0,group_0,1,fave,101.63617671183935,68.31746573112035,7,la,"",0.07999999999992724,de,página,l,#,l,p,final
617.1301003859238,1124.0789214610932,1860.6266538852085,2.8599703986648053,3.3065651867551837,3.682633147316905,5512.820512820513,0.00021945993774612302,2268.1807499999995,0.041,0.3306451612903226,0-0-4860-1,a,fcd45f4d-Audio_SP21.v0,group_0,1,fave,134.67904769937326,75.56308412173188,7,página,"",0.1000000000003638,la,.,p,x,p,x,internal
667.4905117858112,1604.3976577371461,3816.8364211074563,3.3685669634931728,2.6908732656735324,3.79754094948391,6769.2307692307695,0.000548342376615597,2268.41875,0.037,0.32456140350877194,0-0-4860-5,a,fcd45f4d-Audio_SP21.v0,group_0,1,fave,169.35438309083824,68.45127838657118,7,página,"",0.08999999999969077,la,.,n,#,n,.,final
687.2522947331821,1246.3091458316162,3854.307018385345,3.6048972884396315,2.9734178434917786,4.39022825599178,6948.717948717948,0.0042036027605415,2269.9087499999996,0.037000000000000005,0.324561403508772,0-0-4866-2,a,fcd45f4d-Audio_SP21.v0,group_0,1,fave,127.16459667479293,71.01604839608106,7,una,"",0.09000000000014552,que,página,n,#,n,p,final
652.1842612416294,1090.8511023686626,1390.641638031032,3.3262888138463587,3.5720734554730167,3.9527605473396683,4794.871794871795,5.818190340023188e-6,2270.0527500000003,0.025,0.33783783783783783,0-0-4867-1,a,fcd45f4d-Audio_SP21.v0,group_0,1,fave,127.50461835176584,70.00526944948038,7,página,"",0.0500000000001819,una,que,p,x,p,x,internal
599.3023127661376,1560.778571873358,3969.32474554972,3.136884187086285,3.14373401644198,3.948119696129144,5871.794871794871,0.001230474917542889,2270.2187499999995,0.037000000000000005,0.324561403508772,0-0-4867-5,a,fcd45f4d-Audio_SP21.v0,group_0,1,fave,116.42738321401694,67.7897353829438,7,página,"",0.09000000000014552,una,que,n,#,n,k,final
530.414995420502,1363.5916409901242,3750.4306778530563,3.33095142212906,3.7850811495446304,3.456703118996251,6230.7692307692305,0.0006559435222781437,2273.0257500000002,0.031,0.32978723404255317,0-0-4879-4,a,fcd45f4d-Audio_SP21.v0,group_0,1,fave,153.83382805800952,71.16084052059563,7,Texas,"",0.06999999999970896,[silence],",",s,s,s,s,internal
522.9692402285647,1635.382441086074,2145.491595740945,2.8150046430758584,3.5724708301291237,4.316508538517606,5333.333333333333,0.00021613504714999997,2274.55575,0.031,0.32978723404255317,0-0-4884-5,a,fcd45f4d-Audio_SP21.v0,group_0,1,fave,115.58672273998795,78.32446974251378,7,empleadores,"",0.07000000000016371,los,este,e,d,e,d,internal
521.3585394543092,1680.8208093721782,1737.1315812357452,2.842673368359124,3.032555501214066,4.305976976322245,5333.333333333333,0.0018295086194313331,2279.6557500000004,0.051000000000000004,0.3311688311688312,0-0-4896-5,a,fcd45f4d-Audio_SP21.v0,group_0,1,fave,138.88917350027316,70.92345128674434,7,cuenta,"",0.13000000000010914,[silence],%%,t,#,t,&,final
611.9593236321588,1199.375229589741,1807.8424871492605,4.092054504840361,4.204786074110454,3.7064316793688556,5512.820512820513,0.0208441219795042,2280.98775,0.035,0.33653846153846156,0-0-4900-6,a,fcd45f4d-Audio_SP21.v0,group_0,1,fave,120.15843509454379,68.86630954399638,7,personas,"",0.08000000000038199,son,que,n,s,n,s,internal
545.1910165320487,1031.2582436090415,1972.4227682891294,3.8372976288661254,2.757862066103751,3.5835655259887016,5512.820512820513,0.0006589338723798297,2285.14575,0.031,0.32978723404255317,0-0-4913-5,a,fcd45f4d-Audio_SP21.v0,group_0,1,fave,105.48179032356795,70.4110741138509,7,Europa,"",0.06999999999970896,en,",",p,#,p,.,final
531.3545792547922,1594.825501987055,2087.1266926200014,3.098935175509538,3.2784074679250246,3.607542622525301,5333.333333333333,0.000048465779904686504,2286.49375,0.027000000000000003,0.32142857142857145,0-0-4918-5,a,fcd45f4d-Audio_SP21.v0,group_0,1,fave,104.24084190594056,76.13998589919399,7,empleadores,"",0.05999999999994543,los,.,e,d,e,d,internal
596.3085824349034,1206.334489294302,1839.306015914488,3.0610993534614703,3.0425587999342323,4.410775884808631,4794.871794871795,0.00023697645188418452,2290.68775,0.035,0.3365384615384616,0-0-4925-1,a,fcd45f4d-Audio_SP21.v0,group_0,1,fave,115.75996442337315,73.54236979806653,7,la,"",0.07999999999992724,de,procedencia,l,#,l,p,final
620.8505880205763,1274.9527041548902,2139.351923667438,2.9559896205327374,3.2852865923473518,2.9757215335803657,5512.820512820513,4.117354636847849e-6,2305.15275,0.025,0.33783783783783783,0-0-4939-1,a,fcd45f4d-Audio_SP21.v0,group_0,1,fave,127.98266009176326,79.69391423586247,7,la,"",0.0500000000001819,no,veo,l,#,l,b,final
564.5437176360313,1232.312350503752,2113.0162139072677,2.9155747701830066,3.0991003700272772,4.360198774325015,5871.794871794871,0.00004046207706809314,2356.0837500000002,0.027000000000000003,0.32142857142857145,0-0-4979-2,a,fcd45f4d-Audio_SP21.v0,group_0,1,fave,123.06658771228818,77.61763315998064,7,trabaja,"",0.05999999999994543,no,",",R,b,R,b,internal
586.4499008277342,1107.2385684628798,1803.685496186207,3.5075297365972617,3.7764348931618215,3.9284054334456786,4794.871794871795,0.0038556878784064786,2356.47375,0.047,0.3263888888888889,0-0-4979-6,a,fcd45f4d-Audio_SP21.v0,group_0,1,fave,148.28317224663348,66.28714061335668,7,trabaja,"",0.12000000000034561,no,",",x,#,x,.,final
529.2847785217435,1356.1018598289204,3942.5518046035263,2.823479458420045,2.834812520033506,4.311860573618252,5692.3076923076915,0.0000642060614526376,2362.90575,0.031,0.32978723404255317,0-0-4996-5,a,fcd45f4d-Audio_SP21.v0,group_0,1,fave,147.35651498022628,72.72410441839858,7,sus,"",0.07000000000016371,en,%%,t,n,t,n,internal
539.5944424514583,1565.6210107916422,4261.550557427267,2.9429986146646043,3.295395670882964,4.284251364651723,7128.205128205128,0.00043471425304822387,2369.60375,0.067,0.32843137254901966,0-0-5012-5,a,fcd45f4d-Audio_SP21.v0,group_0,1,fave,128.0920379415725,73.45768397504963,7,manera,"",0.1799999999998363,la,en,R,#,R,e,final
613.0228389011307,1345.7102703015605,1837.7874837932459,3.2966455015092246,3.5173694719403894,4.302669020049007,4794.871794871795,0.004833938805719316,2371.3307499999996,0.041,0.3306451612903226,0-0-5018-1,a,fcd45f4d-Audio_SP21.v0,group_0,1,fave,123.398351438826,71.62910724351555,7,la,"",0.09999999999990905,en,página,l,#,l,p,final
655.9096466196615,1184.765147878131,1948.1509872091326,3.5938586809987276,3.4536741488807405,4.506233985310844,4794.871794871795,0.0013411427680859477,2371.51375,0.047,0.3263888888888889,0-0-5019-1,a,fcd45f4d-Audio_SP21.v0,group_0,1,fave,109.1754475975764,74.14626053018065,7,página,"",0.12000000000034561,la,[silence],p,x,p,x,internal
586.0889167421636,1107.8812661831219,1908.221753476481,3.4968957409683563,3.013112826272989,4.504466789720891,5153.846153846154,0.0000608164528019029,2374.5637500000003,0.027000000000000003,0.32142857142857145,0-0-5027-1,a,fcd45f4d-Audio_SP21.v0,group_0,1,fave,136.3770334271799,70.80278352130777,7,pasado,"",0.05999999999994543,año,cuando,p,s,p,s,internal
628.0707252217209,1147.6182762476656,1997.4810787379863,3.0072173417865904,2.6697256333090436,4.023298999325508,5512.820512820513,0.00001184263664655517,2380.2737500000003,0.027000000000000003,0.32142857142857145,0-0-5039-1,a,fcd45f4d-Audio_SP21.v0,group_0,1,fave,129.67370658334534,78.00681025959915,7,paraba,"",0.05999999999994543,le,mucho,p,R,p,R,internal
588.134629227016,1085.2998103362365,3795.2541326029273,3.5903845845661686,2.8720138352712037,4.4923146634536675,5692.3076923076915,0.00020653134289797643,2380.46575,0.031,0.32978723404255317,0-0-5039-5,a,fcd45f4d-Audio_SP21.v0,group_0,1,fave,114.34711599433119,77.81693005617961,7,paraba,"",0.07000000000016371,le,mucho,b,#,b,m,final
594.4897429532707,1192.6076639880484,3586.7299619795363,3.2800238127468972,2.4753138478723957,2.6973395662840915,5512.820512820513,0.00010137206742775175,2385.01375,0.027000000000000003,0.32142857142857145,0-0-5053-1,a,fcd45f4d-Audio_SP21.v0,group_0,1,fave,107.14112674206875,69.27089510989379,7,la,"",0.05999999999994543,a,página,l,#,l,p,final
692.0159842913332,1198.7508149495006,3588.6948942517674,3.0994096040946344,2.70798819023332,3.189854036260094,5512.820512820513,0.000647759994002737,2385.17775,0.055,0.33536585365853655,0-0-5054-1,a,fcd45f4d-Audio_SP21.v0,group_0,1,fave,139.33859353862348,71.22686019481267,7,página,"",0.13999999999987267,la,[silence],p,x,p,x,internal
515.6836270944283,1495.2929719806511,3747.535025805705,2.9912631716822387,2.6902967241660187,4.057130353246878,5512.820512820513,0.000027688569455385105,2385.44375,0.027000000000000003,0.32142857142857145,0-0-5054-5,a,fcd45f4d-Audio_SP21.v0,group_0,1,fave,144.4220925743799,69.39812578741606,7,página,"",0.05999999999994543,la,[silence],n,#,n,.,final
503.4671547695032,1233.3617220720564,2072.900513651569,1.9228720019063743,2.655160984458238,3.8345558412622287,5333.333333333333,8.827056815916574e-7,2386.5927500000003,0.025,0.33783783783783783,0-0-5059-0,a,fcd45f4d-Audio_SP21.v0,group_0,1,fave,124.0625027595952,82.88906394919537,7,haber,"",0.0500000000001819,pudo,sido,#,b,o,b,initial
530.3329144197764,1361.7666168013052,3958.7493141082264,2.958138342099119,2.657393317044703,3.721582894430974,5871.794871794871,0.0000561678739371879,2388.64775,0.035,0.3365384615384616,0-0-5069-1,a,fcd45f4d-Audio_SP21.v0,group_0,1,fave,114.19822157266881,68.55394155245239,7,tarea,"",0.07999999999992724,había,",",t,R,t,R,internal
455.29120737394226,2713.074902961776,4093.1486377285414,3.3836255924551337,4.042290525740161,3.8680757315391388,6589.74358974359,0.10119417106461348,2392.38375,0.027000000000000003,0.32142857142857145,0-0-5077-7,a,fcd45f4d-Audio_SP21.v0,group_0,1,fave,131.22902070814766,64.82784214036737,7,trasnochándose,"",0.05999999999994543,estar,para,h,n,h,n,internal
560.7581667275349,1256.0055083226327,4208.475776032519,3.076176108601173,2.9693948520635054,3.9710853229274496,5692.3076923076915,0.0001222273603763248,2393.26575,0.031,0.32978723404255317,0-0-5081-1,a,fcd45f4d-Audio_SP21.v0,group_0,1,fave,103.11384076340346,68.29898189714604,7,tarea,"",0.07000000000016371,una,",",t,R,t,R,internal
530.7531710463669,1592.0516550531513,2253.8717671382406,3.1536019897869796,3.4170227850329793,4.032735421780207,4794.871794871795,0.00024926303370692804,2393.56875,0.037,0.32456140350877194,0-0-5081-4,a,fcd45f4d-Audio_SP21.v0,group_0,1,fave,134.76612874572047,72.38686974453562,7,tarea,"",0.08999999999969077,una,",",é,#,é,.,final
567.5250640002046,1324.7347408836888,3810.021735743919,2.545439406909569,2.9630717761188046,3.643457598717008,5512.820512820513,0.0001922119493930322,2394.16775,0.035,0.33653846153846156,0-0-5085-1,a,fcd45f4d-Audio_SP21.v0,group_0,1,fave,112.79138470566467,70.35449049134131,7,tarea,"",0.07999999999992724,una,y,t,R,t,R,internal
715.0919997499875,1321.567736842108,3770.083780753963,3.6755459613658186,2.418921991540582,4.341823468810249,5512.820512820513,0.0046931501577686776,2397.0077499999998,0.07500000000000001,0.3348214285714286,0-0-5095-5,a,fcd45f4d-Audio_SP21.v0,group_0,1,fave,123.12987296234688,65.42214652402748,7,ganaba,"",0.20000000000027285,le,",",b,#,b,.,final
512.7777025347336,1984.7220554177875,4446.370582694097,3.2853445766573843,4.693517684459169,4.154866628887323,5692.3076923076915,0.0010163678802979042,2400.35375,0.027000000000000003,0.32142857142857145,0-0-5111-3,a,fcd45f4d-Audio_SP21.v0,group_0,1,fave,110.83570083539735,72.99750222456925,7,habían,"",0.05999999999994543,lo,acomodado,i,n,i,n,internal
549.6484417732884,1340.8920201603319,3695.87079499958,2.5461654274501595,2.302959886759351,3.4029836793332215,5512.820512820513,0.000027739838489943432,2402.3137500000003,0.027000000000000003,0.32142857142857145,0-0-5120-1,a,fcd45f4d-Audio_SP21.v0,group_0,1,fave,106.19692730455294,69.99581973897698,7,tareas,"",0.05999999999994543,salir,[silence],t,R,t,R,internal
741.3100989221107,1056.050276333886,3461.5705147789517,3.8022588965483513,2.9216534375542316,4.533616637650599,5692.3076923076915,0.0035478856120700827,2429.38075,0.061000000000000006,0.3315217391304348,0-0-5137-4,a,fcd45f4d-Audio_SP21.v0,group_0,1,fave,105.69803738196583,64.5538694024479,7,trabajar,"",0.16000000000030923,de,en,b,x,b,x,internal
603.2926003640544,1255.0010294819847,3530.7573624886136,3.0765615895561016,3.123749266023789,3.3470654019922437,5692.3076923076915,0.00013450574866166284,2429.72575,0.031,0.32978723404255317,0-0-5139-1,a,fcd45f4d-Audio_SP21.v0,group_0,1,fave,123.21008707718052,68.92822814851162,7,la,"",0.07000000000016371,en,plataforma,l,#,l,p,final
537.966923522752,1126.618642414704,3668.209032805026,3.393541988351658,2.6531617617817127,3.247484520552597,5512.820512820513,0.0013220508715068248,2429.9887499999995,0.037000000000000005,0.324561403508772,0-0-5140-4,a,fcd45f4d-Audio_SP21.v0,group_0,1,fave,-6548.929965851745,67.24932329928178,7,plataforma,"",0.09000000000014552,la,.,t,f,t,f,internal
606.8312842722735,1156.2929525697514,3877.5637893698095,3.551281000260976,3.439031511473232,3.7394690138572093,6051.282051282051,0.00010236552348093247,2435.7427500000003,0.025,0.33783783783783783,0-0-5154-1,a,fcd45f4d-Audio_SP21.v0,group_0,1,fave,110.50481857386563,71.1098448708766,7,bastante,"",0.0500000000001819,es,accesible,b,s,b,s,internal
507.3963106897352,1387.709411127447,3675.5593992432878,2.8208496523692426,3.497795545873078,3.649177291706822,5512.820512820513,0.00007471474414344762,2436.11575,0.031,0.32978723404255317,0-0-5155-0,a,fcd45f4d-Audio_SP21.v0,group_0,1,fave,116.48150117738624,73.79810340750647,7,accesible,"",0.07000000000016371,bastante,para,#,z,e,z,initial
530.0754493286977,1318.7209229653536,3587.750472697417,2.9216676052217534,2.8219528627948947,3.5025181828985743,5692.3076923076915,0.00001838485313228614,2436.85775,0.035,0.33653846153846156,0-0-5156-3,a,fcd45f4d-Audio_SP21.v0,group_0,1,fave,108.82969912249789,76.46853543947137,7,para,"",0.07999999999992724,accesible,lo,R,#,R,l,final
548.4565735872644,1317.3487453626926,1491.946271735709,3.642415623757642,3.6473248643366896,4.354889147289623,6948.717948717948,0.06700644042200558,2442.7507499999997,0.061000000000000006,0.3315217391304348,0-0-5178-6,a,fcd45f4d-Audio_SP21.v0,group_0,1,fave,113.49761811667646,71.65460641065427,7,mientras,"",0.16000000000030923,y,que,R,s,R,s,internal
493.7138078463267,1321.2820466292644,3536.1699086445396,2.9566070785739633,3.5389974034846,4.627345437957347,6051.282051282051,0.00002978851782230409,2446.5727500000003,0.025,0.33783783783783783,0-0-5190-0,a,fcd45f4d-Audio_SP21.v0,group_0,1,fave,114.41708348442234,75.85809530219916,7,a,"",0.0500000000001819,voy,seguir,#,#,y,s,coextensive
694.0581281451457,1240.9741738692148,3687.0317811521154,3.112215678005916,3.158862071964429,4.116541672239071,6230.7692307692305,0.006873225474794845,2452.9177499999996,0.055,0.3353658536585366,0-0-5209-0,a,fcd45f4d-Audio_SP21.v0,group_0,1,fave,-1462.375795998392,64.92585074970728,7,accesibles,"",0.14000000000032742,[silence],[silence],#,k,.,k,initial
647.43474101815,1249.414933623306,2019.1106655722963,3.1490801350947684,3.1524753271091615,3.523604558690505,4974.358974358975,0.00002359538336921208,2455.01575,0.031,0.32978723404255317,0-0-5212-3,a,fcd45f4d-Audio_SP21.v0,group_0,1,fave,113.14867068183884,77.63862595317812,7,para,"",0.07000000000016371,[silence],nosotros,R,#,R,n,final
554.2172944035419,1323.673418086395,1743.7180469536804,3.1344276256382546,3.199976486988605,4.586625903897391,4794.871794871795,0.0018069328252995158,2457.49775,0.035,0.3365384615384616,0-0-5221-8,a,fcd45f4d-Audio_SP21.v0,group_0,1,fave,806.1916343681385,71.4598324638957,7,Venezuela,"",0.07999999999992724,de,que,l,#,l,k,final
457.66389010917754,1257.8421390416293,3620.1606387317784,3.776989307592013,3.131159249141691,5.288864123196876,6051.282051282051,0.0008155704740784586,2458.2827500000003,0.025,0.33783783783783783,0-0-5224-2,a,fcd45f4d-Audio_SP21.v0,group_0,1,fave,112.66550832523146,70.62335911945928,7,una,"",0.0500000000001819,atraviesa,situación,n,#,n,s,final
500.18287871660414,1558.0309995674857,2371.0267603947427,2.6933188159841617,4.0533819530805,4.456377730685397,4974.358974358975,0.000496609836599379,2471.46375,0.027000000000000003,0.32142857142857145,0-0-5234-7,a,fcd45f4d-Audio_SP21.v0,group_0,1,fave,147.8078462883212,75.03197528966888,7,gustaría,"",0.06000000000040018,me,que,i,#,i,k,final
587.7250021078671,1209.9872600830429,2060.8940188913234,3.2165917962343062,2.9529815273659876,4.412607941671099,5512.820512820513,0.00105567744370839,2475.99775,0.035,0.33653846153846156,0-0-5247-1,a,fcd45f4d-Audio_SP21.v0,group_0,1,fave,NaN,70.79421544093721,7,la,"",0.07999999999992724,a,tarea,l,#,l,t,final
561.341652683705,1344.8020768517956,1989.9426267575789,2.462318462754643,2.973686253386623,4.015099393586708,5153.846153846154,0.000025425061200681548,2476.11375,0.027000000000000003,0.32142857142857145,0-0-5248-1,a,fcd45f4d-Audio_SP21.v0,group_0,1,fave,534.1369064043756,71.69941607516621,7,tarea,"",0.05999999999994543,la,porque,t,R,t,R,internal
513.7384924124328,1646.791898691128,2338.442354049463,2.4849940421249688,3.848352629100843,4.075288122898031,4974.358974358975,0.0004056289706483756,2476.29575,0.031,0.32978723404255317,0-0-5248-4,a,fcd45f4d-Audio_SP21.v0,group_0,1,fave,127.97866460634926,76.79533338224408,7,tarea,"",0.06999999999970896,la,porque,é,#,é,p,final
505.96349938267093,1645.6461088133483,3775.6759745966197,2.9040106730041937,3.506494014867714,4.789611596476881,5871.794871794871,0.00011124609631850367,2481.30375,0.027000000000000003,0.32142857142857145,0-0-5265-4,a,fcd45f4d-Audio_SP21.v0,group_0,1,fave,91.2642262974436,66.97838573284764,7,desean,"",0.05999999999994543,que,[silence],é,n,é,n,internal
450.9286987487554,1711.2688710394004,2498.894804095203,2.7757794256841137,3.852947241071255,4.653846729231652,5153.846153846154,0.0005503374009403639,2485.15575,0.031,0.32978723404255317,0-0-5276-2,a,fcd45f4d-Audio_SP21.v0,group_0,1,fave,106.75481812875528,70.6354841538802,7,Esa,"",0.07000000000016371,[silence],es,s,#,s,s,final
477.5318343768502,1835.5450459720787,2403.2127440356708,1.7891970771390113,3.382579259544528,4.000360963746113,5333.333333333333,0.000014062915582321892,2486.92275,0.025,0.33783783783783783,0-0-5282-6,a,fcd45f4d-Audio_SP21.v0,group_0,1,fave,98.35600008730762,74.20910220407362,7,tendría,"",0.0500000000001819,que,[silence],i,#,i,.,final
549.6310551433962,1494.5431165747598,2086.5531956263426,2.3096267918909716,3.267366891570507,4.328155430369832,4974.358974358975,0.00001366565218857275,2490.15275,0.025,0.33783783783783783,0-0-5293-5,a,fcd45f4d-Audio_SP21.v0,group_0,1,fave,102.72749144902808,75.83734420841351,7,empleadores,"",0.0500000000001819,los,[silence],e,d,e,d,internal
496.7555094755717,1156.2355609595788,3089.4141914004936,3.523079146742804,3.083292367467763,3.7590390971804917,5871.794871794871,0.0008749329087452524,2495.0077499999998,0.035,0.3365384615384616,0-0-5299-8,a,fcd45f4d-Audio_SP21.v0,group_0,1,fave,105.92182669351061,69.74423305266069,7,especifican,"",0.08000000000038199,no,[silence],k,n,k,n,internal
647.5911232004049,1210.98393714795,3633.205801767509,3.474830691551476,2.7286921788285636,4.441961086978549,6051.282051282051,0.007680432957642669,2534.95775,0.035,0.33653846153846156,0-0-5356-7,a,fcd45f4d-Audio_SP21.v0,group_0,1,fave,105.26843809893941,65.66903983377541,7,responsabilidad,"",0.07999999999992724,con,.,s,b,s,b,internal
568.4883521866644,1313.6409331796256,2073.4766961857667,2.716164311391274,3.12369868254593,4.725993324571449,4974.358974358975,0.0009680554734519674,2539.01375,0.047,0.3263888888888889,0-0-5364-3,a,fcd45f4d-Audio_SP21.v0,group_0,1,fave,272.5891797699988,74.67521799190669,7,cada,"",0.12000000000034561,mejorando,día,d,#,d,d,final
508.21474635056495,1300.0516164116177,4246.088177109134,4.153541183961792,3.3991791570965484,3.9461104254024315,6948.717948717948,0.015467567259016176,2544.16575,0.031,0.32978723404255317,0-0-5391-4,a,fcd45f4d-Audio_SP21.v0,group_0,1,fave,114.27130438263876,65.2081626333903,7,ponga,"",0.06999999999970896,le,[silence],g,#,g,.,final
488.52203950284695,1403.7414362713296,1961.3256469205364,2.502138857010494,3.2691340542290535,4.517578792755247,5153.846153846154,0.00048423207060349513,2630.56875,0.037000000000000005,0.324561403508772,0-0-5421-2,a,fcd45f4d-Audio_SP21.v0,group_0,1,fave,120.32745802580648,73.64992912900655,7,haya,"",0.08999999999969077,lo,podido,y,#,y,p,final
628.637178352023,1311.1326920593428,2122.743117479495,3.0460875171858706,3.3691750299430128,4.340383106077114,5512.820512820513,0.00022017519842387772,2642.72575,0.031,0.32978723404255317,0-0-5441-3,a,fcd45f4d-Audio_SP21.v0,group_0,1,fave,110.22716101680747,74.8158630035585,7,Hasta,"",0.07000000000016371,[silence],luego,t,#,t,l,final
229.93037740278643,1529.2363604059344,1831.6316984324274,3.1974417960760344,3.477219986835478,3.870518945419574,3717.948717948718,0.0013329109029167057,36.88275,0.025,0.33783783783783783,0-0-46-1,i,fcd45f4d-Audio_SP21.v0,group_0,1,fave,NaN,60.263833680688,7,sistema,"",0.05000000000000426,software,operativo,s,s,s,s,internal
339.93862428025284,2073.3935443429696,2474.3913363903803,2.4019753160455655,3.296201944778735,3.419315511597041,5512.820512820513,0.00001394770495368413,45.15375,0.027000000000000003,0.32142857142857145,0-0-64-1,i,fcd45f4d-Audio_SP21.v0,group_0,1,fave,144.0066928299708,76.81583950374973,7,piezas,"",0.060000000000002274,cambiamos,y,p,é,p,é,internal
258.3126326986805,2418.6636883544707,2864.9478943979357,2.21456836357309,2.8925329576519125,3.4747071797617597,5333.333333333333,0.0012310404971871618,46.92275,0.385,0.33362218370883884,0-0-70-0,i,fcd45f4d-Audio_SP21.v0,group_0,1,fave,115.94808211724198,74.20546994476327,7,y,"",1.1300000000000026,[silence],[silence],#,#,.,.,coextensive
414.88628883314306,2108.050392038126,2517.765599672786,3.164201551881912,3.1208058506648095,3.4247454188796738,5333.333333333333,0.00003407473980434261,51.29375,0.027000000000000003,0.32142857142857145,0-0-81-1,i,fcd45f4d-Audio_SP21.v0,group_0,1,fave,116.00381099355698,75.75484721553761,7,mi,"",0.060000000000002274,[silence],trabajo,m,#,m,t,final
483.38487655787617,1939.043810590125,2520.033020896821,3.1294647263023863,3.1916077716320586,3.4853108092605294,5512.820512820513,0.00006053373867935874,56.30275,0.025,0.33783783783783783,0-0-94-9,i,fcd45f4d-Audio_SP21.v0,group_0,1,fave,NaN,68.01531739944022,7,programación,"",0.05000000000000426,de,",",z,o,z,o,internal
336.5387885114545,2210.599690856757,2681.4783468249652,2.216633570322645,2.85200091888231,3.091198293552153,5333.333333333333,0.00031768895720049,58.35875,0.097,0.3299319727891157,0-0-102-0,i,fcd45f4d-Audio_SP21.v0,group_0,1,fave,178.04178779808868,70.68679407397525,7,y,"",0.269999999999996,[silence],bueno,#,#,.,b,coextensive
380.90497008434477,1956.5103800919624,2442.2355275632895,2.4230658638913485,3.034913602508042,3.1195575908241864,5153.846153846154,0.0002904133260111275,59.24875,0.037000000000000005,0.324561403508772,0-0-105-7,i,fcd45f4d-Audio_SP21.v0,group_0,1,fave,104.30576516628838,73.41335068166319,7,especializo,"",0.09000000000000341,me,en,l,z,l,z,internal
261.4362885143336,2277.9174657173617,2732.092288935969,2.3443586509508534,3.036160907901479,3.5623207094398643,5512.820512820513,0.0015931021462481112,66.44075,0.241,0.33287292817679554,0-0-119-0,i,fcd45f4d-Audio_SP21.v0,group_0,1,fave,107.52097332465388,71.4757718785734,7,Y,"",0.7000000000000028,[silence],[silence],#,#,.,.,coextensive
358.1436857074709,1953.5598426256192,2335.0607372411023,2.75742473329162,2.8144451448490435,3.242198996645452,5153.846153846154,0.00005290666757184618,85.99875,0.037000000000000005,0.324561403508772,0-0-140-1,i,fcd45f4d-Audio_SP21.v0,group_0,1,fave,114.72127850551053,77.59670596409738,7,bioseguridad,"",0.0899999999999892,de,[silence],b,o,b,o,internal
394.0579994353975,1819.0911325209167,2327.5947408397324,2.2928506444297234,3.0423313305503363,3.2319865055094574,4974.358974358975,0.000021101585331647074,86.44375000000001,0.027000000000000003,0.32142857142857145,0-0-140-8,i,fcd45f4d-Audio_SP21.v0,group_0,1,fave,100.36220312503144,76.41514342595032,7,bioseguridad,"",0.05999999999998806,de,[silence],R,d,R,d,internal
416.02509464681094,1877.9245644837367,2549.647516055153,2.911799833456222,3.0890443144439703,2.9614624880417035,5153.846153846154,0.0013655619229153194,98.21575,0.031,0.32978723404255317,0-0-170-3,i,fcd45f4d-Audio_SP21.v0,group_0,1,fave,126.77655416916869,70.49645465882315,7,exigente,"",0.06999999999999318,muy,",",s,x,s,x,internal
327.7544020367776,1708.3931860280159,2689.746816858732,2.481181334828005,3.1605397189787316,3.750655928260797,5333.333333333333,0.00004344948956452239,101.03375,0.027000000000000003,0.32142857142857145,0-0-180-2,i,fcd45f4d-Audio_SP21.v0,group_0,1,fave,876.5792018870659,67.26845610457849,7,asistir,"",0.060000000000002274,poder,a,s,s,s,s,internal
216.32496734492486,2555.199767479636,3083.0830034082305,2.5519779632425026,3.2641999367802477,3.5239288661802353,5512.820512820513,0.056912825023281544,104.63275,0.125,0.3342245989304812,0-0-193-0,i,fcd45f4d-Audio_SP21.v0,group_0,1,fave,136.25989090522597,72.15226063506627,7,y,"",0.3500000000000085,[silence],[silence],#,#,.,.,coextensive
267.9761665179564,1943.3491427324266,2450.0883239993436,3.7815902902530403,2.585477808265809,3.155786599799761,5692.3076923076915,0.00003636349093890084,108.25375,0.027000000000000003,0.32142857142857145,0-0-204-6,i,fcd45f4d-Audio_SP21.v0,group_0,1,fave,173.59750818853834,67.85454050591841,7,pandemia,"",0.060000000000002274,la,[silence],m,a,m,a,internal
347.7654964577703,2145.550652186421,2587.344913378788,3.27977648212125,2.9522597914140647,2.8582931146541566,5333.333333333333,0.00010293601703445043,113.17575,0.031,0.32978723404255317,0-0-221-3,i,fcd45f4d-Audio_SP21.v0,group_0,1,fave,104.12701615612617,72.46419682100556,7,Teníamos,"",0.07000000000000739,[silence],unos,n,á,n,á,internal
336.42853758965606,1869.5982035814022,2391.987244317116,2.6465518999206994,3.177367295517592,2.9521123544707817,4974.358974358975,0.0000228470738598567,113.78375,0.027000000000000003,0.32142857142857145,0-0-223-1,i,fcd45f4d-Audio_SP21.v0,group_0,1,fave,110.20537703956596,76.1032837262361,7,días,"",0.060000000000002274,unos,sí,d,á,d,á,internal
236.1217694694376,2462.747117987648,2964.9956566566234,2.3261594547181925,2.939769237150489,3.328264847977253,5512.820512820513,0.01286928673181741,116.05575,0.191,0.3327526132404181,0-0-231-0,i,fcd45f4d-Audio_SP21.v0,group_0,1,fave,134.50055787239305,75.40455742033046,7,Y,"",0.5500000000000114,.,[silence],#,#,.,.,coextensive
338.0218193442963,1814.1040795696679,2442.3695722277776,3.1071788726139746,3.207389076072838,3.0750201262387784,5512.820512820513,0.000030798069715745484,128.55274999999997,0.025,0.33783783783783783,0-0-263-3,i,fcd45f4d-Audio_SP21.v0,group_0,1,fave,106.96996476410816,75.82678550682814,7,aplicaciones,"",0.05000000000001137,escalamiento,[silence],l,k,l,k,internal
315.09736940496583,1936.8253444045545,2506.386283265898,2.415242098944417,3.0771521746935133,3.368033467356563,4256.410256410256,0.0022021422647422136,128.86375,0.027000000000000003,0.32142857142857145,0-0-263-7,i,fcd45f4d-Audio_SP21.v0,group_0,1,fave,200.44398965323904,67.86237214304525,7,aplicaciones,"",0.060000000000002274,escalamiento,[silence],z,ó,z,ó,internal
276.7373794904544,2362.641754819794,2674.1328322254703,3.0034556869635267,2.5649327780868245,3.1013564452399978,5512.820512820513,0.0017957194184554323,129.56775000000002,0.035,0.33653846153846156,0-0-265-0,i,fcd45f4d-Audio_SP21.v0,group_0,1,fave,232.13418981020246,58.86619834273581,7,instalación,"",0.07999999999998408,[silence],de,#,n,.,n,initial
351.36772561617045,1869.681412946187,2350.6606674991976,2.3150279418061843,2.5894094635590545,2.6338610757219896,5512.820512820513,7.051660041659694e-6,131.77274999999997,0.025,0.33783783783783783,0-0-276-1,i,fcd45f4d-Audio_SP21.v0,group_0,1,fave,120.29298898029856,80.33336848695053,7,vía,"",0.05000000000001137,hacer,remota,b,á,b,á,internal
326.8096025411955,2368.077926463456,2848.515423418797,2.292340295337095,3.3795400779629943,4.046877656986344,5512.820512820513,0.06342660292586955,138.38075,0.161,0.33264462809917356,0-0-297-0,i,fcd45f4d-Audio_SP21.v0,group_0,1,fave,173.31682806663937,76.83998917975467,7,Y,"",0.45999999999997954,[silence],la,#,#,.,l,coextensive
398.7974450873907,1797.7115343717992,2407.423714599662,2.1309090880772024,3.271751105427566,2.9499677809968627,5333.333333333333,0.00008001539811268853,140.09375000000003,0.027000000000000003,0.32142857142857145,0-0-303-5,i,fcd45f4d-Audio_SP21.v0,group_0,1,fave,100.0717687410395,75.18759592787032,7,facilitado,"",0.05999999999997385,ha,las,l,t,l,t,internal
360.17919312354167,1973.1956604130405,2366.476820581019,3.287377074215575,2.857017651345584,3.090533269218671,5333.333333333333,0.00011772473277479622,169.21574999999999,0.031,0.32978723404255317,0-0-342-3,i,fcd45f4d-Audio_SP21.v0,group_0,1,fave,107.12051717649217,70.17395686779615,7,Ministerio,"",0.0700000000000216,el,de,n,s,n,s,internal
370.70931215316625,1900.9995146640138,2443.5735118164325,2.578734433141427,2.845351705470032,3.250811774116753,5333.333333333333,0.00002240443235785784,169.51775,0.035,0.3365384615384616,0-0-342-8,i,fcd45f4d-Audio_SP21.v0,group_0,1,fave,112.56141179712805,76.03616134650967,7,Ministerio,"",0.0800000000000125,el,de,R,o,R,o,internal
1697.2238482305615,2438.6681342148727,3494.120173848748,2.715698454390762,2.989785086662668,3.9223774186184803,5153.846153846154,0.12248084653736496,170.70274999999998,0.025,0.33783783783783783,0-0-346-6,i,fcd45f4d-Audio_SP21.v0,group_0,1,fave,146.58242015129068,58.27995724076725,7,Justicia,"",0.05000000000001137,de,[silence],z,a,z,a,internal
337.5032567584368,2414.6032910005656,2873.155805098327,2.5036136226954078,3.551051791641105,4.142285958155437,5512.820512820513,0.004191455740771517,171.40775,0.055,0.33536585365853655,0-0-348-6,i,fcd45f4d-Audio_SP21.v0,group_0,1,fave,147.68106721222728,73.90286332740114,7,alcaldía,"",0.14000000000001478,[silence],[silence],d,a,d,a,internal
424.9646170892871,2000.3893145703744,2438.399905288179,3.215461750360188,2.9039049187168278,3.1232127146425364,5333.333333333333,0.00001556905578130368,174.99274999999997,0.025,0.33783783783783783,0-0-357-3,i,fcd45f4d-Audio_SP21.v0,group_0,1,fave,119.66441179818253,73.9794460803023,7,Ministerio,"",0.05000000000001137,al,[silence],n,s,n,s,internal
353.3526355244183,1877.884638945082,2463.739971671035,2.823584922921041,3.098144899927095,3.3409243641448687,5333.333333333333,0.00019337260818426516,175.27874999999997,0.037,0.32456140350877194,0-0-357-8,i,fcd45f4d-Audio_SP21.v0,group_0,1,fave,170.33325080574818,70.70525286009176,7,Ministerio,"",0.09000000000000341,al,[silence],R,o,R,o,internal
304.82696727722544,2097.0924416159514,2615.95355311988,2.6222344043595514,2.6747268342468504,3.4988250770794407,5153.846153846154,0.0010115616304342422,177.28775000000002,0.07500000000000001,0.3348214285714286,0-0-363-1,i,fcd45f4d-Audio_SP21.v0,group_0,1,fave,107.80614606115637,74.80126124551096,7,ahí,"",0.19999999999998863,[silence],era,á,#,á,é,final
352.7931612858331,2202.264524244989,2688.672795620977,2.2567750507358366,2.8556652221971874,3.4506279131853734,5333.333333333333,0.0007209058926254247,183.66575000000003,0.11100000000000002,0.3323353293413173,0-0-375-1,i,fcd45f4d-Audio_SP21.v0,group_0,1,fave,127.10593811944757,74.77260148693804,7,ahí,"",0.30999999999997385,duré,diez,á,#,á,d,final
246.23374310236332,2340.41456657458,2748.68018975455,2.1576738945919285,2.9122209191175523,3.807789297697825,5153.846153846154,0.00036615627530359516,183.97775000000001,0.035,0.3365384615384616,0-0-376-1,i,fcd45f4d-Audio_SP21.v0,group_0,1,fave,124.9851947181436,70.93227274747635,7,diez,"",0.07999999999998408,ahí,años,d,é,d,é,internal
423.7224386676946,1764.3080285808087,2547.130761097497,3.098742571486283,3.098565160321869,3.1608136918834426,5153.846153846154,0.0000726378588259061,190.41375000000002,0.027000000000000003,0.32142857142857145,0-0-395-2,i,fcd45f4d-Audio_SP21.v0,group_0,1,fave,131.6677267591006,68.34991351500278,7,universidad,"",0.060000000000002274,la,[silence],n,b,n,b,internal
390.68799304601356,1893.4724592058099,2407.998371922786,1.8062520162753144,2.712568642845098,3.075453045244872,5333.333333333333,0.00001164553498125404,196.61274999999998,0.025,0.33783783783783783,0-0-410-6,i,fcd45f4d-Audio_SP21.v0,group_0,1,fave,101.42612018371152,75.40946828585844,7,estabilidad,"",0.05000000000001137,otra,económica,l,d,l,d,internal
359.46563175431424,2155.8907587822614,3417.645999711076,2.516947963238637,4.061391638608629,5.00593619680187,5871.794871794871,0.0004844956485321805,211.76375000000002,0.027000000000000003,0.32142857142857145,0-0-427-0,i,fcd45f4d-Audio_SP21.v0,group_0,1,fave,103.83908615776609,62.68852424029115,7,y,"",0.060000000000002274,[silence],trabajando,#,#,.,t,coextensive
391.4280856154624,2109.1878719384895,2574.0771049441882,3.1564715151140335,2.9222119180135,3.2213427628588627,5512.820512820513,0.0007794560555338885,222.87075000000002,0.041,0.3306451612903226,0-0-460-0,i,fcd45f4d-Audio_SP21.v0,group_0,1,fave,103.50295921802302,69.96254844685632,7,ingresos,"",0.09999999999999432,genera,extras,#,n,a,n,initial
296.7482706553444,1810.6199182605822,2558.007056787924,3.5540294776917505,3.1238307033719814,4.004466701137546,4974.358974358975,0.00009199302263725679,230.24274999999997,0.025,0.33783783783783783,0-0-475-3,i,fcd45f4d-Audio_SP21.v0,group_0,1,fave,NaN,66.30479996202784,7,sociales,"",0.05000000000001137,redes,comentario,z,á,z,á,internal
413.46867301800654,1893.0925224316177,2398.197807261334,2.522779682463483,2.791441141958164,3.3645346977689115,4794.871794871795,0.000024301623680707177,231.08575,0.031,0.32978723404255317,0-0-476-8,i,fcd45f4d-Audio_SP21.v0,group_0,1,fave,112.10741193567178,74.36471622985633,7,comentario,"",0.06999999999999318,sociales,[silence],R,o,R,o,internal
365.54205910942926,1953.2589191205864,2475.87191946471,2.8152460675313566,3.077305211295382,3.133085913732575,5512.820512820513,0.00004407059903729804,233.40274999999997,0.025,0.33783783783783783,0-0-481-4,i,fcd45f4d-Audio_SP21.v0,group_0,1,fave,100.71237062129552,75.23121252860643,7,publicando,"",0.05000000000001137,[silence],[silence],l,k,l,k,internal
279.144385892855,2000.90646197343,2756.4796541152728,1.9547511797604347,2.9410678742238607,3.623186641335212,5512.820512820513,0.000037360235929366465,238.22375000000002,0.027000000000000003,0.32142857142857145,0-0-496-2,i,fcd45f4d-Audio_SP21.v0,group_0,1,fave,101.67455486936764,71.43683227887846,7,allí,"",0.060000000000002274,[silence],menciona,L,#,L,m,final
356.413483894997,2217.17579196449,2675.3263919912706,2.5396359886887407,2.5179892308666276,3.1941250190895323,5153.846153846154,0.00009471922010474401,239.32375000000002,0.047,0.3263888888888889,0-0-499-0,i,fcd45f4d-Audio_SP21.v0,group_0,1,fave,132.0777393400045,77.14690410124201,7,y,"",0.11999999999997613,[silence],decidimos,#,#,.,d,coextensive
322.3585034584911,1943.7904471673037,2448.2168192917957,2.346339492683027,2.588571592179703,3.2184072970558026,5512.820512820513,0.00011435048194718965,239.67775,0.035,0.33653846153846156,0-0-500-3,i,fcd45f4d-Audio_SP21.v0,group_0,1,fave,120.96928928556748,75.84389434073381,7,decidimos,"",0.0800000000000125,y,experimentar,z,d,z,d,internal
396.4979119691264,2057.9270793042074,2444.4008184095796,3.1588378837205404,3.1282588905346658,2.932832459847479,5333.333333333333,4.162461480435762e-6,241.14274999999998,0.025,0.33783783783783783,0-0-504-2,i,fcd45f4d-Audio_SP21.v0,group_0,1,fave,113.9365765437814,75.1223811684541,7,principio,"",0.05000000000001137,Al,no,R,n,R,n,internal
393.175165945106,1987.1268430295193,2541.247791102308,1.6244930246134275,2.8233444419825444,3.545155056102555,5153.846153846154,0.000017484754416054283,242.07874999999999,0.037000000000000005,0.324561403508772,0-0-506-3,i,fcd45f4d-Audio_SP21.v0,group_0,1,fave,131.8810583791989,78.63656301451657,7,creíamos,"",0.09000000000000341,no,mucho,e,á,e,á,internal
379.8805519697865,1871.751235986534,2326.523257693406,2.181553955335245,2.498265656756944,2.8625728676363833,4974.358974358975,2.4485343812178853e-6,244.78375000000003,0.027000000000000003,0.32142857142857145,0-0-513-7,i,fcd45f4d-Audio_SP21.v0,group_0,1,fave,135.74565275497125,76.66326778091246,7,efectividad,"",0.060000000000002274,su,",",b,d,b,d,internal
397.98130730602264,2463.993206979608,2693.161776223856,2.8785785669705715,2.6884536440105067,3.141288721452286,5153.846153846154,0.00004387378217264014,248.16775,0.035,0.3365384615384616,0-0-527-0,i,fcd45f4d-Audio_SP21.v0,group_0,1,fave,147.21877298324839,64.04177173279763,7,y,"",0.07999999999998408,pin,empezaron,#,#,n,e,coextensive
398.1051770791203,1980.2389219027875,2615.6996573453316,2.214392067466219,3.4760939886587754,4.041260357851341,5512.820512820513,0.0011939823343438795,258.44375,0.067,0.3284313725490196,0-0-553-1,i,fcd45f4d-Audio_SP21.v0,group_0,1,fave,176.61244621815428,69.74695769289151,7,ahí,"",0.17999999999994998,usuario,he,á,#,á,é,final
286.2293409902477,1826.6905589134653,2053.2383664865383,2.524127313314729,2.6107893422706763,4.369753420563271,3717.948717948718,0.002337407189908447,261.71574999999996,0.031,0.32978723404255317,0-0-558-7,i,fcd45f4d-Audio_SP21.v0,group_0,1,fave,-49.815716428985546,64.9863359124578,7,reconocimiento,"",0.06999999999999318,bastante,pues,z,m,z,m,internal
412.0652843400861,1771.449447974186,2307.335479683753,2.278855978264558,3.0886255860739125,3.583947821083889,5692.3076923076915,0.0000356743758237271,265.54374999999993,0.027000000000000003,0.32142857142857145,0-0-569-4,i,fcd45f4d-Audio_SP21.v0,group_0,1,fave,103.3302047959141,75.71427759762696,7,estrictamente,"",0.060000000000002274,[silence],[silence],R,k,R,k,internal
319.8087241770745,1783.528402363635,2443.970406655015,2.28874339922637,2.842124085314388,2.9661212401920887,4794.871794871795,0.0008598117049853122,267.22374999999994,0.027000000000000003,0.32142857142857145,0-0-573-5,i,fcd45f4d-Audio_SP21.v0,group_0,1,fave,125.70010108676723,70.55253531254449,7,espacio,"",0.060000000000002274,un,bueno,z,o,z,o,internal
472.9332016502103,2455.967916159903,3874.7393407184113,4.117787455192138,3.511752479715055,4.56852639520333,6948.717948717948,0.001174955374748972,270.04275,0.025,0.33783783783783783,0-0-583-1,i,fcd45f4d-Audio_SP21.v0,group_0,1,fave,NaN,74.4475029450343,7,cien,"",0.05000000000001137,el,por,z,é,z,é,internal
376.76783689225465,1708.212251435222,2449.6879208872638,3.707368734816453,3.6793971953138014,2.834532485078044,4435.897435897436,0.00012878808334132902,270.44275000000005,0.025,0.33783783783783783,0-0-585-1,i,fcd45f4d-Audio_SP21.v0,group_0,1,fave,NaN,59.221258189626646,7,ciento,"",0.05000000000001137,por,pero,z,é,z,é,internal
342.3459535845403,2108.345528168202,2591.239011252675,2.363325123916432,3.088649740357799,3.6429582356242634,5512.820512820513,0.00005744861483979275,293.28374999999994,0.027000000000000003,0.32142857142857145,0-0-622-1,i,fcd45f4d-Audio_SP21.v0,group_0,1,fave,127.97382521847229,70.33357726656176,7,tiempo,"",0.060000000000002274,mucho,en,t,é,t,é,internal
327.11587011827083,1932.6139099677812,2539.1284093314466,2.7803041126799,2.5968684427874025,3.105737714301791,5153.846153846154,0.00001641040062888073,301.45275000000004,0.025,0.33783783783783783,0-0-646-1,i,fcd45f4d-Audio_SP21.v0,group_0,1,fave,105.37226183796504,74.03839011285523,7,dinero,"",0.05000000000001137,ganar,online,d,n,d,n,internal
347.4710653181602,1757.6550382065925,2205.145198332879,2.767229166663449,2.6229472381910597,2.9066697341391525,5512.820512820513,0.00011931517657185728,303.99775000000005,0.035,0.33653846153846156,0-0-653-4,i,fcd45f4d-Audio_SP21.v0,group_0,1,fave,117.57081668863155,78.74578489303755,7,confiable,"",0.07999999999998408,[silence],[silence],f,á,f,á,internal
385.33177010717907,1935.8460168688046,2433.1712190611984,2.2438524748593283,3.110700515840953,3.5993920568146223,5512.820512820513,0.00006505852924309691,317.99375,0.027000000000000003,0.32142857142857145,0-0-685-2,i,fcd45f4d-Audio_SP21.v0,group_0,1,fave,97.51261704271562,67.84911025930562,7,Clipclaps,"",0.060000000000002274,como,Star,l,p,l,p,internal
282.85985739440247,2556.730274539511,3043.0600054988095,2.406054554667303,2.90954409303887,3.6427637225584677,4974.358974358975,0.0008365607123855003,319.52774999999997,0.13499999999999998,0.33415841584158407,0-0-689-0,i,fcd45f4d-Audio_SP21.v0,group_0,1,fave,115.24432433009464,72.11994757916482,7,y,"",0.37999999999999545,Clicks,de,#,#,s,d,coextensive
358.90562929104055,1653.6999286198538,2498.747066920088,2.591984995560481,3.464159578678966,3.6229976927082927,5333.333333333333,0.0010857775010498874,327.20074999999997,0.041,0.3306451612903226,0-0-709-1,i,fcd45f4d-Audio_SP21.v0,group_0,1,fave,119.12741707333646,68.34880725994127,7,sincero,"",0.0999999999999659,ser,",",s,n,s,n,internal
371.22140355358215,2228.153890953335,2637.6318889449417,2.293564240385686,2.8643387523362986,3.181886008596853,4974.358974358975,0.005724917080728376,329.43975,0.159,0.3354430379746835,0-0-718-2,i,fcd45f4d-Audio_SP21.v0,group_0,1,fave,157.2559207658946,71.30988016096998,7,aquí,"",0.44999999999998863,ponen,este,k,#,k,s,final
274.1559030498579,2410.7466592571436,2828.4903213843722,2.5302984459706557,2.8288017533498677,4.035977470760273,5512.820512820513,0.019411595747924334,332.00575000000003,0.25100000000000006,0.3328912466843502,0-0-724-0,i,fcd45f4d-Audio_SP21.v0,group_0,1,fave,121.18415906085632,72.64726459776627,7,y,"",0.7300000000000182,[silence],[silence],#,#,.,.,coextensive
390.9430459212118,1971.3518399927245,2460.546197156234,2.595255494158421,2.937736516811871,3.385737705626905,5153.846153846154,0.0006770432930797969,334.56575,0.051000000000000004,0.3311688311688312,0-0-730-5,i,fcd45f4d-Audio_SP21.v0,group_0,1,fave,103.31222533493077,73.60006683054004,7,mucho,"",0.12999999999999545,quitan,[silence],t,#,t,"",final
316.29153283693734,2237.8663160889655,2771.209051279443,2.4787242049208214,3.000527406632473,4.065749991311773,5692.3076923076915,0.003987545041320193,341.75575,0.051000000000000004,0.3311688311688312,0-0-754-0,i,fcd45f4d-Audio_SP21.v0,group_0,1,fave,137.27857514363143,71.05890480526472,7,Y,"",0.12999999999999545,[silence],que,#,#,.,k,coextensive
318.5822877151979,2066.9408530369014,2469.6091142095224,2.4127992045613587,3.0123614487483477,3.2022885823781295,5512.820512820513,0.00014388066378758413,356.62575,0.031,0.32978723404255317,0-0-803-4,i,fcd45f4d-Audio_SP21.v0,group_0,1,fave,98.87892545277698,71.53682394406847,7,publicando,"",0.06999999999999318,están,necesitan,l,k,l,k,internal
381.39040857658733,1778.3375563569866,2367.785466988697,1.7849316368221086,2.7273251058561883,3.7475859498466346,5512.820512820513,6.151805029038203e-6,375.73375,0.027000000000000003,0.32142857142857145,0-0-821-4,i,fcd45f4d-Audio_SP21.v0,group_0,1,fave,127.48190935855997,78.73260152514253,7,realidad,"",0.05999999999994543,en,[silence],l,d,l,d,internal
357.3766313719117,2109.5539466639593,2560.917984436653,2.339625448560292,2.657164286366867,3.7747500476780895,4794.871794871795,0.004113756125801527,378.23975,0.159,0.3354430379746835,0-0-826-2,i,fcd45f4d-Audio_SP21.v0,group_0,1,fave,158.50241394321552,69.65135274788081,7,así,"",0.44999999999998863,algo,en,s,#,s,e,final
285.6054270643276,1886.231399973749,2242.6663656066494,2.46002615866627,2.4092393186821544,3.7194128313464985,4256.410256410256,0.01041011795837991,378.92575,0.031,0.32978723404255317,0-0-828-4,i,fcd45f4d-Audio_SP21.v0,group_0,1,fave,115.67156383367463,66.77271684953811,7,específico,"",0.06999999999999318,en,[silence],z,f,z,f,internal
331.67564824327565,2045.8125196251465,2353.290926539803,2.744170243733963,2.782195843647712,3.0220574625837626,4435.897435897436,0.12398421573866192,380.81575,0.051000000000000004,0.3311688311688312,0-0-836-1,i,fcd45f4d-Audio_SP21.v0,group_0,1,fave,132.00692001729524,72.10567301491552,7,sin,"",0.12999999999999545,",",embargo,s,n,s,n,internal
331.8974226471259,1848.6619493971143,2207.5857271542022,2.6905689572422498,2.54977789455778,2.7390400455223585,5692.3076923076915,0.00001214303021861767,386.52275000000003,0.025,0.33783783783783783,0-0-854-1,i,fcd45f4d-Audio_SP21.v0,group_0,1,fave,140.98292108224646,69.07883300750788,7,Microworkers,"",0.05000000000001137,ejerce,porque,m,k,m,k,internal
461.4592941592489,1954.4756859784206,3614.8836691474753,3.1536809661178498,3.3943002786947782,4.051705967762635,6230.7692307692305,0.00008906364511918801,391.64574999999996,0.031,0.32978723404255317,0-0-869-0,i,fcd45f4d-Audio_SP21.v0,group_0,1,fave,119.41323826052975,74.94462044705936,7,y,"",0.06999999999999318,negativa,no,#,#,a,n,coextensive
266.2261284474454,2415.6508013497155,2692.0720342347277,2.1601821304592472,2.765377600526408,4.226252970576636,4974.358974358975,0.011613939474796367,402.67875,0.197,0.33164983164983164,0-0-895-0,i,fcd45f4d-Audio_SP21.v0,group_0,1,fave,129.31109020610762,74.52877896545147,7,y,"",0.5699999999999932,[silence],te,#,#,.,t,coextensive
407.2841522949225,1744.3382659712065,2214.461574952037,2.929006856491478,2.8162894805240763,3.2785464089352763,5512.820512820513,0.000026703772579061742,403.60275,0.025,0.33783783783783783,0-0-897-5,i,fcd45f4d-Audio_SP21.v0,group_0,1,fave,71.5111242403207,71.39722771827884,7,caligican,"",0.05000000000001137,te,a,x,k,x,k,internal
382.350776469055,1908.5340098091294,2062.6422152949626,2.4783043545135013,2.3866268737494827,4.121925907633,4076.923076923077,0.0010117495037353528,407.61575,0.031,0.32978723404255317,0-0-911-4,i,fcd45f4d-Audio_SP21.v0,group_0,1,fave,269.87450478056815,63.96749359797483,7,específica,"",0.06999999999999318,como,ahí,z,f,z,f,internal
388.7561721393603,2114.8666053508828,2663.3595448728197,2.7428130420172865,2.527661367766621,3.5353876499138557,5153.846153846154,0.00048414714758792803,408.20575,0.07100000000000001,0.3317757009345795,0-0-912-1,i,fcd45f4d-Audio_SP21.v0,group_0,1,fave,112.6909488505747,76.13861994238452,7,ahí,"",0.18999999999999773,específica,en,á,#,á,e,final
366.0501076934236,1837.7354091867433,2451.8688955688017,2.359769710761394,2.9218511045277036,3.2015701919739104,4615.384615384615,0.007167331175790448,410.02774999999997,0.055,0.3353658536585366,0-0-921-2,i,fcd45f4d-Audio_SP21.v0,group_0,1,fave,178.15030038066584,70.89522016380111,7,así,"",0.13999999999998636,es,",",s,#,s,.,final
344.3524582141126,1892.6175332022278,2298.8701175657434,2.310593617137011,2.915325138286792,3.383851699084708,5512.820512820513,0.00008440024965881365,422.70574999999997,0.031,0.32978723404255317,0-0-964-3,i,fcd45f4d-Audio_SP21.v0,group_0,1,fave,115.35356177682569,75.1618653758345,7,deficiente,"",0.06999999999999318,[silence],",",f,z,f,z,internal
355.5715520513059,1955.548373423987,2388.85054425688,2.9666438526152636,2.9638569299699036,4.0043488684043425,4435.897435897436,0.0011511194200781976,422.83374999999995,0.027000000000000003,0.32142857142857145,0-0-964-5,i,fcd45f4d-Audio_SP21.v0,group_0,1,fave,-1693.8102868338783,66.2887369950762,7,deficiente,"",0.060000000000002274,[silence],",",z,é,z,é,internal
419.0726659314729,1763.0063709495876,2343.1970623571337,1.9277943308584136,3.0473927100688085,3.1564060168771144,5512.820512820513,0.000011026487980862338,447.03875,0.037000000000000005,0.324561403508772,0-0-974-4,i,fcd45f4d-Audio_SP21.v0,group_0,1,fave,105.56452543900453,78.8090701370959,7,realidad,"",0.09000000000003183,en,bueno,l,d,l,d,internal
355.78299069028697,2080.907215111787,2595.940281416693,3.3943111579424063,2.700505578007576,3.1013779705374467,5333.333333333333,0.0002650653699710597,448.89775000000003,0.035,0.3365384615384616,0-0-981-1,i,fcd45f4d-Audio_SP21.v0,group_0,1,fave,103.88125615169977,72.11204338445279,7,nivel,"",0.07999999999998408,a,mundial,n,b,n,b,internal
305.8597456550923,1995.6833592867845,2528.0427893393876,2.3524946844249683,2.5081399460681477,3.010213073645989,5512.820512820513,0.000039190181552754305,449.40574999999995,0.031,0.32978723404255317,0-0-982-4,i,fcd45f4d-Audio_SP21.v0,group_0,1,fave,112.95139936758095,77.05880272567087,7,mundial,"",0.06999999999999318,nivel,[silence],d,á,d,á,internal
354.6021013077243,1705.807264113208,1969.734532208706,2.5582064208368878,3.0984722651477274,4.52029061410935,4076.923076923077,0.0009455107247203327,450.73775000000006,0.035,0.3365384615384616,0-0-990-1,i,fcd45f4d-Audio_SP21.v0,group_0,1,fave,98.3918826749591,68.23820781632307,7,situación,"",0.07999999999998408,la,por,s,t,s,t,internal
314.0473129908897,2303.2927564941647,3115.057662391983,2.2851686603710646,3.3921202073390964,4.185695580456929,5333.333333333333,0.005556665926733668,454.95475,0.149,0.33558558558558554,0-0-1005-2,i,fcd45f4d-Audio_SP21.v0,group_0,1,fave,113.00727061715213,74.3330014034416,7,aquí,"",0.4200000000000159,ejerce,[silence],k,#,k,.,final
306.23437602008016,1964.5271721320698,2537.6095162205525,2.8089564516243692,2.2226753931535983,3.6162295975602508,4615.384615384615,0.003524570334839901,462.34374999999994,0.027000000000000003,0.32142857142857145,0-0-1022-5,i,fcd45f4d-Audio_SP21.v0,group_0,1,fave,390.8963288578097,63.04826585427712,7,necesidades,"",0.060000000000002274,las,completa,s,d,s,d,internal
313.37224274538534,2453.3395768316973,2893.0878518345958,2.367125052516519,2.759495145592813,3.604155882298223,5153.846153846154,0.0075091126535243285,468.42975,0.13899999999999998,0.33574879227053134,0-0-1040-0,i,fcd45f4d-Audio_SP21.v0,group_0,1,fave,149.24756306105192,69.95491173280297,7,Y,"",0.38999999999998636,[silence],Microworkers,#,#,.,m,coextensive
348.8923001293301,2022.4389211189032,2533.858498961411,3.4021805871549353,3.243934102561064,3.281875013079873,5333.333333333333,0.0001192368531854343,474.69775000000004,0.035,0.3365384615384616,0-0-1059-0,i,fcd45f4d-Audio_SP21.v0,group_0,1,fave,115.2063360750712,77.54194439894378,7,ingreso,"",0.07999999999998408,un,extra,#,n,n,n,initial
427.03496021111675,1899.5457704946905,2644.6150952270445,3.15874498312574,2.7880927180865838,3.8452943128032584,4615.384615384615,0.014114001182929891,478.73575,0.031,0.32978723404255317,0-0-1068-3,i,fcd45f4d-Audio_SP21.v0,group_0,1,fave,103.82478178915004,64.07727476846138,7,casi,"",0.06999999999999318,era,semanal,s,#,s,s,final
452.2758344003656,1783.7755309893344,2577.1696316976004,3.3628376935695017,3.094960238337317,4.444999123830547,4076.923076923077,0.1324938413794901,479.77374999999995,0.027000000000000003,0.32142857142857145,0-0-1071-3,i,fcd45f4d-Audio_SP21.v0,group_0,1,fave,159.7142854760966,65.71701466991122,7,casi,"",0.060000000000002274,es,semanal,s,#,s,s,final
304.6826334147493,1915.1672853361563,2368.0324827292934,3.4877434607161204,2.494374895737194,3.241184920507402,4794.871794871795,0.00027911341337961574,481.63275000000004,0.025,0.33783783783783783,0-0-1079-1,i,fcd45f4d-Audio_SP21.v0,group_0,1,fave,96.89328176626589,68.85284717368782,7,Microworkers,"",0.05000000000001137,en,[silence],m,k,m,k,internal
237.4850433164035,2412.843585438221,3037.642438445631,2.355008288004519,2.696844371973291,3.606612523077368,5333.333333333333,0.0007046736563167242,484.80875,0.07700000000000001,0.3290598290598291,0-0-1084-0,i,fcd45f4d-Audio_SP21.v0,group_0,1,fave,122.27898689756461,72.80891409717023,7,y,"",0.21000000000003638,[silence],más,#,#,.,m,coextensive
369.7389747810664,2228.737219359381,2578.530132244485,3.2317901693522053,2.725138779169435,2.668388096886944,5512.820512820513,0.00010254410796872864,488.86775000000006,0.035,0.33653846153846156,0-0-1096-3,i,fcd45f4d-Audio_SP21.v0,group_0,1,fave,97.55876772047323,69.05019556809499,7,tenían,"",0.07999999999998408,[silence],tengo,n,a,n,a,internal
316.3722413780672,2408.927015666489,2747.823167371548,2.404127929071595,2.78394133312583,3.1290977107247944,4794.871794871795,0.0017592639534169154,494.64975,0.119,0.3361581920903954,0-0-1112-0,i,fcd45f4d-Audio_SP21.v0,group_0,1,fave,188.02304974904453,72.61626007956514,7,y,"",0.3300000000000409,Este,aparte,#,#,é,a,coextensive
335.2178394779874,1945.60615688551,2464.7012518053743,2.214135174816198,2.3758345122487166,4.040789657923694,5153.846153846154,0.00006634843086569577,497.40275,0.025,0.33783783783783783,0-0-1120-6,i,fcd45f4d-Audio_SP21.v0,group_0,1,fave,116.28211875036243,65.54421872100073,7,curiosidad,"",0.05000000000001137,la,este,s,d,s,d,internal
371.5589619931783,2009.4853362237995,2688.9801635450126,2.584394010273747,3.027385911181833,3.4648051140125777,5512.820512820513,0.0004630019030976033,500.79275,0.025,0.33783783783783783,0-0-1128-3,i,fcd45f4d-Audio_SP21.v0,group_0,1,fave,105.2192483710596,69.81920681329812,7,actividades,"",0.05000000000001137,de,",",t,b,t,b,internal
354.0715623228052,1972.1172768725066,2406.7867025257183,2.206194383715353,3.224657433184992,3.4167997537182764,5512.820512820513,0.00006361835954151886,500.88275000000004,0.045,0.33582089552238803,0-0-1128-5,i,fcd45f4d-Audio_SP21.v0,group_0,1,fave,96.93409382346044,77.09915247131214,7,actividades,"",0.11000000000001364,de,",",b,d,b,d,internal
326.45544065587245,2048.398749561358,2502.246963791188,3.0540703598764343,2.8806749096369177,3.5068968092599304,4974.358974358975,0.016563628449880605,509.93775000000005,0.035,0.33653846153846156,0-0-1155-2,i,fcd45f4d-Audio_SP21.v0,group_0,1,fave,104.35858474399029,68.22052494668404,7,Axie,"",0.07999999999998408,plataforma,Infinity,s,e,s,e,internal
2077.8459573292444,2407.897244775079,2740.595660480928,2.497416238378433,2.896522585303567,3.503852881639892,5153.846153846154,0.16894952606993133,510.05275,0.045,0.3358208955223881,0-0-1156-0,i,fcd45f4d-Audio_SP21.v0,group_0,1,fave,307.2349196924565,59.40672542162602,7,Infinity,"",0.11000000000001364,Axie,",",#,n,e,n,initial
349.6269771090129,1886.015178399956,2220.981885360961,2.6506960980052545,2.9072223238224395,3.249058744077836,5512.820512820513,0.00003669313840437286,510.29875,0.037000000000000005,0.324561403508772,0-0-1156-3,i,fcd45f4d-Audio_SP21.v0,group_0,1,fave,139.81799666578246,77.97265708010104,7,Infinity,"",0.09000000000003183,Axie,",",f,n,f,n,internal
219.3146394988958,1997.3178847353913,2582.3156265450593,2.7097028583746967,3.3452520078868138,3.231602816185126,4794.871794871795,0.001721283171772424,512.6057500000001,0.031,0.32978723404255317,0-0-1164-1,i,fcd45f4d-Audio_SP21.v0,group_0,1,fave,101.7477399669489,68.97992280299431,7,nivel,"",0.06999999999993634,a,mundial,n,b,n,b,internal
344.2843838893079,1882.3530280073849,2550.367780020429,1.852363125059531,2.970655016287847,3.3018552179436655,5512.820512820513,0.000010854575250270829,513.04375,0.027000000000000003,0.32142857142857145,0-0-1165-4,i,fcd45f4d-Audio_SP21.v0,group_0,1,fave,128.58806585046898,78.33781621712279,7,mundial,"",0.06000000000005912,nivel,[silence],d,á,d,á,internal
359.46997791355517,1934.7259706112561,2549.6873328374822,2.6263558086452874,2.4203425033440737,4.231253460646973,5333.333333333333,0.00007142571693818769,530.63775,0.035,0.3365384615384616,0-0-1184-5,i,fcd45f4d-Audio_SP21.v0,group_0,1,fave,114.0567071208868,76.16677536000282,7,todavía,"",0.08000000000004093,porque,[silence],b,a,b,a,internal
438.25723747049244,1819.0073800028422,2385.227538997734,2.0289507340836637,3.056021257866161,3.497691976695865,5512.820512820513,0.000041850532241166966,533.2257500000001,0.031,0.32978723404255317,0-0-1191-0,i,fcd45f4d-Audio_SP21.v0,group_0,1,fave,137.60188429622892,75.73336155416716,7,y,"",0.06999999999993634,tarea,son,#,#,a,s,coextensive
395.0757289090883,2113.4813342973766,2732.36911422532,3.10843707143956,3.066540099513362,3.256005629313747,5153.846153846154,0.000055180167267001394,539.55075,0.041,0.3306451612903226,0-0-1206-6,i,fcd45f4d-Audio_SP21.v0,group_0,1,fave,105.66668538139966,67.53992499862922,7,compañía,"",0.10000000000002274,una,de,N,a,N,a,internal
324.06294281466955,1848.2485475248257,2435.9801705791556,2.552358825824989,3.1013973735218774,3.6099808226667833,5692.3076923076915,0.015693652738122007,542.55575,0.07100000000000001,0.3317757009345795,0-0-1216-3,i,fcd45f4d-Audio_SP21.v0,group_0,1,fave,124.03320878414006,74.30618960865417,7,envía,"",0.19000000000005457,[silence],recibe,b,a,b,a,internal
301.02395775229144,1904.1105982559225,2515.8519010629343,2.805118161600509,2.93307081333779,3.500430440605109,4435.897435897436,0.0008193961796906801,551.54275,0.025,0.33783783783783783,0-0-1244-8,i,fcd45f4d-Audio_SP21.v0,group_0,1,fave,152.30262156219212,66.72155362381456,7,publicación,"",0.05000000000006821,la,darle,z,o,z,o,internal
335.36043351873957,2444.811156961422,3040.6189641250367,2.552501152997629,3.2737154729106046,4.307816181468409,5512.820512820513,0.003772429514303054,553.3077499999999,0.13499999999999998,0.33415841584158407,0-0-1250-0,i,fcd45f4d-Audio_SP21.v0,group_0,1,fave,190.83323819137885,77.62873598542868,7,y,"",0.37999999999999545,[silence],dejar,#,#,.,d,coextensive
322.7166974595387,1933.1867558124366,2496.4307910133207,2.8386691727780433,3.295559646290508,3.440133867003218,5692.3076923076915,0.000022236727052558317,559.9737500000001,0.027000000000000003,0.32142857142857145,0-0-1270-0,i,fcd45f4d-Audio_SP21.v0,group_0,1,fave,111.67156698715854,73.1463942775906,7,ingresé,"",0.05999999999994543,cuanto,[silence],#,n,o,n,initial
259.0268130062226,2450.0049063356773,2779.9353891341602,1.9381384353949493,3.2012000992483256,3.833283089347382,5333.333333333333,0.048007598156329816,560.55875,0.057,0.32758620689655177,0-0-1272-0,i,fcd45f4d-Audio_SP21.v0,group_0,1,fave,135.43294367564508,67.88383530214998,7,y,"",0.14999999999997726,[silence],para,#,#,.,p,coextensive
343.0921936702336,1932.26370948281,2442.041489239453,2.9019177251597807,2.618745502038474,3.17663175319403,4794.871794871795,0.0026695079030868672,566.50075,0.041,0.3306451612903226,0-0-1294-4,i,fcd45f4d-Audio_SP21.v0,group_0,1,fave,143.25780724115523,70.81536521042159,7,específico,"",0.10000000000002274,tiempo,y,z,f,z,f,internal
389.90087539529446,1992.4434050659895,2419.5747020501813,2.1279670105032857,2.80850231539794,2.9439909909730875,5153.846153846154,0.0000609543169176439,566.9737500000001,0.047,0.3263888888888889,0-0-1295-0,i,fcd45f4d-Audio_SP21.v0,group_0,1,fave,131.63726371066204,77.29575465052937,7,y,"",0.12000000000000455,específico,a,#,#,o,a,coextensive
409.38791146444265,2230.4735975461326,3991.997511714216,3.037782444640382,3.8731795312241664,4.739043062233065,6589.74358974359,0.0012665173429174262,571.04875,0.037,0.32456140350877194,0-0-1309-0,i,fcd45f4d-Audio_SP21.v0,group_0,1,fave,155.8260652487411,64.57981375229329,7,y,"",0.09000000000003183,[silence],prefería,#,#,.,p,coextensive
351.73082120126304,1975.555543702719,2454.1447371186714,2.5791307893515243,2.701114070788151,3.3753840753377027,5333.333333333333,0.000025848525223204962,571.51575,0.031,0.32978723404255317,0-0-1310-6,i,fcd45f4d-Audio_SP21.v0,group_0,1,fave,110.96382219786332,74.93447080903145,7,prefería,"",0.07000000000005002,y,no,R,a,R,a,internal
472.7516297862223,1961.3532680408427,2455.7891734543323,3.4375713234622425,3.279011895324131,3.598127479448105,5512.820512820513,0.000010718696663734264,611.8537500000001,0.027000000000000003,0.32142857142857145,0-0-1352-3,i,fcd45f4d-Audio_SP21.v0,group_0,1,fave,117.26249647460384,76.5688296052962,7,Gmail,"",0.05999999999994543,de,Outlook,á,l,á,l,internal
296.54087278357247,2403.4053734400386,2820.410258038176,2.452059670164758,2.5270188717914777,3.8218387799717406,5333.333333333333,0.0017991377812813095,614.32575,0.11100000000000002,0.3323353293413173,0-0-1359-0,i,fcd45f4d-Audio_SP21.v0,group_0,1,fave,120.50779034170574,71.2646520159783,7,y,"",0.3100000000000591,[silence],Yahoo,#,#,.,y,coextensive
426.09313365098535,1642.7303965553544,2229.4569186844546,2.662911033768376,2.5423915694488795,3.4683798313074066,5512.820512820513,0.000018762196428304816,621.1437500000001,0.027000000000000003,0.32142857142857145,0-0-1379-4,i,fcd45f4d-Audio_SP21.v0,group_0,1,fave,117.471672167546,78.35126093598544,7,realizarla,"",0.06000000000005912,de,[silence],l,z,l,z,internal
292.5275774844648,2490.139395859819,3181.9967228619744,1.943591940425387,2.8258812215403744,4.3410110771425625,5512.820512820513,0.0094850875585629,621.85875,0.197,0.33164983164983164,0-0-1381-0,i,fcd45f4d-Audio_SP21.v0,group_0,1,fave,153.10586693634954,69.85192119453305,7,y,"",0.57000000000005,[silence],",",#,#,.,.,coextensive
174.0158185312908,1675.2073676126006,1878.3628988370115,3.130983224411358,3.76688650166701,3.140852804670271,3538.4615384615386,0.014507278181163914,626.3227499999999,0.025,0.33783783783783783,0-0-1396-5,i,fcd45f4d-Audio_SP21.v0,group_0,1,fave,-14523.444346678087,59.92733319410835,7,especifican,"",0.05000000000006821,ellos,ahí,z,f,z,f,internal
450.2377121992515,2065.592178110427,2571.8680657701602,2.839630062504051,2.6841438271986457,3.3395609034671225,4794.871794871795,0.004197055934261644,626.7587500000001,0.057,0.32758620689655177,0-0-1397-1,i,fcd45f4d-Audio_SP21.v0,group_0,1,fave,107.04344387929352,74.69593920053696,7,ahí,"",0.14999999999997726,especifican,que,á,#,á,k,final
169.24892864972293,1567.171857971752,1863.245915265661,2.6854989270472616,3.1254250465740854,4.098467419189116,3717.948717948718,0.007688214894622999,629.86775,0.035,0.33653846153846156,0-0-1410-4,i,fcd45f4d-Audio_SP21.v0,group_0,1,fave,145.7142451306983,65.83690988097774,7,confiable,"",0.07999999999992724,es,[silence],f,á,f,á,internal
356.2442346381377,2190.248261177937,2561.616701560047,2.48415012442798,2.9732983343761568,2.8761342959007936,5153.846153846154,0.0003532827939225718,631.0937500000001,0.047,0.3263888888888889,0-0-1412-0,i,fcd45f4d-Audio_SP21.v0,group_0,1,fave,197.86863044282828,75.0554140493341,7,y,"",0.12000000000000455,[silence],no,#,#,.,n,coextensive
271.4245387482923,2037.4204428997064,2548.7052151895073,2.919664597984772,2.9985963576574104,2.849346218516005,5692.3076923076915,0.000055795288085758296,634.66775,0.035,0.33653846153846156,0-0-1423-1,i,fcd45f4d-Audio_SP21.v0,group_0,1,fave,105.09803468543315,71.44004215319852,7,ni,"",0.08000000000004093,datos,nada,n,#,n,n,final
245.81507863738054,1922.6447798448824,2294.968736201038,2.793245777668933,2.9974353063252597,3.8314952559564817,4435.897435897436,0.0011209425480203424,635.03375,0.027000000000000003,0.32142857142857145,0-0-1425-2,i,fcd45f4d-Audio_SP21.v0,group_0,1,fave,205.2832162889307,64.15600862451116,7,así,"",0.06000000000005912,nada,por,s,#,s,p,final
382.5354611646934,2036.4340787598824,2571.405704610097,3.1015709700653,2.967204807274554,3.479694170800485,5333.333333333333,0.0000801446138386478,637.38075,0.041,0.3306451612903226,0-0-1434-4,i,fcd45f4d-Audio_SP21.v0,group_0,1,fave,106.81360427433613,72.78333871359511,7,También,"",0.10000000000002274,.,hago,b,e,b,e,internal
362.01077325065955,1835.3659656167265,2340.028158290641,2.7136956534260688,3.1423941401061053,3.086686693176945,5512.820512820513,9.2121201938606e-6,644.65275,0.025,0.33783783783783783,0-0-1460-2,i,fcd45f4d-Audio_SP21.v0,group_0,1,fave,102.74263039938398,70.15329913571877,7,criptomonedas,"",0.05000000000006821,de,.,R,t,R,t,internal
319.0058834955383,2591.6495509613446,3147.039349182662,3.1130706323568407,2.9672559750593583,4.554660241519468,6051.282051282051,0.0038395101586891347,648.4127500000001,0.065,0.33505154639175255,0-0-1472-2,i,fcd45f4d-Audio_SP21.v0,group_0,1,fave,97.54395984165512,72.71814270476543,7,uní,"",0.16999999999995907,me,a,n,#,n,a,final
376.3663638693654,1739.6048575901893,2227.4276967051082,2.981771272803362,3.325435956833464,3.3433938113393187,5512.820512820513,0.00010864306848255228,660.51575,0.031,0.32978723404255317,0-0-1514-2,i,fcd45f4d-Audio_SP21.v0,group_0,1,fave,110.75993268289024,69.2547832019501,7,Cryptotab,"",0.07000000000005002,llama,[silence],R,t,R,t,internal
270.77538387240594,2400.3529414879713,3549.9926362563897,2.376925899933396,3.269969359744138,3.9264671915826588,5153.846153846154,0.01489636653899892,661.2277500000001,0.055,0.33536585365853655,0-0-1516-0,i,fcd45f4d-Audio_SP21.v0,group_0,1,fave,115.06089071584623,68.16944293581446,7,y,"",0.13999999999998636,[silence],es,#,#,.,é,coextensive
304.1911110179766,2204.7780750666348,2602.9312802786394,3.227257788853149,2.9451870448873874,3.0975557113139827,4974.358974358975,0.00005085786469826106,662.00575,0.031,0.32978723404255317,0-0-1519-1,i,fcd45f4d-Audio_SP21.v0,group_0,1,fave,108.83457310065754,74.10543425521168,7,minería,"",0.06999999999993634,una,.,m,n,m,n,internal
326.76270547687585,2196.309096246402,2996.9380707367536,2.5283082234382044,3.330080734922098,4.141956538391207,5512.820512820513,0.00028303711490517444,662.23275,0.045,0.33582089552238803,0-0-1519-5,i,fcd45f4d-Audio_SP21.v0,group_0,1,fave,100.2133792836807,72.40498432060804,7,minería,"",0.11000000000001364,una,.,R,a,R,a,internal
286.21534382676674,2122.8587291379026,2728.449613687583,2.7091902327499455,2.5747184615314334,3.79392737134324,5153.846153846154,0.00006058452809075702,666.7737500000001,0.027000000000000003,0.32142857142857145,0-0-1525-2,i,fcd45f4d-Audio_SP21.v0,group_0,1,fave,114.77970223643234,77.03275617438332,7,allí,"",0.06000000000005912,Por,mismo,L,#,L,m,final
304.5453528833539,2153.9804441765464,2578.8004544365776,2.427142006972735,2.5999335005039157,2.730168389846043,5153.846153846154,0.000309817332047657,668.5587499999999,0.097,0.3299319727891156,0-0-1530-5,i,fcd45f4d-Audio_SP21.v0,group_0,1,fave,150.17347859049093,68.50517021986026,7,conocí,"",0.2699999999999818,[silence],he,z,#,z,é,final
359.7025939681403,1675.2530051711803,2399.620604307562,2.634118325687674,3.184783336792335,3.6934262411362173,4794.871794871795,0.016378758237451645,672.26275,0.045,0.33582089552238803,0-0-1544-0,i,fcd45f4d-Audio_SP21.v0,group_0,1,fave,274.72330739809763,52.697210266128415,7,y,"",0.11000000000001364,Clicks,Clipclaps,#,#,s,k,coextensive
322.0363832850836,2094.8741524899783,2859.674681337999,2.9413211182079277,2.7920570485520657,3.095187087416964,4794.871794871795,0.000047458315897857804,674.6437500000001,0.027000000000000003,0.32142857142857145,0-0-1551-2,i,fcd45f4d-Audio_SP21.v0,group_0,1,fave,102.93351722831478,71.668474761567,7,allí,"",0.06000000000005912,colocan,también,L,#,L,t,final
432.05575574009873,1640.804723403982,2243.0382034764975,2.3132818120160676,2.7530822955995347,3.783621984867387,5692.3076923076915,0.00007289855580742388,676.04375,0.027000000000000003,0.32142857142857145,0-0-1556-4,i,fcd45f4d-Audio_SP21.v0,group_0,1,fave,135.65995520418204,80.03162068750183,7,realizado,"",0.06000000000005912,he,también,l,z,l,z,internal
309.8768568927817,2549.373129042311,3473.3217805202767,2.51705022610409,2.6426872823620084,4.001923228238143,5153.846153846154,0.002724030661552957,677.74075,0.161,0.33264462809917356,0-0-1561-0,i,fcd45f4d-Audio_SP21.v0,group_0,1,fave,184.2567039055292,75.4449039785824,7,Y,"",0.4600000000000364,[silence],[silence],#,#,.,.,coextensive
442.59817600731753,1691.5310805197394,2278.7192355715365,2.8458927571203376,3.1784455717881404,3.707093305926869,5512.820512820513,0.00010253244502224403,679.13575,0.031,0.32978723404255317,0-0-1566-4,i,fcd45f4d-Audio_SP21.v0,group_0,1,fave,122.15277925567509,77.76631177135773,7,realizaba,"",0.07000000000005002,antes,unas,l,z,l,z,internal
352.06762804870783,1654.7099159199558,2262.8330573472244,2.7295625539848096,3.5862590412229642,3.1876766014915026,4794.871794871795,0.00009026022372251528,684.3637500000001,0.027000000000000003,0.32142857142857145,0-0-1580-4,i,fcd45f4d-Audio_SP21.v0,group_0,1,fave,105.3647470255341,76.19582774284953,7,publicidad,"",0.05999999999994543,de,y,l,z,l,z,internal
208.32353379214334,1800.5164780662474,2223.6781416137446,2.5689708616151092,3.2169661885705683,4.22412086739439,4256.410256410256,0.04067339027320003,684.51075,0.041,0.3306451612903226,0-0-1580-6,i,fcd45f4d-Audio_SP21.v0,group_0,1,fave,118.36473968353786,66.57699605802549,7,publicidad,"",0.10000000000002274,de,y,z,d,z,d,internal
450.4087615940822,2057.328780338503,2567.946942043165,2.2981716788468844,2.8236300745624585,3.489723298437103,4974.358974358975,0.0004695459447057672,684.86075,0.041,0.3306451612903226,0-0-1581-0,i,fcd45f4d-Audio_SP21.v0,group_0,1,fave,118.17133921079198,73.39083916226298,7,y,"",0.10000000000002274,publicidad,todas,#,#,d,t,coextensive
331.7212543587588,1889.6980618855391,2344.955641761377,2.437609467106529,2.5614850904880644,2.9764819622138092,5333.333333333333,0.0000516684641831341,689.20775,0.035,0.3365384615384616,0-0-1600-1,i,fcd45f4d-Audio_SP21.v0,group_0,1,fave,122.23162689270156,77.42085847467332,7,difícil,"",0.07999999999992724,muy,realizar,d,f,d,f,internal
319.8545184873036,1887.7352451741947,2214.8557742167404,2.5507031264691853,2.555685228566164,3.2343877999077146,5512.820512820513,0.00031130576897576463,689.3687500000001,0.037000000000000005,0.324561403508772,0-0-1600-3,i,fcd45f4d-Audio_SP21.v0,group_0,1,fave,122.43633635018537,73.04711887601927,7,difícil,"",0.09000000000003183,muy,realizar,f,z,f,z,internal
505.1352063048873,2498.9565492500706,3101.8884490718747,3.4050251295463516,3.5027655443731267,4.264422247630546,5512.820512820513,0.00009949862831272581,705.04575,0.031,0.32978723404255317,0-0-1625-1,i,fcd45f4d-Audio_SP21.v0,group_0,1,fave,170.31211301800073,64.6271160594751,7,Microworkers,"",0.07000000000005002,en,esta,m,k,m,k,internal
345.2453984941095,1726.4743352291464,2280.384017085207,2.256693998261369,3.395408670754801,3.729012000982303,5333.333333333333,0.00003449490297822142,709.03375,0.027000000000000003,0.32142857142857145,0-0-1639-1,i,fcd45f4d-Audio_SP21.v0,group_0,1,fave,130.85810069148704,72.9122824302204,7,físico,"",0.06000000000005912,contacto,con,f,s,f,s,internal
304.1266642397849,2308.044350716757,3154.748695685418,2.423516885148687,3.176154440632644,3.6902983985941034,4974.358974358975,0.0018965293000591968,713.81875,0.057,0.32758620689655177,0-0-1655-0,i,fcd45f4d-Audio_SP21.v0,group_0,1,fave,113.03438365245616,70.74266367636923,7,y,"",0.15000000000009095,[silence],esta,#,#,.,é,coextensive
388.1354674086797,1793.651713763905,2371.863235746123,1.7406634046013225,2.568752846011372,2.8790413242441626,5692.3076923076915,0.00001086151985493875,715.75575,0.031,0.32978723404255317,0-0-1666-1,i,fcd45f4d-Audio_SP21.v0,group_0,1,fave,131.37055979847665,77.48973874081904,7,video,"",0.06999999999993634,una,llamada,b,d,b,d,internal
323.9197863712048,2282.6184688068206,2673.2703294049907,2.474061459670955,2.74510054155001,3.137837312649078,5153.846153846154,0.000632984708957769,721.93575,0.091,0.33211678832116787,0-0-1682-0,i,fcd45f4d-Audio_SP21.v0,group_0,1,fave,163.50344171449206,71.48686835907856,7,y,"",0.25,[silence],como,#,#,.,k,coextensive
345.7300440826761,2377.6604558531812,2595.122698190126,2.7425016850604353,3.544576961743067,3.4160052582587284,5512.820512820513,0.0008817839538652143,723.8177499999999,0.11499999999999999,0.3343023255813952,0-0-1690-1,i,fcd45f4d-Audio_SP21.v0,group_0,1,fave,127.24788812133545,68.86280266193468,7,mi,"",0.32000000000005,en,mi,m,#,m,m,final
260.4471191579983,2362.598152358468,3391.9125193786886,1.980435461712929,3.245261845629823,3.988602284839539,4974.358974358975,0.005208478614255421,731.01575,0.051000000000000004,0.3311688311688311,0-0-1710-0,i,fcd45f4d-Audio_SP21.v0,group_0,1,fave,179.02942741565394,72.50482876803756,7,Y,"",0.12999999999999545,.,esta,#,#,.,é,coextensive
400.5506861009024,1762.4247990979552,2359.154891094755,2.255774432771163,2.488467419383469,3.140866414345855,5512.820512820513,6.358915220557709e-6,735.1137500000001,0.027000000000000003,0.32142857142857145,0-0-1726-2,i,fcd45f4d-Audio_SP21.v0,group_0,1,fave,129.15617552674317,81.8439671015623,7,había,"",0.05999999999994543,me,pasado,b,a,b,a,internal
279.6662533848131,2170.8130016617156,2613.7333822175706,2.5775425799516887,2.3168261121128477,3.2001086268041856,5153.846153846154,0.0019753676298588543,755.31975,0.119,0.3361581920903954,0-0-1765-0,i,fcd45f4d-Audio_SP21.v0,group_0,1,fave,108.14731355455964,75.77391303945534,7,y,"",0.3300000000000409,[silence],en,#,#,.,e,coextensive
287.7744845189278,1898.4727696316586,2203.1354960094905,2.7576279301998383,2.454923239141223,2.8754340842078263,5153.846153846154,0.0000820436855538582,760.2257500000001,0.031,0.32978723404255317,0-0-1784-1,i,fcd45f4d-Audio_SP21.v0,group_0,1,fave,112.55883138529406,76.27126417481989,7,bien,"",0.06999999999993634,muy,qué,b,é,b,é,internal
378.66558286278354,2168.0976847789284,2662.4510600468448,2.2976715298194916,2.8027597786419567,3.774606358344283,5153.846153846154,0.0003951907454006269,778.57075,0.041,0.3306451612903226,0-0-1813-0,i,fcd45f4d-Audio_SP21.v0,group_0,1,fave,-52.47739559989693,64.07214546428528,7,y,"",0.10000000000002274,[silence],cuanto,#,#,.,k,coextensive
230.26587267636972,1994.7886929704953,2535.831310328087,2.3152877973754493,2.794668443672273,2.8274352151917115,5333.333333333333,0.0000114066281143918,782.7537500000001,0.027000000000000003,0.32142857142857145,0-0-1828-7,i,fcd45f4d-Audio_SP21.v0,group_0,1,fave,110.07798104845362,76.13439125785455,7,oportunidades,"",0.05999999999994543,más,de,n,d,n,d,internal
393.14631857961774,1640.298582504854,2214.889992237267,2.0093243150437288,2.8347810499128516,3.6646032418559518,5512.820512820513,0.00006561580476463995,786.7537500000001,0.027000000000000003,0.32142857142857145,0-0-1842-4,i,fcd45f4d-Audio_SP21.v0,group_0,1,fave,102.3012738653138,75.51929298253047,7,publicación,"",0.05999999999994543,su,.,l,k,l,k,internal
520.6166927391971,1921.3189293467742,2570.0164492131553,3.0522417210858137,3.368161349203763,3.7232661469756025,4974.358974358975,0.001528088419395542,787.05375,0.027000000000000003,0.32142857142857145,0-0-1842-8,i,fcd45f4d-Audio_SP21.v0,group_0,1,fave,116.0038543849434,70.4746033251026,7,publicación,"",0.06000000000005912,su,.,z,o,z,o,internal
390.5699959839439,2171.3006477677545,2569.9647073703413,2.6087814956841235,2.431089429554976,3.4008038952978397,4974.358974358975,0.0002910173184557586,811.60275,0.045,0.3358208955223881,0-0-1915-0,i,fcd45f4d-Audio_SP21.v0,group_0,1,fave,103.11838907793349,73.18512744046414,7,Instagram,"",0.11000000000001364,de,de,#,n,e,n,initial
377.89882897693894,1969.4434052742647,2459.5574984054874,2.6207704848870623,2.7405045195706554,3.6925232612894,5692.3076923076915,0.00015364261843150756,827.55275,0.045,0.33582089552238803,0-0-1947-3,i,fcd45f4d-Audio_SP21.v0,group_0,1,fave,114.89739165981929,77.44492778248197,7,abrí,"",0.11000000000001364,Pero,mi,R,#,R,m,final
260.1856028206312,2215.933987856491,3189.5314257591162,2.223964599088137,3.5779822139694515,4.175108183261949,5871.794871794871,0.040106293463365784,827.75875,0.07700000000000001,0.3290598290598291,0-0-1948-1,i,fcd45f4d-Audio_SP21.v0,group_0,1,fave,165.59944579090273,68.51882368441252,7,mi,"",0.2099999999999227,abrí,[silence],m,#,m,.,final
339.74772847745857,1915.820057512981,2310.867908612889,3.3239862396624793,2.689452974972444,3.525107137022112,4974.358974358975,0.00016084802366853475,829.1977499999999,0.035,0.33653846153846156,0-0-1954-1,i,fcd45f4d-Audio_SP21.v0,group_0,1,fave,111.71885614462731,74.01476715154013,7,mi,"",0.08000000000004093,con,mismo,m,#,m,m,final
373.98022522086,1921.9052192000215,2356.129113658216,2.6391149740516178,3.0807072938243354,3.950077005333882,5512.820512820513,0.00019296160778169787,832.65075,0.041,0.3306451612903226,0-0-1963-2,i,fcd45f4d-Audio_SP21.v0,group_0,1,fave,116.91735985407392,73.50478626889736,7,principio,"",0.10000000000002274,al,[silence],R,n,R,n,internal
414.88525340736487,1824.6436032133931,2584.7864120669083,2.818619525674729,2.515978419690038,3.173839903232162,4974.358974358975,0.00008543635062326865,837.81575,0.031,0.32978723404255317,0-0-1978-4,i,fcd45f4d-Audio_SP21.v0,group_0,1,fave,109.09122651226386,76.26357321122646,7,condiciones,"",0.07000000000005002,las,que,d,z,d,z,internal
267.81932986493763,2092.4096367206266,2628.3256488920583,3.1421823342152,2.621535752049481,2.88983268691298,5153.846153846154,0.000060956837757698625,839.07375,0.027000000000000003,0.32142857142857145,0-0-1981-3,i,fcd45f4d-Audio_SP21.v0,group_0,1,fave,111.80299326241484,71.52308929422124,7,tenía,"",0.06000000000005912,uno,que,n,a,n,a,internal
304.15467281421013,2140.69368429152,2657.5223867895847,2.534811670768199,2.4242449820915333,3.7479764154436,5333.333333333333,0.0005639780499188591,846.42275,0.125,0.3342245989304812,0-0-2012-6,i,fcd45f4d-Audio_SP21.v0,group_0,1,fave,109.82215344832458,72.0709799811818,7,preferí,"",0.35000000000002274,Entonces,abrir,R,#,R,a,final
319.42520138489954,2056.437639014752,2482.259689069419,3.0652313113139957,2.4888412641061213,3.0455014228138166,5153.846153846154,0.0003348704309845349,847.87575,0.031,0.32978723404255317,0-0-2017-1,i,fcd45f4d-Audio_SP21.v0,group_0,1,fave,106.2099452714439,69.6922612143365,7,mi,"",0.06999999999993634,a,nombre,m,#,m,n,final
291.8262063583798,2055.059829488544,2473.114932388074,3.0627440074834964,2.662488772919998,2.887888099790173,5153.846153846154,0.00010997338961707905,853.3277499999999,0.035,0.3365384615384616,0-0-2033-1,i,fcd45f4d-Audio_SP21.v0,group_0,1,fave,115.30176413160541,74.13477869714966,7,mi,"",0.08000000000004093,con,nombre,m,#,m,n,final
353.5261559814904,2119.7527550011855,2496.007972412632,3.27234849409283,2.121134699730534,3.26727426697841,5153.846153846154,0.00007274101676170692,857.9837500000001,0.027000000000000003,0.32142857142857145,0-0-2051-1,i,fcd45f4d-Audio_SP21.v0,group_0,1,fave,117.41963832293452,72.95592174615285,7,Microworkers,"",0.05999999999994543,que,tiene,m,k,m,k,internal
390.91063119570737,1941.2396036303644,2478.514074525685,1.8598798385812587,2.4109532878731272,3.75779965266398,5512.820512820513,0.000014325667693576043,878.43575,0.031,0.32978723404255317,0-0-2082-3,i,fcd45f4d-Audio_SP21.v0,group_0,1,fave,100.2942047371387,80.73848523771576,7,media,"",0.07000000000005002,si,hora,d,a,d,a,internal
427.8668861605179,2077.8927095878366,2607.046303420865,2.4770534287849144,2.8208518341454822,3.3147714836357762,5333.333333333333,0.0006693538252901888,886.1337500000001,0.047,0.3263888888888889,0-0-2111-0,i,fcd45f4d-Audio_SP21.v0,group_0,1,fave,109.22897854471223,71.24949860900684,7,y,"",0.12000000000000455,tareas,las,#,#,s,l,coextensive
350.1506485978167,2112.285008343234,2635.3583048091796,1.8150421446864557,2.260152179754391,3.4571064043647746,5333.333333333333,0.000030239133019912335,905.13775,0.035,0.3365384615384616,0-0-2147-1,i,fcd45f4d-Audio_SP21.v0,group_0,1,fave,128.2589334556778,77.95518245069653,7,diez,"",0.08000000000004093,cero,y,d,é,d,é,internal
412.6844930889734,2038.2141105965284,2360.1883900325597,2.287232167016281,2.299730544434337,3.4003838000379814,5333.333333333333,0.0007047956895712049,905.42875,0.057,0.32758620689655177,0-0-2148-0,i,fcd45f4d-Audio_SP21.v0,group_0,1,fave,130.49206909558427,68.56459889280274,7,y,"",0.14999999999997726,diez,cero,#,#,z,z,coextensive
216.4945586738234,2140.2848441400197,3234.5473677508417,1.3020291884100235,4.1927852415040405,4.591363263795118,6410.25641025641,0.001029010536424936,906.01775,0.035,0.33653846153846156,0-0-2149-6,i,fcd45f4d-Audio_SP21.v0,group_0,1,fave,215.6788000350932,66.75504030625186,7,cero,"",0.08000000000004093,y,[silence],é,#,é,"",final
362.61286867722674,1794.3107703880073,2240.16633058401,3.338509224247973,3.0042328271733654,2.947812276327496,4794.871794871795,0.0004217132603832,907.8537500000001,0.027000000000000003,0.32142857142857145,0-0-2155-2,i,fcd45f4d-Audio_SP21.v0,group_0,1,fave,105.87820947461074,68.90993206009877,7,veinte,"",0.05999999999994543,cero,",",é,n,é,n,internal
394.9051535156067,2069.7767413881556,2392.166526627884,2.629199582293989,3.4414913649804175,2.9141198621874445,5512.820512820513,0.000043746583060794955,921.8487500000001,0.037000000000000005,0.324561403508772,0-0-2178-4,i,fcd45f4d-Audio_SP21.v0,group_0,1,fave,126.41063402944715,72.97316156476312,7,realidad,"",0.08999999999991815,en,sí,l,d,l,d,internal
434.6908487238625,1731.38189471163,2254.263199035201,2.543101444632116,2.798102905053693,2.9641582811804907,5512.820512820513,0.00006186906817358371,923.2437500000001,0.027000000000000003,0.32142857142857145,0-0-2183-4,i,fcd45f4d-Audio_SP21.v0,group_0,1,fave,117.95514713045387,74.845451539122,7,realizar,"",0.05999999999994543,gusta,las,l,z,l,z,internal
313.63358871973446,2209.0330747667085,2727.3575843658555,2.5870284765522826,2.5909352794308953,3.234827416483734,5153.846153846154,0.0001657715295893035,926.75775,0.035,0.3365384615384616,0-0-2192-3,i,fcd45f4d-Audio_SP21.v0,group_0,1,fave,114.53882864978215,69.84334151625174,7,entiendo,"",0.08000000000004093,que,que,t,é,t,é,internal
251.12971695323765,2280.0767227379065,2870.870244415608,2.7779299184965387,2.9091391046267994,3.5049725272197354,5692.3076923076915,0.011696285266982834,930.53275,0.225,0.3338278931750742,0-0-2202-0,i,fcd45f4d-Audio_SP21.v0,group_0,1,fave,111.53755492073194,74.40421256622204,7,Y,"",0.650000000000091,[silence],[silence],#,#,.,"",coextensive
387.3065971457372,1723.3889763389457,2296.2182068472416,2.9597757942872187,3.389677673390502,2.560003454971389,4974.358974358975,0.00010007291145117541,933.17575,0.031,0.32978723404255317,0-0-2208-2,i,fcd45f4d-Audio_SP21.v0,group_0,1,fave,114.90502420210423,74.98435285251581,7,primero,"",0.07000000000005002,[silence],[silence],R,m,R,m,internal
486.0425422460251,2144.7659870811963,2528.5130018402992,1.8161020925822187,3.5111436606313156,4.227489405328752,5512.820512820513,0.00045818287703345255,938.05375,0.047,0.3263888888888889,0-0-2222-0,i,fcd45f4d-Audio_SP21.v0,group_0,1,fave,154.10451239303285,70.01708383874123,7,y,"",0.12000000000000455,fáciles,después,#,#,s,d,coextensive
397.7247037547417,2180.2840236727743,2582.7650396959984,2.263410922445984,3.536322339057708,2.9609799985371867,4615.384615384615,0.0002440650920081839,940.28575,0.031,0.32978723404255317,0-0-2229-3,i,fcd45f4d-Audio_SP21.v0,group_0,1,fave,141.27837457577175,70.78886583531421,7,paciencia,"",0.07000000000005002,tengo,[silence],z,é,z,é,internal
414.4344529305162,2407.6503427972348,2877.244529763702,2.4042096721384825,3.6856298073751224,3.223980680128975,5333.333333333333,0.0005916250205369924,940.64575,0.031,0.32978723404255317,0-0-2229-7,i,fcd45f4d-Audio_SP21.v0,group_0,1,fave,168.21214448585005,67.2798311503296,7,paciencia,"",0.07000000000005002,tengo,[silence],z,a,z,a,internal
318.51917819157256,2328.480011753496,2698.3489794325346,2.7435705410074096,2.689145553291983,3.2835284693568805,5333.333333333333,0.004014010863455076,946.3127499999999,0.125,0.3342245989304812,0-0-2246-2,i,fcd45f4d-Audio_SP21.v0,group_0,1,fave,127.31835322123767,72.95123634985288,7,aquí,"",0.35000000000002274,comparte,publícalo,k,#,k,p,final
383.3579394715026,1913.2595325093823,2446.0090372502746,2.848002300295543,4.033724845502991,3.643176792024912,5333.333333333333,0.0013363870097192546,946.8437500000001,0.027000000000000003,0.32142857142857145,0-0-2247-4,i,fcd45f4d-Audio_SP21.v0,group_0,1,fave,100.39870937827648,66.25893317699301,7,publícalo,"",0.05999999999994543,aquí,allá,l,k,l,k,internal
330.75645524862375,1861.4555389453487,2269.458891141168,2.65528966982975,2.6542348343280224,2.5734975450085664,5153.846153846154,0.0008099115739771912,968.2637500000001,0.047,0.3263888888888889,0-0-2273-4,i,fcd45f4d-Audio_SP21.v0,group_0,1,fave,114.74899908481562,72.4742564011487,7,habilidad,"",0.12000000000000455,una,[silence],l,d,l,d,internal
419.1031123599462,1824.5941465884493,2143.964090046335,2.393224057738556,3.284282108983934,2.7139906747942097,5692.3076923076915,0.0005194257368954901,971.6827499999999,0.025,0.33783783783783783,0-0-2282-2,i,fcd45f4d-Audio_SP21.v0,group_0,1,fave,107.47654616420238,78.47402154683334,7,principio,"",0.05000000000006821,al,no,R,n,R,n,internal
248.01852517654274,2262.1082512290072,2915.1627903069198,3.1886472806700605,3.203799152511672,3.7493808759400413,5512.820512820513,0.07191090568948161,972.40575,0.091,0.33211678832116787,0-0-2285-3,i,fcd45f4d-Audio_SP21.v0,group_0,1,fave,143.9934775011415,70.61611521797893,7,tenía,"",0.25,la,",",n,a,n,a,internal
383.7694991813436,2182.2623011321602,2613.833420119689,2.774613181272481,2.7165760714548273,3.0746929936257943,5153.846153846154,0.0003065167513106838,975.3787500000001,0.037000000000000005,0.324561403508772,0-0-2294-2,i,fcd45f4d-Audio_SP21.v0,group_0,1,fave,106.94723442821082,74.04981872106504,7,agilidad,"",0.09000000000003183,[silence],más,x,l,x,l,internal
389.0458431794226,2059.5799454845737,2499.3559505429926,1.940794037895345,3.12445274213802,2.9919945114193784,5512.820512820513,8.141758877256117e-6,975.5037500000001,0.027000000000000003,0.32142857142857145,0-0-2294-4,i,fcd45f4d-Audio_SP21.v0,group_0,1,fave,96.56769685271156,76.51712505840791,7,agilidad,"",0.05999999999994543,[silence],más,l,d,l,d,internal
331.54385255465115,1920.7308542506014,2303.7371859510836,2.4094588131190844,3.533058956842831,2.6963395772399656,5153.846153846154,0.001177426273020311,976.17375,0.047,0.3263888888888889,0-0-2296-5,i,fcd45f4d-Audio_SP21.v0,group_0,1,fave,103.17911163095194,73.35778787771416,7,facilidad,"",0.12000000000000455,más,.,l,d,l,d,internal
121.8385273111639,1911.3057144026002,3065.445632129651,2.886761384343841,4.004769622715604,4.379732819170929,5871.794871794871,0.0014955554254960837,978.31375,0.027000000000000003,0.32142857142857145,0-0-2304-1,i,fcd45f4d-Audio_SP21.v0,group_0,1,fave,NaN,52.76662118207893,7,sin,"",0.06000000000005912,",",[silence],s,n,s,n,internal
370.7657849880728,2084.775742261719,2455.769810721336,2.2980396096596336,2.988777664949073,2.8793041724946074,5512.820512820513,0.0008671304073631594,981.9387499999999,0.07700000000000001,0.3290598290598291,0-0-2318-0,i,fcd45f4d-Audio_SP21.v0,group_0,1,fave,117.36250349011691,74.85270445732698,7,y,"",0.21000000000003638,trabajo,todavía,#,#,o,t,coextensive
385.6176209011723,1720.7961184209357,1839.5211700655339,2.7405047995177063,3.17361679432586,3.8037259267494017,3717.948717948718,0.0022619167262794867,985.30575,0.031,0.32978723404255317,0-0-2329-6,i,fcd45f4d-Audio_SP21.v0,group_0,1,fave,171.80547069558003,63.56513549532418,7,adaptación,"",0.07000000000005002,de,pues,z,o,z,o,internal
380.6221504722852,2064.567231882788,2378.4364423645134,2.095888267054901,2.574445177520752,3.047589908193558,5153.846153846154,2.8078753052779047e-6,988.3537500000001,0.027000000000000003,0.32142857142857145,0-0-2340-0,i,fcd45f4d-Audio_SP21.v0,group_0,1,fave,131.25978881315996,74.96239876330995,7,y,"",0.05999999999994543,Microworkers,[silence],#,#,s,"",coextensive
273.91127684682607,2254.445413711369,2510.194278979102,2.4960533609693982,2.620870632580985,3.2497186341981155,5333.333333333333,0.0023251369075183302,989.8997499999999,0.319,0.3343815513626834,0-0-2343-0,i,fcd45f4d-Audio_SP21.v0,group_0,1,fave,106.83416793808036,75.60922014617388,7,y,"",0.92999999999995,[silence],[silence],#,#,.,"",coextensive
403.2297745291487,1767.3690072574325,2337.6997344287142,2.1208430828891984,4.3889376892911125,3.7832711083827006,5692.3076923076915,0.000024855772941839234,1010.65275,0.025,0.33783783783783783,0-0-2369-3,i,fcd45f4d-Audio_SP21.v0,group_0,1,fave,134.90151353587044,76.71086844764555,7,políticas,"",0.05000000000006821,las,de,l,t,l,t,internal
300.04174326420065,2429.447305830413,3098.4145815696506,2.790826327305096,3.519595695278804,4.422961613865771,6051.282051282051,0.02963770226608564,1018.04575,0.13099999999999998,0.33248730964466994,0-0-2396-0,i,fcd45f4d-Audio_SP21.v0,group_0,1,fave,108.06112065045652,68.17838824157293,7,y,"",0.37000000000000455,[silence],la,#,#,.,l,coextensive
378.15647047029387,2355.349209783188,2825.8968558783836,3.1610186843659913,3.4269496095911482,4.948650201350863,5692.3076923076915,0.00001985313799867267,1021.05275,0.025,0.33783783783783783,0-0-2406-1,i,fcd45f4d-Audio_SP21.v0,group_0,1,fave,115.37766840012151,74.62327352056175,7,Microworkers,"",0.05000000000006821,en,[silence],m,k,m,k,internal
331.0897839841264,2218.345079884676,2659.8191865955537,2.8397754248987117,3.1155569890368238,3.635177990654392,5512.820512820513,0.0014852767900649523,1023.6187500000001,0.057,0.32758620689655177,0-0-2414-1,i,fcd45f4d-Audio_SP21.v0,group_0,1,fave,116.34384186863166,73.71284890269894,7,Sin,"",0.14999999999997726,[silence],embargo,s,n,s,n,internal
398.0573335453375,2451.83550351454,3919.8961865705865,1.6226296458802,3.5797870549649202,4.947801122191897,6948.717948717948,0.0002448100173009106,1028.8527499999998,0.025,0.33783783783783783,0-0-2429-5,i,fcd45f4d-Audio_SP21.v0,group_0,1,fave,138.54125462665513,72.97047889752753,7,familiares,"",0.0500000000001819,o,[silence],l,á,l,á,internal
400.3898878174376,2008.5343632146185,2394.7042253544105,2.4677564524871394,3.1799365335714462,3.457421766444065,5153.846153846154,4.155375845070599e-6,1035.0927499999998,0.025,0.33783783783783783,0-0-2450-2,i,fcd45f4d-Audio_SP21.v0,group_0,1,fave,123.6253756187878,81.57251282117875,7,oriento,"",0.0500000000001819,[silence],[silence],R,e,R,e,internal
287.49576448982305,2451.6286850278666,3097.7485177154804,2.7463189549143987,3.0764020837731594,4.244506429863844,6051.282051282051,0.015216349759666847,1036.3637500000002,0.327,0.33231707317073167,0-0-2454-0,i,fcd45f4d-Audio_SP21.v0,group_0,1,fave,113.10657417046036,75.06005482521284,7,y,"",0.9600000000000364,[silence],[silence],#,#,.,.,coextensive
351.6184083832736,2156.75432857965,2722.072969416466,2.4775229687857423,3.125159973541556,3.6455698140845496,5153.846153846154,0.0001408576547948088,1038.0537499999998,0.027000000000000003,0.32142857142857145,0-0-2458-1,i,fcd45f4d-Audio_SP21.v0,group_0,1,fave,131.78412747752952,71.9007210230706,7,siempre,"",0.05999999999994543,[silence],[silence],s,é,s,é,internal
320.1811821743428,2306.0809659483816,2638.9457609471146,2.0687081581898985,2.6916457057143655,3.461073344934063,5512.820512820513,0.0011369158665688924,1057.1487499999998,0.057,0.32758620689655177,0-0-2524-0,i,fcd45f4d-Audio_SP21.v0,group_0,1,fave,149.17982813904027,75.79125368407611,7,y,"",0.15000000000009095,[silence],no,#,#,.,n,coextensive
397.1496854095231,1994.418905046984,2460.133389670841,2.535705960433866,3.304369599416003,2.8639083943901475,5333.333333333333,0.0001466938441728939,1060.46775,0.035,0.3365384615384616,0-0-2540-3,i,fcd45f4d-Audio_SP21.v0,group_0,1,fave,107.0861236050719,73.41282245382908,7,calidad,"",0.07999999999992724,la,de,l,d,l,d,internal
306.3572130911897,2405.4338778421056,2901.5468609173167,2.746279784114265,2.63110353555969,3.518859157270576,5153.846153846154,0.015048500198227373,1063.2877500000002,0.215,0.3338509316770187,0-0-2550-0,i,fcd45f4d-Audio_SP21.v0,group_0,1,fave,142.945253691436,80.0401785220411,7,y,"",0.6199999999998909,[silence],saben,#,#,"",s,coextensive
262.5128876568979,1881.410818078005,2455.2848497392924,3.4460716523660038,4.306255382725504,3.609663026653905,5871.794871794871,0.09505956845513945,1069.34575,0.031,0.32978723404255317,0-0-2572-0,i,fcd45f4d-Audio_SP21.v0,group_0,1,fave,1305.7261370293008,57.4172423422165,7,insatisfechas,"",0.07000000000016371,[silence],[silence],#,n,.,n,initial
282.2223667941448,2348.3539491209144,2775.94701384102,2.75426057016663,2.6958506661130035,3.4461889835757322,5333.333333333333,0.0025380346532821517,1070.7187500000002,0.07700000000000001,0.3290598290598291,0-0-2574-0,i,fcd45f4d-Audio_SP21.v0,group_0,1,fave,120.05968501099805,74.64765528805091,7,y,"",0.21000000000003638,[silence],le,#,#,.,l,coextensive
423.914203303238,1638.1150090617227,2270.64093311641,2.236696283353709,3.662975828575274,2.7031758848056793,5512.820512820513,0.0002540717579379276,1108.1137499999998,0.027000000000000003,0.32142857142857145,0-0-2602-2,i,fcd45f4d-Audio_SP21.v0,group_0,1,fave,106.81866637762076,71.47140529727295,7,criptomoneda,"",0.060000000000172804,de,[silence],R,t,R,t,internal
335.39338420560694,2311.570657144713,2705.778238499638,2.764714644367921,2.898990221099089,3.7312469101416177,5333.333333333333,0.012246882861379245,1109.17575,0.271,0.33292383292383293,0-0-2604-0,i,fcd45f4d-Audio_SP21.v0,group_0,1,fave,98.02221511262648,68.70030881647672,7,y,"",0.7899999999999636,[silence],[silence],#,#,.,.,coextensive
273.24312269295194,2275.6627652261727,2646.4318597664483,2.8638345478961393,2.907610595629128,3.9109892399720327,5692.3076923076915,0.0037476343524532104,1110.69775,0.055,0.33536585365853655,0-0-2608-0,i,fcd45f4d-Audio_SP21.v0,group_0,1,fave,149.81437153480607,72.66599991087693,7,y,"",0.13999999999987267,[silence],pagan,#,#,.,p,coextensive
314.3927813651603,1692.1625830936027,2425.869739802214,2.925872844455058,2.909615136483971,3.2603397542286063,4794.871794871795,0.02408610130842112,1133.45775,0.055,0.33536585365853655,0-0-2673-0,i,fcd45f4d-Audio_SP21.v0,group_0,1,fave,229.2293157907068,51.19774271143848,7,y,"",0.13999999999987267,dólares,te,#,#,s,t,coextensive
235.21917974362978,2373.9991503500128,2797.782894378349,2.657870257463018,2.373807667294683,3.254176596438256,5512.820512820513,0.005872573008325168,1145.63075,0.26100000000000007,0.3329081632653062,0-0-2710-0,i,fcd45f4d-Audio_SP21.v0,group_0,1,fave,111.9372732271655,74.38287775343079,7,Y,"",0.7599999999999909,[silence],son,#,#,.,s,coextensive
272.05301216574344,1943.4317586522184,2410.062624478645,2.750805425459028,2.6874053686798676,3.719927408370585,4435.897435897436,0.0022186392187817823,1149.6037499999998,0.027000000000000003,0.32142857142857145,0-0-2721-8,i,fcd45f4d-Audio_SP21.v0,group_0,1,fave,123.08405061892776,55.88667620808182,7,referencia,"",0.060000000000172804,de,cripto,z,a,z,a,internal
458.5862859969958,2384.3015284457656,2899.1930461748466,3.028352363088505,4.077196142491421,4.290431575034009,5692.3076923076915,0.010209189910365372,1157.7937499999998,0.047,0.3263888888888889,0-0-2727-2,i,fcd45f4d-Audio_SP21.v0,group_0,1,fave,168.7635441811367,70.7072341302211,7,así,"",0.12000000000011823,[silence],[nontrans],s,#,s,.,final
397.69131219874726,1884.1541802245351,2508.0294656514925,2.0585664614543546,3.065269395288031,2.856996434496394,4435.897435897436,0.0022407634957222955,1162.6427499999998,0.045,0.33582089552238803,0-0-2744-2,i,fcd45f4d-Audio_SP21.v0,group_0,1,fave,214.81606879936285,68.59706626387417,7,así,"",0.11000000000012733,son,criptomoneda,s,#,s,k,final
447.0438118985675,1844.4071703862423,2325.9220384027326,1.7362253073455933,3.743472697220354,2.412242935538651,4974.358974358975,0.00003800233450253993,1162.8537499999998,0.027000000000000003,0.32142857142857145,0-0-2745-2,i,fcd45f4d-Audio_SP21.v0,group_0,1,fave,147.65421754762545,74.06941712030243,7,criptomoneda,"",0.060000000000172804,así,[silence],R,t,R,t,internal
362.6191648518165,2334.691745521042,2788.69148059098,2.6480677647134314,3.2661749146186216,3.467299361985272,5512.820512820513,0.00008536326783802829,1169.04575,0.031,0.32978723404255317,0-0-2768-2,i,fcd45f4d-Audio_SP21.v0,group_0,1,fave,100.62861132969441,72.46360978336577,7,allí,"",0.06999999999993634,por,conocí,L,#,L,k,final
296.6779988977999,2330.977644608754,2679.9816862039997,2.886177410122359,2.5663877618564706,3.347304231389395,5692.3076923076915,0.00032294885683458303,1171.19875,0.037,0.32456140350877194,0-0-2775-1,i,fcd45f4d-Audio_SP21.v0,group_0,1,fave,112.88008740924906,77.27442789327642,7,minar,"",0.08999999999991815,de,criptomoneda,m,n,m,n,internal
264.09898575112817,2391.4205484608997,2824.446953997353,2.7431350158634547,2.175089339466221,3.1483668470954873,5871.794871794871,0.0081072758344619,1176.19075,0.401,0.3330564784053157,0-0-2789-0,i,fcd45f4d-Audio_SP21.v0,group_0,1,fave,97.6835705656239,68.78157727302654,7,y,"",1.1800000000000637,[silence],[silence],#,#,.,"",coextensive
381.9478415220969,2180.151840929271,2642.133441091434,2.4056833863679437,3.1515160274232117,3.3053212282449724,5512.820512820513,0.000149049140784029,1181.93275,0.045,0.33582089552238803,0-0-2803-5,i,fcd45f4d-Audio_SP21.v0,group_0,1,fave,103.39628664751149,74.01716644168751,7,minería,"",0.10999999999989996,de,pues,R,a,R,a,internal
422.50593007883356,1965.8596759570935,2420.0458996215616,2.8094996154805516,3.2231220182780103,2.836553405841604,5333.333333333333,8.979891749385182e-6,1211.7637499999998,0.027000000000000003,0.32142857142857145,0-0-2814-4,i,fcd45f4d-Audio_SP21.v0,group_0,1,fave,168.40491520556574,74.21347026665322,7,cambiado,"",0.05999999999994543,ha,mucho,b,á,b,á,internal
453.3253195216958,2019.327954370536,2520.616283024641,2.9110113739499304,3.242418039969991,3.096028191103001,5333.333333333333,0.00012613845764448506,1214.1657500000001,0.031,0.32978723404255317,0-0-2819-1,i,fcd45f4d-Audio_SP21.v0,group_0,1,fave,129.04392111462073,75.7216763759149,7,Microworkers,"",0.06999999999993634,[silence],ya,m,k,m,k,internal
334.45234646039677,1955.7008721673851,2599.26237624507,2.8024301773212272,3.0509308364217635,3.02203963909093,4794.871794871795,0.004306753097328078,1216.1557500000001,0.031,0.32978723404255317,0-0-2826-2,i,fcd45f4d-Audio_SP21.v0,group_0,1,fave,111.02892713961758,59.11211353213311,7,así,"",0.06999999999993634,",",como,s,#,s,k,final
397.7625928635324,1921.2873164934967,2430.5422355935466,2.238262622122803,3.33595713973945,3.1756691166197055,5153.846153846154,0.000011433224914085285,1219.1327499999998,0.025,0.33783783783783783,0-0-2836-3,i,fcd45f4d-Audio_SP21.v0,group_0,1,fave,102.40014526162543,74.5816406296747,7,podía,"",0.0500000000001819,uno,desarrollar,d,a,d,a,internal
241.29908991083232,2267.3439616685996,3486.3421543521386,2.4761490673965247,3.2867493087000152,3.9983549613766876,5333.333333333333,0.0020233718415767314,1225.3587499999999,0.037,0.32456140350877194,0-0-2853-0,i,fcd45f4d-Audio_SP21.v0,group_0,1,fave,115.87130129709061,75.48033150351533,7,y,"",0.09000000000014552,[silence],ha,#,#,.,a,coextensive
312.0889145461904,2150.635268888679,2517.2571469616546,2.744854639555814,3.1194014311466036,3.3063353692603092,5333.333333333333,0.00415522404207337,1226.1337499999997,0.047,0.3263888888888889,0-0-2857-3,i,fcd45f4d-Audio_SP21.v0,group_0,1,fave,115.57743138574281,70.14563027290372,7,incidencia,"",0.12000000000011823,la,de,z,d,z,d,internal
323.55806091135156,2162.7819117760237,2351.660502698354,2.8354947160370663,3.173497752928523,3.012625110519,5512.820512820513,0.003103886010551339,1232.13075,0.061000000000000006,0.3315217391304348,0-0-2879-1,i,fcd45f4d-Audio_SP21.v0,group_0,1,fave,116.54445047375418,72.74120583957446,7,sin,"",0.16000000000008185,tarea,embargo,s,n,s,n,internal
362.0478334532449,2109.153231238557,2564.380258147678,2.543927764242166,2.536087299671374,2.870733875369855,5153.846153846154,0.00003379832695476917,1234.92775,0.035,0.3365384615384616,0-0-2887-1,i,fcd45f4d-Audio_SP21.v0,group_0,1,fave,106.11116604551678,71.20134763750502,7,diez,"",0.07999999999992724,sacar,",",d,é,d,é,internal
351.6726273804145,2077.388508078626,2590.639605075429,2.656015232589068,2.8095186120197497,2.7705950723336548,5512.820512820513,5.869615439682191e-6,1241.8627499999998,0.025,0.33783783783783783,0-0-2907-1,i,fcd45f4d-Audio_SP21.v0,group_0,1,fave,112.73922885336353,72.23420059278111,7,tiempo,"",0.0500000000001819,de,hay,t,é,t,é,internal
365.4854859061957,2232.7784502084774,2554.0784501570024,3.020257115222311,3.0099282132083034,2.9137756745220327,5333.333333333333,0.002871700360185214,1253.8637499999998,0.047,0.3263888888888889,0-0-2946-0,i,fcd45f4d-Audio_SP21.v0,group_0,1,fave,124.16116977970292,65.86398335112436,7,y,"",0.12000000000011823,colocan,estaba,#,#,n,s,coextensive
380.43741910552757,2446.6317342366237,2777.8310888878927,2.8603250252699497,3.056960580827561,3.810794963094343,5333.333333333333,0.023169488020352683,1257.7807500000001,0.08099999999999999,0.3319672131147541,0-0-2965-0,i,fcd45f4d-Audio_SP21.v0,group_0,1,fave,76.43370500888572,62.57649703944525,7,y,"",0.22000000000002728,[silence],sí,#,#,.,s,coextensive
444.3573136873622,2311.22523110213,2625.924722238259,2.416287427227288,2.877164357075142,3.8820903502722817,5512.820512820513,0.0017542457739846222,1263.58375,0.067,0.3284313725490196,0-0-2984-0,i,fcd45f4d-Audio_SP21.v0,group_0,1,fave,140.9552119736142,74.272198133647,7,Incluso,"",0.18000000000006366,.,[silence],#,n,.,n,initial
351.87264737297363,1928.864061931125,2486.1693499002768,2.8072330049040155,2.419533569376453,2.504383210635102,5512.820512820513,3.0751361961133953e-6,1264.8827499999998,0.025,0.33783783783783783,0-0-2988-1,i,fcd45f4d-Audio_SP21.v0,group_0,1,fave,123.00446360937359,68.26981279703433,7,tiempo,"",0.0500000000001819,un,en,t,é,t,é,internal
408.6152480754464,2030.5412796431585,2311.099828672367,2.880802610151056,2.9978896641640222,2.7992383181014273,4974.358974358975,0.0001463669824556102,1265.96775,0.035,0.33653846153846156,0-0-2991-2,i,fcd45f4d-Audio_SP21.v0,group_0,1,fave,109.03377969584542,73.42060316735802,7,hubieron,"",0.07999999999992724,que,[silence],b,é,b,é,internal
328.0089395339446,1981.5558999060784,2479.0493322911957,2.8582672609389794,2.40719423139504,3.188422676551457,4615.384615384615,0.000601619749008057,1269.01875,0.037,0.32456140350877194,0-0-3003-1,i,fcd45f4d-Audio_SP21.v0,group_0,1,fave,119.4128018427752,69.61385273704623,7,sin,"",0.08999999999991815,meses,tener,s,n,s,n,internal
383.21275958128206,2058.175696572167,2561.0402716803837,2.556511636542508,2.9313719462766574,2.98488278943483,5153.846153846154,0.0011550392097373456,1269.84075,0.08099999999999999,0.3319672131147541,0-0-3006-0,i,fcd45f4d-Audio_SP21.v0,group_0,1,fave,121.60575819058593,73.80867794116344,7,y,"",0.22000000000002728,tareas,duré,#,#,s,d,coextensive
401.5415199951088,2099.2619445107343,2450.1067539321357,2.9734842082377573,3.187893326821328,3.7117592565641373,5153.846153846154,0.030000002739888773,1271.05775,0.055,0.33536585365853655,0-0-3011-1,i,fcd45f4d-Audio_SP21.v0,group_0,1,fave,110.9312593584718,66.46930602334218,7,sin,"",0.14000000000010004,meses,hacer,s,n,s,n,internal
525.3593040652615,2406.5119830660915,3426.2098126960996,3.2027814066154217,3.3675530426388374,4.687566918709998,5692.3076923076915,0.03407853779762895,1326.86075,0.041,0.3306451612903226,0-0-3108-1,i,fcd45f4d-Audio_SP21.v0,group_0,1,fave,119.70949647618923,51.9828916044772,7,siguiente,"",0.10000000000013642,día,no,s,g,s,g,internal
504.58024702995476,2138.667566149367,2854.5591819935394,2.364469979465729,3.947516919033818,3.892299437075345,5512.820512820513,0.0017014094628806306,1360.20775,0.035,0.33653846153846156,0-0-3178-5,i,fcd45f4d-Audio_SP21.v0,group_0,1,fave,178.88805074038066,70.02143396722971,7,estación,"",0.07999999999992724,mi,de,z,o,z,o,internal
386.6907608913632,2147.336755526581,2642.4642774314593,2.179835950286467,3.354871320112861,4.414223216433178,5333.333333333333,0.00011833154901044152,1364.06875,0.037,0.32456140350877194,0-0-3186-6,i,fcd45f4d-Audio_SP21.v0,group_0,1,fave,129.90423812228696,79.42922133377172,7,mediodía,"",0.09000000000014552,%%,a,d,a,d,a,internal
477.0677659158383,2280.205186603885,2788.24591909914,2.921543333840391,3.0458486510042495,5.105560124759786,6230.7692307692305,0.0006401419361926008,1388.2237499999999,0.027000000000000003,0.32142857142857145,0-0-3216-1,i,fcd45f4d-Audio_SP21.v0,group_0,1,fave,93.96806123588448,64.8281931863119,7,mi,"",0.05999999999994543,en,casa,m,#,m,k,final
385.0931141516011,2005.8609439818565,3000.712087968834,3.1254837912058253,3.2295787892875936,4.8005993053061236,5333.333333333333,0.0010519072988210646,1451.10775,0.035,0.3365384615384616,0-0-3354-1,i,fcd45f4d-Audio_SP21.v0,group_0,1,fave,127.02776031399291,71.39918084555335,7,miércoles,"",0.08000000000015461,los,los,m,e,m,e,internal
421.77609675358934,2447.0306764091933,3595.903072147269,3.1202672172219623,3.3310632840471235,4.795441650198074,5871.794871794871,0.030853806108038954,1457.63075,0.061000000000000006,0.3315217391304348,0-0-3375-0,i,fcd45f4d-Audio_SP21.v0,group_0,1,fave,236.50533699625097,69.14051294200101,7,y,"",0.16000000000008185,[silence],cobro,#,#,.,k,coextensive
429.18045175788234,2139.2839500869427,2621.9990938994592,2.039858190596802,3.308535641173216,3.4471440532364253,5153.846153846154,0.000034080803316983855,1462.61575,0.031,0.32978723404255317,0-0-3394-1,i,fcd45f4d-Audio_SP21.v0,group_0,1,fave,154.44280309369233,67.80130302988137,7,miércoles,"",0.07000000000016371,los,[silence],m,e,m,e,internal
351.6048227593303,2019.861208635759,2469.6611377268105,3.2309467562947303,2.664267927212142,3.4741929974779078,5512.820512820513,0.003942274580931051,1466.1037499999998,0.047,0.3263888888888889,0-0-3405-3,i,fcd45f4d-Audio_SP21.v0,group_0,1,fave,113.45826986554066,64.19286197953565,7,califiquen,"",0.12000000000011823,que,[silence],l,f,l,f,internal
638.175387836928,1941.4517312005178,2761.806773763057,2.916005903248131,3.4818413115184224,4.920204321638862,4794.871794871795,0.004196111345946227,1469.3337499999998,0.027000000000000003,0.32142857142857145,0-0-3416-1,i,fcd45f4d-Audio_SP21.v0,group_0,1,fave,912.7325656431474,61.37983658902284,7,siete,"",0.060000000000172804,tardan,días,s,é,s,é,internal
427.88032094764327,2040.0815703517312,2857.670025689511,2.08084187741862,2.7989333108552414,4.580774111457984,5333.333333333333,0.00018055982784569489,1469.6337499999997,0.047,0.3263888888888889,0-0-3417-1,i,fcd45f4d-Audio_SP21.v0,group_0,1,fave,113.2935117156996,72.96515810085378,7,días,"",0.12000000000011823,siete,en,d,á,d,á,internal
382.254618078704,1831.3367500958059,2236.9463305055083,2.37551674548787,3.0714208991253473,4.207140976895079,4615.384615384615,0.004830998706005917,1470.15875,0.037,0.32456140350877194,0-0-3419-5,i,fcd45f4d-Audio_SP21.v0,group_0,1,fave,120.62746724150625,65.45395731924566,7,calificarlas,"",0.08999999999991815,en,",",f,k,f,k,internal
364.7161940256879,1806.166152331584,2926.487153132524,2.527151530897781,3.500680653831505,4.728104896641527,5333.333333333333,0.0060664995902649605,1473.6287499999999,0.037,0.32456140350877194,0-0-3433-5,i,fcd45f4d-Audio_SP21.v0,group_0,1,fave,102.74257864087674,61.55790771636749,7,calificar,"",0.09000000000014552,de,completo,f,k,f,k,internal
440.3017149234829,1622.0957190593933,2814.593178586388,1.7481478126052266,4.05799120713251,4.652970666954231,5333.333333333333,0.004168385345840686,1474.83775,0.035,0.3365384615384616,0-0-3437-4,i,fcd45f4d-Audio_SP21.v0,group_0,1,fave,111.17185054290877,75.07009124535286,7,realizar,"",0.08000000000015461,para,el,l,z,l,z,internal
241.92181125791558,1691.7958524166572,1964.7265207351882,3.3827942296912568,3.093240957904352,4.937157927476345,4615.384615384615,0.014808962353793153,1490.8837499999997,0.027000000000000003,0.32142857142857145,0-0-3452-1,i,fcd45f4d-Audio_SP21.v0,group_0,1,fave,53.108251686417546,55.30576394484428,7,situación,"",0.060000000000172804,la,por,s,t,s,t,internal
462.68466003975027,2441.5302993304867,2782.013290254118,2.5676728245285654,3.0562970371714595,4.244725357739423,5333.333333333333,0.004933439989763939,1507.2977500000002,0.11499999999999999,0.3343023255813952,0-0-3485-0,i,fcd45f4d-Audio_SP21.v0,group_0,1,fave,170.82181273571535,73.71889076480896,7,Y,"",0.31999999999993634,[silence],[silence],#,#,.,.,coextensive
409.6055116185583,2031.289008120118,2646.4305765433855,1.688256133627951,2.8588041581860217,3.249564171996556,5512.820512820513,0.0002186611719632963,1509.40375,0.047,0.3263888888888889,0-0-3490-1,i,fcd45f4d-Audio_SP21.v0,group_0,1,fave,99.48490018325816,71.61681622490119,7,ahí,"",0.11999999999989086,por,ellos,á,#,á,é,final
631.5483851633115,2524.629298860945,3891.6330198711894,3.1727846457902826,3.9263893732100765,4.729039958727117,7666.666666666666,0.005367453980038763,1511.43775,0.035,0.3365384615384616,0-0-3497-0,i,fcd45f4d-Audio_SP21.v0,group_0,1,fave,NaN,52.94406695236884,7,y,"",0.07999999999992724,[silence],bueno,#,#,.,b,coextensive
919.1036009914429,1925.808682696226,2780.7549285973805,2.9748453602360483,4.104529281079037,4.046819912774527,4615.384615384615,0.10420038886225227,1511.99575,0.031,0.32978723404255317,0-0-3501-2,i,fcd45f4d-Audio_SP21.v0,group_0,1,fave,NaN,57.24949581668229,7,aquí,"",0.06999999999993634,ya,en,k,#,k,e,final
381.91131302242167,1988.319392983376,2655.565337836697,1.7542269215672197,3.849380853904304,3.75321683944136,5512.820512820513,0.00007138300576265858,1514.8037499999998,0.027000000000000003,0.32142857142857145,0-0-3516-1,i,fcd45f4d-Audio_SP21.v0,group_0,1,fave,98.40621563134125,70.34192087055703,7,divisas,"",0.05999999999994543,las,.,d,b,d,b,internal
393.88103796780547,2414.254845854434,3020.32691636732,2.4675297167882886,3.6415588720775935,3.522665522699709,4615.384615384615,0.00004744550980670638,1518.5837499999998,0.027000000000000003,0.32142857142857145,0-0-3524-2,i,fcd45f4d-Audio_SP21.v0,group_0,1,fave,109.50822811025562,74.55502285845967,7,aquí,"",0.060000000000172804,[silence],hacen,k,#,k,á,final
667.3467666153452,2350.8712839235704,2628.950217964294,2.435464268887413,3.6080950089130366,3.844919454209583,4974.358974358975,0.008299459090094833,1523.40375,0.027000000000000003,0.32142857142857145,0-0-3544-2,i,fcd45f4d-Audio_SP21.v0,group_0,1,fave,230.61394163630885,59.34677513664838,7,aquí,"",0.05999999999994543,de,[silence],k,#,k,.,final
489.78073672463677,1834.3653912587918,2420.0813710311527,2.595840168727217,3.612642876316879,3.0898518191899935,5153.846153846154,5.617561545296913e-6,1523.8337499999998,0.027000000000000003,0.32142857142857145,0-0-3548-3,i,fcd45f4d-Audio_SP21.v0,group_0,1,fave,170.77636250244802,76.46642759501911,7,bolívares,"",0.060000000000172804,es,",",l,b,l,b,internal
397.3538701264806,2361.5428807567846,4577.711279310542,2.6675814602565397,3.5492939195660504,4.7564518030971215,8384.615384615383,0.001899515955844756,1525.63075,0.041,0.3306451612903226,0-0-3559-1,i,fcd45f4d-Audio_SP21.v0,group_0,1,fave,103.23327504947218,74.11095236481356,7,divisas,"",0.10000000000013642,en,%%,d,b,d,b,internal
216.1361212886488,2305.9599854047738,3432.169076510114,2.8859673946767788,3.602944505495951,4.7819452708901755,6051.282051282051,0.0015404157908214772,1533.1137499999998,0.027000000000000003,0.32142857142857145,0-0-3581-11,i,fcd45f4d-Audio_SP21.v0,group_0,1,fave,219.6920859457319,62.45325756710933,7,transferencia,"",0.060000000000172804,la,me,z,a,z,a,internal
387.6029090963445,1958.8125290500914,2536.8240462023305,3.0864342189321508,4.133273191376923,3.795678147704423,5153.846153846154,0.000034803762696641255,1559.8527499999998,0.025,0.33783783783783783,0-0-3619-0,i,fcd45f4d-Audio_SP21.v0,group_0,1,fave,116.4521047255192,72.36164135057935,7,y,"",0.0500000000001819,treinta,cinco,#,#,a,z,coextensive
478.2313113622624,1686.633330709775,2353.3599963231454,2.941516659595036,3.3602332870871106,3.2696661840349326,5512.820512820513,0.0001255356167278686,1587.6557500000001,0.031,0.32978723404255317,0-0-3646-4,i,fcd45f4d-Audio_SP21.v0,group_0,1,fave,119.21627751164328,75.58904018780486,7,realizar,"",0.06999999999993634,de,la,l,z,l,z,internal
1070.4147612850902,1899.8196909614953,2507.0893519716337,2.330658533985888,3.1294331224890026,4.758490527293236,4794.871794871795,0.1116933019292709,1592.37575,0.031,0.32978723404255317,0-0-3658-3,i,fcd45f4d-Audio_SP21.v0,group_0,1,fave,449.52065008117313,64.13881906177845,7,sociales,"",0.07000000000016371,redes,",",z,á,z,á,internal
405.1486383928865,1921.6461529255248,2581.188275185853,2.129930159006436,3.172001260946247,3.1826223275957153,4974.358974358975,0.00008815023158274883,1596.92875,0.057,0.32758620689655177,0-0-3676-1,i,fcd45f4d-Audio_SP21.v0,group_0,1,fave,140.73460169388756,73.76791233937722,7,día,"",0.14999999999986358,en,[silence],d,á,d,á,internal
384.6988712016358,1906.416371590589,2215.1524996077765,2.6922624105673187,2.622879215201673,3.69258722812518,4974.358974358975,0.0001608995014298926,1613.43875,0.037000000000000005,0.324561403508772,0-0-3711-1,i,fcd45f4d-Audio_SP21.v0,group_0,1,fave,120.3493964475078,77.81420000556703,7,virtual,"",0.08999999999991815,moneda,[silence],b,R,b,R,internal
448.7386502973886,2481.5589201041494,3788.295792795712,3.044887382941973,3.4846471263844725,5.2263048102072505,5512.820512820513,0.0017088108486182486,1614.97775,0.035,0.33653846153846156,0-0-3718-0,i,fcd45f4d-Audio_SP21.v0,group_0,1,fave,112.24676664946884,69.52181239409529,7,ingreso,"",0.07999999999992724,ellos,[silence],#,n,s,n,initial
359.99012695956134,3149.577801550988,4339.17000951676,2.2218264755342516,5.118734248072756,4.464910405510652,7846.153846153846,0.0069983900056730065,1615.98875,0.037000000000000005,0.324561403508772,0-0-3720-0,i,fcd45f4d-Audio_SP21.v0,group_0,1,fave,174.94815618850527,71.88123214017476,7,y,"",0.08999999999991815,[silence],a,#,#,.,a,coextensive
447.0397572621908,1758.5659881505374,2253.8339021721613,2.9919912001403315,2.674438230135999,3.037542800779394,5512.820512820513,0.000032251514144055394,1620.99575,0.031,0.32978723404255317,0-0-3735-1,i,fcd45f4d-Audio_SP21.v0,group_0,1,fave,112.54430246969288,72.86923525560132,7,videos,"",0.06999999999993634,viendo,de,b,d,b,d,internal
316.4999459528026,2670.0471594899022,3285.77596813783,3.1059285826005594,3.552601596120773,4.496858864723879,5871.794871794871,0.00014748356096290388,1629.42375,0.027000000000000003,0.32142857142857145,0-0-3754-1,i,fcd45f4d-Audio_SP21.v0,group_0,1,fave,118.31510273482148,76.02100217438084,7,tiempo,"",0.05999999999994543,de,de,t,é,t,é,internal
308.6525020268495,2597.7352468833833,3783.0309959390793,2.826812365401952,4.022771555107845,4.763693291265932,6051.282051282051,0.00043079431985661756,1634.2437499999999,0.027000000000000003,0.32142857142857145,0-0-3774-0,i,fcd45f4d-Audio_SP21.v0,group_0,1,fave,124.72502365579146,70.58212769715071,7,y,"",0.05999999999994543,[silence],el,#,#,.,e,coextensive
363.211636461193,1888.3684952979766,2441.1376360267845,2.4225127723224937,2.687769610497038,3.197487806883072,5512.820512820513,6.0445488816420485e-6,1638.98575,0.031,0.32978723404255317,0-0-3797-1,i,fcd45f4d-Audio_SP21.v0,group_0,1,fave,130.17435693621545,78.66963958798283,7,diferente,"",0.06999999999993634,muy,a,d,f,d,f,internal
505.678554400949,1858.1552183057845,2505.237073956992,2.6792568345319285,3.252339302289477,2.8151376237283237,5153.846153846154,0.00016296720949096914,1642.3487499999999,0.037000000000000005,0.324561403508772,0-0-3806-4,i,fcd45f4d-Audio_SP21.v0,group_0,1,fave,103.96823353874346,68.82090385300418,7,También,"",0.09000000000014552,%%,[silence],b,e,b,e,internal
320.3308287672385,2239.993169453658,2457.0029519758646,2.7033084601172632,3.5877276590213683,3.154839222515574,5512.820512820513,0.00009450235714344269,1660.33775,0.035,0.33653846153846156,0-0-3866-2,i,fcd45f4d-Audio_SP21.v0,group_0,1,fave,113.16652724727275,73.19947713040625,7,cliqueas,"",0.08000000000015461,que,",",l,k,l,k,internal
335.139260144666,2233.0206570274026,2660.048557857964,2.671335787675434,3.896341602524525,3.121977732705169,5333.333333333333,0.000041972044160463396,1663.18875,0.037,0.32456140350877194,0-0-3874-3,i,fcd45f4d-Audio_SP21.v0,group_0,1,fave,135.20883729782406,76.35456675289068,7,inviertes,"",0.08999999999991815,tú,[silence],b,é,b,é,internal
434.7550397756176,1908.879392066398,2535.0820961136724,2.5641012645407995,3.2285450800388373,3.535453426230191,5333.333333333333,0.0009219262291680211,1666.40775,0.055,0.33536585365853655,0-0-3882-7,i,fcd45f4d-Audio_SP21.v0,group_0,1,fave,155.05750294415512,72.47309461088689,7,membresía,"",0.13999999999987267,una,[silence],s,a,s,a,internal
408.7404561240949,2391.0371443673994,4207.574018344492,3.56488219079919,2.9494789867343076,5.012927889049349,6410.25641025641,0.0005007003610794324,1670.8957500000001,0.031,0.32978723404255317,0-0-3896-0,i,fcd45f4d-Audio_SP21.v0,group_0,1,fave,111.29067939114529,68.20053736480422,7,ingresos,"",0.06999999999993634,más,.,#,n,s,n,initial
431.25393496055153,1933.0258761095827,2487.4632922640967,3.1350279140897004,2.3395935004126476,4.194474257541812,5333.333333333333,0.0005336988004510799,1674.57875,0.037,0.32456140350877194,0-0-3903-1,i,fcd45f4d-Audio_SP21.v0,group_0,1,fave,113.24060668049316,68.9965753013398,7,diferente,"",0.09000000000014552,totalmente,a,d,f,d,f,internal
482.25695429399775,2366.828283594579,4129.205892456329,2.5412662357034717,3.135747966155954,4.9850216471134985,7128.205128205128,0.0005649255013541899,1676.3037499999998,0.027000000000000003,0.32142857142857145,0-0-3910-1,i,fcd45f4d-Audio_SP21.v0,group_0,1,fave,99.70282847000936,69.75766246829279,7,Microworkers,"",0.05999999999994543,en,está,m,k,m,k,internal
476.79687163178363,2329.7734873739732,2574.0426116499975,2.864923170782073,3.451200832936588,2.9525674004148224,5512.820512820513,0.00010796642745649699,1679.75775,0.035,0.33653846153846156,0-0-3918-1,i,fcd45f4d-Audio_SP21.v0,group_0,1,fave,119.91040895657409,72.78845567381256,7,minería,"",0.07999999999992724,de,que,m,n,m,n,internal
350.63508404396316,2158.7349965300646,2758.2049955903044,2.5457323487425745,3.6245982454041266,3.326592332667472,5333.333333333333,0.00047513830881610334,1680.04775,0.055,0.33536585365853655,0-0-3918-5,i,fcd45f4d-Audio_SP21.v0,group_0,1,fave,108.29248368303453,72.31859945008048,7,minería,"",0.14000000000010004,de,que,R,a,R,a,internal
448.1841114856053,1882.1304778645126,2313.3514081608455,2.822305343803414,3.5507296586372132,3.8921572203889077,4794.871794871795,0.002703453609860621,1686.25875,0.037,0.32456140350877194,0-0-3932-4,i,fcd45f4d-Audio_SP21.v0,group_0,1,fave,111.28899628714072,66.49118609758614,7,utilizar,"",0.08999999999991815,que,[silence],l,z,l,z,internal
339.95177325678986,2511.347732452461,3210.1180234924836,3.0002704738746506,3.437619328272766,4.6095173104098155,6051.282051282051,0.010616512573935012,1689.1007499999998,0.20099999999999998,0.3327814569536423,0-0-3942-0,i,fcd45f4d-Audio_SP21.v0,group_0,1,fave,114.65427896868215,75.70459944335413,7,Y,"",0.5799999999999272,[silence],[silence],#,#,.,.,coextensive
408.91329780386155,1869.4624762877525,2420.995010869053,3.170016420186779,2.853113499633221,3.5479066020472025,5333.333333333333,0.0010914688274290913,1690.00575,0.031,0.32978723404255317,0-0-3944-2,i,fcd45f4d-Audio_SP21.v0,group_0,1,fave,115.18126350421919,75.13806928001804,7,utiliza,"",0.06999999999993634,[silence],los,t,l,t,l,internal
371.52005691537175,2632.7687749941883,4078.61164760178,2.917372337602123,3.697250043997922,4.582510212699535,6051.282051282051,0.013639831652288322,1696.1387499999998,0.197,0.33164983164983164,0-0-3967-0,i,fcd45f4d-Audio_SP21.v0,group_0,1,fave,135.4495083840176,73.89876297101468,7,Y,"",0.5699999999999363,[silence],comparte,#,#,.,k,coextensive
412.89999234861347,1802.361517383285,2331.2437543439078,2.396156533789092,3.235835846359113,3.574122414180845,5153.846153846154,0.00016649524427062715,1697.29775,0.035,0.3365384615384616,0-0-3970-0,i,fcd45f4d-Audio_SP21.v0,group_0,1,fave,130.39830577045933,72.73597888687186,7,Internet,"",0.07999999999992724,el,que,#,n,l,n,initial
548.3758061067823,1923.8464488127613,2431.3772318263364,3.0227929588473366,2.669546710867884,4.5267612753103394,4794.871794871795,0.0004902829653266891,1777.3627499999998,0.025,0.33783783783783783,0-0-4073-5,i,fcd45f4d-Audio_SP21.v0,group_0,1,fave,NaN,63.13026515336115,7,atención,"",0.0500000000001819,presta,hay,z,o,z,o,internal
472.9586337950788,1974.4678120462675,2229.2027323523866,1.8948694853994232,2.7238236115719316,4.011782472287469,4974.358974358975,0.007342615622293115,1778.33575,0.07100000000000001,0.3317757009345794,0-0-4079-0,i,fcd45f4d-Audio_SP21.v0,group_0,1,fave,147.1389246806137,73.5586312380545,7,y,"",0.19000000000005457,gusta,[silence],#,x,a,x,initial
427.3310256962231,2181.6002131349255,2959.4161347268277,3.253557833008012,3.883152017605918,4.017632564931447,5153.846153846154,0.00008248957489401216,1790.56775,0.035,0.3365384615384616,0-0-4096-0,i,fcd45f4d-Audio_SP21.v0,group_0,1,fave,114.34902654765398,69.45966768354886,7,iniciado,"",0.08000000000015461,han,en,#,n,n,n,initial
450.2626667490897,2219.569569724271,2538.173305388116,2.7988129695071833,3.8016427845401166,3.7623233367328828,5512.820512820513,0.0004949918778255439,1790.7007500000002,0.041,0.3306451612903226,0-0-4096-2,i,fcd45f4d-Audio_SP21.v0,group_0,1,fave,124.52223512264945,69.80102594108138,7,iniciado,"",0.09999999999990905,han,en,n,z,n,z,internal
513.7709695939294,1926.1622592651347,2525.761444920293,3.3809260058650876,3.1884462062713923,3.160258737949383,5153.846153846154,0.002989108970035698,1790.8877499999999,0.035,0.3365384615384616,0-0-4096-4,i,fcd45f4d-Audio_SP21.v0,group_0,1,fave,-99.94726217097445,54.94609893692472,7,iniciado,"",0.08000000000015461,han,en,z,á,z,á,internal
420.61087637751353,2054.4950218684107,2681.9805101210386,2.805725848104601,3.393333434297785,3.880648443985499,5512.820512820513,0.0003264259658442224,1793.9807500000002,0.041,0.3306451612903226,0-0-4104-0,i,fcd45f4d-Audio_SP21.v0,group_0,1,fave,120.63471363645941,73.4256530450889,7,y,"",0.09999999999990905,[silence],me,#,#,.,m,coextensive
462.7063231466854,2318.787736624984,2537.6703865744066,1.8180125423795255,3.9116415940971403,3.6373686937945395,5512.820512820513,0.0005720575788612188,1808.72875,0.037000000000000005,0.324561403508772,0-0-4151-0,i,fcd45f4d-Audio_SP21.v0,group_0,1,fave,142.43743350310825,69.0522079466924,7,y,"",0.08999999999991815,cobran,se,#,#,n,s,coextensive
377.1124696280474,1926.0232404175422,2441.4686867007517,2.826800337923473,2.75460555109458,3.4150672893068514,4974.358974358975,0.00006194315695461346,1842.2337499999999,0.027000000000000003,0.32142857142857145,0-0-4200-5,i,fcd45f4d-Audio_SP21.v0,group_0,1,fave,125.47953562212001,78.1581098753012,7,anteriormente,"",0.05999999999994543,Este,le,R,o,R,o,internal
451.40627421145905,2222.622262849157,4052.5273065111724,2.900655997413793,2.2982036452844983,4.239817949453082,6410.25641025641,0.00003060963444483372,1860.22575,0.031,0.32978723404255317,0-0-4247-0,i,fcd45f4d-Audio_SP21.v0,group_0,1,fave,116.2247092095467,76.72155992606328,7,instruirlo,"",0.06999999999993634,[silence],enseñarlo,#,n,.,n,initial
325.66916813074494,1982.7016191007897,2318.95422749527,2.5575606676171847,3.3631159443455134,3.9433370461313815,4974.358974358975,0.00042386378902536183,1860.64075,0.061000000000000006,0.3315217391304348,0-0-4247-6,i,fcd45f4d-Audio_SP21.v0,group_0,1,fave,126.70526374078571,80.84349689491646,7,instruirlo,"",0.16000000000008185,[silence],enseñarlo,u,R,u,R,internal
417.14361568824927,2159.3464067223067,2985.5194968739784,2.4765635357629097,3.362246578445654,4.268686473097601,6410.25641025641,0.017948392390993953,1862.34075,0.061000000000000006,0.3315217391304348,0-0-4250-0,i,fcd45f4d-Audio_SP21.v0,group_0,1,fave,142.8058991531349,64.99926989466366,7,y,"",0.16000000000008185,[silence],todas,#,#,.,t,coextensive
337.8034752344276,2465.901015087253,3144.339944060849,3.229075591932679,3.917614629743228,5.21294679385805,6589.74358974359,0.0018837022696698126,1867.01875,0.037,0.32456140350877194,0-0-4269-1,i,fcd45f4d-Audio_SP21.v0,group_0,1,fave,110.29454102923036,72.17669111890017,7,mi,"",0.08999999999991815,ya,[silence],m,#,m,.,final
408.3448433758874,2688.2809572735323,4459.8259272813,2.0581615266017383,4.806187710787407,4.878528423461676,7487.179487179487,0.00024436857204013305,1867.6137499999998,0.027000000000000003,0.32142857142857145,0-0-4271-5,i,fcd45f4d-Audio_SP21.v0,group_0,1,fave,106.52345245451373,71.25796380191854,7,familia,"",0.060000000000172804,[silence],",",l,a,l,a,internal
482.8060013063682,1710.578394059313,3715.6782836861457,1.6769130946559856,3.023956794848472,4.834823821461463,5871.794871794871,0.0006894365067512725,1871.8237499999998,0.027000000000000003,0.32142857142857145,0-0-4286-2,i,fcd45f4d-Audio_SP21.v0,group_0,1,fave,462.4395602767975,78.40991213653302,7,país,"",0.05999999999994543,del,[silence],á,s,á,s,internal
297.48742111088484,2161.8097407160258,3697.693528435465,2.1155055198924106,3.758105200462063,4.5144215976941835,6230.7692307692305,0.00992848376050684,1903.0787500000001,0.07700000000000001,0.3290598290598291,0-0-4319-0,i,fcd45f4d-Audio_SP21.v0,group_0,1,fave,181.91305392748566,67.50181027352383,7,y,"",0.21000000000003638,grupo,por,#,#,o,p,coextensive
374.0588539407378,1965.845851392917,3342.338252021799,3.0191564073046453,3.5152131447111956,4.912968399922753,5692.3076923076915,0.000751544926331558,1905.3687499999999,0.037,0.32456140350877194,0-0-4331-5,i,fcd45f4d-Audio_SP21.v0,group_0,1,fave,116.90535710204227,76.3911263063001,7,comunidad,"",0.09000000000014552,una,[silence],n,d,n,d,internal
304.71119689544054,3012.7377969240183,4381.749797901367,2.7816615571597785,4.874309582694161,4.231746857779223,6769.2307692307695,0.010114699104012066,1914.99975,0.239,0.3347338935574229,0-0-4359-0,i,fcd45f4d-Audio_SP21.v0,group_0,1,fave,111.39714432765301,76.29835274596708,7,y,"",0.6899999999998272,[pron=pi],[silence],#,#,.,.,coextensive
258.2884188959753,2028.670759121936,2979.414283270711,2.7852455251304526,3.3079761376197827,4.490942924673814,5153.846153846154,0.0019082054667882119,1918.31075,0.041,0.3306451612903226,0-0-4366-1,i,fcd45f4d-Audio_SP21.v0,group_0,1,fave,117.30565375767875,70.31272172343705,7,miembros,"",0.10000000000013642,ochocientos,aquí,m,é,m,é,internal
385.74439168492285,1937.88886629976,2788.4070108740875,2.271699528085609,2.7564854830722996,4.019052072088734,5333.333333333333,0.00019796304172614885,1954.64875,0.037,0.32456140350877194,0-0-4431-1,i,fcd45f4d-Audio_SP21.v0,group_0,1,fave,140.60551997148286,74.35271540814374,7,siempre,"",0.08999999999991815,hablan,de,s,é,s,é,internal
293.4846009816973,2168.413456536775,4026.1190975360005,2.4860671217402843,2.916306880807618,4.655280312427909,6410.25641025641,0.006122791736693942,1958.0777500000002,0.11499999999999999,0.3343023255813953,0-0-4441-0,i,fcd45f4d-Audio_SP21.v0,group_0,1,fave,117.54175560125353,74.2475967580687,7,y,"",0.31999999999993634,[silence],[silence],#,#,.,.,coextensive
464.4816952854273,1967.3209642150075,2591.4674431996386,2.107589549179312,2.947200184080415,5.111918415020161,5153.846153846154,0.0005302921955855765,2007.4837499999999,0.027000000000000003,0.32142857142857145,0-0-4494-7,i,fcd45f4d-Audio_SP21.v0,group_0,1,fave,115.62778683367456,76.07453381455228,7,respondían,"",0.05999999999994543,me,",",d,a,d,a,internal
329.86138757877393,2333.402395046236,3345.8031714708136,2.8063265741275383,2.879433530172769,4.4650808763731415,5871.794871794871,0.018953594970215863,2013.00275,0.385,0.33362218370883884,0-0-4510-0,i,fcd45f4d-Audio_SP21.v0,group_0,1,fave,116.72273724499556,75.18222980811638,7,y,"",1.1300000000001091,[silence],[silence],#,#,.,"",coextensive
380.9614117909461,2042.9821246431663,3267.2554063828848,2.856628347789869,3.639074846906068,4.486323919078339,6051.282051282051,0.014449768702802842,2024.59875,0.07700000000000001,0.3290598290598291,0-0-4554-3,i,fcd45f4d-Audio_SP21.v0,group_0,1,fave,105.90635132475782,62.24516809038029,7,califican,"",0.21000000000003638,[silence],y,l,f,l,f,internal
399.3694535824178,2396.8370217129814,2894.6153397444095,2.8826966676506256,3.2345854864236214,4.550369204171399,5692.3076923076915,0.0011806952223693352,2025.2907500000001,0.041,0.3306451612903226,0-0-4555-0,i,fcd45f4d-Audio_SP21.v0,group_0,1,fave,113.64406350289273,71.55954590036491,7,y,"",0.09999999999990905,califican,eso,#,#,n,é,coextensive
429.56019182044827,1796.6901287347505,2268.118798323886,2.4920728736484348,4.0443605844247985,4.031588786858802,5512.820512820513,0.0020509957368996224,2026.9407500000002,0.041,0.3306451612903226,0-0-4564-3,i,fcd45f4d-Audio_SP21.v0,group_0,1,fave,106.45530241481981,70.0841722064507,7,califican,"",0.09999999999990905,las,mal,l,f,l,f,internal
425.9213353320083,1894.6309531740044,2995.2039778568032,2.65763860252521,3.4500289823138686,4.833509337264396,4974.358974358975,0.0030392850915607803,2029.6377499999999,0.035,0.33653846153846156,0-0-4575-3,i,fcd45f4d-Audio_SP21.v0,group_0,1,fave,108.26646054798654,74.57234680787788,7,califica,"",0.08000000000015461,la,bien,l,f,l,f,internal
378.3112734797465,1972.018419714821,2565.308736244952,2.486653951565416,2.889865909382158,3.45218124653598,5512.820512820513,0.00001159713413407922,2086.2627500000003,0.025,0.33783783783783783,0-0-4608-1,i,fcd45f4d-Audio_SP21.v0,group_0,1,fave,108.86414770053592,69.89000845074743,7,Disculpe,"",0.0500000000001819,[silence],",",d,s,d,s,internal
415.40251679148014,1968.2147184169175,2906.787281540271,2.5966033182032326,2.633650026223799,4.358300117201909,5333.333333333333,0.00010505529710383421,2135.15775,0.035,0.3365384615384616,0-0-4653-1,i,fcd45f4d-Audio_SP21.v0,group_0,1,fave,113.45522692511287,73.41604684019416,7,días,"",0.07999999999992724,los,está,d,á,d,á,internal
471.40328671637036,1860.8732309592829,3589.254152712409,2.955411462681964,4.282915922966143,3.8930533935200797,5153.846153846154,0.0014913841072879772,2139.65375,0.027000000000000003,0.32142857142857145,0-0-4663-7,i,fcd45f4d-Audio_SP21.v0,group_0,1,fave,NaN,50.99105933229775,7,universidad,"",0.05999999999994543,la,y,s,d,s,d,internal
400.99590191230413,2154.25949605009,3653.907104450315,1.9986007725793928,3.6540840905265624,4.701989661292376,6051.282051282051,0.0012584641124839435,2140.19375,0.067,0.32843137254901966,0-0-4664-0,i,fcd45f4d-Audio_SP21.v0,group_0,1,fave,326.74530027501476,72.46330833263609,7,y,"",0.18000000000029104,universidad,el,#,#,d,e,coextensive
413.8426966748981,2045.5803193672527,4299.793844290208,2.205662065821712,3.06970475759244,4.6108985778794365,6230.7692307692305,0.0014740970064529824,2143.96775,0.055,0.3353658536585366,0-0-4678-1,i,fcd45f4d-Audio_SP21.v0,group_0,1,fave,111.29418811251612,75.69701474134399,7,día,"",0.13999999999987267,cada,el,d,á,d,á,internal
391.6251673253985,2027.766910293957,2645.1393567763303,2.513595841328279,2.909666308276173,4.88868416548252,6051.282051282051,0.0012203499826688815,2150.38775,0.035,0.33653846153846156,0-0-4698-5,i,fcd45f4d-Audio_SP21.v0,group_0,1,fave,100.96407229484359,74.2476935921837,7,requerimiento,"",0.07999999999992724,[silence],[silence],R,m,R,m,internal
305.9866131531189,2310.5432277025893,3602.988082355755,2.9949203133036106,2.8076144259859857,4.480750685725936,5871.794871794871,0.0020461557608669983,2172.1587499999996,0.037000000000000005,0.324561403508772,0-0-4754-0,i,fcd45f4d-Audio_SP21.v0,group_0,1,fave,138.86068204117865,72.27229633529441,7,y,"",0.09000000000014552,[silence],tienen,#,#,.,t,coextensive
430.2094949976938,1854.918427229447,2272.6759457924027,2.695207008461796,2.852127791851398,4.0143821616053605,5333.333333333333,0.00013287810566558353,2173.18375,0.027000000000000003,0.32142857142857145,0-0-4760-5,i,fcd45f4d-Audio_SP21.v0,group_0,1,fave,106.7201203364554,75.20246574857848,7,experiencia,"",0.05999999999994543,de,que,R,é,R,é,internal
414.3721019120096,2255.755172338149,3315.319068543423,2.730949403673332,4.930390986282834,4.859288834208083,6589.74358974359,0.001316172033690686,2193.23275,0.025,0.33783783783783783,0-0-4791-0,i,fcd45f4d-Audio_SP21.v0,group_0,1,fave,176.5534391592373,46.03621176897066,7,importante,"",0.0500000000001819,lo,[silence],#,m,o,m,initial
254.3002627524229,2364.861082600393,3940.877277575779,3.248851508544669,4.015128708743554,3.844698011091101,7128.205128205128,0.05894687745772797,2195.89075,0.061000000000000006,0.3315217391304348,0-0-4795-0,i,fcd45f4d-Audio_SP21.v0,group_0,1,fave,115.01700350481082,55.79435250519342,7,y,"",0.15999999999985448,[silence],nunca,#,#,.,n,coextensive
396.21506102498796,1925.8394040056369,2508.8372094435736,1.9878928656583572,2.7792257366466213,4.149663919350994,5512.820512820513,0.002030385485614289,2197.87875,0.037000000000000005,0.324561403508772,0-0-4800-5,i,fcd45f4d-Audio_SP21.v0,group_0,1,fave,101.45607800089249,73.03473375943732,7,usuario,"",0.08999999999969077,al,esperando,R,o,R,o,internal
388.4341404833293,2124.4573273525652,3595.2123342850487,2.530436635343369,3.196742361779605,4.707245518800635,7128.205128205128,0.0008575018510848543,2202.30775,0.035,0.33653846153846156,0-0-4811-5,i,fcd45f4d-Audio_SP21.v0,group_0,1,fave,102.83460667950142,73.94227227579354,7,requerimiento,"",0.07999999999992724,el,[silence],R,m,R,m,internal
425.559790466547,1924.0367397534476,2446.800998367798,2.1080867620695343,2.639150346868512,4.286144844146095,5692.3076923076915,0.00003956171414413451,2266.65375,0.027000000000000003,0.32142857142857145,0-0-4854-6,i,fcd45f4d-Audio_SP21.v0,group_0,1,fave,142.0664507850329,75.71554233836558,7,investigado,"",0.05999999999994543,he,de,t,g,t,g,internal
412.7862748723213,2137.912155939165,2422.4894875244995,2.8586413469464405,2.6313415465246606,2.99652844787746,5333.333333333333,0.0003194498374988741,2273.91575,0.051000000000000004,0.3311688311688312,0-0-4881-0,i,fcd45f4d-Audio_SP21.v0,group_0,1,fave,149.63216145815852,74.7692312543383,7,y,"",0.13000000000010914,",",de,#,#,.,d,coextensive
289.963600816516,2325.7284586511205,2680.589103971437,2.8548342106143245,3.2590367161771954,3.9581332584353444,5333.333333333333,0.0010810756363147452,2290.10875,0.07700000000000001,0.3290598290598291,0-0-4922-0,i,fcd45f4d-Audio_SP21.v0,group_0,1,fave,116.79839133236833,78.19115987548707,7,Y,"",0.21000000000003638,[silence],pero,#,#,.,p,coextensive
374.8316502555907,1910.3453463301487,2440.4777091458986,2.359051380521497,2.1468424175076737,2.7403138772146836,5512.820512820513,0.000010171209837500052,2345.70375,0.027000000000000003,0.32142857142857145,0-0-4947-4,i,fcd45f4d-Audio_SP21.v0,group_0,1,fave,128.4724232024556,74.74138900538173,7,realidad,"",0.05999999999994543,[silence],",",l,d,l,d,internal
391.728129645252,1971.7498643491783,2396.2925918306573,3.215128525174203,2.6658427584104825,3.294987090533873,5333.333333333333,0.00004760883697493234,2349.44375,0.027000000000000003,0.32142857142857145,0-0-4961-1,i,fcd45f4d-Audio_SP21.v0,group_0,1,fave,115.81866446519697,75.17259352038249,7,mi,"",0.05999999999994543,[silence],trabajo,m,#,m,t,final
361.9244611722196,2034.2783315112267,3742.248486462185,2.06577030282366,3.9081774245815715,4.649752072190186,5692.3076923076915,0.000184995601313032,2351.87375,0.027000000000000003,0.32142857142857145,0-0-4968-7,i,fcd45f4d-Audio_SP21.v0,group_0,1,fave,130.96452239269877,70.31494553625986,7,presencial,"",0.05999999999994543,muy,[silence],z,á,z,á,internal
285.67630872014456,3497.2955154242773,4287.813969903087,2.4915645510827646,4.422101523587868,4.163233179754001,6948.717948717948,0.14246875062660433,2352.2957499999998,0.17099999999999999,0.3326848249027236,0-0-4970-0,i,fcd45f4d-Audio_SP21.v0,group_0,1,fave,130.11172167396185,74.27417612388884,7,y,"",0.4899999999997817,[silence],[silence],#,#,.,.,coextensive
252.42827629530817,2038.3485277163556,2414.194787307794,2.801224160817954,3.269592215915945,3.9133337287552155,5512.820512820513,0.0015314064642901058,2357.3837500000004,0.047,0.3263888888888889,0-0-4983-1,i,fcd45f4d-Audio_SP21.v0,group_0,1,fave,114.21264933322868,63.18858725295968,7,difícil,"",0.11999999999989086,muy,[silence],d,f,d,f,internal
311.6493572364302,1966.1927499518267,2296.0410754753966,2.8144619107523217,2.904059803661483,3.7694152255555173,5512.820512820513,0.003190500335620415,2357.5437500000003,0.047,0.3263888888888889,0-0-4983-3,i,fcd45f4d-Audio_SP21.v0,group_0,1,fave,117.6740607731766,70.48756897466005,7,difícil,"",0.11999999999989086,muy,[silence],f,z,f,z,internal
413.6470831434475,1894.7365757301275,2348.849580087294,2.4959575735511175,2.3301893729801697,3.086124562819756,5153.846153846154,0.00003891797350572064,2359.80575,0.031,0.32978723404255317,0-0-4989-5,i,fcd45f4d-Audio_SP21.v0,group_0,1,fave,102.55646737908664,75.26645889335529,7,requerimientos,"",0.07000000000016371,los,[silence],R,m,R,m,internal
288.7790348129037,2119.5245396666587,2446.211185735624,2.567518537371682,2.60352267808213,3.434266167394494,5512.820512820513,0.0004372543997461199,2367.65075,0.08099999999999999,0.3319672131147541,0-0-5006-0,i,fcd45f4d-Audio_SP21.v0,group_0,1,fave,131.32021803818353,72.08009411593632,7,influyó,"",0.2199999999997999,sí,un,#,n,í,n,initial
336.5439734954006,2243.0767333712197,2986.1252666265345,2.8763572138561484,4.145550079430105,4.798312043108266,5692.3076923076915,0.0020477082881196203,2375.98375,0.027000000000000003,0.32142857142857145,0-0-5031-6,i,fcd45f4d-Audio_SP21.v0,group_0,1,fave,133.36386570004956,64.46521437670984,7,pandemia,"",0.06000000000040018,la,[silence],m,a,m,a,internal
427.83495787735734,1935.5524688929502,2350.475188151116,2.2815144979934803,2.7638680776966993,3.7942138168662556,5153.846153846154,0.000022129570807181613,2388.0237500000003,0.027000000000000003,0.32142857142857145,0-0-5065-3,i,fcd45f4d-Audio_SP21.v0,group_0,1,fave,151.26471495907137,71.22698636080004,7,metí,"",0.05999999999994543,me,y,t,#,t,i,final
430.2587814411004,2162.725096648474,2566.071767788416,2.3539248506447494,2.8193463234668528,3.6047296174059666,5153.846153846154,0.00024013032406596427,2388.10375,0.067,0.32843137254901966,0-0-5066-0,i,fcd45f4d-Audio_SP21.v0,group_0,1,fave,143.77925225456252,72.18990299633612,7,y,"",0.1799999999998363,metí,no,#,#,i,n,coextensive
444.22205876942155,1859.0755406413973,2603.7422560913883,1.9412999254443735,2.8275303287787388,4.031165018578343,5512.820512820513,0.000042554181743233974,2388.47375,0.027000000000000003,0.32142857142857145,0-0-5068-2,i,fcd45f4d-Audio_SP21.v0,group_0,1,fave,114.62884435216341,75.77244771354452,7,había,"",0.05999999999994543,no,tarea,b,a,b,a,internal
288.60396795827205,2378.3018079110916,2646.4325766529173,2.475888919146741,2.9459934179343072,4.33896318032093,5153.846153846154,0.0038764650414677415,2390.86775,0.13499999999999998,0.33415841584158407,0-0-5073-0,i,fcd45f4d-Audio_SP21.v0,group_0,1,fave,114.11761272677776,76.70191073319968,7,y,"",0.3799999999996544,[silence],había,#,#,.,á,coextensive
278.0898434231907,2080.7167717387233,2651.300815449773,2.369580269189704,3.200043951179712,4.043910278839689,5333.333333333333,0.00034016287244358274,2391.3107499999996,0.041,0.3306451612903226,0-0-5074-2,i,fcd45f4d-Audio_SP21.v0,group_0,1,fave,107.70780000175805,73.77354787736456,7,había,"",0.09999999999990905,y,que,b,a,b,a,internal
440.7399656802074,1860.2102977374625,3816.563416547962,1.8830171076219697,3.9013137069014827,3.5460016234227245,5692.3076923076915,0.0007316104835638307,2394.48275,0.045,0.33582089552238803,0-0-5086-0,i,fcd45f4d-Audio_SP21.v0,group_0,1,fave,140.0631725657338,75.42066808551641,7,y,"",0.11000000000012733,tarea,era,#,#,a,é,coextensive
368.59101280915644,2187.613732927135,3052.5356692859277,2.579613060001879,3.524147732032718,4.752585561566461,5333.333333333333,0.00004008698528683188,2398.94275,0.025,0.33783783783783783,0-0-5102-1,i,fcd45f4d-Audio_SP21.v0,group_0,1,fave,144.0172557183691,68.6410671705311,7,tiempo,"",0.0500000000001819,al,me,t,é,t,é,internal
406.2028047395883,1858.783951693447,3051.137290247788,2.4785134356892335,2.785703191499917,4.640127106524737,5512.820512820513,0.00019100940337069423,2401.48375,0.027000000000000003,0.32142857142857145,0-0-5116-2,i,fcd45f4d-Audio_SP21.v0,group_0,1,fave,214.9119171631022,72.54402739459663,7,habían,"",0.06000000000040018,lo,empezado,b,a,b,a,internal
427.15204128546367,1713.2453951204784,2443.7622373161166,2.24679133227992,3.935956786391105,4.396588466219941,5692.3076923076915,0.0011940118176313624,2439.94775,0.035,0.33653846153846156,0-0-5170-4,i,fcd45f4d-Audio_SP21.v0,group_0,1,fave,106.80741828870616,75.62797610732659,7,realizar,"",0.08000000000038199,que,ningún,l,z,l,z,internal
305.0116224102475,2449.7358607586257,2655.763132769237,2.6320760661337967,3.3015083716218436,4.682665681059951,5333.333333333333,0.0002855994509569745,2442.21775,0.035,0.3365384615384616,0-0-5177-0,i,fcd45f4d-Audio_SP21.v0,group_0,1,fave,120.55513001370106,76.38204092258115,7,y,"",0.08000000000038199,[silence],mientras,#,#,.,m,coextensive
350.0821002365969,2388.9224460428345,3779.5954651361144,3.2905495741712945,3.4438930076512912,4.6427211524202585,5871.794871794871,0.0003819635549650103,2442.37775,0.035,0.3365384615384616,0-0-5178-1,i,fcd45f4d-Audio_SP21.v0,group_0,1,fave,123.9174574336433,75.21606351241171,7,mientras,"",0.07999999999992724,y,que,m,é,m,é,internal
458.9068160159062,2167.4341645258605,3676.9504165415347,2.1852136140785605,2.8738571789533776,3.521987391754,5692.3076923076915,0.000716644250231972,2443.8907499999996,0.08099999999999999,0.3319672131147541,0-0-5182-1,i,fcd45f4d-Audio_SP21.v0,group_0,1,fave,180.77197784694818,75.5488408604342,7,ahí,"",0.22000000000025466,esté,[silence],á,#,á,.,final
388.39319812686256,2207.272221992903,2692.6945301713567,3.002955550313984,3.164937454599716,4.194854688030828,5512.820512820513,0.0008867164329205491,2445.5807499999996,0.041,0.3306451612903226,0-0-5186-1,i,fcd45f4d-Audio_SP21.v0,group_0,1,fave,110.34121719975803,72.60704803035556,7,mi,"",0.09999999999990905,[silence],parte,m,#,m,p,final
469.2010625985347,1660.5033844648942,3596.9197230788236,2.6846675739079693,3.148434559870934,4.054623702347107,5333.333333333333,0.00002892573491486682,2446.9927500000003,0.025,0.33783783783783783,0-0-5192-4,i,fcd45f4d-Audio_SP21.v0,group_0,1,fave,121.26608592371001,72.69599394178424,7,realizando,"",0.0500000000001819,seguir,ese,l,z,l,z,internal
358.1583302645765,1971.747432050919,2498.62493375545,2.1847800360119494,3.747270950858864,3.916199304659303,5333.333333333333,0.0008095537878329455,2448.31875,0.037,0.32456140350877194,0-0-5196-5,i,fcd45f4d-Audio_SP21.v0,group_0,1,fave,-11461.470249411797,71.16482366987516,7,actividades,"",0.08999999999969077,de,.,b,d,b,d,internal
465.5172332844353,1630.5937524609933,2405.9339377220977,2.5809187947147954,3.340282051099803,4.339957483442509,4435.897435897436,0.00784970301836393,2458.3707499999996,0.041,0.3306451612903226,0-0-5225-1,i,fcd45f4d-Audio_SP21.v0,group_0,1,fave,116.2825315164918,64.89496004518908,7,situación,"",0.09999999999990905,una,muy,s,t,s,t,internal
390.9113463263984,2302.567625177707,3825.1996795104073,2.862501953089804,4.3576742335479945,4.649209609225075,6230.7692307692305,0.0009562555009058808,2459.05575,0.031,0.32978723404255317,0-0-5227-1,i,fcd45f4d-Audio_SP21.v0,group_0,1,fave,110.40133861829383,69.54708814365625,7,difícil,"",0.07000000000016371,muy,[silence],d,f,d,f,internal
988.9695423524691,1725.2328010338756,3404.595677459998,4.315981658666123,3.967109491580893,4.457905449876063,5871.794871794871,0.006069539118123813,2459.16375,0.027000000000000003,0.32142857142857145,0-0-5227-3,i,fcd45f4d-Audio_SP21.v0,group_0,1,fave,NaN,29.317209376671443,7,difícil,"",0.05999999999994543,muy,[silence],f,z,f,z,internal
301.2998194148686,2089.8123579065245,2654.5155593988025,2.910033662930839,2.7689663918698453,3.7453304056514,5333.333333333333,0.0006935821402991151,2471.30375,0.067,0.3284313725490196,0-0-5234-6,i,fcd45f4d-Audio_SP21.v0,group_0,1,fave,122.53175427891371,76.12112414947426,7,gustaría,"",0.1799999999998363,me,que,R,a,R,a,internal
296.3528367314294,2162.300913114866,2522.1226232490276,2.6264619276695687,4.074893939281864,4.300117851681035,5153.846153846154,0.0015774496113159743,2475.14775,0.035,0.3365384615384616,0-0-5243-4,i,fcd45f4d-Audio_SP21.v0,group_0,1,fave,NaN,56.778656145049716,7,específico,"",0.07999999999992724,más,en,z,f,z,f,internal
378.6410793732023,2062.8674279110983,3332.669519978885,2.411575722544427,2.901055476573856,5.0364193924748095,5692.3076923076915,0.00007048908191465489,2477.90375,0.027000000000000003,0.32142857142857145,0-0-5257-3,i,fcd45f4d-Audio_SP21.v0,group_0,1,fave,100.14490616104717,66.28952288562152,7,entiende,"",0.05999999999994543,le,[silence],t,é,t,é,internal
412.32372796018205,1864.3292793048101,2397.544400721044,2.13864602407545,2.9855404710992595,3.4051258766760895,5333.333333333333,0.00004969007380293918,2479.92575,0.031,0.32978723404255317,0-0-5263-5,i,fcd45f4d-Audio_SP21.v0,group_0,1,fave,102.39398401882796,75.29822462894306,7,requerimiento,"",0.07000000000016371,de,que,R,m,R,m,internal
391.6813063712386,1916.6272772997766,2447.592877177783,1.9761813668275934,3.208216327436035,4.363015748694943,5512.820512820513,0.0004611566546675141,2486.84775,0.035,0.33653846153846156,0-0-5282-5,i,fcd45f4d-Audio_SP21.v0,group_0,1,fave,98.96918144045746,74.55479833378689,7,tendría,"",0.07999999999992724,que,[silence],R,a,R,a,internal
328.6185149070834,1982.5174944334842,2410.703410291643,3.0205554383273454,2.940140760550589,3.7755291423733053,5153.846153846154,0.002224317741147822,2494.6787499999996,0.037000000000000005,0.324561403508772,0-0-5299-4,i,fcd45f4d-Audio_SP21.v0,group_0,1,fave,116.19196662446481,67.44786584671688,7,especifican,"",0.09000000000014552,no,[silence],z,f,z,f,internal
329.7188996266337,2133.8154172545387,2475.540092946136,2.862146577807811,2.61855376668157,2.8147077587954024,5153.846153846154,0.00009557823718173465,2520.66375,0.027000000000000003,0.32142857142857145,0-0-5320-1,i,fcd45f4d-Audio_SP21.v0,group_0,1,fave,102.45445499606285,65.56740273648579,7,quisiera,"",0.05999999999994543,[silence],agradecer,k,s,k,s,internal
284.0658770450595,2190.978294871732,3420.282929840229,2.327059780810845,4.177905683003508,4.825612647578288,6051.282051282051,0.0004787958441618814,2535.15575,0.031,0.32978723404255317,0-0-5356-11,i,fcd45f4d-Audio_SP21.v0,group_0,1,fave,102.61615164433346,71.315624918168,7,responsabilidad,"",0.07000000000016371,con,.,l,d,l,d,internal
328.00074051168224,2475.0398111745685,4035.0821923930507,2.787742812540785,3.8983690779590368,4.305625414795064,6051.282051282051,0.024225018916192297,2536.2657499999996,0.251,0.3328912466843501,0-0-5358-0,i,fcd45f4d-Audio_SP21.v0,group_0,1,fave,107.33696968989723,69.99850239485855,7,Y,"",0.7300000000000182,.,[silence],#,#,.,.,coextensive
295.79135710663127,2664.912852515857,4471.410954628097,2.192873446126024,2.962566255841915,3.7005241265215507,6589.74358974359,0.006630429353424493,2629.99375,0.047,0.3263888888888889,0-0-5418-0,i,fcd45f4d-Audio_SP21.v0,group_0,1,fave,116.94356367530128,65.78667094527778,7,y,"",0.12000000000034561,[silence],que,#,#,.,k,coextensive
418.085762930265,1876.1777866837892,3622.514961293988,1.9798791304921022,2.422962453152977,4.6078439936305635,6051.282051282051,0.00014345776925627396,2632.22575,0.031,0.32978723404255317,0-0-5427-6,i,fcd45f4d-Audio_SP21.v0,group_0,1,fave,104.34102592215514,72.52387460758929,7,investigación,"",0.07000000000016371,su,.,t,g,t,g,internal
723.5398488847711,1636.835607096611,2469.6808957693866,2.9263408795935346,3.8356795682607254,3.5072777608921912,4076.923076923077,0.008517636335954185,2632.47775,0.035,0.3365384615384616,0-0-5427-10,i,fcd45f4d-Audio_SP21.v0,group_0,1,fave,1683.1229404265146,52.176426066897825,7,investigación,"",0.07999999999992724,su,.,z,o,z,o,internal
331.7442833751207,2252.911975950945,3196.1204196929366,2.9264915905714157,2.8570872753120766,4.759726674472067,5512.820512820513,0.005722002147187645,2633.47975,0.119,0.3361581920903954,0-0-5431-0,i,fcd45f4d-Audio_SP21.v0,group_0,1,fave,130.01312399849485,74.89017648787048,7,Y,"",0.32999999999992724,[silence],bueno,#,#,.,b,coextensive
