audio,half,vowel_raw,vowel_norm,f1,f2,token_time
e90f8e4d-Audio_SP22,H1,e,e,497.4580218603481,1626.7098076177942,34.37775
e90f8e4d-Audio_SP22,H1,e,e,405.0030768637391,1756.4971523700096,34.508750000000006
e90f8e4d-Audio_SP22,H1,e,e,567.4040136836909,1860.34985129278,34.81275
e90f8e4d-Audio_SP22,H1,e,e,378.6459484014606,2080.227932110194,35.19775
e90f8e4d-Audio_SP22,H1,e,e,430.96541841284784,2036.6118100770457,35.94075
e90f8e4d-Audio_SP22,H1,e,e,400.8602013370589,1560.0107816764746,37.40775
e90f8e4d-Audio_SP22,H1,e,e,369.0897007077435,2141.156709691683,38.00075
e90f8e4d-Audio_SP22,H1,e,e,435.72329832525344,1571.4904140315027,38.39375
e90f8e4d-Audio_SP22,H1,e,e,502.492990275908,1912.0512168794523,62.85775
e90f8e4d-Audio_SP22,H1,e,e,262.7567421126063,2229.235302407136,66.24875
e90f8e4d-Audio_SP22,H1,e,e,381.3295022427467,2037.4738424197608,67.53875000000001
e90f8e4d-Audio_SP22,H1,e,e,440.9819063403596,1946.7363431002689,69.65575
e90f8e4d-Audio_SP22,H1,e,e,454.88247290040056,1337.2547188036745,74.40275
e90f8e4d-Audio_SP22,H1,e,e,531.5930629909341,2122.1437438194,78.96875
e90f8e4d-Audio_SP22,H1,e,e,481.2314700622994,1629.7262825132632,79.16275
e90f8e4d-Audio_SP22,H1,e,e,438.7878769242137,1664.4750245348507,79.77375
e90f8e4d-Audio_SP22,H1,e,e,481.19494494494063,1677.0172235452862,84.50274999999999
e90f8e4d-Audio_SP22,H1,e,e,443.49683316793255,1976.456110119373,85.30575
e90f8e4d-Audio_SP22,H1,e,e,513.9381157165108,1860.555874817064,86.85575
e90f8e4d-Audio_SP22,H1,e,e,437.4825253644659,2280.709098325148,88.40775
e90f8e4d-Audio_SP22,H1,e,e,454.2119034314513,2124.7506679344788,88.78075
e90f8e4d-Audio_SP22,H1,e,e,500.800360052418,2146.9334497383093,94.41575
e90f8e4d-Audio_SP22,H1,e,e,434.9431802056764,1563.162493101992,95.38375
e90f8e4d-Audio_SP22,H1,e,e,468.1672393217281,1922.340261165249,98.85075
e90f8e4d-Audio_SP22,H1,e,e,505.2750539070213,1938.7258359387465,120.50275
e90f8e4d-Audio_SP22,H1,e,e,465.6973327075615,2057.936520235158,121.31875
e90f8e4d-Audio_SP22,H1,e,e,473.4792498755203,1916.7935942974143,122.23375
e90f8e4d-Audio_SP22,H1,e,e,440.68620858736114,1660.0704471364309,122.48375
e90f8e4d-Audio_SP22,H1,e,e,439.5095097681957,2018.9388126639624,123.67775
e90f8e4d-Audio_SP22,H1,e,e,427.1058132090504,2012.9097352205663,125.07375
e90f8e4d-Audio_SP22,H1,e,e,357.68338634190434,2084.3094481386656,133.20575
e90f8e4d-Audio_SP22,H1,e,e,358.7892558481496,2357.436362151228,133.45274999999998
e90f8e4d-Audio_SP22,H1,e,e,511.6021468018003,1991.1201314550503,147.26775
e90f8e4d-Audio_SP22,H1,e,e,449.061771556,2074.964653618266,148.50575
e90f8e4d-Audio_SP22,H1,e,e,427.73573594813234,1886.003470909059,150.98375
e90f8e4d-Audio_SP22,H1,e,e,447.2781807311878,1964.7996942085604,152.02075000000002
e90f8e4d-Audio_SP22,H1,e,e,415.0456508833074,1958.7140361395327,154.93075000000002
e90f8e4d-Audio_SP22,H1,e,e,585.1553701249796,1862.400547620383,156.18275
e90f8e4d-Audio_SP22,H1,e,e,424.5550084543249,2115.740852243985,160.14274999999998
e90f8e4d-Audio_SP22,H1,e,e,433.3309150498943,1863.8901218896333,162.30274999999995
e90f8e4d-Audio_SP22,H1,e,e,474.87695434251566,1676.579533704623,162.88575
e90f8e4d-Audio_SP22,H1,e,e,446.2853435686722,1738.0007441880982,163.01274999999998
e90f8e4d-Audio_SP22,H1,e,e,430.782788377556,1784.3076175366457,164.83375
e90f8e4d-Audio_SP22,H1,e,e,452.96397692224895,1627.977680098612,165.68775
e90f8e4d-Audio_SP22,H1,e,e,393.33701628253937,2808.26052565235,166.50375000000005
e90f8e4d-Audio_SP22,H1,e,e,459.7909909384836,2029.7383107513688,187.65775
e90f8e4d-Audio_SP22,H1,e,e,569.2630275263374,2086.0945505044124,188.96375
e90f8e4d-Audio_SP22,H1,e,e,487.58549096028696,1626.486639685357,189.61275
e90f8e4d-Audio_SP22,H1,e,e,543.3490053798283,2017.0603224890529,190.05775
e90f8e4d-Audio_SP22,H1,e,e,481.9874592469217,1752.650926129827,192.29575
e90f8e4d-Audio_SP22,H1,e,e,446.65933530265625,1931.4945507891648,194.57575
e90f8e4d-Audio_SP22,H1,e,e,448.65658459415465,1914.994299106311,195.71375
e90f8e4d-Audio_SP22,H1,e,e,417.729674226975,2252.134795032717,198.01575
e90f8e4d-Audio_SP22,H1,e,e,514.5466505641353,1952.9944158499493,201.11575
e90f8e4d-Audio_SP22,H1,e,e,468.13841725340575,1896.2962899255267,202.34875
e90f8e4d-Audio_SP22,H1,e,e,417.4860768175251,2047.239480708345,203.74275
e90f8e4d-Audio_SP22,H1,e,e,425.6405902893313,1788.91436677637,204.15375
e90f8e4d-Audio_SP22,H1,e,e,455.3584172579528,1947.4881356502328,211.75075
e90f8e4d-Audio_SP22,H1,e,e,469.04514948992215,1534.661204556532,212.91775
e90f8e4d-Audio_SP22,H1,e,e,466.0757819285178,1751.3218973549397,216.36575
e90f8e4d-Audio_SP22,H1,e,e,458.3500753808996,2154.176253660925,218.82375
e90f8e4d-Audio_SP22,H1,e,e,483.4364148271471,2053.050027031616,222.10575000000003
e90f8e4d-Audio_SP22,H1,e,e,431.5226304855606,1741.3110072221125,222.59575
e90f8e4d-Audio_SP22,H1,e,e,482.7633176042613,2202.3481780131974,223.31875
e90f8e4d-Audio_SP22,H1,e,e,365.5983845152935,2195.940790867833,226.62875
e90f8e4d-Audio_SP22,H1,e,e,455.5591586167574,2028.1893872800483,229.65275
e90f8e4d-Audio_SP22,H1,e,e,405.8433857041744,1705.6835511232653,232.65375
e90f8e4d-Audio_SP22,H1,e,e,477.0854502122706,1887.838040244185,243.12775
e90f8e4d-Audio_SP22,H1,e,e,490.0613518144253,2136.2110826514586,243.82375
e90f8e4d-Audio_SP22,H1,e,e,427.04006826400814,2082.8694291289435,245.49775
e90f8e4d-Audio_SP22,H1,e,e,576.6782903607206,1786.559750862894,246.67275
e90f8e4d-Audio_SP22,H1,e,e,488.32847755318176,2055.232133818535,252.45875
e90f8e4d-Audio_SP22,H1,e,e,412.3517016608868,1966.5440287395952,253.03575
e90f8e4d-Audio_SP22,H1,e,e,525.1857883136905,1532.9584766414412,255.18375
e90f8e4d-Audio_SP22,H1,e,e,484.6660456414518,1430.508274495833,255.67575
e90f8e4d-Audio_SP22,H1,e,e,428.5416484799486,1891.0890646399928,255.99375
e90f8e4d-Audio_SP22,H1,e,e,450.7624360120402,1961.4769797966387,258.35775
e90f8e4d-Audio_SP22,H1,e,e,448.7805405163081,2008.909528645936,260.45275000000004
e90f8e4d-Audio_SP22,H1,e,e,460.47905592181263,1868.368415851772,261.51375
e90f8e4d-Audio_SP22,H1,e,e,570.3817026876394,1883.6970483033592,263.82375
e90f8e4d-Audio_SP22,H1,e,e,491.4187004504168,1984.04437131626,264.55074999999994
e90f8e4d-Audio_SP22,H1,e,e,578.987323394074,2052.376705297197,265.03275
e90f8e4d-Audio_SP22,H1,e,e,463.6167559693167,1789.879017986573,265.45775000000003
e90f8e4d-Audio_SP22,H1,e,e,465.0084995481792,2094.228242835594,266.85275
e90f8e4d-Audio_SP22,H1,e,e,460.8665127681502,1714.5981734848183,268.49875000000003
e90f8e4d-Audio_SP22,H1,e,e,423.31663486996496,1884.429359534847,269.65374999999995
e90f8e4d-Audio_SP22,H1,e,e,443.2068024587168,1988.2847374457751,269.83374999999995
e90f8e4d-Audio_SP22,H1,e,e,517.7173664487041,1936.2512941239447,271.59875
e90f8e4d-Audio_SP22,H1,e,e,503.25084613405545,1552.605121523482,272.87275000000005
e90f8e4d-Audio_SP22,H1,e,e,483.2303183054751,1859.965676583431,280.68875
e90f8e4d-Audio_SP22,H1,e,e,508.2712056567356,1796.4140503098154,284.55575
e90f8e4d-Audio_SP22,H1,e,e,589.1029117937557,1914.8399579835807,286.06375
e90f8e4d-Audio_SP22,H1,e,e,482.13288918605537,1969.9911864434607,287.14875
e90f8e4d-Audio_SP22,H1,e,e,428.95560392503,2147.1540816537054,288.63275000000004
e90f8e4d-Audio_SP22,H1,e,e,481.2760253887729,1944.1472327661663,293.78775
e90f8e4d-Audio_SP22,H1,e,e,393.079985379565,1938.240468475823,294.81575
e90f8e4d-Audio_SP22,H1,e,e,487.4492965767861,2135.908913329285,297.05274999999995
e90f8e4d-Audio_SP22,H1,e,e,820.4574102689865,1610.0537758590292,298.58575
e90f8e4d-Audio_SP22,H1,e,e,400.45736382779126,2049.953810845386,300.22075
e90f8e4d-Audio_SP22,H1,e,e,477.6586423610096,1553.3736730695252,300.54775
e90f8e4d-Audio_SP22,H1,e,e,475.2903673304196,1975.101164868728,301.20375
e90f8e4d-Audio_SP22,H1,e,e,386.09664139803897,1707.8747066844116,301.31275000000005
e90f8e4d-Audio_SP22,H1,e,e,462.14903095353634,1769.417326634387,302.26775
e90f8e4d-Audio_SP22,H1,e,e,477.42933695648696,2009.1885171577744,305.54374999999993
e90f8e4d-Audio_SP22,H1,e,e,440.7552935222353,1960.2019452781776,305.94575
e90f8e4d-Audio_SP22,H1,e,e,534.1668950182202,2028.8943925857257,306.64075
e90f8e4d-Audio_SP22,H1,e,e,454.1625902092205,1853.447472333556,308.07775000000004
e90f8e4d-Audio_SP22,H1,e,e,458.55863287879055,2174.8652973041894,309.96075
e90f8e4d-Audio_SP22,H1,e,e,512.4020619584176,1929.8254639619213,311.53275
e90f8e4d-Audio_SP22,H1,e,e,478.50683184417824,1553.955357028737,313.43575
e90f8e4d-Audio_SP22,H1,e,e,400.60260139244906,1685.228097383076,327.42375
e90f8e4d-Audio_SP22,H1,e,e,450.5662741873642,2036.970994651845,327.89875
e90f8e4d-Audio_SP22,H1,e,e,466.2404531010438,1823.8737846037664,332.49875000000003
e90f8e4d-Audio_SP22,H1,e,e,491.1448955423964,2597.806191691589,335.72374999999994
e90f8e4d-Audio_SP22,H1,e,e,469.8722450596824,1893.6450156245585,336.51075
e90f8e4d-Audio_SP22,H1,e,e,466.9371008345098,1532.508372586322,338.13875
e90f8e4d-Audio_SP22,H1,e,e,468.5862701600993,1913.225223591233,338.31575
e90f8e4d-Audio_SP22,H1,e,e,492.4596710421422,2041.668557490489,340.40375
e90f8e4d-Audio_SP22,H1,e,e,469.4006885869064,1625.1786215633106,341.11575
e90f8e4d-Audio_SP22,H1,e,e,441.3601376605821,2239.091771544528,354.03074999999995
e90f8e4d-Audio_SP22,H1,e,e,387.4863960113803,1720.1940646321052,356.34275
e90f8e4d-Audio_SP22,H1,e,e,409.7404335719574,1895.9611080333696,357.91374999999994
e90f8e4d-Audio_SP22,H1,e,e,463.0925961486609,1795.8242583189804,360.57575
e90f8e4d-Audio_SP22,H1,e,e,431.19102535949145,2551.37161196255,360.71075
e90f8e4d-Audio_SP22,H1,e,e,462.8848679330416,1723.9784061170135,361.53375
e90f8e4d-Audio_SP22,H1,e,e,435.2545739872968,1840.118649377788,362.50375
e90f8e4d-Audio_SP22,H1,e,e,449.96316932009466,1807.441168189147,364.35275
e90f8e4d-Audio_SP22,H1,e,e,428.8106143891424,2752.367281715909,364.74375
e90f8e4d-Audio_SP22,H1,e,e,436.51025042602,2100.88645384796,379.23775000000006
e90f8e4d-Audio_SP22,H1,e,e,465.204682104857,1893.630995828411,393.14275
e90f8e4d-Audio_SP22,H1,e,e,457.7787140259867,2103.734342026083,398.76775
e90f8e4d-Audio_SP22,H1,e,e,526.9969669827098,1978.368128520132,411.32575
e90f8e4d-Audio_SP22,H1,e,e,522.743429816847,1999.7794805396968,412.30575
e90f8e4d-Audio_SP22,H1,e,e,399.6079530561344,1692.876667718526,413.85775
e90f8e4d-Audio_SP22,H1,e,e,472.62544934665146,1723.086864643914,427.17775000000006
e90f8e4d-Audio_SP22,H1,e,e,480.3923732203067,1738.7414472857647,427.64275
e90f8e4d-Audio_SP22,H1,e,e,421.6283070347244,1673.6556425081064,444.27375
e90f8e4d-Audio_SP22,H1,e,e,456.1933186054689,1752.539352583027,444.63575
e90f8e4d-Audio_SP22,H1,e,e,373.5870148602724,2059.700350782456,453.63575
e90f8e4d-Audio_SP22,H1,e,e,468.7896834778107,1964.100830313246,454.18375
e90f8e4d-Audio_SP22,H1,e,e,473.2496659798026,1997.203344495232,454.74875
e90f8e4d-Audio_SP22,H1,e,e,471.3106665138531,2474.713726022421,454.87375
e90f8e4d-Audio_SP22,H1,e,e,401.262139924889,1656.5555152742988,476.38375
e90f8e4d-Audio_SP22,H1,e,e,416.36338090878087,1937.501914783224,478.24775000000005
e90f8e4d-Audio_SP22,H1,e,e,410.7514496514306,1938.683223006103,478.62575
e90f8e4d-Audio_SP22,H1,e,e,464.71142253865406,2213.908081072333,481.26575
e90f8e4d-Audio_SP22,H1,e,e,410.08693394968105,2551.134493813486,483.41275
e90f8e4d-Audio_SP22,H1,e,e,394.5362442724739,1969.3887838050352,484.08575
e90f8e4d-Audio_SP22,H1,e,e,441.4042472522575,1992.651831497788,487.96075
e90f8e4d-Audio_SP22,H1,e,e,400.5984379792929,2240.2966629151765,489.62575
e90f8e4d-Audio_SP22,H1,e,e,435.50748622987504,1956.073051182876,514.03375
e90f8e4d-Audio_SP22,H1,e,e,448.1742064964664,2187.92866617113,519.0837500000001
e90f8e4d-Audio_SP22,H1,e,e,560.9739267310918,1377.681425657811,525.0777499999999
e90f8e4d-Audio_SP22,H1,e,e,431.7796847060727,1775.5706358599923,525.7337500000001
e90f8e4d-Audio_SP22,H1,e,e,544.9668785695989,1743.4687303673795,528.80875
e90f8e4d-Audio_SP22,H1,e,e,464.8356751631038,1730.8262687386982,530.51775
e90f8e4d-Audio_SP22,H1,e,e,406.0950813788448,2336.989725529129,530.6827499999999
e90f8e4d-Audio_SP22,H1,e,e,422.128305609787,2217.2038080621373,531.2637500000001
e90f8e4d-Audio_SP22,H1,e,e,420.69233737977765,1873.444286957328,532.8337500000001
e90f8e4d-Audio_SP22,H1,e,e,438.3546215063367,2508.687931120708,534.04575
e90f8e4d-Audio_SP22,H1,e,e,389.7713335063476,1973.8519233732184,552.15275
e90f8e4d-Audio_SP22,H1,e,e,494.0629142078569,1721.980255521314,556.18875
e90f8e4d-Audio_SP22,H1,e,e,395.9977829147126,2184.939544229233,560.2437500000001
e90f8e4d-Audio_SP22,H1,e,e,349.6232675019437,1690.333172952941,571.7057500000001
e90f8e4d-Audio_SP22,H1,e,e,493.5015517741606,1494.4594097599734,572.4537500000001
e90f8e4d-Audio_SP22,H1,e,e,552.2096856897723,1705.196443313156,574.83075
e90f8e4d-Audio_SP22,H1,e,e,479.3388637803937,1647.4321643290791,576.55075
e90f8e4d-Audio_SP22,H1,e,e,515.4227266666065,1694.9633424112246,578.4657500000001
e90f8e4d-Audio_SP22,H1,e,e,430.0850252425546,1986.848214139518,582.2647499999999
e90f8e4d-Audio_SP22,H1,e,e,415.55474130523015,2033.6953412788364,582.87475
e90f8e4d-Audio_SP22,H1,e,e,438.6939345705744,1882.2748917858169,583.94375
e90f8e4d-Audio_SP22,H1,e,e,519.2191088207755,1719.4878563001455,584.8787500000001
e90f8e4d-Audio_SP22,H1,e,e,388.2288224682705,2310.3406279789583,585.04375
e90f8e4d-Audio_SP22,H1,e,e,478.70774659682377,1968.0131675785888,585.13775
e90f8e4d-Audio_SP22,H1,e,e,441.2342269316541,2100.859189786492,586.57575
e90f8e4d-Audio_SP22,H1,e,e,429.29739919499946,1935.450974816329,592.3227499999999
e90f8e4d-Audio_SP22,H1,e,e,362.005642594284,2090.16844234826,594.91275
e90f8e4d-Audio_SP22,H1,e,e,497.5187694053623,1634.8707742618765,621.3587500000001
e90f8e4d-Audio_SP22,H1,e,e,528.1838906255433,1923.687102124646,634.20575
e90f8e4d-Audio_SP22,H1,e,e,509.2577119803391,1739.198403204991,637.2737500000001
e90f8e4d-Audio_SP22,H1,e,e,515.0509455176153,1706.629431198514,663.5187500000001
e90f8e4d-Audio_SP22,H1,e,e,503.5218403036535,1999.1163638364424,700.66575
e90f8e4d-Audio_SP22,H1,e,e,443.08701464769337,2122.2575937829984,703.2727500000001
e90f8e4d-Audio_SP22,H1,e,e,444.7209291365365,2123.926596899534,704.96075
e90f8e4d-Audio_SP22,H1,e,e,423.83479874136304,1975.1068318077453,707.01575
e90f8e4d-Audio_SP22,H1,e,e,438.14252913497154,2219.323578088414,712.65575
e90f8e4d-Audio_SP22,H1,e,e,385.89302520536165,1612.7846615451008,723.19375
e90f8e4d-Audio_SP22,H1,e,e,466.3781624014277,1725.3657226377434,723.9787500000001
e90f8e4d-Audio_SP22,H1,e,e,435.4697391804996,2018.2861339525928,724.7137500000001
e90f8e4d-Audio_SP22,H1,e,e,417.6944876882597,1841.6015591157168,726.2537500000001
e90f8e4d-Audio_SP22,H1,e,e,416.3283012111638,1941.691392697315,729.7787500000001
e90f8e4d-Audio_SP22,H1,e,e,520.5562255390573,1919.28650789996,730.07875
e90f8e4d-Audio_SP22,H1,e,e,448.2779283609589,1700.6251731193224,730.3227499999999
e90f8e4d-Audio_SP22,H1,e,e,495.0029774616159,1741.2164091328702,730.6237500000001
e90f8e4d-Audio_SP22,H1,e,e,434.0252418329914,2084.364868094256,753.54575
e90f8e4d-Audio_SP22,H1,e,e,494.6076891602023,1421.779748124831,755.92375
e90f8e4d-Audio_SP22,H1,e,e,454.2728414855389,2189.881758934513,758.3487499999999
e90f8e4d-Audio_SP22,H1,e,e,442.61845986327046,2048.243243516564,758.91875
e90f8e4d-Audio_SP22,H1,e,e,502.0733879547084,1885.94820409216,761.4587500000001
e90f8e4d-Audio_SP22,H1,e,e,420.8408456047692,1947.8660478750105,765.43075
e90f8e4d-Audio_SP22,H1,e,e,413.5893093550969,2065.0825841676224,765.9477499999999
e90f8e4d-Audio_SP22,H1,e,e,606.9929749887646,2603.817650444664,769.31575
e90f8e4d-Audio_SP22,H1,e,e,502.7646124243605,1499.8085067573495,770.41575
e90f8e4d-Audio_SP22,H1,e,e,510.494638372662,1589.166155111235,785.95575
e90f8e4d-Audio_SP22,H1,e,e,510.1171478102679,1578.6869450556687,788.01575
e90f8e4d-Audio_SP22,H1,e,e,522.5824087840326,1533.7002558592496,807.92875
e90f8e4d-Audio_SP22,H1,e,e,472.75801474230207,2712.554358156666,810.3127499999999
e90f8e4d-Audio_SP22,H1,e,e,442.2233458071186,2207.188756032663,815.53275
e90f8e4d-Audio_SP22,H1,e,e,585.4640483085918,1503.1102895262934,820.19875
e90f8e4d-Audio_SP22,H1,e,e,533.2630681451648,1969.0816072006487,825.75575
e90f8e4d-Audio_SP22,H1,e,e,459.6137643420725,2166.155390502193,829.9887500000001
e90f8e4d-Audio_SP22,H1,e,e,500.7377610591447,1746.147503357617,832.5337499999999
e90f8e4d-Audio_SP22,H1,e,e,518.8285220796432,2454.899794319909,869.55775
e90f8e4d-Audio_SP22,H1,e,e,495.6518976938853,2044.82145275151,870.55575
e90f8e4d-Audio_SP22,H1,e,e,522.6786483557692,1939.8791342477623,870.8127499999999
e90f8e4d-Audio_SP22,H1,e,e,465.04301996142254,1969.711942192279,875.21775
e90f8e4d-Audio_SP22,H1,e,e,505.2043871358641,1967.383934944896,877.5287500000001
e90f8e4d-Audio_SP22,H1,e,e,466.8501461561447,2406.9443882650166,879.3537500000001
e90f8e4d-Audio_SP22,H1,e,e,501.1694974890234,2161.9394552072,880.2337500000001
e90f8e4d-Audio_SP22,H1,e,e,459.5010327131874,2203.814780968536,881.12775
e90f8e4d-Audio_SP22,H1,e,e,490.43020361361295,1685.790047106301,887.15275
e90f8e4d-Audio_SP22,H1,e,e,613.3967849625974,1919.8236756231008,888.2637500000001
e90f8e4d-Audio_SP22,H1,e,e,487.5714761054884,1767.8372058523908,889.32975
e90f8e4d-Audio_SP22,H1,e,e,567.0641136663971,2064.967727099473,894.11075
e90f8e4d-Audio_SP22,H1,e,e,489.1619524879678,2423.816931003224,895.7427500000001
e90f8e4d-Audio_SP22,H1,e,e,507.5554589351095,1964.5562911583545,899.16775
e90f8e4d-Audio_SP22,H1,e,e,524.5701531407326,1617.8898367496383,900.77375
e90f8e4d-Audio_SP22,H1,e,e,522.6388525909558,2299.6782594738247,904.49775
e90f8e4d-Audio_SP22,H1,e,e,507.9384254841777,2430.7060474988057,904.68575
e90f8e4d-Audio_SP22,H1,e,e,471.2508349801405,2047.55227734538,905.04075
e90f8e4d-Audio_SP22,H1,e,e,559.6088127665646,1905.2489340583525,923.02375
e90f8e4d-Audio_SP22,H1,e,e,512.0853295026959,1498.9413534578907,923.67575
e90f8e4d-Audio_SP22,H1,e,e,505.998374199152,2181.591371162931,924.04375
e90f8e4d-Audio_SP22,H1,e,e,475.2449854723536,2208.1674838067083,925.21575
e90f8e4d-Audio_SP22,H1,e,e,490.9529081604492,2185.010425784675,928.56875
e90f8e4d-Audio_SP22,H1,e,e,492.4823022950328,2350.308114873838,929.08475
e90f8e4d-Audio_SP22,H1,e,e,531.8886395814585,2176.822944085046,930.85375
e90f8e4d-Audio_SP22,H1,e,e,473.6645708322921,1919.371247127514,946.72575
e90f8e4d-Audio_SP22,H1,e,e,464.4704196567116,1639.988290669535,947.45575
e90f8e4d-Audio_SP22,H1,e,e,503.96945722447566,1833.9556746249543,954.37375
e90f8e4d-Audio_SP22,H1,e,e,508.1724796404279,1855.412939810141,957.11375
e90f8e4d-Audio_SP22,H1,e,e,460.6779707633015,2269.629407811825,957.54875
e90f8e4d-Audio_SP22,H1,e,e,503.0109818255596,1886.317280208889,960.08775
e90f8e4d-Audio_SP22,H1,e,e,534.2029965858251,1882.1115594724893,966.13775
e90f8e4d-Audio_SP22,H1,e,e,477.099183385082,1841.0148163955023,966.24775
e90f8e4d-Audio_SP22,H1,e,e,510.2858490653485,2498.0359445760923,971.29775
e90f8e4d-Audio_SP22,H1,e,e,486.2613089571299,1869.1954427438336,972.29575
e90f8e4d-Audio_SP22,H1,e,e,508.6983453890976,1837.398943182881,973.30575
e90f8e4d-Audio_SP22,H1,e,e,519.7819362665564,1655.1194567362345,973.61775
e90f8e4d-Audio_SP22,H1,e,e,498.20911515485386,1819.4003114612656,975.02575
e90f8e4d-Audio_SP22,H1,e,e,473.551299823867,1794.346219155773,975.51875
e90f8e4d-Audio_SP22,H1,e,e,519.7445773261685,2064.0488292088653,979.61775
e90f8e4d-Audio_SP22,H1,e,e,536.4245379134294,2151.5650920229164,981.18375
e90f8e4d-Audio_SP22,H1,e,e,471.8936487431077,1796.2623005561725,1005.83875
e90f8e4d-Audio_SP22,H1,e,e,437.9284382024145,1917.078385134886,1006.46275
e90f8e4d-Audio_SP22,H1,e,e,485.35862549853846,2050.485004147476,1014.76775
e90f8e4d-Audio_SP22,H1,e,e,434.17170068808105,2026.495510555917,1025.5937499999998
e90f8e4d-Audio_SP22,H1,e,e,411.2276563616732,2006.4858199823705,1025.98375
e90f8e4d-Audio_SP22,H1,e,e,342.3718292735329,1931.931765623662,1026.1037499999998
e90f8e4d-Audio_SP22,H1,e,e,562.3332551228832,1870.2293812128687,1027.73775
e90f8e4d-Audio_SP22,H1,e,e,427.6851168011197,1831.868536503339,1028.08575
e90f8e4d-Audio_SP22,H1,e,e,454.7669340830894,1788.5893447498142,1029.6127499999998
e90f8e4d-Audio_SP22,H1,e,e,456.05064567008833,1912.212617702217,1030.36875
e90f8e4d-Audio_SP22,H1,e,e,395.03423661139954,2441.1004866899425,1074.60575
e90f8e4d-Audio_SP22,H1,e,e,488.792266737405,1667.6515163728106,1076.45775
e90f8e4d-Audio_SP22,H1,e,e,604.3493799199498,1883.09542490576,1076.63075
e90f8e4d-Audio_SP22,H1,e,e,407.13888138812734,2024.2789048538184,1078.8537499999998
e90f8e4d-Audio_SP22,H1,e,e,394.0097541757222,1916.7131125237,1082.3237499999998
e90f8e4d-Audio_SP22,H1,e,e,456.9617796953206,2009.3267726718705,1082.94275
e90f8e4d-Audio_SP22,H1,e,e,442.6951603088052,2153.67854011857,1085.28575
e90f8e4d-Audio_SP22,H1,e,e,386.0167278757048,2044.2725225131976,1085.44375
e90f8e4d-Audio_SP22,H1,e,e,493.1653071252888,1880.7031135071752,1087.7507500000002
e90f8e4d-Audio_SP22,H1,e,e,522.6822262504163,2045.9677954640488,1090.89875
e90f8e4d-Audio_SP22,H1,e,e,434.1419195871073,2017.377507799653,1092.05075
e90f8e4d-Audio_SP22,H1,e,e,404.4180670309105,1930.5191762797544,1093.49775
e90f8e4d-Audio_SP22,H1,e,e,469.36310474924966,1695.0073176425271,1094.8637499999998
e90f8e4d-Audio_SP22,H1,e,e,469.6436209622674,1627.632463178404,1098.79775
e90f8e4d-Audio_SP22,H1,e,e,434.455011601419,1501.4178700267173,1099.8627499999998
e90f8e4d-Audio_SP22,H1,e,e,467.7102355513554,2020.16529187614,1103.46775
e90f8e4d-Audio_SP22,H1,e,e,491.70708685554655,1692.707340686947,1106.6127499999998
e90f8e4d-Audio_SP22,H1,e,e,365.4587017459997,2094.500283727183,1106.8827499999998
e90f8e4d-Audio_SP22,H1,e,e,448.6661004128695,1870.2129583548565,1107.72375
e90f8e4d-Audio_SP22,H1,e,e,384.9110968522241,1940.986969864548,1120.51575
e90f8e4d-Audio_SP22,H1,e,e,522.2689676128053,1826.7302613107952,1125.1327499999998
e90f8e4d-Audio_SP22,H1,e,e,490.2784754632448,1920.488936715755,1125.66375
e90f8e4d-Audio_SP22,H1,e,e,685.4968237279044,1840.2856166752763,1126.72775
e90f8e4d-Audio_SP22,H1,e,e,423.2857894206268,2044.7582666514013,1128.06575
e90f8e4d-Audio_SP22,H1,e,e,469.84462309976425,2056.572983657574,1128.41775
e90f8e4d-Audio_SP22,H1,e,e,442.4022445079271,2061.130742338011,1129.57075
e90f8e4d-Audio_SP22,H1,e,e,492.7085857768136,1910.57020240324,1131.21575
e90f8e4d-Audio_SP22,H1,e,e,414.8091637464449,1886.905366253108,1131.62575
e90f8e4d-Audio_SP22,H1,e,e,449.8996014550602,1815.0940144323863,1133.7207500000002
e90f8e4d-Audio_SP22,H1,e,e,534.9185101265219,1634.093902190899,1160.70375
e90f8e4d-Audio_SP22,H1,e,e,432.7440161167229,2273.1278901422243,1162.35075
e90f8e4d-Audio_SP22,H1,e,e,459.1670228354402,2366.978404004132,1162.4807500000002
e90f8e4d-Audio_SP22,H1,e,e,456.1781873383686,2144.513208406453,1178.3527499999998
e90f8e4d-Audio_SP22,H1,e,e,538.3104026943436,2175.542281191113,1180.3237499999998
e90f8e4d-Audio_SP22,H1,e,e,553.845026412151,1778.714045501551,1181.0637499999998
e90f8e4d-Audio_SP22,H1,e,e,604.444111107598,1832.540481655828,1186.66375
e90f8e4d-Audio_SP22,H1,e,e,502.3018179759911,1785.2360267974802,1217.9027499999995
e90f8e4d-Audio_SP22,H1,e,e,505.0288088985114,2304.740715389909,1218.15275
e90f8e4d-Audio_SP22,H1,e,e,556.3929983026042,1836.901340946845,1223.68775
e90f8e4d-Audio_SP22,H1,e,e,497.6745002801379,2097.193486924202,1225.58875
e90f8e4d-Audio_SP22,H1,e,e,426.907546566267,2656.7096819863127,1230.99775
e90f8e4d-Audio_SP22,H1,e,e,585.8631075785589,2174.732273192518,1232.65875
e90f8e4d-Audio_SP22,H1,e,e,494.4798827908104,2310.7960024520894,1235.0637499999998
e90f8e4d-Audio_SP22,H1,e,e,451.0947459718825,1893.0868123220127,1235.99375
e90f8e4d-Audio_SP22,H1,e,e,453.4785138912077,2479.62019159647,1243.25375
e90f8e4d-Audio_SP22,H1,e,e,456.8547047223333,1723.0107905321183,1244.56775
e90f8e4d-Audio_SP22,H1,e,e,487.3538714126107,2580.5199838970943,1248.72375
e90f8e4d-Audio_SP22,H1,e,e,419.472429541375,2428.535631874313,1252.3727499999998
e90f8e4d-Audio_SP22,H1,e,e,469.6976387771129,1867.9158641613576,1253.56575
e90f8e4d-Audio_SP22,H1,e,e,486.6594007844222,1845.6952540391085,1254.00375
e90f8e4d-Audio_SP22,H1,e,e,449.06979038920656,1885.733308327121,1256.53875
e90f8e4d-Audio_SP22,H1,e,e,492.3367571843673,1726.6370467547983,1256.74775
e90f8e4d-Audio_SP22,H1,e,e,436.8432272105711,1873.425106436636,1257.51875
e90f8e4d-Audio_SP22,H1,e,e,465.049176447732,1815.345442492516,1262.47375
e90f8e4d-Audio_SP22,H1,e,e,581.9153840440382,1832.5221527605715,1266.0937499999998
e90f8e4d-Audio_SP22,H1,e,e,519.9432877055779,1908.943829935994,1276.20875
e90f8e4d-Audio_SP22,H1,e,e,501.1972663188513,1845.3571133055032,1277.5837499999998
e90f8e4d-Audio_SP22,H1,e,e,582.7740477526979,1968.6717647727853,1278.73775
e90f8e4d-Audio_SP22,H1,e,e,457.7322912464873,2123.286955520007,1279.7287500000002
e90f8e4d-Audio_SP22,H1,e,e,638.5213874852815,2150.114039858293,1280.0527499999998
e90f8e4d-Audio_SP22,H1,e,e,509.2126831987196,1371.0853172216607,1283.74375
e90f8e4d-Audio_SP22,H1,e,e,528.2379814779334,1561.872515953268,1284.3427499999998
e90f8e4d-Audio_SP22,H1,e,e,414.14076870543175,1758.1865917914963,1285.6127499999998
e90f8e4d-Audio_SP22,H1,e,e,523.5526413513081,1779.2254065475513,1285.94575
e90f8e4d-Audio_SP22,H1,e,e,407.25690325924586,2034.0750687556392,1288.3427499999998
e90f8e4d-Audio_SP22,H1,e,e,489.40130197317376,2232.3387773892755,1301.3137499999998
e90f8e4d-Audio_SP22,H1,e,e,568.4252738592838,2280.8053488455366,1304.76075
e90f8e4d-Audio_SP22,H1,e,e,538.2251590097765,2277.883472522606,1305.96375
e90f8e4d-Audio_SP22,H1,e,e,495.0438222331805,2483.283104533069,1308.6507500000002
e90f8e4d-Audio_SP22,H1,e,e,492.17407609984303,1842.0267809325808,1310.99775
e90f8e4d-Audio_SP22,H1,e,e,495.0760968267531,1787.2107935725824,1311.2937499999998
e90f8e4d-Audio_SP22,H1,e,e,474.4413861288868,1957.9887703622724,1315.10875
e90f8e4d-Audio_SP22,H1,e,e,573.7240141923776,1985.3695211781544,1315.24275
e90f8e4d-Audio_SP22,H1,e,e,648.4259393506451,1593.2130809360776,1318.3827499999998
e90f8e4d-Audio_SP22,H1,e,e,496.8541634389972,1820.9839269832364,1331.68575
e90f8e4d-Audio_SP22,H1,e,e,428.43978669326,1860.8552248242884,1345.71775
e90f8e4d-Audio_SP22,H1,e,e,458.9991801526645,2524.0537030411974,1348.68375
e90f8e4d-Audio_SP22,H1,e,e,455.0688409152496,2020.1552787899232,1352.59075
e90f8e4d-Audio_SP22,H1,e,e,457.43774628756967,1791.108377949252,1392.3427499999998
e90f8e4d-Audio_SP22,H1,e,e,494.097872650268,1809.8843061919408,1393.59875
e90f8e4d-Audio_SP22,H1,e,e,437.1464830792792,1719.1699582665074,1396.72575
e90f8e4d-Audio_SP22,H2,e,e,524.9999552059988,1884.0861937189263,1432.73375
e90f8e4d-Audio_SP22,H2,e,e,468.6516809646842,1961.6491832153545,1441.35775
e90f8e4d-Audio_SP22,H2,e,e,456.4199632900044,1834.959506388056,1443.0837499999998
e90f8e4d-Audio_SP22,H2,e,e,538.743176660487,1782.2301324664136,1443.24575
e90f8e4d-Audio_SP22,H2,e,e,488.8726327939007,1256.2848493783313,1444.07875
e90f8e4d-Audio_SP22,H2,e,e,462.8650810606388,2043.8872855329007,1461.18575
e90f8e4d-Audio_SP22,H2,e,e,509.26795203420215,1881.1795867127275,1461.6027499999998
e90f8e4d-Audio_SP22,H2,e,e,581.9529608321548,2453.241417362838,1463.11875
e90f8e4d-Audio_SP22,H2,e,e,467.34951003390415,2227.871226693896,1463.57375
e90f8e4d-Audio_SP22,H2,e,e,502.9675550424138,2484.41380190632,1467.72575
e90f8e4d-Audio_SP22,H2,e,e,501.64886519993496,1987.3989373537136,1472.56075
e90f8e4d-Audio_SP22,H2,e,e,530.1317884762275,1817.978049976488,1473.3527499999998
e90f8e4d-Audio_SP22,H2,e,e,577.62793041537,2209.092706905437,1476.56875
e90f8e4d-Audio_SP22,H2,e,e,491.2982952400796,2073.4307516160347,1478.85875
e90f8e4d-Audio_SP22,H2,e,e,573.8600670709181,2040.8245730288595,1480.14375
e90f8e4d-Audio_SP22,H2,e,e,488.6428838603323,1936.6239016763632,1481.20375
e90f8e4d-Audio_SP22,H2,e,e,520.8281433203294,1640.9643716593057,1481.52775
e90f8e4d-Audio_SP22,H2,e,e,592.8530625337203,1970.919076728352,1484.90875
e90f8e4d-Audio_SP22,H2,e,e,482.0860418953097,2353.395180428305,1486.44875
e90f8e4d-Audio_SP22,H2,e,e,550.8327610591941,1805.9992239074527,1487.0007500000002
e90f8e4d-Audio_SP22,H2,e,e,702.3770484777946,2208.3124578499,1488.8827499999998
e90f8e4d-Audio_SP22,H2,e,e,566.2020167541061,1560.693028345723,1489.3437499999998
e90f8e4d-Audio_SP22,H2,e,e,557.0128253892665,2345.546353421689,1489.61575
e90f8e4d-Audio_SP22,H2,e,e,506.0714015288274,1938.5302237662536,1490.17575
e90f8e4d-Audio_SP22,H2,e,e,465.13021831097626,1605.342067592507,1491.8627499999998
e90f8e4d-Audio_SP22,H2,e,e,557.3721667417369,2136.364857695065,1494.40575
e90f8e4d-Audio_SP22,H2,e,e,496.6990827863261,2041.940039772279,1497.92875
e90f8e4d-Audio_SP22,H2,e,e,500.2627854798581,2125.116438540352,1500.51775
e90f8e4d-Audio_SP22,H2,e,e,854.8343927131342,2384.133193845091,1504.88075
e90f8e4d-Audio_SP22,H2,e,e,503.2473945691004,1549.5515514104484,1506.29075
e90f8e4d-Audio_SP22,H2,e,e,716.7754237624567,1780.2765085217309,1519.33775
e90f8e4d-Audio_SP22,H2,e,e,485.8255542965105,2093.136723988962,1524.87775
e90f8e4d-Audio_SP22,H2,e,e,482.4636529903655,2030.468006801228,1525.42375
e90f8e4d-Audio_SP22,H2,e,e,530.0900555260694,2114.033177141982,1525.76775
e90f8e4d-Audio_SP22,H2,e,e,601.428630723674,1895.826307082185,1569.22575
e90f8e4d-Audio_SP22,H2,e,e,477.3365743725007,2607.9680795747304,1571.3137499999998
e90f8e4d-Audio_SP22,H2,e,e,460.7488166196246,1826.3697056916703,1577.4307500000002
e90f8e4d-Audio_SP22,H2,e,e,534.2835771526501,1579.4141734563875,1578.3337499999998
e90f8e4d-Audio_SP22,H2,e,e,497.9822211594498,1608.598122226321,1579.79775
e90f8e4d-Audio_SP22,H2,e,e,553.3669085597239,1492.874884931608,1581.1607500000002
e90f8e4d-Audio_SP22,H2,e,e,522.0095234095287,2227.436152089858,1590.95575
e90f8e4d-Audio_SP22,H2,e,e,476.1929470594648,1732.3778376747175,1592.89775
e90f8e4d-Audio_SP22,H2,e,e,471.2096854295755,1706.5348392197125,1597.34875
e90f8e4d-Audio_SP22,H2,e,e,437.2341748904908,2413.704513488395,1598.28975
e90f8e4d-Audio_SP22,H2,e,e,433.3967955149785,1760.6695044697587,1598.66575
e90f8e4d-Audio_SP22,H2,e,e,464.68941062559423,1404.3598986773563,1603.33575
e90f8e4d-Audio_SP22,H2,e,e,492.604254697342,1740.7320621371082,1615.19775
e90f8e4d-Audio_SP22,H2,e,e,478.95680235842326,2622.7775189988856,1633.39775
e90f8e4d-Audio_SP22,H2,e,e,479.6699770411082,2613.395998306896,1635.16875
e90f8e4d-Audio_SP22,H2,e,e,504.2481205876579,2625.4574273626395,1636.60775
e90f8e4d-Audio_SP22,H2,e,e,427.3729647224416,2661.108132994527,1648.06575
e90f8e4d-Audio_SP22,H2,e,e,539.4794900242016,2144.6321612238494,1657.56375
e90f8e4d-Audio_SP22,H2,e,e,425.9257324441044,1594.1569903054483,1660.58575
e90f8e4d-Audio_SP22,H2,e,e,446.8745226282901,2530.61068926237,1664.28575
e90f8e4d-Audio_SP22,H2,e,e,478.785946220034,2399.4434617225115,1664.89375
e90f8e4d-Audio_SP22,H2,e,e,516.6664455154358,2535.9694196912865,1665.89575
e90f8e4d-Audio_SP22,H2,e,e,439.38380147591295,1657.0471065114582,1686.06775
e90f8e4d-Audio_SP22,H2,e,e,442.66957876183295,2085.125128061213,1688.61775
e90f8e4d-Audio_SP22,H2,e,e,461.7280247678901,2071.7250920845927,1693.20575
e90f8e4d-Audio_SP22,H2,e,e,470.3740137509985,2005.634302738552,1698.21375
e90f8e4d-Audio_SP22,H2,e,e,526.0349086589727,1941.323342806651,1699.04775
e90f8e4d-Audio_SP22,H2,e,e,502.0134001862068,1929.4643498233847,1712.16575
e90f8e4d-Audio_SP22,H2,e,e,489.8206747330181,1939.8169501703228,1712.9307500000002
e90f8e4d-Audio_SP22,H2,e,e,443.2282132929994,2092.7045548866586,1716.26575
e90f8e4d-Audio_SP22,H2,e,e,457.6106068369809,1597.769707017953,1722.6227499999998
e90f8e4d-Audio_SP22,H2,e,e,448.7307893650344,2572.94108514598,1761.69375
e90f8e4d-Audio_SP22,H2,e,e,392.1709772044936,3667.85885720863,1762.43275
e90f8e4d-Audio_SP22,H2,e,e,467.9984608581745,1569.950481531327,1768.1507500000002
e90f8e4d-Audio_SP22,H2,e,e,420.0613028444061,2571.526370867079,1784.42575
e90f8e4d-Audio_SP22,H2,e,e,426.8226567778322,1865.825720779887,1786.0637499999998
e90f8e4d-Audio_SP22,H2,e,e,466.6264024504622,2294.578431876176,1786.74375
e90f8e4d-Audio_SP22,H2,e,e,488.753178148037,1413.172523361714,1787.1127499999998
e90f8e4d-Audio_SP22,H2,e,e,464.86467164220505,2150.5730216600573,1788.64275
e90f8e4d-Audio_SP22,H2,e,e,522.2293649448275,1978.7608225091697,1789.3427499999998
e90f8e4d-Audio_SP22,H2,e,e,445.1496259366339,1904.2668354646075,1790.8127499999998
e90f8e4d-Audio_SP22,H2,e,e,464.84762600809546,2186.716912587058,1791.22275
e90f8e4d-Audio_SP22,H2,e,e,465.5665305347933,1802.9512088896613,1792.91775
e90f8e4d-Audio_SP22,H2,e,e,414.5557481579455,2046.133153899344,1793.0637499999998
e90f8e4d-Audio_SP22,H2,e,e,490.45766601023,2024.8709479745053,1794.60775
e90f8e4d-Audio_SP22,H2,e,e,459.89817122124697,2724.8069719445048,1795.8437499999998
e90f8e4d-Audio_SP22,H2,e,e,487.53227193264746,1988.3877985083964,1803.69375
e90f8e4d-Audio_SP22,H2,e,e,409.74094782413454,1988.6537724296404,1804.30575
e90f8e4d-Audio_SP22,H2,e,e,465.8443927763243,1963.2679725727853,1808.95375
e90f8e4d-Audio_SP22,H2,e,e,470.443778564689,2849.27259203117,1809.31375
e90f8e4d-Audio_SP22,H2,e,e,443.7145515937717,1954.8992682079609,1809.52275
e90f8e4d-Audio_SP22,H2,e,e,541.1437691206569,2184.39171462505,1819.25575
e90f8e4d-Audio_SP22,H2,e,e,421.633748029357,2033.521330578632,1828.27375
e90f8e4d-Audio_SP22,H2,e,e,486.2962090896999,2057.9943545553588,1828.78075
e90f8e4d-Audio_SP22,H2,e,e,448.93994762133536,2002.628213647938,1829.81075
e90f8e4d-Audio_SP22,H2,e,e,473.9241408774733,1953.226578720168,1830.62375
e90f8e4d-Audio_SP22,H2,e,e,479.3929762379957,2023.061130637512,1831.62875
e90f8e4d-Audio_SP22,H2,e,e,489.8221868382509,1971.5125254834209,1832.82275
e90f8e4d-Audio_SP22,H2,e,e,425.865523466925,1939.3183125396995,1833.86275
e90f8e4d-Audio_SP22,H2,e,e,370.83909560375525,2128.3715912251064,1876.63275
e90f8e4d-Audio_SP22,H2,e,e,397.25057933039454,2549.162942675921,1888.77575
e90f8e4d-Audio_SP22,H2,e,e,442.4332047307999,2490.18980711645,1889.69575
e90f8e4d-Audio_SP22,H2,e,e,437.2503592844836,2655.1292900165067,1891.25375
e90f8e4d-Audio_SP22,H2,e,e,541.9929588764871,2011.9652062342443,1905.58375
e90f8e4d-Audio_SP22,H2,e,e,371.1037694716232,2090.845533815078,1906.98075
e90f8e4d-Audio_SP22,H2,e,e,418.6051734562786,1847.368602849593,1908.06375
e90f8e4d-Audio_SP22,H2,e,e,424.8093233503451,2045.0847931967687,1915.90375
e90f8e4d-Audio_SP22,H2,e,e,388.3610132619612,2244.045978238748,1916.58375
e90f8e4d-Audio_SP22,H2,e,e,425.05263121317216,1932.514732690254,1917.35875
e90f8e4d-Audio_SP22,H2,e,e,428.3805334726924,2083.988804672553,1918.06075
e90f8e4d-Audio_SP22,H2,e,e,498.642544520652,1646.1611566086842,1918.20375
e90f8e4d-Audio_SP22,H2,e,e,524.844274340955,1982.090996780788,1921.96375
e90f8e4d-Audio_SP22,H2,e,e,567.3526547082263,1941.862966844668,1922.18575
e90f8e4d-Audio_SP22,H2,e,e,616.5996188286301,1839.5442659020648,1923.85375
e90f8e4d-Audio_SP22,H2,e,e,417.7231921837909,2119.988375780838,1936.03375
e90f8e4d-Audio_SP22,H2,e,e,480.4437810021573,1895.8220958185093,1937.55775
e90f8e4d-Audio_SP22,H2,e,e,466.50581595794296,1600.8025001168332,1963.86375
e90f8e4d-Audio_SP22,H2,e,e,410.3251471426416,2662.8965601760538,1964.07575
e90f8e4d-Audio_SP22,H2,e,e,460.61170326996665,2549.5907652401447,2002.05775
e90f8e4d-Audio_SP22,H2,e,e,508.0411244114316,2571.7302471414464,2002.62375
e90f8e4d-Audio_SP22,H2,e,e,400.0304141323937,2314.3288435368404,2005.41775
e90f8e4d-Audio_SP22,H2,e,e,438.17295448993775,1908.9401456571288,2007.84275
e90f8e4d-Audio_SP22,H2,e,e,551.8589622239929,1779.8463782587717,2011.04875
e90f8e4d-Audio_SP22,H2,e,e,409.97831602157,2415.121457682239,2018.29375
e90f8e4d-Audio_SP22,H2,e,e,426.7998966355071,2183.4682214108625,2021.53575
e90f8e4d-Audio_SP22,H2,e,e,428.6738016694908,2500.874563213653,2022.27375
e90f8e4d-Audio_SP22,H2,e,e,592.7948539294343,2426.7432258339127,2023.09775
e90f8e4d-Audio_SP22,H2,e,e,504.0654149428133,1800.943930990644,2042.57375
e90f8e4d-Audio_SP22,H2,e,e,442.2609707668988,2131.5334398593604,2044.26575
e90f8e4d-Audio_SP22,H2,e,e,421.903543825537,2197.844075217415,2045.00775
e90f8e4d-Audio_SP22,H2,e,e,689.7981191483423,2431.0434978264984,2060.03775
e90f8e4d-Audio_SP22,H2,e,e,525.8256056284557,1837.762851743876,2060.15275
e90f8e4d-Audio_SP22,H2,e,e,606.747892892042,1737.0551179999038,2060.94375
e90f8e4d-Audio_SP22,H2,e,e,547.4349263497149,2433.8440873880795,2061.07375
e90f8e4d-Audio_SP22,H2,e,e,525.7802653920352,2320.5208855998494,2062.03075
e90f8e4d-Audio_SP22,H2,e,e,498.8695412996897,2201.0995436462754,2064.65575
e90f8e4d-Audio_SP22,H2,e,e,504.8078559937341,2206.1944343312166,2065.35275
e90f8e4d-Audio_SP22,H2,e,e,409.6443494995518,2473.455593810532,2069.62375
e90f8e4d-Audio_SP22,H2,e,e,497.9982822170417,2259.0458527185274,2070.33275
e90f8e4d-Audio_SP22,H2,e,e,543.9112199996243,1778.412346976089,2070.90275
e90f8e4d-Audio_SP22,H2,e,e,541.1877696982395,2332.607616806258,2073.75575
e90f8e4d-Audio_SP22,H2,e,e,455.2966650480623,2565.0505188303105,2074.45575
e90f8e4d-Audio_SP22,H2,e,e,500.3155367698608,1360.0822798961588,2075.17275
e90f8e4d-Audio_SP22,H2,e,e,523.5471452763622,2424.425246040584,2077.50275
e90f8e4d-Audio_SP22,H2,e,e,524.9041110693827,1590.8194257805858,2089.40575
e90f8e4d-Audio_SP22,H2,e,e,630.0909107372628,2580.9403709763046,2110.2227500000004
e90f8e4d-Audio_SP22,H2,e,e,510.68052422968367,2106.1887302288537,2111.05575
e90f8e4d-Audio_SP22,H2,e,e,561.2290577510772,1951.9452486137848,2112.87575
e90f8e4d-Audio_SP22,H2,e,e,446.629957478614,2153.214745336198,2117.90375
e90f8e4d-Audio_SP22,H2,e,e,465.3239185336382,1805.194799925373,2118.5437500000003
e90f8e4d-Audio_SP22,H2,e,e,618.4619257556087,1844.241770444268,2118.72575
e90f8e4d-Audio_SP22,H2,e,e,540.8813690788224,1737.2263671445671,2118.85575
e90f8e4d-Audio_SP22,H2,e,e,628.100654519596,1725.0815477737845,2121.49575
e90f8e4d-Audio_SP22,H2,e,e,512.1265205948489,2163.9042812957928,2124.05575
e90f8e4d-Audio_SP22,H2,e,e,523.4302305905292,2143.7648774294066,2124.88275
e90f8e4d-Audio_SP22,H2,e,e,526.2609212920854,1981.9366576429447,2125.2137500000003
e90f8e4d-Audio_SP22,H2,e,e,485.9701163372824,1721.4668083579816,2126.74375
e90f8e4d-Audio_SP22,H2,e,e,625.8042933533576,2011.808744115531,2127.19775
e90f8e4d-Audio_SP22,H2,e,e,381.815367742704,2098.3724608076595,2130.64775
e90f8e4d-Audio_SP22,H2,e,e,512.5984444923716,1974.840719431592,2141.7537500000003
e90f8e4d-Audio_SP22,H2,e,e,576.468911943968,2107.456889006583,2143.8327500000005
e90f8e4d-Audio_SP22,H2,e,e,442.5909186150633,1919.10375542732,2144.94575
e90f8e4d-Audio_SP22,H2,e,e,596.6689463219276,1750.0748198189165,2147.58775
e90f8e4d-Audio_SP22,H2,e,e,540.7151570468508,2003.3636006742609,2149.50775
e90f8e4d-Audio_SP22,H2,e,e,500.7329399791758,2280.1307085316685,2152.30875
e90f8e4d-Audio_SP22,H2,e,e,541.3429717037009,1765.6035926198826,2153.42575
e90f8e4d-Audio_SP22,H2,e,e,496.597907395364,1901.55445646758,2166.85575
e90f8e4d-Audio_SP22,H2,e,e,427.8785641454791,2465.9307162228647,2174.71375
e90f8e4d-Audio_SP22,H2,e,e,497.1467966892275,2569.592788478306,2175.24275
e90f8e4d-Audio_SP22,H2,e,e,678.2548499721228,1948.229976627457,2211.87775
e90f8e4d-Audio_SP22,H2,e,e,508.72951831609913,2116.617167246551,2212.64775
e90f8e4d-Audio_SP22,H2,e,e,452.0063370207759,1832.0340041431964,2217.9927500000003
e90f8e4d-Audio_SP22,H2,e,e,622.2710339908034,1955.4587209442943,2237.36375
e90f8e4d-Audio_SP22,H2,e,e,590.9228060074508,2031.719689322391,2240.26775
e90f8e4d-Audio_SP22,H2,e,e,527.398297987884,1937.8853867295136,2241.0327500000003
e90f8e4d-Audio_SP22,H2,e,e,523.0647314934159,2072.20617804878,2242.67875
e90f8e4d-Audio_SP22,H2,e,e,457.5798325291602,1790.7912144561385,2254.65275
e90f8e4d-Audio_SP22,H2,e,e,446.4556336743072,1880.492380993022,2255.48075
e90f8e4d-Audio_SP22,H2,e,e,503.8474127153326,1799.7025724762636,2290.8227500000003
e90f8e4d-Audio_SP22,H2,e,e,653.858663338224,2181.437149046368,2291.44375
e90f8e4d-Audio_SP22,H2,e,e,615.9814354663017,1948.4273554770343,2292.51375
e90f8e4d-Audio_SP22,H2,e,e,502.4224862482938,1502.9067729472245,2324.00775
e90f8e4d-Audio_SP22,H2,e,e,415.5896687939114,2028.6259749608453,2336.94275
e90f8e4d-Audio_SP22,H2,e,e,465.57205212192576,1425.5755531605269,2340.38275
e90f8e4d-Audio_SP22,H2,e,e,509.01018685961606,2511.117358939931,2346.67275
e90f8e4d-Audio_SP22,H2,e,e,468.66533717853736,2016.5024531946044,2347.00775
e90f8e4d-Audio_SP22,H2,e,e,463.6547247667678,1970.207661320538,2347.88275
e90f8e4d-Audio_SP22,H2,e,e,475.9681741151419,1856.7808161508635,2351.18775
e90f8e4d-Audio_SP22,H2,e,e,562.8049992116432,2108.929808356305,2353.59875
e90f8e4d-Audio_SP22,H2,e,e,459.98687669707226,2150.40951809809,2355.64775
e90f8e4d-Audio_SP22,H2,e,e,482.9581734051248,1932.170423559824,2361.91375
e90f8e4d-Audio_SP22,H2,e,e,420.6366858018255,2227.393658896802,2362.05075
e90f8e4d-Audio_SP22,H2,e,e,476.4804546348016,1851.9368233630305,2362.44375
e90f8e4d-Audio_SP22,H2,e,e,488.1640952636089,2125.5195242031177,2373.8227500000003
e90f8e4d-Audio_SP22,H2,e,e,437.9800953320208,1812.973318521162,2374.33375
e90f8e4d-Audio_SP22,H2,e,e,435.0966977901718,1786.2863910418305,2376.0127500000003
e90f8e4d-Audio_SP22,H2,e,e,453.2873019196797,1810.5437949719733,2376.15275
e90f8e4d-Audio_SP22,H2,e,e,513.0772670903671,1960.316337608945,2376.40575
e90f8e4d-Audio_SP22,H2,e,e,474.7749297974556,1979.3009975929533,2377.87875
e90f8e4d-Audio_SP22,H2,e,e,480.7894188539384,1963.2913954511027,2378.39375
e90f8e4d-Audio_SP22,H2,e,e,517.6334466206779,1726.7923120744172,2389.59875
e90f8e4d-Audio_SP22,H2,e,e,512.7380766956916,1492.880805666602,2408.88375
e90f8e4d-Audio_SP22,H2,e,e,524.4164925600396,2205.9752916155016,2409.2187499999995
e90f8e4d-Audio_SP22,H2,e,e,467.0394026973879,2920.527730106788,2410.75375
e90f8e4d-Audio_SP22,H2,e,e,511.0091881085026,2921.840908439156,2410.89575
e90f8e4d-Audio_SP22,H2,e,e,504.7575226562303,2549.780025418639,2411.41375
e90f8e4d-Audio_SP22,H2,e,e,473.3859044037554,2733.35689432074,2411.79075
e90f8e4d-Audio_SP22,H2,e,e,536.45247956567,2620.5205202546667,2412.30375
e90f8e4d-Audio_SP22,H2,e,e,433.5685475798096,2526.496133671003,2413.43575
e90f8e4d-Audio_SP22,H2,e,e,525.7733238253605,2124.828676148724,2413.78775
e90f8e4d-Audio_SP22,H2,e,e,728.770895919703,1751.2274708543057,2414.50775
e90f8e4d-Audio_SP22,H2,e,e,627.1990290431738,2435.760060719428,2414.67275
e90f8e4d-Audio_SP22,H2,e,e,484.8328294475816,2208.481980200787,2416.69775
e90f8e4d-Audio_SP22,H2,e,e,494.0627631650538,2083.763425138307,2417.39075
e90f8e4d-Audio_SP22,H2,e,e,492.57212755692905,2739.8600227920856,2417.66375
e90f8e4d-Audio_SP22,H2,e,e,494.1773494884773,2499.087499975314,2418.11775
e90f8e4d-Audio_SP22,H2,e,e,506.1073965558397,1968.5349242241869,2421.43275
e90f8e4d-Audio_SP22,H2,e,e,457.5487172894917,1857.723315240562,2422.32375
e90f8e4d-Audio_SP22,H2,e,e,425.25564198702335,2230.550530281586,2422.63775
e90f8e4d-Audio_SP22,H2,e,e,502.71995023368027,1809.410386164124,2453.80375
e90f8e4d-Audio_SP22,H2,e,e,573.7033141600664,1928.17512213732,2453.93575
e90f8e4d-Audio_SP22,H2,e,e,520.5411617453732,2182.265355302694,2458.17775
e90f8e4d-Audio_SP22,H2,e,e,479.383504203384,1804.8406510488248,2500.40375
e90f8e4d-Audio_SP22,H2,e,e,475.1522834792301,2170.1607405001687,2503.7227500000004
e90f8e4d-Audio_SP22,H2,e,e,529.7267453953094,1469.2747452311744,2505.17575
e90f8e4d-Audio_SP22,H2,e,e,514.0377100507112,1953.6068394382944,2505.61275
e90f8e4d-Audio_SP22,H2,e,e,468.0560841592557,2341.686959383129,2506.7627500000003
e90f8e4d-Audio_SP22,H2,e,e,552.1039390998641,2042.265793474796,2522.53375
e90f8e4d-Audio_SP22,H2,e,e,448.6586273564854,2110.044186298967,2523.28575
e90f8e4d-Audio_SP22,H2,e,e,512.793123334512,1886.810294009801,2533.8227500000003
e90f8e4d-Audio_SP22,H2,e,e,474.886671937432,2158.300568182768,2537.15275
e90f8e4d-Audio_SP22,H2,e,e,518.9042477944479,1999.6441837565333,2538.26375
e90f8e4d-Audio_SP22,H2,e,e,455.9632430364755,2231.1580300300416,2541.07375
e90f8e4d-Audio_SP22,H2,e,e,625.0785537139016,1875.7092648183489,2542.40275
e90f8e4d-Audio_SP22,H2,e,e,443.3211130835704,2065.3164709900084,2544.50275
e90f8e4d-Audio_SP22,H2,e,e,467.3443578880224,1518.3617352845624,2547.7427500000003
e90f8e4d-Audio_SP22,H2,e,e,457.42303508143846,2376.042739033592,2551.61575
e90f8e4d-Audio_SP22,H2,e,e,537.1232560858297,2279.8667881789206,2552.78375
e90f8e4d-Audio_SP22,H2,e,e,578.1058265015938,1994.6379175624795,2554.62075
e90f8e4d-Audio_SP22,H2,e,e,593.6659207061545,1863.5858325148945,2569.41575
e90f8e4d-Audio_SP22,H2,e,e,516.5569979360192,1400.969421105107,2591.39575
e90f8e4d-Audio_SP22,H2,e,e,517.4318862939101,1589.8110264342622,2591.57575
e90f8e4d-Audio_SP22,H2,e,e,607.041414635238,2500.9508589136626,2592.16375
e90f8e4d-Audio_SP22,H2,e,e,479.4219348019226,2079.4014523952246,2594.17575
e90f8e4d-Audio_SP22,H2,e,e,489.4118136807453,2033.4765351791991,2595.08575
e90f8e4d-Audio_SP22,H2,e,e,402.20419337994304,2731.9819122725894,2595.36575
e90f8e4d-Audio_SP22,H2,e,e,445.513048909375,1970.1360644833028,2596.19775
e90f8e4d-Audio_SP22,H2,e,e,548.5730715975507,1408.0558353355757,2603.03375
e90f8e4d-Audio_SP22,H2,e,e,508.8204669097984,1718.3270512588963,2603.27875
e90f8e4d-Audio_SP22,H2,e,e,417.0092116270421,1862.550903247004,2608.23075
e90f8e4d-Audio_SP22,H2,e,e,542.407606696837,2050.5229946140835,2635.98775
e90f8e4d-Audio_SP22,H2,e,e,462.73182048487246,1936.6606359347377,2642.12375
e90f8e4d-Audio_SP22,H2,e,e,486.7723733715021,1656.6564187400636,2642.55775
e90f8e4d-Audio_SP22,H2,e,e,526.502524943463,2049.831924526088,2644.13875
e90f8e4d-Audio_SP22,H2,e,e,518.3154543368108,1916.409472694788,2659.8137500000003
e90f8e4d-Audio_SP22,H2,e,e,561.9863257224014,2536.741301353355,2661.31575
e90f8e4d-Audio_SP22,H2,e,e,423.65536633996174,2336.858947397161,2661.71575
e90f8e4d-Audio_SP22,H2,e,e,548.5714856147526,2407.838538860599,2662.17275
e90f8e4d-Audio_SP22,H2,e,e,509.7681639541149,1991.5278858964348,2678.14575
e90f8e4d-Audio_SP22,H2,e,e,459.0566000320549,1947.573950862971,2678.46275
e90f8e4d-Audio_SP22,H2,e,e,425.150353456819,2203.22136071579,2680.39575
e90f8e4d-Audio_SP22,H2,e,e,469.1966978146167,2066.507002999364,2681.0177499999995
e90f8e4d-Audio_SP22,H2,e,e,565.9123848558963,1764.1895755811386,2681.43575
e90f8e4d-Audio_SP22,H2,e,e,453.2384764833957,1689.374972084482,2682.25275
e90f8e4d-Audio_SP22,H2,e,e,540.3476233762183,1771.439129290863,2703.85275
e90f8e4d-Audio_SP22,H2,e,e,514.4694688546929,2100.959549017617,2704.72775
e90f8e4d-Audio_SP22,H2,e,e,591.1108610130245,2072.238533762867,2706.30775
e90f8e4d-Audio_SP22,H2,e,e,465.3651278665166,2099.6448899590096,2709.79775
e90f8e4d-Audio_SP22,H2,e,e,420.44602840000624,2204.662757058408,2712.50075
e90f8e4d-Audio_SP22,H2,e,e,412.123215822979,2097.895795547225,2715.7227500000004
e90f8e4d-Audio_SP22,H2,e,e,584.1607206595072,1734.7949521462633,2721.08575
e90f8e4d-Audio_SP22,H2,e,e,483.89737123487527,1758.0950469657437,2722.9457500000003
e90f8e4d-Audio_SP22,H2,e,e,477.094117116922,1946.045715803273,2724.30575
e90f8e4d-Audio_SP22,H2,e,e,427.7272773764159,2253.1154213885693,2727.0127500000003
e90f8e4d-Audio_SP22,H2,e,e,354.9520356744506,1853.6778197187173,2732.10575
e90f8e4d-Audio_SP22,H2,e,e,465.4901656735639,1982.6555114882483,2732.37375
e90f8e4d-Audio_SP22,H2,e,e,501.90066641043626,2119.379786774654,2734.11375
e90f8e4d-Audio_SP22,H2,e,e,481.3419309203211,2595.949950750321,2735.18575
e90f8e4d-Audio_SP22,H2,e,e,442.6424859396525,2762.8189006890184,2736.33375
e90f8e4d-Audio_SP22,H2,e,e,435.9733150341372,2681.056390492602,2737.2227500000004
e90f8e4d-Audio_SP22,H2,e,e,450.8317842207583,1665.8492158405345,2751.00575
e90f8e4d-Audio_SP22,H2,e,e,532.9809290387467,1742.526759309911,2757.36275
e90f8e4d-Audio_SP22,H2,e,e,519.7357884483005,1422.1903075353894,2758.34575
e90f8e4d-Audio_SP22,H2,e,e,474.7290037828861,1731.3779961691946,2758.55775
e90f8e4d-Audio_SP22,H2,e,e,427.4149486766868,1570.6562941252537,2760.09375
e90f8e4d-Audio_SP22,H2,e,e,479.703003522083,1999.8108053633912,2771.23775
e90f8e4d-Audio_SP22,H2,e,e,608.5624749678037,1956.964255618704,2819.7587499999995
e90f8e4d-Audio_SP22,H2,e,e,477.6359887687512,1760.7937681024732,2821.23575
e90f8e4d-Audio_SP22,H1,a,a,545.3691751172672,1691.6080607952172,34.95275
e90f8e4d-Audio_SP22,H1,a,a,596.9437136302304,1499.7740893184148,35.31275
e90f8e4d-Audio_SP22,H1,a,a,634.3612698268857,1477.4932977868295,35.45375
e90f8e4d-Audio_SP22,H1,a,a,605.962948954321,1814.452430765541,62.41775
e90f8e4d-Audio_SP22,H1,a,a,562.0331947755903,1368.199393410078,65.90775
e90f8e4d-Audio_SP22,H1,a,a,649.3785527789856,1422.3870244586412,68.15875
e90f8e4d-Audio_SP22,H1,a,a,558.1160773347501,1779.2007994111498,68.91875
e90f8e4d-Audio_SP22,H1,a,a,649.8732781037272,1318.4083168072095,69.44875
e90f8e4d-Audio_SP22,H1,a,a,596.9990055393532,1456.878045602934,71.48375
e90f8e4d-Audio_SP22,H1,a,a,438.19779524108446,2468.6138467488795,76.44075
e90f8e4d-Audio_SP22,H1,a,a,756.889483112948,1449.0140786187585,77.76575
e90f8e4d-Audio_SP22,H1,a,a,556.5330067203688,1380.3538064362042,83.65875
e90f8e4d-Audio_SP22,H1,a,a,575.2393699063704,1359.7338411645133,93.85075
e90f8e4d-Audio_SP22,H1,a,a,590.5490897295246,1371.0295327724552,95.65775
e90f8e4d-Audio_SP22,H1,a,a,560.9207025294583,1866.9866328803143,96.10375
e90f8e4d-Audio_SP22,H1,a,a,556.2529116552877,1500.6216637363646,99.72375
e90f8e4d-Audio_SP22,H1,a,a,633.666002343394,1483.939390540617,101.93375
e90f8e4d-Audio_SP22,H1,a,a,688.2811989687224,1204.019078540694,122.81275
e90f8e4d-Audio_SP22,H1,a,a,695.3966426458397,1310.6360945602564,123.04775
e90f8e4d-Audio_SP22,H1,a,a,642.9766330545885,1483.9132618511896,124.16575
e90f8e4d-Audio_SP22,H1,a,a,567.220746417339,1074.8906491357952,124.29375
e90f8e4d-Audio_SP22,H1,a,a,558.677148705434,1666.344871661163,124.70575
e90f8e4d-Audio_SP22,H1,a,a,543.2884730175306,1801.091319468453,126.99375
e90f8e4d-Audio_SP22,H1,a,a,671.4731574433774,1366.3360946671023,127.52375
e90f8e4d-Audio_SP22,H1,a,a,636.7901027327049,1335.7865080920624,134.60775
e90f8e4d-Audio_SP22,H1,a,a,569.9120602525803,1628.5059161157662,148.34575
e90f8e4d-Audio_SP22,H1,a,a,475.8169843302852,1735.5876785607215,153.83274999999998
e90f8e4d-Audio_SP22,H1,a,a,755.5544549177407,1426.612929608529,156.00074999999998
e90f8e4d-Audio_SP22,H1,a,a,526.992791699425,1807.6991727642824,158.45874999999998
e90f8e4d-Audio_SP22,H1,a,a,555.9153786217622,2172.09709666161,158.96274999999997
e90f8e4d-Audio_SP22,H1,a,a,534.8882462043625,2034.9444648401773,162.67274999999998
e90f8e4d-Audio_SP22,H1,a,a,630.0397868961676,1528.713387739928,164.98375
e90f8e4d-Audio_SP22,H1,a,a,491.7370712046356,1377.413743983727,172.77775
e90f8e4d-Audio_SP22,H1,a,a,630.5137308407326,1458.071875131994,188.35575
e90f8e4d-Audio_SP22,H1,a,a,614.1728457028771,1170.069164226853,188.49375
e90f8e4d-Audio_SP22,H1,a,a,582.9156385213411,1975.01972112305,188.86575
e90f8e4d-Audio_SP22,H1,a,a,532.0985543260781,1472.0870673805252,189.09875
e90f8e4d-Audio_SP22,H1,a,a,558.149321225419,1470.0270637497829,191.70575
e90f8e4d-Audio_SP22,H1,a,a,729.0487359106183,1441.4551519315426,194.28375000000003
e90f8e4d-Audio_SP22,H1,a,a,713.3163284654167,1352.9200918070176,195.54775
e90f8e4d-Audio_SP22,H1,a,a,639.4328904763389,1537.272961380692,197.42575
e90f8e4d-Audio_SP22,H1,a,a,598.3467556505393,1382.0252597829074,197.83775
e90f8e4d-Audio_SP22,H1,a,a,596.1672037935386,1118.1213458040177,201.01375
e90f8e4d-Audio_SP22,H1,a,a,555.8141209393815,1545.3007346629895,201.53375000000003
e90f8e4d-Audio_SP22,H1,a,a,558.1435546323008,1666.0143920633425,204.29775
e90f8e4d-Audio_SP22,H1,a,a,619.2998234698605,1333.723112402456,211.24575
e90f8e4d-Audio_SP22,H1,a,a,988.5328786855716,1422.3625534515172,220.77875
e90f8e4d-Audio_SP22,H1,a,a,668.443054895102,1714.247087207816,227.89275
e90f8e4d-Audio_SP22,H1,a,a,589.1167049679153,1484.8088745911768,228.83275
e90f8e4d-Audio_SP22,H1,a,a,593.2981916690703,1618.569513778153,230.38375
e90f8e4d-Audio_SP22,H1,a,a,563.6687213220531,1686.972920264504,230.74575
e90f8e4d-Audio_SP22,H1,a,a,544.9612276947562,1544.3951976788596,230.99375
e90f8e4d-Audio_SP22,H1,a,a,614.8860649085415,1515.076843708746,232.28375000000003
e90f8e4d-Audio_SP22,H1,a,a,592.1370356091311,1673.0010093321944,232.49375
e90f8e4d-Audio_SP22,H1,a,a,595.9827234700875,1482.9820305307069,246.21275
e90f8e4d-Audio_SP22,H1,a,a,603.5650591311032,1581.3827376911302,246.91375
e90f8e4d-Audio_SP22,H1,a,a,568.4541214584657,1898.584647279752,247.12875
e90f8e4d-Audio_SP22,H1,a,a,616.0882947705732,1365.4778211305502,249.28875
e90f8e4d-Audio_SP22,H1,a,a,631.8742297965065,1251.5511372026222,249.44575
e90f8e4d-Audio_SP22,H1,a,a,655.5864715886464,1470.911471120688,249.68775
e90f8e4d-Audio_SP22,H1,a,a,624.1383089956704,1317.1769559259285,252.76575
e90f8e4d-Audio_SP22,H1,a,a,657.23245623051,1521.9489411487373,265.85574999999994
e90f8e4d-Audio_SP22,H1,a,a,655.4902988415575,1416.9077719860695,266.63875
e90f8e4d-Audio_SP22,H1,a,a,569.9553199132815,1420.941740949243,267.04775
e90f8e4d-Audio_SP22,H1,a,a,652.1031660606125,1477.2043860956962,268.73375
e90f8e4d-Audio_SP22,H1,a,a,648.2504865781817,1349.6805422659538,269.27075
e90f8e4d-Audio_SP22,H1,a,a,622.8660946643715,1463.0649905526666,283.91574999999995
e90f8e4d-Audio_SP22,H1,a,a,648.8827993949859,1622.5038496420095,284.25875
e90f8e4d-Audio_SP22,H1,a,a,590.5098726527084,1350.64669706256,285.10574999999994
e90f8e4d-Audio_SP22,H1,a,a,656.9015590964011,1499.7246771628456,289.33275000000003
e90f8e4d-Audio_SP22,H1,a,a,544.3323248491486,1605.5456016926191,295.32375
e90f8e4d-Audio_SP22,H1,a,a,947.7833556626944,1565.571307981181,297.86575
e90f8e4d-Audio_SP22,H1,a,a,650.0292304792747,1413.9839561516162,299.19275000000005
e90f8e4d-Audio_SP22,H1,a,a,586.7972854797658,1868.891047434156,299.53374999999994
e90f8e4d-Audio_SP22,H1,a,a,560.5466460077743,1478.7401258307666,301.59374999999994
e90f8e4d-Audio_SP22,H1,a,a,621.2291301125048,1575.383192056502,304.95875
e90f8e4d-Audio_SP22,H1,a,a,695.5919953191068,1351.8526559537615,305.77575
e90f8e4d-Audio_SP22,H1,a,a,857.3860210132542,1501.5232220349133,307.69275000000005
e90f8e4d-Audio_SP22,H1,a,a,674.4654942214502,1385.9694832390755,307.90875
e90f8e4d-Audio_SP22,H1,a,a,566.3587884182946,1893.0790194726108,308.16275
e90f8e4d-Audio_SP22,H1,a,a,593.2257414591396,1464.4095191992385,315.46875
e90f8e4d-Audio_SP22,H1,a,a,731.4925435433715,1877.755094721191,327.48875000000004
e90f8e4d-Audio_SP22,H1,a,a,634.8353202670941,1526.9406975056145,328.93575
e90f8e4d-Audio_SP22,H1,a,a,701.6605613943351,1835.8345073368905,331.12775000000005
e90f8e4d-Audio_SP22,H1,a,a,696.2493654356289,1560.0187715403738,331.48274999999995
e90f8e4d-Audio_SP22,H1,a,a,663.7017414168114,1651.1193967490617,331.84775
e90f8e4d-Audio_SP22,H1,a,a,599.9331643643928,1478.3424057982545,335.20075
e90f8e4d-Audio_SP22,H1,a,a,571.0420133256885,1574.7837205661676,335.57275000000004
e90f8e4d-Audio_SP22,H1,a,a,625.2406204256316,1391.810885457012,337.16775
e90f8e4d-Audio_SP22,H1,a,a,589.4825459342641,1538.879008908263,342.50275000000005
e90f8e4d-Audio_SP22,H1,a,a,663.9412582762195,1559.405070176078,342.83575
e90f8e4d-Audio_SP22,H1,a,a,638.7675896057065,1544.7344822704672,343.26875
e90f8e4d-Audio_SP22,H1,a,a,629.0426841793828,1500.917268489063,343.40775
e90f8e4d-Audio_SP22,H1,a,a,601.2625337049119,1659.4156349039145,343.63075
e90f8e4d-Audio_SP22,H1,a,a,687.2967808120965,1644.9598299276486,353.07775000000004
e90f8e4d-Audio_SP22,H1,a,a,641.9815494168254,1592.6102670085727,353.21374999999995
e90f8e4d-Audio_SP22,H1,a,a,652.3969484001844,1802.987930268839,353.43375000000003
e90f8e4d-Audio_SP22,H1,a,a,697.6861197397773,1628.211621008598,353.64575
e90f8e4d-Audio_SP22,H1,a,a,615.1780668301903,1559.1885526832273,355.60775
e90f8e4d-Audio_SP22,H1,a,a,654.733162293413,1556.5903550622866,356.11275
e90f8e4d-Audio_SP22,H1,a,a,592.7315167740584,1596.2190881045983,358.30074999999994
e90f8e4d-Audio_SP22,H1,a,a,569.8055490838718,1567.377030692907,358.69275000000005
e90f8e4d-Audio_SP22,H1,a,a,569.2337620521328,1535.64095850133,360.35275
e90f8e4d-Audio_SP22,H1,a,a,673.363975760564,1567.8675594782535,361.88775
e90f8e4d-Audio_SP22,H1,a,a,674.1273801249904,1626.326976074395,362.29575
e90f8e4d-Audio_SP22,H1,a,a,519.2657788758618,1773.257494927925,363.82575
e90f8e4d-Audio_SP22,H1,a,a,633.8965937234577,1517.53548597132,366.79775
e90f8e4d-Audio_SP22,H1,a,a,607.9025342949445,1342.7614384156595,367.25575
e90f8e4d-Audio_SP22,H1,a,a,622.4268174870574,1503.888856603777,380.9377500000001
e90f8e4d-Audio_SP22,H1,a,a,583.1147922182329,1566.353033771867,382.15375
e90f8e4d-Audio_SP22,H1,a,a,741.4978676235003,1550.8500880662857,382.29275
e90f8e4d-Audio_SP22,H1,a,a,609.8753215946433,1484.8978335389468,382.38575
e90f8e4d-Audio_SP22,H1,a,a,587.7050064391049,2010.3635214209648,383.01275
e90f8e4d-Audio_SP22,H1,a,a,631.2782170927763,1829.3495636520577,393.19375
e90f8e4d-Audio_SP22,H1,a,a,692.6857652379139,1235.2544249137911,397.95775
e90f8e4d-Audio_SP22,H1,a,a,646.5351651909292,1583.1495277774686,398.43875
e90f8e4d-Audio_SP22,H1,a,a,599.2587631418498,1680.923102412094,398.89575
e90f8e4d-Audio_SP22,H1,a,a,606.9991080059043,1152.4700591822304,400.91775
e90f8e4d-Audio_SP22,H1,a,a,566.587231908211,1386.3695421009386,411.52275
e90f8e4d-Audio_SP22,H1,a,a,656.3713944774548,1336.5522498357789,411.68275000000006
e90f8e4d-Audio_SP22,H1,a,a,623.5011066297039,1341.9432025460103,412.08775
e90f8e4d-Audio_SP22,H1,a,a,620.0992691727096,1360.0258587351418,412.4377500000001
e90f8e4d-Audio_SP22,H1,a,a,658.9588435216116,1547.0632110399345,413.56575
e90f8e4d-Audio_SP22,H1,a,a,575.352118474031,1759.4142035457355,436.54775
e90f8e4d-Audio_SP22,H1,a,a,663.3507285529198,1550.6131443975314,436.76875
e90f8e4d-Audio_SP22,H1,a,a,614.4286325962915,1440.6710588172705,437.07375
e90f8e4d-Audio_SP22,H1,a,a,653.3003962260176,1543.3981689676712,437.81875
e90f8e4d-Audio_SP22,H1,a,a,651.0770414745717,1518.4286616083527,438.29575
e90f8e4d-Audio_SP22,H1,a,a,766.3952146021493,1450.5742539454031,439.38075
e90f8e4d-Audio_SP22,H1,a,a,809.2379723867685,1445.761459172973,443.55975
e90f8e4d-Audio_SP22,H1,a,a,701.798735783746,1584.065399769701,453.36575
e90f8e4d-Audio_SP22,H1,a,a,676.7796780303768,1534.7888591507087,475.71275
e90f8e4d-Audio_SP22,H1,a,a,609.965575606107,1587.850447821913,476.68875
e90f8e4d-Audio_SP22,H1,a,a,642.4422778818358,1321.544288089528,477.49775
e90f8e4d-Audio_SP22,H1,a,a,587.0936140167952,1274.4562983222468,480.14375
e90f8e4d-Audio_SP22,H1,a,a,609.9700479241908,1579.7299079078412,480.32775
e90f8e4d-Audio_SP22,H1,a,a,651.5554174605232,1473.0367176917032,480.79575
e90f8e4d-Audio_SP22,H1,a,a,587.8739856734151,1514.9978394498082,480.93275000000006
e90f8e4d-Audio_SP22,H1,a,a,568.8734030237208,1755.8032806296785,481.09275
e90f8e4d-Audio_SP22,H1,a,a,489.8357918938457,1951.313544785373,482.08275
e90f8e4d-Audio_SP22,H1,a,a,624.165784838276,1175.168632213745,482.66375
e90f8e4d-Audio_SP22,H1,a,a,586.398873004908,2062.329198089613,482.85275
e90f8e4d-Audio_SP22,H1,a,a,632.6633849568424,1522.6923571833747,484.59575
e90f8e4d-Audio_SP22,H1,a,a,675.9573638925295,1552.0958647165971,486.00875
e90f8e4d-Audio_SP22,H1,a,a,694.945972447945,1274.4872384811254,491.35375
e90f8e4d-Audio_SP22,H1,a,a,625.0268018202017,1700.7498429582515,491.68275000000006
e90f8e4d-Audio_SP22,H1,a,a,681.6638676329836,1581.6724336549848,492.81875
e90f8e4d-Audio_SP22,H1,a,a,600.7850479664967,1497.3860430344475,492.96575
e90f8e4d-Audio_SP22,H1,a,a,619.1492947832251,1781.745614306181,493.15875
e90f8e4d-Audio_SP22,H1,a,a,620.3626605369279,1591.1929451706671,494.09875
e90f8e4d-Audio_SP22,H1,a,a,694.7010734673819,1508.7494206141428,494.99775
e90f8e4d-Audio_SP22,H1,a,a,616.7350287692999,1338.2192410503262,513.53575
e90f8e4d-Audio_SP22,H1,a,a,526.6498148285389,1748.846254551299,516.43375
e90f8e4d-Audio_SP22,H1,a,a,603.4135230047003,1289.135717710288,516.9757500000001
e90f8e4d-Audio_SP22,H1,a,a,582.613169829595,1440.288278394402,526.57375
e90f8e4d-Audio_SP22,H1,a,a,537.0400132419435,1842.500319162608,528.13775
e90f8e4d-Audio_SP22,H1,a,a,456.7430924683765,1660.8419553767244,528.52575
e90f8e4d-Audio_SP22,H1,a,a,609.5156943877008,1548.5909854064066,530.1927499999999
e90f8e4d-Audio_SP22,H1,a,a,640.9503705667594,1400.492620311352,533.7637500000001
e90f8e4d-Audio_SP22,H1,a,a,620.0919997269158,1276.863900354031,545.07575
e90f8e4d-Audio_SP22,H1,a,a,622.9762023077832,1457.9210738524885,547.67375
e90f8e4d-Audio_SP22,H1,a,a,662.4734063891628,1326.9009816905675,548.15775
e90f8e4d-Audio_SP22,H1,a,a,630.6957102239961,1109.753399547811,550.3457500000001
e90f8e4d-Audio_SP22,H1,a,a,726.4860137098701,1577.9599108144332,554.23375
e90f8e4d-Audio_SP22,H1,a,a,671.3303887232344,1470.2840118156846,554.7137500000001
e90f8e4d-Audio_SP22,H1,a,a,670.7625517395912,1499.83680534394,557.29275
e90f8e4d-Audio_SP22,H1,a,a,632.2019541513333,1343.0368352510886,558.10775
e90f8e4d-Audio_SP22,H1,a,a,620.156927367826,1221.7092934502768,558.40575
e90f8e4d-Audio_SP22,H1,a,a,644.993157089958,1438.592638498615,558.83075
e90f8e4d-Audio_SP22,H1,a,a,747.9097686678913,1405.1560943989805,571.02575
e90f8e4d-Audio_SP22,H1,a,a,607.6595943253164,1441.888951023086,571.3387500000001
e90f8e4d-Audio_SP22,H1,a,a,632.231854306693,1269.8440646051065,579.20375
e90f8e4d-Audio_SP22,H1,a,a,644.3903295935966,1528.358540980942,579.6287500000001
e90f8e4d-Audio_SP22,H1,a,a,739.9135079139844,1422.017062512448,581.5827499999999
e90f8e4d-Audio_SP22,H1,a,a,674.7850695431742,1640.8434027672156,586.82875
e90f8e4d-Audio_SP22,H1,a,a,613.8610257302697,1440.4003065355791,594.76575
e90f8e4d-Audio_SP22,H1,a,a,573.6854218151555,1434.028184631184,610.7537500000001
e90f8e4d-Audio_SP22,H1,a,a,700.6000685636304,1449.6085893661996,610.94375
e90f8e4d-Audio_SP22,H1,a,a,736.4448719524825,1340.4289230391255,621.0837500000001
e90f8e4d-Audio_SP22,H1,a,a,695.858977083886,1448.5088365489437,635.27775
e90f8e4d-Audio_SP22,H1,a,a,739.5068159805421,1513.818420915257,638.1057500000001
e90f8e4d-Audio_SP22,H1,a,a,629.2829183327909,1244.945785310798,639.0187500000001
e90f8e4d-Audio_SP22,H1,a,a,616.261235583708,1452.119169854146,639.3507500000001
e90f8e4d-Audio_SP22,H1,a,a,669.9218741832568,1469.5985226676653,640.80575
e90f8e4d-Audio_SP22,H1,a,a,611.7732074693151,1518.874336661412,664.7737500000001
e90f8e4d-Audio_SP22,H1,a,a,647.9775779664242,1498.951933709257,701.17275
e90f8e4d-Audio_SP22,H1,a,a,901.7546209583056,1562.7938107265031,701.67575
e90f8e4d-Audio_SP22,H1,a,a,637.0894268635723,1511.960887465841,702.0837500000001
e90f8e4d-Audio_SP22,H1,a,a,623.7699197425483,1718.0544795428218,710.7257500000001
e90f8e4d-Audio_SP22,H1,a,a,651.9378468584179,1549.989681750471,712.99775
e90f8e4d-Audio_SP22,H1,a,a,594.2851217775219,1421.1326044750906,716.44875
e90f8e4d-Audio_SP22,H1,a,a,585.6988371648401,1291.4859103596452,716.77075
e90f8e4d-Audio_SP22,H1,a,a,603.8970050684125,1462.7320333236564,717.1007500000001
e90f8e4d-Audio_SP22,H1,a,a,601.7064432697531,1349.023472275537,717.76575
e90f8e4d-Audio_SP22,H1,a,a,581.666638693824,1534.2796270318734,718.16375
e90f8e4d-Audio_SP22,H1,a,a,546.6000744523569,1661.521597054187,722.0937500000001
e90f8e4d-Audio_SP22,H1,a,a,624.2621564182749,1682.22074430862,723.25775
e90f8e4d-Audio_SP22,H1,a,a,595.9254296932877,1669.4561051259395,728.2387500000001
e90f8e4d-Audio_SP22,H1,a,a,735.6091244748342,1405.260981512482,728.50075
e90f8e4d-Audio_SP22,H1,a,a,566.1249531631959,1479.0725119679869,754.03375
e90f8e4d-Audio_SP22,H1,a,a,695.3515388251002,1148.312436673357,767.4587500000001
e90f8e4d-Audio_SP22,H1,a,a,574.6652206169008,1714.7265007635092,768.58775
e90f8e4d-Audio_SP22,H1,a,a,673.9325414484895,2507.7738575647227,770.13275
e90f8e4d-Audio_SP22,H1,a,a,556.5192912809226,1627.2755432952354,772.42875
e90f8e4d-Audio_SP22,H1,a,a,584.3442594241029,1550.4711504504694,772.6927499999999
e90f8e4d-Audio_SP22,H1,a,a,626.6448736899606,1393.9204073888316,788.26275
e90f8e4d-Audio_SP22,H1,a,a,603.6894794739202,802.7529156311791,790.3437499999999
e90f8e4d-Audio_SP22,H1,a,a,650.2838324070476,1079.3024352558105,791.69375
e90f8e4d-Audio_SP22,H1,a,a,615.524385393065,1621.792064360866,792.6057500000001
e90f8e4d-Audio_SP22,H1,a,a,580.110305717056,1668.74775178039,808.92375
e90f8e4d-Audio_SP22,H1,a,a,799.4494298968581,1329.337853475709,812.68875
e90f8e4d-Audio_SP22,H1,a,a,730.0484668459301,1474.4111250188375,813.1037500000001
e90f8e4d-Audio_SP22,H1,a,a,612.1876005516444,1101.5931391956,814.05575
e90f8e4d-Audio_SP22,H1,a,a,655.4571915733136,1355.94621241769,814.16275
e90f8e4d-Audio_SP22,H1,a,a,608.1873880738053,1671.444305156469,814.4327499999999
e90f8e4d-Audio_SP22,H1,a,a,781.806567276114,1194.3654702789977,825.57875
e90f8e4d-Audio_SP22,H1,a,a,621.1925731013737,1464.7239660197558,826.05275
e90f8e4d-Audio_SP22,H1,a,a,463.1423521118153,1651.7386691949446,829.30375
e90f8e4d-Audio_SP22,H1,a,a,655.0798320627722,1310.425507208557,851.10775
e90f8e4d-Audio_SP22,H1,a,a,666.222552972284,1481.784293323513,853.41575
e90f8e4d-Audio_SP22,H1,a,a,623.6627802070049,1689.8423738267888,869.10775
e90f8e4d-Audio_SP22,H1,a,a,769.9204302185449,1427.6460210477142,871.1487500000001
e90f8e4d-Audio_SP22,H1,a,a,629.6896447704297,1078.7032920124927,871.63575
e90f8e4d-Audio_SP22,H1,a,a,715.05202814706,1193.1942013646649,871.78275
e90f8e4d-Audio_SP22,H1,a,a,663.7484286888963,1326.160412661986,872.06075
e90f8e4d-Audio_SP22,H1,a,a,680.0255076446723,1304.5479877646385,872.9427499999999
e90f8e4d-Audio_SP22,H1,a,a,687.9820086157437,1686.5798172758066,879.16875
e90f8e4d-Audio_SP22,H1,a,a,585.007003333486,1402.906315519066,880.64575
e90f8e4d-Audio_SP22,H1,a,a,662.7082130585567,1168.5298930295328,883.1827499999999
e90f8e4d-Audio_SP22,H1,a,a,720.7247175494899,1182.4248748247144,883.3327499999999
e90f8e4d-Audio_SP22,H1,a,a,667.7738994081503,1666.4573338014395,883.59275
e90f8e4d-Audio_SP22,H1,a,a,566.7441415961019,1798.7732150443344,885.41275
e90f8e4d-Audio_SP22,H1,a,a,745.4796912527007,1379.6615112573777,885.64375
e90f8e4d-Audio_SP22,H1,a,a,697.8390578809586,1457.3330059655011,885.8687500000001
e90f8e4d-Audio_SP22,H1,a,a,656.1870828234178,1697.777903798161,886.16575
e90f8e4d-Audio_SP22,H1,a,a,809.5063777593358,1475.7779675426643,886.3177499999999
e90f8e4d-Audio_SP22,H1,a,a,646.7100134926905,1612.3221158315707,887.93575
e90f8e4d-Audio_SP22,H1,a,a,704.1274243383072,1503.4368347258269,894.5477500000001
e90f8e4d-Audio_SP22,H1,a,a,673.9961704382322,1115.2286296315,896.17075
e90f8e4d-Audio_SP22,H1,a,a,701.9707890103178,1209.240624825893,896.3077499999999
e90f8e4d-Audio_SP22,H1,a,a,654.1462481046374,1594.9470904973982,899.43375
e90f8e4d-Audio_SP22,H1,a,a,643.205264872084,1413.9362696358355,901.65575
e90f8e4d-Audio_SP22,H1,a,a,655.795153440938,1073.5805227915398,901.76275
e90f8e4d-Audio_SP22,H1,a,a,919.911340702739,1449.283496551952,921.69775
e90f8e4d-Audio_SP22,H1,a,a,720.4618484803601,1475.620646907788,921.77375
e90f8e4d-Audio_SP22,H1,a,a,609.2711720493548,1831.453773698437,923.36775
e90f8e4d-Audio_SP22,H1,a,a,643.9088798625166,1618.7604260837177,924.85575
e90f8e4d-Audio_SP22,H1,a,a,551.1140312443127,1519.704513546895,925.59075
e90f8e4d-Audio_SP22,H1,a,a,607.4438057159158,1688.7222522125746,926.00875
e90f8e4d-Audio_SP22,H1,a,a,588.9918120959902,1674.0181396541814,926.81375
e90f8e4d-Audio_SP22,H1,a,a,701.208735076602,1381.6206585080913,927.09775
e90f8e4d-Audio_SP22,H1,a,a,639.4029628213063,1443.8463950693151,927.41075
e90f8e4d-Audio_SP22,H1,a,a,640.5220762005221,1546.0331461647052,927.81075
e90f8e4d-Audio_SP22,H1,a,a,731.5269513836495,1436.826807762025,930.62875
e90f8e4d-Audio_SP22,H1,a,a,696.8308747474866,1348.2099673979938,946.87875
e90f8e4d-Audio_SP22,H1,a,a,573.3474771030268,974.6155176134996,956.38875
e90f8e4d-Audio_SP22,H1,a,a,567.4788504144894,1939.4651166203769,966.96375
e90f8e4d-Audio_SP22,H1,a,a,656.9684500693483,1023.1213933448366,967.45775
e90f8e4d-Audio_SP22,H1,a,a,655.7241100621429,2223.6390487145527,967.72875
e90f8e4d-Audio_SP22,H1,a,a,637.9396511798732,1804.0723747942684,968.84575
e90f8e4d-Audio_SP22,H1,a,a,642.988113461088,1559.345914196387,972.72075
e90f8e4d-Audio_SP22,H1,a,a,705.6627656051656,1608.8207910274102,973.03875
e90f8e4d-Audio_SP22,H1,a,a,625.4546688969256,1030.8394962509983,974.07875
e90f8e4d-Audio_SP22,H1,a,a,709.347093012289,1579.4805776176188,979.27375
e90f8e4d-Audio_SP22,H1,a,a,617.5219744653409,1375.72564372192,1005.96275
e90f8e4d-Audio_SP22,H1,a,a,720.4870062370242,1522.1598977636984,1009.69375
e90f8e4d-Audio_SP22,H1,a,a,703.6682503288041,1338.7813960714109,1009.98275
e90f8e4d-Audio_SP22,H1,a,a,624.908477404945,1582.0128948062782,1011.92275
e90f8e4d-Audio_SP22,H1,a,a,618.2236090470359,1742.3471230046507,1012.14775
e90f8e4d-Audio_SP22,H1,a,a,612.4256103922919,1566.9766280844844,1012.73375
e90f8e4d-Audio_SP22,H1,a,a,624.1325339269918,1714.7440835310113,1014.07275
e90f8e4d-Audio_SP22,H1,a,a,869.2916351107957,1527.4012834876305,1017.44875
e90f8e4d-Audio_SP22,H1,a,a,789.9931106913472,1413.5231368337606,1017.83075
e90f8e4d-Audio_SP22,H1,a,a,634.3160981260061,1501.8691601422372,1026.37775
e90f8e4d-Audio_SP22,H1,a,a,506.1451391048152,1479.6879678395617,1026.6727499999995
e90f8e4d-Audio_SP22,H1,a,a,631.4220270196278,1537.5888546302192,1028.5737499999998
e90f8e4d-Audio_SP22,H1,a,a,473.075290305298,1704.4274638622787,1030.78575
e90f8e4d-Audio_SP22,H1,a,a,518.1655010970692,1698.8873689223135,1074.0827499999998
e90f8e4d-Audio_SP22,H1,a,a,684.817914706951,1545.150275974531,1074.28875
e90f8e4d-Audio_SP22,H1,a,a,688.6013431478938,1915.7441388815469,1074.48875
e90f8e4d-Audio_SP22,H1,a,a,629.7745609548064,1161.014332720304,1075.88575
e90f8e4d-Audio_SP22,H1,a,a,653.6849925108858,1562.1517890437688,1079.28775
e90f8e4d-Audio_SP22,H1,a,a,688.6837196515384,1847.444829020793,1079.60875
e90f8e4d-Audio_SP22,H1,a,a,644.5541453587887,1676.8810804573577,1080.35775
e90f8e4d-Audio_SP22,H1,a,a,532.1788327398194,1616.1613744721135,1082.01575
e90f8e4d-Audio_SP22,H1,a,a,550.5303812047439,1660.0871185705594,1085.82875
e90f8e4d-Audio_SP22,H1,a,a,634.468833773705,1490.6735006078627,1086.6387499999998
e90f8e4d-Audio_SP22,H1,a,a,640.1015747806033,1524.7252840979656,1090.47575
e90f8e4d-Audio_SP22,H1,a,a,704.724439144733,1508.245281889943,1096.4487500000002
e90f8e4d-Audio_SP22,H1,a,a,594.6082078773989,1635.3728245576428,1099.22575
e90f8e4d-Audio_SP22,H1,a,a,631.9512951448044,1574.331205153164,1099.3737499999995
e90f8e4d-Audio_SP22,H1,a,a,615.444715886306,1683.4246142491131,1099.5537499999998
e90f8e4d-Audio_SP22,H1,a,a,525.5698074234806,1645.356251883902,1103.16375
e90f8e4d-Audio_SP22,H1,a,a,601.6471055960087,1437.4879793227828,1103.72575
e90f8e4d-Audio_SP22,H1,a,a,651.879133205865,1528.7612721796413,1107.42575
e90f8e4d-Audio_SP22,H1,a,a,645.0461048869876,1279.8082631332593,1126.3827499999998
e90f8e4d-Audio_SP22,H1,a,a,532.9375849707429,1461.8514512563468,1126.6237499999995
e90f8e4d-Audio_SP22,H1,a,a,487.0515910298306,1965.235462322752,1127.3627499999998
e90f8e4d-Audio_SP22,H1,a,a,559.0395054040715,1533.5868669342944,1131.1037499999998
e90f8e4d-Audio_SP22,H1,a,a,756.3797363409917,1538.3175585870092,1178.70375
e90f8e4d-Audio_SP22,H1,a,a,579.0906575003938,1709.9137758640843,1179.08575
e90f8e4d-Audio_SP22,H1,a,a,681.0381628285294,1531.7928171972983,1183.22275
e90f8e4d-Audio_SP22,H1,a,a,646.1706049615578,1513.074817222737,1183.3837499999995
e90f8e4d-Audio_SP22,H1,a,a,446.1173268169873,1333.8132551853091,1183.64375
e90f8e4d-Audio_SP22,H1,a,a,633.7344432254483,1393.774573765397,1188.20375
e90f8e4d-Audio_SP22,H1,a,a,589.364735304105,1760.8691789271138,1188.3337499999998
e90f8e4d-Audio_SP22,H1,a,a,688.6693105816793,1253.7555250394992,1188.40375
e90f8e4d-Audio_SP22,H1,a,a,631.2807432730849,2140.9858786575423,1188.8137499999998
e90f8e4d-Audio_SP22,H1,a,a,624.544937721226,1158.127409562956,1192.1237499999995
e90f8e4d-Audio_SP22,H1,a,a,592.5721435440244,1480.0728999172154,1192.87575
e90f8e4d-Audio_SP22,H1,a,a,632.7447039648628,1437.0246848492964,1215.5927499999998
e90f8e4d-Audio_SP22,H1,a,a,615.8219828028442,1172.30435590555,1216.43575
e90f8e4d-Audio_SP22,H1,a,a,664.7814660511422,1600.153089884867,1216.76875
e90f8e4d-Audio_SP22,H1,a,a,703.6288561482427,1239.9894708729073,1219.29575
e90f8e4d-Audio_SP22,H1,a,a,674.1205649066535,1333.6210522209376,1219.46575
e90f8e4d-Audio_SP22,H1,a,a,689.975047031918,1387.0255027744995,1219.59075
e90f8e4d-Audio_SP22,H1,a,a,644.6256803092842,1055.4675585071054,1220.20575
e90f8e4d-Audio_SP22,H1,a,a,619.2963364314966,1740.39887961352,1220.7637499999998
e90f8e4d-Audio_SP22,H1,a,a,619.2922235676568,1245.207856861764,1221.0637499999998
e90f8e4d-Audio_SP22,H1,a,a,657.552250072973,1306.0412358610906,1222.21575
e90f8e4d-Audio_SP22,H1,a,a,663.8725894448398,1419.438944609569,1222.3827499999998
e90f8e4d-Audio_SP22,H1,a,a,638.7117214037249,1767.3388207719406,1222.57075
e90f8e4d-Audio_SP22,H1,a,a,668.3620181108574,1596.3879061740504,1223.32875
e90f8e4d-Audio_SP22,H1,a,a,629.7672828046494,1537.1702826429337,1224.65775
e90f8e4d-Audio_SP22,H1,a,a,777.8754536220966,1426.1209649500906,1226.10775
e90f8e4d-Audio_SP22,H1,a,a,585.382326827516,1266.6037707147964,1227.36575
e90f8e4d-Audio_SP22,H1,a,a,665.4352160754127,1490.1217627627418,1232.5637499999998
e90f8e4d-Audio_SP22,H1,a,a,567.4056449353017,1093.2599575087274,1234.11775
e90f8e4d-Audio_SP22,H1,a,a,552.0972744768885,1901.6835438701985,1235.21375
e90f8e4d-Audio_SP22,H1,a,a,649.0189237588025,1413.243479828598,1236.14775
e90f8e4d-Audio_SP22,H1,a,a,600.5674536588931,1115.4157114744264,1237.18575
e90f8e4d-Audio_SP22,H1,a,a,683.7908774344011,1095.6181026691163,1237.63775
e90f8e4d-Audio_SP22,H1,a,a,753.3034796230413,1203.3567337313527,1237.7927499999998
e90f8e4d-Audio_SP22,H1,a,a,756.7166280219205,1409.5855324798267,1244.20775
e90f8e4d-Audio_SP22,H1,a,a,672.0481618980467,1358.6687533776162,1245.3537499999998
e90f8e4d-Audio_SP22,H1,a,a,586.4894734029849,1701.1843828969736,1245.75375
e90f8e4d-Audio_SP22,H1,a,a,669.200295223086,1440.3026286336867,1246.33075
e90f8e4d-Audio_SP22,H1,a,a,670.031461854194,1480.914204638365,1248.40775
e90f8e4d-Audio_SP22,H1,a,a,810.6331243436258,1304.0959004040153,1249.86775
e90f8e4d-Audio_SP22,H1,a,a,823.2116326892536,1340.4164698095196,1250.93575
e90f8e4d-Audio_SP22,H1,a,a,676.2924001103792,1384.856138661411,1252.00575
e90f8e4d-Audio_SP22,H1,a,a,644.186519268874,1518.5509016988044,1253.68575
e90f8e4d-Audio_SP22,H1,a,a,663.8454252020135,1482.8249068804964,1254.10575
e90f8e4d-Audio_SP22,H1,a,a,942.729885815678,1429.4739439176678,1259.24375
e90f8e4d-Audio_SP22,H1,a,a,651.8136678268315,1538.5594305876157,1260.58075
e90f8e4d-Audio_SP22,H1,a,a,678.6809317394885,1153.4522159154922,1262.3137499999998
e90f8e4d-Audio_SP22,H1,a,a,660.0604136508027,1163.339661303458,1263.10575
e90f8e4d-Audio_SP22,H1,a,a,639.6288198250122,1573.4497760466306,1264.5637499999998
e90f8e4d-Audio_SP22,H1,a,a,772.9609887310431,1421.0095633480596,1264.7507500000002
e90f8e4d-Audio_SP22,H1,a,a,683.3246436857937,1326.9503013030512,1266.94375
e90f8e4d-Audio_SP22,H1,a,a,721.9508264492194,1221.8140712472093,1267.09075
e90f8e4d-Audio_SP22,H1,a,a,736.5420774077435,1426.7963458285992,1267.3837499999995
e90f8e4d-Audio_SP22,H1,a,a,675.0558459665114,1293.0022340595065,1268.42575
e90f8e4d-Audio_SP22,H1,a,a,779.2966815455761,1538.73523321839,1278.12075
e90f8e4d-Audio_SP22,H1,a,a,679.8461304605133,1486.6235975689417,1281.6137499999998
e90f8e4d-Audio_SP22,H1,a,a,753.6515004970762,1251.3625988302304,1281.74775
e90f8e4d-Audio_SP22,H1,a,a,740.5605053841118,1562.8488456264547,1283.45875
e90f8e4d-Audio_SP22,H1,a,a,722.8393231716358,1479.1049692030022,1285.31775
e90f8e4d-Audio_SP22,H1,a,a,636.3642206711431,1655.1498734023432,1288.0537499999998
e90f8e4d-Audio_SP22,H1,a,a,564.9579136649817,1718.474583738626,1300.93375
e90f8e4d-Audio_SP22,H1,a,a,651.5489361468065,1625.427846655242,1301.50375
e90f8e4d-Audio_SP22,H1,a,a,678.3843085595731,1467.8899995324969,1302.0737499999998
e90f8e4d-Audio_SP22,H1,a,a,657.2012879191745,1223.176972279812,1302.2837499999998
e90f8e4d-Audio_SP22,H1,a,a,691.9918679106676,1484.3633349625998,1302.68875
e90f8e4d-Audio_SP22,H1,a,a,680.0131431925502,1459.3794085755665,1305.00775
e90f8e4d-Audio_SP22,H1,a,a,770.6953096150233,1409.9984988610904,1305.18375
e90f8e4d-Audio_SP22,H1,a,a,738.5219666430055,1565.0765675299374,1305.61875
e90f8e4d-Audio_SP22,H1,a,a,640.9139798851035,1456.1571804754,1306.1337499999995
e90f8e4d-Audio_SP22,H1,a,a,714.9050393974527,1508.7530049527995,1306.67875
e90f8e4d-Audio_SP22,H1,a,a,722.8961020418864,2441.3067686282325,1308.4707500000002
e90f8e4d-Audio_SP22,H1,a,a,755.2087278402497,1182.7328563546755,1309.34075
e90f8e4d-Audio_SP22,H1,a,a,668.5757629105678,1071.0601294164817,1309.67375
e90f8e4d-Audio_SP22,H1,a,a,618.4756040540303,1036.1000565147212,1310.56875
e90f8e4d-Audio_SP22,H1,a,a,761.4675713431013,1161.5294726466825,1310.69575
e90f8e4d-Audio_SP22,H1,a,a,625.56318559659,1073.0235888629045,1315.93775
e90f8e4d-Audio_SP22,H1,a,a,541.9771787287337,1042.6774356658034,1316.68875
e90f8e4d-Audio_SP22,H1,a,a,627.6556551909991,1436.025385869167,1318.28575
e90f8e4d-Audio_SP22,H1,a,a,668.2623627735013,1476.1612542525595,1318.49875
e90f8e4d-Audio_SP22,H1,a,a,781.1216003625312,1505.21253103372,1331.85575
e90f8e4d-Audio_SP22,H1,a,a,610.8043710865876,1468.853524648585,1332.14775
e90f8e4d-Audio_SP22,H1,a,a,705.9394996211787,1139.3188026541625,1332.58575
e90f8e4d-Audio_SP22,H1,a,a,526.8158826246835,1775.565459051549,1334.32575
e90f8e4d-Audio_SP22,H1,a,a,807.3153622435201,1464.4890742598627,1348.84775
e90f8e4d-Audio_SP22,H1,a,a,388.6596644029302,1321.5631445011195,1349.24375
e90f8e4d-Audio_SP22,H1,a,a,710.3325535493159,1380.5033060952546,1353.75575
e90f8e4d-Audio_SP22,H1,a,a,856.7376560600023,1254.6121396708834,1353.89575
e90f8e4d-Audio_SP22,H1,a,a,705.9945758282985,1222.186618747712,1391.06575
e90f8e4d-Audio_SP22,H1,a,a,726.4070856945201,1212.1102781346506,1391.6327499999998
e90f8e4d-Audio_SP22,H1,a,a,592.5601908226641,1308.5659504740615,1394.58875
e90f8e4d-Audio_SP22,H1,a,a,525.224827974081,1423.0557601285022,1395.01575
e90f8e4d-Audio_SP22,H1,a,a,807.2762260692162,1389.1447943801527,1396.92375
e90f8e4d-Audio_SP22,H1,a,a,658.2903663201735,1339.9565127351557,1417.22375
e90f8e4d-Audio_SP22,H2,a,a,564.483445748585,1615.1148040128307,1417.5727499999998
e90f8e4d-Audio_SP22,H2,a,a,588.6589000495532,1638.3621334279132,1418.52275
e90f8e4d-Audio_SP22,H2,a,a,424.3527874244418,901.6460853600496,1421.51575
e90f8e4d-Audio_SP22,H2,a,a,599.2115987970981,1731.2692771638576,1422.19775
e90f8e4d-Audio_SP22,H2,a,a,654.8287606852646,1316.0025794205694,1437.22775
e90f8e4d-Audio_SP22,H2,a,a,641.0289698713061,1698.633284042202,1438.84875
e90f8e4d-Audio_SP22,H2,a,a,795.4412503414002,1377.9631947267414,1439.2087500000002
e90f8e4d-Audio_SP22,H2,a,a,630.1659654183485,1993.0066807020944,1439.6027499999998
e90f8e4d-Audio_SP22,H2,a,a,710.023401536477,1556.399415693725,1441.70775
e90f8e4d-Audio_SP22,H2,a,a,711.3769930421124,1547.2383876224435,1443.5927499999998
e90f8e4d-Audio_SP22,H2,a,a,868.4849975061232,1684.6897388650111,1459.8837499999995
e90f8e4d-Audio_SP22,H2,a,a,652.9318746287198,1669.9103796310555,1462.00575
e90f8e4d-Audio_SP22,H2,a,a,709.7309257679289,1237.1986047404785,1464.06875
e90f8e4d-Audio_SP22,H2,a,a,793.7681806588597,1210.5679314714878,1467.30375
e90f8e4d-Audio_SP22,H2,a,a,717.2368556663383,1638.0596091938098,1472.93275
e90f8e4d-Audio_SP22,H2,a,a,816.0487817611671,1291.923831738936,1474.18775
e90f8e4d-Audio_SP22,H2,a,a,637.0261714145718,1178.2155874855553,1474.62775
e90f8e4d-Audio_SP22,H2,a,a,670.1025520179752,1539.5871952061775,1475.91575
e90f8e4d-Audio_SP22,H2,a,a,646.0430689994799,1825.8176848600856,1479.3937499999995
e90f8e4d-Audio_SP22,H2,a,a,562.2946992323936,1938.247572398782,1480.5437499999998
e90f8e4d-Audio_SP22,H2,a,a,649.5825578823368,1588.3702352448674,1480.8627499999998
e90f8e4d-Audio_SP22,H2,a,a,659.9322109417355,1428.2513252928943,1481.78775
e90f8e4d-Audio_SP22,H2,a,a,629.2016162772768,1665.625392967117,1482.38775
e90f8e4d-Audio_SP22,H2,a,a,630.6171301462554,922.5979967602644,1482.65275
e90f8e4d-Audio_SP22,H2,a,a,697.6753822159217,1551.937027995691,1484.20875
e90f8e4d-Audio_SP22,H2,a,a,756.0524116312164,1468.184813597056,1485.16375
e90f8e4d-Audio_SP22,H2,a,a,727.3018284649785,1554.0673430920508,1490.76575
e90f8e4d-Audio_SP22,H2,a,a,760.7469719403837,1333.2506881303157,1492.3537499999998
e90f8e4d-Audio_SP22,H2,a,a,709.330215574639,1321.4888626393267,1493.02875
e90f8e4d-Audio_SP22,H2,a,a,651.4833624706943,1357.4009046212734,1493.4607500000002
e90f8e4d-Audio_SP22,H2,a,a,684.6706993001638,1342.3090293216064,1495.3527499999998
e90f8e4d-Audio_SP22,H2,a,a,677.5814994514146,1453.6442890032256,1495.57875
e90f8e4d-Audio_SP22,H2,a,a,776.2207234943936,1352.5015146467915,1495.92575
e90f8e4d-Audio_SP22,H2,a,a,783.941865456386,1450.4771997490673,1502.2007500000002
e90f8e4d-Audio_SP22,H2,a,a,701.6960234856177,1030.8679579657808,1503.82475
e90f8e4d-Audio_SP22,H2,a,a,639.7598577072242,1479.0815540425008,1519.00375
e90f8e4d-Audio_SP22,H2,a,a,698.5384905940595,1696.2058318152729,1519.23375
e90f8e4d-Audio_SP22,H2,a,a,771.7044276723465,1194.695274972133,1519.84875
e90f8e4d-Audio_SP22,H2,a,a,765.073292524596,1315.3390232755144,1520.21275
e90f8e4d-Audio_SP22,H2,a,a,589.6256927275471,1115.0037987083838,1520.57575
e90f8e4d-Audio_SP22,H2,a,a,664.7050275594404,1170.361937706729,1524.35875
e90f8e4d-Audio_SP22,H2,a,a,668.8965849447804,1468.5554461267304,1525.0837499999998
e90f8e4d-Audio_SP22,H2,a,a,542.6445944261606,854.2485445012713,1535.8837499999995
e90f8e4d-Audio_SP22,H2,a,a,528.4635297737768,1788.745855508075,1538.37075
e90f8e4d-Audio_SP22,H2,a,a,692.1661651074816,1524.184114379124,1539.87575
e90f8e4d-Audio_SP22,H2,a,a,916.50774846839,1658.1601644513785,1569.01375
e90f8e4d-Audio_SP22,H2,a,a,662.3705711588497,1376.010277591079,1574.64575
e90f8e4d-Audio_SP22,H2,a,a,897.6255438058877,1294.855362724115,1576.75875
e90f8e4d-Audio_SP22,H2,a,a,784.0847484228043,1386.639715238808,1578.46275
e90f8e4d-Audio_SP22,H2,a,a,639.799670723286,1132.4284392193083,1581.3137499999998
e90f8e4d-Audio_SP22,H2,a,a,739.4037698951325,1650.5999297490828,1588.0007500000002
e90f8e4d-Audio_SP22,H2,a,a,674.1898535156455,1585.756071876435,1588.18575
e90f8e4d-Audio_SP22,H2,a,a,704.6948329935796,1507.3816823624245,1591.86875
e90f8e4d-Audio_SP22,H2,a,a,623.3117847185275,1386.7638459259765,1593.14375
e90f8e4d-Audio_SP22,H2,a,a,557.9848114403618,1436.328855118883,1594.38575
e90f8e4d-Audio_SP22,H2,a,a,524.0769225569427,2184.106728122664,1595.5637499999998
e90f8e4d-Audio_SP22,H2,a,a,691.5354717780082,1210.238160873966,1595.9427500000002
e90f8e4d-Audio_SP22,H2,a,a,609.3037866726226,1354.9265271491083,1600.6327499999998
e90f8e4d-Audio_SP22,H2,a,a,605.0037963447269,1415.9893338143777,1600.81875
e90f8e4d-Audio_SP22,H2,a,a,618.9840288693638,1532.2643239215156,1601.10775
e90f8e4d-Audio_SP22,H2,a,a,797.790057635125,1339.91826633317,1605.05075
e90f8e4d-Audio_SP22,H2,a,a,752.81296052479,1271.023607619743,1616.00775
e90f8e4d-Audio_SP22,H2,a,a,660.6935551975693,1382.6160226881366,1616.46375
e90f8e4d-Audio_SP22,H2,a,a,653.930290295591,1411.8074807844291,1633.75375
e90f8e4d-Audio_SP22,H2,a,a,620.4808507135219,1197.8371847004842,1635.54775
e90f8e4d-Audio_SP22,H2,a,a,808.814150917062,1338.9485301424952,1636.17375
e90f8e4d-Audio_SP22,H2,a,a,638.8305627991513,1455.051137962374,1646.04775
e90f8e4d-Audio_SP22,H2,a,a,742.7157063223426,1622.2878981286497,1648.48375
e90f8e4d-Audio_SP22,H2,a,a,736.7252811808443,1431.5799591380487,1659.02575
e90f8e4d-Audio_SP22,H2,a,a,739.7607668758592,1389.1429104116537,1659.20775
e90f8e4d-Audio_SP22,H2,a,a,638.4328374208008,1704.087454394155,1659.42875
e90f8e4d-Audio_SP22,H2,a,a,558.1472185988076,1024.8355532260334,1659.93375
e90f8e4d-Audio_SP22,H2,a,a,721.9972261014317,1265.3573881093057,1660.95375
e90f8e4d-Audio_SP22,H2,a,a,535.4897907166564,1583.4510167889985,1685.6807500000002
e90f8e4d-Audio_SP22,H2,a,a,671.906609878429,1436.6193896602836,1687.68575
e90f8e4d-Audio_SP22,H2,a,a,770.9390516076223,1439.9871087413312,1687.86775
e90f8e4d-Audio_SP22,H2,a,a,770.5447866436891,1541.3063858684766,1689.70775
e90f8e4d-Audio_SP22,H2,a,a,830.8460338199736,1415.885828980699,1691.62375
e90f8e4d-Audio_SP22,H2,a,a,491.5751351749592,876.4281865288796,1692.07575
e90f8e4d-Audio_SP22,H2,a,a,788.0497067196667,1337.3711216441743,1692.6227499999998
e90f8e4d-Audio_SP22,H2,a,a,566.5918803458607,1835.9695445314428,1721.19875
e90f8e4d-Audio_SP22,H2,a,a,766.882412351962,1699.354663691967,1723.72875
e90f8e4d-Audio_SP22,H2,a,a,731.289164006347,1122.3439947704314,1761.24875
e90f8e4d-Audio_SP22,H2,a,a,551.3683311927026,1067.122584930495,1769.46375
e90f8e4d-Audio_SP22,H2,a,a,605.1921275769416,1228.6075434991037,1782.7837499999998
e90f8e4d-Audio_SP22,H2,a,a,475.7335825862155,1383.7224022155988,1784.1227499999998
e90f8e4d-Audio_SP22,H2,a,a,469.380500495512,821.641567395579,1784.5337499999998
e90f8e4d-Audio_SP22,H2,a,a,805.6949325330803,1508.7714811364112,1787.25775
e90f8e4d-Audio_SP22,H2,a,a,818.4819364277064,1245.0152832231593,1787.40775
e90f8e4d-Audio_SP22,H2,a,a,819.1923970358082,1456.2977807910331,1789.09775
e90f8e4d-Audio_SP22,H2,a,a,514.6648285974188,1593.2713936842956,1792.62575
e90f8e4d-Audio_SP22,H2,a,a,675.0764856061965,1769.7232561711198,1793.49775
e90f8e4d-Audio_SP22,H2,a,a,618.6980562670363,1798.000156035451,1793.72875
e90f8e4d-Audio_SP22,H2,a,a,367.3179631013508,1167.70892614801,1796.05775
e90f8e4d-Audio_SP22,H2,a,a,792.046075146426,1197.0293766236748,1797.73375
e90f8e4d-Audio_SP22,H2,a,a,610.7511624512575,1334.0443071879424,1804.00375
e90f8e4d-Audio_SP22,H2,a,a,951.2286900406704,1338.6648826514322,1806.71775
e90f8e4d-Audio_SP22,H2,a,a,674.3309338972707,1600.9316574624245,1808.40375
e90f8e4d-Audio_SP22,H2,a,a,670.789434297834,2005.159213331544,1820.64775
e90f8e4d-Audio_SP22,H2,a,a,635.7588239199371,1360.6042260425077,1823.24575
e90f8e4d-Audio_SP22,H2,a,a,579.9432628804791,1377.4931624641304,1823.43575
e90f8e4d-Audio_SP22,H2,a,a,858.0522774438759,1325.5001609610035,1823.78075
e90f8e4d-Audio_SP22,H2,a,a,764.0971749823403,1643.8159653010146,1824.01775
e90f8e4d-Audio_SP22,H2,a,a,460.2343718580925,1125.447744771378,1824.25575
e90f8e4d-Audio_SP22,H2,a,a,588.4509165739202,1386.2973287555556,1828.62575
e90f8e4d-Audio_SP22,H2,a,a,605.9696510006276,1559.946232165362,1828.91875
e90f8e4d-Audio_SP22,H2,a,a,616.7536976843356,1853.3800137424328,1829.15375
e90f8e4d-Audio_SP22,H2,a,a,610.8673892031463,1339.4890265972915,1830.89775
e90f8e4d-Audio_SP22,H2,a,a,502.221539537371,1522.5409461492889,1834.59275
e90f8e4d-Audio_SP22,H2,a,a,598.8287188655398,1631.6464455717824,1878.34775
e90f8e4d-Audio_SP22,H2,a,a,492.5210978664271,1950.859716000116,1878.98275
e90f8e4d-Audio_SP22,H2,a,a,469.5689724898689,2294.0466232637086,1879.21875
e90f8e4d-Audio_SP22,H2,a,a,689.5265754223577,1568.648144472537,1885.03575
e90f8e4d-Audio_SP22,H2,a,a,610.9327349528045,1842.7838383217488,1885.21575
e90f8e4d-Audio_SP22,H2,a,a,636.5316444786315,964.6857536379812,1887.60375
e90f8e4d-Audio_SP22,H2,a,a,654.699043353538,1319.8264511821897,1888.04775
e90f8e4d-Audio_SP22,H2,a,a,728.8412774784259,975.5929023785772,1889.80775
e90f8e4d-Audio_SP22,H2,a,a,631.1229188784139,1324.8490517569096,1889.99575
e90f8e4d-Audio_SP22,H2,a,a,651.4047978895967,1710.9626244229298,1890.25875
e90f8e4d-Audio_SP22,H2,a,a,753.4824478861832,1462.5842238238768,1908.56275
e90f8e4d-Audio_SP22,H2,a,a,737.8312486210849,1264.775877409658,1908.72875
e90f8e4d-Audio_SP22,H2,a,a,721.6408647933937,1543.6697652197572,1909.62775
e90f8e4d-Audio_SP22,H2,a,a,606.5086691867924,1785.2905293086362,1910.34375
e90f8e4d-Audio_SP22,H2,a,a,760.2524033816908,1635.7198812708486,1910.56775
e90f8e4d-Audio_SP22,H2,a,a,613.280112311726,1994.2304625006025,1910.80575
e90f8e4d-Audio_SP22,H2,a,a,731.8308480788702,1635.5302732323494,1917.52875
e90f8e4d-Audio_SP22,H2,a,a,648.0468496709271,1914.176760276599,1917.79575
e90f8e4d-Audio_SP22,H2,a,a,710.4063732760413,1652.622518125666,1923.04375
e90f8e4d-Audio_SP22,H2,a,a,650.309921990975,1627.5816684515808,1937.23775
e90f8e4d-Audio_SP22,H2,a,a,604.0404705036982,1232.7248128207982,1964.61375
e90f8e4d-Audio_SP22,H2,a,a,823.9494327007811,1354.2107547896774,1965.02275
e90f8e4d-Audio_SP22,H2,a,a,887.796027550023,1456.3797717679545,1965.22775
e90f8e4d-Audio_SP22,H2,a,a,799.4267819337953,1384.200710359657,1965.67575
e90f8e4d-Audio_SP22,H2,a,a,548.7418277792992,1254.4746305997207,1966.61575
e90f8e4d-Audio_SP22,H2,a,a,662.8876067683075,1513.657825502351,1967.75775
e90f8e4d-Audio_SP22,H2,a,a,679.7658148162146,1350.3718307370473,1967.88075
e90f8e4d-Audio_SP22,H2,a,a,673.5865077014855,1474.1585556440486,1968.36375
e90f8e4d-Audio_SP22,H2,a,a,629.577978833642,1514.5086095714537,1969.12575
e90f8e4d-Audio_SP22,H2,a,a,786.905591832864,1416.8150871113526,1973.08775
e90f8e4d-Audio_SP22,H2,a,a,782.7896101126197,1406.740351549888,1974.08075
e90f8e4d-Audio_SP22,H2,a,a,624.2836577318391,1538.3582997860592,2002.13775
e90f8e4d-Audio_SP22,H2,a,a,564.395292777571,1577.3002355484564,2006.06775
e90f8e4d-Audio_SP22,H2,a,a,593.8672544496259,1171.429503587221,2006.61275
e90f8e4d-Audio_SP22,H2,a,a,732.104149945259,1187.4673063758717,2007.08275
e90f8e4d-Audio_SP22,H2,a,a,745.5999346032994,1445.8543601996946,2009.59775
e90f8e4d-Audio_SP22,H2,a,a,775.8856397566514,1544.2545639127995,2011.81875
e90f8e4d-Audio_SP22,H2,a,a,668.707133235432,1605.2688465373603,2013.54275
e90f8e4d-Audio_SP22,H2,a,a,694.8923168150168,1430.4470904182365,2015.90275
e90f8e4d-Audio_SP22,H2,a,a,717.3739669386821,1240.2666949412628,2016.58375
e90f8e4d-Audio_SP22,H2,a,a,782.7225528922324,1525.1485732244869,2018.36275
e90f8e4d-Audio_SP22,H2,a,a,532.9225792244173,1616.6712736112866,2024.43375
e90f8e4d-Audio_SP22,H2,a,a,658.7385515865606,1642.7946399621303,2027.45275
e90f8e4d-Audio_SP22,H2,a,a,671.1496754928198,2518.734187552589,2028.81375
e90f8e4d-Audio_SP22,H2,a,a,734.2404482981583,1286.357951017325,2029.12575
e90f8e4d-Audio_SP22,H2,a,a,781.8608685547,1260.7541086359718,2029.75575
e90f8e4d-Audio_SP22,H2,a,a,580.6774009307735,1389.1259662268335,2030.34375
e90f8e4d-Audio_SP22,H2,a,a,735.7060678341768,1217.7255445202618,2040.07075
e90f8e4d-Audio_SP22,H2,a,a,559.1379614193181,2014.581635859602,2042.22575
e90f8e4d-Audio_SP22,H2,a,a,432.0903686191651,736.9455107736878,2042.88275
e90f8e4d-Audio_SP22,H2,a,a,629.0932847074369,1305.3760773997617,2047.07575
e90f8e4d-Audio_SP22,H2,a,a,415.4021675179209,788.1823885131331,2063.7627500000003
e90f8e4d-Audio_SP22,H2,a,a,660.0396300930453,1531.514040492019,2063.88375
e90f8e4d-Audio_SP22,H2,a,a,597.6654290009195,1556.021511881256,2068.96575
e90f8e4d-Audio_SP22,H2,a,a,578.1238288615082,1233.2089984480765,2074.9927500000003
e90f8e4d-Audio_SP22,H2,a,a,670.4284478544441,1265.966439021529,2092.46275
e90f8e4d-Audio_SP22,H2,a,a,670.9959052038384,1264.1155012617196,2110.7427500000003
e90f8e4d-Audio_SP22,H2,a,a,660.502097365864,1233.0590294619162,2111.60375
e90f8e4d-Audio_SP22,H2,a,a,618.4823334456125,2018.1931327923128,2117.02875
e90f8e4d-Audio_SP22,H2,a,a,585.5232290307158,1649.4878203388944,2118.23375
e90f8e4d-Audio_SP22,H2,a,a,819.1539880817762,1465.9939850640674,2122.10575
e90f8e4d-Audio_SP22,H2,a,a,662.0572489495457,1203.6659156014573,2122.7627500000003
e90f8e4d-Audio_SP22,H2,a,a,705.4460385400004,1413.331577052965,2122.90575
e90f8e4d-Audio_SP22,H2,a,a,732.2326564965878,1509.8443064028295,2123.8027500000003
e90f8e4d-Audio_SP22,H2,a,a,693.635161291598,1442.8282625868142,2129.63375
e90f8e4d-Audio_SP22,H2,a,a,790.0343718921267,1474.518933212178,2141.18875
e90f8e4d-Audio_SP22,H2,a,a,730.438172808734,1512.6890730294945,2142.43275
e90f8e4d-Audio_SP22,H2,a,a,768.1305271936081,1374.2343447302148,2143.15375
e90f8e4d-Audio_SP22,H2,a,a,805.2245335840321,1456.4151531512634,2146.30375
e90f8e4d-Audio_SP22,H2,a,a,712.5325141586993,1368.756750509564,2146.66375
e90f8e4d-Audio_SP22,H2,a,a,751.1575147966676,1503.1377875397498,2147.24875
e90f8e4d-Audio_SP22,H2,a,a,584.8926735872471,1851.674800961431,2150.60575
e90f8e4d-Audio_SP22,H2,a,a,647.9450969843532,1304.314327278766,2150.76875
e90f8e4d-Audio_SP22,H2,a,a,844.5850848410573,1483.9051425821622,2151.32375
e90f8e4d-Audio_SP22,H2,a,a,638.9691526598822,1393.0544236863734,2152.56575
e90f8e4d-Audio_SP22,H2,a,a,697.0373118261739,1476.64245412504,2153.00275
e90f8e4d-Audio_SP22,H2,a,a,693.6898261941761,1461.6836615063005,2153.79875
e90f8e4d-Audio_SP22,H2,a,a,778.5608820829164,1319.962845874342,2176.73275
e90f8e4d-Audio_SP22,H2,a,a,576.0347529131167,1739.192226303006,2178.24375
e90f8e4d-Audio_SP22,H2,a,a,676.4544746594074,2064.4365240741263,2211.22775
e90f8e4d-Audio_SP22,H2,a,a,749.5613526361245,1357.3863353336883,2215.0437500000003
e90f8e4d-Audio_SP22,H2,a,a,620.1492745144659,1377.5275993895625,2217.61375
e90f8e4d-Audio_SP22,H2,a,a,661.2969169296456,1373.1681950320278,2218.5237500000003
e90f8e4d-Audio_SP22,H2,a,a,753.4771851662438,1371.2847243164892,2239.08075
e90f8e4d-Audio_SP22,H2,a,a,749.5731193835427,1406.0494519223046,2242.25875
e90f8e4d-Audio_SP22,H2,a,a,593.623659103998,1293.6815301829097,2256.40375
e90f8e4d-Audio_SP22,H2,a,a,793.5240276239732,1587.663893529634,2272.61575
e90f8e4d-Audio_SP22,H2,a,a,641.7190241165617,1414.7064055354188,2289.9400000000005
e90f8e4d-Audio_SP22,H2,a,a,611.864647794404,1394.279048898292,2292.62875
e90f8e4d-Audio_SP22,H2,a,a,732.514199222965,1673.9583740947678,2336.52775
e90f8e4d-Audio_SP22,H2,a,a,629.8129664954506,1464.5833622529356,2338.13775
e90f8e4d-Audio_SP22,H2,a,a,574.7313682721979,1357.322758839388,2341.00375
e90f8e4d-Audio_SP22,H2,a,a,753.3927744422656,1788.9272576588248,2342.58575
e90f8e4d-Audio_SP22,H2,a,a,551.4013877047063,838.8946977736509,2345.0437500000003
e90f8e4d-Audio_SP22,H2,a,a,613.7116643769489,1036.4650138808408,2346.46275
e90f8e4d-Audio_SP22,H2,a,a,673.8932512421737,817.1435603888003,2347.64575
e90f8e4d-Audio_SP22,H2,a,a,648.1547330128642,1612.2260256732802,2348.07375
e90f8e4d-Audio_SP22,H2,a,a,658.1753832590362,1613.0243084204242,2353.8137500000003
e90f8e4d-Audio_SP22,H2,a,a,587.7728484797412,1582.611424909132,2353.99575
e90f8e4d-Audio_SP22,H2,a,a,680.1379120848771,1337.216969679367,2354.48075
e90f8e4d-Audio_SP22,H2,a,a,713.8043366737813,1177.5930804545665,2358.5637500000003
e90f8e4d-Audio_SP22,H2,a,a,635.6712058737521,1284.5767259007273,2363.68775
e90f8e4d-Audio_SP22,H2,a,a,473.9884335236637,723.8440810779905,2371.80375
e90f8e4d-Audio_SP22,H2,a,a,644.7540433680814,1157.4879424961375,2372.32075
e90f8e4d-Audio_SP22,H2,a,a,609.3089786819951,1012.194575358558,2373.67275
e90f8e4d-Audio_SP22,H2,a,a,527.4397811707818,2112.216257020983,2375.5437500000003
e90f8e4d-Audio_SP22,H2,a,a,753.9232429700711,1458.2894051933083,2376.5527500000003
e90f8e4d-Audio_SP22,H2,a,a,676.2472182040892,1622.4374996356366,2390.42075
e90f8e4d-Audio_SP22,H2,a,a,657.4122390768775,1309.3081182403027,2410.29775
e90f8e4d-Audio_SP22,H2,a,a,639.7004013409143,1250.4818528622184,2412.17575
e90f8e4d-Audio_SP22,H2,a,a,662.6293462927694,1597.292364673866,2415.0637500000003
e90f8e4d-Audio_SP22,H2,a,a,593.0602441335843,1358.7238001491835,2415.18775
e90f8e4d-Audio_SP22,H2,a,a,655.6582446794962,1080.9950204106522,2417.05775
e90f8e4d-Audio_SP22,H2,a,a,512.5027481057372,1776.8929123975463,2418.63375
e90f8e4d-Audio_SP22,H2,a,a,660.7587332327457,1346.8520971911655,2418.96775
e90f8e4d-Audio_SP22,H2,a,a,632.1565848554176,1456.158456326031,2419.12575
e90f8e4d-Audio_SP22,H2,a,a,690.280759843398,1506.1146191887938,2419.58075
e90f8e4d-Audio_SP22,H2,a,a,718.9088508110667,1623.7919514182115,2455.82575
e90f8e4d-Audio_SP22,H2,a,a,616.7410643551934,1120.8045063420468,2456.09375
e90f8e4d-Audio_SP22,H2,a,a,676.8170190047572,1231.6856448412425,2456.5437500000003
e90f8e4d-Audio_SP22,H2,a,a,657.0181532275587,967.443423545792,2456.9887499999995
e90f8e4d-Audio_SP22,H2,a,a,577.6827132310614,966.8747147592818,2459.04575
e90f8e4d-Audio_SP22,H2,a,a,649.680859289313,1458.343657103117,2499.48275
e90f8e4d-Audio_SP22,H2,a,a,707.3576710487579,1389.985080395601,2499.56075
e90f8e4d-Audio_SP22,H2,a,a,688.5168820773054,1355.0185971527333,2504.24575
e90f8e4d-Audio_SP22,H2,a,a,752.8523313254734,1337.419080159259,2504.40275
e90f8e4d-Audio_SP22,H2,a,a,711.1527622415363,1550.0880495297558,2504.64775
e90f8e4d-Audio_SP22,H2,a,a,647.1454068584547,1365.983427910479,2505.00375
e90f8e4d-Audio_SP22,H2,a,a,762.6577723981297,1220.7673062046013,2505.31575
e90f8e4d-Audio_SP22,H2,a,a,790.9615817919179,1494.9297241103689,2510.53075
e90f8e4d-Audio_SP22,H2,a,a,698.3059153169932,1171.2393883497475,2530.5437500000003
e90f8e4d-Audio_SP22,H2,a,a,645.5627039444561,1448.3455112050865,2536.11275
e90f8e4d-Audio_SP22,H2,a,a,678.5051153554934,1155.4030645616738,2536.19575
e90f8e4d-Audio_SP22,H2,a,a,617.3798236600411,1273.2407161823355,2536.47575
e90f8e4d-Audio_SP22,H2,a,a,640.2245280665496,1835.3162491362564,2539.87275
e90f8e4d-Audio_SP22,H2,a,a,740.8270966832978,1435.300142754665,2540.07775
e90f8e4d-Audio_SP22,H2,a,a,704.5501513649444,1171.852187686446,2540.19075
e90f8e4d-Audio_SP22,H2,a,a,551.8903885269643,1840.281574961393,2540.92775
e90f8e4d-Audio_SP22,H2,a,a,634.3669234625821,1552.003491427314,2543.56775
e90f8e4d-Audio_SP22,H2,a,a,680.9452982402388,1283.1070079698109,2543.70575
e90f8e4d-Audio_SP22,H2,a,a,742.3379877017272,1307.8621018176636,2544.10875
e90f8e4d-Audio_SP22,H2,a,a,586.3888872111763,2053.109926367962,2547.16575
e90f8e4d-Audio_SP22,H2,a,a,823.1235496990727,1424.704401194686,2549.37275
e90f8e4d-Audio_SP22,H2,a,a,756.8129342586117,1493.4220081790238,2550.94275
e90f8e4d-Audio_SP22,H2,a,a,779.0561101976854,1511.0579156996982,2552.12575
e90f8e4d-Audio_SP22,H2,a,a,502.39182465432725,1236.7714646834777,2553.23275
e90f8e4d-Audio_SP22,H2,a,a,908.4398162264416,1394.6913626317362,2553.96375
e90f8e4d-Audio_SP22,H2,a,a,565.3926381043453,1444.0973944576597,2569.64375
e90f8e4d-Audio_SP22,H2,a,a,615.1744627036877,1790.7049644118504,2591.9457500000003
e90f8e4d-Audio_SP22,H2,a,a,727.3650456203336,1361.765330419577,2592.94375
e90f8e4d-Audio_SP22,H2,a,a,697.5566092960918,1393.782956653961,2595.83575
e90f8e4d-Audio_SP22,H2,a,a,700.6379841925724,1634.929988167801,2603.72575
e90f8e4d-Audio_SP22,H2,a,a,608.7207797463051,1363.0532332199473,2627.44275
e90f8e4d-Audio_SP22,H2,a,a,705.7951560279861,1199.835313967484,2627.54575
e90f8e4d-Audio_SP22,H2,a,a,529.7936189357148,1845.6790120286344,2627.89775
e90f8e4d-Audio_SP22,H2,a,a,736.446579990774,1530.9225334572227,2633.9257500000003
e90f8e4d-Audio_SP22,H2,a,a,692.2243269641773,1997.9499750147104,2634.14575
e90f8e4d-Audio_SP22,H2,a,a,531.6345699826065,1182.3337940827373,2639.41075
e90f8e4d-Audio_SP22,H2,a,a,626.4716456724807,1449.6918145876768,2643.40875
e90f8e4d-Audio_SP22,H2,a,a,721.7263071833855,1407.6840472462,2644.47775
e90f8e4d-Audio_SP22,H2,a,a,512.696413210172,2042.1323483741005,2660.11375
e90f8e4d-Audio_SP22,H2,a,a,687.096491063265,1624.1275162577697,2662.83875
e90f8e4d-Audio_SP22,H2,a,a,701.2505314110826,1788.8096579412988,2676.5327500000003
e90f8e4d-Audio_SP22,H2,a,a,684.2385734040764,1166.494697982036,2676.67275
e90f8e4d-Audio_SP22,H2,a,a,702.9332266681942,1606.471378584008,2677.0927500000003
e90f8e4d-Audio_SP22,H2,a,a,569.8520303110915,2005.980963516762,2679.41575
e90f8e4d-Audio_SP22,H2,a,a,631.8677648377491,1521.8419708720276,2683.17575
e90f8e4d-Audio_SP22,H2,a,a,622.7377722138583,1796.9998045902698,2704.27575
e90f8e4d-Audio_SP22,H2,a,a,851.5168956816249,1382.0382640491478,2705.95875
e90f8e4d-Audio_SP22,H2,a,a,727.8893875094136,1554.8444806827197,2706.71075
e90f8e4d-Audio_SP22,H2,a,a,831.8257519177727,1478.862017677519,2706.92375
e90f8e4d-Audio_SP22,H2,a,a,620.0412060981561,1577.0003069659358,2708.6137500000004
e90f8e4d-Audio_SP22,H2,a,a,533.409629785391,1971.5456715943888,2708.98375
e90f8e4d-Audio_SP22,H2,a,a,739.8441096437627,1415.2097538907187,2709.62375
e90f8e4d-Audio_SP22,H2,a,a,559.8854366232009,1932.6331890416072,2712.70375
e90f8e4d-Audio_SP22,H2,a,a,727.58923736432,1518.0119533444652,2712.7627500000003
e90f8e4d-Audio_SP22,H2,a,a,645.9728293312992,1435.7999611705804,2713.55375
e90f8e4d-Audio_SP22,H2,a,a,738.0187508665887,1292.9246314062898,2718.97575
e90f8e4d-Audio_SP22,H2,a,a,640.8503169073562,1506.4729748117747,2720.76375
e90f8e4d-Audio_SP22,H2,a,a,647.8497680345829,1589.0077793609787,2720.96375
e90f8e4d-Audio_SP22,H2,a,a,748.1518513272788,1215.5294557561222,2721.98075
e90f8e4d-Audio_SP22,H2,a,a,532.6707887595154,2049.1993423821814,2723.67375
e90f8e4d-Audio_SP22,H2,a,a,621.8189435215105,1639.7400234040358,2724.85375
e90f8e4d-Audio_SP22,H2,a,a,509.05435969061335,1849.331748248259,2732.18275
e90f8e4d-Audio_SP22,H2,a,a,558.5729081983832,1470.4299861671366,2734.65075
e90f8e4d-Audio_SP22,H2,a,a,564.234983972021,1290.6439451579097,2736.96275
e90f8e4d-Audio_SP22,H2,a,a,579.9208851307794,1295.0399481130282,2737.88875
e90f8e4d-Audio_SP22,H2,a,a,551.274448523057,1602.3946830147738,2749.94575
e90f8e4d-Audio_SP22,H2,a,a,601.9491152516889,1488.0125368343256,2751.39775
e90f8e4d-Audio_SP22,H2,a,a,712.572356095961,1337.8442415779548,2814.73575
e90f8e4d-Audio_SP22,H2,a,a,639.9872353544486,1430.3601743146423,2815.57775
e90f8e4d-Audio_SP22,H2,a,a,591.645517599302,1730.5710768581698,2820.0437500000003
e90f8e4d-Audio_SP22,H2,a,a,642.8103351826567,1810.242298449649,2822.23775
e90f8e4d-Audio_SP22,H1,y,i,392.9628034582929,1992.626072031396,36.21775
e90f8e4d-Audio_SP22,H1,y,i,413.91073849344514,1745.6194050439483,70.94075
e90f8e4d-Audio_SP22,H1,y,i,412.04758102183234,2016.566424632751,109.84275
e90f8e4d-Audio_SP22,H1,y,i,396.4104253314521,1516.040303076585,135.88875
e90f8e4d-Audio_SP22,H1,y,i,374.3947482773645,2216.700046725566,192.13575
e90f8e4d-Audio_SP22,H1,y,i,231.91030198890684,2213.985355187818,216.94275
e90f8e4d-Audio_SP22,H1,y,i,367.0299482256635,1831.300148507272,218.13275
e90f8e4d-Audio_SP22,H1,y,i,242.4457824444267,1773.7432966041988,251.07375
e90f8e4d-Audio_SP22,H1,y,i,418.4248121724056,2123.3178357988168,259.12275000000005
e90f8e4d-Audio_SP22,H1,y,i,242.88532510312896,2153.725091492989,292.47775
e90f8e4d-Audio_SP22,H1,y,i,330.3972278808836,2474.584744488575,338.44275000000005
e90f8e4d-Audio_SP22,H1,y,i,455.5406330801357,1989.2942636549087,412.71075
e90f8e4d-Audio_SP22,H1,y,i,401.02173152425246,1824.022688945786,481.99075
e90f8e4d-Audio_SP22,H1,y,i,416.393415323707,2066.6753111341663,528.04875
e90f8e4d-Audio_SP22,H1,y,i,441.6908816031064,1863.7123666607408,548.65775
e90f8e4d-Audio_SP22,H1,y,i,381.58398494244943,2107.783109901855,710.80275
e90f8e4d-Audio_SP22,H1,y,i,417.1149493324461,1225.7900973914193,753.79375
e90f8e4d-Audio_SP22,H1,y,i,321.55668069256524,2318.5239245195366,768.00075
e90f8e4d-Audio_SP22,H1,y,i,333.2786592257177,1764.5022685017152,810.62275
e90f8e4d-Audio_SP22,H1,y,i,234.82583136098552,1934.0698145187007,876.11575
e90f8e4d-Audio_SP22,H1,y,i,433.21707148837817,1815.0790669833848,966.88775
e90f8e4d-Audio_SP22,H1,y,i,194.658400852774,872.2688871066464,968.65275
e90f8e4d-Audio_SP22,H1,y,i,408.9022135359213,2509.235435629233,976.16575
e90f8e4d-Audio_SP22,H1,y,i,418.4979290199881,2483.847156714207,976.33575
e90f8e4d-Audio_SP22,H1,y,i,428.7971789633037,1842.6719281106948,1003.37875
e90f8e4d-Audio_SP22,H1,y,i,599.8189312418025,1828.1108768071747,1013.93575
e90f8e4d-Audio_SP22,H1,y,i,940.0584699775022,2540.827617260007,1214.39375
e90f8e4d-Audio_SP22,H1,y,i,561.8068236461311,2196.251302019683,1220.6707500000002
e90f8e4d-Audio_SP22,H1,y,i,420.0588606448156,1706.7071211779898,1257.3527499999998
e90f8e4d-Audio_SP22,H1,y,i,355.3870374427265,2398.573870202531,1308.16875
e90f8e4d-Audio_SP22,H2,y,i,383.6538729790363,2371.511943345698,1661.14575
e90f8e4d-Audio_SP22,H2,y,i,355.61485693521,2339.715318047747,1663.12375
e90f8e4d-Audio_SP22,H2,y,i,441.4557812550728,2241.387150121425,1793.30075
e90f8e4d-Audio_SP22,H2,y,i,473.5214975616185,1996.124634087612,1796.13575
e90f8e4d-Audio_SP22,H2,y,i,386.3659831944282,1223.0572468412263,1825.97075
e90f8e4d-Audio_SP22,H2,y,i,283.5631464688952,2576.505168123269,1886.77075
e90f8e4d-Audio_SP22,H2,y,i,325.4890878480677,2474.369941081646,1907.85075
e90f8e4d-Audio_SP22,H2,y,i,500.37517558773465,2146.262830914472,1915.24075
e90f8e4d-Audio_SP22,H2,y,i,308.6694274648771,2277.9995529967987,2005.50075
e90f8e4d-Audio_SP22,H2,y,i,451.2270015522228,2323.214609167886,2005.99575
e90f8e4d-Audio_SP22,H2,y,i,333.80625270841045,2647.4379792055392,2066.77275
e90f8e4d-Audio_SP22,H2,y,i,415.254382416657,2598.837750491017,2067.24875
e90f8e4d-Audio_SP22,H2,y,i,337.5704845212665,2332.5274274142,2075.58775
e90f8e4d-Audio_SP22,H2,y,i,468.4977838317352,1759.2674049616066,2150.5107499999995
e90f8e4d-Audio_SP22,H2,y,i,454.7501094255896,2170.743475097161,2151.40075
e90f8e4d-Audio_SP22,H2,y,i,366.3998499128778,1313.855907498713,2177.02875
e90f8e4d-Audio_SP22,H2,y,i,482.9351631853807,2051.644297005645,2237.71075
e90f8e4d-Audio_SP22,H2,y,i,453.8911323768979,1882.567626638363,2375.2207499999995
e90f8e4d-Audio_SP22,H2,y,i,441.1201527211941,1802.911047824048,2539.76275
e90f8e4d-Audio_SP22,H2,y,i,445.448852652789,1355.784658097209,2540.86375
e90f8e4d-Audio_SP22,H2,y,i,270.5513523093334,2420.657619539492,2545.02275
e90f8e4d-Audio_SP22,H2,y,i,355.2655813194632,2443.730882506607,2554.33375
e90f8e4d-Audio_SP22,H2,y,i,323.6797048776448,1785.0223668488818,2675.87775
e90f8e4d-Audio_SP22,H2,y,i,449.8166951960853,2077.89448600517,2679.4887499999995
e90f8e4d-Audio_SP22,H2,y,i,420.4441670538673,2082.908308655068,2682.86575
e90f8e4d-Audio_SP22,H2,y,i,395.0231208418868,2577.9626974450507,2733.7587499999995
e90f8e4d-Audio_SP22,H2,y,i,540.0297284779026,1990.5855160224864,2741.01375
e90f8e4d-Audio_SP22,H2,y,i,416.68288141235854,1601.9496421474194,2822.5527500000003
e90f8e4d-Audio_SP22,H1,o,o,406.7633100345899,492.1327146467248,37.27575
e90f8e4d-Audio_SP22,H1,o,o,541.7930114551825,1069.386644548858,37.79075
e90f8e4d-Audio_SP22,H1,o,o,460.3543142921851,872.1695526501902,63.127750000000006
e90f8e4d-Audio_SP22,H1,o,o,413.452561915542,687.4043823891922,64.60275
e90f8e4d-Audio_SP22,H1,o,o,390.4590807796497,589.397434887925,67.96275
e90f8e4d-Audio_SP22,H1,o,o,446.050647839215,646.0690416868944,68.30375000000001
e90f8e4d-Audio_SP22,H1,o,o,465.38986568007465,1270.4106095622658,69.93074999999999
e90f8e4d-Audio_SP22,H1,o,o,466.29618648680406,1340.215555348175,70.37774999999999
e90f8e4d-Audio_SP22,H1,o,o,523.4459181863967,909.9913783925168,72.57575
e90f8e4d-Audio_SP22,H1,o,o,364.3609319864957,500.6789392994898,74.10875
e90f8e4d-Audio_SP22,H1,o,o,439.8120364702735,1444.7698603891165,75.99375
e90f8e4d-Audio_SP22,H1,o,o,878.9047576726676,1399.410840967232,76.74375
e90f8e4d-Audio_SP22,H1,o,o,426.7824583480896,496.17610976066834,78.77374999999999
e90f8e4d-Audio_SP22,H1,o,o,477.6637749969358,663.5819646785327,80.24875
e90f8e4d-Audio_SP22,H1,o,o,513.7167585605558,1297.8746156927195,81.26774999999999
e90f8e4d-Audio_SP22,H1,o,o,440.87514306599655,799.8467785086568,81.64874999999999
e90f8e4d-Audio_SP22,H1,o,o,413.7806918917519,529.6854002823682,82.29775
e90f8e4d-Audio_SP22,H1,o,o,483.2394675899311,1267.037489806754,82.83375
e90f8e4d-Audio_SP22,H1,o,o,559.4583721889126,1067.972190173671,83.39375
e90f8e4d-Audio_SP22,H1,o,o,501.8006574301723,1285.291442254767,85.14075
e90f8e4d-Audio_SP22,H1,o,o,564.9398460862654,764.086296935229,85.77575
e90f8e4d-Audio_SP22,H1,o,o,382.77801363417126,513.1771417318288,87.77575
e90f8e4d-Audio_SP22,H1,o,o,488.509831232553,1156.833318054688,88.13775
e90f8e4d-Audio_SP22,H1,o,o,498.4183584837375,1341.332966945557,89.25874999999999
e90f8e4d-Audio_SP22,H1,o,o,596.0697741702955,1012.1179645242212,91.07375
e90f8e4d-Audio_SP22,H1,o,o,500.5750977731104,1313.296370772822,91.66375
e90f8e4d-Audio_SP22,H1,o,o,512.8621909095426,870.0118965812567,92.37075
e90f8e4d-Audio_SP22,H1,o,o,452.4314940756478,875.1656574876052,93.38575
e90f8e4d-Audio_SP22,H1,o,o,443.1176409796642,1454.708200747571,93.74375
e90f8e4d-Audio_SP22,H1,o,o,593.7251358449209,933.8186842091184,101.06575
e90f8e4d-Audio_SP22,H1,o,o,411.5503696521999,426.9034327344583,101.65375
e90f8e4d-Audio_SP22,H1,o,o,424.4152674540896,715.3362876675593,109.05575
e90f8e4d-Audio_SP22,H1,o,o,489.36341521263375,897.5470173680478,109.19875
e90f8e4d-Audio_SP22,H1,o,o,411.1685925158287,423.6511204868716,109.55075
e90f8e4d-Audio_SP22,H1,o,o,467.7703331831522,769.8078522443693,121.78775
e90f8e4d-Audio_SP22,H1,o,o,477.0266012201597,693.6231006687622,121.92775
e90f8e4d-Audio_SP22,H1,o,o,455.2534628452876,1379.3377565657645,127.33375
e90f8e4d-Audio_SP22,H1,o,o,564.7267236656893,892.0237270794997,127.81375
e90f8e4d-Audio_SP22,H1,o,o,436.9625391415021,1167.219731134833,128.47575
e90f8e4d-Audio_SP22,H1,o,o,418.2846887658004,781.4593814317104,131.48375
e90f8e4d-Audio_SP22,H1,o,o,387.64824960345953,548.5411039269089,133.89775
e90f8e4d-Audio_SP22,H1,o,o,476.166949937055,1499.4101832891515,135.29375000000002
e90f8e4d-Audio_SP22,H1,o,o,415.7222240157349,840.8127409692551,136.04775
e90f8e4d-Audio_SP22,H1,o,o,452.1767763127008,960.3141708263186,136.20075000000003
e90f8e4d-Audio_SP22,H1,o,o,416.3567909663992,1115.4658867578855,146.98875
e90f8e4d-Audio_SP22,H1,o,o,450.5960478932972,1008.5400682584352,147.80575
e90f8e4d-Audio_SP22,H1,o,o,501.4899563426427,1485.1336608367972,148.17575
e90f8e4d-Audio_SP22,H1,o,o,569.8283882049758,1276.9193894841926,148.84375000000003
e90f8e4d-Audio_SP22,H1,o,o,479.41701747870144,878.2771735720813,149.71875
e90f8e4d-Audio_SP22,H1,o,o,456.37459611967375,1026.257126456991,153.35375000000002
e90f8e4d-Audio_SP22,H1,o,o,460.1298318196162,1160.4141993221426,159.07274999999998
e90f8e4d-Audio_SP22,H1,o,o,437.0686157394999,1097.7880439360174,161.81875
e90f8e4d-Audio_SP22,H1,o,o,419.3294573305141,499.33440498744136,164.58575
e90f8e4d-Audio_SP22,H1,o,o,471.6973423339413,1326.077918756337,165.38075000000003
e90f8e4d-Audio_SP22,H1,o,o,394.6859929955151,1409.9723067021937,173.60275
e90f8e4d-Audio_SP22,H1,o,o,425.35908436303777,867.2912248512876,174.24575
e90f8e4d-Audio_SP22,H1,o,o,501.1416167872418,1079.2548848150625,186.86075
e90f8e4d-Audio_SP22,H1,o,o,505.3022681760978,1203.6491562117174,187.31575
e90f8e4d-Audio_SP22,H1,o,o,445.5660111436542,1196.935545629436,189.49375
e90f8e4d-Audio_SP22,H1,o,o,447.7412430610581,1291.1132080180405,191.94775
e90f8e4d-Audio_SP22,H1,o,o,514.8338217388552,1019.2933778154984,192.68375
e90f8e4d-Audio_SP22,H1,o,o,464.8029509283416,1203.521660834596,195.16575
e90f8e4d-Audio_SP22,H1,o,o,474.7663166373183,1044.051484112813,196.12375000000003
e90f8e4d-Audio_SP22,H1,o,o,426.83674495896105,929.1663758532674,198.35075000000003
e90f8e4d-Audio_SP22,H1,o,o,435.06948849932553,463.8228233057741,199.17375
e90f8e4d-Audio_SP22,H1,o,o,419.9427180342494,1000.2371581617166,204.01375
e90f8e4d-Audio_SP22,H1,o,o,439.1354652315909,1151.2623698324055,211.11775
e90f8e4d-Audio_SP22,H1,o,o,374.5370837927445,1018.4742606636534,212.66375
e90f8e4d-Audio_SP22,H1,o,o,437.44881791079496,1009.569687043198,213.08375
e90f8e4d-Audio_SP22,H1,o,o,513.3093825661243,862.4539032002281,213.22575
e90f8e4d-Audio_SP22,H1,o,o,452.210270837964,1008.575431945372,213.57075000000003
e90f8e4d-Audio_SP22,H1,o,o,429.7595422749917,820.8336888247497,215.11375
e90f8e4d-Audio_SP22,H1,o,o,482.8211643950578,1363.236774203427,216.10375
e90f8e4d-Audio_SP22,H1,o,o,465.596464667828,1188.406943749139,219.25875
e90f8e4d-Audio_SP22,H1,o,o,391.2044651693401,799.903109391283,219.82375
e90f8e4d-Audio_SP22,H1,o,o,468.75170174683,1511.347903952901,219.93275
e90f8e4d-Audio_SP22,H1,o,o,467.8859034545191,1309.2549714134434,220.53575
e90f8e4d-Audio_SP22,H1,o,o,464.9747973374209,1105.2621591500197,222.90875
e90f8e4d-Audio_SP22,H1,o,o,501.6962316456875,961.8279878026128,223.89275
e90f8e4d-Audio_SP22,H1,o,o,449.3825882308325,1105.0392137927147,224.09775
e90f8e4d-Audio_SP22,H1,o,o,419.0820086343658,572.1918446718614,224.67375
e90f8e4d-Audio_SP22,H1,o,o,392.1337681590708,545.6772196347805,232.96375
e90f8e4d-Audio_SP22,H1,o,o,362.4632958187784,463.94601842266746,244.19575
e90f8e4d-Audio_SP22,H1,o,o,448.9776113282842,493.863556140797,244.36575
e90f8e4d-Audio_SP22,H1,o,o,457.4084090915944,1215.5642932212725,248.49575
e90f8e4d-Audio_SP22,H1,o,o,547.2951421196309,1078.7145537236413,251.38375
e90f8e4d-Audio_SP22,H1,o,o,486.5072309003857,1498.3721654795922,251.64575
e90f8e4d-Audio_SP22,H1,o,o,439.0097852011391,763.8397073238634,253.95275
e90f8e4d-Audio_SP22,H1,o,o,464.9340578820385,1131.0665050487023,254.27575
e90f8e4d-Audio_SP22,H1,o,o,325.0708615968195,441.83402518633096,254.37575
e90f8e4d-Audio_SP22,H1,o,o,471.1745151309217,1059.3520160714909,254.50375000000005
e90f8e4d-Audio_SP22,H1,o,o,532.0160022651078,1207.075692409361,257.53875
e90f8e4d-Audio_SP22,H1,o,o,374.8046462319051,584.9306783076942,258.20775000000003
e90f8e4d-Audio_SP22,H1,o,o,473.0588752723468,1233.2598419411472,258.89375
e90f8e4d-Audio_SP22,H1,o,o,480.3517926325897,1297.0338406572318,266.51575
e90f8e4d-Audio_SP22,H1,o,o,487.20604064727706,1108.6309622603646,267.22275
e90f8e4d-Audio_SP22,H1,o,o,534.6130306722744,1078.393503841671,267.56375
e90f8e4d-Audio_SP22,H1,o,o,531.0344147824659,1508.9129943851804,270.09275
e90f8e4d-Audio_SP22,H1,o,o,568.9324660485722,1484.0540850454065,271.07375
e90f8e4d-Audio_SP22,H1,o,o,432.64468297317393,530.1218040823222,271.19775000000004
e90f8e4d-Audio_SP22,H1,o,o,403.7629747423445,415.1148094515197,272.77275000000003
e90f8e4d-Audio_SP22,H1,o,o,465.8316899367238,1007.1562218383854,280.93775000000005
e90f8e4d-Audio_SP22,H1,o,o,481.2200081048376,923.8837177602852,281.42775000000006
e90f8e4d-Audio_SP22,H1,o,o,456.346695350966,918.3711855883648,283.10275
e90f8e4d-Audio_SP22,H1,o,o,492.5533460843485,1159.1078285599967,283.76375
e90f8e4d-Audio_SP22,H1,o,o,542.1661741653842,1500.5257972611043,285.04374999999993
e90f8e4d-Audio_SP22,H1,o,o,424.9271312993232,546.6959679262702,290.10374999999993
e90f8e4d-Audio_SP22,H1,o,o,498.9086224706943,960.5417666469328,290.83575
e90f8e4d-Audio_SP22,H1,o,o,430.494195110542,752.6026388130824,292.13775
e90f8e4d-Audio_SP22,H1,o,o,395.094072791306,565.3603064281366,294.19375
e90f8e4d-Audio_SP22,H1,o,o,482.1267061278345,1045.1681790682137,295.74375
e90f8e4d-Audio_SP22,H1,o,o,495.60559327080153,1035.9839779189726,296.11075
e90f8e4d-Audio_SP22,H1,o,o,435.9573074377241,1270.3297656703796,298.44275000000005
e90f8e4d-Audio_SP22,H1,o,o,448.89556282928135,1070.221549679036,298.72374999999994
e90f8e4d-Audio_SP22,H1,o,o,412.50112543799145,601.1496465671333,299.08775
e90f8e4d-Audio_SP22,H1,o,o,460.90487154427984,627.501773251105,299.82075000000003
e90f8e4d-Audio_SP22,H1,o,o,370.7008798505401,436.627906744232,299.96775
e90f8e4d-Audio_SP22,H1,o,o,558.8789579486067,989.993509019507,303.65075
e90f8e4d-Audio_SP22,H1,o,o,420.4011756237139,887.4073087963039,305.25775000000004
e90f8e4d-Audio_SP22,H1,o,o,508.8479102294235,1813.1787844182352,308.52275000000003
e90f8e4d-Audio_SP22,H1,o,o,517.901733160703,1205.4797338429426,309.08374999999995
e90f8e4d-Audio_SP22,H1,o,o,527.7762520818313,1337.334723278103,309.41374999999994
e90f8e4d-Audio_SP22,H1,o,o,465.56851167380944,974.351212132852,313.07775000000004
e90f8e4d-Audio_SP22,H1,o,o,463.7847482800353,1419.7232304954875,328.39374999999995
e90f8e4d-Audio_SP22,H1,o,o,419.0892962633219,577.4655283974383,332.03275
e90f8e4d-Audio_SP22,H1,o,o,434.15297789446856,521.1091169749747,332.21374999999995
e90f8e4d-Audio_SP22,H1,o,o,469.0107412318845,980.1105787480096,332.77275000000003
e90f8e4d-Audio_SP22,H1,o,o,560.317591380555,1002.542001983365,333.10275
e90f8e4d-Audio_SP22,H1,o,o,439.97750483942167,806.9437664351096,335.91275
e90f8e4d-Audio_SP22,H1,o,o,520.8863675943184,1384.9741900924405,336.16574999999995
e90f8e4d-Audio_SP22,H1,o,o,440.5347916185823,1390.7491451793255,352.66275
e90f8e4d-Audio_SP22,H1,o,o,457.0529123465122,832.2381470359761,361.41775
e90f8e4d-Audio_SP22,H1,o,o,440.9970732324663,642.4254007521699,362.76275
e90f8e4d-Audio_SP22,H1,o,o,586.5215450225113,1359.6169057783436,363.16375
e90f8e4d-Audio_SP22,H1,o,o,469.6379545216124,947.9855708233076,364.55775000000006
e90f8e4d-Audio_SP22,H1,o,o,506.8014217534209,1137.26717924948,365.17375
e90f8e4d-Audio_SP22,H1,o,o,513.4967882155798,1503.0839154032255,365.5027500000001
e90f8e4d-Audio_SP22,H1,o,o,495.3459090935853,1119.6045636241672,366.38075
e90f8e4d-Audio_SP22,H1,o,o,493.2109929960277,766.1239902009415,395.53075
e90f8e4d-Audio_SP22,H1,o,o,579.7292378068032,997.338252511564,396.17475
e90f8e4d-Audio_SP22,H1,o,o,498.74783742900127,818.0127037410165,397.03575
e90f8e4d-Audio_SP22,H1,o,o,425.4899573285906,716.2407304271591,400.47275
e90f8e4d-Audio_SP22,H1,o,o,412.9892470680495,434.3267865076978,413.67575
e90f8e4d-Audio_SP22,H1,o,o,549.3854649266741,1437.6431915461158,426.32875
e90f8e4d-Audio_SP22,H1,o,o,432.2674291303268,1399.5286430364122,426.92375
e90f8e4d-Audio_SP22,H1,o,o,547.9714703964349,750.3470179421677,435.90275
e90f8e4d-Audio_SP22,H1,o,o,444.6804604652114,945.802196713302,438.03275
e90f8e4d-Audio_SP22,H1,o,o,538.9942954673076,1180.857458817993,445.16775
e90f8e4d-Audio_SP22,H1,o,o,458.59290787878285,989.8951135526268,453.47375
e90f8e4d-Audio_SP22,H1,o,o,519.2826662785213,1098.0430353355923,455.1927500000001
e90f8e4d-Audio_SP22,H1,o,o,417.420055167898,466.4485186522454,477.77375
e90f8e4d-Audio_SP22,H1,o,o,412.9519340138891,904.0386031681288,478.44575
e90f8e4d-Audio_SP22,H1,o,o,475.8587074173796,1326.899148807542,478.93875
e90f8e4d-Audio_SP22,H1,o,o,432.6126220106971,440.055069911808,483.74375
e90f8e4d-Audio_SP22,H1,o,o,344.8767603242671,493.2405723295102,483.86375
e90f8e4d-Audio_SP22,H1,o,o,476.4516284414215,962.1415991314412,486.35575
e90f8e4d-Audio_SP22,H1,o,o,524.7238908109816,947.1757724224096,494.19375
e90f8e4d-Audio_SP22,H1,o,o,525.588128974468,1230.1394141775022,514.5577499999999
e90f8e4d-Audio_SP22,H1,o,o,446.5994858412867,664.798376784447,514.90875
e90f8e4d-Audio_SP22,H1,o,o,385.46244672400593,526.3908150122135,515.7237500000001
e90f8e4d-Audio_SP22,H1,o,o,513.6428144046828,919.9677373488976,519.3937500000001
e90f8e4d-Audio_SP22,H1,o,o,487.59057035724686,1287.2655020633338,519.5627499999999
e90f8e4d-Audio_SP22,H1,o,o,526.9866766887511,1218.580805791186,520.44375
e90f8e4d-Audio_SP22,H1,o,o,366.38548834121485,445.8521522160968,525.37575
e90f8e4d-Audio_SP22,H1,o,o,317.70747097571,420.69463535986654,527.18375
e90f8e4d-Audio_SP22,H1,o,o,384.6239879492764,467.47959834857,531.80275
e90f8e4d-Audio_SP22,H1,o,o,372.7964610994608,491.7406197108679,531.91075
e90f8e4d-Audio_SP22,H1,o,o,408.5214810688629,449.0212834868408,532.3837500000001
e90f8e4d-Audio_SP22,H1,o,o,427.57636979360245,1589.0817581945903,534.9327499999999
e90f8e4d-Audio_SP22,H1,o,o,495.70785580958153,1050.3239569689251,545.54575
e90f8e4d-Audio_SP22,H1,o,o,477.8936296797876,783.6879125659102,546.22275
e90f8e4d-Audio_SP22,H1,o,o,479.6148651281091,1400.0035654176324,546.9557500000001
e90f8e4d-Audio_SP22,H1,o,o,501.2600788058849,1375.760814500485,549.10275
e90f8e4d-Audio_SP22,H1,o,o,567.5210468307598,910.8804978208732,550.6137500000001
e90f8e4d-Audio_SP22,H1,o,o,505.5167596682636,1206.2121132811162,552.43375
e90f8e4d-Audio_SP22,H1,o,o,560.2170853576679,1109.1288115806508,552.65575
e90f8e4d-Audio_SP22,H1,o,o,438.7069870381431,845.4789124593531,553.0237500000001
e90f8e4d-Audio_SP22,H1,o,o,460.5825653604449,895.1835311287795,553.6127500000001
e90f8e4d-Audio_SP22,H1,o,o,536.3485467224783,1121.98895178253,553.9757500000001
e90f8e4d-Audio_SP22,H1,o,o,529.1498123415109,891.4432098782604,557.65275
e90f8e4d-Audio_SP22,H1,o,o,503.7439734283802,807.0335004315201,559.1487500000001
e90f8e4d-Audio_SP22,H1,o,o,434.8703114711751,461.1727844538207,559.50075
e90f8e4d-Audio_SP22,H1,o,o,466.6791979236666,958.1625714101112,573.2677500000001
e90f8e4d-Audio_SP22,H1,o,o,582.9844191846432,1085.6891370419685,573.67575
e90f8e4d-Audio_SP22,H1,o,o,471.34951006648527,753.3998853726108,574.50575
e90f8e4d-Audio_SP22,H1,o,o,518.342758745886,1057.1772487732192,575.4437499999999
e90f8e4d-Audio_SP22,H1,o,o,492.7497682768097,774.2897903522746,575.7227499999999
e90f8e4d-Audio_SP22,H1,o,o,482.121791426627,782.7418625367841,577.40975
e90f8e4d-Audio_SP22,H1,o,o,400.7954675355152,534.39249783858,577.79375
e90f8e4d-Audio_SP22,H1,o,o,481.9800650494914,717.7358368240724,578.32075
e90f8e4d-Audio_SP22,H1,o,o,573.2548756688906,1012.9071575372408,578.88575
e90f8e4d-Audio_SP22,H1,o,o,476.6013413950481,874.4340566056326,584.29575
e90f8e4d-Audio_SP22,H1,o,o,379.3324186510399,629.8571655410702,584.43075
e90f8e4d-Audio_SP22,H1,o,o,508.0480705268567,1083.1592753442865,587.2287500000001
e90f8e4d-Audio_SP22,H1,o,o,561.2514245145892,1310.3793330705969,589.8507500000001
e90f8e4d-Audio_SP22,H1,o,o,435.537812055364,956.4877125953266,591.99075
e90f8e4d-Audio_SP22,H1,o,o,385.39212687945815,477.90475033104633,592.09275
e90f8e4d-Audio_SP22,H1,o,o,531.1533127292198,1058.6926587200064,592.6187500000001
e90f8e4d-Audio_SP22,H1,o,o,458.3416952733801,890.4214801620187,609.66375
e90f8e4d-Audio_SP22,H1,o,o,529.1363198411822,1265.912224308683,621.6877499999999
e90f8e4d-Audio_SP22,H1,o,o,514.5334008600913,1170.6175914005307,635.55375
e90f8e4d-Audio_SP22,H1,o,o,532.0227661110602,1276.5493044300442,635.90575
e90f8e4d-Audio_SP22,H1,o,o,553.7176399731381,1102.9002631753904,636.19575
e90f8e4d-Audio_SP22,H1,o,o,409.2222447255624,799.6319397729509,638.25575
e90f8e4d-Audio_SP22,H1,o,o,549.943041287075,1300.1747827867162,665.5677499999999
e90f8e4d-Audio_SP22,H1,o,o,606.503931408984,1158.9169542575758,698.99775
e90f8e4d-Audio_SP22,H1,o,o,472.9268129923294,1307.0673867697558,704.71775
e90f8e4d-Audio_SP22,H1,o,o,479.6641455036517,1345.162236478082,710.1537500000001
e90f8e4d-Audio_SP22,H1,o,o,498.3648642292224,883.8985471511559,710.42775
e90f8e4d-Audio_SP22,H1,o,o,479.8776942151877,894.029797478832,712.16875
e90f8e4d-Audio_SP22,H1,o,o,427.50027882795104,539.7484348183749,712.53375
e90f8e4d-Audio_SP22,H1,o,o,472.17611740143496,1014.187136949656,714.17975
e90f8e4d-Audio_SP22,H1,o,o,517.3400345468145,1350.4581800868073,717.64775
e90f8e4d-Audio_SP22,H1,o,o,468.46841586182126,1472.8159905501843,718.4937500000001
e90f8e4d-Audio_SP22,H1,o,o,402.33326502833495,750.4686769422177,723.83775
e90f8e4d-Audio_SP22,H1,o,o,466.3252694995042,1239.018347102577,724.3687500000001
e90f8e4d-Audio_SP22,H1,o,o,514.7927905954526,1338.396224883487,724.98275
e90f8e4d-Audio_SP22,H1,o,o,461.9915610696484,1170.4464823460755,726.07075
e90f8e4d-Audio_SP22,H1,o,o,444.2641459011909,1367.5636187252037,726.66275
e90f8e4d-Audio_SP22,H1,o,o,438.8421424310951,581.2858999152527,728.9177500000001
e90f8e4d-Audio_SP22,H1,o,o,463.5040170791736,931.2138495974752,730.5237500000001
e90f8e4d-Audio_SP22,H1,o,o,503.3375828941371,1327.7299167426345,754.27575
e90f8e4d-Audio_SP22,H1,o,o,443.2041519835529,588.0340634107307,754.7437500000001
e90f8e4d-Audio_SP22,H1,o,o,445.6744809785053,845.0289161594972,755.19375
e90f8e4d-Audio_SP22,H1,o,o,469.1898524238857,760.3977867728712,755.82575
e90f8e4d-Audio_SP22,H1,o,o,394.8208474761296,745.0275274886304,756.88775
e90f8e4d-Audio_SP22,H1,o,o,490.3536025419045,1270.1709744175494,757.44575
e90f8e4d-Audio_SP22,H1,o,o,383.84950792421705,631.5430254573463,759.63775
e90f8e4d-Audio_SP22,H1,o,o,608.9809326025944,939.7186735403026,763.97275
e90f8e4d-Audio_SP22,H1,o,o,421.0242649970444,1656.1331757590976,764.3987500000001
e90f8e4d-Audio_SP22,H1,o,o,531.2596093828361,1020.5764245660738,766.2927500000001
e90f8e4d-Audio_SP22,H1,o,o,453.6858719935709,1203.8931690171978,767.12575
e90f8e4d-Audio_SP22,H1,o,o,481.2699267624165,938.1154393254913,769.1237500000001
e90f8e4d-Audio_SP22,H1,o,o,519.3505487404052,975.3681689337552,769.63075
e90f8e4d-Audio_SP22,H1,o,o,550.70972982266,1026.705035982293,788.5727499999999
e90f8e4d-Audio_SP22,H1,o,o,391.4622971251796,665.9184640427356,790.8837500000001
e90f8e4d-Audio_SP22,H1,o,o,501.61939097336847,1128.30142039851,810.73575
e90f8e4d-Audio_SP22,H1,o,o,516.0534744344008,898.3862525088108,811.59075
e90f8e4d-Audio_SP22,H1,o,o,487.1298917129506,876.4256447343163,812.17275
e90f8e4d-Audio_SP22,H1,o,o,424.6432884847005,933.8741461938884,814.67575
e90f8e4d-Audio_SP22,H1,o,o,475.193592424592,656.1530194382748,822.95075
e90f8e4d-Audio_SP22,H1,o,o,511.4986213135185,938.5759228547752,823.32375
e90f8e4d-Audio_SP22,H1,o,o,426.6427034819825,657.0707661921914,824.39575
e90f8e4d-Audio_SP22,H1,o,o,447.0573065679083,870.9398909424366,828.04375
e90f8e4d-Audio_SP22,H1,o,o,550.5205881442354,1339.1048550057649,830.55275
e90f8e4d-Audio_SP22,H1,o,o,498.2424574733506,693.6972897160375,832.0327500000001
e90f8e4d-Audio_SP22,H1,o,o,517.1323936882887,1226.7370294692585,834.6927499999999
e90f8e4d-Audio_SP22,H1,o,o,554.0870556936188,928.9374676618968,852.9737500000001
e90f8e4d-Audio_SP22,H1,o,o,660.2428261287442,1169.4621156251048,868.34775
e90f8e4d-Audio_SP22,H1,o,o,546.2272556837869,1054.860147662533,870.3407500000001
e90f8e4d-Audio_SP22,H1,o,o,519.1912739129344,946.8643551931202,872.49575
e90f8e4d-Audio_SP22,H1,o,o,592.8684612758296,930.9217377090954,872.75575
e90f8e4d-Audio_SP22,H1,o,o,586.7243594013584,1080.7165589430278,873.15275
e90f8e4d-Audio_SP22,H1,o,o,419.8939549364509,464.0358514971341,874.1927499999999
e90f8e4d-Audio_SP22,H1,o,o,508.7761387390564,992.7266139325444,874.4877500000001
e90f8e4d-Audio_SP22,H1,o,o,446.2355706786485,963.9677880577628,876.53775
e90f8e4d-Audio_SP22,H1,o,o,540.0727638186653,906.4933618712042,878.74575
e90f8e4d-Audio_SP22,H1,o,o,575.5630345770758,792.5510227761259,879.9737500000001
e90f8e4d-Audio_SP22,H1,o,o,557.5405789202821,1128.1879120040242,883.92375
e90f8e4d-Audio_SP22,H1,o,o,582.0600258380765,898.1823441328135,898.27375
e90f8e4d-Audio_SP22,H1,o,o,462.8369628028408,1044.4603033019491,900.4637500000001
e90f8e4d-Audio_SP22,H1,o,o,421.4743898735855,777.3310992818733,901.12375
e90f8e4d-Audio_SP22,H1,o,o,511.2354008477391,1061.5679245954736,902.15575
e90f8e4d-Audio_SP22,H1,o,o,574.8906048762145,845.8369548611887,920.66375
e90f8e4d-Audio_SP22,H1,o,o,790.7066695641471,1371.5712290017252,920.94375
e90f8e4d-Audio_SP22,H1,o,o,518.1361381329913,938.4791133625216,922.75375
e90f8e4d-Audio_SP22,H1,o,o,559.9661467894668,1418.9175681284885,945.60375
e90f8e4d-Audio_SP22,H1,o,o,581.4977603433607,1032.662160592531,947.14575
e90f8e4d-Audio_SP22,H1,o,o,450.2577396465633,603.6450150621816,947.24875
e90f8e4d-Audio_SP22,H1,o,o,517.4332781836886,887.4240177803593,954.22375
e90f8e4d-Audio_SP22,H1,o,o,486.773948082645,889.3892358881316,955.72575
e90f8e4d-Audio_SP22,H1,o,o,499.05136840828817,704.442885191808,963.46275
e90f8e4d-Audio_SP22,H1,o,o,482.3205459358963,1085.6234040451886,966.05275
e90f8e4d-Audio_SP22,H1,o,o,484.027096648177,821.3838037375148,967.30375
e90f8e4d-Audio_SP22,H1,o,o,551.6891022276025,860.5111073852044,967.85075
e90f8e4d-Audio_SP22,H1,o,o,501.67157661805714,875.683446986629,969.25875
e90f8e4d-Audio_SP22,H1,o,o,497.70085828515664,801.2006911591753,971.82575
e90f8e4d-Audio_SP22,H1,o,o,526.4044897461185,769.884014243799,975.34575
e90f8e4d-Audio_SP22,H1,o,o,441.9229109596268,613.2951530335231,975.90575
e90f8e4d-Audio_SP22,H1,o,o,506.9780112383355,772.5202797134295,978.27375
e90f8e4d-Audio_SP22,H1,o,o,629.3739208185069,1042.9443558225332,1003.75375
e90f8e4d-Audio_SP22,H1,o,o,470.11310224349774,1026.5444277036636,1004.07275
e90f8e4d-Audio_SP22,H1,o,o,436.8607634659878,909.4743132255056,1075.3737499999995
e90f8e4d-Audio_SP22,H1,o,o,559.5340971637119,1195.885700870332,1075.6807500000002
e90f8e4d-Audio_SP22,H1,o,o,539.7554373263223,1007.306364275486,1077.1237499999995
e90f8e4d-Audio_SP22,H1,o,o,478.9053687397239,1075.658420503764,1078.07575
e90f8e4d-Audio_SP22,H1,o,o,460.1866763207008,1024.3606990498645,1080.97275
e90f8e4d-Audio_SP22,H1,o,o,509.11344017076254,859.3337988722388,1082.58875
e90f8e4d-Audio_SP22,H1,o,o,466.4378730514412,999.4870678647164,1088.77575
e90f8e4d-Audio_SP22,H1,o,o,433.3809905339244,698.4891513639031,1092.5637499999998
e90f8e4d-Audio_SP22,H1,o,o,385.4070873642774,1469.8643836361405,1093.14075
e90f8e4d-Audio_SP22,H1,o,o,480.8390767367802,1175.5984983930066,1095.8737499999995
e90f8e4d-Audio_SP22,H1,o,o,469.10001662102815,1029.629728742637,1097.40375
e90f8e4d-Audio_SP22,H1,o,o,338.2062643886331,439.84389914874174,1097.51775
e90f8e4d-Audio_SP22,H1,o,o,487.15682737927386,918.1958873033204,1101.6997500000002
e90f8e4d-Audio_SP22,H1,o,o,479.5209872569988,922.4021328566208,1106.19875
e90f8e4d-Audio_SP22,H1,o,o,458.2689593040187,1257.8033421012865,1106.45775
e90f8e4d-Audio_SP22,H1,o,o,430.166123132984,492.96149328307246,1107.5737499999998
e90f8e4d-Audio_SP22,H1,o,o,564.9660128961668,1219.5877884899796,1118.96375
e90f8e4d-Audio_SP22,H1,o,o,441.2440206830855,1168.8966036068916,1123.14375
e90f8e4d-Audio_SP22,H1,o,o,448.06457285753487,472.2508832481206,1129.24375
e90f8e4d-Audio_SP22,H1,o,o,469.8267567615719,1320.0238695583682,1130.33575
e90f8e4d-Audio_SP22,H1,o,o,445.72589439582055,1414.5867544997564,1132.0137499999998
e90f8e4d-Audio_SP22,H1,o,o,522.8737769496079,1217.9281217228804,1162.03275
e90f8e4d-Audio_SP22,H1,o,o,517.9220500075518,1193.2393792925452,1179.27775
e90f8e4d-Audio_SP22,H1,o,o,591.6284589224141,1358.5475933984585,1182.03275
e90f8e4d-Audio_SP22,H1,o,o,523.1427025699162,705.0458212966163,1182.84875
e90f8e4d-Audio_SP22,H1,o,o,648.2908920531034,859.185624747557,1185.6437499999995
e90f8e4d-Audio_SP22,H1,o,o,458.7862500147013,1092.4322006363814,1187.47375
e90f8e4d-Audio_SP22,H1,o,o,523.2187040059937,931.0514990568646,1190.85575
e90f8e4d-Audio_SP22,H1,o,o,485.1044214329756,1065.4423738134017,1191.97375
e90f8e4d-Audio_SP22,H1,o,o,576.488892961897,952.5830657378744,1192.39775
e90f8e4d-Audio_SP22,H1,o,o,571.5530699921011,1105.0168114103055,1214.91575
e90f8e4d-Audio_SP22,H1,o,o,565.6741838253378,1083.9534306792389,1215.19875
e90f8e4d-Audio_SP22,H1,o,o,640.4644596583371,1078.8957103346047,1227.1037499999998
e90f8e4d-Audio_SP22,H1,o,o,527.0652339963596,816.1889547361816,1231.45075
e90f8e4d-Audio_SP22,H1,o,o,426.7840097155406,657.6614806597881,1233.99375
e90f8e4d-Audio_SP22,H1,o,o,453.7428539045804,797.1130194393114,1234.5737499999998
e90f8e4d-Audio_SP22,H1,o,o,427.2378095402692,702.2461320502613,1236.95575
e90f8e4d-Audio_SP22,H1,o,o,449.7706002444681,1424.6704102061042,1245.14875
e90f8e4d-Audio_SP22,H1,o,o,453.9256079643265,878.0586663986427,1254.79575
e90f8e4d-Audio_SP22,H1,o,o,479.2562781558983,1381.9975757220827,1255.10875
e90f8e4d-Audio_SP22,H1,o,o,492.0639652864703,1191.3985865470909,1258.22375
e90f8e4d-Audio_SP22,H1,o,o,576.9649301493862,853.7339292676195,1258.66275
e90f8e4d-Audio_SP22,H1,o,o,511.5246504258462,1027.0888310970931,1260.76775
e90f8e4d-Audio_SP22,H1,o,o,534.3761301448254,1148.9102535262227,1261.90575
e90f8e4d-Audio_SP22,H1,o,o,555.2751322537035,1276.8433482435817,1266.3737499999995
e90f8e4d-Audio_SP22,H1,o,o,547.0648630245524,1032.343297822796,1284.2007500000002
e90f8e4d-Audio_SP22,H1,o,o,594.7994595016637,1009.16691209951,1309.00575
e90f8e4d-Audio_SP22,H1,o,o,430.979099736026,818.7528142925564,1309.77575
e90f8e4d-Audio_SP22,H1,o,o,489.11597396912725,1076.467463152164,1310.2837499999998
e90f8e4d-Audio_SP22,H1,o,o,445.0587065208394,755.7100472692592,1314.3237499999998
e90f8e4d-Audio_SP22,H1,o,o,447.9557063071797,1016.9152776763278,1315.8427499999998
e90f8e4d-Audio_SP22,H1,o,o,480.0696193768856,853.4513801969763,1316.23375
e90f8e4d-Audio_SP22,H1,o,o,482.7244132781207,1029.4154629555696,1317.53075
e90f8e4d-Audio_SP22,H1,o,o,695.9581515704738,1257.727949676174,1346.0737499999998
e90f8e4d-Audio_SP22,H1,o,o,498.305899641178,1171.277129738332,1347.63575
e90f8e4d-Audio_SP22,H1,o,o,494.649783870617,1022.6713800202892,1348.08075
e90f8e4d-Audio_SP22,H1,o,o,345.8963780744954,489.8143891485846,1349.77375
e90f8e4d-Audio_SP22,H1,o,o,494.80799092765886,1234.1830084464336,1350.78575
e90f8e4d-Audio_SP22,H1,o,o,452.3608220455537,1467.5184666053765,1352.21575
e90f8e4d-Audio_SP22,H1,o,o,468.2451975370977,1017.8171372321444,1352.8427499999998
e90f8e4d-Audio_SP22,H1,o,o,527.9740260259482,1229.0549936156517,1353.60875
e90f8e4d-Audio_SP22,H1,o,o,391.3489864012212,919.8556533468642,1354.83575
e90f8e4d-Audio_SP22,H1,o,o,455.8516186361258,1047.830426944986,1355.1227499999998
e90f8e4d-Audio_SP22,H1,o,o,487.46852192068303,951.6201330372608,1390.31875
e90f8e4d-Audio_SP22,H1,o,o,485.2991680555334,1250.1466049472067,1390.65875
e90f8e4d-Audio_SP22,H1,o,o,513.9592952782677,1274.239072908663,1391.40575
e90f8e4d-Audio_SP22,H1,o,o,478.7665247366712,1069.3630552168015,1391.9707500000002
e90f8e4d-Audio_SP22,H1,o,o,536.9947146795223,1282.303026542384,1392.5937499999998
e90f8e4d-Audio_SP22,H1,o,o,416.5937350653173,1499.062419824481,1393.20375
e90f8e4d-Audio_SP22,H1,o,o,532.7994695810272,1135.473381716195,1393.3637499999998
e90f8e4d-Audio_SP22,H1,o,o,504.7911706323192,1068.2664296879634,1393.98275
e90f8e4d-Audio_SP22,H1,o,o,461.0120073806564,1132.3329084549364,1395.82775
e90f8e4d-Audio_SP22,H1,o,o,565.3608644841412,1534.3881550354577,1416.0537499999998
e90f8e4d-Audio_SP22,H2,o,o,487.7088084498367,834.0747713788545,1420.35275
e90f8e4d-Audio_SP22,H2,o,o,572.3140042001203,1032.0072182829697,1422.40375
e90f8e4d-Audio_SP22,H2,o,o,469.9226509732967,672.1126577398736,1423.23875
e90f8e4d-Audio_SP22,H2,o,o,586.9346743673266,1076.6121531962522,1433.60075
e90f8e4d-Audio_SP22,H2,o,o,559.0346018091461,1027.266372103748,1435.15375
e90f8e4d-Audio_SP22,H2,o,o,502.235805764338,1247.1577063317502,1436.1137499999998
e90f8e4d-Audio_SP22,H2,o,o,491.2262307165692,956.9259983428956,1436.61575
e90f8e4d-Audio_SP22,H2,o,o,351.2060735527188,997.8223144395472,1436.97575
e90f8e4d-Audio_SP22,H2,o,o,531.2117447737675,921.6085841485432,1437.60575
e90f8e4d-Audio_SP22,H2,o,o,502.7999464852159,834.3382832746686,1442.36075
e90f8e4d-Audio_SP22,H2,o,o,424.7754211768191,760.0116631049831,1444.88575
e90f8e4d-Audio_SP22,H2,o,o,507.9711632345191,992.6266062085692,1446.21575
e90f8e4d-Audio_SP22,H2,o,o,580.6334632500361,846.6949232731962,1458.2027500000002
e90f8e4d-Audio_SP22,H2,o,o,531.4395464908758,997.7997566456344,1460.4607500000002
e90f8e4d-Audio_SP22,H2,o,o,531.0081794370478,1023.7786910175768,1466.92275
e90f8e4d-Audio_SP22,H2,o,o,598.3164892786314,1281.987438319068,1471.6807500000002
e90f8e4d-Audio_SP22,H2,o,o,515.3555659817595,932.5881071619664,1473.7107500000002
e90f8e4d-Audio_SP22,H2,o,o,495.8377848540627,964.7613221896854,1474.39575
e90f8e4d-Audio_SP22,H2,o,o,548.9447375979262,978.0437313178649,1474.90375
e90f8e4d-Audio_SP22,H2,o,o,640.139530970326,1018.5114515585416,1476.11575
e90f8e4d-Audio_SP22,H2,o,o,533.449594908326,777.0291821333079,1479.71775
e90f8e4d-Audio_SP22,H2,o,o,470.8898707832796,975.3888975276328,1483.0627499999998
e90f8e4d-Audio_SP22,H2,o,o,508.0507805526294,1144.3608819065196,1484.03875
e90f8e4d-Audio_SP22,H2,o,o,550.8575805065232,967.267401725339,1491.13575
e90f8e4d-Audio_SP22,H2,o,o,508.5969316929919,936.900363284608,1492.70275
e90f8e4d-Audio_SP22,H2,o,o,549.2502127603352,908.5644380771388,1498.49275
e90f8e4d-Audio_SP22,H2,o,o,602.184464215387,759.9036721806087,1498.80875
e90f8e4d-Audio_SP22,H2,o,o,372.8524585997845,1530.3815708130735,1501.42375
e90f8e4d-Audio_SP22,H2,o,o,459.77519961651774,1157.762786047335,1502.97775
e90f8e4d-Audio_SP22,H2,o,o,485.4406418229404,814.152975986141,1505.01875
e90f8e4d-Audio_SP22,H2,o,o,464.5769120796227,737.6904256653283,1506.94275
e90f8e4d-Audio_SP22,H2,o,o,513.0417857661727,1222.869921383586,1523.3427499999998
e90f8e4d-Audio_SP22,H2,o,o,528.6779540004026,929.5173220961224,1523.99275
e90f8e4d-Audio_SP22,H2,o,o,404.53003001741166,1026.9657481389513,1524.19375
e90f8e4d-Audio_SP22,H2,o,o,669.5988743762009,1036.3975970451593,1536.0577500000002
e90f8e4d-Audio_SP22,H2,o,o,514.6035837497907,1180.100509257341,1538.79075
e90f8e4d-Audio_SP22,H2,o,o,485.37937872886863,1135.5978208795516,1556.00875
e90f8e4d-Audio_SP22,H2,o,o,482.42557720923367,788.969497907472,1556.73275
e90f8e4d-Audio_SP22,H2,o,o,519.4215003523784,1030.183491890592,1569.72775
e90f8e4d-Audio_SP22,H2,o,o,508.613684052196,1201.9563458590435,1571.74775
e90f8e4d-Audio_SP22,H2,o,o,541.5657416634388,939.140494452652,1573.96375
e90f8e4d-Audio_SP22,H2,o,o,541.0918724621929,1017.2821920097764,1574.76775
e90f8e4d-Audio_SP22,H2,o,o,600.0447055997981,1255.9901654100838,1578.68575
e90f8e4d-Audio_SP22,H2,o,o,492.0570782103156,1323.1097663620085,1579.47375
e90f8e4d-Audio_SP22,H2,o,o,477.8966156443725,987.0975659422631,1581.91275
e90f8e4d-Audio_SP22,H2,o,o,538.6233763924872,1000.8230312692662,1582.0437499999998
e90f8e4d-Audio_SP22,H2,o,o,486.7054391127939,1237.2935516458608,1587.71375
e90f8e4d-Audio_SP22,H2,o,o,452.3444517936441,514.8071981487486,1589.76775
e90f8e4d-Audio_SP22,H2,o,o,459.9863743562748,792.1563366738254,1590.86875
e90f8e4d-Audio_SP22,H2,o,o,511.2526628544792,939.3095720569792,1591.14375
e90f8e4d-Audio_SP22,H2,o,o,409.7425749352572,714.7980925380164,1597.1337499999995
e90f8e4d-Audio_SP22,H2,o,o,508.9350853359443,1198.295892959081,1598.82575
e90f8e4d-Audio_SP22,H2,o,o,519.3683517999076,1084.3866243150774,1606.14575
e90f8e4d-Audio_SP22,H2,o,o,438.722204143228,1194.6225031777476,1635.8827499999998
e90f8e4d-Audio_SP22,H2,o,o,492.31985366215537,1360.534541328205,1637.65775
e90f8e4d-Audio_SP22,H2,o,o,528.6370451173206,934.4162506869048,1647.28075
e90f8e4d-Audio_SP22,H2,o,o,510.97341800076686,1159.4220648769144,1648.17575
e90f8e4d-Audio_SP22,H2,o,o,510.24147523138873,999.419617974162,1660.30775
e90f8e4d-Audio_SP22,H2,o,o,405.2491778716708,779.1277896891564,1660.44375
e90f8e4d-Audio_SP22,H2,o,o,542.0184765169749,1279.5675428382858,1663.8637499999998
e90f8e4d-Audio_SP22,H2,o,o,445.0859738432696,900.0451975585912,1686.66875
e90f8e4d-Audio_SP22,H2,o,o,514.6825354558895,1237.703763168049,1686.95875
e90f8e4d-Audio_SP22,H2,o,o,483.7898898211157,968.7841280506811,1687.2837499999998
e90f8e4d-Audio_SP22,H2,o,o,491.9067094209539,1300.1373279608456,1689.26875
e90f8e4d-Audio_SP22,H2,o,o,439.00452656646223,866.9019883985596,1690.97375
e90f8e4d-Audio_SP22,H2,o,o,364.6368970921344,1133.5661773256754,1696.47375
e90f8e4d-Audio_SP22,H2,o,o,431.3612423923607,1296.0173552896283,1698.82575
e90f8e4d-Audio_SP22,H2,o,o,503.0636539801978,1087.8357678779282,1700.6907500000002
e90f8e4d-Audio_SP22,H2,o,o,435.2366182396352,670.1945777447945,1714.0727499999998
e90f8e4d-Audio_SP22,H2,o,o,474.0768875689375,911.7371427192844,1714.47575
e90f8e4d-Audio_SP22,H2,o,o,406.75722887137846,852.0707678118788,1720.45375
e90f8e4d-Audio_SP22,H2,o,o,473.74631557775473,1010.197747596381,1720.64775
e90f8e4d-Audio_SP22,H2,o,o,437.05940979102274,979.3669567888644,1721.8637499999998
e90f8e4d-Audio_SP22,H2,o,o,404.6923892521753,943.6759520704196,1722.41775
e90f8e4d-Audio_SP22,H2,o,o,589.2202966981022,1088.9024748037848,1740.40775
e90f8e4d-Audio_SP22,H2,o,o,464.56695153616033,1007.3882265454484,1759.53575
e90f8e4d-Audio_SP22,H2,o,o,430.3483621975174,872.955798418479,1760.1427499999998
e90f8e4d-Audio_SP22,H2,o,o,638.2483971912008,1122.044075846731,1764.8337499999998
e90f8e4d-Audio_SP22,H2,o,o,414.5811428321744,799.8867529079481,1765.02275
e90f8e4d-Audio_SP22,H2,o,o,291.2826361492992,608.0204490661762,1765.42375
e90f8e4d-Audio_SP22,H2,o,o,445.15732806886575,1328.3938767899476,1768.60075
e90f8e4d-Audio_SP22,H2,o,o,465.9625116432357,845.1159879061422,1782.22375
e90f8e4d-Audio_SP22,H2,o,o,469.8235279545791,893.0680758225701,1782.54075
e90f8e4d-Audio_SP22,H2,o,o,522.1100403637346,1073.9125616452006,1785.49575
e90f8e4d-Audio_SP22,H2,o,o,437.5855516947221,859.9169401499604,1785.96375
e90f8e4d-Audio_SP22,H2,o,o,623.643815221442,1027.3349171055988,1786.45375
e90f8e4d-Audio_SP22,H2,o,o,455.55923638551457,858.8868539116773,1786.59875
e90f8e4d-Audio_SP22,H2,o,o,436.6392265046231,931.5011203288792,1790.51575
e90f8e4d-Audio_SP22,H2,o,o,453.6339479199896,1288.0610053753785,1791.51075
e90f8e4d-Audio_SP22,H2,o,o,472.0177477448789,1121.8955811959922,1792.25775
e90f8e4d-Audio_SP22,H2,o,o,462.4819045686392,1136.902784236477,1796.63575
e90f8e4d-Audio_SP22,H2,o,o,384.2684055504079,1025.4793316983316,1796.8637499999998
e90f8e4d-Audio_SP22,H2,o,o,395.32963685518746,1122.582460497275,1797.64375
e90f8e4d-Audio_SP22,H2,o,o,371.0765325318626,489.6371600754599,1798.17375
e90f8e4d-Audio_SP22,H2,o,o,538.9839985128348,1379.9820707044278,1806.38775
e90f8e4d-Audio_SP22,H2,o,o,475.4630059455548,1384.574046480377,1807.47375
e90f8e4d-Audio_SP22,H2,o,o,516.780231571858,1060.913501843314,1820.97075
e90f8e4d-Audio_SP22,H2,o,o,400.8321145918405,907.0271058780148,1822.05375
e90f8e4d-Audio_SP22,H2,o,o,440.55761255084894,811.4312794523366,1822.56775
e90f8e4d-Audio_SP22,H2,o,o,467.56093963796553,1462.0192439455427,1832.55375
e90f8e4d-Audio_SP22,H2,o,o,469.1137782459888,1026.125091567337,1833.73575
e90f8e4d-Audio_SP22,H2,o,o,352.5074242944558,476.92807760502967,1834.14875
e90f8e4d-Audio_SP22,H2,o,o,578.5432703568335,1203.8424793686486,1834.35775
e90f8e4d-Audio_SP22,H2,o,o,513.1093406165314,1083.9284851337752,1835.33375
e90f8e4d-Audio_SP22,H2,o,o,502.4762140194624,1077.32774457023,1889.09375
e90f8e4d-Audio_SP22,H2,o,o,439.4894029097214,827.8329366306499,1889.54575
e90f8e4d-Audio_SP22,H2,o,o,504.3793890945892,1466.560626706084,1905.01375
e90f8e4d-Audio_SP22,H2,o,o,469.30082182671487,1175.3717240113651,1909.97375
e90f8e4d-Audio_SP22,H2,o,o,389.8001091324543,599.5720581687799,1917.00775
e90f8e4d-Audio_SP22,H2,o,o,557.1185990977932,1327.1954102018854,1919.91575
e90f8e4d-Audio_SP22,H2,o,o,514.4421999237269,1025.6811601532368,1936.34275
e90f8e4d-Audio_SP22,H2,o,o,467.72876851091087,1022.6715709273536,1966.14375
e90f8e4d-Audio_SP22,H2,o,o,456.53767347785606,963.2188663654224,1971.24775
e90f8e4d-Audio_SP22,H2,o,o,457.5463893033861,1029.4409403825107,1972.20375
e90f8e4d-Audio_SP22,H2,o,o,425.42720742315055,467.3655285743684,1972.74875
e90f8e4d-Audio_SP22,H2,o,o,411.4762046382841,757.9292078242524,1973.49875
e90f8e4d-Audio_SP22,H2,o,o,408.1240015492447,593.2656609952796,1973.63775
e90f8e4d-Audio_SP22,H2,o,o,654.803058462609,1242.226385573468,2001.84275
e90f8e4d-Audio_SP22,H2,o,o,459.0228299588162,828.1893729382729,2003.33575
e90f8e4d-Audio_SP22,H2,o,o,494.0514576866147,1202.208314147289,2003.59275
e90f8e4d-Audio_SP22,H2,o,o,435.0636679786071,1133.2016203787034,2005.02375
e90f8e4d-Audio_SP22,H2,o,o,492.7776932888158,932.3939951664938,2006.19575
e90f8e4d-Audio_SP22,H2,o,o,553.2422261663664,851.4955287440619,2017.22075
e90f8e4d-Audio_SP22,H2,o,o,589.4705967941507,946.248863331118,2017.90375
e90f8e4d-Audio_SP22,H2,o,o,468.3073354244086,935.6356925813908,2018.80575
e90f8e4d-Audio_SP22,H2,o,o,470.3096275749033,849.0164136109408,2020.72375
e90f8e4d-Audio_SP22,H2,o,o,382.60598825895937,841.915224114371,2021.83375
e90f8e4d-Audio_SP22,H2,o,o,489.04782807233903,1101.922974883867,2021.97875
e90f8e4d-Audio_SP22,H2,o,o,474.02215517228746,920.6106088717598,2025.50775
e90f8e4d-Audio_SP22,H2,o,o,445.7927050895824,929.8765673105974,2026.55275
e90f8e4d-Audio_SP22,H2,o,o,538.2564322548446,923.5492527528434,2026.81575
e90f8e4d-Audio_SP22,H2,o,o,460.4378099598963,946.7341914783566,2026.95075
e90f8e4d-Audio_SP22,H2,o,o,443.0865245565938,844.3031129794817,2028.00275
e90f8e4d-Audio_SP22,H2,o,o,500.2667382262751,1081.5041277957434,2039.35075
e90f8e4d-Audio_SP22,H2,o,o,541.6295448122341,1016.5515498622082,2041.16275
e90f8e4d-Audio_SP22,H2,o,o,559.0002802126058,1122.9255614042766,2041.78875
e90f8e4d-Audio_SP22,H2,o,o,497.7727127423881,1177.925013977063,2059.88875
e90f8e4d-Audio_SP22,H2,o,o,495.2907290650414,1164.0577674155984,2060.83575
e90f8e4d-Audio_SP22,H2,o,o,421.29640779693005,964.0437282841872,2061.53875
e90f8e4d-Audio_SP22,H2,o,o,381.5916174888845,1012.8749554361556,2064.93375
e90f8e4d-Audio_SP22,H2,o,o,418.1609239607806,1498.2063503716845,2066.25275
e90f8e4d-Audio_SP22,H2,o,o,559.5163732866316,999.4071675855276,2071.96075
e90f8e4d-Audio_SP22,H2,o,o,461.6526511340166,914.9123694308056,2073.57875
e90f8e4d-Audio_SP22,H2,o,o,494.4506892121008,1243.461273742334,2076.06275
e90f8e4d-Audio_SP22,H2,o,o,505.4416116229999,977.8557477827788,2078.08875
e90f8e4d-Audio_SP22,H2,o,o,636.3312587924721,1136.13148563554,2089.04075
e90f8e4d-Audio_SP22,H2,o,o,467.0896390613726,1115.75332119023,2089.77575
e90f8e4d-Audio_SP22,H2,o,o,529.8175388927268,920.7556038503132,2090.07575
e90f8e4d-Audio_SP22,H2,o,o,408.4603316209668,857.8337749377038,2090.48575
e90f8e4d-Audio_SP22,H2,o,o,389.84276314445,755.5208947143652,2091.45375
e90f8e4d-Audio_SP22,H2,o,o,413.5023710245005,768.7241431401482,2091.55875
e90f8e4d-Audio_SP22,H2,o,o,576.266099773172,1067.1397942914425,2091.98275
e90f8e4d-Audio_SP22,H2,o,o,576.8931356459423,1077.350488509985,2108.97875
e90f8e4d-Audio_SP22,H2,o,o,541.2942212290709,845.2578275650086,2111.37775
e90f8e4d-Audio_SP22,H2,o,o,583.134570539513,1236.0301762858498,2112.19375
e90f8e4d-Audio_SP22,H2,o,o,559.6884000420382,1059.5645311332596,2112.32075
e90f8e4d-Audio_SP22,H2,o,o,461.369171223414,809.4415186990219,2113.12575
e90f8e4d-Audio_SP22,H2,o,o,474.40646871121527,948.062956617828,2113.25775
e90f8e4d-Audio_SP22,H2,o,o,339.3972255924534,429.3149674781472,2113.75275
e90f8e4d-Audio_SP22,H2,o,o,528.472700456658,1069.332606230344,2114.5087499999995
e90f8e4d-Audio_SP22,H2,o,o,563.9595209418723,1132.4296470290294,2115.40375
e90f8e4d-Audio_SP22,H2,o,o,354.5865604493269,689.5539414605864,2117.25075
e90f8e4d-Audio_SP22,H2,o,o,594.3583102458731,1411.5862523755195,2117.57575
e90f8e4d-Audio_SP22,H2,o,o,536.9924658190577,1292.3399871896015,2119.16875
e90f8e4d-Audio_SP22,H2,o,o,511.119995894489,1041.3027616930376,2122.3427500000003
e90f8e4d-Audio_SP22,H2,o,o,675.2739001542784,1183.5059366919777,2122.71275
e90f8e4d-Audio_SP22,H2,o,o,578.0035683535232,1083.1588978725622,2123.20875
e90f8e4d-Audio_SP22,H2,o,o,461.0856691161407,931.9331061102048,2125.47275
e90f8e4d-Audio_SP22,H2,o,o,517.4311888628953,1260.611573636057,2125.69375
e90f8e4d-Audio_SP22,H2,o,o,404.3264111825786,739.1438311368033,2128.20775
e90f8e4d-Audio_SP22,H2,o,o,371.6458889909625,435.6492580794801,2130.19375
e90f8e4d-Audio_SP22,H2,o,o,683.181905009673,1051.967712518842,2142.77275
e90f8e4d-Audio_SP22,H2,o,o,529.175158251679,785.3835102792873,2143.74575
e90f8e4d-Audio_SP22,H2,o,o,665.4588224025548,1037.6301575294035,2146.49875
e90f8e4d-Audio_SP22,H2,o,o,659.0453475278222,1184.047295312871,2153.91875
e90f8e4d-Audio_SP22,H2,o,o,637.5517509925747,1105.2797247908898,2155.0327500000003
e90f8e4d-Audio_SP22,H2,o,o,485.4319168807412,1293.9954278836954,2173.78575
e90f8e4d-Audio_SP22,H2,o,o,535.159853967976,638.354004748319,2174.12075
e90f8e4d-Audio_SP22,H2,o,o,453.37632921949165,769.3826698239403,2174.40575
e90f8e4d-Audio_SP22,H2,o,o,472.97732322266666,1027.5514833446086,2174.94875
e90f8e4d-Audio_SP22,H2,o,o,811.8756514070079,1195.3757388557665,2177.24575
e90f8e4d-Audio_SP22,H2,o,o,511.4918590116935,1253.694380640496,2177.80375
e90f8e4d-Audio_SP22,H2,o,o,438.01291013697903,1415.8573776633482,2211.48775
e90f8e4d-Audio_SP22,H2,o,o,558.9448749040412,1133.9209554153351,2213.62375
e90f8e4d-Audio_SP22,H2,o,o,583.9549805757388,1313.630338950957,2215.65375
e90f8e4d-Audio_SP22,H2,o,o,630.8055970041778,1181.6333941633336,2216.92775
e90f8e4d-Audio_SP22,H2,o,o,398.0347826645869,976.7390829283812,2220.5437500000003
e90f8e4d-Audio_SP22,H2,o,o,515.6274686219106,1161.4272989305648,2221.39575
e90f8e4d-Audio_SP22,H2,o,o,685.8994972179587,937.2351937412042,2237.16075
e90f8e4d-Audio_SP22,H2,o,o,507.0984895867912,879.5778085001868,2237.61875
e90f8e4d-Audio_SP22,H2,o,o,610.5200386905622,1178.2619658176866,2238.21375
e90f8e4d-Audio_SP22,H2,o,o,492.25782528857445,1008.2284113556946,2242.88375
e90f8e4d-Audio_SP22,H2,o,o,669.636913930159,996.8986127200984,2243.0107499999995
e90f8e4d-Audio_SP22,H2,o,o,447.87611183895854,969.4254505812978,2243.35575
e90f8e4d-Audio_SP22,H2,o,o,537.5863446246407,885.516082010761,2253.25275
e90f8e4d-Audio_SP22,H2,o,o,540.3193027020749,1388.218041595232,2254.35375
e90f8e4d-Audio_SP22,H2,o,o,482.6418729047928,1040.5782351350044,2257.17875
e90f8e4d-Audio_SP22,H2,o,o,605.5000047337908,1105.202957176038,2257.69375
e90f8e4d-Audio_SP22,H2,o,o,493.44155938806574,1311.8195065315483,2258.14575
e90f8e4d-Audio_SP22,H2,o,o,587.1257215739244,1049.515872763601,2272.29575
e90f8e4d-Audio_SP22,H2,o,o,487.1083379087673,1041.1532277683373,2291.83775
e90f8e4d-Audio_SP22,H2,o,o,561.842038926936,1086.6789479050142,2292.41375
e90f8e4d-Audio_SP22,H2,o,o,474.0878214353081,1783.6074646830018,2293.12375
e90f8e4d-Audio_SP22,H2,o,o,470.1044018059344,1386.791142737192,2325.01575
e90f8e4d-Audio_SP22,H2,o,o,532.2218545303491,1384.2807888539764,2334.96075
e90f8e4d-Audio_SP22,H2,o,o,504.2395998139832,1192.5899438944307,2335.44875
e90f8e4d-Audio_SP22,H2,o,o,418.5807913911364,800.6269206015294,2337.18875
e90f8e4d-Audio_SP22,H2,o,o,544.3945921542964,893.1327375542443,2338.97775
e90f8e4d-Audio_SP22,H2,o,o,477.4752059297458,806.133552081345,2340.1137500000004
e90f8e4d-Audio_SP22,H2,o,o,482.7943796985844,774.0775986514213,2341.29875
e90f8e4d-Audio_SP22,H2,o,o,478.5060031162023,938.8178320045146,2345.4927500000003
e90f8e4d-Audio_SP22,H2,o,o,599.8990861978123,1018.0691691659456,2345.59575
e90f8e4d-Audio_SP22,H2,o,o,518.5746922539709,933.1366581177156,2348.43375
e90f8e4d-Audio_SP22,H2,o,o,510.7831473883943,1239.6218253109234,2350.12275
e90f8e4d-Audio_SP22,H2,o,o,500.5145866300252,1003.5192634126718,2350.76375
e90f8e4d-Audio_SP22,H2,o,o,587.1376641835252,1062.6322268856084,2351.02275
e90f8e4d-Audio_SP22,H2,o,o,489.5259806249241,887.150618249592,2356.22375
e90f8e4d-Audio_SP22,H2,o,o,532.5995215653368,700.8076733767554,2358.17075
e90f8e4d-Audio_SP22,H2,o,o,460.44508523142736,939.1733733122132,2361.7407499999995
e90f8e4d-Audio_SP22,H2,o,o,519.2366403054737,773.1502743579069,2363.29875
e90f8e4d-Audio_SP22,H2,o,o,469.42141911424886,1071.2650836034452,2364.53775
e90f8e4d-Audio_SP22,H2,o,o,493.9404297528876,821.2037301014843,2365.03775
e90f8e4d-Audio_SP22,H2,o,o,491.5101109183561,919.8195797597645,2375.85775
e90f8e4d-Audio_SP22,H2,o,o,528.365113020785,810.9531153540939,2410.61375
e90f8e4d-Audio_SP22,H2,o,o,484.6836591515192,1053.566878972346,2413.65775
e90f8e4d-Audio_SP22,H2,o,o,554.5315913255115,988.3352332289526,2416.92275
e90f8e4d-Audio_SP22,H2,o,o,455.2162992995039,1001.5360572000463,2418.0237500000003
e90f8e4d-Audio_SP22,H2,o,o,591.8287113573293,983.5674594857088,2419.78775
e90f8e4d-Audio_SP22,H2,o,o,488.5144320193304,1264.198493178947,2422.77575
e90f8e4d-Audio_SP22,H2,o,o,527.9242059396959,1056.5860633095958,2423.2427500000003
e90f8e4d-Audio_SP22,H2,o,o,470.3492483848368,1095.1439098779929,2433.77775
e90f8e4d-Audio_SP22,H2,o,o,496.9001835384133,988.9926523844229,2441.09775
e90f8e4d-Audio_SP22,H2,o,o,465.8375628084085,769.1882305952312,2454.09575
e90f8e4d-Audio_SP22,H2,o,o,519.0768363547355,1086.6738564195757,2454.45375
e90f8e4d-Audio_SP22,H2,o,o,542.5550086845994,1006.6882793770546,2454.7427500000003
e90f8e4d-Audio_SP22,H2,o,o,598.8761497792468,1075.995714734584,2455.11075
e90f8e4d-Audio_SP22,H2,o,o,610.6542860565303,1015.6916580360833,2497.75375
e90f8e4d-Audio_SP22,H2,o,o,546.2100883936728,1250.617694831072,2497.97275
e90f8e4d-Audio_SP22,H2,o,o,538.5121284450448,954.456836498342,2498.95375
e90f8e4d-Audio_SP22,H2,o,o,561.755067506312,947.7524026885268,2501.64775
e90f8e4d-Audio_SP22,H2,o,o,461.8924720474442,867.0249689945902,2503.33275
e90f8e4d-Audio_SP22,H2,o,o,406.08636432382696,615.751039873348,2503.4437500000004
e90f8e4d-Audio_SP22,H2,o,o,522.6213056147628,1358.9769665383392,2503.98875
e90f8e4d-Audio_SP22,H2,o,o,611.7410949145942,1059.714796677566,2505.85075
e90f8e4d-Audio_SP22,H2,o,o,572.0745023750509,1101.2891101247903,2506.11775
e90f8e4d-Audio_SP22,H2,o,o,507.1710634049748,1186.4122808001266,2509.32375
e90f8e4d-Audio_SP22,H2,o,o,577.6146704070002,976.840260960564,2509.5937500000005
e90f8e4d-Audio_SP22,H2,o,o,511.5717035413121,819.310868549821,2511.78875
e90f8e4d-Audio_SP22,H2,o,o,535.8190471483565,1030.7923023233643,2522.99775
e90f8e4d-Audio_SP22,H2,o,o,503.5310390353117,763.9674557552588,2523.99275
e90f8e4d-Audio_SP22,H2,o,o,563.91030188182,1157.8688274042477,2529.82575
e90f8e4d-Audio_SP22,H2,o,o,527.2744937447536,992.3849221335458,2531.1157500000004
e90f8e4d-Audio_SP22,H2,o,o,538.6888013066647,961.6775788551791,2532.13575
e90f8e4d-Audio_SP22,H2,o,o,456.3360127523151,866.5284899359384,2532.38275
e90f8e4d-Audio_SP22,H2,o,o,503.3023436401247,848.6811226668692,2532.86575
e90f8e4d-Audio_SP22,H2,o,o,458.7102984144879,795.9788162042314,2533.97375
e90f8e4d-Audio_SP22,H2,o,o,468.9548493811249,930.7541576807404,2536.68875
e90f8e4d-Audio_SP22,H2,o,o,525.7429205339198,1116.9654319139738,2537.64375
e90f8e4d-Audio_SP22,H2,o,o,512.9965119147444,884.1862901454647,2542.0237500000003
e90f8e4d-Audio_SP22,H2,o,o,450.63227796955897,682.3581067932028,2542.14875
e90f8e4d-Audio_SP22,H2,o,o,524.957934929546,1217.0630398001008,2542.7337500000003
e90f8e4d-Audio_SP22,H2,o,o,566.595554787494,1120.1257260535149,2545.7737500000003
e90f8e4d-Audio_SP22,H2,o,o,474.6965186897916,1166.027982641422,2545.90775
e90f8e4d-Audio_SP22,H2,o,o,510.0356135759599,1338.449383171234,2548.53875
e90f8e4d-Audio_SP22,H2,o,o,503.1144050799135,946.4348435114478,2548.87075
e90f8e4d-Audio_SP22,H2,o,o,427.6084798872509,1211.9484893747542,2549.75075
e90f8e4d-Audio_SP22,H2,o,o,566.9410117174865,1156.1385626457263,2550.0927500000003
e90f8e4d-Audio_SP22,H2,o,o,572.7574770289092,1132.288584063229,2552.99375
e90f8e4d-Audio_SP22,H2,o,o,460.1914013554703,1017.2689790307433,2554.12775
e90f8e4d-Audio_SP22,H2,o,o,503.0359416174484,837.6826254672155,2569.03775
e90f8e4d-Audio_SP22,H2,o,o,551.8636787741408,741.3219104693237,2592.30075
e90f8e4d-Audio_SP22,H2,o,o,479.3079491177167,725.322597116509,2593.93775
e90f8e4d-Audio_SP22,H2,o,o,445.4231461853424,786.8077810093583,2594.89875
e90f8e4d-Audio_SP22,H2,o,o,474.4422640261821,773.302261105249,2596.37575
e90f8e4d-Audio_SP22,H2,o,o,465.2329865494348,1341.5197394450945,2596.83075
e90f8e4d-Audio_SP22,H2,o,o,543.7807493932078,941.1934302793624,2604.16875
e90f8e4d-Audio_SP22,H2,o,o,396.2330277197127,1993.8445325178768,2633.49375
e90f8e4d-Audio_SP22,H2,o,o,642.3856162811844,1040.9425306736955,2637.53875
e90f8e4d-Audio_SP22,H2,o,o,413.4411095105266,785.3940740334386,2638.30375
e90f8e4d-Audio_SP22,H2,o,o,499.4768582098184,1347.5253880142436,2638.77575
e90f8e4d-Audio_SP22,H2,o,o,477.15802086774914,875.9414316912988,2639.63575
e90f8e4d-Audio_SP22,H2,o,o,500.7671220127805,1080.3611152801036,2640.01375
e90f8e4d-Audio_SP22,H2,o,o,454.7531865855167,801.9836410482599,2642.98375
e90f8e4d-Audio_SP22,H2,o,o,491.2234340806275,1231.2603640810669,2643.26575
e90f8e4d-Audio_SP22,H2,o,o,486.5033158202739,948.0787531101472,2660.94275
e90f8e4d-Audio_SP22,H2,o,o,452.86747436656447,752.8742109501518,2661.06075
e90f8e4d-Audio_SP22,H2,o,o,617.8688938496339,1208.7361697995832,2676.94275
e90f8e4d-Audio_SP22,H2,o,o,483.9204735126357,1027.543600599741,2678.8837500000004
e90f8e4d-Audio_SP22,H2,o,o,475.94612635449096,1201.5484491745904,2681.68775
e90f8e4d-Audio_SP22,H2,o,o,570.9842964856313,1279.3114977414225,2681.96575
e90f8e4d-Audio_SP22,H2,o,o,423.0931159442509,902.5373112378048,2682.38275
e90f8e4d-Audio_SP22,H2,o,o,418.1496980071952,508.03376359470354,2682.67775
e90f8e4d-Audio_SP22,H2,o,o,581.9885228198615,1393.794125680878,2703.58875
e90f8e4d-Audio_SP22,H2,o,o,466.2009272775626,856.7313818720306,2707.41375
e90f8e4d-Audio_SP22,H2,o,o,463.2708815985087,875.3352670855672,2711.25775
e90f8e4d-Audio_SP22,H2,o,o,376.1732877286047,703.3351088954088,2711.39575
e90f8e4d-Audio_SP22,H2,o,o,547.8354967779346,1235.469396462489,2713.09775
e90f8e4d-Audio_SP22,H2,o,o,554.3246090550203,1000.2238633527272,2714.38075
e90f8e4d-Audio_SP22,H2,o,o,504.1643620840341,945.9587391234556,2718.3427500000003
e90f8e4d-Audio_SP22,H2,o,o,490.5898771281949,1562.4403228601616,2721.39775
e90f8e4d-Audio_SP22,H2,o,o,518.0056572774295,1316.5856812014688,2725.22575
e90f8e4d-Audio_SP22,H2,o,o,521.1689557192141,1080.91836236782,2725.94275
e90f8e4d-Audio_SP22,H2,o,o,468.0024854479172,900.5784531598651,2726.6537500000004
e90f8e4d-Audio_SP22,H2,o,o,372.7730871808735,449.4385933467863,2726.76575
e90f8e4d-Audio_SP22,H2,o,o,490.2091534840971,695.8813768171809,2729.39075
e90f8e4d-Audio_SP22,H2,o,o,409.62977137588496,580.3365791260273,2732.00275
e90f8e4d-Audio_SP22,H2,o,o,495.86224112401817,1150.2981836025035,2733.49775
e90f8e4d-Audio_SP22,H2,o,o,530.4270377189088,992.4005908447098,2735.9887499999995
e90f8e4d-Audio_SP22,H2,o,o,467.1060432193661,1053.4885548047066,2736.87375
e90f8e4d-Audio_SP22,H2,o,o,482.3648923687024,1366.7902755686782,2741.08075
e90f8e4d-Audio_SP22,H2,o,o,550.4469836894315,1061.9403923457694,2748.11275
e90f8e4d-Audio_SP22,H2,o,o,447.7328842768962,1207.8165821556297,2750.33575
e90f8e4d-Audio_SP22,H2,o,o,511.7451049844776,1179.336043729557,2758.28375
e90f8e4d-Audio_SP22,H2,o,o,506.2655455272585,1076.2768245146842,2759.6957500000003
e90f8e4d-Audio_SP22,H2,o,o,490.9479537859027,951.667081743655,2770.65275
e90f8e4d-Audio_SP22,H1,i,i,456.3120244619265,1723.4041881825449,37.93375
e90f8e4d-Audio_SP22,H1,i,i,408.693330335266,2429.616371509498,63.90275
e90f8e4d-Audio_SP22,H1,i,i,310.32752181030787,2030.8723996130548,65.69575
e90f8e4d-Audio_SP22,H1,i,i,313.20995795703664,2206.546496054926,68.77074999999999
e90f8e4d-Audio_SP22,H1,i,i,394.3841631496108,2429.033159195898,73.78075
e90f8e4d-Audio_SP22,H1,i,i,404.6945181598007,2361.1671031978326,75.49375
e90f8e4d-Audio_SP22,H1,i,i,362.4556227277501,2197.292351090641,75.90875
e90f8e4d-Audio_SP22,H1,i,i,403.9549649856109,2158.273536504644,84.28575
e90f8e4d-Audio_SP22,H1,i,i,363.16976168517954,2084.873467607099,85.45375
e90f8e4d-Audio_SP22,H1,i,i,331.87111092745977,2098.338275204216,89.16875
e90f8e4d-Audio_SP22,H1,i,i,329.2557554590159,2439.808378871234,90.21275
e90f8e4d-Audio_SP22,H1,i,i,318.51278163275134,2508.389611187314,97.54575
e90f8e4d-Audio_SP22,H1,i,i,366.7822655379681,2430.816269633449,109.64275
e90f8e4d-Audio_SP22,H1,i,i,439.9332070861252,2436.4294823463883,121.57875
e90f8e4d-Audio_SP22,H1,i,i,332.0787480729675,2293.682008379788,126.90875
e90f8e4d-Audio_SP22,H1,i,i,652.296187084534,1971.475843105607,130.93274999999997
e90f8e4d-Audio_SP22,H1,i,i,336.4383481684951,2484.127123671298,131.64274999999998
e90f8e4d-Audio_SP22,H1,i,i,269.12799518990033,2679.4367194373053,132.69074999999998
e90f8e4d-Audio_SP22,H1,i,i,374.0713509502665,2384.102585282666,133.58375
e90f8e4d-Audio_SP22,H1,i,i,347.81877759352955,1909.363132583934,147.54375000000002
e90f8e4d-Audio_SP22,H1,i,i,360.4607908834307,1976.8837156900995,149.39575
e90f8e4d-Audio_SP22,H1,i,i,393.7388456900299,2320.0721629413515,151.69375
e90f8e4d-Audio_SP22,H1,i,i,335.4430014929814,2158.908851775114,152.37275
e90f8e4d-Audio_SP22,H1,i,i,349.6872111034368,2374.040288152192,153.69074999999998
e90f8e4d-Audio_SP22,H1,i,i,424.40082779472505,2384.190101011204,153.94775
e90f8e4d-Audio_SP22,H1,i,i,412.6287973531749,2268.319013463892,155.17074999999997
e90f8e4d-Audio_SP22,H1,i,i,321.9103178318538,1719.470683828165,157.82274999999998
e90f8e4d-Audio_SP22,H1,i,i,340.3576188990956,2383.925609975723,158.33575
e90f8e4d-Audio_SP22,H1,i,i,388.92331527484777,2263.0568029114843,158.86275
e90f8e4d-Audio_SP22,H1,i,i,405.3095983968768,2251.577616283429,162.43075000000002
e90f8e4d-Audio_SP22,H1,i,i,383.0289878368232,2561.853111634243,190.31375
e90f8e4d-Audio_SP22,H1,i,i,323.8143267298091,2349.0974855715463,191.10375
e90f8e4d-Audio_SP22,H1,i,i,342.6973955583137,2253.1681176011275,194.75275
e90f8e4d-Audio_SP22,H1,i,i,301.2377105733432,2045.5698033549409,195.08575
e90f8e4d-Audio_SP22,H1,i,i,352.692088293669,2242.0268862645094,196.73575
e90f8e4d-Audio_SP22,H1,i,i,457.0008341149255,2083.60087637263,197.96275
e90f8e4d-Audio_SP22,H1,i,i,328.8997940226563,2284.6125248190115,198.88575
e90f8e4d-Audio_SP22,H1,i,i,381.881716952705,2245.6727189491376,203.82575
e90f8e4d-Audio_SP22,H1,i,i,469.51872410099134,1992.331154129156,215.74375
e90f8e4d-Audio_SP22,H1,i,i,797.3211709499718,1963.931072525002,220.08875
e90f8e4d-Audio_SP22,H1,i,i,370.7813042270005,2445.45066479925,220.25375000000005
e90f8e4d-Audio_SP22,H1,i,i,339.1011361570637,2336.407465133615,221.00575
e90f8e4d-Audio_SP22,H1,i,i,424.47792666892445,1943.509626130336,224.25775
e90f8e4d-Audio_SP22,H1,i,i,428.8881770090091,2211.046644407214,228.54375
e90f8e4d-Audio_SP22,H1,i,i,347.923020909835,2362.3987841011904,230.87075
e90f8e4d-Audio_SP22,H1,i,i,386.4448627263539,1871.636591906997,232.77375
e90f8e4d-Audio_SP22,H1,i,i,422.04558646527374,2128.2469119433267,243.97875
e90f8e4d-Audio_SP22,H1,i,i,290.8560948478736,2143.452327307009,246.36275
e90f8e4d-Audio_SP22,H1,i,i,355.5456742943422,2228.089453478084,246.45275
e90f8e4d-Audio_SP22,H1,i,i,238.74156619917244,2661.97984617702,250.77075
e90f8e4d-Audio_SP22,H1,i,i,364.07307124465945,2295.305474907433,254.77275
e90f8e4d-Audio_SP22,H1,i,i,349.68825130635065,2512.811262837782,258.73274999999995
e90f8e4d-Audio_SP22,H1,i,i,370.0002401565719,2364.6903316205207,261.37375
e90f8e4d-Audio_SP22,H1,i,i,361.1011693449991,2173.4798332795453,261.81375
e90f8e4d-Audio_SP22,H1,i,i,373.4952980861947,2438.8819985489763,261.93275000000006
e90f8e4d-Audio_SP22,H1,i,i,354.8602407057463,2314.4858223345195,263.56075
e90f8e4d-Audio_SP22,H1,i,i,332.5852126884556,2294.5494290786373,266.21775
e90f8e4d-Audio_SP22,H1,i,i,348.1260971052544,2665.4633355866604,268.25275000000005
e90f8e4d-Audio_SP22,H1,i,i,317.6460403861416,2002.0871216721,285.65275
e90f8e4d-Audio_SP22,H1,i,i,312.60399158521903,2292.185351632317,285.74575
e90f8e4d-Audio_SP22,H1,i,i,714.6989928417986,2320.1002170960387,286.76875
e90f8e4d-Audio_SP22,H1,i,i,311.9334462104705,2350.334938909553,301.47875
e90f8e4d-Audio_SP22,H1,i,i,386.9804949615412,3366.288824408437,306.08575
e90f8e4d-Audio_SP22,H1,i,i,421.4238262895379,1934.115205800328,306.36775000000006
e90f8e4d-Audio_SP22,H1,i,i,337.7173274946657,2430.5753622665547,314.74875
e90f8e4d-Audio_SP22,H1,i,i,276.66168003244445,2629.130120358193,333.37075
e90f8e4d-Audio_SP22,H1,i,i,229.97280900130485,2705.6452542168413,333.93275
e90f8e4d-Audio_SP22,H1,i,i,405.1742315450862,2015.5228106547568,336.29574999999994
e90f8e4d-Audio_SP22,H1,i,i,346.9058324924948,2249.8255021294804,342.99575
e90f8e4d-Audio_SP22,H1,i,i,523.13714208345,1760.6648978170335,356.71275
e90f8e4d-Audio_SP22,H1,i,i,255.4621040671732,2601.470666238622,357.31375
e90f8e4d-Audio_SP22,H1,i,i,375.92397105106966,2528.332693113304,361.24875
e90f8e4d-Audio_SP22,H1,i,i,480.6028464778996,2443.35501300175,363.73075
e90f8e4d-Audio_SP22,H1,i,i,468.7308693318766,1954.611519880484,365.30875
e90f8e4d-Audio_SP22,H1,i,i,276.30681048745345,2670.991226722608,368.72075
e90f8e4d-Audio_SP22,H1,i,i,241.38863441387065,2961.3559081462186,383.32275
e90f8e4d-Audio_SP22,H1,i,i,372.9795201655034,2412.458040102659,383.9427500000001
e90f8e4d-Audio_SP22,H1,i,i,339.0885607802572,2373.834268568748,398.59275
e90f8e4d-Audio_SP22,H1,i,i,342.6277309671787,2724.6747691255528,399.04775
e90f8e4d-Audio_SP22,H1,i,i,330.4735871453435,2241.765125274566,410.98775000000006
e90f8e4d-Audio_SP22,H1,i,i,323.387602470623,1933.230441646773,426.26375
e90f8e4d-Audio_SP22,H1,i,i,352.2392650119022,2212.0294915247096,427.40375
e90f8e4d-Audio_SP22,H1,i,i,405.3533478417337,2288.910680525023,427.75775
e90f8e4d-Audio_SP22,H1,i,i,225.5144027583936,2285.57368742454,436.39275
e90f8e4d-Audio_SP22,H1,i,i,287.5045148224123,2129.1247054982555,437.37875
e90f8e4d-Audio_SP22,H1,i,i,343.8549643779287,2236.8272672252806,444.98775000000006
e90f8e4d-Audio_SP22,H1,i,i,333.0381071602169,2652.48319529189,454.28275
e90f8e4d-Audio_SP22,H1,i,i,336.3447970017322,2469.4881803291905,479.75575
e90f8e4d-Audio_SP22,H1,i,i,395.3917204126549,2315.4801570448053,483.54575
e90f8e4d-Audio_SP22,H1,i,i,335.8735728370031,2199.0072657230035,486.57375
e90f8e4d-Audio_SP22,H1,i,i,311.9204361584155,2210.9812739101817,487.23875
e90f8e4d-Audio_SP22,H1,i,i,327.83093852886566,2214.9276275851093,487.35275
e90f8e4d-Audio_SP22,H1,i,i,230.2668180327213,2555.594175378669,489.07075
e90f8e4d-Audio_SP22,H1,i,i,403.27147724042015,2100.9468713016654,490.95875
e90f8e4d-Audio_SP22,H1,i,i,790.4248020493413,1967.0896981870744,513.63575
e90f8e4d-Audio_SP22,H1,i,i,403.00320564658807,1637.0124474580994,515.78275
e90f8e4d-Audio_SP22,H1,i,i,323.7633796450477,2272.567297699636,515.99575
e90f8e4d-Audio_SP22,H1,i,i,540.9096557659482,1916.5114118158049,516.3737500000001
e90f8e4d-Audio_SP22,H1,i,i,389.3998305823919,1853.393323355068,517.1137500000001
e90f8e4d-Audio_SP22,H1,i,i,287.380687459135,2445.4656014451875,518.77875
e90f8e4d-Audio_SP22,H1,i,i,303.86091397904005,2074.5177990961083,525.51575
e90f8e4d-Audio_SP22,H1,i,i,355.3013145192354,1835.1367750701213,528.40575
e90f8e4d-Audio_SP22,H1,i,i,378.4759725039923,2357.6553219902707,531.6137500000001
e90f8e4d-Audio_SP22,H1,i,i,376.36937079477343,2213.066078463309,532.5957500000001
e90f8e4d-Audio_SP22,H1,i,i,360.483235747845,2321.14845028791,532.93775
e90f8e4d-Audio_SP22,H1,i,i,343.2605150773568,2397.58492620834,535.2537500000001
e90f8e4d-Audio_SP22,H1,i,i,361.2878308008313,2140.454748113721,535.34775
e90f8e4d-Audio_SP22,H1,i,i,333.7010853438219,1960.1622144321743,545.70775
e90f8e4d-Audio_SP22,H1,i,i,401.7949495179196,1993.2091069132568,552.0727499999999
e90f8e4d-Audio_SP22,H1,i,i,400.5693534203773,2449.8759436276,553.2287500000001
e90f8e4d-Audio_SP22,H1,i,i,323.8438498719086,2145.789125706729,555.96275
e90f8e4d-Audio_SP22,H1,i,i,338.68840227570166,2332.2388423711373,557.90275
e90f8e4d-Audio_SP22,H1,i,i,320.6731703442418,2825.773045021632,559.8677499999999
e90f8e4d-Audio_SP22,H1,i,i,302.4363277108115,2305.868829003736,573.14575
e90f8e4d-Audio_SP22,H1,i,i,345.1196869674276,2280.0321037710505,575.07575
e90f8e4d-Audio_SP22,H1,i,i,339.7932113765339,2341.505484271268,578.67775
e90f8e4d-Audio_SP22,H1,i,i,393.7366514571163,2276.805242233783,584.07875
e90f8e4d-Audio_SP22,H1,i,i,384.7926189732172,2446.217552874687,591.81375
e90f8e4d-Audio_SP22,H1,i,i,409.1450221154844,1900.340419223036,593.55375
e90f8e4d-Audio_SP22,H1,i,i,366.2495333346609,1591.3908695423254,607.17375
e90f8e4d-Audio_SP22,H1,i,i,341.8675315293293,2035.882148908002,608.42375
e90f8e4d-Audio_SP22,H1,i,i,361.979879856316,1919.070923567389,633.50775
e90f8e4d-Audio_SP22,H1,i,i,327.58873157818294,2570.7848959256617,700.82575
e90f8e4d-Audio_SP22,H1,i,i,361.1901951356867,2356.268933023215,703.0037500000001
e90f8e4d-Audio_SP22,H1,i,i,303.09542807060615,2537.3523262772865,711.68475
e90f8e4d-Audio_SP22,H1,i,i,561.0640364336024,2000.6429941025085,722.42575
e90f8e4d-Audio_SP22,H1,i,i,330.9462838379281,2247.687077997441,724.10275
e90f8e4d-Audio_SP22,H1,i,i,340.0009759309633,2342.74998538224,726.58775
e90f8e4d-Audio_SP22,H1,i,i,298.663084362974,2700.8054380621447,728.01575
e90f8e4d-Audio_SP22,H1,i,i,335.5763636171481,1980.8242846918995,731.0187500000001
e90f8e4d-Audio_SP22,H1,i,i,357.9264417985149,2470.5843082299343,754.9937500000001
e90f8e4d-Audio_SP22,H1,i,i,330.51337209895945,2234.0590667381216,757.11575
e90f8e4d-Audio_SP22,H1,i,i,339.20972002550843,2301.654213459909,761.26575
e90f8e4d-Audio_SP22,H1,i,i,313.09680056114416,2603.72764391545,762.79475
e90f8e4d-Audio_SP22,H1,i,i,405.3663634839117,1985.8021080472283,764.7637500000001
e90f8e4d-Audio_SP22,H1,i,i,320.21157619765734,2256.903687416475,768.4987500000001
e90f8e4d-Audio_SP22,H1,i,i,420.21244879577984,2216.8087114760315,788.7237500000001
e90f8e4d-Audio_SP22,H1,i,i,360.1039708131445,2526.192136272341,792.22775
e90f8e4d-Audio_SP22,H1,i,i,337.4842486064084,2799.884055254377,792.51575
e90f8e4d-Audio_SP22,H1,i,i,368.22402644186855,2276.8160019665047,880.5037500000001
e90f8e4d-Audio_SP22,H1,i,i,348.1267729844654,2495.4135003144333,885.08075
e90f8e4d-Audio_SP22,H1,i,i,329.3955787273396,2281.070337593716,886.5237500000001
e90f8e4d-Audio_SP22,H1,i,i,310.5184740865759,2476.487483859032,886.6187500000001
e90f8e4d-Audio_SP22,H1,i,i,408.488440751333,1967.914259474718,887.79375
e90f8e4d-Audio_SP22,H1,i,i,421.6092131825531,2412.6819432197294,896.79775
e90f8e4d-Audio_SP22,H1,i,i,450.7940040865401,1801.869803627981,899.7137500000001
e90f8e4d-Audio_SP22,H1,i,i,398.7967352798501,2388.519807001572,900.52775
e90f8e4d-Audio_SP22,H1,i,i,326.53167555746234,2311.2005688734203,901.29375
e90f8e4d-Audio_SP22,H1,i,i,360.3237859566108,2441.982657734793,904.35875
e90f8e4d-Audio_SP22,H1,i,i,398.3672640397109,2403.064442890065,921.95375
e90f8e4d-Audio_SP22,H1,i,i,395.9451974693951,2434.8520289896583,925.44875
e90f8e4d-Audio_SP22,H1,i,i,357.26164207124793,2472.442485945445,925.89375
e90f8e4d-Audio_SP22,H1,i,i,351.61069883204067,2745.1275096044133,926.33275
e90f8e4d-Audio_SP22,H1,i,i,379.86965642098335,2565.847387340149,926.71075
e90f8e4d-Audio_SP22,H1,i,i,331.9812120172283,2329.19767500484,927.70875
e90f8e4d-Audio_SP22,H1,i,i,324.0496960736184,2572.4342323855176,931.08775
e90f8e4d-Audio_SP22,H1,i,i,435.46649139309415,2454.826353229035,950.27575
e90f8e4d-Audio_SP22,H1,i,i,269.92287877050984,1879.537062404712,960.92575
e90f8e4d-Audio_SP22,H1,i,i,367.5505220969968,2359.1654565593326,974.23575
e90f8e4d-Audio_SP22,H1,i,i,292.59519781752084,2636.737483558541,977.50275
e90f8e4d-Audio_SP22,H1,i,i,363.5833311101152,2310.8297908562563,1004.22575
e90f8e4d-Audio_SP22,H1,i,i,351.4854081479314,2285.434135729317,1004.97275
e90f8e4d-Audio_SP22,H1,i,i,333.31787947227446,2285.9578398230005,1016.21375
e90f8e4d-Audio_SP22,H1,i,i,329.2759771546964,2500.82911700668,1075.12575
e90f8e4d-Audio_SP22,H1,i,i,412.5099797721002,2621.835174710976,1085.57775
e90f8e4d-Audio_SP22,H1,i,i,351.1499030513297,2405.176874229261,1087.41875
e90f8e4d-Audio_SP22,H1,i,i,436.7593785766441,2084.100229743694,1088.98775
e90f8e4d-Audio_SP22,H1,i,i,330.2826610531041,2294.6659981092034,1091.07575
e90f8e4d-Audio_SP22,H1,i,i,325.741282513966,2289.144987561604,1091.71575
e90f8e4d-Audio_SP22,H1,i,i,360.4599305708665,2170.35704732924,1093.05775
e90f8e4d-Audio_SP22,H1,i,i,297.6695736900473,2224.0920276279394,1093.3537499999998
e90f8e4d-Audio_SP22,H1,i,i,324.0538836786817,1874.396386306866,1094.3337499999998
e90f8e4d-Audio_SP22,H1,i,i,361.9133315378066,2356.937709803827,1094.54875
e90f8e4d-Audio_SP22,H1,i,i,314.76615979272736,2471.249850739491,1096.29575
e90f8e4d-Audio_SP22,H1,i,i,389.79883704524366,2220.349468024499,1097.24375
e90f8e4d-Audio_SP22,H1,i,i,290.5908406116657,2449.0879915581745,1101.07075
e90f8e4d-Audio_SP22,H1,i,i,362.5605857895612,2303.7981245904225,1101.29775
e90f8e4d-Audio_SP22,H1,i,i,346.5843224967789,2162.1927126523274,1105.87875
e90f8e4d-Audio_SP22,H1,i,i,432.7469157940188,2152.329891317416,1106.72575
e90f8e4d-Audio_SP22,H1,i,i,285.6313770229446,2424.9315821036507,1107.9007500000002
e90f8e4d-Audio_SP22,H1,i,i,348.8884349649303,2110.785456965093,1123.31575
e90f8e4d-Audio_SP22,H1,i,i,309.95975429639134,2243.4062751889865,1127.07575
e90f8e4d-Audio_SP22,H1,i,i,598.2642952983333,2904.8815168267374,1128.2207500000002
e90f8e4d-Audio_SP22,H1,i,i,347.18347451864696,2308.8162050946003,1130.13775
e90f8e4d-Audio_SP22,H1,i,i,440.4683598995561,1927.754815931259,1130.5337499999998
e90f8e4d-Audio_SP22,H1,i,i,350.80155129269934,2156.7301689121527,1133.85875
e90f8e4d-Audio_SP22,H1,i,i,363.10855012588496,2439.9891727481886,1179.68875
e90f8e4d-Audio_SP22,H1,i,i,359.0413304727186,2268.7547071849885,1181.7937499999998
e90f8e4d-Audio_SP22,H1,i,i,733.6946766423146,2173.3065917445338,1185.3237499999998
e90f8e4d-Audio_SP22,H1,i,i,433.1992479763581,1990.749531955788,1187.19575
e90f8e4d-Audio_SP22,H1,i,i,365.7789274754372,2395.092382909821,1188.54775
e90f8e4d-Audio_SP22,H1,i,i,464.67152486073854,2541.141349606657,1188.87575
e90f8e4d-Audio_SP22,H1,i,i,361.04162549489234,2303.8572934024714,1191.01575
e90f8e4d-Audio_SP22,H1,i,i,340.5876514095113,2278.421639957831,1215.35775
e90f8e4d-Audio_SP22,H1,i,i,270.09760423918374,1635.137810964878,1227.67375
e90f8e4d-Audio_SP22,H1,i,i,415.7089860699441,2281.3845490176022,1235.15375
e90f8e4d-Audio_SP22,H1,i,i,335.099545050212,2554.869099560713,1243.96875
e90f8e4d-Audio_SP22,H1,i,i,419.9967875602232,2523.5578167880426,1244.64875
e90f8e4d-Audio_SP22,H1,i,i,343.0384065446401,2184.705901619845,1258.3837499999995
e90f8e4d-Audio_SP22,H1,i,i,539.0436432263057,2658.454239206668,1259.3937499999995
e90f8e4d-Audio_SP22,H1,i,i,336.7290624452726,1897.25552408831,1260.9507500000002
e90f8e4d-Audio_SP22,H1,i,i,263.33384809875065,2658.2243917579967,1264.4027499999995
e90f8e4d-Audio_SP22,H1,i,i,271.81540832439293,2423.772542740729,1265.27575
e90f8e4d-Audio_SP22,H1,i,i,700.655246586457,2655.0863861105177,1265.61875
e90f8e4d-Audio_SP22,H1,i,i,408.4352702702504,2291.1710687992622,1265.8887499999998
e90f8e4d-Audio_SP22,H1,i,i,430.7744662178757,2338.986764611,1281.12775
e90f8e4d-Audio_SP22,H1,i,i,203.50341168965727,2160.1372598698126,1282.7837499999998
e90f8e4d-Audio_SP22,H1,i,i,496.7751821325781,2466.391685329056,1283.54875
e90f8e4d-Audio_SP22,H1,i,i,315.2527086576226,2381.891131558965,1289.12875
e90f8e4d-Audio_SP22,H1,i,i,440.59794041609575,2212.933550478996,1307.64775
e90f8e4d-Audio_SP22,H1,i,i,280.15424104355003,2007.573838698419,1316.32575
e90f8e4d-Audio_SP22,H1,i,i,449.0209106402877,2729.0230956956743,1349.35775
e90f8e4d-Audio_SP22,H1,i,i,424.0410713945249,2532.8666498631583,1352.3637499999998
e90f8e4d-Audio_SP22,H1,i,i,407.0915215250669,2117.600593448476,1396.47775
e90f8e4d-Audio_SP22,H1,i,i,763.7779348629156,2595.642196990438,1416.62775
e90f8e4d-Audio_SP22,H1,i,i,317.29184705860365,2962.229011003428,1416.73775
e90f8e4d-Audio_SP22,H2,i,i,337.4129722196751,2493.7426540860693,1417.94375
e90f8e4d-Audio_SP22,H2,i,i,374.40357117492186,2649.105017184052,1418.24575
e90f8e4d-Audio_SP22,H2,i,i,414.8867383810398,2598.15532582441,1421.8987499999998
e90f8e4d-Audio_SP22,H2,i,i,373.2548929195901,2064.209970409929,1423.0137499999998
e90f8e4d-Audio_SP22,H2,i,i,380.0391012634481,2574.558003075397,1432.40875
e90f8e4d-Audio_SP22,H2,i,i,315.88964402640147,2216.22482751206,1433.8827499999998
e90f8e4d-Audio_SP22,H2,i,i,576.1730047714539,2338.583317864716,1434.03775
e90f8e4d-Audio_SP22,H2,i,i,284.13673561569004,2682.241287177791,1438.39375
e90f8e4d-Audio_SP22,H2,i,i,314.791292916471,2615.357944831667,1438.7507500000002
e90f8e4d-Audio_SP22,H2,i,i,323.7880622395604,2230.2431044129903,1440.39375
e90f8e4d-Audio_SP22,H2,i,i,331.0152267657774,2222.207849755601,1441.0637499999998
e90f8e4d-Audio_SP22,H2,i,i,350.7138043602653,2400.352789660723,1441.54875
e90f8e4d-Audio_SP22,H2,i,i,327.81855876610604,2333.107812999303,1442.82875
e90f8e4d-Audio_SP22,H2,i,i,299.3850920268804,2459.5062645839635,1443.41875
e90f8e4d-Audio_SP22,H2,i,i,319.01764425110144,2537.69004425495,1443.83875
e90f8e4d-Audio_SP22,H2,i,i,360.5773513385331,2396.219014145412,1460.93875
e90f8e4d-Audio_SP22,H2,i,i,399.9508651006376,2383.123909988607,1461.7207500000002
e90f8e4d-Audio_SP22,H2,i,i,435.61067853960185,2374.4599845886805,1471.14375
e90f8e4d-Audio_SP22,H2,i,i,394.8310885804362,2450.762059655652,1471.23375
e90f8e4d-Audio_SP22,H2,i,i,424.1954263297151,2269.842751744892,1475.31875
e90f8e4d-Audio_SP22,H2,i,i,354.18189572844915,2403.4927535973625,1478.46375
e90f8e4d-Audio_SP22,H2,i,i,340.0329998348438,2567.2026596167934,1479.22375
e90f8e4d-Audio_SP22,H2,i,i,326.11311480199055,2589.228905923984,1480.38375
e90f8e4d-Audio_SP22,H2,i,i,319.5774646785697,2420.091079782839,1482.23875
e90f8e4d-Audio_SP22,H2,i,i,359.68572444136515,2063.12053057343,1489.89075
e90f8e4d-Audio_SP22,H2,i,i,311.9073414504716,2467.448275118435,1490.58375
e90f8e4d-Audio_SP22,H2,i,i,515.8800220071829,2110.0611516207123,1491.31875
e90f8e4d-Audio_SP22,H2,i,i,306.9977637594104,2472.985687708335,1494.1027499999998
e90f8e4d-Audio_SP22,H2,i,i,329.22402927518584,2371.074200417505,1494.62875
e90f8e4d-Audio_SP22,H2,i,i,327.36352649009746,2231.443511553626,1496.25375
e90f8e4d-Audio_SP22,H2,i,i,343.1376444755069,2243.495043440819,1496.41575
e90f8e4d-Audio_SP22,H2,i,i,586.4354892869142,2404.719795852808,1506.02775
e90f8e4d-Audio_SP22,H2,i,i,735.0899176153976,1844.206564471409,1518.78775
e90f8e4d-Audio_SP22,H2,i,i,426.1234024421832,2453.5694102006064,1519.46575
e90f8e4d-Audio_SP22,H2,i,i,311.1722833680753,2546.1737074242965,1522.90575
e90f8e4d-Audio_SP22,H2,i,i,374.303734094562,2311.7145530598577,1524.7837499999998
e90f8e4d-Audio_SP22,H2,i,i,414.3679410798241,2242.762572941231,1525.48575
e90f8e4d-Audio_SP22,H2,i,i,397.3808484707726,2257.3669380211627,1556.09775
e90f8e4d-Audio_SP22,H2,i,i,484.77922709245786,1956.6727896533305,1574.16775
e90f8e4d-Audio_SP22,H2,i,i,364.19919346980674,2366.0986914893147,1579.16375
e90f8e4d-Audio_SP22,H2,i,i,364.9447889572695,2562.4003880546425,1580.63575
e90f8e4d-Audio_SP22,H2,i,i,358.40747548827875,2450.2309564022084,1580.74275
e90f8e4d-Audio_SP22,H2,i,i,350.94624508215463,2780.932794897829,1589.33075
e90f8e4d-Audio_SP22,H2,i,i,372.3695417237503,2251.0503403722378,1594.06575
e90f8e4d-Audio_SP22,H2,i,i,357.02714535648266,2320.775947653368,1601.6907500000002
e90f8e4d-Audio_SP22,H2,i,i,268.17126628446954,2642.9885604611345,1603.06875
e90f8e4d-Audio_SP22,H2,i,i,372.3211954326005,2130.529718600948,1636.02875
e90f8e4d-Audio_SP22,H2,i,i,347.89715437135493,2158.643091071984,1636.95775
e90f8e4d-Audio_SP22,H2,i,i,342.3412950978088,2144.0241528530423,1637.42575
e90f8e4d-Audio_SP22,H2,i,i,362.97782599794806,2690.140573806931,1646.87575
e90f8e4d-Audio_SP22,H2,i,i,388.38227583817087,2529.198457976795,1662.73875
e90f8e4d-Audio_SP22,H2,i,i,427.7207623438675,2535.2682716404147,1664.18375
e90f8e4d-Audio_SP22,H2,i,i,366.0251982249275,2526.522964722232,1666.21575
e90f8e4d-Audio_SP22,H2,i,i,327.8038887154511,2052.1071617714406,1692.41575
e90f8e4d-Audio_SP22,H2,i,i,315.39456713192254,2514.5833129084467,1696.11075
e90f8e4d-Audio_SP22,H2,i,i,363.6358651453471,2397.581978540188,1698.40775
e90f8e4d-Audio_SP22,H2,i,i,315.58547080381936,2716.208720103716,1716.14875
e90f8e4d-Audio_SP22,H2,i,i,318.556870290938,2603.570807882398,1721.01575
e90f8e4d-Audio_SP22,H2,i,i,343.9213282538886,2778.621100093048,1721.44775
e90f8e4d-Audio_SP22,H2,i,i,607.1277431959052,1674.8624163848544,1739.8537499999998
e90f8e4d-Audio_SP22,H2,i,i,422.5835480375005,2483.1356879356263,1762.11075
e90f8e4d-Audio_SP22,H2,i,i,214.07215687182645,2465.2052490278666,1767.8327499999998
e90f8e4d-Audio_SP22,H2,i,i,315.0233775208175,2424.435902123623,1768.40375
e90f8e4d-Audio_SP22,H2,i,i,342.4271742155778,2406.605096914171,1768.8037499999998
e90f8e4d-Audio_SP22,H2,i,i,362.82621872672695,2572.1108642785907,1790.0137499999998
e90f8e4d-Audio_SP22,H2,i,i,348.1697933965036,2218.8699935400978,1792.40575
e90f8e4d-Audio_SP22,H2,i,i,455.8708135605121,2322.2542421897133,1794.30575
e90f8e4d-Audio_SP22,H2,i,i,395.31255331166267,2161.413649329256,1797.49575
e90f8e4d-Audio_SP22,H2,i,i,394.4648550632439,1731.3430837637382,1797.82775
e90f8e4d-Audio_SP22,H2,i,i,283.2204592613053,2735.435292262564,1805.80275
e90f8e4d-Audio_SP22,H2,i,i,337.13940937955954,2832.105342145117,1807.35275
e90f8e4d-Audio_SP22,H2,i,i,368.2428215129867,2607.851687783193,1808.63375
e90f8e4d-Audio_SP22,H2,i,i,360.2746038493414,2539.748916925049,1820.56775
e90f8e4d-Audio_SP22,H2,i,i,314.1923254307371,2372.037842628977,1827.79575
e90f8e4d-Audio_SP22,H2,i,i,373.5615166976445,2826.076371373895,1829.31575
e90f8e4d-Audio_SP22,H2,i,i,323.4105647796211,2713.6496642769407,1829.49275
e90f8e4d-Audio_SP22,H2,i,i,360.9485395298149,2750.4789556403443,1831.53375
e90f8e4d-Audio_SP22,H2,i,i,721.3058484234992,1959.14348346195,1876.51575
e90f8e4d-Audio_SP22,H2,i,i,344.3928487864647,2971.318267600292,1878.23375
e90f8e4d-Audio_SP22,H2,i,i,339.30947707211254,2653.7774656244565,1885.36575
e90f8e4d-Audio_SP22,H2,i,i,363.45168796125057,2421.850408723887,1905.94775
e90f8e4d-Audio_SP22,H2,i,i,324.5137134732984,1967.0546149448096,1906.36375
e90f8e4d-Audio_SP22,H2,i,i,323.77292401981106,2776.9977491097643,1915.58275
e90f8e4d-Audio_SP22,H2,i,i,455.4641530476128,2403.109385582565,1917.90375
e90f8e4d-Audio_SP22,H2,i,i,370.6843404485003,1938.1657608687149,1922.58575
e90f8e4d-Audio_SP22,H2,i,i,335.89240034253146,2418.4132717123907,1923.22275
e90f8e4d-Audio_SP22,H2,i,i,505.9018317649033,2276.466361301952,1924.09775
e90f8e4d-Audio_SP22,H2,i,i,238.02628259787264,2416.411849980963,1935.56575
e90f8e4d-Audio_SP22,H2,i,i,276.8048823114496,1864.2813736953487,1938.15875
e90f8e4d-Audio_SP22,H2,i,i,342.9966234539131,2659.748575497012,1969.43375
e90f8e4d-Audio_SP22,H2,i,i,423.5769730932008,2630.7813993827604,1969.98575
e90f8e4d-Audio_SP22,H2,i,i,376.4020343759796,2628.9115651927323,1972.34775
e90f8e4d-Audio_SP22,H2,i,i,349.3555810872135,2694.800669409156,1972.47375
e90f8e4d-Audio_SP22,H2,i,i,373.8152375366383,2612.5277853192065,1973.30575
e90f8e4d-Audio_SP22,H2,i,i,438.78400764158647,2670.033474765604,2003.67775
e90f8e4d-Audio_SP22,H2,i,i,295.6641173699429,2427.325529311924,2003.83775
e90f8e4d-Audio_SP22,H2,i,i,435.08679063057184,2384.2748515620683,2004.40375
e90f8e4d-Audio_SP22,H2,i,i,955.594879762016,2195.7265554617225,2007.55375
e90f8e4d-Audio_SP22,H2,i,i,1084.3864857719734,2716.05287805685,2010.06775
e90f8e4d-Audio_SP22,H2,i,i,379.3169992143095,2517.166516608041,2010.74575
e90f8e4d-Audio_SP22,H2,i,i,298.47658197218743,2461.1616798303244,2013.20575
e90f8e4d-Audio_SP22,H2,i,i,407.09436454148096,2473.861114781369,2014.62375
e90f8e4d-Audio_SP22,H2,i,i,401.91827600208967,2529.3245745036133,2016.91575
e90f8e4d-Audio_SP22,H2,i,i,396.1786643136718,2395.11547689526,2019.84575
e90f8e4d-Audio_SP22,H2,i,i,381.7570041428928,2488.853514386531,2020.87275
e90f8e4d-Audio_SP22,H2,i,i,314.5916992892021,2387.9395492891504,2027.24075
e90f8e4d-Audio_SP22,H2,i,i,360.7007292677524,2395.6683777721464,2029.88775
e90f8e4d-Audio_SP22,H2,i,i,319.1035001024915,2368.922284062578,2043.74075
e90f8e4d-Audio_SP22,H2,i,i,316.47075864156,2001.8206221911264,2043.92575
e90f8e4d-Audio_SP22,H2,i,i,413.8150903408082,2104.4099820245824,2047.50775
e90f8e4d-Audio_SP22,H2,i,i,945.6870365097136,2161.6867065417105,2061.7227500000004
e90f8e4d-Audio_SP22,H2,i,i,615.0008731981513,2173.380350169072,2064.0237500000003
e90f8e4d-Audio_SP22,H2,i,i,451.8509496861013,1841.125940868822,2065.0637500000003
e90f8e4d-Audio_SP22,H2,i,i,363.753274919742,2075.5272245860115,2069.06875
e90f8e4d-Audio_SP22,H2,i,i,249.99375369851367,2471.362980023914,2070.19275
e90f8e4d-Audio_SP22,H2,i,i,366.95459089884446,1729.826331365132,2089.22375
e90f8e4d-Audio_SP22,H2,i,i,440.1122490285383,2344.1018425472344,2111.93375
e90f8e4d-Audio_SP22,H2,i,i,362.1866484987361,2411.3932105800254,2112.52575
e90f8e4d-Audio_SP22,H2,i,i,377.129717074216,2305.276014905196,2116.9307499999995
e90f8e4d-Audio_SP22,H2,i,i,382.65574265894185,2084.104813063598,2119.28575
e90f8e4d-Audio_SP22,H2,i,i,334.4806120034653,2329.77330107588,2120.12575
e90f8e4d-Audio_SP22,H2,i,i,336.25818945738706,2795.081903137376,2120.50075
e90f8e4d-Audio_SP22,H2,i,i,334.65278609924434,2071.2600359029293,2122.44275
e90f8e4d-Audio_SP22,H2,i,i,490.9768788651997,2425.505845216642,2124.82375
e90f8e4d-Audio_SP22,H2,i,i,314.7851275217787,2498.480351771501,2129.83875
e90f8e4d-Audio_SP22,H2,i,i,313.55257069264144,2677.809063590292,2129.95775
e90f8e4d-Audio_SP22,H2,i,i,532.3724800429333,1921.7890296238904,2146.97575
e90f8e4d-Audio_SP22,H2,i,i,306.8538125412581,2764.1585955946966,2149.13275
e90f8e4d-Audio_SP22,H2,i,i,377.6107041659635,2479.663915435509,2154.72375
e90f8e4d-Audio_SP22,H2,i,i,287.1074581767512,2635.411641179684,2158.23275
e90f8e4d-Audio_SP22,H2,i,i,329.13440388409083,2370.7057546168303,2177.66775
e90f8e4d-Audio_SP22,H2,i,i,310.2652395329018,2017.918836839988,2219.64775
e90f8e4d-Audio_SP22,H2,i,i,359.7122822478713,2079.35722077437,2221.07375
e90f8e4d-Audio_SP22,H2,i,i,325.2631105397494,2192.262867663945,2240.59775
e90f8e4d-Audio_SP22,H2,i,i,364.93897445942537,2222.8871154915023,2255.06575
e90f8e4d-Audio_SP22,H2,i,i,439.2291620720729,2289.352410145269,2291.96775
e90f8e4d-Audio_SP22,H2,i,i,459.0923972902623,2254.8021045286223,2336.77875
e90f8e4d-Audio_SP22,H2,i,i,364.4078943176222,2470.137432272557,2341.41575
e90f8e4d-Audio_SP22,H2,i,i,410.6816124528604,2272.206700834455,2348.19575
e90f8e4d-Audio_SP22,H2,i,i,346.14086745411333,2317.449251586821,2355.97575
e90f8e4d-Audio_SP22,H2,i,i,367.4551478551177,2510.228779092228,2356.31875
e90f8e4d-Audio_SP22,H2,i,i,384.3973196891593,2026.258945870252,2364.33575
e90f8e4d-Audio_SP22,H2,i,i,275.1689654976764,1966.0905366338657,2372.73375
e90f8e4d-Audio_SP22,H2,i,i,309.1562242608221,2651.2274794479827,2377.54075
e90f8e4d-Audio_SP22,H2,i,i,336.3087668718736,2468.0219999525584,2378.63075
e90f8e4d-Audio_SP22,H2,i,i,404.7759227155141,2347.9538719519187,2408.68875
e90f8e4d-Audio_SP22,H2,i,i,339.06548885915447,2175.4626602379626,2411.23575
e90f8e4d-Audio_SP22,H2,i,i,442.24259528686207,2776.911194905874,2412.94775
e90f8e4d-Audio_SP22,H2,i,i,315.3280045130199,2586.173719915647,2414.29575
e90f8e4d-Audio_SP22,H2,i,i,341.7437779418516,2289.068557374288,2417.83575
e90f8e4d-Audio_SP22,H2,i,i,365.452340306786,2342.6627984898205,2420.28075
e90f8e4d-Audio_SP22,H2,i,i,1008.4740037321162,2101.905007847225,2422.10375
e90f8e4d-Audio_SP22,H2,i,i,567.6071206877743,1818.1568473108869,2433.94275
e90f8e4d-Audio_SP22,H2,i,i,298.81718296805013,2768.170827001284,2455.45575
e90f8e4d-Audio_SP22,H2,i,i,511.70928733051016,1912.684875066196,2458.67375
e90f8e4d-Audio_SP22,H2,i,i,449.71347913549687,2398.202712532768,2503.11775
e90f8e4d-Audio_SP22,H2,i,i,322.7397102772444,2419.438313704662,2509.0527500000003
e90f8e4d-Audio_SP22,H2,i,i,437.931410131232,2191.5888408676897,2523.15775
e90f8e4d-Audio_SP22,H2,i,i,451.2074030139487,2022.572021985675,2530.63775
e90f8e4d-Audio_SP22,H2,i,i,328.412793476677,2332.00127823257,2530.84075
e90f8e4d-Audio_SP22,H2,i,i,298.07136212893806,2625.2645146706395,2534.12275
e90f8e4d-Audio_SP22,H2,i,i,361.3475311807624,2501.660214102904,2535.08075
e90f8e4d-Audio_SP22,H2,i,i,409.4229155416078,2183.7923288473435,2535.48775
e90f8e4d-Audio_SP22,H2,i,i,389.6836523808725,2024.7205904539856,2535.7827500000003
e90f8e4d-Audio_SP22,H2,i,i,453.2610177568312,2015.1851911043743,2537.3227500000003
e90f8e4d-Audio_SP22,H2,i,i,437.43722515824186,2239.7193636253,2541.81775
e90f8e4d-Audio_SP22,H2,i,i,360.7271715721304,2099.9273069948986,2548.48275
e90f8e4d-Audio_SP22,H2,i,i,316.1207439686338,2586.202237436953,2552.33275
e90f8e4d-Audio_SP22,H2,i,i,349.506102562747,2396.9740278678405,2552.46375
e90f8e4d-Audio_SP22,H2,i,i,356.42349043856404,2293.5381344579864,2554.80375
e90f8e4d-Audio_SP22,H2,i,i,423.6461841228461,2273.93607599506,2591.84075
e90f8e4d-Audio_SP22,H2,i,i,438.4618831572268,2309.5372178826374,2592.55575
e90f8e4d-Audio_SP22,H2,i,i,363.5759359167093,2332.768793021928,2592.7937500000003
e90f8e4d-Audio_SP22,H2,i,i,502.5444835507509,1828.9892993016847,2596.75575
e90f8e4d-Audio_SP22,H2,i,i,374.8117899379536,2015.1633124257428,2607.75075
e90f8e4d-Audio_SP22,H2,i,i,358.98350623368697,2385.310886934959,2607.95375
e90f8e4d-Audio_SP22,H2,i,i,348.8255162175985,2334.9012240188927,2627.77575
e90f8e4d-Audio_SP22,H2,i,i,359.8289879712137,2346.540034201828,2637.86275
e90f8e4d-Audio_SP22,H2,i,i,368.9773262731012,2253.3917457338043,2638.49775
e90f8e4d-Audio_SP22,H2,i,i,354.35732900061555,2086.6100979113494,2640.2627500000003
e90f8e4d-Audio_SP22,H2,i,i,358.3150480148284,2432.297685198283,2660.03775
e90f8e4d-Audio_SP22,H2,i,i,416.6493042229414,2600.7888816436016,2660.7387499999995
e90f8e4d-Audio_SP22,H2,i,i,340.75148504733926,2380.869894259077,2661.87575
e90f8e4d-Audio_SP22,H2,i,i,386.4800563199248,2278.6230483921995,2677.66375
e90f8e4d-Audio_SP22,H2,i,i,321.2548326245073,1865.064325288452,2677.82775
e90f8e4d-Audio_SP22,H2,i,i,371.8044173565247,2556.5755660504587,2679.31275
e90f8e4d-Audio_SP22,H2,i,i,328.879911051954,2216.9954174024124,2680.3427500000003
e90f8e4d-Audio_SP22,H2,i,i,405.574969303728,2358.704602053678,2706.15375
e90f8e4d-Audio_SP22,H2,i,i,369.1903506946733,2338.3525199697733,2707.09075
e90f8e4d-Audio_SP22,H2,i,i,371.46512823970846,1985.8577373210112,2707.55375
e90f8e4d-Audio_SP22,H2,i,i,379.7719943841018,2418.701080963742,2709.43775
e90f8e4d-Audio_SP22,H2,i,i,365.7670205860687,2413.76804323684,2711.04875
e90f8e4d-Audio_SP22,H2,i,i,919.6098251494296,2035.1245894511203,2715.62575
e90f8e4d-Audio_SP22,H2,i,i,398.7183939381656,1734.9606573189817,2721.68575
e90f8e4d-Audio_SP22,H2,i,i,441.0552454105448,2300.327963519935,2726.47375
e90f8e4d-Audio_SP22,H2,i,i,469.7455594843002,2067.121952364617,2728.18475
e90f8e4d-Audio_SP22,H2,i,i,360.2865085180589,2271.418008947746,2728.73575
e90f8e4d-Audio_SP22,H2,i,i,258.3995966070938,2395.860403466362,2731.10875
e90f8e4d-Audio_SP22,H2,i,i,396.5163656692881,2694.9952561946407,2734.40375
e90f8e4d-Audio_SP22,H2,i,i,287.09945871193383,2598.711555600084,2739.62875
e90f8e4d-Audio_SP22,H2,i,i,416.2303721964223,2650.205045113435,2741.5237500000003
e90f8e4d-Audio_SP22,H2,i,i,345.02384268275097,2435.8233944336007,2748.96075
e90f8e4d-Audio_SP22,H2,i,i,402.77620153706073,2307.953330254846,2759.07775
e90f8e4d-Audio_SP22,H2,i,i,371.3376586932016,2038.715066192516,2759.8237500000005
e90f8e4d-Audio_SP22,H2,i,i,312.7858087144007,2089.0767171996254,2814.48575
e90f8e4d-Audio_SP22,H2,i,i,347.7588706782129,2382.2101645561665,2815.34575
e90f8e4d-Audio_SP22,H2,i,i,373.0241596174851,2269.909140141595,2822.82875
e90f8e4d-Audio_SP22,H1,u,u,377.9629554331089,508.89573626024736,70.52775
e90f8e4d-Audio_SP22,H1,u,u,357.0666313514032,415.66899341617136,86.74875
e90f8e4d-Audio_SP22,H1,u,u,366.7294285593191,1397.9092102769732,90.79575
e90f8e4d-Audio_SP22,H1,u,u,401.9626663727535,755.0097826201169,120.39575
e90f8e4d-Audio_SP22,H1,u,u,322.8215868364013,830.6515607162597,146.81775000000002
e90f8e4d-Audio_SP22,H1,u,u,163.9037415304666,1554.7714857771757,161.56375000000003
e90f8e4d-Audio_SP22,H1,u,u,423.5063537171764,426.7651086411192,200.96275
e90f8e4d-Audio_SP22,H1,u,u,377.0000416454831,563.2224174134943,202.23775
e90f8e4d-Audio_SP22,H1,u,u,882.7223848326405,1591.3332202482927,229.10575
e90f8e4d-Audio_SP22,H1,u,u,384.6171557762347,908.349885327296,268.42375
e90f8e4d-Audio_SP22,H1,u,u,428.0658851768786,1202.5294225153,269.08575
e90f8e4d-Audio_SP22,H1,u,u,390.25372246754495,685.303832689726,287.03074999999995
e90f8e4d-Audio_SP22,H1,u,u,286.0057079404173,1070.2823942867117,289.06575
e90f8e4d-Audio_SP22,H1,u,u,313.82996218919305,423.8431453132992,298.09275
e90f8e4d-Audio_SP22,H1,u,u,402.1041770182784,734.1983882601667,300.48375
e90f8e4d-Audio_SP22,H1,u,u,369.6219628058165,470.9563885968286,302.19275000000005
e90f8e4d-Audio_SP22,H1,u,u,371.0270744578498,1376.6668661306285,303.21374999999995
e90f8e4d-Audio_SP22,H1,u,u,307.2352566087278,1111.0666639158808,304.72375
e90f8e4d-Audio_SP22,H1,u,u,413.63379580237785,785.511023208762,306.55775000000006
e90f8e4d-Audio_SP22,H1,u,u,430.2281065924821,1253.315445803197,342.68275000000006
e90f8e4d-Audio_SP22,H1,u,u,423.90954759885136,1562.632245062519,359.43575
e90f8e4d-Audio_SP22,H1,u,u,408.8424858077722,771.6761425131727,514.2487500000001
e90f8e4d-Audio_SP22,H1,u,u,517.2608890706479,775.9136778207035,520.05275
e90f8e4d-Audio_SP22,H1,u,u,438.5011729508458,523.9417906365289,533.89775
e90f8e4d-Audio_SP22,H1,u,u,411.1502995718561,666.3307147637337,548.29275
e90f8e4d-Audio_SP22,H1,u,u,369.4826590264084,1336.182836178344,576.75275
e90f8e4d-Audio_SP22,H1,u,u,405.0296675714729,429.2945898551279,637.08775
e90f8e4d-Audio_SP22,H1,u,u,481.8497813984381,901.6195440121074,663.42775
e90f8e4d-Audio_SP22,H1,u,u,415.9043937904744,1342.5836662819331,721.89775
e90f8e4d-Audio_SP22,H1,u,u,400.2527281659046,777.5749340470222,807.8537500000001
e90f8e4d-Audio_SP22,H1,u,u,429.38741996986494,631.5751422994308,832.42875
e90f8e4d-Audio_SP22,H1,u,u,496.6414415887895,880.5368605706075,851.87775
e90f8e4d-Audio_SP22,H1,u,u,416.8203225059164,472.46707086247727,853.15575
e90f8e4d-Audio_SP22,H1,u,u,376.04083751056015,1162.3206677616502,882.42875
e90f8e4d-Audio_SP22,H1,u,u,368.6385511169547,531.8835228291313,889.19075
e90f8e4d-Audio_SP22,H1,u,u,392.449251206208,566.2039516244251,900.69575
e90f8e4d-Audio_SP22,H1,u,u,511.16758441989424,717.1154487283782,950.44375
e90f8e4d-Audio_SP22,H1,u,u,413.3358257184777,903.2589150307408,1016.39375
e90f8e4d-Audio_SP22,H1,u,u,379.1394162881159,440.1561560991509,1086.77875
e90f8e4d-Audio_SP22,H1,u,u,369.4444305191769,621.6722070756556,1092.6327499999998
e90f8e4d-Audio_SP22,H1,u,u,324.9139127794378,1158.1453442545435,1092.8427499999998
e90f8e4d-Audio_SP22,H1,u,u,307.1608721975367,430.9423189070561,1095.72375
e90f8e4d-Audio_SP22,H1,u,u,408.4440544625919,436.8145779627916,1099.99775
e90f8e4d-Audio_SP22,H1,u,u,328.5352027817642,1293.047510092757,1123.9307500000002
e90f8e4d-Audio_SP22,H1,u,u,534.985043780659,1479.0509625155971,1124.24575
e90f8e4d-Audio_SP22,H1,u,u,423.5696928295458,604.5585629738761,1124.99575
e90f8e4d-Audio_SP22,H1,u,u,356.85982628453087,438.5376482731853,1126.01875
e90f8e4d-Audio_SP22,H1,u,u,522.8320536662198,773.007996837941,1186.7737499999998
e90f8e4d-Audio_SP22,H1,u,u,417.9373282603535,705.8143933872889,1187.6327499999998
e90f8e4d-Audio_SP22,H1,u,u,387.6482325903447,553.1830773931135,1234.29875
e90f8e4d-Audio_SP22,H1,u,u,428.7501896451178,741.4476950965518,1311.20775
e90f8e4d-Audio_SP22,H1,u,u,368.7431068610407,1001.0636657899984,1351.8537499999998
e90f8e4d-Audio_SP22,H1,u,u,441.8125253189134,941.9768892535998,1355.25375
e90f8e4d-Audio_SP22,H2,u,u,448.0703099683144,824.4113392426138,1432.63775
e90f8e4d-Audio_SP22,H2,u,u,337.54901614669035,630.5411026325484,1433.74575
e90f8e4d-Audio_SP22,H2,u,u,413.6264447233736,791.3578473974528,1494.2837499999998
e90f8e4d-Audio_SP22,H2,u,u,371.0156740584984,487.2417096697217,1496.10775
e90f8e4d-Audio_SP22,H2,u,u,471.281697529885,878.9995717272453,1525.64375
e90f8e4d-Audio_SP22,H2,u,u,381.99502933859816,894.1990017713521,1571.46375
e90f8e4d-Audio_SP22,H2,u,u,391.8233814596614,853.2294295463073,1574.3737499999995
e90f8e4d-Audio_SP22,H2,u,u,400.1569932200534,445.4931376644808,1579.94775
e90f8e4d-Audio_SP22,H2,u,u,364.9261317883695,871.7735861274488,1588.80575
e90f8e4d-Audio_SP22,H2,u,u,377.2094728083821,944.9666003945,1589.20575
e90f8e4d-Audio_SP22,H2,u,u,413.8890891159895,861.1035878801432,1603.2737499999998
e90f8e4d-Audio_SP22,H2,u,u,445.3141004243709,884.8506397165764,1604.64775
e90f8e4d-Audio_SP22,H2,u,u,478.4682479826004,972.589927211062,1615.1237499999995
e90f8e4d-Audio_SP22,H2,u,u,366.3858287231917,414.82682996156393,1634.73275
e90f8e4d-Audio_SP22,H2,u,u,390.3111699534121,730.8086216526315,1657.43875
e90f8e4d-Audio_SP22,H2,u,u,390.4583096928197,883.7354611165565,1658.52575
e90f8e4d-Audio_SP22,H2,u,u,396.4895963661149,506.1116018799292,1663.6037499999998
e90f8e4d-Audio_SP22,H2,u,u,434.610039257463,818.6468784686166,1712.06575
e90f8e4d-Audio_SP22,H2,u,u,472.0199803900353,819.260817327391,1719.40875
e90f8e4d-Audio_SP22,H2,u,u,408.4379840848017,876.9403940411835,1768.0837499999998
e90f8e4d-Audio_SP22,H2,u,u,358.2391981838913,469.1979901107859,1788.48275
e90f8e4d-Audio_SP22,H2,u,u,377.8237657419038,457.3813256503866,1794.51575
e90f8e4d-Audio_SP22,H2,u,u,362.59119756579537,474.001367756373,1795.3327499999998
e90f8e4d-Audio_SP22,H2,u,u,426.945519129682,877.9697996969231,1821.13275
e90f8e4d-Audio_SP22,H2,u,u,371.30886223047327,648.8930292122201,1827.95875
e90f8e4d-Audio_SP22,H2,u,u,397.73114924875466,685.3843508726694,1829.70775
e90f8e4d-Audio_SP22,H2,u,u,424.40127165864845,865.0320347149363,1832.74575
e90f8e4d-Audio_SP22,H2,u,u,411.3030066101497,738.3280318869996,1888.22375
e90f8e4d-Audio_SP22,H2,u,u,330.3755560127913,438.9292121489464,1909.73375
e90f8e4d-Audio_SP22,H2,u,u,364.54224409725146,745.8288040533707,1921.68775
e90f8e4d-Audio_SP22,H2,u,u,364.735321214913,1055.3173125769624,1935.41075
e90f8e4d-Audio_SP22,H2,u,u,520.2780999109681,3602.119063050788,1938.01275
e90f8e4d-Audio_SP22,H2,u,u,398.8755479164785,1035.9972928246991,2006.35275
e90f8e4d-Audio_SP22,H2,u,u,400.5818431424096,704.2164838390131,2009.39875
e90f8e4d-Audio_SP22,H2,u,u,334.40410052892315,1017.6253985218397,2043.58575
e90f8e4d-Audio_SP22,H2,u,u,355.8638698731422,1152.6803412603117,2064.25375
e90f8e4d-Audio_SP22,H2,u,u,365.1762820646891,404.5456496958547,2114.6937500000004
e90f8e4d-Audio_SP22,H2,u,u,383.7944347609896,636.3624529537592,2117.40275
e90f8e4d-Audio_SP22,H2,u,u,376.5021374143925,871.9560505743826,2122.17875
e90f8e4d-Audio_SP22,H2,u,u,420.52766395263245,860.020610463877,2140.2827500000003
e90f8e4d-Audio_SP22,H2,u,u,522.993162209525,841.681393226149,2149.37575
e90f8e4d-Audio_SP22,H2,u,u,389.968818988164,584.1856573753781,2152.73375
e90f8e4d-Audio_SP22,H2,u,u,408.7124570217678,808.4458326968087,2158.54575
e90f8e4d-Audio_SP22,H2,u,u,450.34720243783886,819.8234762703597,2167.12375
e90f8e4d-Audio_SP22,H2,u,u,543.111795042766,934.2166830151858,2210.94775
e90f8e4d-Audio_SP22,H2,u,u,395.3322103846524,650.3513061627061,2240.15875
e90f8e4d-Audio_SP22,H2,u,u,418.7311194438784,1082.8807576845843,2258.41375
e90f8e4d-Audio_SP22,H2,u,u,343.4777281241044,928.5229375888696,2291.32075
e90f8e4d-Audio_SP22,H2,u,u,415.9603852666805,794.6830916117715,2335.13275
e90f8e4d-Audio_SP22,H2,u,u,361.0102754327847,590.2711283818335,2338.7587499999995
e90f8e4d-Audio_SP22,H2,u,u,432.03229378985327,878.7803677558344,2356.5327500000003
e90f8e4d-Audio_SP22,H2,u,u,399.9833548667868,834.1965463856958,2377.76875
e90f8e4d-Audio_SP22,H2,u,u,517.5001767433114,1394.4157560235349,2497.63375
e90f8e4d-Audio_SP22,H2,u,u,509.5377694149896,1108.619971884913,2529.53075
e90f8e4d-Audio_SP22,H2,u,u,378.7700447690638,1058.344194928496,2536.83575
e90f8e4d-Audio_SP22,H2,u,u,403.08853062188064,668.9423477626519,2538.17575
e90f8e4d-Audio_SP22,H2,u,u,641.7391833802069,1570.4436612816223,2547.85575
e90f8e4d-Audio_SP22,H2,u,u,398.3404778959821,627.857790932736,2635.87875
e90f8e4d-Audio_SP22,H2,u,u,319.38304997727755,1046.7570562867577,2639.78575
e90f8e4d-Audio_SP22,H2,u,u,466.5333655772044,850.6145558754287,2675.75275
e90f8e4d-Audio_SP22,H2,u,u,357.8636515559203,817.8275474942311,2676.2627500000003
e90f8e4d-Audio_SP22,H2,u,u,475.7524448933742,780.4227821764649,2703.77575
e90f8e4d-Audio_SP22,H2,u,u,378.09505741046553,1327.397972023168,2713.98775
e90f8e4d-Audio_SP22,H2,u,u,423.7702095515773,879.7198306907839,2722.85775
e90f8e4d-Audio_SP22,H2,u,u,417.5945235532472,603.3773669972545,2725.0087499999995
e90f8e4d-Audio_SP22,H2,u,u,325.0719383162887,735.0308545363497,2730.99775
e90f8e4d-Audio_SP22,H2,u,u,367.4878010224156,768.9935606822092,2737.76375
e90f8e4d-Audio_SP22,H2,u,u,360.6313555372446,586.0293630507224,2750.06775
e90f8e4d-Audio_SP22,H2,u,u,382.5731899256885,636.2888008204455,2757.25075
e90f8e4d-Audio_SP22,H2,u,u,378.6190289281536,474.4493201117458,2759.27875
e90f8e4d-Audio_SP22,H2,u,u,533.8949693834011,957.4065923468804,2760.02575
e90f8e4d-Audio_SP22,H2,u,u,463.2053455741628,862.5723535097171,2815.18575
e90f8e4d-Audio_SP22,H2,u,u,488.9100990751912,959.962780944754,2816.02575
e90f8e4d-Audio_SP22,H2,u,u,501.4193457895915,1396.3826979482628,2820.9887499999995
