F1,F2,F3,B1,B2,B3,max_formant,smooth_error,time,rel_time,prop_time,id,label,file_name,group,speaker_num,point_heuristic,f0,intensity,optimized,word,stress,dur,pre_word,fol_word,pre_seg,fol_seg,abs_pre_seg,abs_fol_seg,context,B1_Hz,B2_Hz,B3_Hz,_source_file,_audio_id,_token_time,_audio_duration,_split_time,_time_basis,_split_basis,half
543.635810246122,1491.7802061991663,2650.0289626594795,2.23148283253,2.923016447314752,2.859783075668981,6230.769230769231,3.933496973e-05,1394.83875,0.037,0.3245614035087719,0-0-2551-7,o,49ae7020-Audio_SP17.v0,group_0,1,fave,180.3452819351164,80.10470894663749,8,decidido,,0.0900000000001455,he,retornar,d,#,d,r,final,9.313666452723387,18.597300714561072,17.45773951733725,49ae7020-Audio_SP17.csv,49ae7020-Audio_SP17,1394.83875,2783.088,1391.544,time column: time,audio_duration,H2
545.1620129846034,1503.9240876927947,2623.9161992167783,2.44785297818312,3.4488511892927507,4.280775179369598,6051.282051282051,4.83317843029e-05,1397.7737499999998,0.027,0.3214285714285714,0-0-2559-6,o,49ae7020-Audio_SP17.v0,group_0,1,fave,370.3225948069676,73.97099442420794,8,aumento,,0.0599999999999454,en,por,t,#,t,p,final,11.563492976307144,31.464225099397453,72.29646101642969,49ae7020-Audio_SP17.csv,49ae7020-Audio_SP17,1397.7737499999998,2783.088,1391.544,time column: time,audio_duration,H2
577.7179202210075,863.6879136842717,3001.850499251088,3.4272083761542085,3.9139384116217006,4.403210005875956,6769.2307692307695,0.0508682721328815,1402.84775,0.135,0.3341584158415842,0-0-2567-2,o,49ae7020-Audio_SP17.v0,group_0,1,fave,90.85206634372668,65.76370977229804,8,profesionales,,0.3800000000001091,no,.,R,f,R,f,internal,30.790566978986263,50.09586208778799,81.71274652184533,49ae7020-Audio_SP17.csv,49ae7020-Audio_SP17,1402.84775,2783.088,1391.544,time column: time,audio_duration,H2
589.7510056288243,1629.9796226191002,2564.536840121264,2.57941477348734,3.8518642362264575,4.393369828190377,6230.769230769231,0.0001051305987519,1403.8527499999998,0.025,0.3378378378378378,0-0-2567-7,o,49ae7020-Audio_SP17.v0,group_0,1,fave,150.4331695326217,75.61512071206504,8,profesionales,,0.0500000000001819,no,.,i,n,i,n,internal,13.189417104019684,47.08075111251423,80.91262171828225,49ae7020-Audio_SP17.csv,49ae7020-Audio_SP17,1403.8527499999998,2783.088,1391.544,time column: time,audio_duration,H2
540.7458010669712,903.5569190241386,2694.554660225208,3.263977413017848,2.651038229762237,3.7042124605554,6230.769230769231,3.40292501488e-05,1424.0637499999998,0.027,0.3214285714285714,0-0-2574-1,o,49ae7020-Audio_SP17.v0,group_0,1,fave,297.0814192816843,80.43327373304767,8,confinación,,0.0599999999999454,hay,.,k,n,k,n,internal,26.153353233531263,14.168741420662029,40.61804640383648,49ae7020-Audio_SP17.csv,49ae7020-Audio_SP17,1424.0637499999998,2783.088,1391.544,time column: time,audio_duration,H2
559.153780285789,1153.6464740828442,2407.256147286282,2.690286283826836,3.29167846507945,4.081497868648431,6051.282051282051,0.0016955700412251,1424.76275,0.065,0.3350515463917525,0-0-2574-9,o,49ae7020-Audio_SP17.v0,group_0,1,fave,267.68320468184106,75.030742481546,8,confinación,,0.1700000000000727,hay,.,i,n,i,n,internal,14.735893964750913,26.8879562978034,59.23412837770549,49ae7020-Audio_SP17.csv,49ae7020-Audio_SP17,1424.76275,2783.088,1391.544,time column: time,audio_duration,H2
591.1567049023378,1138.3012788620397,2623.2420728363204,2.157563493897009,2.55911733403997,4.00929422790266,6230.769230769231,0.0004617940649538,1425.24275,0.045,0.3358208955223881,0-0-2577-1,o,49ae7020-Audio_SP17.v0,group_0,1,fave,288.61841270563434,79.8827816366464,8,lo,,0.1099999999998999,Sí,hubo,l,#,l,ú,final,8.650036096120678,12.924404347593622,55.10796317245501,49ae7020-Audio_SP17.csv,49ae7020-Audio_SP17,1425.24275,2783.088,1391.544,time column: time,audio_duration,H2
627.9377863013665,999.6518811524792,2807.459708753932,2.885044439288933,3.110989236984158,4.304969696097876,6230.769230769231,0.0018825563198044,1425.42775,0.055,0.3353658536585366,0-0-2578-2,o,49ae7020-Audio_SP17.v0,group_0,1,fave,288.028849990124,77.6307976213748,8,hubo,,0.1399999999998726,lo,en,b,#,b,e,final,17.904363235012077,22.44323510121218,74.06697090060261,49ae7020-Audio_SP17.csv,49ae7020-Audio_SP17,1425.42775,2783.088,1391.544,time column: time,audio_duration,H2
643.6620841484705,983.3171233652998,2816.636930326491,2.955612730987883,3.013265905393844,4.1616071919775495,6230.769230769231,0.0012234158438684,1426.20375,0.107,0.3302469135802469,0-0-2581-5,o,49ae7020-Audio_SP17.v0,group_0,1,fave,254.01495479151632,77.41391696701743,8,tiempo,,0.2999999999999545,un,.,p,#,p,.,final,19.21349181564097,20.35376496606803,64.1745806318859,49ae7020-Audio_SP17.csv,49ae7020-Audio_SP17,1426.20375,2783.088,1391.544,time column: time,audio_duration,H2
595.7697558810517,1022.8380807704972,2585.6575167333963,2.2281630705000657,2.803808472288732,4.217733450628376,6230.769230769231,0.000482426362665,1427.58875,0.077,0.3290598290598291,0-0-2584-4,o,49ae7020-Audio_SP17.v0,group_0,1,fave,190.66533592359417,77.87375231894049,8,luego,,0.2100000000000363,Y,[silence],g,#,g,.,final,9.282798561849315,16.507395164537268,67.87945765877495,49ae7020-Audio_SP17.csv,49ae7020-Audio_SP17,1427.58875,2783.088,1391.544,time column: time,audio_duration,H2
559.3411420246151,1234.2383575149067,2825.865272578213,2.764046988569356,3.290142889708032,3.897668686522936,6051.282051282051,0.000266360525308,1428.93575,0.031,0.3297872340425531,0-0-2588-7,o,49ae7020-Audio_SP17.v0,group_0,1,fave,97.26484157871984,73.90603501650392,8,supuesto,,0.0699999999999363,un,plan,t,#,t,p,final,15.863914292621452,26.846699498893816,49.28741065757559,49ae7020-Audio_SP17.csv,49ae7020-Audio_SP17,1428.93575,2783.088,1391.544,time column: time,audio_duration,H2
555.045396657652,1333.9033523971366,2483.6769667301496,2.2704248508682303,3.1599829043928813,4.431504054399941,6230.769230769231,1.74451502092e-05,1433.8627499999998,0.025,0.3378378378378378,0-0-2603-1,o,49ae7020-Audio_SP17.v0,group_0,1,fave,177.78175377677897,78.68129781201876,8,Los,,0.0500000000001819,?,negocios,l,s,l,s,internal,9.683513989593877,23.57019297886492,84.05774930875035,49ae7020-Audio_SP17.csv,49ae7020-Audio_SP17,1433.8627499999998,2783.088,1391.544,time column: time,audio_duration,H2
567.9833512719994,1345.6701106424543,3139.418741559928,3.467110185454999,3.160363312276641,4.311065189069416,6589.74358974359,3.2313290449e-05,1436.97575,0.031,0.3297872340425531,0-0-2614-1,o,49ae7020-Audio_SP17.v0,group_0,1,fave,166.2205038188667,77.28184732857443,8,nos,,0.0699999999999363,[silence],amplían,n,s,n,s,internal,32.04400727726143,23.579160971735256,74.51982438160779,49ae7020-Audio_SP17.csv,49ae7020-Audio_SP17,1436.97575,2783.088,1391.544,time column: time,audio_duration,H2
572.1089464033765,1261.2454296866654,2442.618633942572,2.798474425070262,3.0593008376924167,3.522729364088744,6051.282051282051,6.77326204593e-05,1437.63775,0.035,0.3365384615384615,0-0-2617-0,o,49ae7020-Audio_SP17.v0,group_0,1,fave,161.4710405585873,77.72809961055594,8,horario,,0.0800000000001546,el,después,#,R,l,R,initial,16.419578356988684,21.312650949484578,33.87676442156023,49ae7020-Audio_SP17.csv,49ae7020-Audio_SP17,1437.63775,2783.088,1391.544,time column: time,audio_duration,H2
579.0542124519243,1060.3726163410768,2765.1070249865866,2.7725875963603457,2.866247501179577,3.591274843310428,6230.769230769231,0.0012310108486701,1439.32875,0.097,0.3299319727891157,0-0-2621-12,o,49ae7020-Audio_SP17.v0,group_0,1,fave,126.55701562989282,75.65954298417256,8,confinamiento,,0.2699999999999818,del,.,t,#,t,.,final,15.999981985939172,17.570959330277624,36.28029815256861,49ae7020-Audio_SP17.csv,49ae7020-Audio_SP17,1439.32875,2783.088,1391.544,time column: time,audio_duration,H2
564.336271038956,1063.869939691293,2928.1881526243046,2.0737448113020074,2.963800545058284,4.3727817290267055,6230.769230769231,1.69082946658e-05,1440.5737499999998,0.027,0.3214285714285714,0-0-2624-1,o,49ae7020-Audio_SP17.v0,group_0,1,fave,140.49492783981623,76.44126017634424,8,Total,,0.0599999999999454,.,que,t,t,t,t,internal,7.954555721776699,19.371454114752577,79.26381576846488,49ae7020-Audio_SP17.csv,49ae7020-Audio_SP17,1440.5737499999998,2783.088,1391.544,time column: time,audio_duration,H2
486.1285213792979,783.2806320352585,2883.023473424791,2.8176159884463243,2.5190441818892486,4.111948919335664,6051.282051282051,0.0006865961541259,1441.15775,0.055,0.3353658536585365,0-0-2626-2,o,49ae7020-Audio_SP17.v0,group_0,1,fave,201.1651910784884,75.97434366279592,8,hubo,,0.1399999999998726,que,¿,b,#,b,.,final,16.7369021041477,12.416722861296885,61.06561362771877,49ae7020-Audio_SP17.csv,49ae7020-Audio_SP17,1441.15775,2783.088,1391.544,time column: time,audio_duration,H2
676.665042684058,1203.5110633012991,2503.6308289024514,2.63738365789724,2.693943871023321,4.0611834199008205,6230.769230769231,0.0071137704655814,1445.1007499999998,0.121,0.3324175824175823,0-0-2638-7,o,49ae7020-Audio_SP17.v0,group_0,1,fave,220.16980061239013,77.27866840967921,8,tránsito,,0.3400000000001455,[silence],.,t,#,t,.,final,13.9765881932522,14.789890470111631,58.042959644454015,49ae7020-Audio_SP17.csv,49ae7020-Audio_SP17,1445.1007499999998,2783.088,1391.544,time column: time,audio_duration,H2
521.5933230644226,1297.0978527563911,2625.5097318090725,2.747972309618866,3.146887024212733,3.654980612121929,6230.769230769231,6.2697767519e-05,1446.6227499999998,0.045,0.3358208955223881,0-0-2641-3,o,49ae7020-Audio_SP17.v0,group_0,1,fave,166.58214864064047,80.30641928372317,8,Pero,,0.1100000000001273,.,las,R,#,R,l,final,15.6109456058185,23.263532930141555,38.66677144124401,49ae7020-Audio_SP17.csv,49ae7020-Audio_SP17,1446.6227499999998,2783.088,1391.544,time column: time,audio_duration,H2
626.8064980226152,908.2123958838614,3011.132320378648,3.1866363311859827,3.596760939960736,3.9704427281543135,6769.2307692307695,0.0003065187566183,1448.10575,0.031,0.3297872340425531,0-0-2646-5,o,49ae7020-Audio_SP17.v0,group_0,1,fave,148.67930490887207,75.44251886141728,8,irresponsables,,0.0700000000001637,muy,.,p,n,p,n,internal,24.206866466120253,36.47988234323774,53.007993776690135,49ae7020-Audio_SP17.csv,49ae7020-Audio_SP17,1448.10575,2783.088,1391.544,time column: time,audio_duration,H2
634.6479059545948,1470.5152702795124,2772.169625323447,3.243491580505408,2.578222886771972,4.59032568670112,6410.25641025641,2.09326431199e-05,1453.3737499999995,0.027,0.3214285714285714,0-0-2654-4,o,49ae7020-Audio_SP17.v0,group_0,1,fave,150.50047877238953,79.50989927641612,8,bueno,,0.0600000000001728,y,",",n,#,n,.,final,25.62303061625655,13.173706177672065,98.5265137122937,49ae7020-Audio_SP17.csv,49ae7020-Audio_SP17,1453.3737499999995,2783.088,1391.544,time column: time,audio_duration,H2
535.6773867101275,930.42511332675,2507.9228378362736,2.7083412916322285,2.9857143791727,4.208161558434836,6051.282051282051,0.0385278086836344,1457.90575,0.331,0.3329979879275654,0-0-2668-2,o,49ae7020-Audio_SP17.v0,group_0,1,fave,150.14695730850534,74.75282793509194,8,eso,,0.9700000000000272,evitar,[silence],s,#,s,&,final,15.004366993514669,19.800642351569127,67.2328225060068,49ae7020-Audio_SP17.csv,49ae7020-Audio_SP17,1457.90575,2783.088,1391.544,time column: time,audio_duration,H2
582.2704482056604,993.7475662715594,2494.1156294132134,3.0439974128509983,2.9660879234508504,4.429492835312843,6051.282051282051,0.0204505456025011,1462.30875,0.197,0.3316498316498316,0-0-2676-4,o,49ae7020-Audio_SP17.v0,group_0,1,fave,103.5043919303992,73.85154682098207,8,tengo,,0.5699999999999363,[silence],[silence],g,#,g,.,final,20.98897737150934,19.41581467567996,83.88886065189678,49ae7020-Audio_SP17.csv,49ae7020-Audio_SP17,1462.30875,2783.088,1391.544,time column: time,audio_duration,H2
554.5044727263935,1364.996141756535,2818.1632779623,1.8929272735997096,3.145628861426296,3.7384290390478254,6230.769230769231,2.41742506474e-05,1467.50375,0.027,0.3214285714285714,0-0-2689-7,o,49ae7020-Audio_SP17.v0,group_0,1,fave,175.8489633840958,78.70964575491489,8,alimentos,,0.0599999999999454,lleva,a,t,s,t,s,internal,6.638773772378885,23.234282023787337,42.03190778629144,49ae7020-Audio_SP17.csv,49ae7020-Audio_SP17,1467.50375,2783.088,1391.544,time column: time,audio_duration,H2
601.661602420466,990.2229416086157,2829.4663265310205,3.3047510871617622,3.3382901511489185,4.297326544871341,6589.74358974359,0.0002036394857801,1473.39875,0.037,0.3245614035087719,0-0-2706-4,o,49ae7020-Audio_SP17.v0,group_0,1,fave,157.59203267560838,77.14661191955946,8,responsable,,0.0899999999999181,sentirme,de,p,n,p,n,internal,27.241759921033488,28.17091749101307,73.50302375315856,49ae7020-Audio_SP17.csv,49ae7020-Audio_SP17,1473.39875,2783.088,1391.544,time column: time,audio_duration,H2
522.1355918557058,856.5062825287645,2815.6280687613203,3.1289334222086533,2.471278825165954,3.4649144609925453,6230.769230769231,0.0003728592866759,1507.00875,0.037,0.3245614035087719,0-0-2709-6,o,49ae7020-Audio_SP17.v0,group_0,1,fave,269.54474662041827,78.27377202742069,8,Tampoco,,0.0899999999999181,de,José,k,#,k,x,final,22.849595669821195,11.837575365503769,31.97372465548092,49ae7020-Audio_SP17.csv,49ae7020-Audio_SP17,1507.00875,2783.088,1391.544,time column: time,audio_duration,H2
616.5871452054964,987.163601868317,3052.0741645659828,3.059601296070933,2.985804798239097,4.352728135464968,6410.25641025641,0.0180751431166333,1509.3127499999998,0.065,0.3350515463917525,0-0-2720-2,o,49ae7020-Audio_SP17.v0,group_0,1,fave,190.43606888223684,68.80025123001299,8,eso,,0.1700000000000727,en,[silence],s,#,s,.,final,21.319055476129407,19.802432788108195,77.69012325548776,49ae7020-Audio_SP17.csv,49ae7020-Audio_SP17,1509.3127499999998,2783.088,1391.544,time column: time,audio_duration,H2
597.8630823590437,999.3496991849536,2739.981923092409,3.4850897682472337,3.456351668695338,4.149828334537815,6051.282051282051,0.0047314032006241,1532.06075,0.101,0.3322368421052631,0-0-2740-3,o,49ae7020-Audio_SP17.v0,group_0,1,fave,218.68341099368087,73.5359669795174,8,otro,,0.2799999999999727,[silence],[silence],R,#,R,.,final,32.6253556994068,31.70110913304662,63.42311180575965,49ae7020-Audio_SP17.csv,49ae7020-Audio_SP17,1532.06075,2783.088,1391.544,time column: time,audio_duration,H2
574.4234166606703,968.7485039374312,2479.951839508561,2.852400987127872,3.595208357914771,3.2842728673175468,6230.769230769231,2.2238357636e-05,1533.11575,0.031,0.3297872340425531,0-0-2743-6,o,49ae7020-Audio_SP17.v0,group_0,1,fave,267.2242554441304,76.58165259738298,8,trabajos,,0.0700000000001637,micro,de,x,s,x,s,internal,17.32933945191719,36.42328827770613,26.689570398578194,49ae7020-Audio_SP17.csv,49ae7020-Audio_SP17,1533.11575,2783.088,1391.544,time column: time,audio_duration,H2
678.5393351633776,1106.811894338974,2363.9800268609424,2.906243121399284,3.40918899039143,4.286845260906045,6230.769230769231,6.632548589828567e-06,1535.8627499999998,0.025,0.3378378378378378,0-0-2751-4,o,49ae7020-Audio_SP17.v0,group_0,1,fave,216.12699190507112,75.97447744693825,8,estamos,,0.0500000000001819,que,ahorita,m,s,m,s,internal,18.287963686410865,30.240708806089007,72.73664104235213,49ae7020-Audio_SP17.csv,49ae7020-Audio_SP17,1535.8627499999998,2783.088,1391.544,time column: time,audio_duration,H2
632.9802812145098,932.7107022563888,2519.075281315319,3.628195589593541,2.739231125969364,3.583710275312318,6230.769230769231,0.0244183115270115,1590.7787500000002,0.097,0.3299319727891157,0-0-2766-5,o,49ae7020-Audio_SP17.v0,group_0,1,fave,199.2646300469344,76.65983908852328,8,tiempo,,0.2699999999999818,el,.,p,#,p,.,final,37.64482857603215,15.475082132212902,36.006888785841774,49ae7020-Audio_SP17.csv,49ae7020-Audio_SP17,1590.7787500000002,2783.088,1391.544,time column: time,audio_duration,H2
635.5546288217456,1238.743006664852,3044.9920192720947,2.9466620902788474,3.2533045367055995,3.479849838833,6230.769230769231,0.0001006709116479,1593.27575,0.031,0.3297872340425531,0-0-2770-5,o,49ae7020-Audio_SP17.v0,group_0,1,fave,209.3879709465048,79.23786587322573,8,algunos,,0.0699999999999363,Hay,grupos,n,s,n,s,internal,19.042286097066267,25.875706012113486,32.454848252055086,49ae7020-Audio_SP17.csv,49ae7020-Audio_SP17,1593.27575,2783.088,1391.544,time column: time,audio_duration,H2
585.3409620276124,911.8854773209708,2906.060918295059,2.875415631200072,2.875299301519725,3.179886610500477,6051.282051282051,0.0001854086463654,1593.74275,0.045,0.335820895522388,0-0-2771-4,o,49ae7020-Audio_SP17.v0,group_0,1,fave,195.4131089883313,79.96278113219655,8,grupos,,0.1099999999998999,algunos,en,p,s,p,s,internal,17.732792892000422,17.73073016185233,24.044027057294937,49ae7020-Audio_SP17.csv,49ae7020-Audio_SP17,1593.74275,2783.088,1391.544,time column: time,audio_duration,H2
609.0488050629594,1189.2489872916426,2489.8665167568656,2.624221552149237,2.6328437473853383,3.838676105084781,6230.769230769231,1.32899201487e-05,1598.64775,0.035,0.3365384615384615,0-0-2779-6,o,49ae7020-Audio_SP17.v0,group_0,1,fave,200.9181438242265,79.11394098745251,8,ejemplo,,0.0799999999999272,Por,",",l,#,l,.,final,13.79383222653136,13.913279550117078,46.463920355310414,49ae7020-Audio_SP17.csv,49ae7020-Audio_SP17,1598.64775,2783.088,1391.544,time column: time,audio_duration,H2
691.1459382080394,1167.2427899797765,2688.757908658976,2.675890642722414,2.7783873598841016,3.7940872934342265,6230.769230769231,0.0003138505768559,1609.08875,0.077,0.3290598290598291,0-0-2807-11,o,49ae7020-Audio_SP17.v0,group_0,1,fave,181.59107986854613,76.70543093342246,8,relacionando,,0.2100000000000363,[silence],con,d,#,d,k,final,14.525280915990422,16.09304771658408,44.4376593474179,49ae7020-Audio_SP17.csv,49ae7020-Audio_SP17,1609.08875,2783.088,1391.544,time column: time,audio_duration,H2
569.175229643734,891.6989649082535,2652.9193683599547,3.238114155694979,3.021083343648608,4.131713090180774,6230.769230769231,2.1561436516e-05,1618.8427499999998,0.025,0.3378378378378378,0-0-2835-1,o,49ae7020-Audio_SP17.v0,group_0,1,fave,160.40536603080642,77.26673550427698,8,ponerles,,0.0500000000001819,para,a,p,n,p,n,internal,25.48561449925564,20.513502823867025,62.28453061221241,49ae7020-Audio_SP17.csv,49ae7020-Audio_SP17,1618.8427499999998,2783.088,1391.544,time column: time,audio_duration,H2
627.2303751028212,1123.0845195816382,3514.317858118072,2.8812331865097183,2.8296320528963657,4.016401040026399,6948.717948717948,0.0055353809713251,1620.55075,0.0809999999999999,0.3319672131147541,0-0-2839-6,o,49ae7020-Audio_SP17.v0,group_0,1,fave,194.09459357838887,74.42528877423405,8,privado,,0.2200000000000272,un,[silence],d,#,d,.,final,17.836255052066274,16.939226938251412,55.50100007871789,49ae7020-Audio_SP17.csv,49ae7020-Audio_SP17,1620.55075,2783.088,1391.544,time column: time,audio_duration,H2
516.785255633367,916.6636364983564,2761.955196397009,3.164429757101368,2.614385832293073,4.427061516532775,6230.769230769231,6.4509256068e-05,1621.0437499999998,0.027,0.3214285714285714,0-0-2842-1,o,49ae7020-Audio_SP17.v0,group_0,1,fave,161.80536885950778,77.06643106950146,8,ponerme,,0.0599999999999454,y,en,p,n,p,n,internal,23.67523954555379,13.658824992073765,83.6851478353045,49ae7020-Audio_SP17.csv,49ae7020-Audio_SP17,1621.0437499999998,2783.088,1391.544,time column: time,audio_duration,H2
641.990528946959,1207.0767084321194,2446.94204485214,3.033832262858741,3.3355939723432377,3.58357605576697,6230.769230769231,0.0044459890340134,1630.82775,0.055,0.3353658536585366,0-0-2875-9,o,49ae7020-Audio_SP17.v0,group_0,1,fave,223.72576282060388,78.76827269107507,8,información,,0.1400000000001,tenía,.,i,n,i,n,internal,20.776702001700272,28.095065960930576,36.002056281915046,49ae7020-Audio_SP17.csv,49ae7020-Audio_SP17,1630.82775,2783.088,1391.544,time column: time,audio_duration,H2
603.8664031375465,1108.637582556183,2678.12165803316,2.5383200913567805,3.01236708949514,3.6913294344021774,6230.769230769231,4.24850006108e-05,1634.58575,0.031,0.3297872340425531,0-0-2884-1,o,49ae7020-Audio_SP17.v0,group_0,1,fave,202.59081352536523,78.25942182881181,8,conociendo,,0.0700000000001637,fui,algunas,k,n,k,n,internal,12.658388163567905,20.335478897653616,40.09811935769645,49ae7020-Audio_SP17.csv,49ae7020-Audio_SP17,1634.58575,2783.088,1391.544,time column: time,audio_duration,H2
591.40255665945,1267.4001273275187,2500.17088619752,2.99816660375887,3.028810351656482,4.529292156902071,6230.769230769231,0.0006485323786796,1634.69775,0.035,0.3365384615384615,0-0-2884-3,o,49ae7020-Audio_SP17.v0,group_0,1,fave,182.78930724266067,78.39911855192908,8,conociendo,,0.0799999999999272,fui,algunas,n,z,n,z,internal,20.04874591184816,20.67262480113361,92.69292580735453,49ae7020-Audio_SP17.csv,49ae7020-Audio_SP17,1634.69775,2783.088,1391.544,time column: time,audio_duration,H2
668.1599714288462,1226.9814748203837,3159.340998865346,3.405342963812122,3.1676706905195484,3.808255321679937,6230.769230769231,0.0010740157971129,1641.1337499999995,0.047,0.3263888888888889,0-0-2898-5,o,49ae7020-Audio_SP17.v0,group_0,1,fave,238.9460394004577,78.72380348011126,8,algunos,,0.1200000000001182,hay,[silence],n,s,n,s,internal,30.124625608865728,23.75209389322133,45.07173455130739,49ae7020-Audio_SP17.csv,49ae7020-Audio_SP17,1641.1337499999995,2783.088,1391.544,time column: time,audio_duration,H2
583.9839616334416,1241.2081133758568,2882.836031646642,2.4374073156915776,3.3190927864862814,3.652802605111965,6230.769230769231,3.847440825637559e-06,1649.5137499999998,0.027,0.3214285714285714,0-0-2916-5,o,49ae7020-Audio_SP17.v0,group_0,1,fave,141.1846559880603,73.17446785416705,8,cerrados,,0.0599999999999454,muy,¿,d,s,d,s,internal,11.44333329774556,27.635268093991574,38.58264658750824,49ae7020-Audio_SP17.csv,49ae7020-Audio_SP17,1649.5137499999998,2783.088,1391.544,time column: time,audio_duration,H2
454.8346713785822,910.561919603534,2734.3397923214407,2.8220619461983416,2.635019475511219,3.8437330339064175,6051.282051282051,2.54901455726e-05,1653.0537499999998,0.027,0.3214285714285714,0-0-2927-1,o,49ae7020-Audio_SP17.v0,group_0,1,fave,212.30606609117368,75.80189788574631,8,contacto,,0.0599999999999454,algún,con,k,n,k,n,internal,16.81147932454353,13.943584018945504,46.699480196007045,49ae7020-Audio_SP17.csv,49ae7020-Audio_SP17,1653.0537499999998,2783.088,1391.544,time column: time,audio_duration,H2
599.0243463717904,1003.2809326940584,2696.425538077446,2.645605692959931,2.9623639290709844,3.390826046598192,6230.769230769231,0.001847934375181,1655.28775,0.075,0.3348214285714286,0-0-2933-4,o,49ae7020-Audio_SP17.v0,group_0,1,fave,195.74929708584264,77.50822806829876,8,tengo,,0.2000000000000454,las,[silence],g,#,g,.,final,14.091977910538716,19.34364475454272,29.690467853436893,49ae7020-Audio_SP17.csv,49ae7020-Audio_SP17,1655.28775,2783.088,1391.544,time column: time,audio_duration,H2
651.5456308432695,916.5171820908164,1727.0093755344308,3.5354672916677137,3.835245803832677,4.8239485144816445,5512.820512820513,0.0215635874574746,1668.98275,0.105,0.3343949044585987,0-0-2953-4,o,49ae7020-Audio_SP17.v0,group_0,1,fave,171.3204290169738,76.26420455868474,8,mismo,,0.2899999999999636,Venezuela,y,m,#,m,i,final,34.311044233787705,46.304808168527,124.45553636453154,49ae7020-Audio_SP17.csv,49ae7020-Audio_SP17,1668.98275,2783.088,1391.544,time column: time,audio_duration,H2
531.875407377804,748.7169584373083,2806.798509710276,3.568175147891221,3.118882243406293,4.431091675454915,5871.794871794871,0.0253932567962145,1673.04875,0.197,0.3316498316498316,0-0-2959-0,o,49ae7020-Audio_SP17.v0,group_0,1,fave,205.3985987906728,76.95001010181404,8,o,,0.5699999999999363,Perú,de,#,#,u,d,coextensive,35.45183972240456,22.62108064470083,84.02309280906563,49ae7020-Audio_SP17.csv,49ae7020-Audio_SP17,1673.04875,2783.088,1391.544,time column: time,audio_duration,H2
579.4731667966075,1048.5029864037938,2700.722740453954,3.0501145935997416,2.5347748735031708,3.311174975054906,6230.769230769231,0.0004592928099977,1674.09075,0.061,0.3315217391304348,0-0-2961-3,o,49ae7020-Audio_SP17.v0,group_0,1,fave,203.17894806099457,75.12708400380683,8,chicos,,0.1600000000000818,de,venezolanos,k,s,k,s,internal,21.117764244513182,12.613590874846196,27.417321222105823,49ae7020-Audio_SP17.csv,49ae7020-Audio_SP17,1674.09075,2783.088,1391.544,time column: time,audio_duration,H2
660.8910608245311,1283.0157420137132,2789.505913686638,2.9019252358438608,3.1209753767611885,3.673621325906014,6230.769230769231,0.0007034224934418,1674.59875,0.037,0.3245614035087719,0-0-2962-5,o,49ae7020-Audio_SP17.v0,group_0,1,fave,185.5571771012542,76.25486277845478,8,venezolanos,,0.0900000000001455,chicos,que,z,l,z,l,internal,18.209168588700496,22.668479171535548,39.39430748959021,49ae7020-Audio_SP17.csv,49ae7020-Audio_SP17,1674.59875,2783.088,1391.544,time column: time,audio_duration,H2
652.1002161930546,744.482348331761,2705.338269728678,2.2543955631404584,3.5582084563173844,2.646316922950811,5871.794871794871,0.0018565670860886,1678.98575,0.051,0.3311688311688312,0-0-2973-6,o,49ae7020-Audio_SP17.v0,group_0,1,fave,176.97060067067702,81.10926862778335,8,ayudado,,0.1299999999998817,He,a,d,#,d,a,final,9.529531568883382,35.10025713812118,14.102004112904774,49ae7020-Audio_SP17.csv,49ae7020-Audio_SP17,1678.98575,2783.088,1391.544,time column: time,audio_duration,H2
534.0711946444181,922.6891706166344,2859.5381411562,3.3417460607113565,2.873105092853519,3.282970741307622,6051.282051282051,0.0011504209037788,1692.02575,0.031,0.3297872340425531,0-0-2985-3,o,49ae7020-Audio_SP17.v0,group_0,1,fave,198.4223177447191,71.86977601717915,8,algo,,0.0699999999999363,Es,propio,g,#,g,p,final,28.26844205512593,17.69186789163012,26.654839831463114,49ae7020-Audio_SP17.csv,49ae7020-Audio_SP17,1692.02575,2783.088,1391.544,time column: time,audio_duration,H2
553.375620447681,1543.7254206466423,2553.557119937924,2.7135148330645484,3.496884208658229,2.710222563632366,6230.769230769231,1.83411536075e-05,1692.43775,0.035,0.3365384615384615,0-0-2986-5,o,49ae7020-Audio_SP17.v0,group_0,1,fave,197.26449789931,82.219644542822,8,propio,,0.0799999999999272,algo,de,i,#,i,d,final,15.082193854476523,33.01243169836288,15.032620857287792,49ae7020-Audio_SP17.csv,49ae7020-Audio_SP17,1692.43775,2783.088,1391.544,time column: time,audio_duration,H2
529.8062914132098,1422.546591518333,2619.1958597859725,3.0749909938457205,3.559776865191042,3.462282374121057,6230.769230769231,1.0537190348603864e-06,1694.3427499999998,0.025,0.3378378378378378,0-0-2996-1,o,49ae7020-Audio_SP17.v0,group_0,1,fave,162.761570325052,79.09631972114823,8,lo,,0.0500000000001819,que,necesita,l,#,l,n,final,21.64968693021344,35.15535188713691,31.889677692558767,49ae7020-Audio_SP17.csv,49ae7020-Audio_SP17,1694.3427499999998,2783.088,1391.544,time column: time,audio_duration,H2
626.1666868657378,1046.0428813429844,2876.932764698718,2.918841465557201,2.3458242838687777,3.4748089397524584,6051.282051282051,0.0001749555647896,1709.27775,0.035,0.3365384615384615,0-0-3001-3,o,49ae7020-Audio_SP17.v0,group_0,1,fave,208.09000826837644,72.67703802292645,8,Tipos,,0.0799999999999272,[silence],de,p,s,p,s,internal,18.519819177884127,10.441876251342595,32.29165829495813,49ae7020-Audio_SP17.csv,49ae7020-Audio_SP17,1709.27775,2783.088,1391.544,time column: time,audio_duration,H2
725.5860016109627,948.269767070292,2712.6100940749607,3.053143732512738,3.3330445983855697,3.9056938447826393,6051.282051282051,0.0075508443826702,1729.93575,0.1709999999999999,0.3326848249027236,0-0-3011-3,o,49ae7020-Audio_SP17.v0,group_0,1,fave,326.28735003081243,77.99074908696325,8,caso,,0.4900000000000091,el,.,s,#,s,.,final,21.18182986879232,28.023532353132463,49.68454131513162,49ae7020-Audio_SP17.csv,49ae7020-Audio_SP17,1729.93575,2783.088,1391.544,time column: time,audio_duration,H2
523.0439639477241,1403.1365291453153,2653.62370719018,4.106965925571279,3.440305002158725,4.530974340733864,6051.282051282051,0.0234227796093379,1732.07075,0.041,0.3306451612903226,0-0-3016-8,o,49ae7020-Audio_SP17.v0,group_0,1,fave,328.8838345518004,75.33891755831452,8,entendido,,0.1000000000001364,tengo,que,d,#,d,k,final,60.76208093461719,31.196471708626284,92.84898357059204,49ae7020-Audio_SP17.csv,49ae7020-Audio_SP17,1732.07075,2783.088,1391.544,time column: time,audio_duration,H2
596.888018965611,1773.107401510774,2521.1342018631776,2.418748471465914,3.475497051108756,3.0721789425453494,6230.769230769231,7.56706138689e-05,1742.70375,0.027,0.3214285714285714,0-0-3046-8,o,49ae7020-Audio_SP17.v0,group_0,1,fave,190.30275546874017,80.04129981037063,8,entendido,,0.0599999999999454,tengo,que,d,#,d,k,final,11.231793604713726,32.31388619850394,21.588892418633097,49ae7020-Audio_SP17.csv,49ae7020-Audio_SP17,1742.70375,2783.088,1391.544,time column: time,audio_duration,H2
569.4708592500157,1214.455786772478,2335.4882341734324,2.337142922916261,3.285656775795288,3.305822436581131,6051.282051282051,0.0002662391917993,1744.45275,0.065,0.3350515463917525,0-0-3051-6,o,49ae7020-Audio_SP17.v0,group_0,1,fave,181.5788823419748,80.09867979130705,8,ejemplo,,0.1699999999998453,por,[silence],l,#,l,.,final,10.351618899767791,26.72653189108241,27.270961004196156,49ae7020-Audio_SP17.csv,49ae7020-Audio_SP17,1744.45275,2783.088,1391.544,time column: time,audio_duration,H2
581.0596735610898,1046.5869931019208,2602.140124952151,3.087389291909001,2.956344900602192,3.9702993807860825,6230.769230769231,6.11915572176e-05,1746.7937499999998,0.027,0.3214285714285714,0-0-3063-1,o,49ae7020-Audio_SP17.v0,group_0,1,fave,200.9381361616921,79.59701116294231,8,comentado,,0.0599999999999454,han,en,k,m,k,m,internal,21.919777070989376,19.22756450170106,53.000395764877545,49ae7020-Audio_SP17.csv,49ae7020-Audio_SP17,1746.7937499999998,2783.088,1391.544,time column: time,audio_duration,H2
563.9700387000818,920.6458681804356,2490.221221709322,2.587795824208252,2.766059773779632,3.037053681994332,6051.282051282051,0.0006833260514426,1747.28275,0.0849999999999999,0.3346456692913385,0-0-3063-8,o,49ae7020-Audio_SP17.v0,group_0,1,fave,181.925067127025,77.08084645949316,8,comentado,,0.2300000000000182,han,en,d,#,d,e,final,13.300422800161394,15.895877101029829,20.84374038849959,49ae7020-Audio_SP17.csv,49ae7020-Audio_SP17,1747.28275,2783.088,1391.544,time column: time,audio_duration,H2
624.8920313187746,1212.7291435918012,3046.017359314638,3.1160935452344063,3.2691876913867373,4.613066834213032,6410.25641025641,0.0024077537697911,1748.18775,0.035,0.3365384615384615,0-0-3066-5,o,49ae7020-Audio_SP17.v0,group_0,1,fave,201.69446535105712,75.77353294904955,8,cierto,,0.0799999999999272,algún,post,t,#,t,p,final,22.55808515698703,26.289975094047463,100.79279089824266,49ae7020-Audio_SP17.csv,49ae7020-Audio_SP17,1748.18775,2783.088,1391.544,time column: time,audio_duration,H2
531.552893294618,1061.675540565594,2664.803366645277,2.7371165092347427,2.974914757864208,3.73931634735163,6230.769230769231,2.67584820173e-05,1754.0337499999998,0.027,0.3214285714285714,0-0-3076-3,o,49ae7020-Audio_SP17.v0,group_0,1,fave,247.12114277720283,80.61630789544574,8,chicos,,0.0599999999999454,otros,latinos,k,s,k,s,internal,15.442392839410417,19.587953459440083,42.06921959818722,49ae7020-Audio_SP17.csv,49ae7020-Audio_SP17,1754.0337499999998,2783.088,1391.544,time column: time,audio_duration,H2
741.3677184472816,1454.396987215728,2998.28205193737,3.2411947422372736,3.495635973963867,3.3128174769906327,6769.2307692307695,0.0023565694936384,1754.56575,0.031,0.3297872340425531,0-0-3077-5,o,49ae7020-Audio_SP17.v0,group_0,1,fave,249.22839087015583,80.47278492297477,8,latinos,,0.0699999999999363,chicos,de,n,s,n,s,internal,25.564246193989803,32.97125014324171,27.46239122893977,49ae7020-Audio_SP17.csv,49ae7020-Audio_SP17,1754.56575,2783.088,1391.544,time column: time,audio_duration,H2
658.1868833549888,1195.400928512361,2687.9713364954328,2.811276854530072,2.7574845464680786,4.696546840179674,6769.2307692307695,0.0021022925726433,1757.3337499999998,0.027,0.3214285714285714,0-0-3088-0,o,49ae7020-Audio_SP17.v0,group_0,1,fave,150.6509866760857,76.02051458277326,8,o,,0.0600000000001728,",",sea,#,#,.,s,coextensive,16.631140213925512,15.760149122429826,109.56816206219814,49ae7020-Audio_SP17.csv,49ae7020-Audio_SP17,1757.3337499999998,2783.088,1391.544,time column: time,audio_duration,H2
601.2242695209907,1276.108831506288,2598.584838623241,3.1923570959076435,3.235628116566682,3.381580557859196,6051.282051282051,0.0001546867090758,1761.58575,0.051,0.3311688311688312,0-0-3103-3,o,49ae7020-Audio_SP17.v0,group_0,1,fave,210.33058284668684,77.07179210472643,8,razón,,0.1300000000001091,principal,[silence],z,n,z,n,internal,24.345745121118316,25.42233495470469,29.417230022228186,49ae7020-Audio_SP17.csv,49ae7020-Audio_SP17,1761.58575,2783.088,1391.544,time column: time,audio_duration,H2
604.9713340328894,1063.386124562212,2440.489835044622,3.3638849178248456,3.6407660853504207,4.516449463759693,6230.769230769231,0.000360371411103,1761.8637499999998,0.027,0.3214285714285714,0-0-3105-0,o,49ae7020-Audio_SP17.v0,group_0,1,fave,214.64691606135,71.19112907916704,8,o,,0.0600000000001728,[silence],o,#,#,.,o,coextensive,28.90125205333764,38.12102950413728,91.5101105288102,49ae7020-Audio_SP17.csv,49ae7020-Audio_SP17,1761.8637499999998,2783.088,1391.544,time column: time,audio_duration,H2
537.8243327662176,835.1410526378703,2680.8598238262816,2.7001222994332963,2.652836793073559,3.506540002685405,6230.769230769231,0.0068037883379667,1762.0077500000002,0.195,0.333904109589041,0-0-3106-0,o,49ae7020-Audio_SP17.v0,group_0,1,fave,174.25201494587702,73.13581550620202,8,o,,0.5599999999999454,o,donde,#,#,o,d,coextensive,14.881551618914123,14.19424772962888,33.33273685085104,49ae7020-Audio_SP17.csv,49ae7020-Audio_SP17,1762.0077500000002,2783.088,1391.544,time column: time,audio_duration,H2
550.1120488628898,834.3481355106385,2528.399307487264,2.767146322949789,3.1846587301738003,3.444572053324745,6051.282051282051,0.0011314693443708,1763.54075,0.061,0.3315217391304348,0-0-3110-7,o,49ae7020-Audio_SP17.v0,group_0,1,fave,215.214165712504,79.2909011572613,8,masificó,,0.1600000000000818,se,el,k,#,k,e,final,15.913158139751856,24.1590422466938,31.32987306239615,49ae7020-Audio_SP17.csv,49ae7020-Audio_SP17,1763.54075,2783.088,1391.544,time column: time,audio_duration,H2
501.9974100622571,1176.530779905756,2855.890894537489,3.150025415919588,4.013192303031704,4.29161806416569,6230.769230769231,0.0026499482264699,1764.01575,0.031,0.3297872340425531,0-0-3112-2,o,49ae7020-Audio_SP17.v0,group_0,1,fave,227.4478054808848,76.59632056265237,8,uso,,0.0699999999999363,el,de,s,#,s,d,final,23.33665769602085,55.32319738012567,73.08462849705798,49ae7020-Audio_SP17.csv,49ae7020-Audio_SP17,1764.01575,2783.088,1391.544,time column: time,audio_duration,H2
550.3540084999655,1202.4884019512235,2693.542735742659,2.954625239172592,3.250256151702367,4.012171488288855,5871.794871794871,0.0023079590118269,1772.20275,0.045,0.335820895522388,0-0-3134-0,o,49ae7020-Audio_SP17.v0,group_0,1,fave,176.10542924259096,78.19547502108787,8,o,,0.1099999999998999,personas,de,#,#,s,d,coextensive,19.19452801457007,25.796947002839463,55.26675145993394,49ae7020-Audio_SP17.csv,49ae7020-Audio_SP17,1772.20275,2783.088,1391.544,time column: time,audio_duration,H2
708.4118028642968,1448.5380419250978,3239.4678004941934,3.415837136756351,3.499070623992377,4.894374511590181,7846.153846153846,0.0004971128554451,1772.6337499999995,0.027,0.3214285714285714,0-0-3136-4,o,49ae7020-Audio_SP17.v0,group_0,1,fave,180.59521410370104,77.60062358794212,8,personalidades,,0.0600000000001728,de,",",s,n,s,n,internal,30.44242323498967,33.08468954929715,133.5364549821023,49ae7020-Audio_SP17.csv,49ae7020-Audio_SP17,1772.6337499999995,2783.088,1391.544,time column: time,audio_duration,H2
561.3617561901656,1098.8445464339457,2962.2296289700694,2.609277101992661,3.1903436151979814,3.552388451311643,6410.25641025641,0.0010909653633446,1774.18075,0.101,0.3322368421052631,0-0-3140-3,o,49ae7020-Audio_SP17.v0,group_0,1,fave,421.995373942098,72.57698052052147,8,todo,,0.2799999999999727,de,hay,d,#,d,á,final,13.589223677518758,24.296774749947687,34.89656678028306,49ae7020-Audio_SP17.csv,49ae7020-Audio_SP17,1774.18075,2783.088,1391.544,time column: time,audio_duration,H2
587.7655776981143,1291.1321527130824,3187.93066129232,2.910964000424975,3.456929975828967,3.7336406688327406,6410.25641025641,0.0003455992328489,1781.51075,0.061,0.3315217391304348,0-0-3159-2,o,49ae7020-Audio_SP17.v0,group_0,1,fave,177.49694807415517,80.01644662882529,8,uno,,0.1600000000000818,si,[silence],n,#,n,.,final,18.37450306083643,31.719447412670096,41.83112454684398,49ae7020-Audio_SP17.csv,49ae7020-Audio_SP17,1781.51075,2783.088,1391.544,time column: time,audio_duration,H2
549.6155980944426,1112.946326088516,2554.735856895988,2.420058146772032,3.0136729671640325,4.149516412828761,6051.282051282051,0.0011985112878015,1782.87875,0.037,0.324561403508772,0-0-3164-3,o,49ae7020-Audio_SP17.v0,group_0,1,fave,174.04039286506887,76.74018094437636,8,tipo,,0.0900000000001455,diverso,de,p,#,p,d,final,11.24651324431149,20.362051892196103,63.403331845391584,49ae7020-Audio_SP17.csv,49ae7020-Audio_SP17,1782.87875,2783.088,1391.544,time column: time,audio_duration,H2
547.5394998648925,1137.1551437835376,3571.557791693921,2.582891136789902,3.226939245755739,4.720657470717815,7846.153846153846,0.0020195068690135,1788.2887500000002,0.097,0.3299319727891157,0-0-3175-7,o,49ae7020-Audio_SP17.v0,group_0,1,fave,303.8434651760493,72.97873332008751,8,adecuado,,0.2699999999999818,perfil,",",d,#,d,.,final,13.23534809977962,25.2024004455276,112.24202425807955,49ae7020-Audio_SP17.csv,49ae7020-Audio_SP17,1788.2887500000002,2783.088,1391.544,time column: time,audio_duration,H2
637.485748698568,1002.7418008937864,3224.7874748490103,3.1034057716614103,3.2183293042256644,4.273150758432987,6230.769230769231,4.49460809808e-05,1792.15375,0.027,0.3214285714285714,0-0-3184-3,o,49ae7020-Audio_SP17.v0,group_0,1,fave,212.7016891865684,74.53590759537813,8,todo,,0.0599999999999454,Quieren,para,d,#,d,p,final,22.27368132126796,24.986340716816688,71.74733839653415,49ae7020-Audio_SP17.csv,49ae7020-Audio_SP17,1792.15375,2783.088,1391.544,time column: time,audio_duration,H2
557.0992969180687,1260.0409462951934,2790.257776853953,2.4265600414615225,3.1843492658409294,3.7647195943726888,6410.25641025641,0.0003245742719384,1792.98375,0.067,0.3284313725490196,0-0-3186-2,o,49ae7020-Audio_SP17.v0,group_0,1,fave,142.77047580032777,78.62503712774499,8,ellos,,0.1800000000000636,para,.,L,s,L,s,internal,11.31987512621978,24.151567041516472,43.15160421060588,49ae7020-Audio_SP17.csv,49ae7020-Audio_SP17,1792.98375,2783.088,1391.544,time column: time,audio_duration,H2
750.9429169530613,1221.0643558341126,2491.1738563754225,2.883734512072776,2.858279699761749,3.693313791612439,6230.769230769231,3.281722564692413e-06,1820.87275,0.025,0.3378378378378378,0-0-3195-0,o,49ae7020-Audio_SP17.v0,group_0,1,fave,202.6478412505796,80.86356817986204,8,o,,0.0500000000001819,plataforma,sea,#,#,a,s,coextensive,17.88092517674924,17.431513690929435,40.17776734885894,49ae7020-Audio_SP17.csv,49ae7020-Audio_SP17,1820.87275,2783.088,1391.544,time column: time,audio_duration,H2
574.7503728973539,1152.0093196392047,2374.4443874997537,2.274910048506583,3.440015178873808,3.497505921140122,6230.769230769231,0.0001889718393843,1834.61375,0.047,0.3263888888888889,0-0-3216-1,o,49ae7020-Audio_SP17.v0,group_0,1,fave,186.8316020360676,77.5683610236558,8,los,,0.1200000000001182,repente,[silence],l,s,l,s,internal,9.7270440110713,31.18743155480468,33.03296232061815,49ae7020-Audio_SP17.csv,49ae7020-Audio_SP17,1834.61375,2783.088,1391.544,time column: time,audio_duration,H2
562.5617205752355,1304.6760215430224,2697.555823820495,2.438581696795034,3.3725013928101646,3.7671369373380665,6230.769230769231,0.000901720799324,1836.35875,0.037,0.3245614035087719,0-0-3220-1,o,49ae7020-Audio_SP17.v0,group_0,1,fave,180.3255104080158,75.16857301010269,8,Lo,,0.0900000000001455,[silence],mis,l,#,l,m,final,11.45678002637754,29.15135492388648,43.25604261835674,49ae7020-Audio_SP17.csv,49ae7020-Audio_SP17,1836.35875,2783.088,1391.544,time column: time,audio_duration,H2
596.4995650075518,938.1491493366495,2090.0055806732835,3.225075637930071,2.570787117728581,3.9693983564259807,6230.769230769231,0.0028106203890334,1843.09075,0.101,0.3322368421052631,0-0-3238-6,o,49ae7020-Audio_SP17.v0,group_0,1,fave,235.37581364922872,76.6155960522247,8,trabajo,,0.2799999999999727,un,.,x,#,x,.,final,25.15547679205622,13.076112831546682,52.95266262478869,49ae7020-Audio_SP17.csv,49ae7020-Audio_SP17,1843.09075,2783.088,1391.544,time column: time,audio_duration,H2
655.7374349815956,1336.863221190957,2205.386137675199,3.060012244910887,3.5648945896809563,3.944033978772672,6051.282051282051,8.50116086347273e-06,1844.02375,0.027,0.3214285714285714,0-0-3242-1,o,49ae7020-Audio_SP17.v0,group_0,1,fave,242.3294786911836,79.95971265316942,8,los,,0.0599999999999454,de,requisitos,l,s,l,s,internal,21.3278183176627,35.335728457548875,51.62644177687992,49ae7020-Audio_SP17.csv,49ae7020-Audio_SP17,1844.02375,2783.088,1391.544,time column: time,audio_duration,H2
623.012466277817,1189.048724658852,2646.713280266344,2.648755323975067,2.747184208854523,3.4845724295224687,6230.769230769231,0.0001486599623509,1855.28275,0.045,0.3358208955223881,0-0-3278-6,o,49ae7020-Audio_SP17.v0,group_0,1,fave,202.5070722064821,75.58509410051549,8,listado,,0.1099999999998999,un,y,d,#,d,i,final,14.136432412119134,15.598647454382244,32.60848170465607,49ae7020-Audio_SP17.csv,49ae7020-Audio_SP17,1855.28275,2783.088,1391.544,time column: time,audio_duration,H2
571.420611563421,1388.918439339316,2324.882454925036,3.0608490286106123,3.458650970715484,3.8070994907947022,6230.769230769231,9.79650598617e-05,1856.30375,0.027,0.3214285714285714,0-0-3281-1,o,49ae7020-Audio_SP17.v0,group_0,1,fave,153.19032028584087,76.8437727935685,8,lo,,0.0599999999999454,simplemente,copio,l,#,l,k,final,21.34567255740821,31.774083420129987,45.01966934354583,49ae7020-Audio_SP17.csv,49ae7020-Audio_SP17,1856.30375,2783.088,1391.544,time column: time,audio_duration,H2
523.6466320584633,937.500553037752,2936.0241359957663,2.7549939206450107,2.3237933515101146,4.233966320670581,6589.74358974359,0.0170103056004933,1857.37475,0.149,0.3355855855855855,0-0-3284-3,o,49ae7020-Audio_SP17.v0,group_0,1,fave,140.93756057130562,76.92669138143714,8,pego,,0.4200000000000727,y,.,g,#,g,.,final,15.72094532930566,10.21434751974139,68.99032798700543,49ae7020-Audio_SP17.csv,49ae7020-Audio_SP17,1857.37475,2783.088,1391.544,time column: time,audio_duration,H2
574.7812681277703,998.3932840602084,2687.455598083992,2.6872702948122305,2.93665345282248,3.254160867657903,6230.769230769231,5.69796525582e-05,1868.72375,0.027,0.3214285714285714,0-0-3303-5,o,49ae7020-Audio_SP17.v0,group_0,1,fave,193.144695586128,78.4159405281113,8,tiempo,,0.0599999999999454,un,de,p,#,p,d,final,14.691517623349878,18.85264934496517,25.89787367015559,49ae7020-Audio_SP17.csv,49ae7020-Audio_SP17,1868.72375,2783.088,1391.544,time column: time,audio_duration,H2
594.8641238800626,1629.0398673210198,2606.7048017309426,2.871798752680802,3.617062981962221,3.5052557904321584,6230.769230769231,3.44805942927e-05,1869.20575,0.031,0.3297872340425531,0-0-3305-6,o,49ae7020-Audio_SP17.v0,group_0,1,fave,194.81083595620004,78.67755365117338,8,duración,,0.0699999999999363,de,también,i,n,i,n,internal,17.66877138310592,37.228067592661006,33.28995801618401,49ae7020-Audio_SP17.csv,49ae7020-Audio_SP17,1869.20575,2783.088,1391.544,time column: time,audio_duration,H2
620.3505240787331,1260.0077273620157,2704.707712544869,3.14303660744945,3.874852083852813,4.170390705571669,6230.769230769231,0.0031390403082586,1870.20875,0.057,0.3275862068965517,0-0-3308-7,o,49ae7020-Audio_SP17.v0,group_0,1,fave,156.30724014838432,72.65414784949954,8,ejecución,,0.1499999999998635,de,[silence],i,n,i,n,internal,23.17413086104097,48.17557181907965,64.74074173519202,49ae7020-Audio_SP17.csv,49ae7020-Audio_SP17,1870.20875,2783.088,1391.544,time column: time,audio_duration,H2
513.1179844296969,947.7617157629747,2794.2477636737567,1.7050996401338108,3.4126349525151096,2.2084089824555124,5871.794871794871,0.0010090025786598,1872.09075,0.061,0.3315217391304348,0-0-3312-5,o,49ae7020-Audio_SP17.v0,group_0,1,fave,174.76249200876111,79.43649768319034,8,minutos,,0.1600000000000818,[silence],",",t,s,t,s,internal,5.501933853325737,30.34509689863686,9.101224659686368,49ae7020-Audio_SP17.csv,49ae7020-Audio_SP17,1872.09075,2783.088,1391.544,time column: time,audio_duration,H2
531.9934332528816,1165.5277122720358,2886.930141063219,2.539389789428419,2.689023984262848,3.5491060873196822,6230.769230769231,8.11469672517e-05,1873.05075,0.041,0.3306451612903226,0-0-3315-5,o,49ae7020-Audio_SP17.v0,group_0,1,fave,168.73297629051643,78.37415196398982,8,minuto,,0.1000000000001364,un,",",t,#,t,.,final,12.671936061764958,14.717304587374064,34.78221132682307,49ae7020-Audio_SP17.csv,49ae7020-Audio_SP17,1873.05075,2783.088,1391.544,time column: time,audio_duration,H2
551.9778493996029,1064.2281541353375,2918.5912736907853,3.02882843947802,3.1778757597094707,3.5824444174194707,6589.74358974359,0.0005615852559313,1873.86775,0.075,0.3348214285714286,0-0-3318-5,o,49ae7020-Audio_SP17.v0,group_0,1,fave,163.23700640436104,77.16571091531935,8,minutos,,0.2000000000000454,dos,",",t,s,t,s,internal,20.67299872726348,23.995726685163845,35.96133801795741,49ae7020-Audio_SP17.csv,49ae7020-Audio_SP17,1873.86775,2783.088,1391.544,time column: time,audio_duration,H2
672.3592671070251,913.3964380761624,1874.6878216094835,3.188962762433943,4.021741814940834,4.67999046210536,6051.282051282051,5.69585969244e-05,1879.33375,0.027,0.3214285714285714,0-0-3331-5,o,49ae7020-Audio_SP17.v0,group_0,1,fave,148.6531980287018,79.00783056563543,8,podemos,,0.0600000000001728,organizado,perderlo,m,s,m,s,internal,24.263247634709213,55.79821139055575,107.76904467670497,49ae7020-Audio_SP17.csv,49ae7020-Audio_SP17,1879.33375,2783.088,1391.544,time column: time,audio_duration,H2
586.4707499348375,1174.7304370730585,2362.362983916902,3.0521708362615687,3.251757909654228,3.5403583171052304,6051.282051282051,7.63409066953e-05,1879.97575,0.031,0.3297872340425531,0-0-3332-7,o,49ae7020-Audio_SP17.v0,group_0,1,fave,344.58784881424583,72.71656214127074,8,perderlo,,0.0699999999999363,podemos,pues,l,#,l,p,final,21.16123216725806,25.83571687733197,34.47927149045602,49ae7020-Audio_SP17.csv,49ae7020-Audio_SP17,1879.97575,2783.088,1391.544,time column: time,audio_duration,H2
677.3355346917292,754.323426718671,3274.68642350176,3.203024630015049,3.835561938220464,4.392868641399199,6769.2307692307695,0.0362406664889279,1893.19375,0.087,0.3295454545454546,0-0-3338-1,o,49ae7020-Audio_SP17.v0,group_0,1,fave,245.5584235868336,79.35115353944228,8,móvil,,0.2400000000000091,Con,.,m,b,m,b,internal,24.60684435404889,46.3194490248261,80.87207954148786,49ae7020-Audio_SP17.csv,49ae7020-Audio_SP17,1893.19375,2783.088,1391.544,time column: time,audio_duration,H2
644.9334230042658,1125.1062501120853,1891.3891884942009,3.3815084466692085,3.764208832723696,4.61060958956132,5871.794871794871,0.016814866284689,1906.9387500000005,0.077,0.3290598290598291,0-0-3371-3,o,49ae7020-Audio_SP17.v0,group_0,1,fave,,67.40378922009637,8,como,,0.209999999999809,",",en,m,#,m,e,final,29.41510878724846,43.12956965376491,100.54542239880658,49ae7020-Audio_SP17.csv,49ae7020-Audio_SP17,1906.9387500000005,2783.088,1391.544,time column: time,audio_duration,H2
607.5243396893045,1381.212919887622,2593.1574190115566,2.89204799558347,2.897034619560245,3.12045385994756,6230.769230769231,2.054467350594923e-06,1952.66375,0.027,0.3214285714285714,0-0-3406-10,o,49ae7020-Audio_SP17.v0,group_0,1,fave,150.12409474088213,75.73180444034139,8,refrescando,,0.0599999999999454,actualizando,¿,d,#,d,.,final,18.030197580462023,18.12033194233127,22.656660260656448,49ae7020-Audio_SP17.csv,49ae7020-Audio_SP17,1952.66375,2783.088,1391.544,time column: time,audio_duration,H2
583.5828593159001,934.6713287558912,2458.138963514577,3.331242568380351,3.852881287614376,4.562230656735038,6051.282051282051,0.0044342269841963,1955.26575,0.051,0.3311688311688312,0-0-3414-3,o,49ae7020-Audio_SP17.v0,group_0,1,fave,167.45653219934496,76.08780182961915,8,como,,0.1299999999998817,tal,pide,m,#,m,p,final,27.973078580239477,47.12865901404669,95.79693174357352,49ae7020-Audio_SP17.csv,49ae7020-Audio_SP17,1955.26575,2783.088,1391.544,time column: time,audio_duration,H2
556.908410925926,1112.6655688170872,2888.754745430374,2.230620051232622,3.0841633900948144,4.373238727927003,6230.769230769231,0.0003470647294498,2018.93375,0.047,0.3263888888888889,0-0-3439-10,o,49ae7020-Audio_SP17.v0,group_0,1,fave,138.45176934929972,70.73230705336518,8,participado,,0.1199999999998908,He,[silence],d,#,d,&,final,9.30563426100862,21.84917995327662,79.30004752340994,49ae7020-Audio_SP17.csv,49ae7020-Audio_SP17,2018.93375,2783.088,1391.544,time column: time,audio_duration,H2
572.6448024542466,1105.0191865192055,2462.3604075653093,2.0815919393960773,3.6089422897208143,3.618506663155309,6051.282051282051,0.0001947277256507,2020.55075,0.041,0.3306451612903226,0-0-3444-1,o,49ae7020-Audio_SP17.v0,group_0,1,fave,185.5819041488797,75.598248623973,8,lo,,0.1000000000001364,a,largo,l,#,l,l,final,8.017221691836935,36.92697411139578,37.28185186803145,49ae7020-Audio_SP17.csv,49ae7020-Audio_SP17,2020.55075,2783.088,1391.544,time column: time,audio_duration,H2
652.2944122491791,1298.9416353151116,3406.94696911262,2.289184281014313,2.626696198644661,3.914227487307703,6410.25641025641,7.629195671238844e-06,2020.91375,0.027,0.3214285714285714,0-0-3445-4,o,49ae7020-Audio_SP17.v0,group_0,1,fave,217.5668958169594,77.44299688736527,8,largo,,0.0599999999999454,lo,de,g,#,g,d,final,9.866885791510285,13.828009355824458,50.11034567681275,49ae7020-Audio_SP17.csv,49ae7020-Audio_SP17,2020.91375,2783.088,1391.544,time column: time,audio_duration,H2
556.1077804182216,1053.558442893685,2329.7280007565987,3.110257712993771,3.403298049680477,4.406759195374822,6230.769230769231,0.0010068515077275,2022.60875,0.037,0.3245614035087719,0-0-3452-4,o,49ae7020-Audio_SP17.v0,group_0,1,fave,85.33247858728281,79.47628843200755,8,tengo,,0.0900000000001455,ya,algo,g,#,g,á,final,22.426823339844194,30.063086279015053,82.00327581049744,49ae7020-Audio_SP17.csv,49ae7020-Audio_SP17,2022.60875,2783.088,1391.544,time column: time,audio_duration,H2
589.4354299649739,1122.30440713679,2332.6949015714586,2.681627745869311,3.4491702663189154,3.776957204427236,6230.769230769231,6.20084972877e-05,2022.81375,0.027,0.3214285714285714,0-0-3453-3,o,49ae7020-Audio_SP17.v0,group_0,1,fave,183.9170089667135,79.10867971124372,8,algo,,0.0599999999999454,tengo,más,g,#,g,m,final,14.60885345374993,31.474266212631832,43.6829211098994,49ae7020-Audio_SP17.csv,49ae7020-Audio_SP17,2022.81375,2783.088,1391.544,time column: time,audio_duration,H2
524.4434474659499,1102.1776628112398,2718.6900808101145,3.0251617444519434,2.91403450075085,4.025954958496885,5512.820512820513,0.0069797986989503,2035.94075,0.0809999999999999,0.3319672131147541,0-0-3481-5,o,49ae7020-Audio_SP17.v0,group_0,1,fave,318.7441055235798,77.4124687807556,8,aporto,,0.2199999999997999,que,[silence],t,#,t,.,final,20.59733594659852,18.431008684345773,56.03379318680242,49ae7020-Audio_SP17.csv,49ae7020-Audio_SP17,2035.94075,2783.088,1391.544,time column: time,audio_duration,H2
610.3521282891633,1394.8754938465054,2915.9237499665423,2.338249785527201,3.2181558669576096,4.078743563692859,6230.769230769231,7.578705210602208e-06,2051.55375,0.027,0.3214285714285714,0-0-3500-2,o,49ae7020-Audio_SP17.v0,group_0,1,fave,199.7455292279388,80.35449738145638,8,uno,,0.0599999999999454,también,se,n,#,n,s,final,10.363083063147112,24.982007529922985,59.07120399908548,49ae7020-Audio_SP17.csv,49ae7020-Audio_SP17,2051.55375,2783.088,1391.544,time column: time,audio_duration,H2
641.1171061975982,1234.463616131664,2771.026410957804,2.695798348963714,3.96470594547132,4.065706122448573,6230.769230769231,0.0005143952339275,2056.07575,0.031,0.3297872340425531,0-0-3513-1,o,49ae7020-Audio_SP17.v0,group_0,1,fave,305.0711335822395,81.12651155742168,8,los,,0.0700000000001637,de,factores,l,s,l,s,internal,14.817343443328127,52.704769034766514,58.3060652115447,49ae7020-Audio_SP17.csv,49ae7020-Audio_SP17,2056.07575,2783.088,1391.544,time column: time,audio_duration,H2
636.901679000165,1086.1114552121378,2831.614668427665,2.9178490291871766,3.474962452443246,4.010728747851254,6230.769230769231,0.0069527914148842,2060.77375,0.067,0.3284313725490196,0-0-3525-5,o,49ae7020-Audio_SP17.v0,group_0,1,fave,270.394908765152,73.28115504377664,8,agradó,,0.180000000000291,me,[silence],d,#,d,.,final,18.50144855311162,32.29661585482743,55.18707337396699,49ae7020-Audio_SP17.csv,49ae7020-Audio_SP17,2060.77375,2783.088,1391.544,time column: time,audio_duration,H2
609.76901591456,1150.7993735529742,2167.7967170204674,2.645447343804965,3.4101321968353955,4.723297000470304,6230.769230769231,0.000231884364913,2063.54775,0.035,0.3365384615384615,0-0-3535-3,o,49ae7020-Audio_SP17.v0,group_0,1,fave,137.02573598768444,74.53873329693164,8,xenofobia,,0.0799999999999272,la,.,n,f,n,f,internal,14.089746634409789,30.269245493383053,112.538681766511,49ae7020-Audio_SP17.csv,49ae7020-Audio_SP17,2063.54775,2783.088,1391.544,time column: time,audio_duration,H2
564.4174133349344,1195.3182634089833,2624.6678746794564,2.303348106655223,3.149688660120592,4.300693055218567,6230.769230769231,0.000459007963162,2070.92775,0.035,0.3365384615384615,0-0-3543-1,o,49ae7020-Audio_SP17.v0,group_0,1,fave,139.68672812655885,78.94388524628361,8,los,,0.0799999999999272,hacia,mios,l,s,l,s,internal,10.007633048301516,23.328800264304636,73.75088943026282,49ae7020-Audio_SP17.csv,49ae7020-Audio_SP17,2070.92775,2783.088,1391.544,time column: time,audio_duration,H2
532.705660354394,893.3685790546584,2779.282700758896,1.7579521118256425,2.985877123030898,3.3661720356382423,6230.769230769231,0.0001034976722722,2072.93375,0.047,0.3263888888888889,0-0-3547-0,o,49ae7020-Audio_SP17.v0,group_0,1,fave,186.95130217099472,81.1899711452907,8,O,,0.1200000000003456,",",sea,#,#,,s,coextensive,5.800546352516195,19.803865046730024,28.96742826929266,49ae7020-Audio_SP17.csv,49ae7020-Audio_SP17,2072.93375,2783.088,1391.544,time column: time,audio_duration,H2
556.8645927131531,1229.2631141219713,2998.424058368654,2.9518216785309868,3.966088653388641,4.740071781062334,6230.769230769231,0.002684646013373,2076.08775,0.035,0.3365384615384615,0-0-3558-5,o,49ae7020-Audio_SP17.v0,group_0,1,fave,520.157163642274,76.12509233319415,8,siendo,,0.0799999999999272,",",muy,d,#,d,m,final,19.14079035488601,52.77769474204912,114.44241618354202,49ae7020-Audio_SP17.csv,49ae7020-Audio_SP17,2076.08775,2783.088,1391.544,time column: time,audio_duration,H2
519.061249244154,974.1016254881138,2475.3579727059914,2.344399471490858,3.1128817455879143,4.654043485929844,6230.769230769231,0.0020951734707494,2078.02275,0.045,0.3358208955223881,0-0-3565-1,o,49ae7020-Audio_SP17.v0,group_0,1,fave,131.43130673603133,75.99854248084105,8,conmigo,,0.1100000000001273,va,.,k,n,k,n,internal,10.427009130754833,22.485749333323337,105.0087296189604,49ae7020-Audio_SP17.csv,49ae7020-Audio_SP17,2078.02275,2783.088,1391.544,time column: time,audio_duration,H2
514.5561950315521,1085.5000771387145,2591.0303996407674,2.6127262230063453,4.5998585773566,4.626311757897891,6051.282051282051,9.24139667336e-05,2078.46275,0.025,0.3378378378378378,0-0-3565-6,o,49ae7020-Audio_SP17.v0,group_0,1,fave,539.067194889973,65.29412299075972,8,conmigo,,0.0500000000001819,va,.,g,#,g,.,final,13.636175479140764,99.47024730185326,102.13666382281671,49ae7020-Audio_SP17.csv,49ae7020-Audio_SP17,2078.46275,2783.088,1391.544,time column: time,audio_duration,H2
547.6800599276659,1340.1401144574731,2629.1357354025504,2.301611142442117,3.7165610491992007,3.1435090730237407,5692.307692307692,0.002134263965168,2080.56075,0.041,0.3306451612903226,0-0-3572-1,o,49ae7020-Audio_SP17.v0,group_0,1,fave,178.4452857758562,80.00232400131924,8,doloroso,,0.099999999999909,muy,[silence],d,l,d,l,internal,9.990265235839694,41.12273161223705,23.18508242700216,49ae7020-Audio_SP17.csv,49ae7020-Audio_SP17,2080.56075,2783.088,1391.544,time column: time,audio_duration,H2
194.96138171523413,571.7066461291143,2591.666029577888,3.798999179027688,1.8350314891256865,4.829822095967809,5512.820512820513,0.0004292700531462,2080.94375,0.027,0.3214285714285714,0-0-3572-7,o,49ae7020-Audio_SP17.v0,group_0,1,fave,183.06633081310247,77.79963554920403,8,doloroso,,0.0599999999999454,muy,[silence],s,#,s,.,final,44.65646899021179,6.26533143213844,125.18868710132642,49ae7020-Audio_SP17.csv,49ae7020-Audio_SP17,2080.94375,2783.088,1391.544,time column: time,audio_duration,H2
549.0601082455407,995.8592313029816,2812.7214038329844,2.479624870430072,3.301179838496461,3.95131121701942,6410.25641025641,0.0104240727348521,2082.88775,0.155,0.334051724137931,0-0-3577-5,o,49ae7020-Audio_SP17.v0,group_0,1,fave,104.8291587986544,77.52960808557062,8,estando,,0.4400000000000545,que,en,d,#,d,e,final,11.93678573655905,27.14464633387336,52.00351003723529,49ae7020-Audio_SP17.csv,49ae7020-Audio_SP17,2082.88775,2783.088,1391.544,time column: time,audio_duration,H2
589.9851323344952,1116.759913317857,2534.178581551183,2.5646028887569345,3.536780480300577,4.6054277401360215,6410.25641025641,6.38932299411e-05,2085.33375,0.027,0.3214285714285714,0-0-3586-1,o,49ae7020-Audio_SP17.v0,group_0,1,fave,195.80625440319187,79.75578436955804,8,conversación,,0.0599999999999454,cierta,[silence],k,n,k,n,internal,12.995496687013729,34.35613070409816,100.02575873178472,49ae7020-Audio_SP17.csv,49ae7020-Audio_SP17,2085.33375,2783.088,1391.544,time column: time,audio_duration,H2
648.6571313415209,1258.272952622236,2685.719322929045,3.0432435839238807,3.642881688089204,4.470062919659987,6051.282051282051,0.0006373834354512,2085.8057500000004,0.051,0.3311688311688312,0-0-3586-10,o,49ae7020-Audio_SP17.v0,group_0,1,fave,109.90557957396354,76.39417507270858,8,conversación,,0.1299999999996544,cierta,[silence],i,n,i,n,internal,20.973161235295542,38.20176382932883,87.36221964167176,49ae7020-Audio_SP17.csv,49ae7020-Audio_SP17,2085.8057500000004,2783.088,1391.544,time column: time,audio_duration,H2
552.3965999751268,1060.7975933798486,2987.8429553542546,2.238065834726769,3.07370493360127,3.9707548955140366,6230.769230769231,0.0005336060335295,2117.3857500000004,0.051,0.3311688311688312,0-0-3630-3,o,49ae7020-Audio_SP17.v0,group_0,1,fave,134.8651190739009,76.8977162562601,8,todos,,0.1299999999996544,a,.,d,s,d,s,internal,9.375180591148355,21.621862024635213,53.024543725194086,49ae7020-Audio_SP17.csv,49ae7020-Audio_SP17,2117.3857500000004,2783.088,1391.544,time column: time,audio_duration,H2
608.3298535674605,905.127076758812,2459.969285126525,3.427859286855191,3.80066066536025,5.051391440097677,6230.769230769231,0.0529450780837166,2120.17375,0.067,0.3284313725490196,0-0-3640-0,o,49ae7020-Audio_SP17.v0,group_0,1,fave,164.69128531833988,64.01737950478152,8,o,,0.180000000000291,van,que,#,#,n,k,coextensive,30.81061541268437,44.73072677516429,156.23971150767693,49ae7020-Audio_SP17.csv,49ae7020-Audio_SP17,2120.17375,2783.088,1391.544,time column: time,audio_duration,H2
517.9555781992011,875.9510576618295,2810.572767565176,2.8016280072189303,3.1649697410829254,3.622997679746743,6051.282051282051,0.0024607001129179,2122.87375,0.087,0.3295454545454545,0-0-3650-4,o,49ae7020-Audio_SP17.v0,group_0,1,fave,157.5335131369834,74.40874193089527,8,grupo,,0.2400000000002364,otro,.,p,#,p,.,final,16.4714405790917,23.68802724793442,37.44966181991955,49ae7020-Audio_SP17.csv,49ae7020-Audio_SP17,2122.87375,2783.088,1391.544,time column: time,audio_duration,H2
568.5388851140341,911.8368434020678,2544.557094082208,3.412444061623189,2.976360519258536,4.475064727016925,6230.769230769231,0.0002086839536954,2124.64575,0.031,0.3297872340425531,0-0-3656-1,o,49ae7020-Audio_SP17.v0,group_0,1,fave,212.04728014013835,74.96794587214801,8,poquitos,,0.0699999999997089,un,y,p,k,p,k,internal,30.339304848866824,19.61629344783979,87.80028327625692,49ae7020-Audio_SP17.csv,49ae7020-Audio_SP17,2124.64575,2783.088,1391.544,time column: time,audio_duration,H2
528.7108803106148,1383.114541163338,2756.4996075925046,3.004132903595228,3.0711034932595185,4.861679556986881,6230.769230769231,0.0002965424386016,2125.04775,0.035,0.3365384615384615,0-0-3656-5,o,49ae7020-Audio_SP17.v0,group_0,1,fave,228.52330638416367,77.04431028386611,8,poquitos,,0.0799999999999272,un,y,t,s,t,s,internal,20.168720286957377,21.565687139986355,129.24108769236966,49ae7020-Audio_SP17.csv,49ae7020-Audio_SP17,2125.04775,2783.088,1391.544,time column: time,audio_duration,H2
548.0139330058387,928.0155597940188,2770.8197681720926,3.172282151915728,2.873282806266322,3.6282115171858544,6230.769230769231,0.0001057767865934,2125.63575,0.031,0.3297872340425531,0-0-3660-1,o,49ae7020-Audio_SP17.v0,group_0,1,fave,206.4698686094596,75.8165333317206,8,poquitos,,0.0700000000001637,esos,[silence],p,k,p,k,internal,23.86187869692742,17.69501225324134,37.64542817228946,49ae7020-Audio_SP17.csv,49ae7020-Audio_SP17,2125.63575,2783.088,1391.544,time column: time,audio_duration,H2
650.9430900647302,1253.391433863305,2955.49093246685,2.9796116265188664,3.075698393390645,3.728136455721747,6410.25641025641,0.0004432957174703,2126.14075,0.061,0.3315217391304348,0-0-3660-5,o,49ae7020-Audio_SP17.v0,group_0,1,fave,222.8593203281416,78.89584616959037,8,poquitos,,0.1599999999998544,esos,[silence],t,s,t,s,internal,19.68017190347964,21.66500732707764,41.60150962709928,49ae7020-Audio_SP17.csv,49ae7020-Audio_SP17,2126.14075,2783.088,1391.544,time column: time,audio_duration,H2
531.0813826627592,1338.5032883132076,2594.156066344163,2.643704090772191,2.7579604158341056,3.742776425826584,6230.769230769231,6.512263130798125e-06,2128.94275,0.025,0.3378378378378378,0-0-3671-1,o,49ae7020-Audio_SP17.v0,group_0,1,fave,165.7451214696657,77.42504631977165,8,los,,0.0500000000001819,y,que,l,s,l,s,internal,14.065206037308268,15.76765067934021,42.21503451943578,49ae7020-Audio_SP17.csv,49ae7020-Audio_SP17,2128.94275,2783.088,1391.544,time column: time,audio_duration,H2
527.5224046913348,993.2630032874728,2688.9803497735384,2.4637515946835524,3.058557694759533,3.7833052499633935,6230.769230769231,0.0073261115655597,2130.64575,0.111,0.3323353293413173,0-0-3676-4,o,49ae7020-Audio_SP17.v0,group_0,1,fave,392.98503784136494,74.17070182325632,8,tanto,,0.3099999999999454,[silence],[silence],t,#,t,.,final,11.748805721295067,21.296818487170327,43.96110430788397,49ae7020-Audio_SP17.csv,49ae7020-Audio_SP17,2130.64575,2783.088,1391.544,time column: time,audio_duration,H2
585.4886550142326,998.369521157486,2753.6108174210995,2.6391447229442315,3.0954218470634105,3.9206505694877936,6410.25641025641,0.0051995813230776,2131.96075,0.141,0.3325471698113207,0-0-3681-0,o,49ae7020-Audio_SP17.v0,group_0,1,fave,273.6740672419945,73.47711586884792,8,o,,0.4000000000000909,[silence],o,#,#,.,o,coextensive,14.001223560070336,22.09655793980457,50.43324443768135,49ae7020-Audio_SP17.csv,49ae7020-Audio_SP17,2131.96075,2783.088,1391.544,time column: time,audio_duration,H2
539.8998653374988,865.0035021177463,2829.3345056587714,2.2946343804893226,3.006850604140544,3.2703769428602643,6230.769230769231,0.0003120044061969,2132.31575,0.051,0.3311688311688312,0-0-3682-0,o,49ae7020-Audio_SP17.v0,group_0,1,fave,95.303914563169,80.6041083333852,8,o,,0.1300000000001091,o,los,#,#,o,l,coextensive,9.920808108103476,20.223607378636537,26.32125908424564,49ae7020-Audio_SP17.csv,49ae7020-Audio_SP17,2132.31575,2783.088,1391.544,time column: time,audio_duration,H2
642.3466090851205,1107.3946663229651,2614.6238324713777,2.8812375386293385,3.6160181302153886,3.4088480961058925,6230.769230769231,0.0015014921575175,2133.95875,0.097,0.3299319727891157,0-0-3688-4,o,49ae7020-Audio_SP17.v0,group_0,1,fave,240.5896159154602,79.33989965030447,8,amigo,,0.2699999999999818,mejor,y,g,#,g,i,final,17.836332677750757,37.18919009535304,30.23040167818672,49ae7020-Audio_SP17.csv,49ae7020-Audio_SP17,2133.95875,2783.088,1391.544,time column: time,audio_duration,H2
587.4400467224173,1379.9855424479165,2586.630991530014,2.6208604513494262,3.2239612881570965,3.4773814834239527,6230.769230769231,0.0007036502860443,2135.51275,0.045,0.3358208955223881,0-0-3694-9,o,49ae7020-Audio_SP17.v0,group_0,1,fave,147.84740456734175,77.09713806714537,8,información,,0.1100000000001273,la,¿,i,n,i,n,internal,13.74754759323442,25.127460405130304,32.374836940623254,49ae7020-Audio_SP17.csv,49ae7020-Audio_SP17,2135.51275,2783.088,1391.544,time column: time,audio_duration,H2
579.7418151731068,1057.7280043752332,2650.879550494188,2.54538021735512,3.0028217551433083,3.692491966035112,6230.769230769231,0.0004239966424366,2141.63075,0.041,0.3306451612903226,0-0-3706-0,o,49ae7020-Audio_SP17.v0,group_0,1,fave,189.7566663974296,80.17970896957023,8,O,,0.099999999999909,.,por,#,#,.,p,coextensive,12.748074203774744,20.14229342912869,40.144761796273066,49ae7020-Audio_SP17.csv,49ae7020-Audio_SP17,2141.63075,2783.088,1391.544,time column: time,audio_duration,H2
583.6122989519934,1293.778722022599,2302.135287557935,2.6187298603389544,3.701620741648585,4.423694549513877,6230.769230769231,9.321584067396049e-06,2144.38275,0.025,0.3378378378378378,0-0-3713-8,o,49ae7020-Audio_SP17.v0,group_0,1,fave,189.1149749090375,78.6976823859607,8,regresaron,,0.0500000000001819,[silence],a,R,n,R,n,internal,13.71828837270068,40.51291214308839,83.40385651760359,49ae7020-Audio_SP17.csv,49ae7020-Audio_SP17,2144.38275,2783.088,1391.544,time column: time,audio_duration,H2
582.3166192025494,1448.0598797455968,2578.3037354566204,2.8790939678539305,3.4305211426983533,3.5986558874427685,6230.769230769231,1.759265925496422e-06,2152.71275,0.025,0.3378378378378378,0-0-3730-4,o,49ae7020-Audio_SP17.v0,group_0,1,fave,205.1033841005884,79.71285029602177,8,punto,,0.0500000000001819,principal,que,t,#,t,k,final,17.798140185062067,30.892738080213416,36.54907534227355,49ae7020-Audio_SP17.csv,49ae7020-Audio_SP17,2152.71275,2783.088,1391.544,time column: time,audio_duration,H2
526.5842790946896,1156.765082525132,2519.225090334533,2.336426196544815,3.077129879453389,3.953357717000893,6230.769230769231,0.000658574236418,2153.35275,0.045,0.3358208955223881,0-0-3734-4,o,49ae7020-Audio_SP17.v0,group_0,1,fave,170.01579782646465,80.55480884610226,8,gustó,,0.1100000000001273,me,es,t,#,t,é,final,10.344202279676264,21.696042691161484,52.110044193455536,49ae7020-Audio_SP17.csv,49ae7020-Audio_SP17,2153.35275,2783.088,1391.544,time column: time,audio_duration,H2
523.7774980873122,968.3901701827208,2584.104614843231,2.29877141843758,2.7118263102275884,4.063897750248295,6230.769230769231,0.0001634291016887,2199.82775,0.035,0.3365384615384615,0-0-3760-1,o,49ae7020-Audio_SP17.v0,group_0,1,fave,165.74135776598823,75.74339466696212,8,poquito,,0.0799999999999272,un,[silence],p,k,p,k,internal,9.961935882647332,15.056748714117647,58.20072142320576,49ae7020-Audio_SP17.csv,49ae7020-Audio_SP17,2199.82775,2783.088,1391.544,time column: time,audio_duration,H2
546.5322227828666,1056.8587968132526,2675.337878556266,2.0918081796427925,2.9602348847332647,4.3147500805964585,6769.2307692307695,0.0110690334439775,2200.40575,0.131,0.3324873096446699,0-0-3760-5,o,49ae7020-Audio_SP17.v0,group_0,1,fave,162.64233600195382,78.22531542555238,8,poquito,,0.3699999999998908,un,[silence],t,#,t,.,final,8.099547368158747,19.302505086835417,74.79492840401898,49ae7020-Audio_SP17.csv,49ae7020-Audio_SP17,2200.40575,2783.088,1391.544,time column: time,audio_duration,H2
531.2890041089689,1346.7274405339328,2680.2128626286312,2.7879504449995727,3.084380588685089,3.653093720479693,6230.769230769231,1.68902492864e-05,2202.48375,0.027,0.3214285714285714,0-0-3765-1,o,49ae7020-Audio_SP17.v0,group_0,1,fave,160.05811093099877,78.91308011416294,8,los,,0.0600000000004001,de,pagos,l,s,l,s,internal,16.247685128533757,21.85392607976846,38.593880223920245,49ae7020-Audio_SP17.csv,49ae7020-Audio_SP17,2202.48375,2783.088,1391.544,time column: time,audio_duration,H2
561.1793700107128,970.8507929397224,2696.1247814508806,1.96470867789248,3.4637835146416265,3.78931140150178,6230.769230769231,0.000447011042148,2202.96775,0.075,0.3348214285714286,0-0-3766-3,o,49ae7020-Audio_SP17.v0,group_0,1,fave,187.73115715683176,76.39545364031318,8,pagos,,0.2000000000002728,los,[silence],g,s,g,s,internal,7.132834335121219,31.93758452838101,44.22593587529075,49ae7020-Audio_SP17.csv,49ae7020-Audio_SP17,2202.96775,2783.088,1391.544,time column: time,audio_duration,H2
658.4328353893906,1314.6710430981125,2733.8539934344667,3.118770771496498,3.04220628768167,3.980121634803712,6769.2307692307695,3.79789396305e-05,2203.99575,0.031,0.3297872340425531,0-0-3771-1,o,49ae7020-Audio_SP17.v0,group_0,1,fave,162.22146610477887,76.93314005759619,8,notado,,0.0700000000001637,he,que,n,t,n,t,internal,22.618559170179136,20.951417133446157,53.523544157353655,49ae7020-Audio_SP17.csv,49ae7020-Audio_SP17,2203.99575,2783.088,1391.544,time column: time,audio_duration,H2
588.7143936591808,1318.824917121442,2752.851322206489,2.9864628927401164,3.027897953326146,2.961973909652144,6230.769230769231,3.26281571706e-05,2204.28875,0.037,0.3245614035087719,0-0-3771-5,o,49ae7020-Audio_SP17.v0,group_0,1,fave,163.3076808211858,77.69223294464477,8,notado,,0.0900000000001455,he,que,d,#,d,k,final,19.815468949275363,20.653771734842373,19.336101828496727,49ae7020-Audio_SP17.csv,49ae7020-Audio_SP17,2204.28875,2783.088,1391.544,time column: time,audio_duration,H2
491.95231087136136,899.7212469422287,2528.420187155907,3.046246829182224,2.7741502957984,4.014109263932839,6051.282051282051,8.971411385511373e-06,2210.7737500000003,0.027,0.3214285714285714,0-0-3787-1,o,49ae7020-Audio_SP17.v0,group_0,1,fave,146.2753518021647,74.18801250039728,8,poquito,,0.0599999999999454,un,más,p,k,p,k,internal,21.03624346061087,16.02500469519214,55.37394985451021,49ae7020-Audio_SP17.csv,49ae7020-Audio_SP17,2210.7737500000003,2783.088,1391.544,time column: time,audio_duration,H2
596.6058270342704,1345.2044296290974,2811.5362433259806,2.699086125502462,3.526233101536019,3.842739569746883,6589.74358974359,0.0002312185943244,2211.04575,0.031,0.3297872340425531,0-0-3787-5,o,49ae7020-Audio_SP17.v0,group_0,1,fave,140.88337254767688,76.54629132268701,8,poquito,,0.0699999999997089,un,más,t,#,t,m,final,14.86613972915436,33.99566789128634,46.65310897405086,49ae7020-Audio_SP17.csv,49ae7020-Audio_SP17,2211.04575,2783.088,1391.544,time column: time,audio_duration,H2
559.3171615610057,1143.4650658292535,2699.247456267009,2.811143356511853,3.453353715032089,4.486959929535521,6230.769230769231,0.0001005643687831,2215.86375,0.027,0.3214285714285714,0-0-3803-3,o,49ae7020-Audio_SP17.v0,group_0,1,fave,167.56556977922662,78.91975376562257,8,encontrar,,0.0599999999999454,gustaría,alguna,k,n,k,n,internal,16.628920137857403,31.606212994979558,88.85092181774428,49ae7020-Audio_SP17.csv,49ae7020-Audio_SP17,2215.86375,2783.088,1391.544,time column: time,audio_duration,H2
651.1939640569326,1233.0938496551928,2640.134358118163,2.848368791747588,2.77297152091124,4.003919223938724,6230.769230769231,4.529824724710838e-06,2223.5527500000003,0.025,0.3378378378378378,0-0-3822-0,o,49ae7020-Audio_SP17.v0,group_0,1,fave,169.79639411651277,83.03594339321977,8,oferta,,0.0500000000001819,alguna,laboral,#,f,a,f,initial,17.25960485567642,16.00612595117152,54.81255228053398,49ae7020-Audio_SP17.csv,49ae7020-Audio_SP17,2223.5527500000003,2783.088,1391.544,time column: time,audio_duration,H2
543.9171373094944,1043.0196451578047,2515.7571870491,2.961842458842015,3.089139806288432,3.831522546163941,6230.769230769231,2.57278400332e-05,2227.27575,0.031,0.3297872340425531,0-0-3832-3,o,49ae7020-Audio_SP17.v0,group_0,1,fave,155.6873503815316,77.3355360971949,8,algo,,0.0699999999997089,generar,más,g,#,g,m,final,19.333560249296617,21.95818155994423,46.13272399207415,49ae7020-Audio_SP17.csv,49ae7020-Audio_SP17,2227.27575,2783.088,1391.544,time column: time,audio_duration,H2
556.8784854802788,1066.374479653825,2634.44106582145,2.3492316421634967,3.1519160812248583,4.000353613550917,6230.769230769231,0.0008974230756968,2227.82075,0.081,0.3319672131147542,0-0-3834-3,o,49ae7020-Audio_SP17.v0,group_0,1,fave,525.5734025744748,77.15597020920946,8,pero,,0.2199999999997999,más,sin,R,#,R,s,final,10.477516149469428,23.38082124115332,54.617460092799135,49ae7020-Audio_SP17.csv,49ae7020-Audio_SP17,2227.82075,2783.088,1391.544,time column: time,audio_duration,H2
630.0547496553539,999.7268937745192,2241.250059618289,2.7574974952187365,3.07942661234686,5.061696007363059,6230.769230769231,1.32739417572e-05,2234.7937500000003,0.027,0.3214285714285714,0-0-3844-1,o,49ae7020-Audio_SP17.v0,group_0,1,fave,205.7175719246316,79.59584613209641,8,momento,,0.0599999999999454,el,que,m,m,m,m,internal,15.760353197992403,21.745929973019493,157.85801777749654,49ae7020-Audio_SP17.csv,49ae7020-Audio_SP17,2234.7937500000003,2783.088,1391.544,time column: time,audio_duration,H2
600.3672423750936,1221.1523040739555,2524.030578774839,2.7427801763953616,3.335944635028044,3.3430661301141216,6230.769230769231,0.0005272431937818,2235.27075,0.041,0.3306451612903226,0-0-3844-6,o,49ae7020-Audio_SP17.v0,group_0,1,fave,196.6309847023425,78.63828577590476,8,momento,,0.099999999999909,el,que,t,#,t,k,final,15.53010155464796,28.104919579737487,28.305783001444617,49ae7020-Audio_SP17.csv,49ae7020-Audio_SP17,2235.27075,2783.088,1391.544,time column: time,audio_duration,H2
544.114758276579,1227.4041019616386,2637.1723842410547,2.727484356672895,3.3144972901061203,4.489412983291839,6230.769230769231,0.0177775482362779,2237.46275,0.0849999999999999,0.3346456692913385,0-0-3849-5,o,49ae7020-Audio_SP17.v0,group_0,1,fave,132.17280097998852,76.9475000076906,8,dentro,,0.2300000000000182,salvaguarda,[silence],R,#,R,.,final,15.294363421123672,27.508561681918152,89.06914545298609,49ae7020-Audio_SP17.csv,49ae7020-Audio_SP17,2237.46275,2783.088,1391.544,time column: time,audio_duration,H2
487.1813062002778,564.0290762401668,3021.6295597143367,2.3496450242238693,3.923438957688339,2.014376891611216,6589.74358974359,0.0015797119411025,2248.05375,0.027,0.3214285714285714,0-0-3859-3,o,49ae7020-Audio_SP17.v0,group_0,1,fave,178.058370003716,81.45134622425873,8,Pero,,0.0599999999999454,[silence],me,R,#,R,m,final,10.48184826203,50.57406814572624,7.496055070878804,49ae7020-Audio_SP17.csv,49ae7020-Audio_SP17,2248.05375,2783.088,1391.544,time column: time,audio_duration,H2
614.2268498337671,1311.204140967525,2744.6566591395967,2.8846806176425828,3.328314027323846,3.595216897203863,6230.769230769231,0.0005081411645382,2248.55575,0.031,0.3297872340425531,0-0-3861-5,o,49ae7020-Audio_SP17.v0,group_0,1,fave,199.3080127438395,79.81456413355792,8,siento,,0.0700000000001637,me,[silence],t,#,t,.,final,17.897850424925547,27.891278107624125,36.4235993080224,49ae7020-Audio_SP17.csv,49ae7020-Audio_SP17,2248.55575,2783.088,1391.544,time column: time,audio_duration,H2
525.6717874382738,1128.972213566199,2831.819526557093,3.0732306235740485,3.239459953248125,4.428952529110243,6230.769230769231,0.0005511750214948,2249.45375,0.027,0.3214285714285714,0-0-3864-5,o,49ae7020-Audio_SP17.v0,group_0,1,fave,220.9361642935993,76.56513929227135,8,siento,,0.0599999999999454,me,seguro,t,#,t,s,final,21.61160899042042,25.51993606664968,83.84354722282333,49ae7020-Audio_SP17.csv,49ae7020-Audio_SP17,2249.45375,2783.088,1391.544,time column: time,audio_duration,H2
655.189390386457,1142.694515544157,2787.0291082769745,3.010435302848546,3.513472943882587,3.6702787544216458,6230.769230769231,0.0006779766737841,2250.13775,0.075,0.3348214285714286,0-0-3865-5,o,49ae7020-Audio_SP17.v0,group_0,1,fave,230.3883829906409,77.6395451384025,8,seguro,,0.2000000000002728,siento,de,R,#,R,d,final,20.29623301061211,33.56463369009855,39.26284902777838,49ae7020-Audio_SP17.csv,49ae7020-Audio_SP17,2250.13775,2783.088,1391.544,time column: time,audio_duration,H2
591.307805890134,1215.840920420859,2523.640035534658,3.1315091419768755,3.172214984340043,4.191660368300332,6230.769230769231,0.0008994648941018,2252.65875,0.037,0.3245614035087719,0-0-3874-1,o,49ae7020-Audio_SP17.v0,group_0,1,fave,151.04692042430648,72.99874835621867,8,los,,0.0900000000001455,a,míos,l,s,l,s,internal,22.90852568610768,23.860276006209087,66.13250416657988,49ae7020-Audio_SP17.csv,49ae7020-Audio_SP17,2252.65875,2783.088,1391.544,time column: time,audio_duration,H2
517.1543278275635,856.9337530878465,2821.436059755723,2.85765315772469,3.1505731537772776,4.599166357549914,6230.769230769231,0.0173634532294333,2266.72875,0.077,0.3290598290598291,0-0-3889-6,o,49ae7020-Audio_SP17.v0,group_0,1,fave,128.23102646450863,75.49970745924037,8,trabajo,,0.2100000000000363,de,.,x,#,x,.,final,17.42059553553133,23.34944356824637,99.40141585248978,49ae7020-Audio_SP17.csv,49ae7020-Audio_SP17,2266.72875,2783.088,1391.544,time column: time,audio_duration,H2
585.7987406825707,1152.098735809639,2767.066864894811,2.740416571782491,3.633748756712305,4.566858487281425,6051.282051282051,0.0028366197654973,2269.92875,0.057,0.3275862068965517,0-0-3898-6,o,49ae7020-Audio_SP17.v0,group_0,1,fave,472.1246695284647,70.77870079929312,8,íntegro,,0.1500000000000909,por,.,R,#,R,.,final,15.49343788125767,37.85445811549807,96.24129112744836,49ae7020-Audio_SP17.csv,49ae7020-Audio_SP17,2269.92875,2783.088,1391.544,time column: time,audio_duration,H2
600.1453420969901,921.2104699779774,2618.0483899012283,3.297167705018408,3.040419686809019,4.508296889375111,6051.282051282051,0.0074384590103269,2271.01875,0.097,0.3299319727891157,0-0-3900-2,o,49ae7020-Audio_SP17.v0,group_0,1,fave,206.9340820296825,79.42358034441858,8,Hubo,,0.2699999999999818,.,un,b,#,b,ú,final,27.03595657427908,20.91401873126904,90.76710038383052,49ae7020-Audio_SP17.csv,49ae7020-Audio_SP17,2271.01875,2783.088,1391.544,time column: time,audio_duration,H2
603.8755642180394,909.2732636619688,2756.383206936669,3.4514019609481785,3.245004706724724,3.728215337561785,6051.282051282051,0.0014501401350722,2271.8437500000005,0.047,0.3263888888888889,0-0-3902-5,o,49ae7020-Audio_SP17.v0,group_0,1,fave,221.11509457589585,75.70372440672224,8,tiempo,,0.1199999999998908,un,",",p,#,p,.,final,31.54458560001289,25.66183084311771,41.60479136015988,49ae7020-Audio_SP17.csv,49ae7020-Audio_SP17,2271.8437500000005,2783.088,1391.544,time column: time,audio_duration,H2
596.8141996355944,1218.6687029299558,2407.531088616661,3.01152601496075,3.547733816671057,3.8780450328455145,6051.282051282051,0.0537868608735443,2274.25075,0.101,0.3322368421052631,0-0-3909-3,o,49ae7020-Audio_SP17.v0,group_0,1,fave,378.60403428561546,68.13951447556128,8,pero,,0.2800000000002001,alcanzar,Siempre,R,#,R,,final,20.318382434915737,34.734513453805654,48.32963979729756,49ae7020-Audio_SP17.csv,49ae7020-Audio_SP17,2274.25075,2783.088,1391.544,time column: time,audio_duration,H2
524.2394707791402,1309.8515653758634,2508.4286805911424,2.7079253757873274,3.2325143641738747,4.066440577678819,6230.769230769231,1.35695653316e-05,2277.83375,0.027,0.3214285714285714,0-0-3914-1,o,49ae7020-Audio_SP17.v0,group_0,1,fave,165.5387795912133,80.63151582025777,8,lo,,0.0599999999999454,[silence],máximo,l,#,l,m,final,14.998127737132092,25.343299211133846,58.34890413580467,49ae7020-Audio_SP17.csv,49ae7020-Audio_SP17,2277.83375,2783.088,1391.544,time column: time,audio_duration,H2
552.7517629638331,974.102742888495,2984.688288017517,3.544093570577512,3.460155081400776,3.896469636267764,6769.2307692307695,0.0216283200213604,2278.80575,0.071,0.3317757009345794,0-0-3918-6,o,49ae7020-Audio_SP17.v0,group_0,1,fave,132.41626135042978,65.10571295113297,8,trabajo,,0.1900000000000545,mi,.,x,#,x,.,final,34.60830113821269,31.82191111857679,49.22834799187833,49ae7020-Audio_SP17.csv,49ae7020-Audio_SP17,2278.80575,2783.088,1391.544,time column: time,audio_duration,H2
573.7901981587736,1178.4153148794137,2674.9277443085466,3.363753633400492,3.526839312774212,3.4647138625383613,6051.282051282051,0.0024124184970294,2290.30775,0.035,0.3365384615384615,0-0-3937-7,o,49ae7020-Audio_SP17.v0,group_0,1,fave,311.8360922688225,77.00195305167158,8,dieciocho,,0.0799999999999272,a,horas,h,#,h,ó,final,28.897458018153035,34.016282695043444,31.96731141900469,49ae7020-Audio_SP17.csv,49ae7020-Audio_SP17,2290.30775,2783.088,1391.544,time column: time,audio_duration,H2
583.1762774650733,986.5665490482712,2959.405231894112,2.5385103856043325,2.9239986119457027,3.5071502848879854,6051.282051282051,0.0025901713580172,2291.70875,0.077,0.3290598290598291,0-0-3941-0,o,49ae7020-Audio_SP17.v0,group_0,1,fave,173.36190741045166,75.75986130382921,8,o,,0.2100000000000363,[silence],doce,#,#,.,d,coextensive,12.660797211225397,18.615575298409976,33.35308543547238,49ae7020-Audio_SP17.csv,49ae7020-Audio_SP17,2291.70875,2783.088,1391.544,time column: time,audio_duration,H2
614.824265415632,809.7409335111279,2198.946848956245,3.273492908000066,3.302801569669656,4.555479317485734,5512.820512820513,0.0005352102148007,2294.0107499999995,0.041,0.3306451612903226,0-0-3944-3,o,49ae7020-Audio_SP17.v0,group_0,1,fave,219.72735108929496,77.40781071722667,8,como,,0.1000000000003638,",",mínimo,m,#,m,m,final,26.40340312250467,27.18870336769505,95.15235249328228,49ae7020-Audio_SP17.csv,49ae7020-Audio_SP17,2294.0107499999995,2783.088,1391.544,time column: time,audio_duration,H2
618.1951853488187,941.7393797369537,2960.493555287039,3.151835911738308,3.254297513547072,4.519084154418806,6769.2307692307695,0.0087077843747142,2294.57875,0.057,0.3275862068965517,0-0-3945-5,o,49ae7020-Audio_SP17.v0,group_0,1,fave,380.9063246042077,76.44599307017724,8,mínimo,,0.1499999999996362,como,.,m,#,m,.,final,23.37894688785327,25.901412749925672,91.75152925441296,49ae7020-Audio_SP17.csv,49ae7020-Audio_SP17,2294.57875,2783.088,1391.544,time column: time,audio_duration,H2
606.7991389721302,932.2313520593495,2295.88465296188,3.0248893647343573,3.760151409737215,4.562804202949232,6051.282051282051,0.0001427584232463,2295.94875,0.037,0.324561403508772,0-0-3949-3,o,49ae7020-Audio_SP17.v0,group_0,1,fave,94.11035423583716,77.18955680353423,8,como,,0.0900000000001455,horas,mínimo,m,#,m,m,final,20.591726414046487,42.954929280973474,95.8518914705715,49ae7020-Audio_SP17.csv,49ae7020-Audio_SP17,2295.94875,2783.088,1391.544,time column: time,audio_duration,H2
628.8378707838114,1002.8646938240528,2823.2789604559325,3.8473945381322494,2.83772365321304,4.23135433415151,6410.25641025641,0.0077491751097773,2296.38075,0.0809999999999999,0.3319672131147541,0-0-3950-5,o,49ae7020-Audio_SP17.v0,group_0,1,fave,144.1671518936267,64.77681778155616,8,mínimo,,0.2199999999997999,como,[silence],m,#,m,.,final,46.87078396343952,17.076848430479302,68.81036131793194,49ae7020-Audio_SP17.csv,49ae7020-Audio_SP17,2296.38075,2783.088,1391.544,time column: time,audio_duration,H2
600.3833840801053,1268.6903902298502,2504.904740082506,3.353751960335375,3.770305954971949,4.566815172602995,6230.769230769231,0.0022473012140565,2304.61275,0.045,0.3358208955223881,0-0-3967-2,o,49ae7020-Audio_SP17.v0,group_0,1,fave,140.2931933504839,71.67385719357685,8,año,,0.1099999999996725,un,[silence],N,#,N,.,final,28.609875640421,43.39333921294891,96.23712255715228,49ae7020-Audio_SP17.csv,49ae7020-Audio_SP17,2304.61275,2783.088,1391.544,time column: time,audio_duration,H2
605.888781129797,1359.4781666503654,2601.653403296729,1.0528028077523517,4.214420567380229,2.968163162869509,6051.282051282051,0.0001176335903781,2311.07575,0.031,0.3297872340425531,0-0-3977-3,o,49ae7020-Audio_SP17.v0,group_0,1,fave,197.5600455447729,83.61094951412076,8,solo,,0.0700000000001637,un,día,l,#,l,d,final,2.8656717997340784,67.65495302475625,19.456148976830764,49ae7020-Audio_SP17.csv,49ae7020-Audio_SP17,2311.07575,2783.088,1391.544,time column: time,audio_duration,H2
622.3025802490309,1301.4565382176315,2757.552901317239,2.6902973029131143,2.8328767048070542,3.072849871879244,6230.769230769231,2.196161172194335e-06,2313.13375,0.027,0.3214285714285714,0-0-3984-6,o,49ae7020-Audio_SP17.v0,group_0,1,fave,197.68582654158268,79.55913735087724,8,feriado,,0.0599999999999454,un,ni,d,#,d,n,final,14.736056341732514,16.99427809592703,21.603381900008568,49ae7020-Audio_SP17.csv,49ae7020-Audio_SP17,2313.13375,2783.088,1391.544,time column: time,audio_duration,H2
610.133116058828,1191.4725755428997,2664.009085183084,3.173997791173508,3.4611479128504063,4.56424999944778,6230.769230769231,0.0048760107671349,2314.4237500000004,0.047,0.3263888888888889,0-0-3988-2,o,49ae7020-Audio_SP17.v0,group_0,1,fave,510.5032662592605,72.90631986016763,8,Año,,0.1199999999998908,ni,Nuevo,N,#,N,n,final,23.902852210618377,31.85352060157058,95.99057402885974,49ae7020-Audio_SP17.csv,49ae7020-Audio_SP17,2314.4237500000004,2783.088,1391.544,time column: time,audio_duration,H2
618.4370534991702,1003.6267112457843,2670.7418327925384,2.892601883624762,2.772162631074456,3.609115103816503,6230.769230769231,0.0001520571372522,2314.87375,0.047,0.3263888888888889,0-0-3989-4,o,49ae7020-Audio_SP17.v0,group_0,1,fave,100.95072336141112,78.38805815030955,8,Nuevo,,0.1199999999998908,Año,ni,b,#,b,n,final,18.04018705755452,15.99318399357798,36.933356164471846,49ae7020-Audio_SP17.csv,49ae7020-Audio_SP17,2314.87375,2783.088,1391.544,time column: time,audio_duration,H2
536.047417297219,1011.3957105441402,2634.706291733616,2.17276069294089,2.8112399309282146,3.9234264224496287,6230.769230769231,0.0016219675483366,2331.50075,0.221,0.3328313253012048,0-0-4020-6,o,49ae7020-Audio_SP17.v0,group_0,1,fave,155.30073073664255,77.30194874356025,8,Hablando,,0.6400000000003274,[silence],[silence],d,#,d,.,final,8.782496379705337,16.63052614366273,50.573434191682885,49ae7020-Audio_SP17.csv,49ae7020-Audio_SP17,2331.50075,2783.088,1391.544,time column: time,audio_duration,H2
517.0022828673171,1520.0178568915392,2444.1394161326,2.270210430027741,3.4358095937723423,3.479926530868785,6230.769230769231,2.74137347357e-05,2333.45375,0.027,0.3214285714285714,0-0-4025-0,o,49ae7020-Audio_SP17.v0,group_0,1,fave,167.29666087848838,78.86780092201779,8,operativa,,0.0599999999999454,parte,y,#,p,e,p,initial,9.681437864975484,31.05654557627983,32.45733737588539,49ae7020-Audio_SP17.csv,49ae7020-Audio_SP17,2333.45375,2783.088,1391.544,time column: time,audio_duration,H2
627.4017613950882,1055.593573881966,2774.526532533714,3.346587543190531,3.3220894274163,3.5981679102984385,6230.769230769231,2.30884781648e-05,2351.74375,0.027,0.3214285714285714,0-0-4063-6,o,49ae7020-Audio_SP17.v0,group_0,1,fave,212.8638251699069,75.10695251262324,8,trabajos,,0.0599999999999454,otros,pero,x,s,x,s,internal,28.405635062837916,27.71820527388436,36.53124457971624,49ae7020-Audio_SP17.csv,49ae7020-Audio_SP17,2351.74375,2783.088,1391.544,time column: time,audio_duration,H2
613.3469481141212,1201.8110328547828,2557.495959520476,2.873698373008892,3.0383975044697964,3.9462715515782256,5512.820512820513,0.0089541121735569,2352.02575,0.091,0.3321167883211678,0-0-4064-3,o,49ae7020-Audio_SP17.v0,group_0,1,fave,407.6065866146886,70.04967428006465,8,pero,,0.25,trabajos,[silence],R,#,R,.,final,17.70236723998125,20.87176950416615,51.74208903537645,49ae7020-Audio_SP17.csv,49ae7020-Audio_SP17,2352.02575,2783.088,1391.544,time column: time,audio_duration,H2
576.0080240627713,1093.3917832489085,2538.3931094119607,3.2472101811568663,3.551166583898205,4.845699344553451,6051.282051282051,0.0005162933521165,2354.13075,0.041,0.3306451612903226,0-0-4070-1,o,49ae7020-Audio_SP17.v0,group_0,1,fave,175.67149743590053,76.70361183997937,8,conseguí,,0.099999999999909,[silence],también,k,n,k,n,internal,25.71848981191136,34.85395384147566,127.19220207098677,49ae7020-Audio_SP17.csv,49ae7020-Audio_SP17,2354.13075,2783.088,1391.544,time column: time,audio_duration,H2
586.0945052450551,1372.8249248821078,2672.705492253877,2.6899758940914347,3.3285981887826743,4.024574709658343,6230.769230769231,3.66471698621e-05,2359.3137500000003,0.027,0.3214285714285714,0-0-4085-2,o,49ae7020-Audio_SP17.v0,group_0,1,fave,181.42499331903252,78.62889579207526,8,eso,,0.0599999999999454,[silence],me,s,#,s,m,final,14.731320804290034,27.8992048600852,55.956505958910405,49ae7020-Audio_SP17.csv,49ae7020-Audio_SP17,2359.3137500000003,2783.088,1391.544,time column: time,audio_duration,H2
532.4137041740622,1326.62904782225,2600.002039717381,2.300771099916485,3.3384814571412083,3.395446012136719,6051.282051282051,7.14272496853e-05,2359.98275,0.045,0.335820895522388,0-0-4087-7,o,49ae7020-Audio_SP17.v0,group_0,1,fave,167.88000216643,79.52876932034532,8,permitió,,0.1100000000001273,me,[silence],i,#,i,.,final,9.981876512134876,28.176307271869653,29.827954138148083,49ae7020-Audio_SP17.csv,49ae7020-Audio_SP17,2359.98275,2783.088,1391.544,time column: time,audio_duration,H2
628.8759580703688,1545.1492043277135,2971.4076292012264,3.015684030775474,4.3084386760405735,4.055977341007252,6410.25641025641,1.91561936857e-05,2362.44275,0.025,0.3378378378378378,0-0-4094-3,o,49ae7020-Audio_SP17.v0,group_0,1,fave,196.03998736348188,78.88058976164527,8,como,,0.0500000000001819,vez,era,m,#,m,é,final,20.40304247733276,74.32435390720853,57.74156863074924,49ae7020-Audio_SP17.csv,49ae7020-Audio_SP17,2362.44275,2783.088,1391.544,time column: time,audio_duration,H2
568.1633850417752,933.7027215416442,2663.687651357496,2.104986893886009,3.065765670745489,3.258800097660142,6051.282051282051,2.12289485044e-05,2365.78575,0.031,0.3297872340425531,0-0-4099-3,o,49ae7020-Audio_SP17.v0,group_0,1,fave,185.3031849069484,81.4715428947103,8,esforzado,,0.0700000000001637,bien,o,f,R,f,R,internal,8.206995447073094,21.45088001226917,26.018298987064696,49ae7020-Audio_SP17.csv,49ae7020-Audio_SP17,2365.78575,2783.088,1391.544,time column: time,audio_duration,H2
537.3057663593237,1079.3439318478331,2869.336460846292,3.1203943808252985,3.319275018016711,3.9390350007973742,6230.769230769231,0.0001244695074892,2366.4237500000004,0.047,0.3263888888888889,0-0-4099-8,o,49ae7020-Audio_SP17.v0,group_0,1,fave,122.06133127811084,79.02476836442106,8,esforzado,,0.1199999999998908,bien,o,d,#,d,o,final,22.65531270246696,27.64030457007861,51.36900632467652,49ae7020-Audio_SP17.csv,49ae7020-Audio_SP17,2366.4237500000004,2783.088,1391.544,time column: time,audio_duration,H2
525.1049708783726,1209.0785212237895,2133.0002935645894,1.995486087445263,3.081051037037641,4.756866518526061,6410.25641025641,0.0016023886580618,2380.86575,0.031,0.3297872340425531,0-0-4125-2,o,49ae7020-Audio_SP17.v0,group_0,1,fave,170.4205348074385,80.13537255281501,8,provincia,,0.0700000000001637,la,de,R,b,R,b,internal,7.35577771021139,21.781283305230463,116.38067725181791,49ae7020-Audio_SP17.csv,49ae7020-Audio_SP17,2380.86575,2783.088,1391.544,time column: time,audio_duration,H2
635.0481992619026,2290.026583806765,3282.423056921026,2.6276252301573795,3.927983312489632,2.9578257360009,6948.717948717948,0.0001764794107976,2420.99775,0.035,0.3365384615384616,0-0-4130-3,o,49ae7020-Audio_SP17.v0,group_0,1,fave,230.477698184027,77.66484548029415,8,Cómo,,0.0799999999999272,.,veo,m,#,m,b,final,13.84086198159694,50.80441765365613,19.256058452064323,49ae7020-Audio_SP17.csv,49ae7020-Audio_SP17,2420.99775,2783.088,1391.544,time column: time,audio_duration,H2
660.3695606939158,1856.597809897444,3082.223657770478,3.37610901473412,3.892775914904769,4.644740378097974,6589.74358974359,0.0004070317443751,2421.8137500000003,0.027,0.3214285714285714,0-0-4133-5,o,49ae7020-Audio_SP17.v0,group_0,1,fave,156.58235216359955,78.5060965589566,8,futuro,,0.0599999999999454,el,gracias,R,#,R,g,final,29.25671192086111,49.04684760352622,104.0363521632746,49ae7020-Audio_SP17.csv,49ae7020-Audio_SP17,2421.8137500000003,2783.088,1391.544,time column: time,audio_duration,H2
625.3804411474836,1311.340495243783,2260.8324032640003,2.8231539878606293,3.438272406668479,4.227300471524589,6230.769230769231,4.16676731373e-05,2423.72575,0.031,0.3297872340425531,0-0-4141-5,o,49ae7020-Audio_SP17.v0,group_0,1,fave,152.5448050877365,73.14283991398769,8,llegaron,,0.0700000000001637,ya,la,R,n,R,n,internal,16.8298481883274,31.133126300524157,68.53197821051877,49ae7020-Audio_SP17.csv,49ae7020-Audio_SP17,2423.72575,2783.088,1391.544,time column: time,audio_duration,H2
500.2862466255892,1232.0779335687314,2078.567168656515,3.3889333455377626,3.9871946331398296,4.023959074696947,6051.282051282051,0.0009624610047109,2438.8427500000003,0.045,0.335820895522388,0-0-4164-3,o,49ae7020-Audio_SP17.v0,group_0,1,fave,89.63294024689351,66.92988290567521,8,todos,,0.1099999999996725,para,¿,d,s,d,s,internal,29.6343258202488,53.90345807754662,55.92206777928591,49ae7020-Audio_SP17.csv,49ae7020-Audio_SP17,2438.8427500000003,2783.088,1391.544,time column: time,audio_duration,H2
689.556189976593,1001.2685456162214,3351.4431338061813,3.047615184445502,3.324010766081205,4.089120398129436,6230.769230769231,0.0001276726733967,2443.48775,0.035,0.3365384615384615,0-0-4171-3,o,49ae7020-Audio_SP17.v0,group_0,1,fave,232.83683104086973,78.64669580007481,8,Cómo,,0.0800000000003819,[silence],lo,m,#,m,l,final,21.06504821814609,27.771512527643893,59.68736748724119,49ae7020-Audio_SP17.csv,49ae7020-Audio_SP17,2443.48775,2783.088,1391.544,time column: time,audio_duration,H2
633.00214668635,1273.5826250625505,2524.783748286226,2.187936722503594,2.7981245097785354,4.054548658475813,6230.769230769231,0.0001097278765208,2443.63875,0.037,0.3245614035087719,0-0-4172-1,o,49ae7020-Audio_SP17.v0,group_0,1,fave,201.825886065146,80.4835262333012,8,lo,,0.0900000000001455,Cómo,veo,l,#,l,b,final,8.916796296590318,16.413833900533067,57.659133161387935,49ae7020-Audio_SP17.csv,49ae7020-Audio_SP17,2443.63875,2783.088,1391.544,time column: time,audio_duration,H2
464.4102747198351,1081.6386264822895,2601.469293605478,2.8714699917520496,3.803890028095031,3.691528624139712,6051.282051282051,0.000179914170892,2444.5327500000003,0.045,0.335820895522388,0-0-4176-5,o,49ae7020-Audio_SP17.v0,group_0,1,fave,153.48155415539753,74.88410174652118,8,futuro,,0.1099999999996725,[silence],.,R,#,R,.,final,17.66296353616498,44.87541201212704,40.10610728709728,49ae7020-Audio_SP17.csv,49ae7020-Audio_SP17,2444.5327500000003,2783.088,1391.544,time column: time,audio_duration,H2
571.2540157642841,1085.8571073255607,2900.716267806894,2.026486957943214,3.065589658522225,3.925959082673669,6051.282051282051,0.000925330290212,2447.9327500000004,0.145,0.3341013824884792,0-0-4191-3,o,49ae7020-Audio_SP17.v0,group_0,1,fave,189.80520487109223,77.33680112832029,8,todos,,0.4099999999998545,para,.,d,s,d,s,internal,7.587384682694592,21.44710472744513,50.701681852175255,49ae7020-Audio_SP17.csv,49ae7020-Audio_SP17,2447.9327500000004,2783.088,1391.544,time column: time,audio_duration,H2
525.5331211127216,1068.2439948968345,2594.607382851932,2.9155606856655183,4.340204969449886,4.333295329611191,6230.769230769231,9.98203961524e-05,2449.84775,0.035,0.3365384615384615,0-0-4194-3,o,49ae7020-Audio_SP17.v0,group_0,1,fave,160.7713188647879,77.23723717976338,8,Pero,,0.0799999999999272,.,los,R,#,R,l,final,18.459159287810987,76.72326365188275,76.19496082582651,49ae7020-Audio_SP17.csv,49ae7020-Audio_SP17,2449.84775,2783.088,1391.544,time column: time,audio_duration,H2
511.4294673841292,1289.2496488789454,2675.8187104097306,2.8402564073128533,4.064883038661365,4.179754109237153,6589.74358974359,7.36712227058e-05,2449.99575,0.031,0.3297872340425531,0-0-4195-1,o,49ae7020-Audio_SP17.v0,group_0,1,fave,162.17959144935045,76.93373741495475,8,los,,0.0700000000001637,Pero,ingresos,l,s,l,s,internal,17.1201547072783,58.25809417937084,65.34978233042084,49ae7020-Audio_SP17.csv,49ae7020-Audio_SP17,2449.99575,2783.088,1391.544,time column: time,audio_duration,H2
538.430993216421,885.5658137898686,2867.0874680371257,3.167534287211782,2.981446568041333,4.053419652368778,6230.769230769231,0.0001340786858741,2458.34575,0.031,0.3297872340425531,0-0-4222-4,o,49ae7020-Audio_SP17.v0,group_0,1,fave,156.15919670751344,79.59188569810502,8,propósito,,0.0700000000001637,pequeños,que,p,s,p,s,internal,23.74885425000197,19.71631702002045,57.59407238184196,49ae7020-Audio_SP17.csv,49ae7020-Audio_SP17,2458.34575,2783.088,1391.544,time column: time,audio_duration,H2
535.4928870904446,831.0511165753919,2648.831306875742,2.054214264722434,2.566196752771782,3.646680997203391,6230.769230769231,0.0001227768536961,2466.27075,0.041,0.3306451612903226,0-0-4239-3,o,49ae7020-Audio_SP17.v0,group_0,1,fave,178.764848023235,80.4687716304525,8,laboral,,0.099999999999909,oportunidad,fuera,b,R,b,R,internal,7.800706173974572,13.016226257207762,38.34718020478322,49ae7020-Audio_SP17.csv,49ae7020-Audio_SP17,2466.27075,2783.088,1391.544,time column: time,audio_duration,H2
605.9544261441921,1157.7164345926997,2625.550097838581,1.814281001586514,3.2245566740494835,3.8462951809878816,6230.769230769231,0.0011439341891438,2468.46075,0.101,0.3322368421052631,0-0-4245-7,o,49ae7020-Audio_SP17.v0,group_0,1,fave,191.7576369493628,81.97270374665446,8,profesión,,0.2800000000002001,mi,.,i,n,i,n,internal,6.136662340377332,25.142425395096915,46.81928454554044,49ae7020-Audio_SP17.csv,49ae7020-Audio_SP17,2468.46075,2783.088,1391.544,time column: time,audio_duration,H2
519.2327182986705,988.5502807830192,2948.225232250734,2.599479866589716,3.624376344939817,3.8716441713905527,6051.282051282051,0.002844073777991,2473.3237500000005,0.047,0.3263888888888889,0-0-4258-6,o,49ae7020-Audio_SP17.v0,group_0,1,fave,260.7952270168584,77.54761895518006,8,ingresos,,0.1199999999998908,los,[silence],s,s,s,s,internal,13.456736915938182,37.50132797214236,48.021276417253226,49ae7020-Audio_SP17.csv,49ae7020-Audio_SP17,2473.3237500000005,2783.088,1391.544,time column: time,audio_duration,H2
663.7087152931632,1190.854152398308,2669.7683713984143,3.405352017333315,3.792344927456375,3.464987709317769,6230.769230769231,0.0003671295870875,2476.83875,0.037,0.3245614035087719,0-0-4267-1,o,49ae7020-Audio_SP17.v0,group_0,1,fave,319.4111207204102,77.7427391843138,8,los,,0.0899999999996907,no,descarto,l,s,l,s,internal,30.124898344036705,44.36030009527097,31.97606676303977,49ae7020-Audio_SP17.csv,49ae7020-Audio_SP17,2476.83875,2783.088,1391.544,time column: time,audio_duration,H2
620.1432180121833,1150.299919542971,2692.7681152470955,3.0938890595701274,3.5237722228112767,3.5465828632965333,6230.769230769231,0.0061059421471847,2477.62575,0.071,0.3317757009345794,0-0-4268-7,o,49ae7020-Audio_SP17.v0,group_0,1,fave,354.87143700445074,78.62362267251605,8,descarto,,0.1900000000000545,los,[silence],t,#,t,.,final,22.062714556133518,33.91211152864442,34.694558645804754,49ae7020-Audio_SP17.csv,49ae7020-Audio_SP17,2477.62575,2783.088,1391.544,time column: time,audio_duration,H2
532.1538086758251,1518.1424723955763,2535.600954301096,2.84304936239027,3.5648891050425298,3.465286211801648,6230.769230769231,2.315533525479216e-06,2478.69275,0.025,0.3378378378378378,0-0-4270-3,o,49ae7020-Audio_SP17.v0,group_0,1,fave,161.72578229141467,75.93231013964905,8,pero,,0.0500000000001819,[silence],que,R,#,R,k,final,17.16803736622575,35.335534654386215,31.985613123128445,49ae7020-Audio_SP17.csv,49ae7020-Audio_SP17,2478.69275,2783.088,1391.544,time column: time,audio_duration,H2
596.7256607101664,1135.627453992363,2360.281197523424,3.011796633494692,3.5444777864376897,4.44589842801219,6410.25641025641,0.0001983778859497,2481.08375,0.027,0.3214285714285714,0-0-4282-6,o,49ae7020-Audio_SP17.v0,group_0,1,fave,188.2392155099845,79.45235406432755,8,ingreso,,0.0599999999999454,hacer,.,s,#,s,.,final,20.32388170985165,34.621600751201306,85.27645819002267,49ae7020-Audio_SP17.csv,49ae7020-Audio_SP17,2481.08375,2783.088,1391.544,time column: time,audio_duration,H2
529.9351799907082,1012.0674169702928,2822.7586722818987,2.872708948709715,2.937947317368862,3.831792243698075,6230.769230769231,9.74282071225e-05,2488.93375,0.027,0.3214285714285714,0-0-4295-1,o,49ae7020-Audio_SP17.v0,group_0,1,fave,210.51007723123644,80.07652483035749,8,cositas,,0.0599999999999454,hay,que,k,s,k,s,internal,17.68486074978264,18.87705790683924,46.14516755190098,49ae7020-Audio_SP17.csv,49ae7020-Audio_SP17,2488.93375,2783.088,1391.544,time column: time,audio_duration,H2
625.0272698937407,943.4358208396872,2483.905262982178,3.1918290185101363,3.6577363053579655,4.714490966407258,6948.717948717948,0.0001672539515115,2494.30775,0.035,0.3365384615384616,0-0-4308-7,o,49ae7020-Audio_SP17.v0,group_0,1,fave,138.0869090163854,79.06668071418454,8,criptomonedas,,0.0799999999999272,las,pero,m,n,m,n,internal,24.33289207739401,38.77347215145434,111.55201299689104,49ae7020-Audio_SP17.csv,49ae7020-Audio_SP17,2494.30775,2783.088,1391.544,time column: time,audio_duration,H2
563.2440498008303,1139.1585823166008,2481.918550613316,2.7574816438498067,3.401533796192253,4.1186245985384,6410.25641025641,0.0026081598451162,2495.42775,0.075,0.3348214285714286,0-0-4309-3,o,49ae7020-Audio_SP17.v0,group_0,1,fave,537.5284927481822,74.5753493466379,8,pero,,0.2000000000002728,criptomonedas,[silence],R,#,R,&,final,15.760103376799403,30.01009413371436,61.474631792664624,49ae7020-Audio_SP17.csv,49ae7020-Audio_SP17,2495.42775,2783.088,1391.544,time column: time,audio_duration,H2
544.671309110639,1161.5830720398967,2471.104581123969,2.679067826202368,3.051024530075099,4.954440243493586,6051.282051282051,4.59189526979e-05,2520.88275,0.025,0.3378378378378378,0-0-4325-1,o,49ae7020-Audio_SP17.v0,group_0,1,fave,163.74127733037264,82.51148759399312,8,continuo,,0.0500000000001819,es,.,k,n,k,n,internal,14.571503788949537,21.13698881371916,141.8032088845977,49ae7020-Audio_SP17.csv,49ae7020-Audio_SP17,2520.88275,2783.088,1391.544,time column: time,audio_duration,H2
564.0563763912669,1351.15115044844,3393.4642737071968,3.364177345926779,4.013336185878874,3.950604158803788,7128.205128205128,0.0002506890040672,2521.32375,0.027,0.3214285714285714,0-0-4325-7,o,49ae7020-Audio_SP17.v0,group_0,1,fave,141.48021635327072,71.41528856470326,8,continuo,,0.0599999999999454,es,.,u,#,u,.,final,28.90970482747321,55.33115801196473,51.96675352425033,49ae7020-Audio_SP17.csv,49ae7020-Audio_SP17,2521.32375,2783.088,1391.544,time column: time,audio_duration,H2
527.5787799552656,817.6351937708455,2556.912841318282,2.736328665808518,3.6215350895388574,3.424016739270242,6051.282051282051,6.09325785244e-05,2555.12575,0.031,0.3297872340425531,0-0-4338-3,o,49ae7020-Audio_SP17.v0,group_0,1,fave,193.4788866802158,79.34449358442866,8,importante,,0.0699999999997089,muy,.,p,R,p,R,internal,15.430231442993865,37.39492834733068,30.6924513277918,49ae7020-Audio_SP17.csv,49ae7020-Audio_SP17,2555.12575,2783.088,1391.544,time column: time,audio_duration,H2
593.1342723199731,1141.431715297145,2571.417328582413,2.9272457210999323,2.669899990344462,3.1331700500038826,6230.769230769231,5.421572326848994e-06,2558.83375,0.027,0.3214285714285714,0-0-4349-4,o,49ae7020-Audio_SP17.v0,group_0,1,fave,198.49616379135355,78.31434821540674,8,tengo,,0.0599999999999454,que,yo,g,#,g,y,final,18.67612034836819,14.438525128669312,22.94660625571436,49ae7020-Audio_SP17.csv,49ae7020-Audio_SP17,2558.83375,2783.088,1391.544,time column: time,audio_duration,H2
531.8981044676425,820.650702264116,2673.8251561475504,3.033224699117301,2.376501870966042,4.177851171640203,6230.769230769231,0.0045481254618588,2562.41475,0.129,0.3359374999999999,0-0-4357-5,o,49ae7020-Audio_SP17.v0,group_0,1,fave,147.74996792292276,77.82502148236695,8,Microworkers,,0.3600000000001273,de,o,o,R,o,R,internal,20.76408266481129,10.767171951789264,65.22554401903935,49ae7020-Audio_SP17.csv,49ae7020-Audio_SP17,2562.41475,2783.088,1391.544,time column: time,audio_duration,H2
542.2710990159502,1066.9822144973698,2521.2056530480168,3.029609411186948,2.6532305429550243,3.983269017217387,5692.307692307692,0.0050608826553843,2563.14575,0.151,0.3325991189427312,0-0-4358-0,o,49ae7020-Audio_SP17.v0,group_0,1,fave,129.33588671507897,72.4011227734727,8,o,,0.4299999999998363,Microworkers,[silence],#,#,s,.,coextensive,20.689150060454395,14.19983781346511,53.69226859984137,49ae7020-Audio_SP17.csv,49ae7020-Audio_SP17,2563.14575,2783.088,1391.544,time column: time,audio_duration,H2
560.8051443778735,1017.286339631232,2385.621943854352,2.8769657704100733,2.766046219350945,4.967349513970864,6051.282051282051,0.0028738718505598,2563.8637500000004,0.047,0.3263888888888889,0-0-4362-0,o,49ae7020-Audio_SP17.v0,group_0,1,fave,270.4834500426376,77.30784893524911,8,O,,0.1199999999998908,[silence],[silence],#,#,.,.,coextensive,17.760302505922095,15.895661642957451,143.6456515713874,49ae7020-Audio_SP17.csv,49ae7020-Audio_SP17,2563.8637500000004,2783.088,1391.544,time column: time,audio_duration,H2
554.5825960361824,1175.646685035346,2529.8367812282163,2.5017314822149013,3.314360615858644,4.689075986778581,6230.769230769231,0.0009884343361138,2568.77275,0.045,0.3358208955223881,0-0-4367-4,o,49ae7020-Audio_SP17.v0,group_0,1,fave,144.0788059682435,78.18342860598382,8,personales,,0.1100000000001273,cosas,[silence],s,n,s,n,internal,12.203606004619308,27.50480222686732,108.75264448521705,49ae7020-Audio_SP17.csv,49ae7020-Audio_SP17,2568.77275,2783.088,1391.544,time column: time,audio_duration,H2
556.8991092843185,1018.6713609846264,2508.940886731946,3.367668653522127,2.978756419610082,3.4452769245801407,6230.769230769231,1.02151406199e-05,2573.0327500000003,0.025,0.3378378378378378,0-0-4375-1,o,49ae7020-Audio_SP17.v0,group_0,1,fave,191.4087527372382,77.89402354343406,8,conversando,,0.0500000000001819,horas,[silence],k,n,k,n,internal,29.01081389824657,19.66334847928137,31.35196437420371,49ae7020-Audio_SP17.csv,49ae7020-Audio_SP17,2573.0327500000003,2783.088,1391.544,time column: time,audio_duration,H2
564.2172806124124,1133.5605447625874,2836.4094784340355,3.096559583532212,4.328055839697078,3.7745659515942176,6051.282051282051,0.0079155622997263,2607.28075,0.041,0.3306451612903226,0-0-4379-1,o,49ae7020-Audio_SP17.v0,group_0,1,fave,200.6017660980617,78.13062140728603,8,socialmente,,0.099999999999909,Pues,[silence],s,z,s,z,internal,22.121712306414373,75.79678213459984,43.57858899299094,49ae7020-Audio_SP17.csv,49ae7020-Audio_SP17,2607.28075,2783.088,1391.544,time column: time,audio_duration,H2
588.3346527785992,1030.335087273193,2503.039561284622,2.7195408971034585,2.928310163385977,3.530093690591341,6230.769230769231,8.241138415076639e-07,2617.00275,0.025,0.3378378378378378,0-0-4392-1,o,49ae7020-Audio_SP17.v0,group_0,1,fave,187.5386458798421,78.31027342771361,8,computadora,,0.0500000000001819,la,",",k,m,k,m,internal,15.17335451461578,18.696010584732555,34.127164859232614,49ae7020-Audio_SP17.csv,49ae7020-Audio_SP17,2617.00275,2783.088,1391.544,time column: time,audio_duration,H2
548.4086552605745,944.1722280357752,2871.219999199181,2.741347161826845,2.5625028496774664,4.602632345045212,6051.282051282051,0.0002575688812978,2620.08375,0.027,0.3214285714285714,0-0-4403-1,o,49ae7020-Audio_SP17.v0,group_0,1,fave,156.14495469734348,75.24628043247328,8,conversación,,0.0599999999999454,[silence],[silence],k,n,k,n,internal,15.507862631026068,12.968234272201464,99.7465376652955,49ae7020-Audio_SP17.csv,49ae7020-Audio_SP17,2620.08375,2783.088,1391.544,time column: time,audio_duration,H2
583.2768999554182,1263.505058200405,2614.258455094473,2.230224947050861,3.28309106566707,3.5191989476525163,6230.769230769231,0.0002713371941038,2620.63775,0.055,0.3353658536585366,0-0-4403-10,o,49ae7020-Audio_SP17.v0,group_0,1,fave,187.58772193120453,79.26065913756933,8,conversación,,0.1399999999998726,[silence],[silence],i,n,i,n,internal,9.30195829224129,26.658047250953505,33.75737620470462,49ae7020-Audio_SP17.csv,49ae7020-Audio_SP17,2620.63775,2783.088,1391.544,time column: time,audio_duration,H2
568.666954696196,1039.7991570413217,2752.803561532775,2.7131822262767664,2.995773723282676,3.735500758113744,6051.282051282051,9.93147083728e-05,2623.23775,0.055,0.3353658536585365,0-0-4411-1,o,49ae7020-Audio_SP17.v0,group_0,1,fave,172.02357082716125,77.89728522617735,8,computadora,,0.1399999999998726,la,o,k,m,k,m,internal,15.0771782485844,20.000829011754742,41.90900658454207,49ae7020-Audio_SP17.csv,49ae7020-Audio_SP17,2623.23775,2783.088,1391.544,time column: time,audio_duration,H2
615.3508381040734,1056.1796687321598,2683.401097435958,2.6567842665249404,3.04926071093424,4.102079086429632,6230.769230769231,0.000124241303841,2623.84575,0.031,0.3297872340425531,0-0-4412-0,o,49ae7020-Audio_SP17.v0,group_0,1,fave,79.45442096617829,77.08294858810282,8,o,,0.0700000000001637,computadora,[silence],#,#,a,.,coextensive,14.250389882630037,21.0997398481456,60.46587077436814,49ae7020-Audio_SP17.csv,49ae7020-Audio_SP17,2623.84575,2783.088,1391.544,time column: time,audio_duration,H2
565.4657720936607,1278.4049942560032,2522.5536428489345,2.413228398894041,2.8145559714962403,3.863070207296286,6051.282051282051,0.0001142891486755,2624.53075,0.041,0.3306451612903226,0-0-4415-4,o,49ae7020-Audio_SP17.v0,group_0,1,fave,176.58971838381885,78.14992164638922,8,tengo,,0.099999999999909,si,que,g,#,g,k,final,11.169964097588146,16.685765179847255,47.61130377436942,49ae7020-Audio_SP17.csv,49ae7020-Audio_SP17,2624.53075,2783.088,1391.544,time column: time,audio_duration,H2
649.3805466062864,1171.533196793437,2493.9118677629936,3.430330015689228,3.39054781912478,4.881767922752616,6230.769230769231,0.0002574299164107,2627.16775,0.035,0.3365384615384615,0-0-4421-4,o,49ae7020-Audio_SP17.v0,group_0,1,fave,171.29853557921675,77.97924120678707,8,tengo,,0.0799999999999272,[silence],que,g,#,g,k,final,30.88683420779316,29.682208298652423,131.86358256190277,49ae7020-Audio_SP17.csv,49ae7020-Audio_SP17,2627.16775,2783.088,1391.544,time column: time,audio_duration,H2
552.2785550270362,889.6881745560685,2908.5543371014505,2.5126088092639924,3.0466263656064814,4.180356021706577,6051.282051282051,0.0005477986147014,2629.22575,0.051,0.3311688311688312,0-0-4429-1,o,49ae7020-Audio_SP17.v0,group_0,1,fave,180.6720348118052,79.36222389042905,8,momento,,0.1300000000001091,algún,.,m,m,m,m,internal,12.337073185455916,21.044228996538735,65.3891290197232,49ae7020-Audio_SP17.csv,49ae7020-Audio_SP17,2629.22575,2783.088,1391.544,time column: time,audio_duration,H2
556.6075232127739,1211.293662780262,2814.49434169866,2.7279056289231307,3.601354345001233,4.335654589982818,6410.25641025641,0.0016489515715577,2629.73275,0.065,0.3350515463917525,0-0-4429-6,o,49ae7020-Audio_SP17.v0,group_0,1,fave,145.7676572326716,78.5414084644641,8,momento,,0.1700000000000727,algún,.,t,#,t,.,final,15.300807869356312,36.64783465987157,76.37493679903075,49ae7020-Audio_SP17.csv,49ae7020-Audio_SP17,2629.73275,2783.088,1391.544,time column: time,audio_duration,H2
514.6028052795999,881.7476174923399,2572.837573810316,2.3461774405132405,2.691355684761474,3.2852950366647087,6051.282051282051,8.49322026982e-05,2634.58775,0.035,0.3365384615384615,0-0-4435-5,o,49ae7020-Audio_SP17.v0,group_0,1,fave,164.3785673458646,78.90329328623567,8,tiempo,,0.0799999999999272,algo,laboral,p,#,p,l,final,10.445564520551471,14.751660972653411,26.71686560711472,49ae7020-Audio_SP17.csv,49ae7020-Audio_SP17,2634.58775,2783.088,1391.544,time column: time,audio_duration,H2
580.3177436774338,921.212123976464,2717.812254887184,2.557019117061252,2.690303513217708,3.207352562089715,6230.769230769231,5.62488406849e-05,2634.8137500000003,0.027,0.3214285714285714,0-0-4436-3,o,49ae7020-Audio_SP17.v0,group_0,1,fave,155.36955896255452,80.77885979460295,8,laboral,,0.0599999999999454,tiempo,[silence],b,R,b,R,internal,12.897314573002776,14.736147857415077,24.71357189316227,49ae7020-Audio_SP17.csv,49ae7020-Audio_SP17,2634.8137500000003,2783.088,1391.544,time column: time,audio_duration,H2
595.9948819118058,878.5156997141578,2304.089096901141,3.4283179273133584,3.79519353176716,4.802326906158004,5871.794871794871,0.0001740794710032,2635.8137500000003,0.027,0.3214285714285714,0-0-4439-1,o,49ae7020-Audio_SP17.v0,group_0,1,fave,161.28323443638786,78.0445383010376,8,compartía,,0.0599999999999454,yo,con,k,m,k,m,internal,30.824749648472093,44.48684519023024,121.79349007142932,49ae7020-Audio_SP17.csv,49ae7020-Audio_SP17,2635.8137500000003,2783.088,1391.544,time column: time,audio_duration,H2
793.1013995839868,1425.609945466949,2572.6617215507554,3.543839032235694,4.086330320529169,3.8885897055249097,6230.769230769231,0.0003950715653704,2636.67275,0.025,0.3378378378378378,0-0-4441-3,o,49ae7020-Audio_SP17.v0,group_0,1,fave,62.12603818201912,70.33502036938708,8,muchos,,0.0500000000001819,con,trabajadores,h,s,h,s,internal,34.599493119664594,59.52106720342531,48.84195638801525,49ae7020-Audio_SP17.csv,49ae7020-Audio_SP17,2636.67275,2783.088,1391.544,time column: time,audio_duration,H2
442.3267072414587,695.0860854842117,2850.911103663704,3.092920887272989,2.732528835267645,4.825673569626284,6230.769230769231,0.0034867238249078,2653.46275,0.045,0.3358208955223881,0-0-4453-5,o,49ae7020-Audio_SP17.v0,group_0,1,fave,165.82920178541693,79.22775662475101,8,Cuando,,0.1100000000001273,[nontrans],[silence],d,#,d,.,final,22.041364384090883,15.371710433677263,124.67041431268458,49ae7020-Audio_SP17.csv,49ae7020-Audio_SP17,2653.46275,2783.088,1391.544,time column: time,audio_duration,H2
586.8834508360699,928.9814034874548,1726.5479737009478,3.339654684396947,3.632934113142866,4.544486178192913,5871.794871794871,0.003094922702,2658.01275,0.045,0.335820895522388,0-0-4462-4,o,49ae7020-Audio_SP17.v0,group_0,1,fave,86.4965330252212,77.94108519226153,8,mismo,,0.1100000000001273,yo,[silence],m,#,m,.,final,28.20938388292383,37.82363278215422,94.1120579561947,49ae7020-Audio_SP17.csv,49ae7020-Audio_SP17,2658.01275,2783.088,1391.544,time column: time,audio_duration,H2
512.2729388061871,928.4487912288258,2492.5586964371023,3.2168939051179715,3.168286135533994,3.709895749133416,6230.769230769231,0.0001936209186701,2658.43775,0.035,0.3365384615384615,0-0-4464-1,o,49ae7020-Audio_SP17.v0,group_0,1,fave,152.13328894007398,79.61856768359264,8,conozca,,0.0799999999999272,[silence],del,k,n,k,n,internal,24.950501073896568,23.766716500234292,40.84954770425342,49ae7020-Audio_SP17.csv,49ae7020-Audio_SP17,2658.43775,2783.088,1391.544,time column: time,audio_duration,H2
532.7800677627865,1170.526366761724,1950.5044993223416,3.166902376918497,3.611898858455517,4.51127912630819,4615.384615384615,0.0121941811418732,2659.76575,0.031,0.3297872340425531,0-0-4470-1,o,49ae7020-Audio_SP17.v0,group_0,1,fave,,57.51284968682464,8,comprar,,0.0700000000001637,que,[silence],k,m,k,m,internal,23.73385184513392,37.03631280255176,91.03819341380763,49ae7020-Audio_SP17.csv,49ae7020-Audio_SP17,2659.76575,2783.088,1391.544,time column: time,audio_duration,H2
516.223542280132,979.3511097118064,2560.026915449869,2.804165968850041,3.054013412641765,3.7810091029900073,6051.282051282051,0.0047445236047617,2662.15875,0.077,0.3290598290598291,0-0-4475-0,o,49ae7020-Audio_SP17.v0,group_0,1,fave,315.3950052246823,78.05236184868079,8,o,,0.2100000000000363,veces,las,#,#,s,l,coextensive,16.51329755652431,21.200259298018253,43.86027895049869,49ae7020-Audio_SP17.csv,49ae7020-Audio_SP17,2662.15875,2783.088,1391.544,time column: time,audio_duration,H2
566.6366436447944,1230.2828578223955,2315.008284271956,2.9603323687701613,3.5000253526242204,3.74396438181978,5871.794871794871,0.0001311041717246,2663.14775,0.035,0.3365384615384616,0-0-4477-6,o,49ae7020-Audio_SP17.v0,group_0,1,fave,188.7956067651724,80.1270793548712,8,acumulo,,0.0799999999999272,las,y,l,#,l,i,final,19.30438686467366,33.11629153294437,42.26521392225602,49ae7020-Audio_SP17.csv,49ae7020-Audio_SP17,2663.14775,2783.088,1391.544,time column: time,audio_duration,H2
528.5836331411474,953.713087107966,2989.0069815161914,3.180264455549943,2.880723664302091,4.107351341391384,6589.74358974359,0.0005786037828706,2670.73275,0.045,0.3358208955223881,0-0-4490-0,o,49ae7020-Audio_SP17.v0,group_0,1,fave,133.01772186192017,76.6908702129677,8,o,,0.1100000000001273,o,trato,#,#,o,t,coextensive,24.05311369044933,17.827169398883935,60.78550411541416,49ae7020-Audio_SP17.csv,49ae7020-Audio_SP17,2670.73275,2783.088,1391.544,time column: time,audio_duration,H2
980.3476943311016,1216.0772716305644,3054.6194021523875,3.5068850387440302,3.4595835205464023,4.182771683556286,6230.769230769231,5.87261096225e-05,2672.4727500000004,0.025,0.3378378378378378,0-0-4496-3,o,49ae7020-Audio_SP17.v0,group_0,1,fave,198.83833435328404,84.06849302927336,8,exponerme,,0.0500000000001819,no,tanto,p,n,p,n,internal,33.34423983135466,31.803728156699677,65.54727798438662,49ae7020-Audio_SP17.csv,49ae7020-Audio_SP17,2672.4727500000004,2783.088,1391.544,time column: time,audio_duration,H2
594.5100054201589,1136.6169018401745,2665.0751586292267,2.849058329029809,2.9736560028218744,3.956986108395528,6230.769230769231,0.0014429075314216,2673.0827500000005,0.105,0.3343949044585987,0-0-4497-4,o,49ae7020-Audio_SP17.v0,group_0,1,fave,186.2835665811637,75.21004341879612,8,tanto,,0.2899999999999636,exponerme,el,t,#,t,e,final,17.271510100784283,19.56331253595092,52.2994632648334,49ae7020-Audio_SP17.csv,49ae7020-Audio_SP17,2673.0827500000005,2783.088,1391.544,time column: time,audio_duration,H2
607.489816672994,1131.0008972557416,2342.393495990836,3.652488738237529,4.0652726310270575,4.285137728179907,5333.333333333333,0.0003281516551059,2674.5327500000003,0.025,0.3378378378378378,0-0-4504-1,o,49ae7020-Audio_SP17.v0,group_0,1,fave,4364.255603622813,70.79721836958808,8,cortar,,0.0500000000001819,a,el,k,R,k,R,internal,38.570538673052376,58.280795509948334,72.61254682500308,49ae7020-Audio_SP17.csv,49ae7020-Audio_SP17,2674.5327500000003,2783.088,1391.544,time column: time,audio_duration,H2
589.7122757486535,1114.2997337220113,2408.2277077722806,2.8656947415111564,2.8220082550401004,3.937681068792052,5871.794871794871,0.0060623750750336,2675.37075,0.0809999999999999,0.3319672131147541,0-0-4506-5,o,49ae7020-Audio_SP17.v0,group_0,1,fave,189.7123704160578,77.30331741795327,8,cabello,,0.2200000000002546,el,aprovecho,L,#,L,a,final,17.561249496473877,16.81057672097798,51.29950324477148,49ae7020-Audio_SP17.csv,49ae7020-Audio_SP17,2675.37075,2783.088,1391.544,time column: time,audio_duration,H2
415.9120274147159,1210.2842979289555,2697.7047336047685,3.703610555051641,4.381560136604291,4.181990178738744,7128.205128205128,0.0096968641204062,1428.59875,0.037,0.324561403508772,0-0-2588-1,u,49ae7020-Audio_SP17.v0,group_0,1,fave,188.8780015539973,70.36818415985456,8,supuesto,,0.0900000000001455,un,plan,s,p,s,p,internal,40.59360553443887,79.96268885789726,65.49607248214453,49ae7020-Audio_SP17.csv,49ae7020-Audio_SP17,1428.59875,2783.088,1391.544,time column: time,audio_duration,H2
432.7109843487802,1606.3846229233277,2748.36014839029,3.54528164634657,4.056938084040324,4.059632641287272,5871.794871794871,0.000227499861461,1533.51575,0.031,0.3297872340425531,0-0-2746-0,u,49ae7020-Audio_SP17.v0,group_0,1,fave,206.3117576617947,75.77103635575831,8,ustedes,,0.0699999999999363,[silence],[silence],#,s,.,s,initial,34.64944285710354,57.79707009758454,57.95301762207794,49ae7020-Audio_SP17.csv,49ae7020-Audio_SP17,1533.51575,2783.088,1391.544,time column: time,audio_duration,H2
462.77243111985774,1126.9124012001243,2663.2206439965985,3.5963215641103248,3.2654990890363176,3.7676265834967344,6051.282051282051,0.0002118506791363,1672.87075,0.041,0.3306451612903226,0-0-2958-3,u,49ae7020-Audio_SP17.v0,group_0,1,fave,212.19781306148937,77.13765271066399,8,Perú,,0.1000000000001364,De,o,R,#,R,o,final,36.463857484636016,26.193180458330737,43.27722795970122,49ae7020-Audio_SP17.csv,49ae7020-Audio_SP17,1672.87075,2783.088,1391.544,time column: time,audio_duration,H2
523.7130577043347,713.8006264411138,2730.369980061029,3.7845956373679583,3.775549289921321,4.286138752532956,5692.307692307692,0.0656109956173583,1675.73475,0.189,0.3351063829787233,0-0-2967-3,u,49ae7020-Audio_SP17.v0,group_0,1,fave,214.3006153925741,75.1125578464048,8,Perú,,0.5399999999999636,en,[silence],R,#,R,.,final,44.01786777873114,43.62146256594785,72.68527014554655,49ae7020-Audio_SP17.csv,49ae7020-Audio_SP17,1675.73475,2783.088,1391.544,time column: time,audio_duration,H2
552.2943414125047,735.6574472861955,2619.884959698198,3.056785911010164,2.17993734060103,4.251394205747241,6051.282051282051,0.001176079553972,1678.56775,0.035,0.3365384615384615,0-0-2973-2,u,49ae7020-Audio_SP17.v0,group_0,1,fave,185.703058883459,74.67506119084574,8,ayudado,,0.0800000000001546,He,a,y,d,y,d,internal,21.259118538202323,8.845751971853428,70.20322188295951,49ae7020-Audio_SP17.csv,49ae7020-Audio_SP17,1678.56775,2783.088,1391.544,time column: time,audio_duration,H2
518.8710950472098,825.2439314648718,3013.87009748148,3.068486879062696,2.711571526575399,4.381269621478888,5871.794871794871,0.0013005221523224,1680.39575,0.031,0.3297872340425531,0-0-2977-2,u,49ae7020-Audio_SP17.v0,group_0,1,fave,155.22315596500673,75.3259617677369,8,Ecuador,,0.0699999999999363,de,.,k,a,k,a,internal,21.509331819071875,15.0529129893509,79.93946186137646,49ae7020-Audio_SP17.csv,49ae7020-Audio_SP17,1680.39575,2783.088,1391.544,time column: time,audio_duration,H2
793.8235742624568,1484.2229148639713,2141.837191458344,3.91746960842512,3.8402907498378025,4.821328598844434,4615.384615384615,0.0026089488246492,1750.69375,0.027,0.3214285714285714,0-0-3072-5,u,49ae7020-Audio_SP17.v0,group_0,1,fave,-373.425161590593,63.83079481630729,8,Venezuela,,0.0599999999999454,de,.,z,é,z,é,internal,50.27307313525692,46.539003680653245,124.12990011468696,49ae7020-Audio_SP17.csv,49ae7020-Audio_SP17,1750.69375,2783.088,1391.544,time column: time,audio_duration,H2
491.1304599821578,1481.0083987506905,3023.7300631229773,3.202483743397485,3.0068792955297323,3.975067561819425,5512.820512820513,0.1073308189139527,1755.78875,0.037,0.324561403508772,0-0-3084-1,u,49ae7020-Audio_SP17.v0,group_0,1,fave,185.31126005675424,75.86025453275514,8,Sudamérica,,0.0899999999999181,de,[silence],s,d,s,d,internal,24.593538440057102,20.224187630350706,53.25371470205382,49ae7020-Audio_SP17.csv,49ae7020-Audio_SP17,1755.78875,2783.088,1391.544,time column: time,audio_duration,H2
420.3023107042084,1058.3556300309854,3275.6278571036105,3.0722937337255463,3.182511188173901,4.778556704996678,6769.2307692307695,0.0043111444251795,1766.50875,0.037,0.3245614035087719,0-0-3123-1,u,49ae7020-Audio_SP17.v0,group_0,1,fave,,57.92553725412933,8,pues,,0.0899999999999181,",",[silence],p,e,p,e,internal,21.591370775317,24.107215358919323,118.9325713250236,49ae7020-Audio_SP17.csv,49ae7020-Audio_SP17,1766.50875,2783.088,1391.544,time column: time,audio_duration,H2
462.72139930326335,961.10953620187,3000.8813785707284,3.0116935122395456,2.529932684845792,4.043797327368729,6230.769230769231,4.63813371029e-05,1849.33375,0.027,0.3214285714285714,0-0-3259-4,u,49ae7020-Audio_SP17.v0,group_0,1,fave,152.53407471453744,72.40876067140829,8,ejecutaste,,0.0600000000001728,lo,.,k,t,k,t,internal,20.321785993718574,12.552661123908187,57.04254126063152,49ae7020-Audio_SP17.csv,49ae7020-Audio_SP17,1849.33375,2783.088,1391.544,time column: time,audio_duration,H2
376.9515214197093,808.0918844064671,1957.9182286123923,3.5821372647884853,3.426804244978479,3.648536216875058,5153.846153846154,0.0053872666111802,1880.11275,0.045,0.3358208955223881,0-0-3333-1,u,49ae7020-Audio_SP17.v0,group_0,1,fave,5111.413347232789,61.177543780814126,8,pues,,0.1100000000001273,perderlo,[silence],p,e,p,e,internal,35.95029409454333,30.778126065001597,38.41838868111112,49ae7020-Audio_SP17.csv,49ae7020-Audio_SP17,1880.11275,2783.088,1391.544,time column: time,audio_duration,H2
366.2828720118663,810.854204537105,3085.952307210089,2.773248775774723,2.8047040104213488,3.491952694340109,6051.282051282051,0.00019622525269,1954.50875,0.037,0.324561403508772,0-0-3412-4,u,49ae7020-Audio_SP17.v0,group_0,1,fave,158.3460894925715,72.76073739893386,8,ejecutar,,0.0899999999999181,Y,tal,k,t,k,t,internal,16.010564342691385,16.52218478772462,32.85003118811653,49ae7020-Audio_SP17.csv,49ae7020-Audio_SP17,1954.50875,2783.088,1391.544,time column: time,audio_duration,H2
534.4020449934987,1075.730987909983,2297.724402158059,3.0326521770393176,2.986904169474576,3.9528888537014737,6230.769230769231,0.0002575901029841,1956.95375,0.027,0.3214285714285714,0-0-3420-1,u,49ae7020-Audio_SP17.v0,group_0,1,fave,104.85069225678174,64.50639255894436,8,pues,,0.0599999999999454,",",[silence],p,e,p,e,internal,20.752198171448654,19.824214984274047,52.08561743305533,49ae7020-Audio_SP17.csv,49ae7020-Audio_SP17,1956.95375,2783.088,1391.544,time column: time,audio_duration,H2
601.067819362803,994.0701937204882,2416.634609065016,2.475999720385539,3.7313022688493658,3.995160217918302,6230.769230769231,0.0001211213186267,1991.43375,0.027,0.3214285714285714,0-0-3429-0,u,49ae7020-Audio_SP17.v0,group_0,1,fave,192.12650068532983,81.31196322508704,8,unirme,,0.0599999999999454,[silence],con,#,n,.,n,initial,11.893591437426211,41.733420925493576,54.33454529421109,49ae7020-Audio_SP17.csv,49ae7020-Audio_SP17,1991.43375,2783.088,1391.544,time column: time,audio_duration,H2
498.2651001657773,1555.257689379172,2822.314723777051,3.293277338052265,3.135177763033409,3.646707247116448,6230.769230769231,0.000637800079913,2118.3137500000003,0.027,0.3214285714285714,0-0-3633-1,u,49ae7020-Audio_SP17.v0,group_0,1,fave,197.32559112131548,75.93996065216916,8,sucede,,0.0599999999999454,Pero,que,s,z,s,z,internal,26.930981110861868,22.992722734914494,38.34818682814141,49ae7020-Audio_SP17.csv,49ae7020-Audio_SP17,2118.3137500000003,2783.088,1391.544,time column: time,audio_duration,H2
439.4948148292934,954.9290121085972,2520.1947013307595,2.7591585512978347,3.144731003992142,3.729674079516573,6230.769230769231,3.72478113235e-05,2199.47375,0.027,0.3214285714285714,0-0-3758-3,u,49ae7020-Audio_SP17.v0,group_0,1,fave,160.32302985592037,70.39370600267266,8,recupera,,0.0599999999999454,se,un,k,p,k,p,internal,15.786553782776794,23.21343031327749,41.66552630237136,49ae7020-Audio_SP17.csv,49ae7020-Audio_SP17,2199.47375,2783.088,1391.544,time column: time,audio_duration,H2
429.7468566340886,898.8548452907819,2627.009230884528,2.8907676053224973,3.3033186995441497,4.190500539652444,5871.794871794871,0.0001423519802234,2214.3137500000003,0.027,0.3214285714285714,0-0-3796-1,u,49ae7020-Audio_SP17.v0,group_0,1,fave,156.13955864379196,76.6159304297469,8,gustaría,,0.0599999999999454,me,",",g,s,g,s,internal,18.007126664116754,27.202767094528465,66.05584625730388,49ae7020-Audio_SP17.csv,49ae7020-Audio_SP17,2214.3137500000003,2783.088,1391.544,time column: time,audio_duration,H2
497.4341054461328,975.4958920586856,2627.472030242844,2.507989984271408,2.947977431720796,4.507493295153065,6230.769230769231,0.0001805268659704,2215.33775,0.035,0.3365384615384615,0-0-3802-1,u,49ae7020-Audio_SP17.v0,group_0,1,fave,161.59264834284158,77.98311320639229,8,gustaría,,0.0799999999999272,Me,encontrar,g,s,g,s,internal,12.280221797866613,19.0673496850936,90.69418976560956,49ae7020-Audio_SP17.csv,49ae7020-Audio_SP17,2215.33775,2783.088,1391.544,time column: time,audio_duration,H2
453.3431647713135,915.1871302518846,2751.271282254031,2.7811589656456794,2.793458236562057,3.4805925868054635,6230.769230769231,4.848816402043677e-06,2221.7227500000004,0.025,0.3378378378378378,0-0-3817-1,u,49ae7020-Audio_SP17.v0,group_0,1,fave,163.1618451556345,78.66649261644208,8,buscar,,0.0500000000001819,De,[silence],b,s,b,s,internal,16.13771316927715,16.337420887672966,32.47896297926465,49ae7020-Audio_SP17.csv,49ae7020-Audio_SP17,2221.7227500000004,2783.088,1391.544,time column: time,audio_duration,H2
530.8514915050226,743.0770628669561,2799.860044609113,2.6738956469262485,2.523741445026753,4.789623862488163,6230.769230769231,3.71097498211e-05,2236.7737500000003,0.027,0.3214285714285714,0-0-3848-6,u,49ae7020-Audio_SP17.v0,group_0,1,fave,189.78070866129715,79.1310071155473,8,salvaguarda,,0.0599999999999454,a,dentro,g,á,g,á,internal,14.496331927781224,12.4751846736468,120.25612731475344,49ae7020-Audio_SP17.csv,49ae7020-Audio_SP17,2236.7737500000003,2783.088,1391.544,time column: time,audio_duration,H2
559.7530162097778,1140.0955061774962,2115.877251445416,3.385924452959868,3.802694618670881,5.005268430734657,6051.282051282051,0.0024379381634966,2314.59875,0.037,0.324561403508772,0-0-3989-1,u,49ae7020-Audio_SP17.v0,group_0,1,fave,88.80565281030249,72.39191686211791,8,Nuevo,,0.0900000000001455,Año,ni,n,é,n,é,internal,29.545293329009198,44.821799572487286,149.19712687804144,49ae7020-Audio_SP17.csv,49ae7020-Audio_SP17,2314.59875,2783.088,1391.544,time column: time,audio_duration,H2
439.3048136225539,1807.6039606609013,2584.930441614992,3.5229252596700618,3.831639185344416,3.8929842859668224,5871.794871794871,0.000427082936735,2324.13275,0.025,0.3378378378378378,0-0-4006-3,u,49ae7020-Audio_SP17.v0,group_0,1,fave,179.45467040267943,67.63245956706892,8,natural,,0.0500000000001819,gas,.,t,R,t,R,internal,33.88340138007396,46.13810518901676,49.057068612095954,49ae7020-Audio_SP17.csv,49ae7020-Audio_SP17,2324.13275,2783.088,1391.544,time column: time,audio_duration,H2
421.5816514984068,1143.3732536071404,2364.800466791866,3.255602544035648,3.6954253912844326,4.433107119107607,6230.769230769231,9.78641969622e-05,2425.42275,0.025,0.3378378378378378,0-0-4147-1,u,49ae7020-Audio_SP17.v0,group_0,1,fave,181.64695751299828,74.24068876714007,8,pusieron,,0.0500000000001819,le,una,p,s,p,s,internal,25.935236949266717,40.26269634567799,84.19260738430374,49ae7020-Audio_SP17.csv,49ae7020-Audio_SP17,2425.42275,2783.088,1391.544,time column: time,audio_duration,H2
532.3029963212448,721.4572639398284,2482.6380268736216,2.906060041187664,2.607232931616412,4.77856158950712,6410.25641025641,0.0008050637361615,2426.93575,0.031,0.3297872340425531,0-0-4154-2,u,49ae7020-Audio_SP17.v0,group_0,1,fave,183.5507089355468,78.29207355934658,8,abuela,,0.0699999999997089,mi,.,b,é,b,é,internal,18.284615828621664,13.561473361890716,118.93315225382892,49ae7020-Audio_SP17.csv,49ae7020-Audio_SP17,2426.93575,2783.088,1391.544,time column: time,audio_duration,H2
508.6335161328996,924.887852649574,2921.7232561727296,3.373533797991762,3.5981888601663465,4.927302854335625,6410.25641025641,0.0026694424154395,2444.10775,0.035,0.3365384615384615,0-0-4176-1,u,49ae7020-Audio_SP17.v0,group_0,1,fave,179.90533097341074,75.8873740648596,8,futuro,,0.0799999999999272,[silence],.,f,t,f,t,internal,29.181466474746497,36.53200991248149,138.00678551343975,49ae7020-Audio_SP17.csv,49ae7020-Audio_SP17,2444.10775,2783.088,1391.544,time column: time,audio_duration,H2
469.6447838121532,1301.6230998736817,2799.28691566931,2.5915797319846967,4.096079892294791,4.507470567752287,6051.282051282051,4.59535671469e-05,2447.21275,0.025,0.3378378378378378,0-0-4189-5,u,49ae7020-Audio_SP17.v0,group_0,1,fave,156.92699979503425,70.98116229269348,8,oportunidades,,0.0500000000001819,haber,para,t,n,t,n,internal,13.350845711084556,60.10421019775517,90.69212854583364,49ae7020-Audio_SP17.csv,49ae7020-Audio_SP17,2447.21275,2783.088,1391.544,time column: time,audio_duration,H2
812.9884417004961,1315.8977828602942,2301.09399453416,4.424858963356133,3.309772039954856,4.4204883067953,6230.769230769231,0.0002981147607985,2452.3027500000003,0.025,0.3378378378378378,0-0-4203-1,u,49ae7020-Audio_SP17.v0,group_0,1,fave,180.66480237903176,49.108782220404606,8,suficientes,,0.0500000000001819,son,para,s,f,s,f,internal,83.50102968654227,27.378883468955035,83.13687174764682,49ae7020-Audio_SP17.csv,49ae7020-Audio_SP17,2452.3027500000003,2783.088,1391.544,time column: time,audio_duration,H2
519.8341015482732,854.9146237793391,2734.2225712572567,3.0790025312643468,2.721631345916624,4.485197998016135,6230.769230769231,6.77771960542e-05,2461.8427500000003,0.025,0.3378378378378378,0-0-4231-1,u,49ae7020-Audio_SP17.v0,group_0,1,fave,171.61666381744402,75.00182487921994,8,gustaría,,0.0500000000001819,me,retomar,g,s,g,s,internal,21.73670989066571,15.205106812265996,88.69451041162395,49ae7020-Audio_SP17.csv,49ae7020-Audio_SP17,2461.8427500000003,2783.088,1391.544,time column: time,audio_duration,H2
774.2769462583246,1244.198765669334,2242.857337332279,3.50220014435897,3.3346312216179266,4.9782477162407535,6230.769230769231,0.0006142784857158,2466.65275,0.025,0.3378378378378378,0-0-4240-1,u,49ae7020-Audio_SP17.v0,group_0,1,fave,-296.37874329801963,76.68598296886472,8,fuera,,0.0500000000001819,laboral,de,f,é,f,é,internal,33.18839094223799,28.068030432124758,145.2196924662838,49ae7020-Audio_SP17.csv,49ae7020-Audio_SP17,2466.65275,2783.088,1391.544,time column: time,audio_duration,H2
353.5586209233388,998.9695190407118,2375.6953547673497,3.52394158742926,3.253785233289121,4.2744880141805135,6410.25641025641,0.000350285620917,2488.10375,0.027,0.3214285714285714,0-0-4291-1,u,49ae7020-Audio_SP17.v0,group_0,1,fave,163.35899869345775,77.73154478914984,8,bueno,,0.0599999999999454,[silence],",",b,é,b,é,internal,33.917855526859775,25.88814736560821,71.84334711697393,49ae7020-Audio_SP17.csv,49ae7020-Audio_SP17,2488.10375,2783.088,1391.544,time column: time,audio_duration,H2
529.1753974283056,939.4882187021168,2763.1198716301424,2.618586287129125,2.730802336100969,3.457843780366553,6230.769230769231,8.49978838609e-05,2489.68775,0.035,0.3365384615384615,0-0-4298-1,u,49ae7020-Audio_SP17.v0,group_0,1,fave,168.3621251818703,79.09571812325889,8,gustaría,,0.0799999999999272,me,aprender,g,s,g,s,internal,13.716318935388248,15.345194085236535,31.74844603516401,49ae7020-Audio_SP17.csv,49ae7020-Audio_SP17,2489.68775,2783.088,1391.544,time column: time,audio_duration,H2
547.6733855650263,832.1766325893585,2326.706818287742,3.0944974596201,3.200172517520425,4.563161952571715,6230.769230769231,0.0001498277741176,2556.43375,0.027,0.3214285714285714,0-0-4342-1,u,49ae7020-Audio_SP17.v0,group_0,1,fave,88.84123971139395,74.46497637827305,8,Guau,,0.0599999999999454,[silence],",",g,á,g,á,internal,22.07614159686395,24.5367628534819,95.88618858308308,49ae7020-Audio_SP17.csv,49ae7020-Audio_SP17,2556.43375,2783.088,1391.544,time column: time,audio_duration,H2
389.1205388726344,727.2453368955861,2277.345170035456,3.618117618834039,4.004240699821924,4.885390589726767,5871.794871794871,0.0225426635394315,2662.7407499999995,0.041,0.3306451612903226,0-0-4477-2,u,49ae7020-Audio_SP17.v0,group_0,1,fave,174.86892135915411,73.25221163316404,8,acumulo,,0.1000000000003638,las,y,k,m,k,m,internal,37.26735039631628,54.83017602684173,132.34214672345635,49ae7020-Audio_SP17.csv,49ae7020-Audio_SP17,2662.7407499999995,2783.088,1391.544,time column: time,audio_duration,H2
538.1461915090788,2009.9547324585471,2830.507925257686,1.8605338662273505,3.2510670642274166,2.8660517393456044,6230.769230769231,2.27104544573e-05,1394.37575,0.031,0.3297872340425531,0-0-2551-1,e,49ae7020-Audio_SP17.v0,group_0,1,fave,176.23035920433247,80.831474949185,8,decidido,,0.0700000000001637,he,retornar,d,z,d,z,internal,6.427167103132438,25.81787455433213,17.567519943715766,49ae7020-Audio_SP17.csv,49ae7020-Audio_SP17,1394.37575,2783.088,1391.544,time column: time,audio_duration,H2
495.3850663502415,1830.8692615439816,2622.6698479098955,2.5918904597972627,2.73078737234119,2.505265008818783,6410.25641025641,6.572783264675677e-06,1395.0437499999998,0.027,0.3214285714285714,0-0-2552-1,e,49ae7020-Audio_SP17.v0,group_0,1,fave,161.7083468112149,72.3722178273041,8,retornar,,0.0599999999999454,decidido,porque,r,t,r,t,internal,13.354994834758946,15.34496446515648,12.246804046868814,49ae7020-Audio_SP17.csv,49ae7020-Audio_SP17,1395.0437499999998,2783.088,1391.544,time column: time,audio_duration,H2
553.9689638448689,2084.442821188577,2776.360192395902,3.289370497198,2.5053129714038165,3.642421933448485,6230.769230769231,6.30534279914e-05,1397.25375,0.027,0.3214285714285714,0-0-2558-0,e,49ae7020-Audio_SP17.v0,group_0,1,fave,193.11248496087367,73.31564893051664,8,en,,0.0599999999999454,vez,aumento,#,n,z,n,initial,26.825971315459125,12.247391449335856,38.184204427942085,49ae7020-Audio_SP17.csv,49ae7020-Audio_SP17,1397.25375,2783.088,1391.544,time column: time,audio_duration,H2
490.33587825629314,1965.329297722248,2610.7646462531584,3.203756285957656,3.714335323261664,3.407563272368906,6230.769230769231,8.13042094477e-05,1402.26075,0.041,0.3306451612903226,0-0-2565-5,e,49ae7020-Audio_SP17.v0,group_0,1,fave,150.84447042909898,73.02607053756448,8,labores,,0.099999999999909,mis,no,R,s,R,s,internal,24.624854685829032,41.03130546438231,30.19158588160004,49ae7020-Audio_SP17.csv,49ae7020-Audio_SP17,1402.26075,2783.088,1391.544,time column: time,audio_duration,H2
566.8683958918208,1330.7112129422617,2523.397104467276,3.244250408527344,3.777351943953744,4.48724447993122,6051.282051282051,0.0147196447812253,1403.4607500000002,0.0809999999999999,0.3319672131147541,0-0-2567-4,e,49ae7020-Audio_SP17.v0,group_0,1,fave,242.78359472000045,70.25437388900522,8,profesionales,,0.2200000000000272,no,.,f,s,f,s,internal,25.64248146888776,43.70016788926362,88.87620798012883,49ae7020-Audio_SP17.csv,49ae7020-Audio_SP17,1403.4607500000002,2783.088,1391.544,time column: time,audio_duration,H2
501.1445199420448,2012.791188912968,2667.9883465738776,3.0117670537935224,4.63938452024543,3.382678784707102,6230.769230769231,0.0019545878080312,1404.20775,0.035,0.3365384615384615,0-0-2567-11,e,49ae7020-Audio_SP17.v0,group_0,1,fave,132.89829545666126,67.5804262489262,8,profesionales,,0.0799999999999272,no,.,l,s,l,s,internal,20.323280544395256,103.48063774171337,29.449554560618687,49ae7020-Audio_SP17.csv,49ae7020-Audio_SP17,1404.20775,2783.088,1391.544,time column: time,audio_duration,H2
512.9462405650015,1896.243768146228,2556.8309009680465,2.4682072898141416,3.117949921977999,3.562841809699483,6410.25641025641,0.0002731882623141,1429.43575,0.071,0.3317757009345795,0-0-2590-1,e,49ae7020-Audio_SP17.v0,group_0,1,fave,170.05078167493863,78.10095995543213,8,de,,0.1899999999998272,plan,reactivación,d,#,d,r,final,11.801271616954203,22.600000354814554,35.263266381335875,49ae7020-Audio_SP17.csv,49ae7020-Audio_SP17,1429.43575,2783.088,1391.544,time column: time,audio_duration,H2
511.7776274445682,1769.2150017322492,2579.9566441097745,2.29296095386614,3.931122689130688,3.485657968551969,6230.769230769231,1.65229438111e-05,1433.19375,0.027,0.3214285714285714,0-0-2599-6,e,49ae7020-Audio_SP17.v0,group_0,1,fave,165.05763883280278,71.99087568279359,8,sectores,,0.0599999999999454,por,¿,R,s,R,s,internal,9.904220246847212,50.96416247407979,32.64389870402885,49ae7020-Audio_SP17.csv,49ae7020-Audio_SP17,1433.19375,2783.088,1391.544,time column: time,audio_duration,H2
570.2219909759949,1825.1620745157827,2679.2351258913427,2.777352491886845,2.8248386736962594,3.405773027804928,6410.25641025641,5.22411529896e-05,1434.00775,0.035,0.3365384615384615,0-0-2604-1,e,49ae7020-Audio_SP17.v0,group_0,1,fave,175.99109910788056,78.54426029776033,8,negocios,,0.0799999999999272,Los,[silence],n,g,n,g,internal,16.07640215099098,16.858225091558015,30.137583911886903,49ae7020-Audio_SP17.csv,49ae7020-Audio_SP17,1434.00775,2783.088,1391.544,time column: time,audio_duration,H2
698.1197770094363,1830.937500711323,2730.2750178060155,2.7752241997925045,3.533472712061568,3.046997642977628,6230.769230769231,9.762866527953467e-06,1437.5137499999998,0.027,0.3214285714285714,0-0-2616-0,e,49ae7020-Audio_SP17.v0,group_0,1,fave,170.03171306451662,72.78062036546017,8,el,,0.0599999999999454,amplían,horario,#,l,n,l,initial,16.042223255625455,34.2426763299727,21.052043693178614,49ae7020-Audio_SP17.csv,49ae7020-Audio_SP17,1437.5137499999998,2783.088,1391.544,time column: time,audio_duration,H2
483.6859847339429,1699.330006998914,2542.070509009594,2.4857281137324287,3.779872795440097,3.883087845678964,6230.769230769231,5.39828218609e-05,1448.5927499999998,0.025,0.3378378378378378,0-0-2646-11,e,49ae7020-Audio_SP17.v0,group_0,1,fave,495.54315800494646,67.33690891983547,8,irresponsables,,0.0500000000001819,muy,.,l,s,l,s,internal,12.009861617260094,43.81046848974696,48.57397266979482,49ae7020-Audio_SP17.csv,49ae7020-Audio_SP17,1448.5927499999998,2783.088,1391.544,time column: time,audio_duration,H2
566.0403373696969,1580.4072309953292,2663.042695952532,3.0444692397224498,3.32152199064992,3.5345382238863627,6410.25641025641,5.20816213215e-05,1453.6337499999995,0.027,0.3214285714285714,0-0-2657-1,e,49ae7020-Audio_SP17.v0,group_0,1,fave,154.61150500873225,80.07201143129332,8,les,,0.0600000000001728,no,importa,l,s,l,s,internal,20.99888287169432,27.702481406685965,34.279181751540314,49ae7020-Audio_SP17.csv,49ae7020-Audio_SP17,1453.6337499999995,2783.088,1391.544,time column: time,audio_duration,H2
622.6028522407557,1903.807058968385,3077.4490115737512,3.17765714209732,3.2161631377595987,4.272391458565625,6230.769230769231,1.33851524133e-05,1454.6127499999998,0.025,0.3378378378378378,0-0-2661-1,e,49ae7020-Audio_SP17.v0,group_0,1,fave,143.3059249958184,72.45229860968321,8,de,,0.0500000000001819,vida,otros,d,#,d,ó,final,23.990481370074136,24.932274722559136,71.69288132924447,49ae7020-Audio_SP17.csv,49ae7020-Audio_SP17,1454.6127499999998,2783.088,1391.544,time column: time,audio_duration,H2
543.8584053077138,2543.656766243549,3981.649759403023,3.0008970874652143,4.199528579200929,3.9057730554490337,7307.692307692308,0.0012536862344162,1456.56875,0.037,0.324561403508772,0-0-2665-6,e,49ae7020-Audio_SP17.v0,group_0,1,fave,174.88448563134725,68.79631895979668,8,Entonces,,0.0900000000001455,.,para,z,s,z,s,internal,20.10356349108868,66.6549011263985,49.6884770166314,49ae7020-Audio_SP17.csv,49ae7020-Audio_SP17,1456.56875,2783.088,1391.544,time column: time,audio_duration,H2
572.7892529664188,1951.9657902940503,2657.056511752696,2.495801573434081,2.853305481888909,2.928896348231989,6230.769230769231,0.0009383239794904,1456.94775,0.055,0.3353658536585366,0-0-2667-0,e,49ae7020-Audio_SP17.v0,group_0,1,fave,161.34386447355445,73.64453829401263,8,evitar,,0.1399999999998726,para,eso,#,b,a,b,initial,12.131453873421592,17.345020839461032,18.706973115539014,49ae7020-Audio_SP17.csv,49ae7020-Audio_SP17,1456.94775,2783.088,1391.544,time column: time,audio_duration,H2
527.8941645996275,1828.115710166372,2706.695239636254,2.5752528781763755,2.910454834027748,3.067046446486746,6230.769230769231,4.18419778269931e-06,1459.5237499999998,0.027,0.3214285714285714,0-0-2670-1,e,49ae7020-Audio_SP17.v0,group_0,1,fave,165.30048541552267,79.92258967611926,8,decidí,,0.0599999999999454,[silence],quedarme,d,z,d,z,internal,13.134638201918468,18.36514976270673,21.47837138039817,49ae7020-Audio_SP17.csv,49ae7020-Audio_SP17,1459.5237499999998,2783.088,1391.544,time column: time,audio_duration,H2
516.2039456272329,1969.542372950676,2605.5786951144296,2.5915717862132017,2.98770067601175,3.028448605888124,6410.25641025641,3.91676427416e-05,1465.79575,0.031,0.3297872340425531,0-0-2687-1,e,49ae7020-Audio_SP17.v0,group_0,1,fave,164.91246830858685,76.36493522431115,8,le,,0.0699999999999363,madre,lleva,l,#,l,L,final,13.350739628736724,19.84001139123893,20.66514791903771,49ae7020-Audio_SP17.csv,49ae7020-Audio_SP17,1465.79575,2783.088,1391.544,time column: time,audio_duration,H2
497.2489155280898,1970.2064922953584,2419.0833307068674,2.982060058773988,2.94996991480474,3.037992523425928,6410.25641025641,1.42936283321e-05,1468.3437499999998,0.027,0.3214285714285714,0-0-2695-3,e,49ae7020-Audio_SP17.v0,group_0,1,fave,169.02254982512386,76.88389236085688,8,vive,,0.0600000000001728,que,en,b,#,b,e,final,19.72841650887697,19.1053789305296,20.863318544519704,49ae7020-Audio_SP17.csv,49ae7020-Audio_SP17,1468.3437499999998,2783.088,1391.544,time column: time,audio_duration,H2
567.4977451812425,1782.770363604934,2698.699125506849,3.0204762991866745,3.1747573471037827,3.761534640408613,6230.769230769231,0.000509516521224,1472.70575,0.031,0.3297872340425531,0-0-2705-1,e,49ae7020-Audio_SP17.v0,group_0,1,fave,202.62501976597017,80.37196728438033,8,sentirme,,0.0699999999999363,quiero,responsable,s,n,s,n,internal,20.501053994461696,23.92101466059053,43.01438696901136,49ae7020-Audio_SP17.csv,49ae7020-Audio_SP17,1472.70575,2783.088,1391.544,time column: time,audio_duration,H2
574.9039400310373,1411.1690290403485,2528.6461192840293,2.936576286605815,3.4385827070286945,3.434865341306617,6410.25641025641,1.18536378927e-05,1473.09575,0.031,0.3297872340425531,0-0-2705-7,e,49ae7020-Audio_SP17.v0,group_0,1,fave,180.7759347050774,79.99306586002031,8,sentirme,,0.0700000000001637,quiero,responsable,m,#,m,r,final,18.85119461346989,31.14278841983187,31.02723419739128,49ae7020-Audio_SP17.csv,49ae7020-Audio_SP17,1473.09575,2783.088,1391.544,time column: time,audio_duration,H2
546.2879356719629,1810.125202069796,2425.732683047373,2.59042247340788,3.5501391720086986,3.462710666503221,6230.769230769231,0.0001683117693793,1473.80775,0.035,0.3365384615384615,0-0-2706-10,e,49ae7020-Audio_SP17.v0,group_0,1,fave,168.4299894797996,81.09786014182149,8,responsable,,0.0799999999999272,sentirme,de,l,#,l,d,final,13.335404266972787,34.8181628640888,31.903338723833148,49ae7020-Audio_SP17.csv,49ae7020-Audio_SP17,1473.80775,2783.088,1391.544,time column: time,audio_duration,H2
544.6270512004456,1986.3953872988484,2639.05577741869,2.8465661751284075,3.131439449502396,3.3705867715564537,6230.769230769231,0.0019137593247082,1473.95575,0.091,0.3321167883211678,0-0-2707-1,e,49ae7020-Audio_SP17.v0,group_0,1,fave,577.4324046886564,67.8709059907259,8,de,,0.25,responsable,Tampoco,d,#,d,,final,17.22852043019129,22.906929189898467,29.09559451723833,49ae7020-Audio_SP17.csv,49ae7020-Audio_SP17,1473.95575,2783.088,1391.544,time column: time,audio_duration,H2
512.7604361845073,1824.6842580225764,2825.738853614226,2.995816574414712,3.961776998943448,3.351641557761944,6230.769230769231,2.28969956094e-05,1507.23375,0.027,0.3214285714285714,0-0-2710-3,e,49ae7020-Audio_SP17.v0,group_0,1,fave,261.969297356085,77.82960324351379,8,José,,0.0599999999999454,Tampoco,Luis,s,#,s,l,final,20.001686088282764,52.55062543387847,28.54956095176678,49ae7020-Audio_SP17.csv,49ae7020-Audio_SP17,1507.23375,2783.088,1391.544,time column: time,audio_duration,H2
618.9448018981909,1947.1460633625136,2515.909874787502,3.238492206238404,3.373164193177059,3.685910567124028,6051.282051282051,0.0083163945236422,1533.9577500000005,0.1149999999999999,0.3343023255813952,0-0-2746-5,e,49ae7020-Audio_SP17.v0,group_0,1,fave,236.53257724187912,73.61802869660117,8,ustedes,,0.3199999999999363,[silence],[silence],d,s,d,s,internal,25.495251171126345,29.17068285719857,39.88142063187472,49ae7020-Audio_SP17.csv,49ae7020-Audio_SP17,1533.9577500000005,2783.088,1391.544,time column: time,audio_duration,H2
553.9666924566272,1851.102655342121,2713.8207437600054,3.322558390093755,2.5957888981544235,2.972776404078492,6230.769230769231,1.88327172066e-05,1535.33575,0.031,0.3297872340425531,0-0-2748-5,e,49ae7020-Audio_SP17.v0,group_0,1,fave,225.5191333739939,78.43283982816521,8,aparte,,0.0700000000001637,[silence],del,t,#,t,d,final,27.731207126097264,13.40716007430134,19.546112236617724,49ae7020-Audio_SP17.csv,49ae7020-Audio_SP17,1535.33575,2783.088,1391.544,time column: time,audio_duration,H2
613.6310756302149,1988.891477823186,2661.759209262763,3.6254934222531614,2.887601714641356,3.369484502726026,6230.769230769231,3.9727098842301685e-06,1535.43375,0.027,0.3214285714285714,0-0-2749-1,e,49ae7020-Audio_SP17.v0,group_0,1,fave,212.56435066879945,76.66468567915699,8,del,,0.0599999999999454,aparte,que,d,l,d,l,internal,37.54324326179119,17.95020821594949,29.06354101933045,49ae7020-Audio_SP17.csv,49ae7020-Audio_SP17,1535.43375,2783.088,1391.544,time column: time,audio_duration,H2
491.14763319553066,2033.3848651075289,2741.038084670886,4.010071174731624,3.3557607346930176,3.711755142864547,6051.282051282051,0.0004677320109563,1588.71575,0.031,0.3297872340425531,0-0-2759-1,e,49ae7020-Audio_SP17.v0,group_0,1,fave,328.48810795266303,80.896788858371,8,de,,0.0699999999999363,raíz,que,d,#,d,k,final,55.15079576686205,28.66740418657218,40.92557375645264,49ae7020-Audio_SP17.csv,49ae7020-Audio_SP17,1588.71575,2783.088,1391.544,time column: time,audio_duration,H2
505.736340740018,1603.309996843213,2487.028292918397,2.8350686061960304,4.252003392133964,3.9250121960116577,6051.282051282051,0.0011555377855914,1594.21275,0.045,0.335820895522388,0-0-2772-0,e,49ae7020-Audio_SP17.v0,group_0,1,fave,90.73032123128893,76.61202470861018,8,en,,0.1099999999998999,grupos,en,#,n,s,n,initial,17.031568731458023,70.24600175917081,50.65369582813629,49ae7020-Audio_SP17.csv,49ae7020-Audio_SP17,1594.21275,2783.088,1391.544,time column: time,audio_duration,H2
564.317453539299,2199.9758989386746,2735.699297171742,2.570679671557806,3.755292765361488,4.165379655806704,6948.717948717948,0.0090592472787942,1595.24575,0.071,0.3317757009345795,0-0-2775-0,e,49ae7020-Audio_SP17.v0,group_0,1,fave,327.48726964902914,74.64195192705907,8,en,,0.1900000000000545,[silence],Facebook,#,n,&,n,initial,13.074707928771376,42.74673274145013,64.41713414058198,49ae7020-Audio_SP17.csv,49ae7020-Audio_SP17,1595.24575,2783.088,1391.544,time column: time,audio_duration,H2
599.4928596044689,2225.781913838291,2726.180082984408,2.91383504629876,3.191216576423669,3.9083194034458977,6230.769230769231,0.0012540333306415,1595.63375,0.107,0.3302469135802469,0-0-2776-3,e,49ae7020-Audio_SP17.v0,group_0,1,fave,198.535190517962,76.51545998234893,8,Facebook,,0.3000000000001819,en,Por,s,b,s,b,internal,18.42733290419472,24.317994152724047,49.815162394628025,49ae7020-Audio_SP17.csv,49ae7020-Audio_SP17,1595.63375,2783.088,1391.544,time column: time,audio_duration,H2
539.3190081142412,1646.1329709334884,2511.559755665506,2.5575824794396347,3.364897798683701,3.2406192395148614,6230.769230769231,1.1940206393e-05,1598.23375,0.027,0.3214285714285714,0-0-2779-0,e,49ae7020-Audio_SP17.v0,group_0,1,fave,171.02225393085743,77.9020917264231,8,ejemplo,,0.0599999999999454,Por,",",#,x,R,x,initial,12.90458248185636,28.930540408642685,25.549538133379155,49ae7020-Audio_SP17.csv,49ae7020-Audio_SP17,1598.23375,2783.088,1391.544,time column: time,audio_duration,H2
503.3379216311406,2053.7861434714687,2697.6881288537484,1.92541395313833,2.446482623484554,3.891443544418137,6230.769230769231,4.10654433489e-05,1598.94375,0.027,0.3214285714285714,0-0-2781-4,e,49ae7020-Audio_SP17.v0,group_0,1,fave,163.80133356231542,75.64864213168973,8,donde,,0.0599999999999454,",",que,d,#,d,k,final,6.857986963623741,11.54765774179728,48.98154254624326,49ae7020-Audio_SP17.csv,49ae7020-Audio_SP17,1598.94375,2783.088,1391.544,time column: time,audio_duration,H2
539.2192873961353,2095.815597822252,3051.8625758301587,2.439134916771527,3.707602220082431,3.122139400311553,6230.769230769231,2.72706432738e-05,1603.50575,0.031,0.3297872340425531,0-0-2790-1,e,49ae7020-Audio_SP17.v0,group_0,1,fave,255.73245952272413,77.41476124914709,8,de,,0.0699999999999363,ya,mis,d,#,d,m,final,11.463119899464944,40.75596543771996,22.694881178439957,49ae7020-Audio_SP17.csv,49ae7020-Audio_SP17,1603.50575,2783.088,1391.544,time column: time,audio_duration,H2
584.9806247760026,2094.915946232948,2962.15756003446,2.8899754807393365,3.105276940502033,3.933999781556192,6230.769230769231,0.0012042409960811,1603.79875,0.037,0.3245614035087719,0-0-2792-0,e,49ae7020-Audio_SP17.v0,group_0,1,fave,187.1822625785565,76.76511520759682,8,errores,,0.0899999999999181,mis,[silence],#,r,s,r,initial,17.99286842431069,22.315398157172183,51.11100221436761,49ae7020-Audio_SP17.csv,49ae7020-Audio_SP17,1603.79875,2783.088,1391.544,time column: time,audio_duration,H2
548.1867702280656,1849.7701163170127,2681.171182619148,2.8201936433914785,4.4487903560434985,3.635024426964312,6410.25641025641,0.000501049962114,1604.18775,0.035,0.3365384615384615,0-0-2792-4,e,49ae7020-Audio_SP17.v0,group_0,1,fave,281.67314602665977,77.06713747954014,8,errores,,0.0799999999999272,mis,[silence],R,s,R,s,internal,16.780099712969843,85.52342850794295,37.90277873565788,49ae7020-Audio_SP17.csv,49ae7020-Audio_SP17,1604.18775,2783.088,1391.544,time column: time,audio_duration,H2
602.9549377981142,1893.5989083465813,2742.006610547684,2.752768936662556,3.1459553871283483,3.34660878667964,6230.769230769231,6.70045809201e-05,1607.07775,0.035,0.3365384615384615,0-0-2802-1,e,49ae7020-Audio_SP17.v0,group_0,1,fave,186.86473755141367,77.44517553582519,8,me,,0.0800000000001546,yo,iba,m,#,m,í,final,15.686005362606384,23.241869852780013,28.40623850404657,49ae7020-Audio_SP17.csv,49ae7020-Audio_SP17,1607.07775,2783.088,1391.544,time column: time,audio_duration,H2
563.4698374698113,1671.8564428108195,2503.233033698458,1.972072220335938,3.081811057530449,2.966575037648934,6230.769230769231,3.13300132245e-05,1608.36575,0.031,0.3297872340425531,0-0-2807-1,e,49ae7020-Audio_SP17.v0,group_0,1,fave,183.2520621738073,78.47744707384294,8,relacionando,,0.0700000000001637,[silence],con,r,l,r,l,internal,7.18555111641883,21.79784381926996,19.42527469854451,49ae7020-Audio_SP17.csv,49ae7020-Audio_SP17,1608.36575,2783.088,1391.544,time column: time,audio_duration,H2
624.1132940804185,2048.526419025155,2648.039593367943,2.836244838472413,3.5273434544257167,4.094167233750025,6230.769230769231,0.0001815589010526,1614.14575,0.031,0.3297872340425531,0-0-2822-0,e,49ae7020-Audio_SP17.v0,group_0,1,fave,83.97867984933951,72.98702387806392,8,Entonces,,0.0699999999999363,inicio,[silence],#,n,,n,initial,17.051613598716273,34.03343604347478,59.98936123498133,49ae7020-Audio_SP17.csv,49ae7020-Audio_SP17,1614.14575,2783.088,1391.544,time column: time,audio_duration,H2
553.5744931631651,1822.1312500413087,2608.5626280496367,2.9113126553263795,3.020452615823034,4.31961106755169,6230.769230769231,9.55503814337e-05,1614.55775,0.035,0.3365384615384615,0-0-2822-6,e,49ae7020-Audio_SP17.v0,group_0,1,fave,178.94783416541313,77.10824068321719,8,Entonces,,0.0799999999999272,inicio,[silence],z,s,z,s,internal,18.38091053832377,20.500568466294425,75.15939068083279,49ae7020-Audio_SP17.csv,49ae7020-Audio_SP17,1614.55775,2783.088,1391.544,time column: time,audio_duration,H2
556.8594122959498,1873.2718568846465,2596.41102669068,2.480719836067114,3.6736509304452176,2.9942646932171573,6230.769230769231,1.90743368143e-05,1616.3737499999995,0.027,0.3214285714285714,0-0-2828-1,e,49ae7020-Audio_SP17.v0,group_0,1,fave,178.36208398722803,76.59511935328709,8,le,,0.0600000000001728,que,podía,l,#,l,p,final,11.949863265172931,39.39547375717401,19.97066992065143,49ae7020-Audio_SP17.csv,49ae7020-Audio_SP17,1616.3737499999995,2783.088,1391.544,time column: time,audio_duration,H2
570.0152528484494,1375.985943230143,2362.081707980349,2.844119978855814,3.3394079179250533,3.664660815562702,6230.769230769231,4.45225255947e-05,1621.3637499999998,0.027,0.3214285714285714,0-0-2842-6,e,49ae7020-Audio_SP17.v0,group_0,1,fave,80.59209488109651,75.2682455834377,8,ponerme,,0.0600000000001728,y,en,m,#,m,e,final,17.186427592393972,28.202423611604864,39.04289117590558,49ae7020-Audio_SP17.csv,49ae7020-Audio_SP17,1621.3637499999998,2783.088,1391.544,time column: time,audio_duration,H2
539.8011205833261,2205.941196517194,2620.012910814813,3.2010402047616227,2.777170233214984,3.127904230659236,6230.769230769231,2.43492139143e-05,1626.42575,0.031,0.3297872340425531,0-0-2860-4,e,49ae7020-Audio_SP17.v0,group_0,1,fave,177.59271079293106,75.55829291304667,8,Porque,,0.0699999999999363,.,sé,k,#,k,s,final,24.55806232885534,16.073472354285176,22.826091156448214,49ae7020-Audio_SP17.csv,49ae7020-Audio_SP17,1626.42575,2783.088,1391.544,time column: time,audio_duration,H2
540.9912739322975,2177.561813198078,2809.502192383284,3.211346164855042,3.346545103719724,4.058961235627783,6230.769230769231,0.0003928409682029,1626.65075,0.061,0.3315217391304348,0-0-2861-1,e,49ae7020-Audio_SP17.v0,group_0,1,fave,201.05467452468736,75.55579298189048,8,sé,,0.1600000000000818,Porque,que,s,#,s,k,final,24.81246542151348,28.404429568298355,57.91412069733092,49ae7020-Audio_SP17.csv,49ae7020-Audio_SP17,1626.65075,2783.088,1391.544,time column: time,audio_duration,H2
581.2964191267931,2096.7261940992503,2817.223027139997,2.673151435540454,2.81428225093292,3.4195782043653047,6410.25641025641,0.0001969506101488,1628.21375,0.047,0.3263888888888889,0-0-2864-1,e,49ae7020-Audio_SP17.v0,group_0,1,fave,174.51624547867144,78.15999655740755,8,me,,0.1199999999998908,[silence],ponían,m,#,m,p,final,14.485547605913618,16.68119856781912,30.556523694182967,49ae7020-Audio_SP17.csv,49ae7020-Audio_SP17,1628.21375,2783.088,1391.544,time column: time,audio_duration,H2
686.8743339180259,1866.5095127017807,2765.8595008714583,2.8248562392478056,3.654012065994897,3.3911013571742843,6230.769230769231,9.919225460050946e-06,1628.75775,0.035,0.3365384615384615,0-0-2866-0,e,49ae7020-Audio_SP17.v0,group_0,1,fave,231.82238516464292,77.19878198074056,8,en,,0.0799999999999272,ponían,lugar,#,n,n,n,initial,16.858521218180645,38.62933901995932,29.698643078557403,49ae7020-Audio_SP17.csv,49ae7020-Audio_SP17,1628.75775,2783.088,1391.544,time column: time,audio_duration,H2
668.5874951015999,1970.9864351656631,2755.6473700797587,3.249582782356629,2.493221905830443,3.1603747752589806,6230.769230769231,8.984813534740629e-06,1629.16375,0.027,0.3214285714285714,0-0-2868-1,e,49ae7020-Audio_SP17.v0,group_0,1,fave,252.3680923071853,79.46481138326368,8,de,,0.0599999999999454,lugar,ellos,d,#,d,é,final,25.77958197670841,12.10019908569354,23.57943126079022,49ae7020-Audio_SP17.csv,49ae7020-Audio_SP17,1629.16375,2783.088,1391.544,time column: time,audio_duration,H2
578.2691261676322,1785.4430506925405,2631.3039691318827,2.4347341920132126,3.840601055986751,3.8714341248879096,6230.769230769231,0.0007850808929339,1632.86875,0.057,0.3275862068965517,0-0-2878-6,e,49ae7020-Audio_SP17.v0,group_0,1,fave,189.82693877688507,76.78501383507205,8,Entonces,,0.1500000000000909,.,[silence],z,s,z,s,internal,11.412784700827457,46.55344726051122,48.01119077535331,49ae7020-Audio_SP17.csv,49ae7020-Audio_SP17,1632.86875,2783.088,1391.544,time column: time,audio_duration,H2
583.9886905561051,2114.550255592578,2866.344097478915,3.0206333869575883,3.329288451697235,3.728039669877108,6230.769230769231,0.0001634277043435,1633.6427499999998,0.045,0.3358208955223881,0-0-2880-1,e,49ae7020-Audio_SP17.v0,group_0,1,fave,210.52980898876413,77.57102627472163,8,de,,0.1100000000001273,[silence],esa,d,#,d,s,final,20.504274712296137,27.918469294543296,41.59748338469653,49ae7020-Audio_SP17.csv,49ae7020-Audio_SP17,1633.6427499999998,2783.088,1391.544,time column: time,audio_duration,H2
541.7680979488678,1530.918300708758,2436.4739087712906,2.685288488617964,3.234136925205265,3.5763206974415014,6230.769230769231,7.404598329187149e-06,1635.6137499999998,0.027,0.3214285714285714,0-0-2886-1,e,49ae7020-Audio_SP17.v0,group_0,1,fave,162.74827864709337,79.04702513937782,8,personas,,0.0600000000001728,algunas,que,p,R,p,R,internal,14.662430714548805,25.38445363959769,35.74179375377506,49ae7020-Audio_SP17.csv,49ae7020-Audio_SP17,1635.6137499999998,2783.088,1391.544,time column: time,audio_duration,H2
549.6541591756405,2249.295785230514,2868.353684071544,2.791414065550528,3.231575828181472,3.728533999688463,6230.769230769231,0.0001194962759269,1637.12575,0.031,0.3297872340425531,0-0-2889-5,e,49ae7020-Audio_SP17.v0,group_0,1,fave,166.45327686693815,74.01518332804241,8,también,,0.0700000000001637,[silence],[silence],i,n,i,n,internal,16.304058516304885,25.319524770986988,41.61805134406985,49ae7020-Audio_SP17.csv,49ae7020-Audio_SP17,1637.12575,2783.088,1391.544,time column: time,audio_duration,H2
477.4413690691494,1992.5745623526911,2773.341760561905,2.688156700704424,3.348180268333487,3.5493673248177213,6230.769230769231,6.0659042096e-05,1638.14575,0.031,0.3297872340425531,0-0-2891-0,e,49ae7020-Audio_SP17.v0,group_0,1,fave,186.52940447089537,69.57578331457326,8,estaban,,0.0699999999999363,[silence],así,#,s,.,s,initial,14.704546044518072,28.450913480469467,34.79129893164624,49ae7020-Audio_SP17.csv,49ae7020-Audio_SP17,1638.14575,2783.088,1391.544,time column: time,audio_duration,H2
653.295888457618,2060.749764489517,2761.011888667017,2.5415256876557537,4.186396233411141,3.165529911718889,6230.769230769231,1.58452275614e-05,1640.1127499999998,0.025,0.3378378378378378,0-0-2895-3,e,49ae7020-Audio_SP17.v0,group_0,1,fave,333.7026114136477,79.42412489114128,8,entendido,,0.0500000000001819,Tengo,que,t,n,t,n,internal,12.699030953200763,65.78528844110521,23.70130030246324,49ae7020-Audio_SP17.csv,49ae7020-Audio_SP17,1640.1127499999998,2783.088,1391.544,time column: time,audio_duration,H2
545.611645399072,1440.7928302711737,2473.3414743150915,2.763710493206906,3.444484715459117,3.5682353588353872,6230.769230769231,2.31736122707e-05,1642.7737499999998,0.027,0.3214285714285714,0-0-2902-1,e,49ae7020-Audio_SP17.v0,group_0,1,fave,178.06277287425985,78.47134405555141,8,repente,,0.0599999999999454,de,.,r,p,r,p,internal,15.858577057059549,31.327136897639612,35.45397437541076,49ae7020-Audio_SP17.csv,49ae7020-Audio_SP17,1642.7737499999998,2783.088,1391.544,time column: time,audio_duration,H2
510.0772386727394,2086.591331542498,2582.9360290297213,2.7100902473932256,3.5180951765607618,3.582057248270923,6410.25641025641,0.0024372158913813,1643.2007499999995,0.181,0.3327205882352941,0-0-2902-6,e,49ae7020-Audio_SP17.v0,group_0,1,fave,-48.34150811742624,74.15142837437367,8,repente,,0.5200000000002092,de,.,t,#,t,.,final,15.030631929018188,33.7201363446377,35.94741759228993,49ae7020-Audio_SP17.csv,49ae7020-Audio_SP17,1643.2007499999995,2783.088,1391.544,time column: time,audio_duration,H2
545.576072779056,2011.969412283193,2810.400122454173,2.632833122421141,2.810399811406588,3.215405499772226,6230.769230769231,3.4858581818e-05,1646.76875,0.057,0.3275862068965517,0-0-2907-1,e,49ae7020-Audio_SP17.v0,group_0,1,fave,181.335730279196,79.08893626254176,8,dedican,,0.1500000000000909,se,más,d,d,d,d,internal,13.91313172280532,16.616560381270748,24.91339223806472,49ae7020-Audio_SP17.csv,49ae7020-Audio_SP17,1646.76875,2783.088,1391.544,time column: time,audio_duration,H2
582.5745638093306,1940.340626425228,2773.116746017222,3.351882117562216,3.450867263293332,3.763449610586597,6230.769230769231,0.004278767433966,1649.05775,0.035,0.3365384615384615,0-0-2916-1,e,49ae7020-Audio_SP17.v0,group_0,1,fave,201.46699187478148,77.93021356809976,8,cerrados,,0.0799999999999272,muy,¿,z,r,z,r,internal,28.55642965458096,31.527723292589325,43.09683715691061,49ae7020-Audio_SP17.csv,49ae7020-Audio_SP17,1649.05775,2783.088,1391.544,time column: time,audio_duration,H2
593.3640173089613,1994.5539417369469,2890.8281370390623,3.040334895678494,3.7211375722844697,4.101390414134984,6230.769230769231,0.0011669934298561,1651.00575,0.051,0.3311688311688312,0-0-2921-0,e,49ae7020-Audio_SP17.v0,group_0,1,fave,117.665468740939,69.32878843601502,8,Entonces,,0.1299999999998817,?,[silence],#,n,,n,initial,20.91224548315592,41.31136204933301,60.42424393966317,49ae7020-Audio_SP17.csv,49ae7020-Audio_SP17,1651.00575,2783.088,1391.544,time column: time,audio_duration,H2
513.1191797778845,2834.7584482187294,3651.949375472476,1.2184061971582163,5.1518326462107,5.092150876878055,6589.74358974359,0.0047647040117506,1667.6327499999998,0.025,0.3378378378378378,0-0-2951-1,e,49ae7020-Audio_SP17.v0,group_0,1,fave,171.0047886179381,77.36112189892968,8,de,,0.0500000000001819,",",Venezuela,d,#,d,b,final,3.3817935239810284,172.7477859746825,162.73951855224928,49ae7020-Audio_SP17.csv,49ae7020-Audio_SP17,1667.6327499999998,2783.088,1391.544,time column: time,audio_duration,H2
478.4574892266334,2478.1882875753727,4483.433278644077,2.187808437985121,3.1868763570144774,3.922738488527047,8564.102564102563,0.0003438320563427,1667.72575,0.031,0.3297872340425531,0-0-2952-1,e,49ae7020-Audio_SP17.v0,group_0,1,fave,165.0608836330842,77.4708013657642,8,Venezuela,,0.0699999999999363,de,mismo,b,n,b,n,internal,8.915652483039443,24.212677436662656,50.53865497499408,49ae7020-Audio_SP17.csv,49ae7020-Audio_SP17,1667.72575,2783.088,1391.544,time column: time,audio_duration,H2
471.7914249447155,2094.7638500433595,4183.394241073198,2.980807155416532,3.166932198701761,3.6792293545195336,6230.769230769231,0.0009159170570279,1667.85775,0.035,0.3365384615384615,0-0-2952-3,e,49ae7020-Audio_SP17.v0,group_0,1,fave,161.0521229668906,70.4551559846788,8,Venezuela,,0.0800000000001546,de,mismo,n,z,n,z,internal,19.70371418763773,23.73455964147348,39.61585252802695,49ae7020-Audio_SP17.csv,49ae7020-Audio_SP17,1667.85775,2783.088,1391.544,time column: time,audio_duration,H2
528.1864037876917,2174.846912686235,2865.7564887351487,1.885147189406884,3.4788368835052994,3.3123352513668984,6230.769230769231,5.49775841512e-05,1672.55575,0.031,0.3297872340425531,0-0-2957-1,e,49ae7020-Audio_SP17.v0,group_0,1,fave,174.5877850514788,79.43689072630166,8,De,,0.0699999999999363,[silence],Perú,d,#,d,p,final,6.587323954968184,32.4219895855987,27.449151352760506,49ae7020-Audio_SP17.csv,49ae7020-Audio_SP17,1672.55575,2783.088,1391.544,time column: time,audio_duration,H2
541.2538258109095,2016.037782949796,2802.4760150933075,3.0328744873170352,2.567477332641345,3.026710987039817,6230.769230769231,4.598724984757472e-06,1673.5927499999998,0.025,0.3378378378378378,0-0-2960-1,e,49ae7020-Audio_SP17.v0,group_0,1,fave,176.96483387902535,76.55577850045746,8,de,,0.0500000000001819,o,chicos,d,#,d,h,final,20.75681211123152,13.032905251643376,20.629270947788267,49ae7020-Audio_SP17.csv,49ae7020-Audio_SP17,1673.5927499999998,2783.088,1391.544,time column: time,audio_duration,H2
566.5177449996604,1725.129093055461,2528.846594832245,2.630242403944847,3.841558399219589,3.016767518579603,6230.769230769231,4.88941597892e-05,1674.33775,0.035,0.3365384615384615,0-0-2962-1,e,49ae7020-Audio_SP17.v0,group_0,1,fave,180.26889104750475,77.40196891116126,8,venezolanos,,0.0800000000001546,chicos,que,b,n,b,n,internal,13.877133366326104,46.59803622827911,20.425160905383773,49ae7020-Audio_SP17.csv,49ae7020-Audio_SP17,1674.33775,2783.088,1391.544,time column: time,audio_duration,H2
561.7369269789983,1895.1887618897583,2807.9605323958262,2.864382931588191,3.2240730853538087,3.221485500847438,6230.769230769231,4.48391691406e-05,1674.44775,0.035,0.3365384615384615,0-0-2962-3,e,49ae7020-Audio_SP17.v0,group_0,1,fave,174.8915116793905,74.53188118086615,8,venezolanos,,0.0799999999999272,chicos,que,n,z,n,z,internal,17.538227578616308,25.13026974179915,25.06532710369223,49ae7020-Audio_SP17.csv,49ae7020-Audio_SP17,1674.44775,2783.088,1391.544,time column: time,audio_duration,H2
599.723974225304,2124.747388581868,2847.5261564940374,3.1209502308773898,3.784412834278936,3.1366249309028422,6230.769230769231,3.62466351132e-05,1675.27775,0.035,0.3365384615384615,0-0-2966-0,e,49ae7020-Audio_SP17.v0,group_0,1,fave,177.9289750476449,74.83292484018834,8,en,,0.0799999999999272,[silence],Perú,#,n,.,n,initial,22.66790915975916,44.00982191195605,23.02602115287615,49ae7020-Audio_SP17.csv,49ae7020-Audio_SP17,1675.27775,2783.088,1391.544,time column: time,audio_duration,H2
520.0046695688761,2202.5226001137053,2942.5522421378896,2.593647978994198,2.889505076133964,3.844724630641028,6230.769230769231,0.0006014220660204,1677.2737499999998,0.047,0.3263888888888889,0-0-2969-5,e,49ae7020-Audio_SP17.v0,group_0,1,fave,174.61957208990904,78.1058845195036,8,también,,0.1199999999998908,[silence],.,i,n,i,n,internal,13.378487132591154,17.98440648656331,46.74581021462878,49ae7020-Audio_SP17.csv,49ae7020-Audio_SP17,1677.2737499999998,2783.088,1391.544,time column: time,audio_duration,H2
469.7193262079597,1987.367543839984,2678.768409081169,2.9729358998312736,3.282250227186547,3.6846297824773457,6410.25641025641,0.0021875309167198,1679.79575,0.051,0.3311688311688312,0-0-2976-1,e,49ae7020-Audio_SP17.v0,group_0,1,fave,149.7358352403043,77.94398941943663,8,de,,0.1300000000001091,otros,Ecuador,d,#,d,e,final,19.549230007131825,26.635641560112894,39.83037381760766,49ae7020-Audio_SP17.csv,49ae7020-Audio_SP17,1679.79575,2783.088,1391.544,time column: time,audio_duration,H2
460.8300251871908,2290.5882870346804,2754.83087529314,3.0094111373500634,3.6240469423475625,4.252144153987715,6589.74358974359,0.0283157638727034,1679.9677500000005,0.1349999999999999,0.334158415841584,0-0-2977-0,e,49ae7020-Audio_SP17.v0,group_0,1,fave,140.36637906325288,74.09542835784347,8,Ecuador,,0.3799999999998817,de,.,#,k,e,k,initial,20.2754569498918,37.488976971832784,70.25589041255333,49ae7020-Audio_SP17.csv,49ae7020-Audio_SP17,1679.9677500000005,2783.088,1391.544,time column: time,audio_duration,H2
429.2492698870052,2005.921969117754,2804.546113765058,2.73090829435461,2.172711754978885,3.7299919367778944,6230.769230769231,1.26741653371e-05,1682.8137499999998,0.027,0.3214285714285714,0-0-2980-1,e,49ae7020-Audio_SP17.v0,group_0,1,fave,172.89008264472903,77.5081162328324,8,De,,0.0599999999999454,.,Argentina,d,#,d,a,final,15.34682012134804,8.782066592747732,41.678772097477896,49ae7020-Audio_SP17.csv,49ae7020-Audio_SP17,1682.8137499999998,2783.088,1391.544,time column: time,audio_duration,H2
486.3658772093605,2272.031720919884,2746.5559908001346,3.345828345035775,3.733732436592784,3.92863582154212,6230.769230769231,0.0007428313527986,1683.07075,0.041,0.3306451612903226,0-0-2981-3,e,49ae7020-Audio_SP17.v0,group_0,1,fave,61.20399088304636,68.61973105012984,8,Argentina,,0.1000000000001364,De,[silence],x,n,x,n,internal,28.384077741288337,41.83496347158581,50.837578813883546,49ae7020-Audio_SP17.csv,49ae7020-Audio_SP17,1683.07075,2783.088,1391.544,time column: time,audio_duration,H2
548.6625542005797,1837.9421779139293,2722.725927073471,1.9341787628282168,3.098672242139588,2.95363587325189,6230.769230769231,0.0002639468233878,1692.5827499999998,0.045,0.3358208955223881,0-0-2987-1,e,49ae7020-Audio_SP17.v0,group_0,1,fave,180.76592616900572,79.67133390948916,8,de,,0.1100000000001273,propio,mí,d,#,d,m,final,6.91836010727512,22.168497335324027,19.17554699382432,49ae7020-Audio_SP17.csv,49ae7020-Audio_SP17,1692.5827499999998,2783.088,1391.544,time column: time,audio_duration,H2
520.8072346914659,1892.259060714512,2727.59534514174,2.121959707814479,3.081896124650769,3.1307185559540223,6230.769230769231,0.0002787390651303,1692.96575,0.051,0.3311688311688312,0-0-2989-1,e,49ae7020-Audio_SP17.v0,group_0,1,fave,167.55342026478328,79.84766240444235,8,de,,0.1299999999998817,mí,[silence],d,#,d,.,final,8.347480091059328,21.799698177944205,22.89042168322484,49ae7020-Audio_SP17.csv,49ae7020-Audio_SP17,1692.96575,2783.088,1391.544,time column: time,audio_duration,H2
521.3350975915179,1829.8800364730348,2753.619567088678,2.606800978120708,2.931854216141005,3.7725151104144814,6230.769230769231,3.41977882108e-05,1693.34575,0.031,0.3297872340425531,0-0-2991-1,e,49ae7020-Audio_SP17.v0,group_0,1,fave,164.53368415178943,79.87970814312929,8,de,,0.0700000000001637,[silence],brindar,d,#,d,b,final,13.55561670105878,18.762387785227048,43.48930781018512,49ae7020-Audio_SP17.csv,49ae7020-Audio_SP17,1693.34575,2783.088,1391.544,time column: time,audio_duration,H2
618.6623437129524,1778.7967152633855,2837.452856417232,2.864234753369735,2.486752799998452,2.9431372102946227,6410.25641025641,5.48464309516746e-06,1694.47375,0.027,0.3214285714285714,0-0-2997-1,e,49ae7020-Audio_SP17.v0,group_0,1,fave,141.53124997347552,78.7772154972666,8,necesita,,0.0599999999999454,lo,.,n,z,n,z,internal,17.535628987830865,12.022174264739188,18.97528248317299,49ae7020-Audio_SP17.csv,49ae7020-Audio_SP17,1694.47375,2783.088,1391.544,time column: time,audio_duration,H2
501.744333640415,1950.2191357206127,2727.774191646505,3.300332800400434,3.5580955794756286,3.653156714204811,6051.282051282051,0.0001204168262658,1694.62575,0.031,0.3297872340425531,0-0-2997-3,e,49ae7020-Audio_SP17.v0,group_0,1,fave,145.14098822817246,76.91873568183036,8,necesita,,0.0700000000001637,lo,.,z,s,z,s,internal,27.12166351935924,35.096295355551575,38.59631147277821,49ae7020-Audio_SP17.csv,49ae7020-Audio_SP17,1694.62575,2783.088,1391.544,time column: time,audio_duration,H2
537.5602952108289,2747.99587067735,4039.378082127833,2.8813722140390694,3.6675786143170273,4.144137967318876,7487.179487179487,0.0020900373635698,1709.44775,0.035,0.3365384615384615,0-0-3002-1,e,49ae7020-Audio_SP17.v0,group_0,1,fave,170.4292169462594,75.91407663223934,8,de,,0.0799999999999272,Tipos,[silence],d,#,d,.,final,17.83873495492243,39.15697683369952,63.06323589353701,49ae7020-Audio_SP17.csv,49ae7020-Audio_SP17,1709.44775,2783.088,1391.544,time column: time,audio_duration,H2
494.9274677537454,1958.110244601765,2822.6574121310337,2.592996151811283,3.196872232427887,4.353184623617794,5871.794871794871,0.0002538769178529,1710.30875,0.037,0.324561403508772,0-0-3004-1,e,49ae7020-Audio_SP17.v0,group_0,1,fave,159.2167652410233,78.93023958429619,8,de,,0.0900000000001455,[silence],personalidades,d,#,d,p,final,13.369769512511382,24.45591801969664,77.72559597216691,49ae7020-Audio_SP17.csv,49ae7020-Audio_SP17,1710.30875,2783.088,1391.544,time column: time,audio_duration,H2
663.9772153513662,1959.931319780876,2846.079313993211,2.804213935125395,3.718732651055277,3.546301732553715,6230.769230769231,3.59060653e-05,1711.16375,0.027,0.3214285714285714,0-0-3005-12,e,49ae7020-Audio_SP17.v0,group_0,1,fave,264.4680230875608,74.48616489994748,8,personalidades,,0.0599999999999454,de,.,d,s,d,s,internal,16.514089656898815,41.21213084717255,34.6848063096659,49ae7020-Audio_SP17.csv,49ae7020-Audio_SP17,1711.16375,2783.088,1391.544,time column: time,audio_duration,H2
490.9248109048115,2488.5767439741667,3183.9332627057142,3.4681875159516777,3.989327887946426,3.9009919086730087,6230.769230769231,0.0003718363681441,1728.99575,0.031,0.3297872340425531,0-0-3009-0,e,49ae7020-Audio_SP17.v0,group_0,1,fave,168.86791708480936,69.76288254304362,8,En,,0.0699999999999363,[silence],el,#,n,.,n,initial,32.07854786601107,54.01857062712828,49.45147613441367,49ae7020-Audio_SP17.csv,49ae7020-Audio_SP17,1728.99575,2783.088,1391.544,time column: time,audio_duration,H2
511.4336373138451,1384.2313500149376,2492.149176385996,3.092745967411357,4.876993939622082,3.548149603314441,6410.25641025641,0.0007340875612799,1729.15375,0.027,0.3214285714285714,0-0-3010-0,e,49ae7020-Audio_SP17.v0,group_0,1,fave,161.46528858584458,76.11157551162228,8,el,,0.0599999999999454,En,caso,#,l,n,l,initial,22.037509248862325,131.235568300716,34.748958603406216,49ae7020-Audio_SP17.csv,49ae7020-Audio_SP17,1729.15375,2783.088,1391.544,time column: time,audio_duration,H2
571.6666807599227,1958.1829868349555,2976.429553984297,2.4433651792296485,4.006015338171239,3.0655645998199064,6589.74358974359,7.35030325028e-05,1731.74375,0.027,0.3214285714285714,0-0-3016-3,e,49ae7020-Audio_SP17.v0,group_0,1,fave,277.20158755680086,79.86656823788132,8,entendido,,0.0599999999999454,tengo,que,t,n,t,n,internal,11.511714616965811,54.92756615048322,21.44656729756584,49ae7020-Audio_SP17.csv,49ae7020-Audio_SP17,1731.74375,2783.088,1391.544,time column: time,audio_duration,H2
564.1329069467635,2065.965990898839,2964.384643453619,2.9661609304707874,2.823250013135255,3.378945753440876,6230.769230769231,0.0001657584740788,1738.16875,0.037,0.3245614035087719,0-0-3026-5,e,49ae7020-Audio_SP17.v0,group_0,1,fave,189.7520854089781,74.49024282163725,8,límite,,0.0899999999999181,Sin,de,t,#,t,d,final,19.417232218193725,16.831464356716857,29.339823395033548,49ae7020-Audio_SP17.csv,49ae7020-Audio_SP17,1738.16875,2783.088,1391.544,time column: time,audio_duration,H2
586.9870136434932,1905.0423504057349,2628.087910683957,2.72556194543302,4.5938143396389854,3.841748865385984,5512.820512820513,0.0038242565317513,1741.3627499999998,0.045,0.335820895522388,0-0-3042-0,e,49ae7020-Audio_SP17.v0,group_0,1,fave,108.27054101274486,73.4437641142428,8,él,,0.1100000000001273,en,[silence],#,l,n,l,initial,15.26498960829646,98.87083878993758,46.60691242288161,49ae7020-Audio_SP17.csv,49ae7020-Audio_SP17,1741.3627499999998,2783.088,1391.544,time column: time,audio_duration,H2
582.8006841115542,1883.786057126557,2812.849971769861,2.895161145278073,3.7847605746931903,3.467229566981802,6410.25641025641,0.000116493240496,1746.90775,0.035,0.3365384615384615,0-0-3063-3,e,49ae7020-Audio_SP17.v0,group_0,1,fave,187.46214976071687,74.22131522025295,8,comentado,,0.0799999999999272,han,en,m,n,m,n,internal,18.086415746933024,44.025128566876,32.04783296812895,49ae7020-Audio_SP17.csv,49ae7020-Audio_SP17,1746.90775,2783.088,1391.544,time column: time,audio_duration,H2
677.8518101952295,1587.7477971116236,2692.2894942892726,3.112421000079354,3.3963974559271053,3.555064528901527,6230.769230769231,4.77270719786e-05,1747.48875,0.037,0.3245614035087719,0-0-3064-0,e,49ae7020-Audio_SP17.v0,group_0,1,fave,164.73082918040404,75.18021686038969,8,en,,0.0899999999999181,comentado,algún,#,n,o,n,initial,22.47539151165454,29.85634726498297,34.99007776612876,49ae7020-Audio_SP17.csv,49ae7020-Audio_SP17,1747.48875,2783.088,1391.544,time column: time,audio_duration,H2
547.2483478602496,1871.571970445758,2625.4324709096354,2.912225794418966,3.038180643444352,3.246325180374624,6230.769230769231,6.798831064139491e-06,1750.3337499999998,0.027,0.3214285714285714,0-0-3071-1,e,49ae7020-Audio_SP17.v0,group_0,1,fave,163.96680806209645,78.71836202999388,8,de,,0.0600000000001728,personas,Venezuela,d,#,d,b,final,18.39770253183972,20.867243721579303,25.69573899703912,49ae7020-Audio_SP17.csv,49ae7020-Audio_SP17,1750.3337499999998,2783.088,1391.544,time column: time,audio_duration,H2
567.1148560821554,1976.3116878031944,2524.6274757681026,2.3560217159044305,2.6244547673257417,2.916429990585678,6230.769230769231,7.531102531196342e-06,1750.44375,0.027,0.3214285714285714,0-0-3072-1,e,49ae7020-Audio_SP17.v0,group_0,1,fave,140.68243937606613,76.30293042816635,8,Venezuela,,0.0599999999999454,de,.,b,n,b,n,internal,10.548901337824386,13.797049532696478,18.47521290253406,49ae7020-Audio_SP17.csv,49ae7020-Audio_SP17,1750.44375,2783.088,1391.544,time column: time,audio_duration,H2
574.9203219968115,1951.2761302840115,2794.4318826178865,2.5241217495644976,2.9132755863729938,3.5219382777133195,6230.769230769231,7.70894420623e-05,1750.53775,0.035,0.3365384615384615,0-0-3072-3,e,49ae7020-Audio_SP17.v0,group_0,1,fave,138.69834138469014,75.23928941793397,8,Venezuela,,0.0799999999999272,de,.,n,z,n,z,internal,12.47992994525436,18.41702643319364,33.84997557232676,49ae7020-Audio_SP17.csv,49ae7020-Audio_SP17,1750.53775,2783.088,1391.544,time column: time,audio_duration,H2
566.9063106515393,2150.959946403056,2938.566637509833,3.933958668319858,3.358969960593751,3.903708486436458,6230.769230769231,0.0003560694758623,1755.25375,0.027,0.3214285714285714,0-0-3080-4,e,49ae7020-Audio_SP17.v0,group_0,1,fave,214.2219245244667,75.99626605237732,8,países,,0.0599999999999454,otros,de,s,s,s,s,internal,51.10890091885015,28.75955214531549,49.5859975510664,49ae7020-Audio_SP17.csv,49ae7020-Audio_SP17,1755.25375,2783.088,1391.544,time column: time,audio_duration,H2
644.2176018367388,1576.066723864575,2457.0830869125675,3.188435705851199,2.615908536769873,3.544165636723624,6410.25641025641,3.7702189775e-05,1755.60775,0.035,0.3365384615384615,0-0-3083-1,e,49ae7020-Audio_SP17.v0,group_0,1,fave,177.83927230708386,79.92822338712678,8,de,,0.0800000000001546,acá,Sudamérica,d,#,d,s,final,24.2504628997599,13.679639188950706,34.61079531497097,49ae7020-Audio_SP17.csv,49ae7020-Audio_SP17,1755.60775,2783.088,1391.544,time column: time,audio_duration,H2
592.7900300748374,1932.3409244922025,2677.363794315557,2.9224626650572536,2.6161652706282608,3.3172338454719137,6230.769230769231,1.79138178248e-05,1756.07875,0.037,0.3245614035087719,0-0-3084-5,e,49ae7020-Audio_SP17.v0,group_0,1,fave,182.71212943184884,77.77835654794308,8,Sudamérica,,0.0900000000001455,de,[silence],m,R,m,R,internal,18.587004710523296,13.683151666367682,27.58394348018347,49ae7020-Audio_SP17.csv,49ae7020-Audio_SP17,1756.07875,2783.088,1391.544,time column: time,audio_duration,H2
613.4283835631751,2214.550735510143,2628.817747289252,2.24101140849827,3.451562513287987,3.2820666225761146,6230.769230769231,9.936339344269172e-06,1757.20375,0.027,0.3214285714285714,0-0-3086-5,e,49ae7020-Audio_SP17.v0,group_0,1,fave,147.29449073262478,75.23135253041953,8,también,,0.0599999999999454,[silence],",",i,n,i,n,internal,9.402836588594866,31.54965056362425,26.6307515824456,49ae7020-Audio_SP17.csv,49ae7020-Audio_SP17,1757.20375,2783.088,1391.544,time column: time,audio_duration,H2
615.4053153352147,2075.421162759089,2880.326837356361,3.302892772014045,3.0370498445154697,3.073400204836672,6230.769230769231,0.0007284262102602,1758.2937499999998,0.047,0.3263888888888889,0-0-3094-4,e,49ae7020-Audio_SP17.v0,group_0,1,fave,197.6140393603396,74.75542750722552,8,tiene,,0.1200000000001182,no,límite,n,#,n,l,final,27.19118315426254,20.843660401239912,21.61527422512912,49ae7020-Audio_SP17.csv,49ae7020-Audio_SP17,1758.2937499999998,2783.088,1391.544,time column: time,audio_duration,H2
541.109164882336,2110.5679933047936,2860.6772978038657,2.7639141794188222,3.0341427950104176,3.72560862021258,6230.769230769231,4.17642759393e-05,1758.72875,0.037,0.3245614035087719,0-0-3095-5,e,49ae7020-Audio_SP17.v0,group_0,1,fave,187.89095974646528,78.20017006395645,8,límite,,0.0899999999999181,tiene,de,t,#,t,d,final,15.861807559539916,20.78315483753225,41.49648065773557,49ae7020-Audio_SP17.csv,49ae7020-Audio_SP17,1758.72875,2783.088,1391.544,time column: time,audio_duration,H2
549.9077614879528,1769.3486503646814,2821.717451862748,2.938200679451408,3.599704316893524,3.657208540459576,6230.769230769231,2.39788978668e-05,1762.64375,0.027,0.3214285714285714,0-0-3107-4,e,49ae7020-Audio_SP17.v0,group_0,1,fave,162.33979437413086,75.95876013292688,8,donde,,0.0599999999999454,o,que,d,#,d,k,final,18.88184124347533,36.58741456373283,38.7530142728141,49ae7020-Audio_SP17.csv,49ae7020-Audio_SP17,1762.64375,2783.088,1391.544,time column: time,audio_duration,H2
572.8280193543116,2181.2176005191377,2843.130416761223,3.578398025416159,3.584363404985871,3.2539134899367035,6230.769230769231,5.10977350145e-05,1762.90375,0.027,0.3214285714285714,0-0-3109-1,e,49ae7020-Audio_SP17.v0,group_0,1,fave,178.43706171998878,72.75614787986312,8,se,,0.0599999999999454,que,masificó,s,#,s,m,final,35.81611835336149,36.03041363491237,25.89146790553755,49ae7020-Audio_SP17.csv,49ae7020-Audio_SP17,1762.90375,2783.088,1391.544,time column: time,audio_duration,H2
649.5278330761624,1891.617132190249,2773.189600613632,2.784752102816489,4.09845546950994,4.643206934234728,6589.74358974359,0.0004795310677097,1763.68575,0.031,0.3297872340425531,0-0-3111-0,e,49ae7020-Audio_SP17.v0,group_0,1,fave,212.1150244164978,77.91867688867659,8,el,,0.0699999999999363,masificó,uso,#,l,o,l,initial,16.195802485260305,60.24716211947199,103.876940513141,49ae7020-Audio_SP17.csv,49ae7020-Audio_SP17,1763.68575,2783.088,1391.544,time column: time,audio_duration,H2
600.7636085517595,1681.4368282563826,2620.142789667748,2.3027242890378283,4.358215882705471,3.610452135696516,6230.769230769231,1.32924795643e-05,1764.1227499999998,0.025,0.3378378378378378,0-0-3113-1,e,49ae7020-Audio_SP17.v0,group_0,1,fave,199.26113783013628,79.78531837647657,8,de,,0.0500000000001819,uso,esta,d,#,d,s,final,10.001392057320016,78.11763899124799,36.98277026585277,49ae7020-Audio_SP17.csv,49ae7020-Audio_SP17,1764.1227499999998,2783.088,1391.544,time column: time,audio_duration,H2
627.7388864494618,1928.5029982765727,2545.440639697208,2.9892305666649874,3.78237999122904,4.143405017960922,6410.25641025641,0.0024399413065822,1770.66775,0.035,0.3365384615384615,0-0-3129-1,e,49ae7020-Audio_SP17.v0,group_0,1,fave,205.1541687378165,76.17784699798044,8,de,,0.0799999999999272,hablamos,[silence],d,#,d,.,final,19.8703876694938,43.92044772398148,63.01703067039116,49ae7020-Audio_SP17.csv,49ae7020-Audio_SP17,1770.66775,2783.088,1391.544,time column: time,audio_duration,H2
622.1302357698148,1873.6579588256209,2871.005208095368,2.9862627894533524,2.9442009806487666,3.388884649953821,6230.769230769231,4.815412398023523e-06,1771.3437499999998,0.027,0.3214285714285714,0-0-3132-1,e,49ae7020-Audio_SP17.v0,group_0,1,fave,200.46400095123025,76.97162806433336,8,de,,0.0600000000001728,tipos,personas,d,#,d,p,final,19.811504205502203,18.995478566232805,29.632882794583043,49ae7020-Audio_SP17.csv,49ae7020-Audio_SP17,1771.3437499999998,2783.088,1391.544,time column: time,audio_duration,H2
577.039235199892,1929.4336553088688,2739.7240014324093,2.5274729378408245,2.499718843159584,3.3633678654784127,6410.25641025641,8.39556032737e-05,1773.14875,0.037,0.3245614035087719,0-0-3136-12,e,49ae7020-Audio_SP17.v0,group_0,1,fave,180.5852858854524,77.60297869743202,8,personalidades,,0.0899999999999181,de,",",d,s,d,s,internal,12.52182269621798,12.179069250655983,28.88631245575844,49ae7020-Audio_SP17.csv,49ae7020-Audio_SP17,1773.14875,2783.088,1391.544,time column: time,audio_duration,H2
478.2237077673581,2095.161440042184,2825.082699548293,2.758213754751001,2.911668196723136,3.454311664786,6230.769230769231,0.0002299999167732,1773.55875,0.057,0.3275862068965517,0-0-3139-1,e,49ae7020-Audio_SP17.v0,group_0,1,fave,120.7685064375624,75.78106976365599,8,de,,0.1500000000000909,hay,todo,d,#,d,t,final,15.771645744916723,18.38744687483048,31.636504665572865,49ae7020-Audio_SP17.csv,49ae7020-Audio_SP17,1773.55875,2783.088,1391.544,time column: time,audio_duration,H2
527.6551947812623,2020.4005089030184,2655.991006477546,2.742879825141644,2.9267896451434847,3.402247591802637,6230.769230769231,0.0005989872392106,1775.8627499999998,0.105,0.3343949044585987,0-0-3145-7,e,49ae7020-Audio_SP17.v0,group_0,1,fave,444.26057617432303,72.42712043179178,8,paciente,,0.2899999999999636,bien,.,t,#,t,®,final,15.531649186906048,18.667604560988128,30.03152285412766,49ae7020-Audio_SP17.csv,49ae7020-Audio_SP17,1775.8627499999998,2783.088,1391.544,time column: time,audio_duration,H2
583.2620209446975,1817.9805165601065,2730.322615819456,2.543244351914226,2.710823722397445,3.762889166696964,6230.769230769231,0.0001463142495805,1779.61775,0.035,0.3365384615384615,0-0-3153-7,e,49ae7020-Audio_SP17.v0,group_0,1,fave,138.9027776816695,80.67000037775796,8,pacientes,,0.0800000000001546,bien,la,t,s,t,s,internal,12.720875089808736,15.04166056595607,43.07269056490053,49ae7020-Audio_SP17.csv,49ae7020-Audio_SP17,1779.61775,2783.088,1391.544,time column: time,audio_duration,H2
454.0590745364368,1960.9863723622573,2464.731313050941,3.0244259602937955,3.797489841109772,3.861148220464036,6051.282051282051,0.0007656722278057,1780.4707500000002,0.041,0.3306451612903226,0-0-3156-4,e,49ae7020-Audio_SP17.v0,group_0,1,fave,,68.97467885010937,8,porque,,0.099999999999909,verdad,[silence],k,#,k,.,final,20.582186327217407,44.5891181286752,47.51988335800955,49ae7020-Audio_SP17.csv,49ae7020-Audio_SP17,1780.4707500000002,2783.088,1391.544,time column: time,audio_duration,H2
597.6298156014971,1725.212282595612,2775.317182179583,2.629702500088071,3.8275411503066894,4.211477777607217,6230.769230769231,0.0004123633471514,1787.71275,0.045,0.3358208955223881,0-0-3175-2,e,49ae7020-Audio_SP17.v0,group_0,1,fave,167.3780143710255,82.53717047644703,8,adecuado,,0.1099999999998999,perfil,",",d,k,d,k,internal,13.86964307070233,45.94941650785919,67.4561513800935,49ae7020-Audio_SP17.csv,49ae7020-Audio_SP17,1787.71275,2783.088,1391.544,time column: time,audio_duration,H2
549.378497424251,2123.57170251814,2622.5285455405983,2.399997442950861,3.3765367517595046,4.283346290273868,5871.794871794871,0.0027863544849921,1788.96475,0.129,0.3359374999999999,0-0-3178-1,e,49ae7020-Audio_SP17.v0,group_0,1,fave,409.9449833462436,76.21564793964266,8,sé,,0.3599999999998999,no,Quien,s,#,s,,final,11.023148193873965,29.269228776561143,72.4825824025205,49ae7020-Audio_SP17.csv,49ae7020-Audio_SP17,1788.96475,2783.088,1391.544,time column: time,audio_duration,H2
606.3097915651147,2183.4609284077223,2555.8615236948685,2.680825847726195,3.241211570027476,3.735659935247604,6230.769230769231,0.0012575710960256,1831.40775,0.195,0.333904109589041,0-0-3210-1,e,49ae7020-Audio_SP17.v0,group_0,1,fave,199.95038364335647,77.78829802608787,8,sé,,0.5599999999999454,no,Tener,s,#,s,,final,14.59714333708023,25.564676387381024,41.9156780710531,49ae7020-Audio_SP17.csv,49ae7020-Audio_SP17,1831.40775,2783.088,1391.544,time column: time,audio_duration,H2
564.8886791063771,1938.8416768867048,2690.171065440363,2.798057786999062,3.064842806188602,3.170645597702846,6230.769230769231,0.0001003955907207,1833.39875,0.037,0.3245614035087719,0-0-3212-1,e,49ae7020-Audio_SP17.v0,group_0,1,fave,181.02590387332805,73.64350183102856,8,Tener,,0.0899999999999181,sé,[silence],t,n,t,n,internal,16.41273876044921,21.431092887214373,23.822859376144404,49ae7020-Audio_SP17.csv,49ae7020-Audio_SP17,1833.39875,2783.088,1391.544,time column: time,audio_duration,H2
572.4270874933029,1857.889487086672,2636.60816817972,3.226640581699588,3.337319125026888,3.409949407142791,6230.769230769231,2.43300805337e-05,1834.46575,0.031,0.3297872340425531,0-0-3215-6,e,49ae7020-Audio_SP17.v0,group_0,1,fave,202.4896051416637,77.71956101825003,8,repente,,0.0699999999999363,de,los,t,#,t,l,final,25.194874518303703,28.14357607101258,30.263713092952244,49ae7020-Audio_SP17.csv,49ae7020-Audio_SP17,1834.46575,2783.088,1391.544,time column: time,audio_duration,H2
560.1425994026717,1886.3108811440447,2626.746170071324,2.6027673231340294,3.101213748469821,3.459956269125706,6230.769230769231,7.22308092861e-05,1836.76775,0.035,0.3365384615384615,0-0-3222-1,e,49ae7020-Audio_SP17.v0,group_0,1,fave,206.1750202446824,79.80858517798198,8,perfiles,,0.0799999999999272,mis,de,p,R,p,R,internal,13.501048149497642,22.22491036830821,31.815585160890095,49ae7020-Audio_SP17.csv,49ae7020-Audio_SP17,1836.76775,2783.088,1391.544,time column: time,audio_duration,H2
621.8746252383892,1974.573122949763,2726.9061280613914,3.538623082920373,2.884555263112456,4.103933671870165,6230.769230769231,0.0005453894803402,1837.21875,0.037,0.3245614035087719,0-0-3222-6,e,49ae7020-Audio_SP17.v0,group_0,1,fave,217.5580387465854,77.18217639557588,8,perfiles,,0.0899999999999181,mis,de,l,s,l,s,internal,34.41949375907771,17.89560698891062,60.57811394806173,49ae7020-Audio_SP17.csv,49ae7020-Audio_SP17,1837.21875,2783.088,1391.544,time column: time,audio_duration,H2
533.9134716460616,1945.63349553841,2702.9835181257254,3.038617826962633,3.0427413360635818,3.4070835747013404,6230.769230769231,0.0007458615761462,1837.44775,0.055,0.3353658536585366,0-0-3223-1,e,49ae7020-Audio_SP17.v0,group_0,1,fave,190.5448866071241,77.14801685361513,8,de,,0.1399999999998726,perfiles,de,d,#,d,d,final,20.87636853106915,20.96263015476912,30.177106521407836,49ae7020-Audio_SP17.csv,49ae7020-Audio_SP17,1837.44775,2783.088,1391.544,time column: time,audio_duration,H2
638.6576502154957,1743.5411805948347,2753.9550825065544,3.360718762895438,3.4506168202624785,3.119308586772206,6948.717948717948,0.0103289526026022,1837.66075,0.041,0.3306451612903226,0-0-3224-1,e,49ae7020-Audio_SP17.v0,group_0,1,fave,196.5277549825685,70.33675771996462,8,de,,0.099999999999909,de,ciertas,d,#,d,z,final,28.80989091975571,31.519828382665864,22.63072704855751,49ae7020-Audio_SP17.csv,49ae7020-Audio_SP17,1837.66075,2783.088,1391.544,time column: time,audio_duration,H2
465.4073111834783,2080.658451180725,2761.554520359216,2.983854677859203,3.600712782575243,3.3328822547206003,6769.2307692307695,0.0042298310958342,1839.19275,0.045,0.335820895522388,0-0-3228-0,e,49ae7020-Audio_SP17.v0,group_0,1,fave,98.16918159457344,69.96085512516953,8,en,,0.1099999999998999,[silence],un,#,n,®,n,initial,19.763853289915847,36.6243303267146,28.018983279451504,49ae7020-Audio_SP17.csv,49ae7020-Audio_SP17,1839.19275,2783.088,1391.544,time column: time,audio_duration,H2
526.6988064625134,2243.4505140777105,2480.1785111377594,2.4013827712974614,3.748244253121284,3.773515231276328,6410.25641025641,0.0018715803941066,1841.55375,0.067,0.3284313725490196,0-0-3234-4,e,49ae7020-Audio_SP17.v0,group_0,1,fave,167.02253047285703,75.84193551607169,8,Porque,,0.1800000000000636,?,cuando,k,#,k,k,final,11.038429455874526,42.446491243467,43.53282413135644,49ae7020-Audio_SP17.csv,49ae7020-Audio_SP17,1841.55375,2783.088,1391.544,time column: time,audio_duration,H2
594.9405623075478,2106.8002314101823,2396.1717248848577,3.3206951406771874,4.086228953723677,3.8154418051007566,6410.25641025641,0.0003233512677071,1842.04575,0.031,0.3297872340425531,0-0-3236-2,e,49ae7020-Audio_SP17.v0,group_0,1,fave,196.98560190452812,75.20410478760034,8,ejecutas,,0.0699999999999363,cuando,un,x,k,x,k,internal,27.679585077909117,59.51503404876942,45.396808494609466,49ae7020-Audio_SP17.csv,49ae7020-Audio_SP17,1842.04575,2783.088,1391.544,time column: time,audio_duration,H2
645.1388597012914,1934.9888105849643,2701.84376382117,3.704759769557511,3.084086737688596,2.914969024290091,6230.769230769231,0.0009724290102908,1845.14775,0.035,0.3365384615384615,0-0-3247-0,e,49ae7020-Audio_SP17.v0,group_0,1,fave,214.9309696778211,75.61521919869637,8,el,,0.0799999999999272,tengas,perfil,#,l,s,l,initial,40.640283110901365,21.84750522524609,18.448240946536448,49ae7020-Audio_SP17.csv,49ae7020-Audio_SP17,1845.14775,2783.088,1391.544,time column: time,audio_duration,H2
583.0318601051093,2223.333178756215,2662.554916109644,2.7211439835271576,3.2923254918214027,4.046674223348254,6230.769230769231,0.0005804118947879,1846.77775,0.055,0.3353658536585366,0-0-3251-2,e,49ae7020-Audio_SP17.v0,group_0,1,fave,193.34200051002065,78.17332431377751,8,eres,,0.1400000000001,que,el,R,s,R,s,internal,15.197698220559005,26.905359154014075,57.20688300194527,49ae7020-Audio_SP17.csv,49ae7020-Audio_SP17,1846.77775,2783.088,1391.544,time column: time,audio_duration,H2
491.0762881435886,2142.988362667792,2860.4149121770274,3.673542350633044,2.93690407025148,3.314546274304379,6230.769230769231,0.0005494864357592,1846.93775,0.035,0.3365384615384615,0-0-3252-0,e,49ae7020-Audio_SP17.v0,group_0,1,fave,206.326882515826,76.16044585460139,8,el,,0.0799999999999272,eres,perfil,#,l,s,l,initial,39.39119643625251,18.85737473958223,27.50990919976067,49ae7020-Audio_SP17.csv,49ae7020-Audio_SP17,1846.93775,2783.088,1391.544,time column: time,audio_duration,H2
551.0018264962584,1960.2084357220765,2724.445180867392,2.0287726059228537,2.791547203522773,3.594763952137251,6230.769230769231,2.92913163802e-05,1847.47775,0.035,0.3365384615384615,0-0-3254-1,e,49ae7020-Audio_SP17.v0,group_0,1,fave,177.1615090231018,80.0519132788158,8,del,,0.0799999999999272,perfil,cual,d,l,d,l,internal,7.604746607230719,16.306229350102104,36.40710515416239,49ae7020-Audio_SP17.csv,49ae7020-Audio_SP17,1847.47775,2783.088,1391.544,time column: time,audio_duration,H2
528.8814764816316,1911.211140538214,2558.064215246188,3.033924930882716,3.0478064054091067,4.249902693927952,6230.769230769231,0.00032653106976,1848.56575,0.031,0.3297872340425531,0-0-3256-4,e,49ae7020-Audio_SP17.v0,group_0,1,fave,160.47565899896472,78.1601224529806,8,desde,,0.0699999999999363,cual,donde,d,#,d,d,final,20.778627426830784,21.069076682115856,70.09859099626789,49ae7020-Audio_SP17.csv,49ae7020-Audio_SP17,1848.56575,2783.088,1391.544,time column: time,audio_duration,H2
541.1610790608153,2092.065862801839,2731.9852993278027,2.437672045016708,3.023802769327878,3.314283829029903,6230.769230769231,2.93732127074e-05,1848.86875,0.057,0.3275862068965517,0-0-3257-4,e,49ae7020-Audio_SP17.v0,group_0,1,fave,176.42512629150843,77.64672034927891,8,donde,,0.1500000000000909,desde,lo,d,#,d,l,final,11.446363084665744,20.56936369053012,27.50269030141424,49ae7020-Audio_SP17.csv,49ae7020-Audio_SP17,1848.86875,2783.088,1391.544,time column: time,audio_duration,H2
544.9040456954235,1923.0783153160849,2488.875855082702,3.2466187533397104,4.394335609607859,3.696138062406731,6410.25641025641,8.99420718779e-05,1849.09275,0.025,0.3378378378378378,0-0-3259-0,e,49ae7020-Audio_SP17.v0,group_0,1,fave,153.00381171414608,76.40596656401877,8,ejecutaste,,0.0500000000001819,lo,.,#,x,o,x,initial,25.70328367872968,80.9908033718948,40.291400633813126,49ae7020-Audio_SP17.csv,49ae7020-Audio_SP17,1849.09275,2783.088,1391.544,time column: time,audio_duration,H2
560.4192896270378,2337.065753159259,2849.356086961562,3.3865085315923578,3.099949425787308,3.5310221551430483,6230.769230769231,0.0002360757627146,1849.18575,0.031,0.3297872340425531,0-0-3259-2,e,49ae7020-Audio_SP17.v0,group_0,1,fave,296.5163594610409,72.39468302160078,8,ejecutaste,,0.0699999999999363,lo,.,x,k,x,k,internal,29.562555144171277,22.19682866592014,34.1588654362084,49ae7020-Audio_SP17.csv,49ae7020-Audio_SP17,1849.18575,2783.088,1391.544,time column: time,audio_duration,H2
501.0193597612002,1717.2277150275088,2768.3290920768804,2.738450246109206,3.3150901318372363,3.227119990323164,6230.769230769231,0.0001170363673512,1849.67375,0.027,0.3214285714285714,0-0-3259-9,e,49ae7020-Audio_SP17.v0,group_0,1,fave,500.2948446484992,72.30913536782809,8,ejecutaste,,0.0599999999999454,lo,.,t,#,t,.,final,15.463002669160089,27.524874740299275,25.20695605418255,49ae7020-Audio_SP17.csv,49ae7020-Audio_SP17,1849.67375,2783.088,1391.544,time column: time,audio_duration,H2
543.2772665695787,1643.4756783526675,2637.4296493253687,2.8512358202444803,3.557831109663243,3.331112293705709,6410.25641025641,0.0001823642504852,1850.13875,0.037,0.3245614035087719,0-0-3261-6,e,49ae7020-Audio_SP17.v0,group_0,1,fave,143.69921051203033,76.5139763280135,8,Entonces,,0.0900000000001455,.,[silence],z,s,z,s,internal,17.309159638185136,35.087014672187856,27.969434633890824,49ae7020-Audio_SP17.csv,49ae7020-Audio_SP17,1850.13875,2783.088,1391.544,time column: time,audio_duration,H2
603.0483474227101,1631.3693826991323,2452.270746757944,3.396695949005574,4.140912993000266,2.978366119980288,6230.769230769231,0.0025798696585205,1852.56875,0.037,0.3245614035087719,0-0-3268-1,e,49ae7020-Audio_SP17.v0,group_0,1,fave,159.52306236132972,75.12033075032961,8,repente,,0.0900000000001455,de,¿,r,p,r,p,internal,29.86526050819444,62.86018616839058,19.655675379150875,49ae7020-Audio_SP17.csv,49ae7020-Audio_SP17,1852.56875,2783.088,1391.544,time column: time,audio_duration,H2
527.6240682720905,1795.1665087219271,2369.581769389259,2.0230941942247243,3.681979418821545,3.2790349452632714,6230.769230769231,9.03949625548161e-06,1855.94375,0.027,0.3214285714285714,0-0-3280-5,e,49ae7020-Audio_SP17.v0,group_0,1,fave,170.39034768714433,79.78965583056385,8,simplemente,,0.0599999999999454,y,lo,l,m,l,m,internal,7.56168609848801,39.724948611724194,26.550137995983462,49ae7020-Audio_SP17.csv,49ae7020-Audio_SP17,1855.94375,2783.088,1391.544,time column: time,audio_duration,H2
542.2224948577547,1894.5845362457867,2807.6388220245603,2.875292344423112,3.2452262266665524,3.9631953415816223,6230.769230769231,0.000114214728943,1864.99575,0.031,0.3297872340425531,0-0-3292-2,e,49ae7020-Audio_SP17.v0,group_0,1,fave,146.80165659480826,76.50340112151994,8,acelerar,,0.0699999999999363,Para,el,z,l,z,l,internal,17.730606807878672,25.66751608006672,52.62521310953042,49ae7020-Audio_SP17.csv,49ae7020-Audio_SP17,1864.99575,2783.088,1391.544,time column: time,audio_duration,H2
577.3239343936119,2078.2124875146524,2768.707832600772,2.718279073216038,3.9789625386362233,4.0731661617377695,6410.25641025641,0.0006816388721138,1865.09875,0.037,0.3245614035087719,0-0-3292-4,e,49ae7020-Audio_SP17.v0,group_0,1,fave,141.0138330215338,75.64526958225802,8,acelerar,,0.0900000000001455,Para,el,l,R,l,R,internal,15.154220487861714,53.461541163108734,58.74265722081946,49ae7020-Audio_SP17.csv,49ae7020-Audio_SP17,1865.09875,2783.088,1391.544,time column: time,audio_duration,H2
526.6717555347047,1888.488552666853,2681.812795341085,3.25733606386533,2.872451233957353,3.418451456721124,6230.769230769231,6.720272890061919e-06,1866.92375,0.027,0.3214285714285714,0-0-3296-5,e,49ae7020-Audio_SP17.v0,group_0,1,fave,202.73114798601867,77.74034267863449,8,Aparte,,0.0599999999999454,.,que,t,#,t,k,final,25.980235188206866,17.68030368751026,30.522113592487187,49ae7020-Audio_SP17.csv,49ae7020-Audio_SP17,1866.92375,2783.088,1391.544,time column: time,audio_duration,H2
555.1873710105796,2090.538352418125,2537.7691364086613,3.133840350374339,3.509041676779761,3.429284419044668,6230.769230769231,6.16029571308e-05,1869.82775,0.035,0.3365384615384615,0-0-3308-2,e,49ae7020-Audio_SP17.v0,group_0,1,fave,160.8255696438993,73.96644783072634,8,ejecución,,0.0800000000001546,de,[silence],x,k,x,k,internal,22.961992530525045,33.416228886512464,30.85455591556218,49ae7020-Audio_SP17.csv,49ae7020-Audio_SP17,1869.82775,2783.088,1391.544,time column: time,audio_duration,H2
555.2661698788036,1966.3723421162288,2574.578439597145,2.3403092502447524,3.8648239362843126,3.6900091109799895,6230.769230769231,0.0010507050170943,1897.11375,0.107,0.3302469135802469,0-0-3347-4,e,49ae7020-Audio_SP17.v0,group_0,1,fave,92.5398723498234,73.87967392248252,8,porque,,0.2999999999999545,[silence],[silence],k,#,k,.,final,10.384447459139365,47.694874356613695,40.0452118067481,49ae7020-Audio_SP17.csv,49ae7020-Audio_SP17,1897.11375,2783.088,1391.544,time column: time,audio_duration,H2
557.7351506954457,2005.8346175138224,2568.102187709377,2.9715548310058306,2.960954433226285,3.452897382771768,6230.769230769231,0.0001541981361465,1905.77375,0.027,0.3214285714285714,0-0-3366-3,e,49ae7020-Audio_SP17.v0,group_0,1,fave,164.76333756480832,77.07374759117438,8,acceder,,0.0599999999999454,para,a,z,d,z,d,internal,19.522249810050496,19.316399173417228,31.59179335068804,49ae7020-Audio_SP17.csv,49ae7020-Audio_SP17,1905.77375,2783.088,1391.544,time column: time,audio_duration,H2
561.4727241565838,2061.3542595724293,2546.685018950788,2.5608349002893167,3.4651267559201115,4.275572723536547,6410.25641025641,0.0008837445466471,1907.70775,0.055,0.3353658536585365,0-0-3374-3,e,49ae7020-Audio_SP17.v0,group_0,1,fave,136.3684322640241,75.8797159959225,8,PC,,0.1399999999998726,una,¿,z,#,z,.,final,12.946621942928015,31.980513235605745,71.92131854828591,49ae7020-Audio_SP17.csv,49ae7020-Audio_SP17,1907.70775,2783.088,1391.544,time column: time,audio_duration,H2
535.4097880472664,1957.3327466409803,2619.6473039674743,2.649627784829752,2.894741641166398,4.075107135323996,6230.769230769231,0.0001313116261941,1913.05075,0.041,0.3306451612903226,0-0-3382-4,e,49ae7020-Audio_SP17.v0,group_0,1,fave,150.87086733937093,78.89617105364866,8,acelerar,,0.1000000000001364,que,un,l,R,l,R,internal,14.148771277829583,18.078830012396384,58.85678589140684,49ae7020-Audio_SP17.csv,49ae7020-Audio_SP17,1913.05075,2783.088,1391.544,time column: time,audio_duration,H2
588.4028107415954,1933.1824466329,2651.0730415815897,3.232398060832072,3.4020289399762964,3.326115178233141,6230.769230769231,0.001783010732597,1945.83275,0.065,0.3350515463917525,0-0-3390-10,e,49ae7020-Audio_SP17.v0,group_0,1,fave,190.3847878832488,77.01142902282761,8,simplemente,,0.1700000000000727,",",[silence],t,#,t,.,final,25.340351872139287,30.024957124638345,27.830016773016407,49ae7020-Audio_SP17.csv,49ae7020-Audio_SP17,1945.83275,2783.088,1391.544,time column: time,audio_duration,H2
569.3343042350306,1077.6704802447532,2754.118609594918,2.286742033542984,4.257558104848767,3.5044538754083567,6230.769230769231,0.0003764709305347,1947.60875,0.037,0.3245614035087719,0-0-3393-0,e,49ae7020-Audio_SP17.v0,group_0,1,fave,191.58266613914185,79.83837903249082,8,Estoy,,0.0900000000001455,[silence],.,#,s,,s,initial,9.842817816574469,70.6372838420088,33.263272999696945,49ae7020-Audio_SP17.csv,49ae7020-Audio_SP17,1947.60875,2783.088,1391.544,time column: time,audio_duration,H2
687.1900710425276,2249.83877251243,2690.47509440039,3.197040074222293,4.218439413625467,3.9068603575900496,5871.794871794871,0.0005187411231202,1954.37775,0.035,0.3365384615384616,0-0-3412-2,e,49ae7020-Audio_SP17.v0,group_0,1,fave,182.8247669498608,72.85725104147544,8,ejecutar,,0.0800000000001546,Y,tal,x,k,x,k,internal,24.460023089352404,67.92739496313524,49.742532786226896,49ae7020-Audio_SP17.csv,49ae7020-Audio_SP17,1954.37775,2783.088,1391.544,time column: time,audio_duration,H2
481.6250172525189,2049.069317888192,2656.843981585061,2.8602760948939827,3.312898313559933,4.0416663130870285,6769.2307692307695,0.0023191831243434,1955.69275,0.145,0.3341013824884792,0-0-3415-3,e,49ae7020-Audio_SP17.v0,group_0,1,fave,138.5227556163517,76.50028303274179,8,pide,,0.4100000000000818,como,[silence],d,#,d,.,final,17.466348640601623,27.464611284161112,56.92111222000353,49ae7020-Audio_SP17.csv,49ae7020-Audio_SP17,1955.69275,2783.088,1391.544,time column: time,audio_duration,H2
521.6016349031011,1414.9775830595709,2534.9645203373834,2.700333424260878,3.536808477536064,3.882983016977835,6230.769230769231,0.000620667856115,1957.02275,0.045,0.3358208955223881,0-0-3420-2,e,49ae7020-Audio_SP17.v0,group_0,1,fave,93.31008312584429,68.4680870590547,8,pues,,0.1099999999998999,",",[silence],u,s,u,s,internal,14.884693815620013,34.357092594244975,48.56888099021291,49ae7020-Audio_SP17.csv,49ae7020-Audio_SP17,1957.02275,2783.088,1391.544,time column: time,audio_duration,H2
686.385678082284,1889.0341650557773,2582.391190090615,2.248958832755177,3.23143376760671,3.59296130569536,6230.769230769231,5.56003002282e-05,1990.72875,0.037,0.3245614035087719,0-0-3425-6,e,49ae7020-Audio_SP17.v0,group_0,1,fave,233.2566951416936,82.43366683939442,8,posible,,0.0899999999999181,es,de,l,#,l,d,final,9.4778626572854,25.31592812022252,36.34153513313522,49ae7020-Audio_SP17.csv,49ae7020-Audio_SP17,1990.72875,2783.088,1391.544,time column: time,audio_duration,H2
645.0949089076889,2090.8622159387824,2656.948037371016,3.2098402717595804,3.3588393220463657,4.055241294318615,6230.769230769231,0.0009043418508999,2032.86975,0.119,0.3361581920903954,0-0-3472-6,e,49ae7020-Audio_SP17.v0,group_0,1,fave,227.97651947953875,81.24358410507494,8,siempre,,0.3300000000001546,y,",",R,#,R,.,final,24.775128620824795,28.75579528460053,57.69908377769765,49ae7020-Audio_SP17.csv,49ae7020-Audio_SP17,2032.86975,2783.088,1391.544,time column: time,audio_duration,H2
597.8485349244676,1888.8043196189544,2668.4712955441805,3.402394294871112,4.02296164211287,4.093398068280541,6410.25641025641,0.0029315366167894,2033.91275,0.065,0.3350515463917525,0-0-3477-0,e,49ae7020-Audio_SP17.v0,group_0,1,fave,220.46112825045984,72.5416728783524,8,el,,0.1699999999998453,soy,[silence],#,l,y,l,initial,30.03592889386321,55.866317095110446,59.94323723055268,49ae7020-Audio_SP17.csv,49ae7020-Audio_SP17,2033.91275,2783.088,1391.544,time column: time,audio_duration,H2
535.299552686388,2381.3608011903943,2929.3644453323927,3.071811875162367,3.777662819465816,4.038015389774585,6230.769230769231,0.0023518705164998,2034.97075,0.061,0.3315217391304348,0-0-3479-0,e,49ae7020-Audio_SP17.v0,group_0,1,fave,188.4966792488432,75.90788829879735,8,el,,0.1599999999998544,[silence],que,#,l,.,l,initial,21.580969294640656,43.71375531322309,56.71367650079418,49ae7020-Audio_SP17.csv,49ae7020-Audio_SP17,2034.97075,2783.088,1391.544,time column: time,audio_duration,H2
553.3199825007332,2104.0242902149093,2634.7523580192974,2.3021751110464352,3.57970374162872,3.7172096253367006,6230.769230769231,0.0036537773254978,2047.83075,0.041,0.3306451612903226,0-0-3491-0,e,49ae7020-Audio_SP17.v0,group_0,1,fave,543.321894921995,77.93050058466024,8,explicar,,0.1000000000001364,[silence],.,#,s,®,s,initial,9.99590102083504,35.86291458441672,41.14941148569895,49ae7020-Audio_SP17.csv,49ae7020-Audio_SP17,2047.83075,2783.088,1391.544,time column: time,audio_duration,H2
637.0948973966493,1854.2512642664803,2869.4761290214524,2.814265375939588,3.508604293633,4.0387176565422,6230.769230769231,6.075629741597057e-06,2050.91375,0.027,0.3214285714285714,0-0-3497-1,e,49ae7020-Audio_SP17.v0,group_0,1,fave,214.2101193744683,79.71968296187515,8,de,,0.0599999999999454,dentro,eso,d,#,d,s,final,16.680917075079613,33.40161638703266,56.75351861933045,49ae7020-Audio_SP17.csv,49ae7020-Audio_SP17,2050.91375,2783.088,1391.544,time column: time,audio_duration,H2
663.4365769773676,1870.9384500210488,2679.812490748478,3.629497023467752,3.709240672971412,3.6272191748814464,6230.769230769231,0.0001068844213834,2051.66575,0.031,0.3297872340425531,0-0-3501-1,e,49ae7020-Audio_SP17.v0,group_0,1,fave,213.03255805954748,76.8007083434513,8,se,,0.0699999999997089,uno,co,s,#,s,k,final,37.69385272505448,40.822796902186695,37.60808955075749,49ae7020-Audio_SP17.csv,49ae7020-Audio_SP17,2051.66575,2783.088,1391.544,time column: time,audio_duration,H2
538.0655798082245,1980.3117756693352,2723.50405619211,2.682641538901801,3.6668098590178113,3.686760362838785,6230.769230769231,1.21792347567e-05,2052.59375,0.027,0.3214285714285714,0-0-3504-5,e,49ae7020-Audio_SP17.v0,group_0,1,fave,180.54494260384183,78.747669320609,8,conoce,,0.0599999999999454,[silence],muchas,z,#,z,m,final,14.623671317448371,39.126886267880224,39.91532609654498,49ae7020-Audio_SP17.csv,49ae7020-Audio_SP17,2052.59375,2783.088,1391.544,time column: time,audio_duration,H2
636.727365484628,1599.9367851414545,2754.0220421200474,2.574613194443857,2.9931311648038528,3.54859664008055,6230.769230769231,5.016935604830519e-06,2055.94375,0.027,0.3214285714285714,0-0-3512-1,e,49ae7020-Audio_SP17.v0,group_0,1,fave,312.1504310871494,80.68578088869407,8,de,,0.0599999999999454,uno,los,d,#,d,l,final,13.126238874271229,19.948045424041013,34.76449613815183,49ae7020-Audio_SP17.csv,49ae7020-Audio_SP17,2055.94375,2783.088,1391.544,time column: time,audio_duration,H2
505.9707490816688,1908.0922011672687,2656.82578161859,3.1079636250224727,4.130828655646003,3.955627350671565,6589.74358974359,0.0001288015918215,2056.72575,0.031,0.3297872340425531,0-0-3514-6,e,49ae7020-Audio_SP17.v0,group_0,1,fave,226.42671287317185,77.17612497406786,8,factores,,0.0700000000001637,los,donde,R,s,R,s,internal,22.375433203470845,62.22946837541811,52.22844922152876,49ae7020-Audio_SP17.csv,49ae7020-Audio_SP17,2056.72575,2783.088,1391.544,time column: time,audio_duration,H2
512.1315725747563,2065.734335444115,2815.0989293578987,2.3511216505474586,2.93268780870794,4.102437953991223,6230.769230769231,0.0001223311116735,2057.01575,0.031,0.3297872340425531,0-0-3515-4,e,49ae7020-Audio_SP17.v0,group_0,1,fave,165.99156209928185,77.0237212018003,8,donde,,0.0700000000001637,factores,[silence],d,#,d,.,final,10.497337468163916,18.778034492806285,60.48757390801482,49ae7020-Audio_SP17.csv,49ae7020-Audio_SP17,2057.01575,2783.088,1391.544,time column: time,audio_duration,H2
625.5028285273804,2435.164423744758,2929.1467024377266,2.4229998866886664,3.933396071196913,3.694039671570833,5871.794871794871,7.83952201802e-05,2060.32575,0.031,0.3297872340425531,0-0-3524-1,e,49ae7020-Audio_SP17.v0,group_0,1,fave,295.4304726302471,78.2423171393341,8,me,,0.0700000000001637,no,agradó,m,#,m,a,final,11.27964627172592,51.080155285099934,40.20694217237931,49ae7020-Audio_SP17.csv,49ae7020-Audio_SP17,2060.32575,2783.088,1391.544,time column: time,audio_duration,H2
528.22021880935,1963.202784081032,2793.1511616868006,1.8197020721767123,2.8810539101645465,2.89603770734772,6410.25641025641,2.005836730874624e-06,2063.02575,0.031,0.3297872340425531,0-0-3533-1,e,49ae7020-Audio_SP17.v0,group_0,1,fave,172.70253014398372,77.24250088490865,8,de,,0.0699999999997089,tema,la,d,#,d,l,final,6.170019955412866,17.83305772006055,18.102276563432145,49ae7020-Audio_SP17.csv,49ae7020-Audio_SP17,2063.02575,2783.088,1391.544,time column: time,audio_duration,H2
503.0519949285976,2137.844895824518,2730.19124760023,2.6586505580459976,3.20749933440038,3.995837875252952,6230.769230769231,0.0001978656532542,2063.37875,0.037,0.3245614035087719,0-0-3535-1,e,49ae7020-Audio_SP17.v0,group_0,1,fave,149.7160548814487,74.40603162443574,8,xenofobia,,0.0899999999996907,la,.,s,n,s,n,internal,14.277010097253552,24.7171994274181,54.37137797591353,49ae7020-Audio_SP17.csv,49ae7020-Audio_SP17,2063.37875,2783.088,1391.544,time column: time,audio_duration,H2
487.2636582653881,2103.658002584391,2891.9671015467866,2.6426631219668075,2.623259547161646,3.718069475682289,6230.769230769231,0.000405628422912,2074.1737500000004,0.047,0.3263888888888889,0-0-3551-1,e,49ae7020-Audio_SP17.v0,group_0,1,fave,161.80575754557495,76.98510033259416,8,de,,0.1199999999998908,que,mi,d,#,d,m,final,14.050572214580072,13.780568871861004,41.18480903750335,49ae7020-Audio_SP17.csv,49ae7020-Audio_SP17,2074.1737500000004,2783.088,1391.544,time column: time,audio_duration,H2
538.0812133888253,2169.1002489751654,2741.145451007306,2.9400447901507065,3.1197880354830603,3.9078042441724734,6410.25641025641,0.0012291199725655,2074.94575,0.091,0.3321167883211678,0-0-3553-4,e,49ae7020-Audio_SP17.v0,group_0,1,fave,152.5708322404333,74.35167374084817,8,parte,,0.25,mi,",",t,#,t,.,final,18.91669357483648,22.641579922957057,49.78950626082837,49ae7020-Audio_SP17.csv,49ae7020-Audio_SP17,2074.94575,2783.088,1391.544,time column: time,audio_duration,H2
510.4191881511449,1372.9865704580718,2863.9296920097245,2.302380386342274,3.1194710372125325,4.225413323568517,6051.282051282051,4.56407834458e-05,2079.64375,0.027,0.3214285714285714,0-0-3569-0,e,49ae7020-Audio_SP17.v0,group_0,1,fave,165.81443904547484,81.58076258948104,8,Entonces,,0.0599999999999454,[silence],es,#,n,.,n,initial,9.997953142992056,22.634403718761718,68.40277018359123,49ae7020-Audio_SP17.csv,49ae7020-Audio_SP17,2079.64375,2783.088,1391.544,time column: time,audio_duration,H2
546.0895605432554,1894.1298927921664,2630.4992851564166,2.1099688323264103,3.59443397347424,3.501273329229179,5512.820512820513,0.0158019681626277,2083.2827500000003,0.065,0.3350515463917525,0-0-3578-0,e,49ae7020-Audio_SP17.v0,group_0,1,fave,208.95258603093217,72.4530691285171,8,en,,0.1700000000000727,estando,en,#,n,o,n,initial,8.24798421014084,36.39509356817204,33.157645689162976,49ae7020-Audio_SP17.csv,49ae7020-Audio_SP17,2083.2827500000003,2783.088,1391.544,time column: time,audio_duration,H2
599.2103487368992,2159.240749042513,2664.8816273714488,2.8136366856684885,3.4902787336853134,3.82673054883884,6230.769230769231,0.0004550348929808,2083.5927500000003,0.045,0.3358208955223881,0-0-3579-0,e,49ae7020-Audio_SP17.v0,group_0,1,fave,88.21368318410529,73.78056536498127,8,en,,0.1099999999996725,en,[silence],#,n,n,n,initial,16.67043324068915,32.79508752799146,45.9121849354134,49ae7020-Audio_SP17.csv,49ae7020-Audio_SP17,2083.5927500000003,2783.088,1391.544,time column: time,audio_duration,H2
560.1447327662618,1968.409556499736,2801.9532277106778,2.531416958367846,3.776260234091736,3.2043248224302223,6230.769230769231,0.0004627663228499,2087.45875,0.037,0.3245614035087719,0-0-3589-1,e,49ae7020-Audio_SP17.v0,group_0,1,fave,172.81044761066448,76.26651677681099,8,se,,0.0900000000001455,[silence],metan,s,#,s,m,final,12.57130654047169,43.652486017128254,24.638858794395595,49ae7020-Audio_SP17.csv,49ae7020-Audio_SP17,2087.45875,2783.088,1391.544,time column: time,audio_duration,H2
403.4438465386084,1671.579598401987,2490.3147303878222,3.8019241324547193,3.97908122418723,4.6091684986415045,6230.769230769231,0.002998616978909,2116.0127500000003,0.025,0.3378378378378378,0-0-3623-6,e,49ae7020-Audio_SP17.v0,group_0,1,fave,58.44521778005404,72.29040082300217,8,siempre,,0.0500000000001819,Yo,soy,R,#,R,s,final,44.787278294525336,53.46788665213083,100.40063165692813,49ae7020-Audio_SP17.csv,49ae7020-Audio_SP17,2116.0127500000003,2783.088,1391.544,time column: time,audio_duration,H2
673.7128663200707,1977.5961881063145,2636.9456916533964,3.354360256190678,2.915977135910736,3.597472695203284,6230.769230769231,7.284765697446476e-06,2118.5637500000003,0.027,0.3214285714285714,0-0-3633-5,e,49ae7020-Audio_SP17.v0,group_0,1,fave,218.0606087133249,78.10935013362759,8,sucede,,0.0599999999999454,Pero,que,d,#,d,k,final,28.62728420343536,18.466848210138576,36.50585633320832,49ae7020-Audio_SP17.csv,49ae7020-Audio_SP17,2118.5637500000003,2783.088,1391.544,time column: time,audio_duration,H2
541.4351463281232,1965.4913449763649,2686.4717579279527,2.874823222426064,3.1551924758058467,3.7312828846527233,6230.769230769231,2.66383869568e-05,2118.90775,0.035,0.3365384615384615,0-0-3636-3,e,49ae7020-Audio_SP17.v0,group_0,1,fave,247.5628525678226,79.29525294661202,8,veces,,0.0799999999999272,a,[silence],z,s,z,s,internal,17.722290940934645,23.4575516681042,41.73261196449634,49ae7020-Audio_SP17.csv,49ae7020-Audio_SP17,2118.90775,2783.088,1391.544,time column: time,audio_duration,H2
590.6380418389259,1934.0479699701905,2728.28706315786,2.7582832025426893,3.3228371747146896,3.497785086259848,6230.769230769231,0.0005424230074691,2119.57075,0.041,0.3306451612903226,0-0-3638-1,e,49ae7020-Audio_SP17.v0,group_0,1,fave,190.4899882005212,77.22593176497077,8,se,,0.099999999999909,[silence],van,s,#,s,b,final,15.772741088919172,27.738939237910827,33.042185258800714,49ae7020-Audio_SP17.csv,49ae7020-Audio_SP17,2119.57075,2783.088,1391.544,time column: time,audio_duration,H2
599.3681897888414,2069.5460694690832,2890.0219816436047,3.869375487778652,3.509843042058514,4.080691379731416,6230.769230769231,0.0011892593634459,2124.2737500000003,0.027,0.3214285714285714,0-0-3653-1,e,49ae7020-Audio_SP17.v0,group_0,1,fave,204.3626842535309,73.39086828956702,8,se,,0.0599999999999454,Así,quedan,s,#,s,k,final,47.91245482198247,33.443018224678056,59.18637596814263,49ae7020-Audio_SP17.csv,49ae7020-Audio_SP17,2124.2737500000003,2783.088,1391.544,time column: time,audio_duration,H2
601.4850122187125,1873.777495869424,2784.081989000211,3.148802626012468,2.95947900185651,3.133878917716104,6230.769230769231,9.060594205619368e-06,2125.34375,0.027,0.3214285714285714,0-0-3658-1,e,49ae7020-Audio_SP17.v0,group_0,1,fave,202.9054379399972,79.09297520758227,8,de,,0.0599999999999454,y,esos,d,#,d,s,final,23.30813930607737,19.287920166701937,22.96287813061609,49ae7020-Audio_SP17.csv,49ae7020-Audio_SP17,2125.34375,2783.088,1391.544,time column: time,audio_duration,H2
701.421425643033,1695.520966363258,2519.054743711119,2.5411655797494905,3.228372598588188,3.515285718147155,6230.769230769231,0.0002579995326134,2128.5927500000003,0.045,0.3358208955223881,0-0-3669-3,e,49ae7020-Audio_SP17.v0,group_0,1,fave,116.56707819133426,70.06889279864671,8,saben,,0.1099999999996725,más,y,b,n,b,n,internal,12.694458755044396,25.238550279134756,33.62553397681056,49ae7020-Audio_SP17.csv,49ae7020-Audio_SP17,2128.5927500000003,2783.088,1391.544,time column: time,audio_duration,H2
548.285913596761,2065.149241045141,2690.3971864003115,2.833838467804087,3.0739194810697743,4.266368478078982,6230.769230769231,0.0010772034629166,2134.66775,0.035,0.3365384615384615,0-0-3691-1,e,49ae7020-Audio_SP17.v0,group_0,1,fave,189.46437342053383,77.40474707239154,8,se,,0.0799999999999272,ahí,queda,s,#,s,k,final,17.010630426033508,21.62650143806636,71.26237427319873,49ae7020-Audio_SP17.csv,49ae7020-Audio_SP17,2134.66775,2783.088,1391.544,time column: time,audio_duration,H2
610.8822190764691,1985.887266881252,2559.5501446528574,3.0107933053268385,2.6920158100656124,3.2773651679777047,6230.769230769231,0.0003644207821788,2142.93375,0.087,0.3295454545454546,0-0-3710-6,e,49ae7020-Audio_SP17.v0,group_0,1,fave,135.18728512976585,77.2174608981718,8,repente,,0.2400000000002364,motivos,y,t,#,t,i,final,20.30350041312635,14.76140213217874,26.50584217100228,49ae7020-Audio_SP17.csv,49ae7020-Audio_SP17,2142.93375,2783.088,1391.544,time column: time,audio_duration,H2
633.2511677777858,1842.275520804462,2798.991625541294,3.0641675025937807,4.168827335060795,4.009131809778146,6410.25641025641,0.0062826911498312,2146.58275,0.0849999999999999,0.3346456692913385,0-0-3719-5,e,49ae7020-Audio_SP17.v0,group_0,1,fave,212.10589470263864,77.37295185505236,8,labores,,0.2300000000000182,de,.,R,s,R,s,internal,21.41662527871051,64.63960704480625,55.0990133672557,49ae7020-Audio_SP17.csv,49ae7020-Audio_SP17,2146.58275,2783.088,1391.544,time column: time,audio_duration,H2
532.4143918778259,1858.6076465201213,2619.1145414791267,2.8725879799672,3.2343292692908023,3.66719440925058,6230.769230769231,1.66870092796e-05,2153.74375,0.027,0.3214285714285714,0-0-3736-2,e,49ae7020-Audio_SP17.v0,group_0,1,fave,160.78807503925955,76.71056861201536,8,ese,,0.0599999999999454,es,tema,s,#,s,t,final,17.682721563806112,25.389336658714733,39.14193541449301,49ae7020-Audio_SP17.csv,49ae7020-Audio_SP17,2153.74375,2783.088,1391.544,time column: time,audio_duration,H2
580.5914582505595,1849.7137978319245,2711.3002778614823,2.2062412682539945,2.7155810137697154,3.707447114156208,6410.25641025641,0.0001907103792601,2154.14775,0.035,0.3365384615384615,0-0-3738-1,e,49ae7020-Audio_SP17.v0,group_0,1,fave,557.0758906637315,77.04899036429461,8,delicado,,0.0799999999999272,tema,.,d,l,d,l,internal,9.08151717355624,15.11338860831167,40.74964443617671,49ae7020-Audio_SP17.csv,49ae7020-Audio_SP17,2154.14775,2783.088,1391.544,time column: time,audio_duration,H2
559.1227853070666,2360.769928531392,4152.403752320714,1.961912700097876,3.814293609744849,4.737641873541286,6948.717948717948,0.0012611690734309,2190.60275,0.045,0.3358208955223881,0-0-3741-0,e,49ae7020-Audio_SP17.v0,group_0,1,fave,320.4951944416228,78.30473723280164,8,El,,0.1100000000001273,.,tema,#,l,,l,initial,7.112918943178488,45.34471400297286,114.16466928203508,49ae7020-Audio_SP17.csv,49ae7020-Audio_SP17,2190.60275,2783.088,1391.544,time column: time,audio_duration,H2
539.821183038096,1925.233254178047,2654.0611313489485,2.771899323260447,2.96384277582097,3.7185870404754855,6230.769230769231,2.21306876635e-05,2191.17575,0.031,0.3297872340425531,0-0-3743-1,e,49ae7020-Audio_SP17.v0,group_0,1,fave,209.596320885194,77.60653140031913,8,de,,0.0700000000001637,tema,ofertas,d,#,d,o,final,15.98897341762469,19.37227220330832,41.20613036178313,49ae7020-Audio_SP17.csv,49ae7020-Audio_SP17,2191.17575,2783.088,1391.544,time column: time,audio_duration,H2
523.9669715462325,1762.1840032706796,2482.834502974601,3.1861133742811028,3.059025261831289,3.199936676257267,6230.769230769231,4.26520957477e-05,2197.53375,0.027,0.3214285714285714,0-0-3751-7,e,49ae7020-Audio_SP17.v0,group_0,1,fave,148.68829928673273,73.1742356882563,8,variable,,0.0599999999999454,bien,a,l,#,l,a,final,24.194210627673773,21.30677850653519,24.53097675466397,49ae7020-Audio_SP17.csv,49ae7020-Audio_SP17,2197.53375,2783.088,1391.544,time column: time,audio_duration,H2
485.4312172587359,1973.738906246983,2327.0463384893656,3.311873290451344,3.638826708261852,4.85126949050169,6051.282051282051,2.2524159246e-05,2197.88375,0.027,0.3214285714285714,0-0-3753-3,e,49ae7020-Audio_SP17.v0,group_0,1,fave,210.30001076425924,77.17573839726062,8,veces,,0.0599999999999454,a,baja,z,s,z,s,internal,27.436473846152133,38.0471700966955,127.90265803479008,49ae7020-Audio_SP17.csv,49ae7020-Audio_SP17,2197.88375,2783.088,1391.544,time column: time,audio_duration,H2
704.3504799158173,1712.2900124172963,2527.6110085472114,3.141145483888535,3.615573574720732,3.736446794554075,6230.769230769231,6.78919347704e-05,2199.25275,0.025,0.3378378378378378,0-0-3757-1,e,49ae7020-Audio_SP17.v0,group_0,1,fave,187.66607807740337,77.67018964313954,8,se,,0.0500000000001819,veces,recupera,s,#,s,r,final,23.13034712943797,37.17266111085197,41.94867279182952,49ae7020-Audio_SP17.csv,49ae7020-Audio_SP17,2199.25275,2783.088,1391.544,time column: time,audio_duration,H2
530.3515508700906,2336.370994368135,2842.8051157402083,2.19727648720682,3.3275803333832243,4.078632535696825,6589.74358974359,0.0028998040686734,2201.75275,0.045,0.3358208955223881,0-0-3762-0,e,49ae7020-Audio_SP17.v0,group_0,1,fave,176.49822888517542,76.57336245318214,8,El,,0.1100000000001273,[silence],tema,#,l,.,l,initial,9.00046720096147,27.87082195107706,59.06464580576045,49ae7020-Audio_SP17.csv,49ae7020-Audio_SP17,2201.75275,2783.088,1391.544,time column: time,audio_duration,H2
631.6483220277895,1861.6274807892007,2681.8412166796656,2.101157396907526,3.4785296045707974,3.74065844664154,6589.74358974359,9.92719957988e-05,2202.33575,0.031,0.3297872340425531,0-0-3764-1,e,49ae7020-Audio_SP17.v0,group_0,1,fave,190.74804105797548,79.11989378408231,8,de,,0.0699999999997089,tema,los,d,#,d,l,final,8.175626884049874,32.41202852167534,42.12571857307341,49ae7020-Audio_SP17.csv,49ae7020-Audio_SP17,2202.33575,2783.088,1391.544,time column: time,audio_duration,H2
519.1914761790661,2965.682417953938,4172.814926520452,1.3251531622065118,4.830670309139381,4.894952928770929,7307.692307692308,0.0014572132996359,2209.16075,0.041,0.3306451612903226,0-0-3780-1,e,49ae7020-Audio_SP17.v0,group_0,1,fave,167.51788633823423,72.05441812303997,8,te,,0.099999999999909,eso,lleva,t,#,t,L,final,3.762761623740358,125.29491884186923,133.61371710463553,49ae7020-Audio_SP17.csv,49ae7020-Audio_SP17,2209.16075,2783.088,1391.544,time column: time,audio_duration,H2
631.4662753547115,1765.0638289696722,2509.9893585318223,2.1424937831589923,3.7550658268633694,3.101184450426357,6230.769230769231,2.5584651544e-05,2214.21575,0.031,0.3297872340425531,0-0-3795-1,e,49ae7020-Audio_SP17.v0,group_0,1,fave,156.87526880664734,77.72715020933735,8,me,,0.0700000000001637,que,gustaría,m,#,m,g,final,8.520659834096595,42.737032962790586,22.224259231456827,49ae7020-Audio_SP17.csv,49ae7020-Audio_SP17,2214.21575,2783.088,1391.544,time column: time,audio_duration,H2
538.1569088099078,1930.530488114893,2597.680114523844,2.606455109266388,2.8508902407788344,2.86214304707776,6230.769230769231,1.29462646577e-05,2215.70775,0.035,0.3365384615384615,0-0-3803-0,e,49ae7020-Audio_SP17.v0,group_0,1,fave,172.69735125529294,78.82158374544771,8,encontrar,,0.0799999999999272,gustaría,alguna,#,n,a,n,initial,13.550929046144429,17.303178981502185,17.49898793686114,49ae7020-Audio_SP17.csv,49ae7020-Audio_SP17,2215.70775,2783.088,1391.544,time column: time,audio_duration,H2
495.3872253729073,1795.349656148641,2675.745019950357,2.5352283420007136,3.100538685290315,3.6810807827332233,6230.769230769231,5.2214400198e-05,2217.18775,0.035,0.3365384615384615,0-0-3807-6,e,49ae7020-Audio_SP17.v0,group_0,1,fave,157.55033948127453,78.95150224838444,8,repente,,0.0799999999999272,de,de,t,#,t,d,final,12.619312038034431,22.209912212571663,39.689266374369325,49ae7020-Audio_SP17.csv,49ae7020-Audio_SP17,2217.18775,2783.088,1391.544,time column: time,audio_duration,H2
489.08420742076254,2103.8254152694794,2703.7607648256785,2.6600344498705804,3.991124070506673,3.4325108195421667,6230.769230769231,0.0012845684824216,2217.3227500000003,0.0849999999999999,0.3346456692913385,0-0-3808-1,e,49ae7020-Audio_SP17.v0,group_0,1,fave,235.808712531741,73.05169244621928,8,de,,0.2300000000000182,repente,[silence],d,#,d,.,final,14.2967816124703,54.11568503310959,30.95426583569069,49ae7020-Audio_SP17.csv,49ae7020-Audio_SP17,2217.3227500000003,2783.088,1391.544,time column: time,audio_duration,H2
512.2646318683034,2068.7911108076555,2787.6944347453,2.8548947691865263,3.860122585882016,3.6192006718282737,6230.769230769231,0.0004027048219128,2218.75075,0.041,0.3306451612903226,0-0-3812-1,e,49ae7020-Audio_SP17.v0,group_0,1,fave,311.6501605011895,75.02347312071758,8,De,,0.099999999999909,[silence],[silence],d,#,d,.,final,17.37260897769,47.471170307468846,37.30773477701484,49ae7020-Audio_SP17.csv,49ae7020-Audio_SP17,2218.75075,2783.088,1391.544,time column: time,audio_duration,H2
550.6619748857645,2304.436266001744,2865.344594981664,2.453884701896944,2.942307207498264,3.5410240848386385,6410.25641025641,0.0015334325943283,2222.90275,0.145,0.3341013824884792,0-0-3820-1,e,49ae7020-Audio_SP17.v0,group_0,1,fave,172.73687950604634,81.07978335174147,8,sé,,0.4099999999998545,no,alguna,s,#,s,a,final,11.633451544383211,18.959539479922405,34.502234319993086,49ae7020-Audio_SP17.csv,49ae7020-Audio_SP17,2222.90275,2783.088,1391.544,time column: time,audio_duration,H2
490.3316174920977,1972.89908394142,2501.153562168244,3.033813013497733,3.4466358476812204,2.467390415152805,6230.769230769231,7.33341410825e-05,2224.38575,0.031,0.3297872340425531,0-0-3824-0,e,49ae7020-Audio_SP17.v0,group_0,1,fave,157.5115229932308,71.11001182295804,8,en,,0.0700000000001637,laboral,otro,#,n,l,n,initial,20.77630206731214,31.39459824437068,11.791635393527978,49ae7020-Audio_SP17.csv,49ae7020-Audio_SP17,2224.38575,2783.088,1391.544,time column: time,audio_duration,H2
625.5810742480428,1806.8474835785173,2463.4259249410047,3.157275812943213,3.1145900383343177,2.6212428521576463,6589.74358974359,3.60700918283e-05,2226.2737500000003,0.027,0.3214285714285714,0-0-3829-1,e,49ae7020-Audio_SP17.v0,group_0,1,fave,156.80972147897475,79.61724920950469,8,me,,0.0599999999999454,[silence],permita,m,#,m,p,final,23.50647259834717,22.52419440417533,13.752805671827794,49ae7020-Audio_SP17.csv,49ae7020-Audio_SP17,2226.2737500000003,2783.088,1391.544,time column: time,audio_duration,H2
611.4621085765457,1971.4964072011144,2841.3982680707995,2.7225301307506684,2.620143032846716,3.287200532886001,6230.769230769231,4.06142120433e-05,2226.85775,0.035,0.3365384615384615,0-0-3831-3,e,49ae7020-Audio_SP17.v0,group_0,1,fave,149.68948540090744,79.32099398014326,8,generar,,0.0799999999999272,permita,algo,n,R,n,R,internal,15.218779074959684,13.737688385236137,26.767823027741564,49ae7020-Audio_SP17.csv,49ae7020-Audio_SP17,2226.85775,2783.088,1391.544,time column: time,audio_duration,H2
624.9562281447114,1669.053208906757,2573.992998658953,2.952876154700192,3.122120027250227,3.9290428005310094,6230.769230769231,1.2833918296216408e-06,2234.63275,0.025,0.3378378378378378,0-0-3843-0,e,49ae7020-Audio_SP17.v0,group_0,1,fave,203.93637703598085,81.70728808358575,8,el,,0.0500000000001819,Por,momento,#,l,R,l,initial,19.16098450743011,22.694441513373945,50.85827285104033,49ae7020-Audio_SP17.csv,49ae7020-Audio_SP17,2234.63275,2783.088,1391.544,time column: time,audio_duration,H2
571.046235347459,1827.2016725331728,2654.0023367820463,2.669622562988605,3.0315451410628467,3.48039012652131,6230.769230769231,1.77181173912e-05,2248.19575,0.031,0.3297872340425531,0-0-3860-1,e,49ae7020-Audio_SP17.v0,group_0,1,fave,168.7632247561181,78.2851999539604,8,me,,0.0700000000001637,Pero,siento,m,#,m,s,final,14.434520042406325,20.72923745299761,32.472387944805,49ae7020-Audio_SP17.csv,49ae7020-Audio_SP17,2248.19575,2783.088,1391.544,time column: time,audio_duration,H2
557.4294231617458,1811.492764984964,2758.580005612278,2.620909090212113,2.6249594842406183,4.068182745543064,6230.769230769231,2.25545105466e-05,2249.01575,0.031,0.3297872340425531,0-0-3863-1,e,49ae7020-Audio_SP17.v0,group_0,1,fave,171.7495290865481,79.87788330064515,8,me,,0.0700000000001637,[silence],siento,m,#,m,s,final,13.748216274575906,13.80401489459114,58.45064632175384,49ae7020-Audio_SP17.csv,49ae7020-Audio_SP17,2249.01575,2783.088,1391.544,time column: time,audio_duration,H2
548.1122757395599,2003.729479927035,2664.743282856922,3.073017623913822,3.0569362969434275,3.360114003741318,6230.769230769231,0.0001797981725433,2249.62375,0.047,0.3263888888888889,0-0-3865-1,e,49ae7020-Audio_SP17.v0,group_0,1,fave,199.15781446357343,77.55217305310346,8,seguro,,0.1199999999998908,siento,de,s,g,s,g,internal,21.60700621526069,21.262315850993463,28.792473141803985,49ae7020-Audio_SP17.csv,49ae7020-Audio_SP17,2249.62375,2783.088,1391.544,time column: time,audio_duration,H2
554.7956627331307,1858.3227317860287,2702.3601702686105,3.1814035862950263,2.895793813833668,2.792187481356684,6230.769230769231,0.0001289620962248,2250.37075,0.041,0.3306451612903226,0-0-3866-1,e,49ae7020-Audio_SP17.v0,group_0,1,fave,90.44920642871062,75.63883208058064,8,de,,0.099999999999909,seguro,que,d,#,d,k,final,24.080528943583424,18.09786207394331,16.31667321043899,49ae7020-Audio_SP17.csv,49ae7020-Audio_SP17,2250.37075,2783.088,1391.544,time column: time,audio_duration,H2
549.783306252791,1727.2200510570394,2510.949844468972,2.905994111533208,3.422430184856721,3.461863854212394,6230.769230769231,3.777201332251391e-06,2252.22375,0.027,0.3214285714285714,0-0-3872-1,e,49ae7020-Audio_SP17.v0,group_0,1,fave,156.50897706003178,77.3422720295894,8,perder,,0.0599999999999454,a,a,p,R,p,R,internal,18.2834103699564,30.643794692082334,31.876334020054657,49ae7020-Audio_SP17.csv,49ae7020-Audio_SP17,2252.22375,2783.088,1391.544,time column: time,audio_duration,H2
484.649537333005,1972.8476756943512,2440.2023623745868,2.476002920132877,3.975715862989631,4.330846451878044,6410.25641025641,0.0020385367307918,2265.31575,0.071,0.3317757009345795,0-0-3884-4,e,49ae7020-Audio_SP17.v0,group_0,1,fave,185.1243013924136,79.5557819537111,8,porque,,0.1899999999995998,",",si,k,#,k,s,final,11.893629493974634,53.288250341151006,76.00859696716931,49ae7020-Audio_SP17.csv,49ae7020-Audio_SP17,2265.31575,2783.088,1391.544,time column: time,audio_duration,H2
540.6615987686959,1902.5451878646224,2476.235454994788,2.6079396723810646,3.1490941405857487,3.900146970208772,6051.282051282051,0.0002192186290088,2265.76875,0.037,0.324561403508772,0-0-3886-1,e,49ae7020-Audio_SP17.v0,group_0,1,fave,182.145468187802,80.7393201986314,8,se,,0.0900000000001455,si,trata,s,#,s,t,final,13.571061195601702,23.314934958828925,49.40971032736763,49ae7020-Audio_SP17.csv,49ae7020-Audio_SP17,2265.76875,2783.088,1391.544,time column: time,audio_duration,H2
516.9945572945087,2291.152181588302,2962.870793309605,2.720770241040959,3.130147870902979,3.699628187258985,6230.769230769231,0.0002903307625826,2268.42875,0.057,0.3275862068965517,0-0-3892-5,e,49ae7020-Audio_SP17.v0,group_0,1,fave,170.02835022761283,75.64423436331758,8,También,,0.1500000000000909,.,",",i,n,i,n,internal,15.192019256342766,22.87736218854178,40.432268332433146,49ae7020-Audio_SP17.csv,49ae7020-Audio_SP17,2268.42875,2783.088,1391.544,time column: time,audio_duration,H2
545.288759284953,1742.790304373098,2689.116993909196,2.296487446874018,2.8864892984253383,3.727139995053881,6230.769230769231,0.000284673157473,2272.9237500000004,0.047,0.3263888888888889,0-0-3904-1,e,49ae7020-Audio_SP17.v0,group_0,1,fave,82.45318925142661,80.39476461074419,8,de,,0.1199999999998908,",",repente,d,#,d,r,final,9.939209067952172,17.930251215552623,41.56007600594732,49ae7020-Audio_SP17.csv,49ae7020-Audio_SP17,2272.9237500000004,2783.088,1391.544,time column: time,audio_duration,H2
534.4417526243282,2038.398488618652,2702.832644013245,2.61595035266327,4.10251590480914,4.030043685024313,6051.282051282051,0.0002219956980807,2276.29275,0.045,0.335820895522388,0-0-3911-6,e,49ae7020-Audio_SP17.v0,group_0,1,fave,248.9150960907142,81.05197384520089,8,Siempre,,0.1100000000001273,pero,doy,R,#,R,d,final,13.6802112272448,60.49228914765076,56.26336906008795,49ae7020-Audio_SP17.csv,49ae7020-Audio_SP17,2276.29275,2783.088,1391.544,time column: time,audio_duration,H2
488.879752347647,1918.031464676822,2448.448281509815,2.5289177817160056,3.379093594960164,4.250327135075707,6410.25641025641,9.485902999468446e-06,2280.69275,0.025,0.3378378378378378,0-0-3926-3,e,49ae7020-Audio_SP17.v0,group_0,1,fave,89.72679948867206,76.82743782980899,8,específico,,0.0500000000001819,en,donde,p,z,p,z,internal,12.539927851458389,29.34416135975765,70.12835003772042,49ae7020-Audio_SP17.csv,49ae7020-Audio_SP17,2280.69275,2783.088,1391.544,time column: time,audio_duration,H2
497.93563764992655,1918.6768805493327,2650.3597659848806,2.625608195842267,2.5027089899676342,2.987864046613901,6410.25641025641,2.10447325763e-05,2281.46575,0.031,0.3297872340425531,0-0-3927-4,e,49ae7020-Audio_SP17.v0,group_0,1,fave,159.6856474047534,76.59369084802915,8,donde,,0.0700000000001637,específico,que,d,#,d,k,final,13.812972624380077,12.215540956403729,19.843252930625507,49ae7020-Audio_SP17.csv,49ae7020-Audio_SP17,2281.46575,2783.088,1391.544,time column: time,audio_duration,H2
483.22367781757055,1778.027417228685,2943.225970476972,3.981532806302858,4.688011657555145,3.734665318207161,6769.2307692307695,0.0014435644628975,2292.2587499999995,0.037,0.3245614035087719,0-0-3942-3,e,49ae7020-Audio_SP17.v0,group_0,1,fave,210.81207743371647,78.70423116882523,8,doce,,0.0900000000001455,o,",",z,#,z,.,final,53.59912837600614,108.63695744303612,41.8740087493258,49ae7020-Audio_SP17.csv,49ae7020-Audio_SP17,2292.2587499999995,2783.088,1391.544,time column: time,audio_duration,H2
514.1622132324258,2159.792272146389,2864.089881906535,2.851964458199282,2.919849884885984,3.148858412822009,6410.25641025641,0.0009087513146859,2297.91775,0.075,0.3348214285714286,0-0-3953-4,e,49ae7020-Audio_SP17.v0,group_0,1,fave,103.28391196971516,76.23659805129388,8,quince,,0.1999999999998181,a,dieciséis,z,#,z,d,final,17.321776344810694,18.53850434116515,23.30943962907569,49ae7020-Audio_SP17.csv,49ae7020-Audio_SP17,2297.91775,2783.088,1391.544,time column: time,audio_duration,H2
549.0879472370816,2162.3391184828906,2900.632505754888,2.651277138573813,3.035934363022368,3.3752969831264505,6589.74358974359,0.0004608840445678,2298.58575,0.151,0.3325991189427312,0-0-3954-6,e,49ae7020-Audio_SP17.v0,group_0,1,fave,141.86812641303038,79.82536724277197,8,dieciséis,,0.4299999999998363,quince,[silence],s,i,s,i,internal,14.172126862226175,20.820422646865865,29.23296418930413,49ae7020-Audio_SP17.csv,49ae7020-Audio_SP17,2298.58575,2783.088,1391.544,time column: time,audio_duration,H2
531.1652437683815,2365.862135209378,2831.124027970941,2.490816043988852,3.665331369932924,3.85930371152694,6230.769230769231,0.0071278215112649,2303.28075,0.161,0.3326446280991735,0-0-3961-6,e,49ae7020-Audio_SP17.v0,group_0,1,fave,109.79253990154564,74.00023521735291,8,Durante,,0.4600000000000364,.,[silence],t,#,t,.,final,12.0711226693828,39.069080336856544,47.43231329517538,49ae7020-Audio_SP17.csv,49ae7020-Audio_SP17,2303.28075,2783.088,1391.544,time column: time,audio_duration,H2
552.25370568913,1892.4859449840435,2725.0048308176,3.1663196483460485,2.9774515064240865,3.9464404673558833,6230.769230769231,6.90146332703e-05,2305.97775,0.035,0.3365384615384615,0-0-3970-1,e,49ae7020-Audio_SP17.v0,group_0,1,fave,236.8119770224658,78.70725714010172,8,descansar,,0.0799999999999272,sin,.,d,s,d,s,internal,23.72002548042963,19.637706250649696,51.75082982879167,49ae7020-Audio_SP17.csv,49ae7020-Audio_SP17,2305.97775,2783.088,1391.544,time column: time,audio_duration,H2
551.1854107420028,1817.9692354899823,2566.468997603856,2.16985273529995,3.726703225518728,4.2078464818774295,6230.769230769231,0.000854072392473,2309.82575,0.031,0.3297872340425531,0-0-3974-1,e,49ae7020-Audio_SP17.v0,group_0,1,fave,267.7903308551021,83.15412114526465,8,descansé,,0.0700000000001637,No,[silence],d,s,d,s,internal,8.756994349633938,41.541927794450736,67.21164235660639,49ae7020-Audio_SP17.csv,49ae7020-Audio_SP17,2309.82575,2783.088,1391.544,time column: time,audio_duration,H2
526.0471193433132,2203.750078537588,2746.7010947253825,2.7159017535895327,3.8334320444417727,3.755360548274456,6230.769230769231,0.0051226662598567,2310.3237500000005,0.047,0.3263888888888889,0-0-3974-7,e,49ae7020-Audio_SP17.v0,group_0,1,fave,244.8330125528606,78.92033167946425,8,descansé,,0.1199999999998908,No,[silence],s,#,s,.,final,15.11823685132146,46.22089850683904,42.74963033771787,49ae7020-Audio_SP17.csv,49ae7020-Audio_SP17,2310.3237500000005,2783.088,1391.544,time column: time,audio_duration,H2
590.0674371549869,1943.9271620172044,2628.982384664979,2.474494996068899,3.3447069122693787,3.5973344289674767,6410.25641025641,0.000244526623436,2312.56075,0.041,0.3306451612903226,0-0-3984-1,e,49ae7020-Audio_SP17.v0,group_0,1,fave,137.50548366973345,79.18923195870401,8,feriado,,0.099999999999909,un,ni,f,R,f,R,internal,11.875708319133848,28.35226474786596,36.50080915480342,49ae7020-Audio_SP17.csv,49ae7020-Audio_SP17,2312.56075,2783.088,1391.544,time column: time,audio_duration,H2
574.8421981763902,1981.1179113002352,2670.4138826803755,2.5397406871628703,3.264824095635728,3.814975375955039,6230.769230769231,0.0002496497634721,2315.55575,0.071,0.3317757009345794,0-0-3992-5,e,49ae7020-Audio_SP17.v0,group_0,1,fave,91.3191456219521,76.84114851286002,8,cumpleaños,,0.1900000000000545,mi,.,l,á,l,á,internal,12.676383395654204,26.17550620005582,45.37563903741474,49ae7020-Audio_SP17.csv,49ae7020-Audio_SP17,2315.55575,2783.088,1391.544,time column: time,audio_duration,H2
574.9858248394293,1581.8368770050304,2605.7324126836443,1.6468785329725677,4.173061802210416,3.899641084231632,6230.769230769231,1.75322266093e-05,2323.16375,0.027,0.3214285714285714,0-0-4001-1,e,49ae7020-Audio_SP17.v0,group_0,1,fave,189.89029809741524,77.3525071931239,8,de,,0.0599999999999454,encargado,una,d,#,d,ú,final,5.190751752213859,64.91390167334076,49.38472096919434,49ae7020-Audio_SP17.csv,49ae7020-Audio_SP17,2323.16375,2783.088,1391.544,time column: time,audio_duration,H2
525.6405330472946,1399.4129687404984,2438.8169283858683,2.8962481841703136,4.018969856741833,3.5222157049991725,6230.769230769231,6.38057875566e-05,2327.3137500000003,0.027,0.3214285714285714,0-0-4012-1,e,49ae7020-Audio_SP17.v0,group_0,1,fave,170.7352944022966,65.24692862912617,8,responsabilidad,,0.0599999999999454,la,era,r,s,r,s,internal,18.106087074082957,55.64375525288092,33.859367781943355,49ae7020-Audio_SP17.csv,49ae7020-Audio_SP17,2327.3137500000003,2783.088,1391.544,time column: time,audio_duration,H2
485.917922631024,2056.104675537442,2462.613739266474,2.578583905657469,4.002784485151691,3.8151222723143023,6589.74358974359,0.0014110175673213,2329.17075,0.081,0.3319672131147542,0-0-4017-4,e,49ae7020-Audio_SP17.v0,group_0,1,fave,226.8231699269625,72.57434126946131,8,porque,,0.2199999999997999,[silence],[silence],k,#,k,.,final,13.178462992992609,54.75038962730208,45.38230504318258,49ae7020-Audio_SP17.csv,49ae7020-Audio_SP17,2329.17075,2783.088,1391.544,time column: time,audio_duration,H2
582.9692638729372,2178.234412072772,3002.109879927148,2.950527292171288,3.275411799771728,3.491161468994607,6410.25641025641,0.0001538509436046,2332.91875,0.037,0.3245614035087719,0-0-4022-0,e,49ae7020-Audio_SP17.v0,group_0,1,fave,181.5274776164666,69.92338918706207,8,en,,0.0899999999996907,[silence],la,#,n,.,n,initial,19.1160308046058,26.454117037195797,32.82404969080501,49ae7020-Audio_SP17.csv,49ae7020-Audio_SP17,2332.91875,2783.088,1391.544,time column: time,audio_duration,H2
537.507767275909,1940.0972485792245,2509.769230624296,2.352812407932064,2.747024745852276,3.4726582785462954,6230.769230769231,0.0001003552330039,2333.37775,0.035,0.3365384615384615,0-0-4024-4,e,49ae7020-Audio_SP17.v0,group_0,1,fave,175.509378809383,77.73625639182127,8,parte,,0.0799999999999272,la,operativa,t,#,t,o,final,10.515100931628778,15.596160245542343,32.22228450468003,49ae7020-Audio_SP17.csv,49ae7020-Audio_SP17,2333.37775,2783.088,1391.544,time column: time,audio_duration,H2
524.3388291222598,2087.5193844983573,2421.673629820344,1.7849167789359484,3.855912368974988,3.706301539488492,6230.769230769231,0.000120796553988,2337.98575,0.031,0.3297872340425531,0-0-4030-4,e,49ae7020-Audio_SP17.v0,group_0,1,fave,173.88551647475248,79.72467834132121,8,Porque,,0.0700000000001637,.,la,k,#,k,l,final,5.959084005634743,47.271726529038304,40.70298940430577,49ae7020-Audio_SP17.csv,49ae7020-Audio_SP17,2337.98575,2783.088,1391.544,time column: time,audio_duration,H2
565.2411271534908,1851.2916093453969,2638.2471994766934,2.141866470643916,2.6172076684422123,2.7577895084123334,6230.769230769231,9.304564690777878e-07,2338.55375,0.027,0.3214285714285714,0-0-4033-1,e,49ae7020-Audio_SP17.v0,group_0,1,fave,187.10091408072864,78.31197566317141,8,de,,0.0599999999999454,mano,obra,d,#,d,ó,final,8.515316393724698,13.697422390346205,15.76495610108347,49ae7020-Audio_SP17.csv,49ae7020-Audio_SP17,2338.55375,2783.088,1391.544,time column: time,audio_duration,H2
530.8027788728446,1807.9559908861288,2694.797827890142,2.160100220995102,4.008485422546285,3.609562808905113,5692.307692307692,0.0004529149533842,2346.98275,0.065,0.3350515463917525,0-0-4052-6,e,49ae7020-Audio_SP17.v0,group_0,1,fave,171.39190403908458,76.30659329936364,8,Entonces,,0.1700000000000727,[silence],[silence],z,s,z,s,internal,8.672006732057236,55.06340957668447,36.949895117976695,49ae7020-Audio_SP17.csv,49ae7020-Audio_SP17,2346.98275,2783.088,1391.544,time column: time,audio_duration,H2
528.9149129156757,1844.806120213308,2535.6049518375667,1.6180052826922648,3.5094313817820524,3.5942876753089767,6230.769230769231,7.93379048492402e-06,2348.3427500000003,0.025,0.3378378378378378,0-0-4055-3,e,49ae7020-Audio_SP17.v0,group_0,1,fave,172.5680041771447,79.23819313521425,8,experiencia,,0.0500000000001819,la,[silence],p,R,p,R,internal,5.0430208760342925,33.42925389585806,36.38976942222432,49ae7020-Audio_SP17.csv,49ae7020-Audio_SP17,2348.3427500000003,2783.088,1391.544,time column: time,audio_duration,H2
554.8793424730942,1790.4955583717058,2480.9604048418955,2.61173049225575,4.250102255356969,4.007765670877186,6410.25641025641,0.0002284295122852,2351.04575,0.031,0.3297872340425531,0-0-4061-0,e,49ae7020-Audio_SP17.v0,group_0,1,fave,545.9147781332227,72.92396384461064,8,en,,0.0699999999997089,[silence],otros,#,n,.,n,initial,13.622604277648293,70.11258136718199,55.02379185490633,49ae7020-Audio_SP17.csv,49ae7020-Audio_SP17,2351.04575,2783.088,1391.544,time column: time,audio_duration,H2
586.895635039501,2132.7367823173754,2787.0028559201087,3.3215951782664264,3.1545231488888987,3.797784410243582,6230.769230769231,0.0002647784834659,2354.97875,0.057,0.3275862068965517,0-0-4071-5,e,49ae7020-Audio_SP17.v0,group_0,1,fave,196.90298639971945,75.02686437249594,8,también,,0.1500000000000909,conseguí,[silence],i,n,i,n,internal,27.7045089594664,23.44185615066915,44.60225464129028,49ae7020-Audio_SP17.csv,49ae7020-Audio_SP17,2354.97875,2783.088,1391.544,time column: time,audio_duration,H2
508.3496499597201,1885.057544535901,2661.131060062182,2.571897577740359,2.9077935707133262,3.5351763603417834,6230.769230769231,0.0001461626487921,2356.5107499999995,0.041,0.3306451612903226,0-0-4076-0,e,49ae7020-Audio_SP17.v0,group_0,1,fave,170.43824418928386,72.70808258356404,8,en,,0.1000000000003638,filial,en,#,n,l,n,initial,13.090641397158228,18.31634023968295,34.30106352811508,49ae7020-Audio_SP17.csv,49ae7020-Audio_SP17,2356.5107499999995,2783.088,1391.544,time column: time,audio_duration,H2
521.7364341027428,1768.2395556236982,2785.04501040812,3.36104020712776,3.117882162556496,3.27243639399503,6410.25641025641,0.0006408757252358,2356.65875,0.077,0.3290598290598291,0-0-4077-0,e,49ae7020-Audio_SP17.v0,group_0,1,fave,147.7850545195683,71.90580266578547,8,en,,0.2100000000000363,en,la,#,n,n,n,initial,28.819153181596263,22.598469043745503,26.37552228816454,49ae7020-Audio_SP17.csv,49ae7020-Audio_SP17,2356.65875,2783.088,1391.544,time column: time,audio_duration,H2
500.4484347967039,1804.4802130455005,2672.774508492845,2.5717055252517507,3.8631412966450913,2.966480960442732,6230.769230769231,0.0001609891339765,2358.17875,0.037,0.3245614035087719,0-0-4083-6,e,49ae7020-Audio_SP17.v0,group_0,1,fave,161.48451893705345,74.02696650802399,8,entonces,,0.0900000000001455,",",[silence],z,s,z,s,internal,13.088127548303616,47.61468855125988,19.423447308930363,49ae7020-Audio_SP17.csv,49ae7020-Audio_SP17,2358.17875,2783.088,1391.544,time column: time,audio_duration,H2
567.300638752935,1395.860195896856,2513.353037889124,3.0152311049885814,3.4373689380463417,4.071673095129387,6230.769230769231,0.0002096718277867,2359.40775,0.035,0.3365384615384615,0-0-4086-1,e,49ae7020-Audio_SP17.v0,group_0,1,fave,165.25568323193875,78.49784586638745,8,me,,0.0799999999999272,eso,permitió,m,#,m,p,final,20.393803505705897,31.105011200270464,58.65501596423341,49ae7020-Audio_SP17.csv,49ae7020-Audio_SP17,2359.40775,2783.088,1391.544,time column: time,audio_duration,H2
519.8309494315744,1538.765679693188,2333.5036514213853,2.4588390774327467,3.2025474245321863,3.3059522530879497,6230.769230769231,1.72489905359e-05,2359.5637500000003,0.027,0.3214285714285714,0-0-4087-1,e,49ae7020-Audio_SP17.v0,group_0,1,fave,164.1560013071632,79.64709094544872,8,permitió,,0.0599999999999454,me,[silence],p,R,p,R,internal,11.691231044595677,24.595104634359277,27.27450145489081,49ae7020-Audio_SP17.csv,49ae7020-Audio_SP17,2359.5637500000003,2783.088,1391.544,time column: time,audio_duration,H2
503.1677372261701,2195.2548125291446,2819.6394395104385,2.59740154485032,3.2757758705563083,3.8977890286399575,6230.769230769231,1.62762512679e-05,2362.95875,0.037,0.3245614035087719,0-0-4096-5,e,49ae7020-Audio_SP17.v0,group_0,1,fave,244.3055605095689,79.3594046801296,8,también,,0.0900000000001455,era,[silence],i,n,i,n,internal,13.428798529598772,26.463749961767704,49.29334236582662,49ae7020-Audio_SP17.csv,49ae7020-Audio_SP17,2362.95875,2783.088,1391.544,time column: time,audio_duration,H2
604.7870776017929,1716.9191564695157,2772.052977778083,2.780789515814494,3.769366663860815,3.5825969017285906,6230.769230769231,0.0014321752466205,2365.54075,0.041,0.3306451612903226,0-0-4099-0,e,49ae7020-Audio_SP17.v0,group_0,1,fave,291.34041415221265,74.1371363730661,8,esforzado,,0.099999999999909,bien,o,#,s,n,s,initial,16.1317521950793,43.35259937142455,35.96682197583824,49ae7020-Audio_SP17.csv,49ae7020-Audio_SP17,2365.54075,2783.088,1391.544,time column: time,audio_duration,H2
582.7983621988592,1921.696907425076,2822.284297682952,2.54581676929679,2.707783849569542,3.1442154703268703,6589.74358974359,1.5998505508e-05,2369.67875,0.037,0.3245614035087719,0-0-4110-5,e,49ae7020-Audio_SP17.v0,group_0,1,fave,140.40081048150864,80.00968692373657,8,remunerado,,0.0900000000001455,bien,.,n,R,n,R,internal,12.753640615246423,14.996005259036282,23.201466092708785,49ae7020-Audio_SP17.csv,49ae7020-Audio_SP17,2369.67875,2783.088,1391.544,time column: time,audio_duration,H2
545.4194262398204,2209.2970186309444,2809.3039291816576,2.4786759380064,4.035181157794318,3.7693459141376136,5871.794871794871,0.0001591905095226,2377.27275,0.045,0.335820895522388,0-0-4113-0,e,49ae7020-Audio_SP17.v0,group_0,1,fave,168.9124600651076,76.09061205714274,8,En,,0.1100000000001273,.,un,#,n,,n,initial,11.925463906214745,56.553164356910585,43.35169982632022,49ae7020-Audio_SP17.csv,49ae7020-Audio_SP17,2377.27275,2783.088,1391.544,time column: time,audio_duration,H2
560.185020004747,1851.8650129747105,2709.7828789690466,2.178835854919924,4.480159065878232,4.513040318700759,5692.307692307692,6.68157712257e-05,2377.71275,0.025,0.3378378378378378,0-0-4115-1,e,49ae7020-Audio_SP17.v0,group_0,1,fave,271.37845513585864,82.02266216786252,8,departamento,,0.0500000000001819,un,que,d,p,d,p,internal,8.836013866893984,88.24870891766514,91.19867046147849,49ae7020-Audio_SP17.csv,49ae7020-Audio_SP17,2377.71275,2783.088,1391.544,time column: time,audio_duration,H2
495.8657515720456,2108.5499559704867,2702.5506830144445,3.220945317447856,3.82167158972624,4.387527632254179,6230.769230769231,0.0005842057129774,2378.40275,0.025,0.3378378378378378,0-0-4117-1,e,49ae7020-Audio_SP17.v0,group_0,1,fave,226.3368113150671,77.12858000060761,8,se,,0.0500000000001819,que,llama,s,#,s,L,final,25.0517908864348,45.68050359638512,80.44129246799535,49ae7020-Audio_SP17.csv,49ae7020-Audio_SP17,2378.40275,2783.088,1391.544,time column: time,audio_duration,H2
569.9734785401657,2397.6392704609075,3329.9488135104148,2.3346016538008647,2.9567805589160177,4.267050544366987,6410.25641025641,0.000219885395001,2380.40875,0.057,0.3275862068965517,0-0-4123-0,e,49ae7020-Audio_SP17.v0,group_0,1,fave,181.8559921498612,77.93484462445602,8,en,,0.1500000000000909,Y,la,#,n,i,n,initial,10.325346047696511,19.23594297497409,71.31099651620514,49ae7020-Audio_SP17.csv,49ae7020-Audio_SP17,2380.40875,2783.088,1391.544,time column: time,audio_duration,H2
503.73503445892806,1938.027384054448,2808.6215913234105,2.47424380018376,3.6379083083039294,4.082284251999188,6230.769230769231,0.0006839447619205,2381.45775,0.035,0.3365384615384615,0-0-4126-1,e,49ae7020-Audio_SP17.v0,group_0,1,fave,78.57702024309118,74.18673583771205,8,de,,0.0799999999999272,provincia,Chincha,d,#,d,h,final,11.872725564714475,38.01224361797283,59.28072743001637,49ae7020-Audio_SP17.csv,49ae7020-Audio_SP17,2381.45775,2783.088,1391.544,time column: time,audio_duration,H2
599.1908147289178,1946.272900284411,2597.944702695519,2.5505821356013296,3.698828721529819,3.8212265193907298,6410.25641025641,0.0002358953321814,2424.11775,0.035,0.3365384615384615,0-0-4143-1,e,49ae7020-Audio_SP17.v0,group_0,1,fave,184.74857352279065,78.19228557880234,8,semana,,0.0799999999999272,la,pasada,s,m,s,m,internal,12.814561424193556,40.3999570371565,45.6601770830228,49ae7020-Audio_SP17.csv,49ae7020-Audio_SP17,2424.11775,2783.088,1391.544,time column: time,audio_duration,H2
546.042990981578,1858.397947942325,2620.8134171015554,2.8176403477505727,3.4161347627071823,4.170436947362941,6230.769230769231,0.0011557197563544,2425.27775,0.035,0.3365384615384615,0-0-4146-1,e,49ae7020-Audio_SP17.v0,group_0,1,fave,171.9985735616518,76.58795851504698,8,le,,0.0799999999999272,[silence],pusieron,l,#,l,p,final,16.737309808403904,30.45148503859766,64.74373553227684,49ae7020-Audio_SP17.csv,49ae7020-Audio_SP17,2425.27775,2783.088,1391.544,time column: time,audio_duration,H2
599.932026787358,1697.538816492311,2655.044399110779,2.300192040252365,4.648002492306604,3.331105657488263,5512.820512820513,2.6300514771e-05,2436.2827500000003,0.025,0.3378378378378378,0-0-4158-0,e,49ae7020-Audio_SP17.v0,group_0,1,fave,132.39644888202614,73.23857983006747,8,excelente,,0.0500000000001819,Bueno,excelente,#,k,o,k,initial,9.976098083263476,104.37628477393388,27.96924902325662,49ae7020-Audio_SP17.csv,49ae7020-Audio_SP17,2436.2827500000003,2783.088,1391.544,time column: time,audio_duration,H2
535.4591035008112,2073.355658998503,2891.710862199322,2.772329145046339,3.3620122989716568,3.6841338115434334,5692.307692307692,0.0001383024219101,2436.46775,0.035,0.3365384615384615,0-0-4158-4,e,49ae7020-Audio_SP17.v0,group_0,1,fave,148.63935108992982,73.15958858884026,8,excelente,,0.0800000000003819,Bueno,excelente,z,l,z,l,internal,15.99584730390084,28.84718166627563,39.81062400797788,49ae7020-Audio_SP17.csv,49ae7020-Audio_SP17,2436.46775,2783.088,1391.544,time column: time,audio_duration,H2
522.0191584973362,2020.964855410473,2533.499739747409,2.477842847394274,3.878895052586413,4.0599346040841295,6230.769230769231,2.46956778842e-05,2437.0527500000003,0.025,0.3378378378378378,0-0-4159-3,e,49ae7020-Audio_SP17.v0,group_0,1,fave,158.97045587640724,79.58538684645939,8,excelente,,0.0500000000001819,excelente,que,z,l,z,l,internal,11.91553305141455,48.370738410037255,57.97051991975384,49ae7020-Audio_SP17.csv,49ae7020-Audio_SP17,2437.0527500000003,2783.088,1391.544,time column: time,audio_duration,H2
482.5771602741381,1943.6639155442035,2676.9454788493217,2.571392630577847,3.678260998187908,4.2349122127272345,6230.769230769231,2.8232592098e-05,2437.34375,0.027,0.3214285714285714,0-0-4159-8,e,49ae7020-Audio_SP17.v0,group_0,1,fave,151.20560718501454,77.63876696824755,8,excelente,,0.0599999999999454,excelente,que,t,#,t,k,final,13.084032983519544,39.57750883457415,69.05561626319731,49ae7020-Audio_SP17.csv,49ae7020-Audio_SP17,2437.34375,2783.088,1391.544,time column: time,audio_duration,H2
509.3120838866859,1875.028824671358,2633.5429032761454,2.981310709830947,3.352256242492234,3.9836492587295353,6230.769230769231,0.0011927303888621,2444.74375,0.047,0.3263888888888889,0-0-4178-1,e,49ae7020-Audio_SP17.v0,group_0,1,fave,285.76880300905464,77.1056267635106,8,Sé,,0.1200000000003456,.,que,s,#,s,k,final,19.71363857842297,28.56711532559036,53.71268851124741,49ae7020-Audio_SP17.csv,49ae7020-Audio_SP17,2444.74375,2783.088,1391.544,time column: time,audio_duration,H2
509.2556620526075,1867.223214581872,2740.829487214262,2.889209047227765,2.850245375477231,3.53254398840203,6410.25641025641,7.631351883190292e-06,2452.86375,0.027,0.3214285714285714,0-0-4203-9,e,49ae7020-Audio_SP17.v0,group_0,1,fave,146.38490330801122,76.89531224162492,8,suficientes,,0.0599999999999454,son,para,t,s,t,s,internal,17.97908337031947,17.292024358770707,34.21088910935586,49ae7020-Audio_SP17.csv,49ae7020-Audio_SP17,2452.86375,2783.088,1391.544,time column: time,audio_duration,H2
497.5413449396012,2030.64063232046,2400.927747799342,2.069929229110979,3.7535720486354007,4.195404265628134,6230.769230769231,0.0005517571270106,2455.37375,0.027,0.3214285714285714,0-0-4210-1,e,49ae7020-Audio_SP17.v0,group_0,1,fave,159.57678498707764,80.35095615128547,8,pequeñas,,0.0599999999999454,las,metas,p,k,p,k,internal,7.924262290917449,42.673240970829085,66.38056153311902,49ae7020-Audio_SP17.csv,49ae7020-Audio_SP17,2455.37375,2783.088,1391.544,time column: time,audio_duration,H2
523.1225351928458,1881.3826112000293,2701.2221863045306,2.113533927447433,3.98957625604302,3.604533017738395,6410.25641025641,0.0009382608728656,2461.0037500000003,0.087,0.3295454545454545,0-0-4227-6,e,49ae7020-Audio_SP17.v0,group_0,1,fave,170.4288098832694,80.0581098883094,8,Entonces,,0.2399999999997817,[silence],[silence],z,s,z,s,internal,8.277441536291581,54.0319887829476,36.76451147324232,49ae7020-Audio_SP17.csv,49ae7020-Audio_SP17,2461.0037500000003,2783.088,1391.544,time column: time,audio_duration,H2
581.2016426929318,1628.0517465507253,2641.2111236233104,2.585402204080158,3.5569750511343927,3.579915331527006,6230.769230769231,1.84951012459e-05,2461.73275,0.025,0.3378378378378378,0-0-4230-1,e,49ae7020-Audio_SP17.v0,group_0,1,fave,183.78986728916044,76.06097584702103,8,me,,0.0500000000001819,sí,gustaría,m,#,m,g,final,13.268624711888869,35.056990986875306,35.87050361771895,49ae7020-Audio_SP17.csv,49ae7020-Audio_SP17,2461.73275,2783.088,1391.544,time column: time,audio_duration,H2
513.1896330926077,2375.507510886683,2754.7453166740224,1.809674681894885,3.836472220887869,3.726920834618207,6230.769230769231,0.0016278366954339,2470.58075,0.041,0.3306451612903226,0-0-4249-1,e,49ae7020-Audio_SP17.v0,group_0,1,fave,176.87440066735212,77.22546244706047,8,Tener,,0.099999999999909,[silence],en,t,n,t,n,internal,6.108459916355529,46.36163201274573,41.55096867960247,49ae7020-Audio_SP17.csv,49ae7020-Audio_SP17,2470.58075,2783.088,1391.544,time column: time,audio_duration,H2
617.622496117949,2327.977956271737,3226.630815676376,2.783887625925706,4.143579505317551,4.023543463154478,6769.2307692307695,0.0080436958089077,2470.90575,0.071,0.3317757009345794,0-0-4250-0,e,49ae7020-Audio_SP17.v0,group_0,1,fave,193.6226435460947,74.55460024406142,8,en,,0.1900000000000545,Tener,el,#,n,R,n,initial,16.181807638266566,63.0280273048544,55.898830751561086,49ae7020-Audio_SP17.csv,49ae7020-Audio_SP17,2470.90575,2783.088,1391.544,time column: time,audio_duration,H2
584.3823476542826,1976.138197724557,4961.642733678159,2.1289998389985296,3.135284912277671,5.138217804744232,7128.205128205128,0.0072769410678953,2471.16775,0.055,0.3353658536585365,0-0-4251-0,e,49ae7020-Audio_SP17.v0,group_0,1,fave,225.57276435096503,72.8622518092071,8,el,,0.1400000000003274,en,tema,#,l,n,l,initial,8.406454797208276,22.99518651977306,170.41179044336022,49ae7020-Audio_SP17.csv,49ae7020-Audio_SP17,2471.16775,2783.088,1391.544,time column: time,audio_duration,H2
636.8189839981812,2255.7123953298947,2897.972066621452,2.794292351794223,4.00755939744504,4.161998940422586,6051.282051282051,0.0051279580187159,2472.15075,0.121,0.3324175824175823,0-0-4255-1,e,49ae7020-Audio_SP17.v0,group_0,1,fave,190.51033727656,74.89811433449147,8,de,,0.3399999999996907,tema,[silence],d,#,d,.,final,16.35105386423596,55.01244307902646,64.19972584903758,49ae7020-Audio_SP17.csv,49ae7020-Audio_SP17,2472.15075,2783.088,1391.544,time column: time,audio_duration,H2
649.1615558990543,1908.676159979709,2808.726248846813,3.536426950274242,3.8921557268509615,3.6463517110798818,6230.769230769231,0.0006360802635427,2474.40775,0.035,0.3365384615384615,0-0-4260-7,e,49ae7020-Audio_SP17.v0,group_0,1,fave,338.9157198688559,72.00090762014683,8,virtuales,,0.0799999999999272,[silence],.,l,s,l,s,internal,34.343986927026975,49.01643876513942,38.33455508921784,49ae7020-Audio_SP17.csv,49ae7020-Audio_SP17,2474.40775,2783.088,1391.544,time column: time,audio_duration,H2
574.2502975613513,1916.564745502669,2848.15326519267,3.09154029746563,3.3054552350762063,3.456410260329972,6230.769230769231,3.37686948725e-05,2476.99575,0.031,0.3297872340425531,0-0-4268-1,e,49ae7020-Audio_SP17.v0,group_0,1,fave,238.2236480690008,78.70368249097127,8,descarto,,0.0700000000001637,los,[silence],d,s,d,s,internal,22.010955297149707,27.26094890461619,31.702966607266127,49ae7020-Audio_SP17.csv,49ae7020-Audio_SP17,2476.99575,2783.088,1391.544,time column: time,audio_duration,H2
549.5375106174669,2432.3604546782267,2902.508994511106,2.659028696604003,4.403837959460335,4.527482977576668,5871.794871794871,0.0013573456107287,2484.90875,0.037,0.324561403508772,0-0-4285-0,e,49ae7020-Audio_SP17.v0,group_0,1,fave,85.40001701617793,74.61216052031776,8,El,,0.0900000000001455,.,tema,#,l,,l,initial,14.28240980611908,81.76407444800414,92.52537928892146,49ae7020-Audio_SP17.csv,49ae7020-Audio_SP17,2484.90875,2783.088,1391.544,time column: time,audio_duration,H2
544.1662954141601,1901.830226342771,2782.687390791443,2.3315050484556386,3.255598958781646,3.2717141742216898,6410.25641025641,2.80544560594e-05,2485.5327500000003,0.045,0.335820895522388,0-0-4287-1,e,49ae7020-Audio_SP17.v0,group_0,1,fave,173.17307524303126,80.90019483971172,8,del,,0.1099999999996725,tema,Ahí,d,l,d,l,internal,10.293421979563808,25.93514396502133,26.35648024153485,49ae7020-Audio_SP17.csv,49ae7020-Audio_SP17,2485.5327500000003,2783.088,1391.544,time column: time,audio_duration,H2
597.7592319255701,1866.462057492363,2570.50467144154,3.1148827596987365,3.025419506892498,3.7815959946992215,6230.769230769231,9.54202563328e-05,2490.19575,0.031,0.3297872340425531,0-0-4299-3,e,49ae7020-Audio_SP17.v0,group_0,1,fave,336.23682254616034,73.77888246576711,8,aprender,,0.0700000000001637,gustaría,también,R,n,R,n,internal,22.53078868218969,20.602645850498536,43.88602773971494,49ae7020-Audio_SP17.csv,49ae7020-Audio_SP17,2490.19575,2783.088,1391.544,time column: time,audio_duration,H2
511.2696394010158,2146.48473457782,2674.22819118019,2.54484399768008,2.7874361417529654,3.32600285590098,6410.25641025641,6.38991366759e-05,2491.0287499999995,0.077,0.3290598290598291,0-0-4300-5,e,49ae7020-Audio_SP17.v0,group_0,1,fave,165.20221755863068,79.38887936640181,8,también,,0.2100000000000363,aprender,.,i,n,i,n,internal,12.741240267976975,16.239331039773926,27.82689101617783,49ae7020-Audio_SP17.csv,49ae7020-Audio_SP17,2491.0287499999995,2783.088,1391.544,time column: time,audio_duration,H2
580.5079016954297,1929.4134660371608,2759.171090653232,2.7912441170584583,3.150712489155685,3.2054544661805027,6230.769230769231,2.9256366039215963e-06,2493.69375,0.027,0.3214285714285714,0-0-4306-1,e,49ae7020-Audio_SP17.v0,group_0,1,fave,161.20754514039774,79.22012479296535,8,de,,0.0599999999999454,tema,las,d,#,d,l,final,16.301287901582985,23.352697198469187,24.666707653930303,49ae7020-Audio_SP17.csv,49ae7020-Audio_SP17,2493.69375,2783.088,1391.544,time column: time,audio_duration,H2
527.6613587991366,2484.0591700085934,2788.579919508382,2.591499194843377,3.329359287020196,3.934096422716488,6230.769230769231,0.0013497082183152,2494.52075,0.2009999999999999,0.3327814569536423,0-0-4308-9,e,49ae7020-Audio_SP17.v0,group_0,1,fave,179.3688999871465,77.77493494286239,8,criptomonedas,,0.5799999999999272,las,pero,n,d,n,d,internal,13.34977051543396,27.92044697837645,51.115941879609146,49ae7020-Audio_SP17.csv,49ae7020-Audio_SP17,2494.52075,2783.088,1391.544,time column: time,audio_duration,H2
517.3527075471688,1974.9060399603263,2643.506125560645,2.4390561495377305,3.005687799673315,4.6357934103534975,6769.2307692307695,0.0007818573647793,2527.17275,0.045,0.335820895522388,0-0-4330-3,e,49ae7020-Audio_SP17.v0,group_0,1,fave,208.47734197276367,79.55051211170661,8,literalmente,,0.1100000000001273,",",.,t,R,t,R,internal,11.46221701677904,20.20010494464896,103.10969384868056,49ae7020-Audio_SP17.csv,49ae7020-Audio_SP17,2527.17275,2783.088,1391.544,time column: time,audio_duration,H2
524.2153800155775,2081.6698677304844,2594.016836967005,2.787374360389198,3.106392308297251,4.181517254046107,6230.769230769231,0.0005854013654955,2527.83775,0.035,0.3365384615384615,0-0-4330-11,e,49ae7020-Audio_SP17.v0,group_0,1,fave,85.70367866190438,75.21841764979406,8,literalmente,,0.0799999999999272,",",.,t,#,t,.,final,16.23832778274723,22.340301919459588,65.46510509539512,49ae7020-Audio_SP17.csv,49ae7020-Audio_SP17,2527.83775,2783.088,1391.544,time column: time,audio_duration,H2
551.6224761491749,2008.1765904401668,2629.608922367377,3.0693386070918387,3.752492724300384,3.989731877940775,6230.769230769231,0.0205276767389586,2555.83275,0.0849999999999999,0.3346456692913385,0-0-4338-9,e,49ae7020-Audio_SP17.v0,group_0,1,fave,93.760262844212,73.14933364792601,8,importante,,0.2300000000000182,muy,.,t,#,t,.,final,21.52765972395748,42.62720755035955,54.04039799789351,49ae7020-Audio_SP17.csv,49ae7020-Audio_SP17,2555.83275,2783.088,1391.544,time column: time,audio_duration,H2
524.7729835076133,2116.705492960188,2702.254188736612,3.320655113511678,3.2201358078675555,3.4367371506076405,6230.769230769231,0.0009544494011236,2557.96575,0.031,0.3297872340425531,0-0-4347-4,e,49ae7020-Audio_SP17.v0,group_0,1,fave,177.89888766024998,75.08965103994176,8,inquietudes,,0.0700000000001637,tantas,que,i,t,i,t,internal,27.678477164749435,25.03151942778554,31.085365651472426,49ae7020-Audio_SP17.csv,49ae7020-Audio_SP17,2557.96575,2783.088,1391.544,time column: time,audio_duration,H2
559.3915417343343,2003.0560994054288,2521.162549918735,2.79320073682519,3.031724371863989,3.55628294206062,6230.769230769231,0.0010633651877281,2561.40075,0.101,0.3322368421052631,0-0-4353-1,e,49ae7020-Audio_SP17.v0,group_0,1,fave,83.24164011977246,76.08096059898519,8,sé,,0.2800000000002001,No,.,s,#,s,.,final,16.333214547682267,20.732953103802974,35.03273611978912,49ae7020-Audio_SP17.csv,49ae7020-Audio_SP17,2561.40075,2783.088,1391.544,time column: time,audio_duration,H2
489.2543116725296,1990.204566947281,2363.5944469512974,3.091131118285389,3.481448289653545,3.3967956673128223,6230.769230769231,0.0001835853499297,2562.91875,0.037,0.3245614035087719,0-0-4357-8,e,49ae7020-Audio_SP17.v0,group_0,1,fave,122.46541294510637,75.4867719550571,8,Microworkers,,0.0899999999996907,de,o,k,R,k,R,internal,22.00195071487433,32.50676721477392,29.868238769908995,49ae7020-Audio_SP17.csv,49ae7020-Audio_SP17,2562.91875,2783.088,1391.544,time column: time,audio_duration,H2
516.9970025893023,1622.601282767736,2296.85251037116,2.714475349123619,3.3995249871510977,4.277550853505466,6410.25641025641,0.0001764379418813,2568.56575,0.031,0.3297872340425531,0-0-4367-1,e,49ae7020-Audio_SP17.v0,group_0,1,fave,153.14753416814207,80.5424214602316,8,personales,,0.0699999999997089,cosas,[silence],p,R,p,R,internal,15.096687503456756,29.949870094841422,72.06372907073398,49ae7020-Audio_SP17.csv,49ae7020-Audio_SP17,2568.56575,2783.088,1391.544,time column: time,audio_duration,H2
518.9678378272213,2276.671595197451,2575.1148670108505,3.021462052662144,3.893533697449722,3.732379750770835,6230.769230769231,0.0018466704170555,2569.52875,0.097,0.3299319727891157,0-0-4367-8,e,49ae7020-Audio_SP17.v0,group_0,1,fave,115.6841314806134,70.26136927739125,8,personales,,0.2699999999999818,cosas,[silence],l,s,l,s,internal,20.52127294349992,49.08402853427609,41.7784121663334,49ae7020-Audio_SP17.csv,49ae7020-Audio_SP17,2569.52875,2783.088,1391.544,time column: time,audio_duration,H2
558.0177684120896,1623.3644301284658,2620.211920893678,2.8042079386064582,3.7988675053663337,4.2919059511976165,6410.25641025641,0.0001674384806639,2572.00775,0.035,0.3365384615384615,0-0-4372-1,e,49ae7020-Audio_SP17.v0,group_0,1,fave,178.44894553656613,80.05898151423656,8,me,,0.0800000000003819,",",pasaría,m,#,m,p,final,16.51399063014437,44.65058929654558,73.10567164271447,49ae7020-Audio_SP17.csv,49ae7020-Audio_SP17,2572.00775,2783.088,1391.544,time column: time,audio_duration,H2
603.7625917414949,1874.099077905204,2795.698691065432,3.4488353618479737,3.6443297388629294,4.493313873274737,5871.794871794871,2.31379895389e-05,2606.98375,0.027,0.3214285714285714,0-0-4378-2,e,49ae7020-Audio_SP17.v0,group_0,1,fave,203.46649462211224,77.08063202946339,8,Pues,,0.0600000000004001,[silence],socialmente,u,s,u,s,internal,31.46372710505324,38.25712199404308,89.41727295235354,49ae7020-Audio_SP17.csv,49ae7020-Audio_SP17,2606.98375,2783.088,1391.544,time column: time,audio_duration,H2
571.2349388183985,2210.2852502283613,2674.001091272169,2.721521344634991,3.336281776339916,4.313891379701968,6769.2307692307695,0.0033146657039069,2608.24575,0.1709999999999999,0.3326848249027236,0-0-4379-10,e,49ae7020-Audio_SP17.v0,group_0,1,fave,182.7786767053366,74.96746335100552,8,socialmente,,0.4900000000002364,Pues,[silence],t,#,t,.,final,15.203434323018952,28.11439650663668,74.73072949986812,49ae7020-Audio_SP17.csv,49ae7020-Audio_SP17,2608.24575,2783.088,1391.544,time column: time,audio_duration,H2
543.157225775715,1760.1549149618752,2526.576788503771,1.9425260778718672,4.10263267781961,3.8212355438288297,6230.769230769231,7.60972349831e-05,2616.69275,0.045,0.3358208955223881,0-0-4390-0,e,49ae7020-Audio_SP17.v0,group_0,1,fave,182.90242507083704,76.98709958462908,8,en,,0.1100000000001273,Estoy,la,#,n,y,n,initial,6.976351538323112,60.4993534268153,45.660589142323815,49ae7020-Audio_SP17.csv,49ae7020-Audio_SP17,2616.69275,2783.088,1391.544,time column: time,audio_duration,H2
640.2734326526395,2050.711727273942,2571.4273617502304,2.3881144435378188,3.6441128310460895,3.454481658538561,6230.769230769231,0.0002677733853404,2620.28575,0.071,0.3317757009345794,0-0-4403-4,e,49ae7020-Audio_SP17.v0,group_0,1,fave,170.51807616417494,79.0334418438467,8,conversación,,0.1900000000000545,[silence],[silence],b,R,b,R,internal,10.892935322323812,38.24882462514736,31.641883130858684,49ae7020-Audio_SP17.csv,49ae7020-Audio_SP17,2620.28575,2783.088,1391.544,time column: time,audio_duration,H2
660.5776936746919,1768.890547227448,2757.3789128561084,3.5604271672399257,3.2214513603492008,3.30080450185815,6769.2307692307695,0.0015563000887936,2622.54075,0.061,0.3315217391304348,0-0-4408-0,e,49ae7020-Audio_SP17.v0,group_0,1,fave,152.92952626467095,74.47502902214212,8,estoy,,0.1599999999998544,y,en,#,s,i,s,initial,35.17822091958173,25.06447137554401,27.13445986536727,49ae7020-Audio_SP17.csv,49ae7020-Audio_SP17,2622.54075,2783.088,1391.544,time column: time,audio_duration,H2
576.4179749123076,1277.673530115332,2184.341977744002,2.694754132324175,3.46403152795213,4.931229733310036,6230.769230769231,0.0001645255254574,2625.17575,0.031,0.3297872340425531,0-0-4417-8,e,49ae7020-Audio_SP17.v0,group_0,1,fave,183.534273594671,71.54930373724534,8,relajarme,,0.0700000000001637,que,porque,m,#,m,p,final,14.801879002269366,31.94550645678061,138.54978691040913,49ae7020-Audio_SP17.csv,49ae7020-Audio_SP17,2625.17575,2783.088,1391.544,time column: time,audio_duration,H2
467.9760281587394,1427.0440068802077,2101.061455658042,2.973666135314476,4.136942692736307,3.4033444229216987,6410.25641025641,0.0001694256222852,2625.41575,0.031,0.3297872340425531,0-0-4418-4,e,49ae7020-Audio_SP17.v0,group_0,1,fave,157.44704527927277,74.46010835752035,8,porque,,0.0699999999997089,relajarme,también,k,#,k,t,final,19.56351076207471,62.61110714110944,30.06448043409243,49ae7020-Audio_SP17.csv,49ae7020-Audio_SP17,2625.41575,2783.088,1391.544,time column: time,audio_duration,H2
531.3902074035811,2100.2196936631863,2576.944759131188,2.7607632347198154,3.975678152944986,3.480708564922945,6410.25641025641,9.47357638977e-05,2625.7537500000003,0.047,0.3263888888888889,0-0-4419-5,e,49ae7020-Audio_SP17.v0,group_0,1,fave,169.06279089058046,77.11384340333375,8,también,,0.1199999999998908,porque,[silence],i,n,i,n,internal,15.81190654005658,53.28624087674032,32.482730046693206,49ae7020-Audio_SP17.csv,49ae7020-Audio_SP17,2625.7537500000003,2783.088,1391.544,time column: time,audio_duration,H2
477.7747766757596,1895.634888336201,2552.0614762683867,2.793719631957963,3.81819896841161,3.0425588199078666,6769.2307692307695,0.0041751997228136,2628.85075,0.041,0.3306451612903226,0-0-4427-0,e,49ae7020-Audio_SP17.v0,group_0,1,fave,162.56358079827902,74.80836475882688,8,en,,0.099999999999909,activas,algún,#,n,s,n,initial,16.341691972470617,45.52214762023815,20.95880448523346,49ae7020-Audio_SP17.csv,49ae7020-Audio_SP17,2628.85075,2783.088,1391.544,time column: time,audio_duration,H2
520.6179793173559,1773.963002552082,2581.8955037797027,2.826228812895168,3.469206404834862,3.711981516144353,5871.794871794871,9.49609814729e-05,2637.35375,0.027,0.3214285714285714,0-0-4442-10,e,49ae7020-Audio_SP17.v0,group_0,1,fave,135.20877931729663,71.83647016517077,8,trabajadores,,0.0599999999999454,muchos,que,R,s,R,s,internal,16.881676667782855,32.11124899840156,40.93483926150364,49ae7020-Audio_SP17.csv,49ae7020-Audio_SP17,2637.35375,2783.088,1391.544,time column: time,audio_duration,H2
553.248337779157,1941.054416571368,2617.4513530637823,2.849376160934071,2.626577870724718,3.325074930037016,6230.769230769231,1.65139347036e-05,2658.87575,0.031,0.3297872340425531,0-0-4465-1,e,49ae7020-Audio_SP17.v0,group_0,1,fave,171.17148171787852,79.54882119713186,8,del,,0.0699999999997089,conozca,tema,d,l,d,l,internal,17.27700041018062,13.826373213043022,27.80108170070779,49ae7020-Audio_SP17.csv,49ae7020-Audio_SP17,2658.87575,2783.088,1391.544,time column: time,audio_duration,H2
490.1688484437838,1958.241274396316,2706.666878737862,2.66700443319386,2.403102975611871,2.759843655913956,6410.25641025641,1.51353313949e-05,2663.34575,0.031,0.3297872340425531,0-0-4479-1,e,49ae7020-Audio_SP17.v0,group_0,1,fave,160.2201588184093,79.73874559930653,8,destino,,0.0700000000001637,y,un,d,s,d,s,internal,14.396778023721147,11.05743415114182,15.797372929346473,49ae7020-Audio_SP17.csv,49ae7020-Audio_SP17,2663.34575,2783.088,1391.544,time column: time,audio_duration,H2
550.5738109999348,2146.98271952723,2635.9773602796945,3.1643134870193528,2.7557161918559343,3.590717791153172,6230.769230769231,1.63152535408e-05,2665.03375,0.027,0.3214285714285714,0-0-4483-0,e,49ae7020-Audio_SP17.v0,group_0,1,fave,,64.49223427612513,8,en,,0.0599999999999454,[silence],especial,#,n,.,n,initial,23.672486983533503,15.73230421713055,36.26009376218892,49ae7020-Audio_SP17.csv,49ae7020-Audio_SP17,2665.03375,2783.088,1391.544,time column: time,audio_duration,H2
610.7560912300459,2177.2443933649984,2711.6571050297675,3.307297525983556,3.171662428829152,4.258069589767478,6589.74358974359,0.0026682265373542,2665.14875,0.037,0.3245614035087719,0-0-4484-0,e,49ae7020-Audio_SP17.v0,group_0,1,fave,141.40307275324426,75.57910872190405,8,especial,,0.0899999999996907,en,",",#,s,n,s,initial,27.31121779364961,23.84709552102069,70.67342298891911,49ae7020-Audio_SP17.csv,49ae7020-Audio_SP17,2665.14875,2783.088,1391.544,time column: time,audio_duration,H2
627.747482679961,1704.1015900194827,2308.6834937088856,3.0491594901636194,4.005938093762598,4.063831566016463,5871.794871794871,0.0020023005849826,2665.30775,0.035,0.3365384615384616,0-0-4484-3,e,49ae7020-Audio_SP17.v0,group_0,1,fave,129.91846833006915,77.5540590196192,8,especial,,0.0799999999999272,en,",",p,z,p,z,internal,21.09760422430485,54.92332346698174,58.19686958063328,49ae7020-Audio_SP17.csv,49ae7020-Audio_SP17,2665.30775,2783.088,1391.544,time column: time,audio_duration,H2
535.8390689806635,1924.715786992812,2697.7844053609697,2.780826934492949,2.6250494596446203,3.271679987837325,6230.769230769231,6.04669425114e-05,2671.36775,0.035,0.3365384615384615,0-0-4493-1,e,49ae7020-Audio_SP17.v0,group_0,1,fave,171.72655185273902,77.36809778194592,8,destinar,,0.0799999999999272,de,para,d,s,d,s,internal,16.13235583522124,13.805256972285516,26.355579224172168,49ae7020-Audio_SP17.csv,49ae7020-Audio_SP17,2671.36775,2783.088,1391.544,time column: time,audio_duration,H2
657.798764353852,1700.4809012300675,2494.3040265545,2.758489748300783,3.153270083514004,3.277243844297044,6230.769230769231,5.106880483361629e-06,2672.72375,0.027,0.3214285714285714,0-0-4496-8,e,49ae7020-Audio_SP17.v0,group_0,1,fave,209.26341118954645,78.8931877772985,8,exponerme,,0.0599999999999454,no,tanto,m,#,m,t,final,15.775999218149405,23.412500368601645,26.50262657973872,49ae7020-Audio_SP17.csv,49ae7020-Audio_SP17,2672.72375,2783.088,1391.544,time column: time,audio_duration,H2
644.7549263623679,1715.133141642298,2565.813609696799,3.1028789676847923,3.681769639197301,3.702120799620768,6410.25641025641,0.0013968143387334,2673.3527500000005,0.065,0.3350515463917525,0-0-4498-0,e,49ae7020-Audio_SP17.v0,group_0,1,fave,41.37424402240684,72.56067964911792,8,el,,0.169999999999618,tanto,día,#,l,o,l,initial,22.261950547554413,39.716616000967846,40.53317601391471,49ae7020-Audio_SP17.csv,49ae7020-Audio_SP17,2673.3527500000005,2783.088,1391.544,time column: time,audio_duration,H2
512.0455744278335,2078.67235805154,2450.3585926550736,3.124823030716372,3.612571461331838,4.233895485410482,6410.25641025641,0.0006235146521009,2677.13575,0.031,0.3297872340425531,0-0-4513-5,e,49ae7020-Audio_SP17.v0,group_0,1,fave,-3323.14089719308,64.38851251322185,8,también,,0.0700000000001637,cosas,.,i,n,i,n,internal,22.755867647574195,37.06123191246415,68.98544121225817,49ae7020-Audio_SP17.csv,49ae7020-Audio_SP17,2677.13575,2783.088,1391.544,time column: time,audio_duration,H2
526.1848782959081,1967.587365477396,2627.360790086659,2.671960076361632,3.916058968317804,3.317034156101867,6051.282051282051,0.0001684847344411,2764.95875,0.037,0.324561403508772,0-0-4525-4,e,49ae7020-Audio_SP17.v0,group_0,1,fave,149.94889147654175,72.26670321473067,8,mente,,0.0900000000001455,la,.,t,#,t,.,final,14.468300391666515,50.2022059177955,27.578435809816423,49ae7020-Audio_SP17.csv,49ae7020-Audio_SP17,2764.95875,2783.088,1391.544,time column: time,audio_duration,H2
473.78865763327866,2568.1465690042737,4086.7142940812623,3.693575620390863,3.762052073234396,4.70381466312621,6948.717948717948,0.001499767812984,1394.56575,0.031,0.3297872340425531,0-0-2551-3,i,49ae7020-Audio_SP17.v0,group_0,1,fave,172.09294974345815,76.10989815753861,8,decidido,,0.0699999999999363,he,retornar,z,d,z,d,internal,40.18828842190345,43.036649784069,110.36738485151491,49ae7020-Audio_SP17.csv,49ae7020-Audio_SP17,1394.56575,2783.088,1391.544,time column: time,audio_duration,H2
1336.5852841484232,2474.4799136178544,3317.05984119688,3.811015260015253,4.313539821268489,4.236304311583788,5692.307692307692,0.0479633937031954,1403.76075,0.041,0.3306451612903226,0-0-2567-6,i,49ae7020-Audio_SP17.v0,group_0,1,fave,1018.8725324380956,44.92790812848169,8,profesionales,,0.099999999999909,no,.,s,o,s,o,internal,45.19630157892055,74.70446189924125,69.15181545149022,49ae7020-Audio_SP17.csv,49ae7020-Audio_SP17,1403.76075,2783.088,1391.544,time column: time,audio_duration,H2
419.3524731678588,2652.461796199167,3340.3769804546414,3.8028905676160414,4.002067367619187,4.094267429039877,7666.666666666666,0.0133693929574032,1424.30575,0.051,0.3311688311688312,0-0-2574-4,i,49ae7020-Audio_SP17.v0,group_0,1,fave,227.77873438315072,77.55076261090231,8,confinación,,0.1300000000001091,hay,.,f,n,f,n,internal,44.83058321737858,54.71114123752509,59.995372187547815,49ae7020-Audio_SP17.csv,49ae7020-Audio_SP17,1424.30575,2783.088,1391.544,time column: time,audio_duration,H2
510.7841033696756,2249.6988577676243,2827.2282603577987,3.400435989047775,3.324668050316496,3.817796090659272,6230.769230769231,0.0012599248694749,1424.67575,0.031,0.3297872340425531,0-0-2574-8,i,49ae7020-Audio_SP17.v0,group_0,1,fave,255.7080918654921,76.74121872708463,8,confinación,,0.0699999999999363,hay,.,z,o,z,o,internal,29.977166915142742,27.789772305293106,45.50381145358812,49ae7020-Audio_SP17.csv,49ae7020-Audio_SP17,1424.67575,2783.088,1391.544,time column: time,audio_duration,H2
364.91731322415046,2646.571326309662,3297.515558270108,3.3674970336905186,3.4924829417667302,4.162323951174631,6230.769230769231,0.0063603301900088,1425.8227499999998,0.045,0.3358208955223881,0-0-2581-1,i,49ae7020-Audio_SP17.v0,group_0,1,fave,242.9567405502029,77.14118765276059,8,tiempo,,0.1100000000001273,un,.,t,é,t,é,internal,29.00583549445916,32.86745445153053,64.22059484135663,49ae7020-Audio_SP17.csv,49ae7020-Audio_SP17,1425.8227499999998,2783.088,1391.544,time column: time,audio_duration,H2
452.4096220745617,2345.674084664115,2710.344925191433,3.141008330171752,3.182615055757652,4.119880733158038,5871.794871794871,0.0034362253071421,1427.08775,0.055,0.3353658536585365,0-0-2583-0,i,49ae7020-Audio_SP17.v0,group_0,1,fave,217.1139675475681,65.31176273621905,8,Y,,0.1400000000001,.,luego,#,#,.,l,coextensive,23.127174933902864,24.10971944717416,61.551900725819806,49ae7020-Audio_SP17.csv,49ae7020-Audio_SP17,1427.08775,2783.088,1391.544,time column: time,audio_duration,H2
444.3265246254918,2458.995902538665,3389.118348340788,3.442155189066945,3.355647366760341,4.376452436319651,6230.769230769231,0.0003047678851968,1429.90375,0.027,0.3214285714285714,0-0-2591-5,i,49ae7020-Audio_SP17.v0,group_0,1,fave,186.0323273116971,71.77096108115755,8,reactivación,,0.0599999999999454,de,de,t,b,t,b,internal,31.25424444086005,28.664154406438254,79.55530469303785,49ae7020-Audio_SP17.csv,49ae7020-Audio_SP17,1429.90375,2783.088,1391.544,time column: time,audio_duration,H2
578.408146988511,2353.094274365893,2873.856243509591,2.699385020951949,2.698594283462671,3.5263813696295165,6230.769230769231,6.1336645189e-05,1430.76875,0.057,0.3275862068965517,0-0-2594-6,i,49ae7020-Audio_SP17.v0,group_0,1,fave,183.42535865945388,74.67602692024738,8,economía,,0.1500000000000909,la,[silence],m,a,m,a,internal,14.870583814796245,14.85882973449486,34.000708737840874,49ae7020-Audio_SP17.csv,49ae7020-Audio_SP17,1430.76875,2783.088,1391.544,time column: time,audio_duration,H2
371.99882467130107,1650.998989641593,2557.603697023642,3.635269008424719,3.95479377450231,4.026658279776178,5871.794871794871,0.005839378847717,1434.8127499999998,0.045,0.335820895522388,0-0-2606-0,i,49ae7020-Audio_SP17.v0,group_0,1,fave,173.52496996053864,65.80875200874135,8,y,,0.1100000000001273,[silence],a,#,#,.,a,coextensive,37.91205018640079,52.18493097130859,56.07321680802092,49ae7020-Audio_SP17.csv,49ae7020-Audio_SP17,1434.8127499999998,2783.088,1391.544,time column: time,audio_duration,H2
377.51000034310846,2353.863053814548,3118.055488569513,3.2879894988482947,2.8209184684373505,3.2596801393743853,6230.769230769231,0.000553310689581,1435.93775,0.035,0.3365384615384615,0-0-2611-6,i,49ae7020-Audio_SP17.v0,group_0,1,fave,174.4434097530194,74.66648659968592,8,permitían,,0.0799999999999272,[silence],que,t,a,t,a,internal,26.788950262233683,16.79226675847101,26.04120625370365,49ae7020-Audio_SP17.csv,49ae7020-Audio_SP17,1435.93775,2783.088,1391.544,time column: time,audio_duration,H2
459.3986421786825,2104.6036028535013,2600.2554974712125,2.925165309822961,3.438982185766489,3.4338719489764844,6230.769230769231,8.093978967309609e-06,1437.93375,0.027,0.3214285714285714,0-0-2617-4,i,49ae7020-Audio_SP17.v0,group_0,1,fave,158.74325425957613,70.70009632269831,8,horario,,0.0599999999999454,el,después,R,o,R,o,internal,18.63730672513425,31.155231786906032,30.996427285122973,49ae7020-Audio_SP17.csv,49ae7020-Audio_SP17,1437.93375,2783.088,1391.544,time column: time,audio_duration,H2
469.2068807444612,2339.378811492345,2796.352700962788,2.856668964483348,3.637738017924884,3.993477233854571,6230.769230769231,3.06920797952e-05,1443.23775,0.035,0.3365384615384615,0-0-2633-6,i,49ae7020-Audio_SP17.v0,group_0,1,fave,196.93961779587332,75.61627771676511,8,actualidad,,0.0799999999999272,la,es,l,d,l,d,internal,17.403458737488783,38.00577104972245,54.2431780267644,49ae7020-Audio_SP17.csv,49ae7020-Audio_SP17,1443.23775,2783.088,1391.544,time column: time,audio_duration,H2
390.0154349608796,2584.405152607903,3545.359832365298,3.5260026764771943,3.949093908620623,4.648298265909766,6410.25641025641,0.0281563969320846,1451.09775,0.1349999999999999,0.334158415841584,0-0-2650-0,i,49ae7020-Audio_SP17.v0,group_0,1,fave,91.62931779710496,66.8636364668629,8,Y,,0.3800000000001091,[silence],[silence],#,#,.,,coextensive,33.98783533995541,51.888329959729255,104.40716108974055,49ae7020-Audio_SP17.csv,49ae7020-Audio_SP17,1451.09775,2783.088,1391.544,time column: time,audio_duration,H2
533.8408004430495,2483.569773229845,3047.709018254493,3.30080794082267,3.777897361103289,4.553943246325877,6051.282051282051,0.0002590648389878,1453.00375,0.027,0.3214285714285714,0-0-2653-0,i,49ae7020-Audio_SP17.v0,group_0,1,fave,81.97306113820576,66.6457009590612,8,y,,0.0599999999999454,[silence],bueno,#,#,.,b,coextensive,27.134553179972464,43.724009211410376,95.00630390805168,49ae7020-Audio_SP17.csv,49ae7020-Audio_SP17,1453.00375,2783.088,1391.544,time column: time,audio_duration,H2
537.253005860031,2324.3742258090942,2867.4526836510545,3.606436356609609,3.319476330136159,3.6937807070560806,6230.769230769231,0.002623229848961,1453.74775,0.035,0.3365384615384615,0-0-2658-0,i,49ae7020-Audio_SP17.v0,group_0,1,fave,169.22335028992143,75.14645554452186,8,importa,,0.0799999999999272,les,la,#,m,s,m,initial,36.83455343265743,27.64586945849475,40.19653134918504,49ae7020-Audio_SP17.csv,49ae7020-Audio_SP17,1453.74775,2783.088,1391.544,time column: time,audio_duration,H2
317.96473276096555,2276.502687845936,2513.587316933468,0.9423402115386424,3.228511871429993,4.136640725734707,6230.769230769231,0.0003868582206419,1457.12575,0.031,0.3297872340425531,0-0-2667-2,i,49ae7020-Audio_SP17.v0,group_0,1,fave,159.6096688681982,72.26022411662358,8,evitar,,0.0700000000001637,para,eso,b,t,b,t,internal,2.565979331839015,25.24206556854166,62.59220350709966,49ae7020-Audio_SP17.csv,49ae7020-Audio_SP17,1457.12575,2783.088,1391.544,time column: time,audio_duration,H2
406.9654931242413,2551.1781961166585,2854.300087690856,3.005283121001026,3.3889595093008897,4.125052522863657,6230.769230769231,7.81319483428e-05,1460.0637499999998,0.027,0.3214285714285714,0-0-2670-5,i,49ae7020-Audio_SP17.v0,group_0,1,fave,166.25934926966733,73.35489948167701,8,decidí,,0.0599999999999454,[silence],quedarme,d,#,d,k,final,20.19193204681012,29.63510117587306,61.87105881021528,49ae7020-Audio_SP17.csv,49ae7020-Audio_SP17,1460.0637499999998,2783.088,1391.544,time column: time,audio_duration,H2
564.9028930851151,2038.1386361796792,2668.087534035174,4.132161511729074,3.7600257140396094,5.058228332421945,6589.74358974359,0.0014605951030385,1461.46375,0.027,0.3214285714285714,0-0-2674-0,i,49ae7020-Audio_SP17.v0,group_0,1,fave,79.16723682147169,57.52815824488224,8,y,,0.0599999999999454,casa,[silence],#,#,a,.,coextensive,62.3124666009462,42.94953037048893,157.3115654920241,49ae7020-Audio_SP17.csv,49ae7020-Audio_SP17,1461.46375,2783.088,1391.544,time column: time,audio_duration,H2
536.9431290513941,2459.2728105563547,3372.6030192926405,3.3535568392502584,4.503915273374787,4.279902015275614,6769.2307692307695,0.0008758766684009,1465.24875,0.037,0.3245614035087719,0-0-2685-1,i,49ae7020-Audio_SP17.v0,group_0,1,fave,159.83077489480232,72.92629173344852,8,Mi,,0.0899999999999181,.,madre,m,#,m,m,final,28.60429379502656,90.37026383206867,72.23336189450089,49ae7020-Audio_SP17.csv,49ae7020-Audio_SP17,1465.24875,2783.088,1391.544,time column: time,audio_duration,H2
446.3050527644476,2375.8772739549345,2991.768860349586,2.854117500782892,3.3013752743593034,3.8663787108154906,6230.769230769231,6.21992635173e-05,1467.16575,0.031,0.3297872340425531,0-0-2689-2,i,49ae7020-Audio_SP17.v0,group_0,1,fave,166.27047734950625,70.53442267301833,8,alimentos,,0.0699999999999363,lleva,a,l,m,l,m,internal,17.359111044081164,27.149951889682225,47.7690868093972,49ae7020-Audio_SP17.csv,49ae7020-Audio_SP17,1467.16575,2783.088,1391.544,time column: time,audio_duration,H2
538.9803605862645,2228.806992656824,2627.712208122193,3.049580448689501,2.825589622502641,3.3107083803362123,6230.769230769231,3.60177063153e-05,1467.7737499999998,0.027,0.3214285714285714,0-0-2691-1,i,49ae7020-Audio_SP17.v0,group_0,1,fave,159.04784258262532,74.05682653800993,8,mi,,0.0599999999999454,a,abuela,m,#,m,a,final,21.106487310252948,16.870889510138092,27.404531428879885,49ae7020-Audio_SP17.csv,49ae7020-Audio_SP17,1467.7737499999998,2783.088,1391.544,time column: time,audio_duration,H2
591.6503271068964,2709.700442002857,3166.3837330794777,3.780093864682203,3.683198521730766,4.25246042124968,5871.794871794871,0.0086632600072806,1472.19575,0.051,0.3311688311688312,0-0-2702-0,i,49ae7020-Audio_SP17.v0,group_0,1,fave,202.0259465604857,63.26406719258318,8,Y,,0.1299999999998817,[silence],no,#,#,.,n,coextensive,43.82015470743526,39.77340694399072,70.27811356469347,49ae7020-Audio_SP17.csv,49ae7020-Audio_SP17,1472.19575,2783.088,1391.544,time column: time,audio_duration,H2
330.8284145449271,2075.865760994708,2533.9429998736928,3.964268461487525,3.6420697935259856,3.607433409895713,6051.282051282051,0.1586724191233521,1507.42575,0.111,0.3323353293413173,0-0-2711-2,i,49ae7020-Audio_SP17.v0,group_0,1,fave,265.2323933024116,71.93645185287926,8,Luis,,0.3100000000001728,José,.,ú,s,ú,s,internal,52.68171658535058,38.17076061234515,36.87129776018188,49ae7020-Audio_SP17.csv,49ae7020-Audio_SP17,1507.42575,2783.088,1391.544,time column: time,audio_duration,H2
519.4985074299225,2487.1802026104115,3048.156016091776,3.583521328333686,3.5454454664095767,3.966284457772338,5871.794871794871,0.0022927593119736,1588.5007500000002,0.061,0.3315217391304348,0-0-2758-2,i,49ae7020-Audio_SP17.v0,group_0,1,fave,243.6420568761718,77.82168532600647,8,raíz,,0.1600000000000818,a,de,á,z,á,z,internal,36.00008603569555,34.655119595984694,52.7880298578385,49ae7020-Audio_SP17.csv,49ae7020-Audio_SP17,1588.5007500000002,2783.088,1391.544,time column: time,audio_duration,H2
288.61697870734275,2656.4864218863268,3409.2060941871387,3.804600650682757,3.581034632410212,3.9641019103774,6410.25641025641,0.0052588002829245,1590.3827499999998,0.045,0.335820895522388,0-0-2766-1,i,49ae7020-Audio_SP17.v0,group_0,1,fave,226.1118512265123,76.33387245607017,8,tiempo,,0.1100000000001273,el,.,t,é,t,é,internal,44.9073128269137,35.91067598238683,52.67294311760567,49ae7020-Audio_SP17.csv,49ae7020-Audio_SP17,1590.3827499999998,2783.088,1391.544,time column: time,audio_duration,H2
574.5020288086849,2453.337487940461,2857.5891447787144,3.814934793570278,3.5920463022487192,3.8655556857814326,6410.25641025641,0.0031387840818851,1602.99775,0.055,0.3353658536585365,0-0-2788-2,i,49ae7020-Audio_SP17.v0,group_0,1,fave,283.6061378685429,73.97978081405509,8,raíz,,0.1399999999998726,a,ya,á,z,á,z,internal,45.373797623137285,36.30829771172871,47.72978782933952,49ae7020-Audio_SP17.csv,49ae7020-Audio_SP17,1602.99775,2783.088,1391.544,time column: time,audio_duration,H2
246.5516893025133,1891.5569010635293,2770.9020286551063,3.415586781903087,3.759292618387612,3.843752940501156,6051.282051282051,0.0041232279458688,1604.54075,0.041,0.3306451612903226,0-0-2794-0,i,49ae7020-Audio_SP17.v0,group_0,1,fave,200.10121048619297,67.47183851177137,8,y,,0.099999999999909,[silence],la,#,#,.,l,coextensive,30.434802780536355,42.91805579486588,46.70040983288672,49ae7020-Audio_SP17.csv,49ae7020-Audio_SP17,1604.54075,2783.088,1391.544,time column: time,audio_duration,H2
626.8373957411261,2397.729358473433,3228.776942287031,3.05323105064997,2.8059418138083885,3.568411794837431,6230.769230769231,4.39931418278e-05,1605.75575,0.051,0.3311688311688312,0-0-2799-3,i,49ae7020-Audio_SP17.v0,group_0,1,fave,194.00762729376257,75.55060959786621,8,tenía,,0.1299999999998817,que,[silence],n,a,n,a,internal,21.18367950747195,16.54264866653259,35.460230284773715,49ae7020-Audio_SP17.csv,49ae7020-Audio_SP17,1605.75575,2783.088,1391.544,time column: time,audio_duration,H2
487.8290858954014,2248.945402522434,2853.916786107874,3.414842890888552,3.0160069529782776,3.7895804325544473,6230.769230769231,0.0001062513001241,1608.65375,0.027,0.3214285714285714,0-0-2807-5,i,49ae7020-Audio_SP17.v0,group_0,1,fave,195.56953278860448,75.72892051783678,8,relacionando,,0.0599999999999454,[silence],con,z,o,z,o,internal,30.41217102304294,20.409632136669824,44.23783562600394,49ae7020-Audio_SP17.csv,49ae7020-Audio_SP17,1608.65375,2783.088,1391.544,time column: time,audio_duration,H2
611.6560868718328,2373.837923919927,3214.1822111106094,3.19738613332218,2.776934841187152,3.884762535891933,6230.769230769231,0.0003725174454555,1610.72575,0.051,0.3311688311688312,0-0-2812-3,i,49ae7020-Audio_SP17.v0,group_0,1,fave,201.41688969086368,76.30892749339182,8,tenían,,0.1299999999998817,que,las,n,a,n,a,internal,24.468489167723156,16.069689232309248,48.65538717944335,49ae7020-Audio_SP17.csv,49ae7020-Audio_SP17,1610.72575,2783.088,1391.544,time column: time,audio_duration,H2
415.19259895533617,2511.878654819669,3069.3169181731164,4.01421525376311,4.313720844406644,3.7042332040255217,6410.25641025641,0.002917129370462,1612.91575,0.031,0.3297872340425531,0-0-2820-0,i,49ae7020-Audio_SP17.v0,group_0,1,fave,153.02438897179877,74.65869287104444,8,inicio,,0.0699999999999363,al,Entonces,#,n,l,n,initial,55.3798192410989,74.71798635945161,40.61888897180732,49ae7020-Audio_SP17.csv,49ae7020-Audio_SP17,1612.91575,2783.088,1391.544,time column: time,audio_duration,H2
593.3633169040652,2531.2398045054674,3421.499836844021,3.582966152402838,2.5507683184186245,3.7533522773305874,6410.25641025641,0.0008600038241121,1615.1707500000002,0.041,0.3306451612903226,0-0-2824-1,i,49ae7020-Audio_SP17.v0,group_0,1,fave,171.5882384729526,76.15572045448562,8,mi,,0.099999999999909,[silence],poca,m,#,m,p,final,35.98010520137242,12.81694749745794,42.66386364745135,49ae7020-Audio_SP17.csv,49ae7020-Audio_SP17,1615.1707500000002,2783.088,1391.544,time column: time,audio_duration,H2
556.7053935958069,2209.794979837688,2771.031481607605,2.6676608179352503,2.732765804963912,3.4533391111329776,6230.769230769231,6.932709183342355e-06,1616.60575,0.031,0.3297872340425531,0-0-2829-3,i,49ae7020-Audio_SP17.v0,group_0,1,fave,186.946872599992,76.69702124864513,8,podía,,0.0700000000001637,le,brindar,d,a,d,a,internal,14.406230951180389,15.37535349486034,31.60575142440406,49ae7020-Audio_SP17.csv,49ae7020-Audio_SP17,1616.60575,2783.088,1391.544,time column: time,audio_duration,H2
530.7228609014466,2252.2358436533414,2687.904355731826,2.787295570618524,3.279668280168809,3.263147175028984,6230.769230769231,1.44750421591e-05,1616.8437499999998,0.027,0.3214285714285714,0-0-2830-2,i,49ae7020-Audio_SP17.v0,group_0,1,fave,181.4063559751692,75.29864711698126,8,brindar,,0.0600000000001728,podía,[silence],R,n,R,n,internal,16.23704841902615,26.56695845105158,26.131648737335983,49ae7020-Audio_SP17.csv,49ae7020-Audio_SP17,1616.8437499999998,2783.088,1391.544,time column: time,audio_duration,H2
486.5292260893107,2359.172362701206,2831.562130982592,3.0655158732956225,3.4189553890791795,3.5559646488815875,6230.769230769231,4.91790651543e-05,1618.39875,0.037,0.3245614035087719,0-0-2833-4,i,49ae7020-Audio_SP17.v0,group_0,1,fave,174.34030511960154,76.92342111020449,8,servía,,0.0899999999999181,me,para,b,a,b,a,internal,21.44552230634321,30.53749854932589,35.021587213243926,49ae7020-Audio_SP17.csv,49ae7020-Audio_SP17,1618.39875,2783.088,1391.544,time column: time,audio_duration,H2
432.79382251152,2208.20441821522,2574.616394565487,2.6819622475495297,3.4835991036905662,3.775286951729966,6230.769230769231,0.0001277014342635,1620.04875,0.037,0.3245614035087719,0-0-2839-2,i,49ae7020-Audio_SP17.v0,group_0,1,fave,198.06647984404583,77.27335265263814,8,privado,,0.0899999999999181,un,[silence],R,b,R,b,internal,14.61374095716976,32.57675846810107,43.61002049126625,49ae7020-Audio_SP17.csv,49ae7020-Audio_SP17,1620.04875,2783.088,1391.544,time column: time,audio_duration,H2
1010.7903005365614,2407.4124996184955,3550.8595515864736,3.2928297213581628,2.37822172605135,4.66347747923983,6410.25641025641,0.0351909109695505,1620.88775,0.035,0.3365384615384615,0-0-2841-0,i,49ae7020-Audio_SP17.v0,group_0,1,fave,166.4953053253201,55.80093064556243,8,y,,0.0800000000001546,[silence],ponerme,#,#,.,p,coextensive,26.918929051680767,10.785705860475028,106.00406890163504,49ae7020-Audio_SP17.csv,49ae7020-Audio_SP17,1620.88775,2783.088,1391.544,time column: time,audio_duration,H2
525.4582295240344,2195.0582552967926,2911.045747482288,3.5131432858213474,2.4034348298662183,3.363138289590016,6230.769230769231,0.0001913980845163,1628.59075,0.041,0.3306451612903226,0-0-2865-3,i,49ae7020-Audio_SP17.v0,group_0,1,fave,207.38531428750707,75.56995213730792,8,ponían,,0.1000000000001364,me,en,n,a,n,a,internal,33.5535706616385,11.061104216636783,28.879681616083488,49ae7020-Audio_SP17.csv,49ae7020-Audio_SP17,1628.59075,2783.088,1391.544,time column: time,audio_duration,H2
686.7504479841841,2641.5777452860343,3177.173215162143,3.691793952006501,3.5364894879613145,4.085236369801193,6230.769230769231,5.00831917929e-05,1630.3427499999998,0.025,0.3378378378378378,0-0-2875-0,i,49ae7020-Audio_SP17.v0,group_0,1,fave,260.0143880631377,74.12552913340124,8,información,,0.0500000000001819,tenía,.,#,n,a,n,initial,40.11674996682631,34.34613478769466,59.45598969091435,49ae7020-Audio_SP17.csv,49ae7020-Audio_SP17,1630.3427499999998,2783.088,1391.544,time column: time,audio_duration,H2
325.6004047487448,2526.022385768363,3194.7846620879272,3.361347302349225,3.4672369021505567,4.824187494878781,6589.74358974359,0.0029074229766173,1630.74575,0.031,0.3297872340425531,0-0-2875-8,i,49ae7020-Audio_SP17.v0,group_0,1,fave,273.5153646362045,75.48225291019429,8,información,,0.0699999999999363,tenía,.,z,o,z,o,internal,28.828004764894903,32.048068045254155,124.48528235225017,49ae7020-Audio_SP17.csv,49ae7020-Audio_SP17,1630.74575,2783.088,1391.544,time column: time,audio_duration,H2
522.6153835099223,2309.8175513155875,2624.2149176433936,3.8200935110181113,3.343324847371789,3.1558431702044336,5692.307692307692,0.000226932704231,1634.3887499999998,0.037,0.3245614035087719,0-0-2883-2,i,49ae7020-Audio_SP17.v0,group_0,1,fave,208.78193490368253,74.93942525902423,8,fui,,0.0900000000001455,manera,conociendo,ú,#,ú,k,final,45.60847301619388,28.313107143398994,23.472820332657715,49ae7020-Audio_SP17.csv,49ae7020-Audio_SP17,1634.3887499999998,2783.088,1391.544,time column: time,audio_duration,H2
395.23255377900426,2490.892354732405,2793.836163197935,3.3192486878448784,2.9380798427936177,4.431411777952666,6230.769230769231,0.0008039733334869,1634.8737499999995,0.027,0.3214285714285714,0-0-2884-5,i,49ae7020-Audio_SP17.v0,group_0,1,fave,206.064638938784,74.37945179570369,8,conociendo,,0.0600000000001728,fui,algunas,z,é,z,é,internal,27.639576805690893,18.879559762732576,84.04999311614063,49ae7020-Audio_SP17.csv,49ae7020-Audio_SP17,1634.8737499999995,2783.088,1391.544,time column: time,audio_duration,H2
439.2985238755445,2457.377725806554,3138.361472287443,3.360091079613189,2.5428559472130656,4.367662087488201,6230.769230769231,0.0003135303349982,1637.03875,0.037,0.3245614035087719,0-0-2889-4,i,49ae7020-Audio_SP17.v0,group_0,1,fave,187.5346099300832,77.39095897844109,8,también,,0.0899999999999181,[silence],[silence],b,e,b,e,internal,28.79181310702592,12.715935201521004,78.85905045551016,49ae7020-Audio_SP17.csv,49ae7020-Audio_SP17,1637.03875,2783.088,1391.544,time column: time,audio_duration,H2
346.2416280923253,2438.2564758112694,3009.1817481005264,3.2818035845769065,3.099787120586,4.301856078746827,6230.769230769231,0.0066806668162754,1638.73275,0.065,0.3350515463917525,0-0-2892-2,i,49ae7020-Audio_SP17.v0,group_0,1,fave,133.00417009528294,71.38505952742834,8,así,,0.1699999999998453,estaban,.,s,#,s,.,final,26.62374760402857,22.193226297524586,73.83671334784403,49ae7020-Audio_SP17.csv,49ae7020-Audio_SP17,1638.73275,2783.088,1391.544,time column: time,audio_duration,H2
477.1868302548537,2398.822383172266,2862.14331031915,2.564289500159022,3.3087885807670543,4.455820614868241,6589.74358974359,0.0123367229812891,1652.45375,0.107,0.3302469135802469,0-0-2925-0,i,49ae7020-Audio_SP17.v0,group_0,1,fave,161.00385307762136,72.87401111529832,8,y,,0.2999999999999545,[silence],algún,#,#,.,á,coextensive,12.991424684620693,27.351970690434545,86.12679878543601,49ae7020-Audio_SP17.csv,49ae7020-Audio_SP17,1652.45375,2783.088,1391.544,time column: time,audio_duration,H2
368.21775578953054,2528.5399955754287,3181.3732030961105,3.403241766976922,2.992234834025574,3.618444683934436,6230.769230769231,0.0090979615272232,1657.24575,0.071,0.3317757009345794,0-0-2939-2,i,49ae7020-Audio_SP17.v0,group_0,1,fave,183.30346730138533,74.47528207239304,8,así,,0.1900000000000545,son,[silence],s,#,s,&,final,30.061394294857227,19.930173387785576,37.27954123950619,49ae7020-Audio_SP17.csv,49ae7020-Audio_SP17,1657.24575,2783.088,1391.544,time column: time,audio_duration,H2
503.1030353381629,2449.023292498559,3174.658536798064,3.184327912755572,2.516753673320637,3.4977544169653734,6230.769230769231,4.377664019890911e-06,1658.67375,0.027,0.3214285714285714,0-0-2944-0,i,49ae7020-Audio_SP17.v0,group_0,1,fave,175.827456508527,72.7804888270899,8,individual,,0.0599999999999454,manera,.,#,n,a,n,initial,24.15105133654989,12.388314798065208,33.0411718938306,49ae7020-Audio_SP17.csv,49ae7020-Audio_SP17,1658.67375,2783.088,1391.544,time column: time,audio_duration,H2
357.4420695152804,2359.543130016464,3038.0565206124024,2.8931118309962884,2.553386153261301,3.860876562305974,6230.769230769231,1.76663341208e-05,1658.79575,0.031,0.3297872340425531,0-0-2944-3,i,49ae7020-Audio_SP17.v0,group_0,1,fave,162.92281837103218,78.02307679314137,8,individual,,0.0699999999999363,manera,.,d,b,d,b,internal,18.049388949567287,12.850544105192078,47.50697594730629,49ae7020-Audio_SP17.csv,49ae7020-Audio_SP17,1658.79575,2783.088,1391.544,time column: time,audio_duration,H2
416.3416038789399,2228.2586860818137,2600.0210406359097,2.95915646679995,2.8995159204541654,2.9741394459585906,6230.769230769231,7.0471208684e-05,1658.89775,0.035,0.3365384615384615,0-0-2944-5,i,49ae7020-Audio_SP17.v0,group_0,1,fave,163.39565782055504,76.67094511104453,8,individual,,0.0799999999999272,manera,.,b,d,b,d,internal,19.28170013942239,18.1653497664642,19.572772571638275,49ae7020-Audio_SP17.csv,49ae7020-Audio_SP17,1658.89775,2783.088,1391.544,time column: time,audio_duration,H2
364.6202126323894,2290.815343779944,2675.1762042473188,3.196347127063568,2.8107054346441207,3.716753905221328,6230.769230769231,1.42765755877e-05,1677.20375,0.027,0.3214285714285714,0-0-2969-4,i,49ae7020-Audio_SP17.v0,group_0,1,fave,167.51357044113183,77.47644723261902,8,también,,0.0599999999999454,[silence],.,b,e,b,e,internal,24.44307945704921,16.621639564369787,41.13066314347198,49ae7020-Audio_SP17.csv,49ae7020-Audio_SP17,1677.20375,2783.088,1391.544,time column: time,audio_duration,H2
560.0498306126677,2382.176745829325,2830.8410957846645,2.720986513191184,3.3613821888166675,3.703335703521214,6230.769230769231,0.0009609892793929,1692.74775,0.075,0.3348214285714286,0-0-2988-1,i,49ae7020-Audio_SP17.v0,group_0,1,fave,186.92786258936195,77.09467288550405,8,mí,,0.2000000000000454,de,de,m,#,m,d,final,15.195305222332252,28.82901048968756,40.58244985298048,49ae7020-Audio_SP17.csv,49ae7020-Audio_SP17,1692.74775,2783.088,1391.544,time column: time,audio_duration,H2
485.68959664987534,2092.5534534821822,2827.9787455523388,3.646666744903337,2.9703823936659783,3.771928195515224,6230.769230769231,1.951938090469022e-06,1710.8827499999998,0.025,0.3378378378378378,0-0-3005-8,i,49ae7020-Audio_SP17.v0,group_0,1,fave,162.55594434628927,74.40452671710365,8,personalidades,,0.0500000000001819,de,.,l,d,l,d,internal,38.3466336731594,19.499374607906216,43.46379077636909,49ae7020-Audio_SP17.csv,49ae7020-Audio_SP17,1710.8827499999998,2783.088,1391.544,time column: time,audio_duration,H2
528.8634724533624,2569.144792954928,3509.6666942845377,3.666912155852675,2.9330213749296137,4.11215504989209,6051.282051282051,0.0014409887775239,1737.85075,0.041,0.3306451612903226,0-0-3026-1,i,49ae7020-Audio_SP17.v0,group_0,1,fave,301.595648631606,78.07365740788075,8,límite,,0.1000000000001364,Sin,de,l,m,l,m,internal,39.13088902923492,18.78429925562105,61.07820241405651,49ae7020-Audio_SP17.csv,49ae7020-Audio_SP17,1737.85075,2783.088,1391.544,time column: time,audio_duration,H2
427.13387739069714,2772.506713087472,3502.5351937084884,3.2270264766973344,3.8576220953489218,3.72633802727663,6230.769230769231,0.0198866657799044,1741.88075,0.081,0.3319672131147542,0-0-3044-0,i,49ae7020-Audio_SP17.v0,group_0,1,fave,138.4490653338527,66.35049973805167,8,y,,0.2200000000000272,[silence],tengo,#,#,.,t,coextensive,25.204598970537237,47.35261737753016,41.52675952532804,49ae7020-Audio_SP17.csv,49ae7020-Audio_SP17,1741.88075,2783.088,1391.544,time column: time,audio_duration,H2
558.3335547493238,2300.3056082200164,3103.434515919273,2.8317893860440053,3.087890770052262,4.211074069041333,6230.769230769231,0.0036818574637741,1746.32575,0.071,0.3317757009345794,0-0-3060-1,i,49ae7020-Audio_SP17.v0,group_0,1,fave,199.11856478268388,74.55419743617779,8,ahí,,0.1900000000000545,por,que,á,#,á,k,final,16.975809940694226,21.930772116752784,67.42892425024232,49ae7020-Audio_SP17.csv,49ae7020-Audio_SP17,1746.32575,2783.088,1391.544,time column: time,audio_duration,H2
498.0362296079704,2276.2880450209373,2859.2752544478453,2.7239069101692834,2.9439261176568152,3.619412108932959,6230.769230769231,0.0917746810468649,1753.06075,0.141,0.3325471698113207,0-0-3074-0,i,49ae7020-Audio_SP17.v0,group_0,1,fave,138.15038739751503,71.69964379280366,8,Y,,0.4000000000000909,.,otros,#,#,.,ó,coextensive,15.239746407150246,18.99025812964582,37.3156238504305,49ae7020-Audio_SP17.csv,49ae7020-Audio_SP17,1753.06075,2783.088,1391.544,time column: time,audio_duration,H2
553.8014292581137,2006.504650009085,2724.0971369578447,2.901615306534052,3.8440371768570527,3.6266072166996906,6230.769230769231,0.0003742219351161,1755.11875,0.037,0.3245614035087719,0-0-3080-2,i,49ae7020-Audio_SP17.v0,group_0,1,fave,189.31950444948228,72.10741225622318,8,países,,0.0900000000001455,otros,de,á,s,á,s,internal,18.203525908108823,46.713685673845454,37.585082013200136,49ae7020-Audio_SP17.csv,49ae7020-Audio_SP17,1755.11875,2783.088,1391.544,time column: time,audio_duration,H2
367.6399073987439,2356.770737903364,3113.8791162265607,3.052671793679123,2.728138540897785,3.993403041323469,6230.769230769231,0.0006508378656664,1757.11075,0.041,0.3306451612903226,0-0-3086-4,i,49ae7020-Audio_SP17.v0,group_0,1,fave,156.6522039775935,77.28365906456534,8,también,,0.1000000000001364,[silence],",",b,e,b,e,internal,21.171835699214075,15.304372025782214,54.23915373737952,49ae7020-Audio_SP17.csv,49ae7020-Audio_SP17,1757.11075,2783.088,1391.544,time column: time,audio_duration,H2
804.6005125737681,2149.0794812076465,3118.699262046035,3.866630765205272,3.642332810756917,3.572953046883298,5692.307692307692,0.0062551252196134,1758.11775,0.035,0.3365384615384615,0-0-3094-1,i,49ae7020-Audio_SP17.v0,group_0,1,fave,166.58995223709056,64.97894664108937,8,tiene,,0.0800000000001546,no,límite,t,é,t,é,internal,47.78112873496968,38.18080150050936,35.621630329864914,49ae7020-Audio_SP17.csv,49ae7020-Audio_SP17,1758.11775,2783.088,1391.544,time column: time,audio_duration,H2
461.78448295119534,2616.428704502825,3230.8704883139785,3.648175257814304,3.720728913465439,3.405727311208332,6230.769230769231,0.0002635292407116,1758.4407500000002,0.041,0.3306451612903226,0-0-3095-1,i,49ae7020-Audio_SP17.v0,group_0,1,fave,198.26630427265923,72.6347643819898,8,límite,,0.099999999999909,tiene,de,l,m,l,m,internal,38.40452371810965,41.29448324597621,30.136206155614214,49ae7020-Audio_SP17.csv,49ae7020-Audio_SP17,1758.4407500000002,2783.088,1391.544,time column: time,audio_duration,H2
320.8936840809096,2826.4434001645154,3768.312337121193,2.909179368068962,2.78818466952391,4.393813456823523,6230.769230769231,0.000257375424457,1760.47375,0.047,0.3263888888888889,0-0-3100-0,i,49ae7020-Audio_SP17.v0,group_0,1,fave,185.64726806945663,71.32136763181961,8,Y,,0.1199999999998908,.,la,#,#,,l,coextensive,18.34174057134328,16.251491180572533,80.94852483729638,49ae7020-Audio_SP17.csv,49ae7020-Audio_SP17,1760.47375,2783.088,1391.544,time column: time,audio_duration,H2
325.7826247218921,2362.7855368653704,3173.122719121729,3.317934535656088,3.6891189025787288,4.74834571804269,6769.2307692307695,0.0183640858957417,1760.95575,0.031,0.3297872340425531,0-0-3102-5,i,49ae7020-Audio_SP17.v0,group_0,1,fave,188.8710860291008,72.12886617818606,8,principal,,0.0699999999999363,la,razón,z,p,z,p,internal,27.60327805160201,40.00957908539458,115.39323360036624,49ae7020-Audio_SP17.csv,49ae7020-Audio_SP17,1760.95575,2783.088,1391.544,time column: time,audio_duration,H2
531.2731176610972,2267.5680800905025,2543.6258538749544,2.994411980150401,3.5149817922790314,4.371479245408742,6051.282051282051,0.0005256399931749,1765.47275,0.045,0.335820895522388,0-0-3118-2,i,49ae7020-Audio_SP17.v0,group_0,1,fave,149.33460867058136,71.29517472275649,8,raíz,,0.1099999999998999,a,de,á,z,á,z,internal,19.97361155600578,33.61531586005919,79.1606431518364,49ae7020-Audio_SP17.csv,49ae7020-Audio_SP17,1765.47275,2783.088,1391.544,time column: time,audio_duration,H2
351.28770145308965,2672.2357603842047,4311.141179872697,2.872777122797001,2.60588107528182,2.802982173844189,6948.717948717948,0.0016865851317141,1769.99775,0.035,0.3365384615384616,0-0-3126-0,i,49ae7020-Audio_SP17.v0,group_0,1,fave,89.67411985304678,67.63367667859475,8,Y,,0.0799999999999272,[silence],si,#,#,.,s,coextensive,17.68606644012099,13.54315258453963,16.493760763407334,49ae7020-Audio_SP17.csv,49ae7020-Audio_SP17,1769.99775,2783.088,1391.544,time column: time,audio_duration,H2
497.3131647729141,2184.7571969697447,2635.4640558536776,3.0608969180078693,2.952721027770198,3.0262274449752256,6230.769230769231,9.831157441013232e-06,1772.8737499999995,0.027,0.3214285714285714,0-0-3136-8,i,49ae7020-Audio_SP17.v0,group_0,1,fave,155.27009863054764,76.95551867901189,8,personalidades,,0.0600000000001728,de,",",l,d,l,d,internal,21.346694813278443,19.158012353264347,20.61929823882961,49ae7020-Audio_SP17.csv,49ae7020-Audio_SP17,1772.8737499999995,2783.088,1391.544,time column: time,audio_duration,H2
444.4987339810368,2450.0357541965013,3053.877436019055,3.418035405360937,3.1649164326893566,3.5252299178755404,6230.769230769231,0.0001878719990153,1775.37875,0.037,0.3245614035087719,0-0-3145-3,i,49ae7020-Audio_SP17.v0,group_0,1,fave,163.94113777463411,76.36998954284732,8,paciente,,0.0900000000001455,bien,.,z,é,z,é,internal,30.50941746691454,23.686764510912564,33.96158109324884,49ae7020-Audio_SP17.csv,49ae7020-Audio_SP17,1775.37875,2783.088,1391.544,time column: time,audio_duration,H2
458.6382117807311,2231.450748649071,3124.892839669093,2.9567301117340428,3.256981016456791,5.278854112102617,6769.2307692307695,0.0007862033122969,1782.3737499999995,0.027,0.3214285714285714,0-0-3163-1,i,49ae7020-Audio_SP17.v0,group_0,1,fave,146.26594037121407,77.18903445241453,8,diverso,,0.0600000000001728,con,tipo,d,b,d,b,internal,19.23497260033492,25.971012610353128,196.14498636161585,49ae7020-Audio_SP17.csv,49ae7020-Audio_SP17,1782.3737499999995,2783.088,1391.544,time column: time,audio_duration,H2
419.5938642159998,2507.7762396694147,3939.634625958807,3.051018422786157,3.57939009695166,4.573790591643394,6230.769230769231,4.00587096841e-05,1790.3827499999998,0.025,0.3378378378378378,0-0-3180-1,i,49ae7020-Audio_SP17.v0,group_0,1,fave,185.0443137580916,75.6276550900413,8,Quien,,0.0500000000001819,sé,son,k,é,k,é,internal,21.136859724415316,35.85166813594,96.91076354690992,49ae7020-Audio_SP17.csv,49ae7020-Audio_SP17,1790.3827499999998,2783.088,1391.544,time column: time,audio_duration,H2
884.5645851405751,2134.644742052756,3312.546386867573,3.747661618511646,4.065279233876188,4.498131634697219,6230.769230769231,0.0028670198136622,1791.66575,0.031,0.3297872340425531,0-0-3183-1,i,49ae7020-Audio_SP17.v0,group_0,1,fave,315.3766825615691,60.96005963363978,8,Quieren,,0.0699999999999363,.,todo,k,é,k,é,internal,42.42176765172036,58.28118033051875,89.84910343334167,49ae7020-Audio_SP17.csv,49ae7020-Audio_SP17,1791.66575,2783.088,1391.544,time column: time,audio_duration,H2
392.7032694085597,2336.1888529256657,3110.707252816969,3.4097908517324296,3.5797740912970566,3.4231235644736326,6589.74358974359,0.0002779646638215,1837.83375,0.027,0.3214285714285714,0-0-3225-1,i,49ae7020-Audio_SP17.v0,group_0,1,fave,236.32107475404544,76.27651560834396,8,ciertas,,0.0600000000001728,de,plataformas,z,é,z,é,internal,30.258914997895744,35.86543761730954,30.66504984279921,49ae7020-Audio_SP17.csv,49ae7020-Audio_SP17,1837.83375,2783.088,1391.544,time column: time,audio_duration,H2
432.05087930605856,2301.8370691607024,2808.0459715217253,3.5691169668678606,3.5550038021830392,3.404810708098452,6230.769230769231,0.0014432807873473,1839.55575,0.031,0.3297872340425531,0-0-3230-1,i,49ae7020-Audio_SP17.v0,group_0,1,fave,198.00962629868567,75.69989828453788,8,listado,,0.0699999999999363,un,¿,l,s,l,s,internal,35.48524466604757,34.98795299804214,30.10859587110143,49ae7020-Audio_SP17.csv,49ae7020-Audio_SP17,1839.55575,2783.088,1391.544,time column: time,audio_duration,H2
429.5596443722449,2146.7892699356453,2521.9568356276127,3.2342898225972085,3.303870808755373,3.433109956502237,6230.769230769231,3.08869293121e-05,1844.20375,0.027,0.3214285714285714,0-0-3243-3,i,49ae7020-Audio_SP17.v0,group_0,1,fave,224.92788048205747,69.79730890742319,8,requisitos,,0.0599999999999454,los,es,k,s,k,s,internal,25.388335153084174,27.21779013961129,30.97281723728493,49ae7020-Audio_SP17.csv,49ae7020-Audio_SP17,1844.20375,2783.088,1391.544,time column: time,audio_duration,H2
547.19019967584,1897.5922096981471,2806.2638313803204,2.7392648320806936,3.229890823800459,2.8035789988381143,6230.769230769231,4.424701362507053e-06,1852.08375,0.027,0.3214285714285714,0-0-3266-5,i,49ae7020-Audio_SP17.v0,group_0,1,fave,170.2648239758783,72.16436564856524,8,organizar,,0.0600000000001728,manera,de,n,z,n,z,internal,15.475603745844818,25.276897184743333,16.503607590198644,49ae7020-Audio_SP17.csv,49ae7020-Audio_SP17,1852.08375,2783.088,1391.544,time column: time,audio_duration,H2
460.7046773042789,2425.134828625278,2713.3069291990355,3.1171399031050897,2.968134930786243,3.615556383610572,6410.25641025641,0.0022235863662056,1855.41875,0.097,0.3299319727891156,0-0-3279-0,i,49ae7020-Audio_SP17.v0,group_0,1,fave,180.03466664858655,70.58547231776522,8,y,,0.2700000000002092,listado,simplemente,#,#,o,s,coextensive,22.581701340273508,19.455599696966505,37.17202207703274,49ae7020-Audio_SP17.csv,49ae7020-Audio_SP17,1855.41875,2783.088,1391.544,time column: time,audio_duration,H2
460.63294462546986,2076.837960536084,2486.9925966840024,2.637546746450567,3.0235345057697,3.026412496275459,6230.769230769231,0.0002023379000095,1856.78375,0.047,0.3263888888888889,0-0-3283-0,i,49ae7020-Audio_SP17.v0,group_0,1,fave,163.34285774294997,74.38712256218848,8,y,,0.1200000000001182,copio,pego,#,#,o,p,coextensive,13.978867800684974,20.563846419911453,20.62311421984384,49ae7020-Audio_SP17.csv,49ae7020-Audio_SP17,1856.78375,2783.088,1391.544,time column: time,audio_duration,H2
353.8616370105903,2483.7415454653046,3154.5701754944257,2.994566105626621,3.083846299597554,4.024626194768044,6230.769230769231,1.93970774955e-05,1868.50375,0.027,0.3214285714285714,0-0-3303-1,i,49ae7020-Audio_SP17.v0,group_0,1,fave,191.617709352294,75.52465973932854,8,tiempo,,0.0599999999999454,un,de,t,é,t,é,internal,19.976690235644067,21.842252884252428,55.95938695992187,49ae7020-Audio_SP17.csv,49ae7020-Audio_SP17,1868.50375,2783.088,1391.544,time column: time,audio_duration,H2
476.0957667121484,2303.676516207256,2845.1478747375686,3.5834357489053152,3.2734156596179185,3.552574176686976,6410.25641025641,0.000442483361558,1869.13575,0.031,0.3297872340425531,0-0-3305-5,i,49ae7020-Audio_SP17.v0,group_0,1,fave,200.7456031382564,75.4301334304722,8,duración,,0.0700000000001637,de,también,z,o,z,o,internal,35.99700530073696,26.40136358110692,34.903048560143034,49ae7020-Audio_SP17.csv,49ae7020-Audio_SP17,1869.13575,2783.088,1391.544,time column: time,audio_duration,H2
380.8503111734416,2229.9193491393225,2563.2910508026494,2.8089866612939254,3.612261620945532,3.824234626815032,6230.769230769231,9.50841045322e-05,1870.12575,0.031,0.3297872340425531,0-0-3308-6,i,49ae7020-Audio_SP17.v0,group_0,1,fave,176.8275306194953,74.8192908365476,8,ejecución,,0.0700000000001637,de,[silence],z,o,z,o,internal,16.593095270862573,37.04975062482656,45.79773459085499,49ae7020-Audio_SP17.csv,49ae7020-Audio_SP17,1870.12575,2783.088,1391.544,time column: time,audio_duration,H2
520.0523114307906,2522.7134286061782,2818.5889732639444,3.326006476282045,3.5556482203741275,3.7372706709192376,5692.307692307692,0.0005710865102778,1872.55375,0.047,0.3263888888888889,0-0-3315-1,i,49ae7020-Audio_SP17.v0,group_0,1,fave,177.48452246764734,71.7780383845463,8,minuto,,0.1200000000001182,un,",",m,n,m,n,internal,27.82699176030952,35.01050713779148,41.98324755260107,49ae7020-Audio_SP17.csv,49ae7020-Audio_SP17,1872.55375,2783.088,1391.544,time column: time,audio_duration,H2
376.88373590778673,2438.7464590908603,3171.719326931391,3.322732949150681,3.398620125571885,3.920516760708997,5871.794871794871,0.0075053311170589,1876.56975,0.119,0.3361581920903954,0-0-3322-0,i,49ae7020-Audio_SP17.v0,group_0,1,fave,125.67979875016324,70.49052915033799,8,Y,,0.3299999999999272,[silence],si,#,#,.,s,coextensive,27.736048281982125,29.92278186548745,50.42649647831056,49ae7020-Audio_SP17.csv,49ae7020-Audio_SP17,1876.56975,2783.088,1391.544,time column: time,audio_duration,H2
375.6021430022316,2260.702950258474,2891.238743271113,3.3002417391225607,3.2257405837421107,3.5530337212580223,6230.769230769231,0.000452195171216,1878.09575,0.031,0.3297872340425531,0-0-3329-1,i,49ae7020-Audio_SP17.v0,group_0,1,fave,189.90795416171173,79.64741694129415,8,ciertamente,,0.0700000000001637,[silence],organizado,z,e,z,e,internal,27.119193898466243,25.17220938351574,34.91909175262048,49ae7020-Audio_SP17.csv,49ae7020-Audio_SP17,1878.09575,2783.088,1391.544,time column: time,audio_duration,H2
370.2373821926208,2479.5862383510685,3045.596912865774,3.3878050886777182,3.331681778714849,4.086091861392863,6051.282051282051,2.33414166828e-05,1905.10275,0.025,0.3378378378378378,0-0-3364-3,i,49ae7020-Audio_SP17.v0,group_0,1,fave,187.21397364903424,75.79635250184288,8,facilidades,,0.0500000000001819,[silence],para,z,l,z,l,internal,29.60090954346588,27.985367343918103,59.50687555327958,49ae7020-Audio_SP17.csv,49ae7020-Audio_SP17,1905.10275,2783.088,1391.544,time column: time,audio_duration,H2
509.1854724771911,2169.909255056436,2842.9775531955406,3.784665180935327,3.528278730500007,3.4784353914225195,6230.769230769231,0.0013163160371282,1945.27575,0.031,0.3297872340425531,0-0-3390-1,i,49ae7020-Audio_SP17.v0,group_0,1,fave,230.1935534249894,67.4048146175823,8,simplemente,,0.0699999999999363,",",[silence],s,m,s,m,internal,44.02092904472888,34.065281591800456,32.4089750262682,49ae7020-Audio_SP17.csv,49ae7020-Audio_SP17,1945.27575,2783.088,1391.544,time column: time,audio_duration,H2
329.3304987895397,2407.0667341996195,3058.73164608856,3.3496868578487304,3.1730319172666688,3.921699438635173,6230.769230769231,0.0066435620610421,1950.82375,0.107,0.3302469135802469,0-0-3403-0,i,49ae7020-Audio_SP17.v0,group_0,1,fave,173.09537021839765,66.0165407435161,8,y,,0.2999999999999545,perderlas,estar,#,#,s,e,coextensive,28.493809633751777,23.87977621541392,50.48617006294993,49ae7020-Audio_SP17.csv,49ae7020-Audio_SP17,1950.82375,2783.088,1391.544,time column: time,audio_duration,H2
383.0617213140488,2010.4450466875528,2601.598541934585,3.362398959775426,3.723239063129791,3.131516711955526,6410.25641025641,1.657336453069616e-06,1951.63275,0.025,0.3378378378378378,0-0-3405-6,i,49ae7020-Audio_SP17.v0,group_0,1,fave,161.8581893809157,72.2166546610321,8,actualizando,,0.0500000000001819,estar,refrescando,l,z,l,z,internal,28.85833789742485,41.39826878335683,22.908699103814417,49ae7020-Audio_SP17.csv,49ae7020-Audio_SP17,1951.63275,2783.088,1391.544,time column: time,audio_duration,H2
332.00798179901614,2565.49635078261,3286.0171335378222,2.786790895376736,2.736606005213289,3.844476062445581,5871.794871794871,0.0003627169937362,1954.21875,0.037,0.324561403508772,0-0-3411-0,i,49ae7020-Audio_SP17.v0,group_0,1,fave,178.53590647135695,71.77823565012234,8,Y,,0.0899999999999181,?,ejecutar,#,#,,e,coextensive,16.22885605010612,15.434511447677284,46.73419213694114,49ae7020-Audio_SP17.csv,49ae7020-Audio_SP17,1954.21875,2783.088,1391.544,time column: time,audio_duration,H2
372.5851917619395,2389.02999631736,3216.669293829758,3.218515341214605,3.872895289926777,4.137596164977832,6410.25641025641,0.0117386752947527,1990.26375,0.047,0.3263888888888889,0-0-3423-2,i,49ae7020-Audio_SP17.v0,group_0,1,fave,205.71561621709463,74.60770734957573,8,Así,,0.1199999999998908,[silence],es,s,#,s,s,final,24.990989532820745,48.081394325785,62.65203513283409,49ae7020-Audio_SP17.csv,49ae7020-Audio_SP17,1990.26375,2783.088,1391.544,time column: time,audio_duration,H2
429.01258112957686,2195.7144759439016,2932.634932667944,3.425574993020206,3.4332307311045858,4.655641994609881,6230.769230769231,0.0207811038140715,1993.10075,0.101,0.3322368421052631,0-0-3435-2,i,49ae7020-Audio_SP17.v0,group_0,1,fave,135.3881152796913,75.22888343530234,8,así,,0.2799999999999727,algo,.,s,#,s,.,final,30.74031523754228,30.97655819287205,105.17672121697836,49ae7020-Audio_SP17.csv,49ae7020-Audio_SP17,1993.10075,2783.088,1391.544,time column: time,audio_duration,H2
345.81569771755335,2900.420630545039,3700.4548745400098,3.3606346721403977,3.931806657280792,4.642847091899543,7128.205128205128,0.0053660528785954,2023.88775,0.035,0.3365384615384615,0-0-3460-4,i,49ae7020-Audio_SP17.v0,group_0,1,fave,255.942354129428,71.01559303775477,8,participado,,0.0800000000001546,he,de,t,z,t,z,internal,28.807468376133837,50.99903226156144,103.8395679168193,49ae7020-Audio_SP17.csv,49ae7020-Audio_SP17,2023.88775,2783.088,1391.544,time column: time,audio_duration,H2
377.4665936920025,2436.388420991683,3125.254898530985,3.8552219877754585,3.509272612107404,3.942906174568827,6230.769230769231,0.0009546792669575,2023.99875,0.037,0.3245614035087719,0-0-3460-6,i,49ae7020-Audio_SP17.v0,group_0,1,fave,218.68502196114247,75.23760166030009,8,participado,,0.0899999999999181,he,de,z,p,z,p,internal,47.23910228065303,33.423946765410115,51.568250079402965,49ae7020-Audio_SP17.csv,49ae7020-Audio_SP17,2023.99875,2783.088,1391.544,time column: time,audio_duration,H2
501.2179748089293,2446.02547804285,3096.7079162377217,3.241610369045808,2.9509574113923938,3.911574872157933,6410.25641025641,0.0025474781331988,2026.10375,0.087,0.3295454545454545,0-0-3467-1,i,49ae7020-Audio_SP17.v0,group_0,1,fave,184.2381895520724,73.53776780829298,8,ahí,,0.2400000000000091,[silence],.,á,#,á,.,final,25.57487358841002,19.12425474539682,49.97759835632516,49ae7020-Audio_SP17.csv,49ae7020-Audio_SP17,2026.10375,2783.088,1391.544,time column: time,audio_duration,H2
313.45237267960425,2901.1241042583133,3482.635344292923,3.938111630183255,4.231393108643968,3.9938831179534775,6051.282051282051,0.0467272614050725,2032.46375,0.047,0.3263888888888889,0-0-3472-1,i,49ae7020-Audio_SP17.v0,group_0,1,fave,250.5783099745054,79.11525217594618,8,siempre,,0.1199999999998908,y,",",s,é,s,é,internal,51.32159558596985,68.81302945649546,54.26519893886633,49ae7020-Audio_SP17.csv,49ae7020-Audio_SP17,2032.46375,2783.088,1391.544,time column: time,audio_duration,H2
529.8092913774083,2105.958654254445,2565.45701301699,3.174400720832206,3.31200005294338,3.535051413262577,6230.769230769231,4.6348094051e-05,2046.94375,0.027,0.3214285714285714,0-0-3488-4,i,49ae7020-Audio_SP17.v0,group_0,1,fave,249.07465113245107,76.19194980890647,8,también,,0.0599999999999454,pero,deja,b,e,b,e,internal,23.912485319303777,27.439951982393502,34.296777978152626,49ae7020-Audio_SP17.csv,49ae7020-Audio_SP17,2046.94375,2783.088,1391.544,time column: time,audio_duration,H2
431.5289483648991,2002.622089758072,2769.344839655251,3.450895186824149,3.138954245113384,3.7392287087662175,6410.25641025641,0.0004733121898047,2048.03075,0.041,0.3306451612903226,0-0-3491-4,i,49ae7020-Audio_SP17.v0,group_0,1,fave,177.21238524173708,74.95001382413426,8,explicar,,0.099999999999909,[silence],.,l,k,l,k,internal,31.52860367023384,23.079718505884664,42.06553287284427,49ae7020-Audio_SP17.csv,49ae7020-Audio_SP17,2048.03075,2783.088,1391.544,time column: time,audio_duration,H2
412.4102518153691,2756.223704491501,3536.6656354224583,3.2049098890835883,3.61354824931187,4.03128732873456,6410.25641025641,0.0011683110810404,2050.04775,0.1149999999999999,0.3343023255813953,0-0-3495-0,i,49ae7020-Audio_SP17.v0,group_0,1,fave,209.9953612039893,73.53180212213968,8,Y,,0.3200000000001637,[silence],dentro,#,#,.,d,coextensive,24.653278386853216,37.09745056441362,56.33338417304021,49ae7020-Audio_SP17.csv,49ae7020-Audio_SP17,2050.04775,2783.088,1391.544,time column: time,audio_duration,H2
603.0897764177157,2516.0544535305858,2782.626665362722,2.430609380978837,4.029527116228501,3.755072975589606,6410.25641025641,6.191783808816774e-07,2051.3027500000003,0.025,0.3378378378378378,0-0-3499-4,i,49ae7020-Audio_SP17.v0,group_0,1,fave,197.6357806548453,77.44951082352738,8,también,,0.0500000000001819,eso,uno,b,e,b,e,internal,11.365806076143368,56.23431266474398,42.7373384792314,49ae7020-Audio_SP17.csv,49ae7020-Audio_SP17,2051.3027500000003,2783.088,1391.544,time column: time,audio_duration,H2
374.5022607125241,2721.546262551131,2967.3406317681165,3.0871374200143498,3.7587630598583295,4.189650699513559,6230.769230769231,0.0076805656413458,2064.0537500000005,0.047,0.3263888888888889,0-0-3535-7,i,49ae7020-Audio_SP17.v0,group_0,1,fave,-711.6016871750293,61.747959896541325,8,xenofobia,,0.1199999999998908,la,.,b,a,b,a,internal,21.91425679043912,42.89533418910054,65.99973319469012,49ae7020-Audio_SP17.csv,49ae7020-Audio_SP17,2064.0537500000005,2783.088,1391.544,time column: time,audio_duration,H2
450.6031424840871,2953.0052544739888,3287.9063173004647,2.2112345226601104,2.6816405307453484,3.883466306850532,6230.769230769231,0.0004067228164362,2070.07875,0.037,0.3245614035087719,0-0-3540-1,i,49ae7020-Audio_SP17.v0,group_0,1,fave,154.7756309600826,72.3278239209126,8,mi,,0.0900000000001455,Hacia,país,m,#,m,p,final,9.126976900736484,14.60904022732432,48.59235951153251,49ae7020-Audio_SP17.csv,49ae7020-Audio_SP17,2070.07875,2783.088,1391.544,time column: time,audio_duration,H2
415.5679214655586,2553.0466806533345,3211.942245555685,3.0801041835940053,3.0244436127295806,4.01602773228851,6230.769230769231,0.0015628540768655,2070.34775,0.095,0.334507042253521,0-0-3541-2,i,49ae7020-Audio_SP17.v0,group_0,1,fave,177.3665600459231,74.706949869278,8,país,,0.2599999999997635,mi,hacia,á,s,á,s,internal,21.760669382847883,20.58254965614668,55.48028499271944,49ae7020-Audio_SP17.csv,49ae7020-Audio_SP17,2070.34775,2783.088,1391.544,time column: time,audio_duration,H2
671.6013944459504,2501.776296275089,3293.494197179348,2.571881253543411,2.7720668634438232,3.5743117099999866,6410.25641025641,0.0137473620343974,2071.12375,0.087,0.3295454545454545,0-0-3544-1,i,49ae7020-Audio_SP17.v0,group_0,1,fave,171.9533581050091,75.87845581179937,8,mios,,0.2400000000002364,los,",",m,ó,m,ó,internal,13.090427704694068,15.991652437578557,35.67006101819527,49ae7020-Audio_SP17.csv,49ae7020-Audio_SP17,2071.12375,2783.088,1391.544,time column: time,audio_duration,H2
499.0468867568392,2558.8282076468504,4001.2180553690905,3.5426162323022177,3.401185459772308,4.50724378954177,7128.205128205128,0.0037472071956413,2074.3457500000004,0.051,0.3311688311688311,0-0-3552-1,i,49ae7020-Audio_SP17.v0,group_0,1,fave,156.32480938571513,67.12164872247013,8,mi,,0.1299999999996544,de,parte,m,#,m,p,final,34.557210718506745,29.999642345436545,90.67156387911136,49ae7020-Audio_SP17.csv,49ae7020-Audio_SP17,2074.3457500000004,2783.088,1391.544,time column: time,audio_duration,H2
486.7876909730752,2365.1492249835537,2924.8886402277644,3.2844466038153133,2.79939350096303,3.3082181429262785,6230.769230769231,0.0007689762971068,2085.0527500000003,0.025,0.3378378378378378,0-0-3585-1,i,49ae7020-Audio_SP17.v0,group_0,1,fave,969.7205120194178,75.721686514653,8,cierta,,0.0500000000001819,[silence],conversación,z,é,z,é,internal,26.69420775389341,16.434676132564036,27.336372540643342,49ae7020-Audio_SP17.csv,49ae7020-Audio_SP17,2085.0527500000003,2783.088,1391.544,time column: time,audio_duration,H2
433.8234134864536,2181.8762225490505,2728.369095232097,3.211757896642335,3.0048686197745766,3.589636892591013,6230.769230769231,0.0003643261135595,2085.71775,0.035,0.3365384615384615,0-0-3586-9,i,49ae7020-Audio_SP17.v0,group_0,1,fave,207.0439280822229,76.97873017584577,8,conversación,,0.0800000000003819,cierta,[silence],z,o,z,o,internal,24.82268360567989,20.183564200573404,36.22092145343761,49ae7020-Audio_SP17.csv,49ae7020-Audio_SP17,2085.71775,2783.088,1391.544,time column: time,audio_duration,H2
548.329916996372,2013.1926319790289,2504.723282798476,3.845354189902959,2.4965725528023,3.835368135060659,5692.307692307692,0.01509110678252,2090.91375,0.027,0.3214285714285714,0-0-3599-1,i,49ae7020-Audio_SP17.v0,group_0,1,fave,195.0731463454037,68.16945512510638,8,ciudadanos,,0.0599999999999454,los,de,z,u,z,u,internal,46.7752487380811,12.140810580515089,46.31047303905995,49ae7020-Audio_SP17.csv,49ae7020-Audio_SP17,2090.91375,2783.088,1391.544,time column: time,audio_duration,H2
335.1505858623728,2510.973041603634,3175.4739923213347,2.222027439065832,2.992244307380977,3.320595297598586,6230.769230769231,0.0015024952985496,2092.58575,0.051,0.3311688311688312,0-0-3603-0,i,49ae7020-Audio_SP17.v0,group_0,1,fave,152.20355614954846,64.96028018598015,8,y,,0.1300000000001091,[silence],a,#,#,.,a,coextensive,9.22601710437591,19.930362194295636,27.67682160087985,49ae7020-Audio_SP17.csv,49ae7020-Audio_SP17,2092.58575,2783.088,1391.544,time column: time,audio_duration,H2
501.7035153062072,2418.1547435851403,3057.50810094939,3.1626238367858104,2.7722378186649714,3.350290316774468,6230.769230769231,0.001228614327219,2114.17575,0.071,0.3317757009345794,0-0-3613-0,i,49ae7020-Audio_SP17.v0,group_0,1,fave,131.83082727894205,76.18496862770716,8,y,,0.1900000000000545,",",no,#,#,.,n,coextensive,23.632522532852896,15.994386527754385,28.51100966673828,49ae7020-Audio_SP17.csv,49ae7020-Audio_SP17,2114.17575,2783.088,1391.544,time column: time,audio_duration,H2
457.15667101650325,2169.229252915606,2757.1665396792323,3.278389252416108,3.063522357185389,3.6967487807874138,5692.307692307692,0.0026432833552611,2115.79575,0.031,0.3297872340425531,0-0-3623-1,i,49ae7020-Audio_SP17.v0,group_0,1,fave,253.08619349060527,72.09389636664305,8,siempre,,0.0699999999997089,Yo,soy,s,é,s,é,internal,26.533000295229066,21.40281289722503,40.31601484817518,49ae7020-Audio_SP17.csv,49ae7020-Audio_SP17,2115.79575,2783.088,1391.544,time column: time,audio_duration,H2
475.2682724065105,2504.821437117919,3180.9152882624044,3.743627914853812,3.69214615452904,4.027148743318656,6589.74358974359,0.0096682424113399,2123.98275,0.105,0.3343949044585987,0-0-3652-2,i,49ae7020-Audio_SP17.v0,group_0,1,fave,232.1501550768313,73.55409148990059,8,Así,,0.2899999999999636,.,se,s,#,s,s,final,42.250995466116144,40.1308816758264,56.10072542200943,49ae7020-Audio_SP17.csv,49ae7020-Audio_SP17,2123.98275,2783.088,1391.544,time column: time,audio_duration,H2
391.0408139557832,2354.415880645849,2977.904653100265,3.392488412122062,3.2540179425121183,3.522603755057868,6230.769230769231,0.0065141945295186,2125.1937500000004,0.047,0.3263888888888889,0-0-3657-0,i,49ae7020-Audio_SP17.v0,group_0,1,fave,107.08640034976082,71.26157612646854,8,y,,0.1199999999998908,poquitos,de,#,#,s,d,coextensive,29.73986531052317,25.89417247728884,33.872509461248335,49ae7020-Audio_SP17.csv,49ae7020-Audio_SP17,2125.1937500000004,2783.088,1391.544,time column: time,audio_duration,H2
484.0337918660461,2592.2635604068,3236.938803610429,2.933504035206845,2.8552334904031302,3.899473523724395,6230.769230769231,0.0006121224997657,2128.74575,0.051,0.3311688311688312,0-0-3670-0,i,49ae7020-Audio_SP17.v0,group_0,1,fave,137.076314593976,65.37913448920314,8,y,,0.1300000000001091,saben,los,#,#,n,l,coextensive,18.79336787906347,17.37849444564867,49.37644673353592,49ae7020-Audio_SP17.csv,49ae7020-Audio_SP17,2128.74575,2783.088,1391.544,time column: time,audio_duration,H2
425.9474756382918,2525.6008022360925,3199.214394772155,3.267163675956513,2.520394860418661,3.866211274849105,6230.769230769231,0.0045972588029927,2131.17275,0.045,0.3358208955223881,0-0-3678-0,i,49ae7020-Audio_SP17.v0,group_0,1,fave,97.55648774659709,71.24102586734126,8,y,,0.1100000000001273,[silence],los,#,#,.,l,coextensive,26.23681759274559,12.433505193487802,47.76108921574502,49ae7020-Audio_SP17.csv,49ae7020-Audio_SP17,2131.17275,2783.088,1391.544,time column: time,audio_duration,H2
393.7958796901948,2427.8561131772585,2797.01607805969,2.9157926299343417,3.068852137316888,3.4633359690253034,6230.769230769231,0.003137373264768,2134.22275,0.0849999999999999,0.3346456692913385,0-0-3689-0,i,49ae7020-Audio_SP17.v0,group_0,1,fave,101.68771338274664,73.40918965215101,8,y,,0.2300000000000182,amigo,ahí,#,#,o,á,coextensive,18.46344128058774,21.517189715054272,31.92329420045472,49ae7020-Audio_SP17.csv,49ae7020-Audio_SP17,2134.22275,2783.088,1391.544,time column: time,audio_duration,H2
549.3944484760879,2350.2102572826893,3063.9204648220707,3.212264216891223,2.7282308312465084,3.77154457060044,6230.769230769231,0.0005006757708788,2134.4857500000003,0.051,0.3311688311688312,0-0-3690-1,i,49ae7020-Audio_SP17.v0,group_0,1,fave,193.51628884314613,67.95011109998636,8,ahí,,0.1300000000001091,y,se,á,#,á,s,final,24.83525501533225,15.305784536793029,43.447120181168565,49ae7020-Audio_SP17.csv,49ae7020-Audio_SP17,2134.4857500000003,2783.088,1391.544,time column: time,audio_duration,H2
498.8901815797437,2306.5063925379845,2828.472442988674,3.3240024989346084,3.475932700632887,3.5006079807173816,6051.282051282051,0.0007539612071313,2135.43575,0.031,0.3297872340425531,0-0-3694-8,i,49ae7020-Audio_SP17.v0,group_0,1,fave,239.7268758984512,72.70188545992657,8,información,,0.0699999999997089,la,¿,z,o,z,o,internal,27.77128293742765,32.32796679452892,33.135591636578106,49ae7020-Audio_SP17.csv,49ae7020-Audio_SP17,2135.43575,2783.088,1391.544,time column: time,audio_duration,H2
458.32823787209,2002.524824745484,2653.879248599175,3.187591435053996,3.6288522939799024,4.139491781556366,6230.769230769231,0.0003386846715174,2140.68575,0.031,0.3297872340425531,0-0-3702-0,i,49ae7020-Audio_SP17.v0,group_0,1,fave,304.6993524926933,72.20212665073647,8,y,,0.0699999999997089,",",cosas,#,#,.,k,coextensive,24.229997582465472,37.669558219225685,62.770912006199474,49ae7020-Audio_SP17.csv,49ae7020-Audio_SP17,2140.68575,2783.088,1391.544,time column: time,audio_duration,H2
457.91753860635606,2192.2102545966886,2805.791490486546,3.368150309318891,3.774219482850252,3.652907543100596,6051.282051282051,0.0043521654985579,2141.2477499999995,0.055,0.3353658536585365,0-0-3704-2,i,49ae7020-Audio_SP17.v0,group_0,1,fave,257.02214966544915,74.87628360281701,8,así,,0.1400000000003274,cosas,.,s,#,s,.,final,29.02479049061266,43.56349298929648,38.58669558528032,49ae7020-Audio_SP17.csv,49ae7020-Audio_SP17,2141.2477499999995,2783.088,1391.544,time column: time,audio_duration,H2
303.07408869193705,1981.6017537653104,3183.442972540637,3.605279859282396,4.023867234883357,4.490146271400783,5871.794871794871,0.0129864465803236,2150.56575,0.091,0.3321167883211678,0-0-3722-0,i,49ae7020-Audio_SP17.v0,group_0,1,fave,147.12114565978118,77.59072271449448,8,Y,,0.25,.,así,#,#,,á,coextensive,36.79197899342129,55.91693214283707,89.13448275082466,49ae7020-Audio_SP17.csv,49ae7020-Audio_SP17,2150.56575,2783.088,1391.544,time column: time,audio_duration,H2
322.40157393498896,2459.4714240471835,3170.719399273875,2.654121538075741,3.0701551074499283,4.164251444579705,6230.769230769231,0.000833022070178,2150.8637500000004,0.047,0.3263888888888889,0-0-3723-2,i,49ae7020-Audio_SP17.v0,group_0,1,fave,163.36566480139857,74.64406642679879,8,así,,0.1199999999998908,Y,.,s,#,s,.,final,14.212495437775248,21.545244243737343,64.34449898823519,49ae7020-Audio_SP17.csv,49ae7020-Audio_SP17,2150.8637500000004,2783.088,1391.544,time column: time,audio_duration,H2
324.1689912344439,2312.585807203337,2895.959824182331,2.494876517714931,3.0854110047173102,4.333915355102366,5153.846153846154,0.4085620286074505,2151.58075,0.041,0.3306451612903226,0-0-3727-5,i,49ae7020-Audio_SP17.v0,group_0,1,fave,189.1045272846885,64.90978809829316,8,principal,,0.099999999999909,[silence],el,z,p,z,p,internal,12.120236791647104,21.87645632133562,76.24221829274073,49ae7020-Audio_SP17.csv,49ae7020-Audio_SP17,2151.58075,2783.088,1391.544,time column: time,audio_duration,H2
295.09475979743064,2398.160972685639,2741.781570880109,2.7721288145331773,2.82991281046687,2.917063568595949,6410.25641025641,0.001117738222576,2152.2737500000003,0.027,0.3214285714285714,0-0-3729-5,i,49ae7020-Audio_SP17.v0,group_0,1,fave,191.0121651189604,73.77119838812928,8,principal,,0.0599999999999454,el,punto,z,p,z,p,internal,15.992643168555748,16.943983422130998,18.486922100117543,49ae7020-Audio_SP17.csv,49ae7020-Audio_SP17,2152.2737500000003,2783.088,1391.544,time column: time,audio_duration,H2
467.99670609699785,2253.737926100618,2865.3177327802914,3.2252043858514785,3.672619487784475,3.952550005057607,6230.769230769231,6.06624010769e-05,2154.28375,0.027,0.3214285714285714,0-0-3738-3,i,49ae7020-Audio_SP17.v0,group_0,1,fave,128.41125386104832,67.65564947884454,8,delicado,,0.0599999999999454,tema,.,l,k,l,k,internal,25.158715715903096,39.354860533607,52.06797128207918,49ae7020-Audio_SP17.csv,49ae7020-Audio_SP17,2154.28375,2783.088,1391.544,time column: time,audio_duration,H2
490.943033194202,2315.232028544101,2917.8965189294995,2.618031881544276,2.962521608573276,4.162382980011339,6230.769230769231,0.0001533098969771,2197.21775,0.035,0.3365384615384615,0-0-3751-3,i,49ae7020-Audio_SP17.v0,group_0,1,fave,192.00462364695235,75.607032032342,8,variable,,0.0800000000003819,bien,a,R,á,R,á,internal,13.708716639139372,19.34669509130159,64.22438582025022,49ae7020-Audio_SP17.csv,49ae7020-Audio_SP17,2197.21775,2783.088,1391.544,time column: time,audio_duration,H2
465.1656177017083,2508.9841981708128,3580.2547588290827,2.276620726831376,3.752660531458692,3.854631188804632,5871.794871794871,0.0063702172428153,2208.82775,0.055,0.3353658536585365,0-0-3778-0,i,49ae7020-Audio_SP17.v0,group_0,1,fave,164.5806376842287,74.18342098315044,8,Y,,0.1399999999998726,[silence],eso,#,#,.,s,coextensive,9.743698095254356,42.63436130113369,47.21120171026852,49ae7020-Audio_SP17.csv,49ae7020-Audio_SP17,2208.82775,2783.088,1391.544,time column: time,audio_duration,H2
454.9739835861296,2089.184267052115,2600.7345094086154,3.042874575792107,3.3481379794241706,3.72943498995766,6589.74358974359,2.3127393138e-05,2210.35375,0.027,0.3214285714285714,0-0-3785-6,i,49ae7020-Audio_SP17.v0,group_0,1,fave,157.68467132079726,75.71063117403244,8,sacrificarte,,0.0599999999999454,a,un,f,k,f,k,internal,20.965423396001334,28.44971034780908,41.65556570085121,49ae7020-Audio_SP17.csv,49ae7020-Audio_SP17,2210.35375,2783.088,1391.544,time column: time,audio_duration,H2
413.9271269888423,2447.487649975153,3092.255696783064,3.296250518047701,2.6449918912680723,3.660314683191083,6410.25641025641,4.65629055086e-05,2214.71275,0.045,0.335820895522388,0-0-3796-6,i,49ae7020-Audio_SP17.v0,group_0,1,fave,174.0567006377527,75.70542634490947,8,gustaría,,0.1100000000001273,me,",",R,a,R,a,internal,27.011170915447757,14.083330884706616,38.873573807051,49ae7020-Audio_SP17.csv,49ae7020-Audio_SP17,2214.71275,2783.088,1391.544,time column: time,audio_duration,H2
493.0675142264805,2103.5711219100604,2691.4279800316936,2.92875645690997,2.84236665565795,3.0703203376356667,6230.769230769231,4.184368313832578e-06,2215.61375,0.027,0.3214285714285714,0-0-3802-6,i,49ae7020-Audio_SP17.v0,group_0,1,fave,161.93260302813172,77.73340779410285,8,gustaría,,0.0599999999999454,Me,encontrar,R,a,R,a,internal,18.7043563553742,17.15632063153702,21.548804462565226,49ae7020-Audio_SP17.csv,49ae7020-Audio_SP17,2215.61375,2783.088,1391.544,time column: time,audio_duration,H2
649.4428558949131,2175.970312681925,2709.250138998756,3.382958673320919,3.320690251590184,3.70643524277311,6230.769230769231,8.69621860476e-05,2216.63275,0.025,0.3378378378378378,0-0-3805-3,i,49ae7020-Audio_SP17.v0,group_0,1,fave,3507.6195755910044,74.59426347515054,8,opción,,0.0500000000001819,alguna,de,z,o,z,o,internal,29.457798309234057,27.679449750340268,40.708431891514,49ae7020-Audio_SP17.csv,49ae7020-Audio_SP17,2216.63275,2783.088,1391.544,time column: time,audio_duration,H2
416.2919288643064,2616.5659205671814,3123.1045142930934,3.159725652408358,2.780945882621058,3.610491906228275,6410.25641025641,0.0027900851672899,2224.92075,0.141,0.3325471698113207,0-0-3826-2,i,49ae7020-Audio_SP17.v0,group_0,1,fave,185.61567773170907,75.7698750497556,8,país,,0.4000000000000909,otro,que,á,s,á,s,internal,23.56413027979962,16.134274862879938,36.9842411195403,49ae7020-Audio_SP17.csv,49ae7020-Audio_SP17,2224.92075,2783.088,1391.544,time column: time,audio_duration,H2
334.2445811250414,2580.263325797765,3081.388500771787,3.3133472958791184,3.469081929453906,4.060076620581589,6589.74358974359,0.0432103217610207,2228.21275,0.045,0.3358208955223881,0-0-3835-1,i,49ae7020-Audio_SP17.v0,group_0,1,fave,172.88707584764495,71.13702759627165,8,sin,,0.1100000000001273,pero,sin,s,n,s,n,internal,27.47694517767387,32.10725218720697,57.97875327457103,49ae7020-Audio_SP17.csv,49ae7020-Audio_SP17,2228.21275,2783.088,1391.544,time column: time,audio_duration,H2
447.22107394161,2420.305223911784,2921.7043431363386,2.954993036612091,3.6577633609011286,3.965557511085651,6230.769230769231,0.0001327713142523,2233.90575,0.031,0.3297872340425531,0-0-3838-4,i,49ae7020-Audio_SP17.v0,group_0,1,fave,242.6964050162381,78.94864631985764,8,Continuar,,0.0700000000001637,sin,¿,t,n,t,n,internal,19.201589011254875,38.77452120299499,52.74966971901381,49ae7020-Audio_SP17.csv,49ae7020-Audio_SP17,2233.90575,2783.088,1391.544,time column: time,audio_duration,H2
684.760495640296,2237.1953260184114,2849.504964159692,3.5432104840253404,3.278851539199081,3.745488501445399,6230.769230769231,0.0029606272643048,2248.33575,0.031,0.3297872340425531,0-0-3861-1,i,49ae7020-Audio_SP17.v0,group_0,1,fave,152.60210846274686,72.29739200872052,8,siento,,0.0699999999997089,me,[silence],s,é,s,é,internal,34.57775250341357,26.545268986186517,42.32968027901639,49ae7020-Audio_SP17.csv,49ae7020-Audio_SP17,2248.33575,2783.088,1391.544,time column: time,audio_duration,H2
503.9139194493883,2342.0893171316256,2990.3872956194346,3.5120201016301804,3.285023737147226,3.4259859099706094,6230.769230769231,8.13728801126e-05,2249.16375,0.027,0.3214285714285714,0-0-3864-1,i,49ae7020-Audio_SP17.v0,group_0,1,fave,204.0231725486594,73.61745326019465,8,siento,,0.0599999999999454,me,seguro,s,é,s,é,internal,33.51590497822397,26.7096183175044,30.75294954978287,49ae7020-Audio_SP17.csv,49ae7020-Audio_SP17,2249.16375,2783.088,1391.544,time column: time,audio_duration,H2
532.6714529766923,2427.726948471904,2973.8962165887374,2.714849499552056,2.9911297124838456,3.484819842234113,6230.769230769231,0.0004862927501103,2252.84375,0.067,0.3284313725490196,0-0-3875-1,i,49ae7020-Audio_SP17.v0,group_0,1,fave,165.50510406491702,74.95182870776061,8,míos,,0.1799999999998363,los,[silence],m,ó,m,ó,internal,15.102336992367592,19.90816028965919,32.61655045565184,49ae7020-Audio_SP17.csv,49ae7020-Audio_SP17,2252.84375,2783.088,1391.544,time column: time,audio_duration,H2
343.6241887144952,2289.9661413151885,2670.14782636674,2.1174313749056526,3.783962186966048,3.5697186728405046,6410.25641025641,1.94332786908e-05,2268.35375,0.027,0.3214285714285714,0-0-3892-4,i,49ae7020-Audio_SP17.v0,group_0,1,fave,163.84140867808563,79.31624409969619,8,También,,0.0599999999999454,.,",",b,e,b,e,internal,8.309765379090392,43.98999347212286,35.506602774710245,49ae7020-Audio_SP17.csv,49ae7020-Audio_SP17,2268.35375,2783.088,1391.544,time column: time,audio_duration,H2
524.398832319049,2277.9455267012554,2643.6085365790027,2.940411038546768,3.17815348315145,4.004531521319808,6230.769230769231,7.29299459873e-05,2269.39075,0.041,0.3306451612903226,0-0-3898-0,i,49ae7020-Audio_SP17.v0,group_0,1,fave,179.9696624674957,73.94227887444204,8,íntegro,,0.099999999999909,por,.,#,n,R,n,initial,18.92362305239461,24.00239178645624,54.84612413967771,49ae7020-Audio_SP17.csv,49ae7020-Audio_SP17,2269.39075,2783.088,1391.544,time column: time,audio_duration,H2
385.6141466341174,2633.400158823207,3233.2620087900405,3.582798412393317,3.3756607166922805,3.8302196224578,6230.769230769231,0.0174085939366974,2271.55075,0.041,0.3306451612903226,0-0-3902-1,i,49ae7020-Audio_SP17.v0,group_0,1,fave,216.70988532003184,73.05454395601147,8,tiempo,,0.099999999999909,un,",",t,é,t,é,internal,35.97407040433599,29.243599133634348,46.072655713046096,49ae7020-Audio_SP17.csv,49ae7020-Audio_SP17,2271.55075,2783.088,1391.544,time column: time,audio_duration,H2
417.9851398486605,2510.884919680532,3303.745082781082,2.899985463982565,3.201681333579477,3.814855554863958,6230.769230769231,4.17269953693e-05,2275.99575,0.031,0.3297872340425531,0-0-3911-1,i,49ae7020-Audio_SP17.v0,group_0,1,fave,234.46136014600907,77.79018653142785,8,Siempre,,0.0700000000001637,pero,doy,s,é,s,é,internal,18.173881191669157,24.57381225865248,45.37020240455492,49ae7020-Audio_SP17.csv,49ae7020-Audio_SP17,2275.99575,2783.088,1391.544,time column: time,audio_duration,H2
403.7085406090179,2232.971025036028,2984.4938444418576,3.461076606603344,2.9285878920855137,3.5723453524379982,6410.25641025641,9.42986533304e-05,2280.83575,0.031,0.3297872340425531,0-0-3926-5,i,49ae7020-Audio_SP17.v0,group_0,1,fave,213.55584255014983,76.52304670782232,8,específico,,0.0699999999997089,en,donde,z,f,z,f,internal,31.85124932753973,18.701203724547383,35.599989839049925,49ae7020-Audio_SP17.csv,49ae7020-Audio_SP17,2280.83575,2783.088,1391.544,time column: time,audio_duration,H2
346.8678759510101,2354.504915179812,2958.9866190907314,3.7339024117412456,3.2387415983331955,3.5945317163752413,6230.769230769231,0.0003075124659459,2290.03375,0.027,0.3214285714285714,0-0-3937-4,i,49ae7020-Audio_SP17.v0,group_0,1,fave,239.87707404843303,74.97816820477335,8,dieciocho,,0.0599999999999454,a,horas,z,ó,z,ó,internal,41.84207498008551,25.501610278145694,36.39865110405872,49ae7020-Audio_SP17.csv,49ae7020-Audio_SP17,2290.03375,2783.088,1391.544,time column: time,audio_duration,H2
422.6615887178661,2415.0821200250416,2931.4936597198925,3.431525143192013,3.1748124464232497,2.9741176936685774,6230.769230769231,0.0015337574442474,2290.90375,0.067,0.3284313725490196,0-0-3939-4,i,49ae7020-Audio_SP17.v0,group_0,1,fave,333.9402215244689,67.33411484908399,8,también,,0.180000000000291,horas,[silence],b,e,b,e,internal,30.92376997991104,23.92233272853128,19.572346823643446,49ae7020-Audio_SP17.csv,49ae7020-Audio_SP17,2290.90375,2783.088,1391.544,time column: time,audio_duration,H2
545.2313863266704,2625.3712716005675,3236.582745271809,2.8614211135658136,3.986916487264785,3.527627111392784,6230.769230769231,0.0004454924375801,2294.1957500000003,0.051,0.3311688311688312,0-0-3945-1,i,49ae7020-Audio_SP17.v0,group_0,1,fave,273.49577150377894,75.3242725083121,8,mínimo,,0.1300000000001091,como,.,m,n,m,n,internal,17.486359390078427,53.88846713796235,34.04309123403804,49ae7020-Audio_SP17.csv,49ae7020-Audio_SP17,2294.1957500000003,2783.088,1391.544,time column: time,audio_duration,H2
604.5367317744385,2225.5268778866434,2717.0938775348304,3.5321858118177736,3.389983734031768,3.916345669022234,6230.769230769231,9.42510783006e-05,2296.08575,0.031,0.3297872340425531,0-0-3950-1,i,49ae7020-Audio_SP17.v0,group_0,1,fave,217.89134818772456,71.69686493886299,8,mínimo,,0.0699999999997089,como,[silence],m,n,m,n,internal,34.198637764153766,29.66546972885616,50.21660098903599,49ae7020-Audio_SP17.csv,49ae7020-Audio_SP17,2296.08575,2783.088,1391.544,time column: time,audio_duration,H2
351.9520546177007,2474.870913631028,3139.9571101080514,3.290065642206017,2.7278008095839144,3.111595675802325,6230.769230769231,0.0006412895175028,2298.13775,0.035,0.3365384615384615,0-0-3954-1,i,49ae7020-Audio_SP17.v0,group_0,1,fave,88.39283930329172,69.59816183552425,8,dieciséis,,0.0799999999999272,quince,[silence],d,e,d,e,internal,26.84462573851761,15.29920413283874,22.45684967796948,49ae7020-Audio_SP17.csv,49ae7020-Audio_SP17,2298.13775,2783.088,1391.544,time column: time,audio_duration,H2
481.2034151929996,2562.182965772287,3198.5227278110483,3.478052429099042,3.962172182616392,3.756522006339112,6410.25641025641,0.011032820628419,2298.9907500000004,0.101,0.3322368421052631,0-0-3954-7,i,49ae7020-Audio_SP17.v0,group_0,1,fave,104.01098929573904,72.48096339571487,8,dieciséis,,0.2799999999997453,quince,[silence],e,s,e,s,internal,32.3965659861397,52.571396687012665,42.79931108610272,49ae7020-Audio_SP17.csv,49ae7020-Audio_SP17,2298.9907500000004,2783.088,1391.544,time column: time,audio_duration,H2
401.3518359593201,3177.5877996347526,3693.79311228108,3.470066022900543,4.291208522937972,4.529634630392183,6589.74358974359,0.0151935711681548,2300.17775,0.055,0.3353658536585365,0-0-3956-0,i,49ae7020-Audio_SP17.v0,group_0,1,fave,196.1291534979216,69.17056453332559,8,y,,0.1399999999998726,[silence],por,#,#,.,p,coextensive,32.1388642757473,73.05470345676311,92.72467611367324,49ae7020-Audio_SP17.csv,49ae7020-Audio_SP17,2300.17775,2783.088,1391.544,time column: time,audio_duration,H2
508.6412769913563,2729.201942330381,3242.6328025343405,2.682869727160952,3.4439540047540267,4.277646269198755,6230.769230769231,0.0048593260090017,2300.5727500000003,0.065,0.3350515463917525,0-0-3958-1,i,49ae7020-Audio_SP17.v0,group_0,1,fave,169.878366476174,74.58021074803443,8,ahí,,0.1700000000000727,por,.,á,#,á,.,final,14.62700864830408,31.310515661652264,72.07060540945433,49ae7020-Audio_SP17.csv,49ae7020-Audio_SP17,2300.5727500000003,2783.088,1391.544,time column: time,audio_duration,H2
523.103267875535,2443.9634655982986,3112.6833824400464,3.2578785611374603,3.2434183278831608,2.919499122023371,6230.769230769231,0.0007568772482111,2305.76375,0.047,0.3263888888888889,0-0-3969-1,i,49ae7020-Audio_SP17.v0,group_0,1,fave,248.3522407931817,76.702216091167,8,sin,,0.1200000000003456,[silence],descansar,s,n,s,n,internal,25.994333218651544,25.621153730818214,18.532002862619155,49ae7020-Audio_SP17.csv,49ae7020-Audio_SP17,2305.76375,2783.088,1391.544,time column: time,audio_duration,H2
437.67723310536616,2664.200877717849,3241.817308493831,2.7982952156574457,2.903436867880463,3.414686446634148,5871.794871794871,0.0029188686845206,2311.2387499999995,0.077,0.3290598290598291,0-0-3978-1,i,49ae7020-Audio_SP17.v0,group_0,1,fave,231.1362403917549,71.62362197696395,8,día,,0.2100000000000363,solo,.,d,á,d,á,internal,16.41663607764259,18.236714966046957,30.407413585769003,49ae7020-Audio_SP17.csv,49ae7020-Audio_SP17,2311.2387499999995,2783.088,1391.544,time column: time,audio_duration,H2
539.6924996601125,2462.7636944005744,3602.5408031911106,2.903732085369997,3.2222818937896416,4.571866784499017,6230.769230769231,0.000881192606897,2311.63075,0.061,0.3315217391304348,0-0-3980-1,i,49ae7020-Audio_SP17.v0,group_0,1,fave,163.27865153631325,71.1860931616842,8,Ni,,0.1600000000003092,.,[silence],n,#,n,.,final,18.242099558030333,25.085296904140225,96.72450514769665,49ae7020-Audio_SP17.csv,49ae7020-Audio_SP17,2311.63075,2783.088,1391.544,time column: time,audio_duration,H2
543.7234356263718,2605.695095001108,3851.239231662265,3.009407420679683,3.5521623066064083,4.77183510537501,6230.769230769231,0.0033053510618534,2312.20575,0.051,0.3311688311688312,0-0-3982-1,i,49ae7020-Audio_SP17.v0,group_0,1,fave,171.38747524946936,70.58430259156061,8,ni,,0.1300000000001091,[silence],un,n,#,n,ú,final,20.27538159284154,34.888675998737696,118.13583487003253,49ae7020-Audio_SP17.csv,49ae7020-Audio_SP17,2312.20575,2783.088,1391.544,time column: time,audio_duration,H2
479.0863879331984,2395.497376185109,3075.57204116145,3.057067446660521,3.204191304753948,3.493774845247658,6230.769230769231,0.0002557354581614,2312.7007499999995,0.041,0.3306451612903226,0-0-3984-3,i,49ae7020-Audio_SP17.v0,group_0,1,fave,170.52987046818038,75.92185416661256,8,feriado,,0.1000000000003638,un,ni,R,á,R,á,internal,21.26510458056862,24.63556929083164,32.909943470291736,49ae7020-Audio_SP17.csv,49ae7020-Audio_SP17,2312.7007499999995,2783.088,1391.544,time column: time,audio_duration,H2
532.3829949755744,2264.133389863268,3051.896373211031,3.102857799234914,3.535547795390746,3.5885494499078474,6230.769230769231,6.502727903067393e-06,2313.2737500000003,0.027,0.3214285714285714,0-0-3985-1,i,49ae7020-Audio_SP17.v0,group_0,1,fave,173.32126930951017,70.73858038426184,8,ni,,0.0599999999999454,feriado,Navidad,n,#,n,n,final,22.261479301557845,34.313806511774985,36.18155468585661,49ae7020-Audio_SP17.csv,49ae7020-Audio_SP17,2313.2737500000003,2783.088,1391.544,time column: time,audio_duration,H2
382.0627862134313,2488.4757183903143,3020.2720371861496,3.3298001096600864,3.880152070676564,3.86951515253992,6589.74358974359,0.0019357448657311,2313.64875,0.057,0.3275862068965517,0-0-3986-3,i,49ae7020-Audio_SP17.v0,group_0,1,fave,144.5339794860745,69.92209382381296,8,Navidad,,0.1500000000000909,ni,ni,b,d,b,d,internal,27.93275765673389,48.431579534438406,47.91914697086476,49ae7020-Audio_SP17.csv,49ae7020-Audio_SP17,2313.64875,2783.088,1391.544,time column: time,audio_duration,H2
558.7609093350057,2128.042922628053,2896.3322560900147,2.98170570886891,3.4242886015642693,3.913991113733424,6230.769230769231,8.67990854189e-05,2315.03575,0.031,0.3297872340425531,0-0-3990-1,i,49ae7020-Audio_SP17.v0,group_0,1,fave,91.5449354936455,69.72057745555009,8,ni,,0.0700000000001637,Nuevo,mi,n,#,n,m,final,19.721426984801447,30.70079658234772,50.09850231508077,49ae7020-Audio_SP17.csv,49ae7020-Audio_SP17,2315.03575,2783.088,1391.544,time column: time,audio_duration,H2
602.8186567065903,2435.4539701131816,2626.233911966014,3.1402611141607384,2.9735653206842256,3.773238002289696,6410.25641025641,0.000405959368751,2315.14575,0.031,0.3297872340425531,0-0-3991-1,i,49ae7020-Audio_SP17.v0,group_0,1,fave,147.92277116469936,61.4987581783098,8,mi,,0.0699999999997089,ni,cumpleaños,m,#,m,k,final,23.109900393213177,19.56153857338524,43.52075724336013,49ae7020-Audio_SP17.csv,49ae7020-Audio_SP17,2315.14575,2783.088,1391.544,time column: time,audio_duration,H2
381.28939355769074,2602.9518757423584,3608.963960179589,3.17455935373491,2.724831998303915,4.134584639784007,6230.769230769231,0.0005858480994826,2326.66275,0.045,0.3358208955223881,0-0-4009-0,i,49ae7020-Audio_SP17.v0,group_0,1,fave,85.68719780097334,61.40496843664853,8,Y,,0.1100000000001273,.,toda,#,#,,t,coextensive,23.916278927148408,15.253851038734076,62.46364077015546,49ae7020-Audio_SP17.csv,49ae7020-Audio_SP17,2326.66275,2783.088,1391.544,time column: time,audio_duration,H2
543.5645340416546,2536.445875783289,3307.611671914864,3.534887501023792,2.954326553671931,3.712171742850472,6410.25641025641,0.0010503203068006,2328.16875,0.077,0.3290598290598291,0-0-4015-1,i,49ae7020-Audio_SP17.v0,group_0,1,fave,215.4750996261257,72.76576046319163,8,mía,,0.2100000000000363,la,[silence],m,á,m,á,internal,34.29115677719552,19.188795743475836,40.942626901826976,49ae7020-Audio_SP17.csv,49ae7020-Audio_SP17,2328.16875,2783.088,1391.544,time column: time,audio_duration,H2
523.9163697166789,2152.436863446104,2678.242999684855,2.859345977981898,3.0213819095633614,4.2816782453712,6230.769230769231,0.0002334639579038,2334.0637500000003,0.047,0.3263888888888889,0-0-4026-0,i,49ae7020-Audio_SP17.v0,group_0,1,fave,235.50707451813915,73.33785554818785,8,y,,0.1199999999998908,operativa,administrativa,#,#,a,a,coextensive,17.450110447218435,20.519628370996717,72.36177898118738,49ae7020-Audio_SP17.csv,49ae7020-Audio_SP17,2334.0637500000003,2783.088,1391.544,time column: time,audio_duration,H2
473.6268368017976,2295.721613707529,2917.6822217849626,2.9554200398473407,3.226400463067776,3.743482111682423,6230.769230769231,6.247586374059293e-06,2348.43375,0.027,0.3214285714285714,0-0-4055-5,i,49ae7020-Audio_SP17.v0,group_0,1,fave,175.24694862601598,73.462187838994,8,experiencia,,0.0599999999999454,la,[silence],R,é,R,é,internal,19.20978990266359,25.188825485777475,42.244835586058784,49ae7020-Audio_SP17.csv,49ae7020-Audio_SP17,2348.43375,2783.088,1391.544,time column: time,audio_duration,H2
461.1766680690421,2174.232551680579,2806.91173235427,2.889819661473184,3.5017548725465684,3.9889529212621024,6410.25641025641,5.67489215929e-05,2348.74575,0.031,0.3297872340425531,0-0-4055-9,i,49ae7020-Audio_SP17.v0,group_0,1,fave,194.1069619341721,75.71674172605387,8,experiencia,,0.0700000000001637,la,[silence],z,a,z,a,internal,17.990065007175705,33.17361637684531,53.998319259839626,49ae7020-Audio_SP17.csv,49ae7020-Audio_SP17,2348.74575,2783.088,1391.544,time column: time,audio_duration,H2
594.6835772830811,2363.306140554966,2958.407454237772,2.9819716824405424,3.027617785466254,3.4563619647580204,6230.769230769231,6.70965390798e-05,2350.14775,0.055,0.3353658536585366,0-0-4058-3,i,49ae7020-Audio_SP17.v0,group_0,1,fave,191.27973172434503,73.69325396811891,8,tenía,,0.1400000000003274,que,la,n,a,n,a,internal,19.72667306080214,20.64798602233992,31.701435531333665,49ae7020-Audio_SP17.csv,49ae7020-Audio_SP17,2350.14775,2783.088,1391.544,time column: time,audio_duration,H2
448.572465134385,2572.2961401151447,3011.341298499908,2.951949708525341,3.1605618784479312,3.918630414983096,6230.769230769231,0.0002899730337463,2354.52875,0.057,0.3275862068965517,0-0-4070-6,i,49ae7020-Audio_SP17.v0,group_0,1,fave,200.461156924642,75.11664463488249,8,conseguí,,0.1500000000000909,[silence],también,g,#,g,t,final,19.143241107048627,23.583843460328183,50.33146433212735,49ae7020-Audio_SP17.csv,49ae7020-Audio_SP17,2354.52875,2783.088,1391.544,time column: time,audio_duration,H2
367.7852503223239,2128.143148054067,2818.2547882611807,3.1812240504140075,3.041725466037797,3.195968798460508,6230.769230769231,0.0009606594635842,2356.2537500000003,0.047,0.3263888888888889,0-0-4075-3,i,49ae7020-Audio_SP17.v0,group_0,1,fave,168.58857777925598,76.00657726102743,8,filial,,0.1199999999998908,una,en,l,á,l,á,internal,24.076206012676355,20.9413456601038,24.43383369002309,49ae7020-Audio_SP17.csv,49ae7020-Audio_SP17,2356.2537500000003,2783.088,1391.544,time column: time,audio_duration,H2
357.97810590777146,2425.896328379531,2828.5612763175973,3.2199941930905185,3.543412043507311,3.968453339056559,6410.25641025641,0.0020246686008356,2357.20875,0.037,0.3245614035087719,0-0-4079-3,i,49ae7020-Audio_SP17.v0,group_0,1,fave,149.026916244108,66.53897990550526,8,capital,,0.0900000000001455,la,",",p,t,p,t,internal,25.0279748457314,34.584722679724834,52.90264507629957,49ae7020-Audio_SP17.csv,49ae7020-Audio_SP17,2357.20875,2783.088,1391.544,time column: time,audio_duration,H2
387.7647224019289,2327.7565091803563,2844.1439397236045,2.9501997349957403,3.0063186348664974,3.50164854376802,6230.769230769231,0.0001375945061877,2359.88075,0.041,0.3306451612903226,0-0-4087-6,i,49ae7020-Audio_SP17.v0,group_0,1,fave,171.61119043748914,76.33024774756768,8,permitió,,0.099999999999909,me,[silence],t,o,t,o,internal,19.10977023695066,20.21285190194593,33.17008925425656,49ae7020-Audio_SP17.csv,49ae7020-Audio_SP17,2359.88075,2783.088,1391.544,time column: time,audio_duration,H2
518.5325119026338,2240.5175351825783,2715.991508818884,3.1443539821626127,3.4162611494959214,4.035022740091305,6230.769230769231,1.9383417296e-05,2362.90275,0.025,0.3378378378378378,0-0-4096-4,i,49ae7020-Audio_SP17.v0,group_0,1,fave,242.206806637929,72.13524230848179,8,también,,0.0500000000001819,era,[silence],b,e,b,e,internal,23.204679992945675,30.455333947224503,56.54420604411148,49ae7020-Audio_SP17.csv,49ae7020-Audio_SP17,2362.90275,2783.088,1391.544,time column: time,audio_duration,H2
522.6786753964346,2486.7983776087503,3243.7213410843847,3.1612663723967875,3.5764518990586383,3.9826685336193313,6230.769230769231,0.0001691476735465,2365.02575,0.031,0.3297872340425531,0-0-4098-1,i,49ae7020-Audio_SP17.v0,group_0,1,fave,205.08139918067425,65.5744778372484,8,bien,,0.0699999999997089,[silence],esforzado,b,é,b,é,internal,23.60046398918035,35.74648344255558,53.660036951461365,49ae7020-Audio_SP17.csv,49ae7020-Audio_SP17,2365.02575,2783.088,1391.544,time column: time,audio_duration,H2
497.0722189514265,2300.775260192655,2698.158909520728,3.481544471506448,3.403298800067481,3.73878422055367,6230.769230769231,0.0003179415703869,2366.81875,0.037,0.3245614035087719,0-0-4102-1,i,49ae7020-Audio_SP17.v0,group_0,1,fave,236.22967184857663,73.96132196352609,8,bien,,0.0899999999996907,sea,comprometía,b,é,b,é,internal,32.509893926240565,30.063108837972763,42.046839394151,49ae7020-Audio_SP17.csv,49ae7020-Audio_SP17,2366.81875,2783.088,1391.544,time column: time,audio_duration,H2
406.6701456325816,2295.944481034712,2981.00150225875,3.092976754094668,3.041563106672373,3.585824429325477,6230.769230769231,7.69021507278e-05,2367.5637500000003,0.027,0.3214285714285714,0-0-4103-9,i,49ae7020-Audio_SP17.v0,group_0,1,fave,241.819829998376,79.33864923805649,8,comprometía,,0.0599999999999454,bien,tantas,t,a,t,a,internal,22.0425957994618,20.937945912509207,36.08309342005238,49ae7020-Audio_SP17.csv,49ae7020-Audio_SP17,2367.5637500000003,2783.088,1391.544,time column: time,audio_duration,H2
557.0016692313825,2152.6109221618526,2597.235063361513,2.4826171368803487,3.264986803727602,3.2249050421718537,6230.769230769231,5.543805168934476e-06,2368.8427500000003,0.025,0.3378378378378378,0-0-4107-4,i,49ae7020-Audio_SP17.v0,group_0,1,fave,185.156246022433,74.90010659858993,8,también,,0.0500000000001819,[silence],era,b,e,b,e,internal,11.972557272335385,26.17976551322643,25.15118574044757,49ae7020-Audio_SP17.csv,49ae7020-Audio_SP17,2368.8427500000003,2783.088,1391.544,time column: time,audio_duration,H2
387.1878724232661,2387.95494352416,2822.857651027633,3.0075833177562097,2.628601502885064,3.191131818466646,6410.25641025641,1.34466296534e-05,2369.20375,0.027,0.3214285714285714,0-0-4109-1,i,49ae7020-Audio_SP17.v0,group_0,1,fave,169.2653359459283,75.51376347392132,8,bien,,0.0599999999999454,era,remunerado,b,é,b,é,internal,20.238430921163275,13.854381035745394,24.31593309656745,49ae7020-Audio_SP17.csv,49ae7020-Audio_SP17,2369.20375,2783.088,1391.544,time column: time,audio_duration,H2
424.7068827507521,2759.3430200903645,3741.483781891699,2.939346536854188,3.4939238744487486,4.347671172626133,6410.25641025641,0.0051559778518216,2380.27575,0.051,0.3311688311688312,0-0-4122-0,i,49ae7020-Audio_SP17.v0,group_0,1,fave,192.2114916115548,67.85033662501351,8,Y,,0.1300000000001091,.,en,#,#,.,e,coextensive,18.903489541604955,32.91484837835325,77.29823889669375,49ae7020-Audio_SP17.csv,49ae7020-Audio_SP17,2380.27575,2783.088,1391.544,time column: time,audio_duration,H2
480.9143109737344,2197.104144242693,2773.0502139889104,3.123966780327588,2.838006641409475,4.002684661358992,6230.769230769231,1.36142971569e-05,2422.38375,0.027,0.3214285714285714,0-0-4136-1,i,49ae7020-Audio_SP17.v0,group_0,1,fave,226.86554754749625,76.25948823583722,8,Dios,,0.0599999999999454,a,",",d,ó,d,ó,internal,22.736391266573204,17.081681660858752,54.74492450853669,49ae7020-Audio_SP17.csv,49ae7020-Audio_SP17,2422.38375,2783.088,1391.544,time column: time,audio_duration,H2
772.1029557306866,2174.9530115667594,2703.428005596279,3.76237670809263,3.0578742369007266,3.60810637666617,6230.769230769231,0.0010034002063916,2425.5237500000003,0.027,0.3214285714285714,0-0-4147-3,i,49ae7020-Audio_SP17.v0,group_0,1,fave,346.7741307710179,70.29484704662912,8,pusieron,,0.0599999999999454,le,una,s,é,s,é,internal,43.05062324878467,21.282267982102614,36.8961192694468,49ae7020-Audio_SP17.csv,49ae7020-Audio_SP17,2425.5237500000003,2783.088,1391.544,time column: time,audio_duration,H2
499.8370088985351,2098.525436794468,2812.602392559349,3.9109428706142895,3.573623288194568,4.0539596237134505,6051.282051282051,0.0012299861276031,2426.55775,0.035,0.3365384615384615,0-0-4151-3,i,49ae7020-Audio_SP17.v0,group_0,1,fave,225.5789458939496,68.70096047918457,8,dosis,,0.0799999999999272,una,a,s,s,s,s,internal,49.94602241608888,35.64551342090984,57.62517992838716,49ae7020-Audio_SP17.csv,49ae7020-Audio_SP17,2426.55775,2783.088,1391.544,time column: time,audio_duration,H2
531.2794712418523,2217.95415243502,2939.719556864893,3.096975247380067,3.266246273356693,3.749708939707935,6230.769230769231,0.000566591230291,2450.14575,0.031,0.3297872340425531,0-0-4196-0,i,49ae7020-Audio_SP17.v0,group_0,1,fave,169.39543098613316,69.91453354746504,8,ingresos,,0.0699999999997089,los,que,#,n,s,n,initial,22.130909413792907,26.21275890551348,42.508707602452176,49ae7020-Audio_SP17.csv,49ae7020-Audio_SP17,2450.14575,2783.088,1391.544,time column: time,audio_duration,H2
399.9934593087584,2080.1152921640687,2406.8764552698885,3.304352538965456,3.029716724656494,3.935104701171407,6230.769230769231,0.0049833046390638,2452.4307499999995,0.041,0.3306451612903226,0-0-4203-3,i,49ae7020-Audio_SP17.v0,group_0,1,fave,148.55218484921616,46.44352089594892,8,suficientes,,0.1000000000003638,son,para,f,z,f,z,internal,27.230904930014983,20.6913704040636,51.16750697412764,49ae7020-Audio_SP17.csv,49ae7020-Audio_SP17,2452.4307499999995,2783.088,1391.544,time column: time,audio_duration,H2
423.21726382806605,2385.9661564926405,2907.584327156945,3.2566878960447574,2.760754544407524,3.524243913233932,6230.769230769231,0.000954485727458,2452.63875,0.037,0.3245614035087719,0-0-4203-5,i,49ae7020-Audio_SP17.v0,group_0,1,fave,150.791128794194,75.18541866829626,8,suficientes,,0.0900000000001455,son,para,z,é,z,é,internal,25.96340109203604,15.811769130247889,33.92811132004202,49ae7020-Audio_SP17.csv,49ae7020-Audio_SP17,2452.63875,2783.088,1391.544,time column: time,audio_duration,H2
379.759760843778,2516.172870681085,3020.2481946465905,3.2020571293044275,3.2805350815750867,3.94735347210594,6410.25641025641,0.0099570923770389,2462.12875,0.097,0.3299319727891156,0-0-4231-6,i,49ae7020-Audio_SP17.v0,group_0,1,fave,180.76188555198377,72.47893373134924,8,gustaría,,0.2699999999999818,me,retomar,R,a,R,a,internal,24.583048727649093,26.58999671135321,51.798100157978645,49ae7020-Audio_SP17.csv,49ae7020-Audio_SP17,2462.12875,2783.088,1391.544,time column: time,audio_duration,H2
521.4512912761624,2413.9680102046505,3051.806105439719,3.138904267626528,3.388237560556143,4.257435562099761,6051.282051282051,0.0032926533369943,2462.97575,0.071,0.3317757009345795,0-0-4233-1,i,49ae7020-Audio_SP17.v0,group_0,1,fave,149.39363645641188,68.97982315005416,8,mi,,0.1900000000000545,retomar,[silence],m,#,m,.,final,23.078565068379586,29.613713872975875,70.6286282854131,49ae7020-Audio_SP17.csv,49ae7020-Audio_SP17,2462.97575,2783.088,1391.544,time column: time,audio_duration,H2
501.2547810554548,2484.706338317946,3185.505265668944,3.1564906515911084,3.725155797560607,3.8623905158129967,6230.769230769231,0.0045413961345982,2464.65075,0.061,0.3315217391304348,0-0-4235-1,i,49ae7020-Audio_SP17.v0,group_0,1,fave,78.58687934322253,67.0488050444599,8,mi,,0.1600000000003092,[silence],.,m,#,m,.,final,23.488023468258397,41.47769436506702,47.57895377194168,49ae7020-Audio_SP17.csv,49ae7020-Audio_SP17,2464.65075,2783.088,1391.544,time column: time,audio_duration,H2
557.2975842136851,2209.5922482305145,2812.42780581941,2.780563807129635,3.3742673361977182,4.208296712024963,6410.25641025641,0.0001363372755931,2467.94575,0.031,0.3297872340425531,0-0-4244-1,i,49ae7020-Audio_SP17.v0,group_0,1,fave,177.3126538551646,71.00026515005318,8,mi,,0.0700000000001637,retomar,profesión,m,#,m,p,final,16.12811152938726,29.20288004818849,67.24190987742449,49ae7020-Audio_SP17.csv,49ae7020-Audio_SP17,2467.94575,2783.088,1391.544,time column: time,audio_duration,H2
346.9226277523783,2314.495597768618,2780.808983907081,3.134907086867844,3.2831630722497573,3.865926956352321,5153.846153846154,0.0092873835610549,2468.34775,0.035,0.3365384615384616,0-0-4245-6,i,49ae7020-Audio_SP17.v0,group_0,1,fave,176.74776457246915,71.18072291250658,8,profesión,,0.0799999999999272,mi,.,s,o,s,o,internal,22.98649999510037,26.65996687494911,47.747511784903246,49ae7020-Audio_SP17.csv,49ae7020-Audio_SP17,2468.34775,2783.088,1391.544,time column: time,audio_duration,H2
398.2634908834034,2935.994088834201,3245.217096343125,2.9848926215499,3.024053873406064,4.222092788491705,6230.769230769231,0.0019092352005507,2472.97575,0.031,0.3297872340425531,0-0-4258-0,i,49ae7020-Audio_SP17.v0,group_0,1,fave,191.46915447323988,69.17762586165966,8,ingresos,,0.0700000000001637,los,[silence],#,n,s,n,initial,19.784377706493693,20.57452939017548,68.17601307166856,49ae7020-Audio_SP17.csv,49ae7020-Audio_SP17,2472.97575,2783.088,1391.544,time column: time,audio_duration,H2
572.1473926208051,2031.993481649349,2502.359711283312,3.597807528820857,3.968293603634788,3.925776121092437,6948.717948717948,0.0396969765184178,2473.94275,0.045,0.3358208955223881,0-0-4260-1,i,49ae7020-Audio_SP17.v0,group_0,1,fave,205.18736282237955,64.01184818388336,8,virtuales,,0.1100000000001273,[silence],.,b,R,b,R,internal,36.518081767775975,52.89419532485577,50.69240624085859,49ae7020-Audio_SP17.csv,49ae7020-Audio_SP17,2473.94275,2783.088,1391.544,time column: time,audio_duration,H2
540.7442453030434,2320.81767259802,2963.672433173624,2.5963047787218154,3.4167471969203103,3.5935710741373965,5871.794871794871,0.0010753719129777,2487.70375,0.047,0.3263888888888889,0-0-4289-1,i,49ae7020-Audio_SP17.v0,group_0,1,fave,147.71868315894304,75.07861814373723,8,Ahí,,0.1200000000003456,del,[silence],á,#,á,.,final,13.414078351996665,30.470140281847367,36.36370181197835,49ae7020-Audio_SP17.csv,49ae7020-Audio_SP17,2487.70375,2783.088,1391.544,time column: time,audio_duration,H2
540.3525137196523,2222.616637082255,2776.162002407199,2.8011413702360315,3.2624119124796573,3.866525609625426,6230.769230769231,1.85813545446e-05,2489.94575,0.031,0.3297872340425531,0-0-4298-6,i,49ae7020-Audio_SP17.v0,group_0,1,fave,181.1277379580824,78.44765947001089,8,gustaría,,0.0700000000001637,me,aprender,R,a,R,a,internal,16.463426916974615,26.112442176464985,47.77610454683722,49ae7020-Audio_SP17.csv,49ae7020-Audio_SP17,2489.94575,2783.088,1391.544,time column: time,audio_duration,H2
456.32104885050006,2317.72636440237,2889.663916756057,2.8585683647133684,3.272043213406884,4.125238227543787,6230.769230769231,6.02005494642e-05,2490.91875,0.037,0.3245614035087719,0-0-4300-4,i,49ae7020-Audio_SP17.v0,group_0,1,fave,151.09871495706807,76.98179871783725,8,también,,0.0899999999996907,aprender,.,b,e,b,e,internal,17.436546284317398,26.365153983240315,61.88254962231667,49ae7020-Audio_SP17.csv,49ae7020-Audio_SP17,2490.91875,2783.088,1391.544,time column: time,audio_duration,H2
1187.2529866791276,2434.14720817215,3181.2572581104746,4.521819269774334,4.4938786894055385,5.124465963901448,6051.282051282051,0.0146975348177274,2493.99375,0.027,0.3214285714285714,0-0-4308-2,i,49ae7020-Audio_SP17.v0,group_0,1,fave,,65.93649512082217,8,criptomonedas,,0.0599999999999454,las,pero,R,p,R,p,internal,92.00282377406148,89.4677915360018,168.08435456626674,49ae7020-Audio_SP17.csv,49ae7020-Audio_SP17,2493.99375,2783.088,1391.544,time column: time,audio_duration,H2
435.5559073436007,2278.702078465318,2989.486537232147,3.31364505637486,2.956359747318606,4.327597494983862,6230.769230769231,0.0002107873870755,2526.9507499999995,0.041,0.3306451612903226,0-0-4330-1,i,49ae7020-Audio_SP17.v0,group_0,1,fave,144.67837920619635,77.94471409287138,8,literalmente,,0.1000000000003638,",",.,l,t,l,t,internal,27.485127944683363,19.22784997001768,75.76204904070268,49ae7020-Audio_SP17.csv,49ae7020-Audio_SP17,2526.9507499999995,2783.088,1391.544,time column: time,audio_duration,H2
476.4830714168264,2401.620000748044,3101.3893359028643,3.6335466303020745,3.463858860525932,3.730397361394147,6230.769230769231,0.0003830800674727,2557.72875,0.037,0.3245614035087719,0-0-4347-0,i,49ae7020-Audio_SP17.v0,group_0,1,fave,235.54437547070728,76.15093669034984,8,inquietudes,,0.0900000000001455,tantas,que,#,n,s,n,initial,37.84680750298943,31.939990984587027,41.695673123475885,49ae7020-Audio_SP17.csv,49ae7020-Audio_SP17,2557.72875,2783.088,1391.544,time column: time,audio_duration,H2
493.5963204839449,2008.42524205046,2459.330600366222,3.771558660249041,3.8958753170229454,4.193618903341034,6230.769230769231,0.0055698067889786,2562.11775,0.035,0.3365384615384615,0-0-4357-1,i,49ae7020-Audio_SP17.v0,group_0,1,fave,149.02224806048284,71.54046102994185,8,Microworkers,,0.0799999999999272,de,o,m,k,m,k,internal,43.447732340137215,49.19909932965848,66.26215391366263,49ae7020-Audio_SP17.csv,49ae7020-Audio_SP17,2562.11775,2783.088,1391.544,time column: time,audio_duration,H2
370.86444961071663,2595.062707014888,3087.642288623363,2.421020570598587,3.088023493765621,4.0179915914784825,6410.25641025641,0.0008924238152823,2571.67775,0.055,0.3353658536585365,0-0-4370-2,i,49ae7020-Audio_SP17.v0,group_0,1,fave,169.79045481587912,76.91432353669411,8,Equis,,0.1399999999998726,[silence],",",k,s,k,s,internal,11.257342366890397,21.93368304343517,55.58934751693274,49ae7020-Audio_SP17.csv,49ae7020-Audio_SP17,2571.67775,2783.088,1391.544,time column: time,audio_duration,H2
310.05706372010167,2319.6564913317948,2974.916162144425,3.886384165363414,3.32725663340137,4.084169142760343,6589.74358974359,0.1581443311575158,2572.3837500000004,0.047,0.3263888888888889,0-0-4373-5,i,49ae7020-Audio_SP17.v0,group_0,1,fave,-91936.43930212045,61.92447414738263,8,pasaría,,0.1199999999998908,me,horas,R,a,R,a,internal,48.73435219793607,27.86180162653543,59.39257049833372,49ae7020-Audio_SP17.csv,49ae7020-Audio_SP17,2572.3837500000004,2783.088,1391.544,time column: time,audio_duration,H2
488.7948622868694,2307.992264769864,2511.4606759598587,3.285874506508352,3.174528755247551,3.900990758709237,6230.769230769231,0.0039082337283893,2607.48375,0.027,0.3214285714285714,0-0-4379-3,i,49ae7020-Audio_SP17.v0,group_0,1,fave,255.110903023484,78.54448075800208,8,socialmente,,0.0600000000004001,Pues,[silence],z,a,z,a,internal,26.73235171148261,23.91554713638589,49.45141926704035,49ae7020-Audio_SP17.csv,49ae7020-Audio_SP17,2607.48375,2783.088,1391.544,time column: time,audio_duration,H2
530.9617571154429,2413.661546301304,3167.3100671766665,2.987229576887797,2.6712908922508496,4.410240277266378,6410.25641025641,0.0003702795103909,2609.63875,0.037,0.3245614035087719,0-0-4385-0,i,49ae7020-Audio_SP17.v0,group_0,1,fave,166.60581887419795,72.21339758237059,8,inhabilitado,,0.0900000000001455,",",[nontrans],#,n,.,n,initial,19.830666980497973,14.4586216737177,82.2892333610273,49ae7020-Audio_SP17.csv,49ae7020-Audio_SP17,2609.63875,2783.088,1391.544,time column: time,audio_duration,H2
488.9809607897518,2290.301052678284,2811.7736915838404,3.6018043865910765,2.916960758311875,3.871617726026308,6589.74358974359,0.000147203932188,2609.99575,0.031,0.3297872340425531,0-0-4385-7,i,49ae7020-Audio_SP17.v0,group_0,1,fave,157.8795395192778,70.52342035858072,8,inhabilitado,,0.0700000000001637,",",[nontrans],l,t,l,t,internal,36.6643314214822,18.485021552104392,48.02000649389875,49ae7020-Audio_SP17.csv,49ae7020-Audio_SP17,2609.99575,2783.088,1391.544,time column: time,audio_duration,H2
522.5515894889102,2562.0404058635327,3478.944696218673,3.733799768267677,3.484353659042956,4.571686890681256,6948.717948717948,0.0007743285801359,2622.37275,0.045,0.3358208955223881,0-0-4406-0,i,49ae7020-Audio_SP17.v0,group_0,1,fave,163.26925145537314,75.74878661160689,8,y,,0.1100000000001273,converso,y,#,#,o,i,coextensive,41.83778038457811,32.60134871174994,96.70710657218964,49ae7020-Audio_SP17.csv,49ae7020-Audio_SP17,2622.37275,2783.088,1391.544,time column: time,audio_duration,H2
497.6057770184293,2278.022477806306,2920.0061371670795,2.9885329265042,3.3612575975470893,3.4741858406634805,5871.794871794871,2.232269699913057e-06,2622.4727500000004,0.025,0.3378378378378378,0-0-4407-0,i,49ae7020-Audio_SP17.v0,group_0,1,fave,160.24664242865424,74.4529272597883,8,y,,0.0500000000001819,y,estoy,#,#,i,e,coextensive,19.856530123397533,28.82541887041681,32.271543659449286,49ae7020-Audio_SP17.csv,49ae7020-Audio_SP17,2622.4727500000004,2783.088,1391.544,time column: time,audio_duration,H2
410.1101066212848,2277.72735673901,3035.00040541338,3.4526366856199706,2.675619726787816,3.1762935563924777,6230.769230769231,0.0002451557395441,2636.17275,0.045,0.3358208955223881,0-0-4439-7,i,49ae7020-Audio_SP17.v0,group_0,1,fave,158.8877884627766,77.70813242699647,8,compartía,,0.1100000000001273,yo,con,t,a,t,a,internal,31.583558533584657,14.521346318932354,23.95779058603386,49ae7020-Audio_SP17.csv,49ae7020-Audio_SP17,2636.17275,2783.088,1391.544,time column: time,audio_duration,H2
625.5149898883896,2219.267034371012,3088.4107527035944,3.102633636734908,2.671728410582944,3.25902644603057,6230.769230769231,5.775010932480352e-06,2638.15375,0.027,0.3214285714285714,0-0-4444-3,i,49ae7020-Audio_SP17.v0,group_0,1,fave,145.78215530909927,73.47513815022657,8,tenía,,0.0599999999999454,que,a,n,a,n,a,internal,22.256489671968588,14.464948969809852,26.024188853197373,49ae7020-Audio_SP17.csv,49ae7020-Audio_SP17,2638.15375,2783.088,1391.544,time column: time,audio_duration,H2
557.0260702329086,2281.05867079316,2704.2625817946,2.9022306787005525,3.174642616232086,4.125957488604652,6410.25641025641,0.0001836072977456,2638.32575,0.031,0.3297872340425531,0-0-4446-1,i,49ae7020-Audio_SP17.v0,group_0,1,fave,137.10208961656974,67.95423674491592,8,mi,,0.0700000000001637,a,cargo,m,#,m,k,final,18.21473129867397,23.91827033915886,61.92707534149552,49ae7020-Audio_SP17.csv,49ae7020-Audio_SP17,2638.32575,2783.088,1391.544,time column: time,audio_duration,H2
477.0036444974769,1862.8214306521893,2430.1836234015927,3.0577787131826737,3.400996565185077,3.0259732083248583,6230.769230769231,0.0001977681225694,2663.22775,0.035,0.3365384615384615,0-0-4478-0,i,49ae7020-Audio_SP17.v0,group_0,1,fave,174.597369451615,76.00480932093343,8,y,,0.0799999999999272,acumulo,destino,#,#,o,d,coextensive,21.28023511783129,29.993976110556023,20.614056723833286,49ae7020-Audio_SP17.csv,49ae7020-Audio_SP17,2663.22775,2783.088,1391.544,time column: time,audio_duration,H2
353.32681610192185,2486.9283400957765,3123.806982672369,2.945823269191836,2.899233051764152,3.418875471784188,6410.25641025641,0.0002070715289203,2663.91875,0.077,0.3290598290598291,0-0-4481-1,i,49ae7020-Audio_SP17.v0,group_0,1,fave,160.01457602999383,80.67404193022755,8,día,,0.2100000000000363,un,[silence],d,á,d,á,internal,19.02631972334481,18.160212084451064,30.535058172561477,49ae7020-Audio_SP17.csv,49ae7020-Audio_SP17,2663.91875,2783.088,1391.544,time column: time,audio_duration,H2
481.9217239503201,2065.983355232719,2821.0934151346723,3.419759684700618,3.214946601560494,3.616265616843612,6410.25641025641,0.0007715462489298,2665.47575,0.031,0.3297872340425531,0-0-4484-5,i,49ae7020-Audio_SP17.v0,group_0,1,fave,141.88181895499503,74.77786775091279,8,especial,,0.0700000000001637,en,",",z,á,z,á,internal,30.562069605570706,24.901962149742637,37.19839506162214,49ae7020-Audio_SP17.csv,49ae7020-Audio_SP17,2665.47575,2783.088,1391.544,time column: time,audio_duration,H2
357.471204635116,2317.66536293568,2781.5670263947304,3.156473745134926,2.786582629520419,3.314391652609939,6230.769230769231,0.000228521266669,2671.54775,0.035,0.3365384615384615,0-0-4493-4,i,49ae7020-Audio_SP17.v0,group_0,1,fave,177.81339133972563,75.95909798436867,8,destinar,,0.0799999999999272,de,para,t,n,t,n,internal,23.48762637237557,16.225476485439977,27.505655899821004,49ae7020-Audio_SP17.csv,49ae7020-Audio_SP17,2671.54775,2783.088,1391.544,time column: time,audio_duration,H2
386.1157707911797,2339.274425588082,3067.1474572345546,2.9893560119566125,2.78618353996884,3.190117322803444,6230.769230769231,0.0002957232824235,2673.85275,0.045,0.3358208955223881,0-0-4499-1,i,49ae7020-Audio_SP17.v0,group_0,1,fave,190.11595403651376,79.81150180109984,8,día,,0.1100000000001273,el,que,d,á,d,á,internal,19.872880472421627,16.219002359269236,24.29127719666069,49ae7020-Audio_SP17.csv,49ae7020-Audio_SP17,2673.85275,2783.088,1391.544,time column: time,audio_duration,H2
556.3627322471267,1887.523227723079,2795.047388193313,2.4914980967575366,4.359262780950595,4.055540068842682,5333.333333333333,0.0022796141267938,2762.95875,0.037,0.3245614035087719,0-0-4517-1,i,49ae7020-Audio_SP17.v0,group_0,1,fave,346.57177295637547,77.1931718581844,8,Quiero,,0.0900000000001455,[silence],[silence],k,é,k,é,internal,12.0793586203779,78.19946303367115,57.71632536953837,49ae7020-Audio_SP17.csv,49ae7020-Audio_SP17,2762.95875,2783.088,1391.544,time column: time,audio_duration,H2
574.9409221636595,2407.834565258513,2956.137856980176,2.9771762770384336,3.5152645593092657,4.206989555624862,6051.282051282051,0.001728707177898,1423.71775,0.075,0.3348214285714286,0-0-2573-1,y,49ae7020-Audio_SP17.v0,group_0,1,fave,305.24256527519896,75.11656191753612,8,hay,,0.2000000000000454,No,confinación,á,#,á,k,final,19.63230212054452,33.62482250711516,67.15407160625946,49ae7020-Audio_SP17.csv,49ae7020-Audio_SP17,1423.71775,2783.088,1391.544,time column: time,audio_duration,H2
496.6018493059828,1988.4388590720885,3387.97037718377,3.3913336322442573,3.3255744833427845,4.652684941183085,7307.692307692308,0.003854368058739,1447.75575,0.031,0.3297872340425531,0-0-2645-2,y,49ae7020-Audio_SP17.v0,group_0,1,fave,163.76701519555655,71.74097822872103,8,muy,,0.0699999999999363,son,irresponsables,ú,#,ú,i,final,29.705542134164872,27.81497329248173,104.8661674214616,49ae7020-Audio_SP17.csv,49ae7020-Audio_SP17,1447.75575,2783.088,1391.544,time column: time,audio_duration,H2
432.91690968537,2067.625603032046,3497.393842294708,3.2118123456428536,2.987840457567557,3.949709458645237,5871.794871794871,0.0071121938741952,1508.8037499999998,0.047,0.3263888888888889,0-0-2718-0,y,49ae7020-Audio_SP17.v0,group_0,1,fave,210.6304802405092,75.14137362883369,8,yo,,0.1200000000001182,estado,en,#,ó,o,ó,initial,24.824035212788903,19.84278485273329,51.92027965482211,49ae7020-Audio_SP17.csv,49ae7020-Audio_SP17,1508.8037499999998,2783.088,1391.544,time column: time,audio_duration,H2
500.608173061956,2306.798738506399,3062.7496787325563,3.1506837352050794,3.5362582640254385,3.9156255787573087,6230.769230769231,0.0003096638380693,1592.8627499999998,0.045,0.3358208955223881,0-0-2769-1,y,49ae7020-Audio_SP17.v0,group_0,1,fave,214.75710621173133,75.40091865959316,8,Hay,,0.1100000000001273,.,algunos,á,#,á,a,final,23.352025725821232,34.33819405730577,50.18045351980846,49ae7020-Audio_SP17.csv,49ae7020-Audio_SP17,1592.8627499999998,2783.088,1391.544,time column: time,audio_duration,H2
713.0846677659424,2271.1108774859595,3000.348066382632,4.073614294554588,3.1917712133209624,3.595825955562908,6589.74358974359,0.0030070957871263,1603.1737500000002,0.067,0.3284313725490196,0-0-2789-0,y,49ae7020-Audio_SP17.v0,group_0,1,fave,277.6915462089237,74.99063967648118,8,ya,,0.1799999999998363,raíz,de,#,á,z,á,initial,58.768987632587375,24.33148555061699,36.44579016272425,49ae7020-Audio_SP17.csv,49ae7020-Audio_SP17,1603.1737500000002,2783.088,1391.544,time column: time,audio_duration,H2
726.9235412380143,2285.262402707697,3161.8479234030387,3.584772828047172,4.003427133015767,3.689953144031165,6230.769230769231,0.000370712686128,1606.8427499999998,0.025,0.3378378378378378,0-0-2801-0,y,49ae7020-Audio_SP17.v0,group_0,1,fave,189.51298075802384,70.92112465316788,8,yo,,0.0500000000001819,[silence],me,#,ó,.,ó,initial,36.04516833741434,54.78558615652919,40.04297066114386,49ae7020-Audio_SP17.csv,49ae7020-Audio_SP17,1606.8427499999998,2783.088,1391.544,time column: time,audio_duration,H2
375.4080431158762,2499.8419114594567,3674.189559275312,3.5014279760999862,3.4299747314564284,3.96787126838555,6589.74358974359,0.0063206425442117,1611.84775,0.055,0.3353658536585365,0-0-2817-0,y,49ae7020-Audio_SP17.v0,group_0,1,fave,160.36668516184176,64.08202419255106,8,yo,,0.1400000000001,que,",",#,ó,é,ó,initial,33.162773811825986,30.87586255174165,52.87186095831711,49ae7020-Audio_SP17.csv,49ae7020-Audio_SP17,1611.84775,2783.088,1391.544,time column: time,audio_duration,H2
457.2981458208906,2240.126016814429,3038.2056959356523,3.343541428159853,3.042604188945443,4.315311556871184,6051.282051282051,0.0013816839947321,1615.94775,0.055,0.3353658536585365,0-0-2826-1,y,49ae7020-Audio_SP17.v0,group_0,1,fave,175.9164041510891,69.29187019529084,8,ayuda,,0.1399999999998726,poca,que,a,ú,a,ú,internal,28.31923988254941,20.95975538759231,74.83693577375479,49ae7020-Audio_SP17.csv,49ae7020-Audio_SP17,1615.94775,2783.088,1391.544,time column: time,audio_duration,H2
514.0242504455152,1994.930860007846,2648.9600605724554,2.93323582482496,3.105450763326393,3.908340436412623,6230.769230769231,0.0001344300004236,1624.41775,0.035,0.3365384615384615,0-0-2852-1,y,49ae7020-Audio_SP17.v0,group_0,1,fave,165.37052854192126,73.74132219789936,8,ayudarles,,0.0799999999999272,poder,",",a,u,a,u,internal,18.788327978594744,22.31927741984901,49.81621016629992,49ae7020-Audio_SP17.csv,49ae7020-Audio_SP17,1624.41775,2783.088,1391.544,time column: time,audio_duration,H2
451.0201297273801,2370.4421611324988,2552.925627588687,3.044160449206789,3.7332091613837584,2.971700391412017,6230.769230769231,9.81820468048e-05,1629.57575,0.031,0.3297872340425531,0-0-2871-0,y,49ae7020-Audio_SP17.v0,group_0,1,fave,197.0318010029299,75.13102993050431,8,yo,,0.0700000000001637,porque,no,#,ó,e,ó,initial,20.992399616859387,41.81307799889267,19.525091683489624,49ae7020-Audio_SP17.csv,49ae7020-Audio_SP17,1629.57575,2783.088,1391.544,time column: time,audio_duration,H2
507.0904431224527,2472.0068617721104,2999.982952976197,3.698703862700732,3.364965173741916,3.872276704439762,5871.794871794871,0.0041513978990789,1640.66575,0.071,0.3317757009345795,0-0-2897-1,y,49ae7020-Audio_SP17.v0,group_0,1,fave,235.9594216068556,70.6526077175356,8,hay,,0.1899999999998272,que,algunos,á,#,á,a,final,40.39491306072473,28.932489671152,48.0516610702879,49ae7020-Audio_SP17.csv,49ae7020-Audio_SP17,1640.66575,2783.088,1391.544,time column: time,audio_duration,H2
486.4632687686729,1298.2989547273794,2670.200641522173,3.6450021210199433,3.773637197250095,3.2239434681571923,6051.282051282051,0.0004496970287278,1648.91375,0.027,0.3214285714285714,0-0-2915-2,y,49ae7020-Audio_SP17.v0,group_0,1,fave,206.10500055009388,74.87021336602174,8,muy,,0.0599999999999454,son,cerrados,ú,#,ú,z,final,38.2828540501688,43.53813397844619,25.127012637777916,49ae7020-Audio_SP17.csv,49ae7020-Audio_SP17,1648.91375,2783.088,1391.544,time column: time,audio_duration,H2
343.3080931395387,2460.738145599791,4206.967233124731,2.2344569255100866,3.822121553277857,3.690471621754879,6948.717948717948,0.0005264215595919,1678.47875,0.037,0.324561403508772,0-0-2973-1,y,49ae7020-Audio_SP17.v0,group_0,1,fave,175.41751539540672,70.77169645543381,8,ayudado,,0.0899999999999181,He,a,a,u,a,u,internal,9.341407394361283,45.70106278311846,40.06373743251198,49ae7020-Audio_SP17.csv,49ae7020-Audio_SP17,1678.47875,2783.088,1391.544,time column: time,audio_duration,H2
436.05889394887015,2112.561221960842,2860.7347995673736,2.870758123604796,3.189450423920143,3.521489725604431,6230.769230769231,0.0005209845550772,1693.84575,0.051,0.3311688311688312,0-0-2993-1,y,49ae7020-Audio_SP17.v0,group_0,1,fave,168.56910810568638,73.62568625363373,8,ayuda,,0.1300000000001091,brindar,al,a,ú,a,ú,internal,17.650394309384367,24.275082771646478,33.83479549917941,49ae7020-Audio_SP17.csv,49ae7020-Audio_SP17,1693.84575,2783.088,1391.544,time column: time,audio_duration,H2
576.631357633372,2495.151703945311,2986.4577134741467,3.2197879111408083,3.6412570652006178,3.856418813649645,6051.282051282051,0.0002885861347052,1733.52575,0.031,0.3297872340425531,0-0-3020-1,y,49ae7020-Audio_SP17.v0,group_0,1,fave,260.8903945039874,69.87053121721911,8,hay,,0.0699999999999363,que,personas,á,#,á,p,final,25.022812558744544,38.13975075699547,47.29567310649727,49ae7020-Audio_SP17.csv,49ae7020-Audio_SP17,1733.52575,2783.088,1391.544,time column: time,audio_duration,H2
560.3304328413935,2075.980136338496,2775.390034544771,2.681138759158506,3.156945873719525,3.464362590266245,6230.769230769231,0.000549270836726,1774.48875,0.037,0.3245614035087719,0-0-3141-1,y,49ae7020-Audio_SP17.v0,group_0,1,fave,345.31775646241834,73.72559065563654,8,hay,,0.0899999999999181,todo,que,á,#,á,k,final,14.601711664813196,23.498718170341757,31.95608416091677,49ae7020-Audio_SP17.csv,49ae7020-Audio_SP17,1774.48875,2783.088,1391.544,time column: time,audio_duration,H2
572.3589626483584,2095.272845589974,2842.071260347689,2.7158207708517828,2.6672681383210453,3.48052689857081,6948.717948717948,3.30968382642e-05,1778.5737499999998,0.027,0.3214285714285714,0-0-3149-1,y,49ae7020-Audio_SP17.v0,group_0,1,fave,175.15099292304748,76.94246122362335,8,Hay,,0.0599999999999454,[silence],que,á,#,á,k,final,15.117012584684188,14.400575028523768,32.476829563594094,49ae7020-Audio_SP17.csv,49ae7020-Audio_SP17,1778.5737499999998,2783.088,1391.544,time column: time,audio_duration,H2
624.0142300978339,2090.6358094479656,2821.092595688974,3.640274193259763,3.7522004398712814,2.987237296256128,5871.794871794871,0.000663538403269,1895.37075,0.041,0.3306451612903226,0-0-3342-2,y,49ae7020-Audio_SP17.v0,group_0,1,fave,254.00854606425872,76.26512047104778,8,muy,,0.1000000000001364,",",pocas,ú,#,ú,p,final,38.10228268232116,42.61475010198424,19.83082006131149,49ae7020-Audio_SP17.csv,49ae7020-Audio_SP17,1895.37075,2783.088,1391.544,time column: time,audio_duration,H2
636.1766450645276,2056.678563073797,2831.3583509769965,3.2948043078456664,3.0730995592580164,3.881128025464277,6410.25641025641,0.0001239510427122,1912.52775,0.035,0.3365384615384615,0-0-3380-1,y,49ae7020-Audio_SP17.v0,group_0,1,fave,158.68933193930158,74.09766988752834,8,hay,,0.0799999999999272,[silence],que,á,#,á,k,final,26.97213531814412,21.608776665282168,48.478869639109966,49ae7020-Audio_SP17.csv,49ae7020-Audio_SP17,1912.52775,2783.088,1391.544,time column: time,audio_duration,H2
416.8600804841629,2447.866380643404,3513.5039224664074,3.449034271800824,3.287650537071794,4.781344918530872,6948.717948717948,0.011786937786753,1947.82275,0.0849999999999999,0.3346456692913385,0-0-3393-4,y,49ae7020-Audio_SP17.v0,group_0,1,fave,187.5484302501909,70.7065510989417,8,Estoy,,0.2300000000000182,[silence],.,ó,#,ó,.,final,31.46998617600331,26.779871370847708,119.2646434589264,49ae7020-Audio_SP17.csv,49ae7020-Audio_SP17,1947.82275,2783.088,1391.544,time column: time,audio_duration,H2
393.1256809209619,2434.961431047509,3448.894711916583,3.526672263246777,3.152074993181237,3.5778993331655977,5871.794871794871,0.0036540413639305,1990.96575,0.051,0.3311688311688312,0-0-3427-0,y,49ae7020-Audio_SP17.v0,group_0,1,fave,180.19279935199515,67.08749388222107,8,yo,,0.1299999999998817,de,[silence],#,ó,e,ó,initial,34.01060076568917,23.384537028432188,35.79826158557942,49ae7020-Audio_SP17.csv,49ae7020-Audio_SP17,1990.96575,2783.088,1391.544,time column: time,audio_duration,H2
463.14993289555946,1882.978972547621,2559.9608395136643,2.977032198975506,3.3366940230775843,3.492848628487241,6230.769230769231,9.93631861928e-05,2033.75875,0.057,0.3275862068965517,0-0-3476-2,y,49ae7020-Audio_SP17.v0,group_0,1,fave,221.79933692007063,76.79637880126998,8,soy,,0.1500000000000909,",",el,ó,#,ó,e,final,19.62947374024285,28.12598896419028,32.879475841057726,49ae7020-Audio_SP17.csv,49ae7020-Audio_SP17,2033.75875,2783.088,1391.544,time column: time,audio_duration,H2
493.0863235158875,2015.9927058869248,2643.1506645745944,2.910506067919989,4.1935817558676085,3.6780772911038095,6051.282051282051,0.022410965214235,2076.26375,0.047,0.3263888888888889,0-0-3559-2,y,49ae7020-Audio_SP17.v0,group_0,1,fave,166.95764895031803,68.84749463744525,8,muy,,0.1200000000003456,siendo,personal,ú,#,ú,p,final,18.366090704914527,66.25969248777918,39.57023883362604,49ae7020-Audio_SP17.csv,49ae7020-Audio_SP17,2076.26375,2783.088,1391.544,time column: time,audio_duration,H2
507.656607367929,2097.2089789557463,2880.388859048237,2.655836119895159,3.070059571400104,4.243682659092334,6230.769230769231,0.0006951436688355,2116.71275,0.045,0.3358208955223881,0-0-3628-1,y,49ae7020-Audio_SP17.v0,group_0,1,fave,162.23123409518968,73.64358542203284,8,ayudar,,0.1100000000001273,de,a,a,u,a,u,internal,14.236884826888026,21.543185994529868,69.66392852757296,49ae7020-Audio_SP17.csv,49ae7020-Audio_SP17,2116.71275,2783.088,1391.544,time column: time,audio_duration,H2
569.7535598116035,2067.155838528688,2608.019251825159,2.353722198587372,3.1796618479636005,3.3465308001367777,6230.769230769231,0.0005517649184099,2251.1557500000004,0.051,0.3311688311688312,0-0-3869-2,y,49ae7020-Audio_SP17.v0,group_0,1,fave,189.8916595242616,75.25691058413776,8,voy,,0.1300000000001091,no,a,ó,#,ó,a,final,10.52467182529064,24.03862346806177,28.40402328608964,49ae7020-Audio_SP17.csv,49ae7020-Audio_SP17,2251.1557500000004,2783.088,1391.544,time column: time,audio_duration,H2
558.3293616210453,1544.3674133150073,2577.1706594034004,1.6353405474941298,3.221509738173399,3.3716843225412347,6230.769230769231,1.4024761590124994e-06,2269.11275,0.025,0.3378378378378378,0-0-3896-2,y,49ae7020-Audio_SP17.v0,group_0,1,fave,185.8515403542484,79.25527231775662,8,doy,,0.0500000000001819,me,por,ó,#,ó,p,final,5.1312051185663385,25.06593462755791,29.127545946607466,49ae7020-Audio_SP17.csv,49ae7020-Audio_SP17,2269.11275,2783.088,1391.544,time column: time,audio_duration,H2
539.7003605874226,1900.320319250466,2493.373133485916,3.7068959809300432,3.701483866900362,3.889029028024297,6230.769230769231,0.0034071363516748,2276.59775,0.055,0.3353658536585366,0-0-3912-2,y,49ae7020-Audio_SP17.v0,group_0,1,fave,226.49867849816792,69.68970196386745,8,doy,,0.1399999999998726,Siempre,[silence],ó,#,ó,.,final,40.72719214084482,40.50736732792026,48.86341847241369,49ae7020-Audio_SP17.csv,49ae7020-Audio_SP17,2276.59775,2783.088,1391.544,time column: time,audio_duration,H2
390.963038483473,2510.7599967495435,3192.5167283496226,3.308658667182935,3.683457907345839,4.217456742146263,5692.307692307692,0.0020172208597799,2339.4037500000004,0.047,0.3263888888888889,0-0-4037-0,y,49ae7020-Audio_SP17.v0,group_0,1,fave,82.95023440981994,67.20389933771995,8,yo,,0.1199999999998908,que,[silence],#,ó,é,ó,initial,27.34841752869641,39.783724931725374,67.86067743552289,49ae7020-Audio_SP17.csv,49ae7020-Audio_SP17,2339.4037500000004,2783.088,1391.544,time column: time,audio_duration,H2
465.42381886339336,2248.1480295618926,2556.8394434405645,3.4248780253295577,3.5316294626089086,4.28717491415955,6230.769230769231,0.0071250916263018,2341.2737500000003,0.087,0.3295454545454546,0-0-4040-3,y,49ae7020-Audio_SP17.v0,group_0,1,fave,229.1084804864332,72.87932194378587,8,estoy,,0.2399999999997817,[silence],.,ó,#,ó,.,final,30.718897695555736,34.17961667076517,72.76062286534659,49ae7020-Audio_SP17.csv,49ae7020-Audio_SP17,2341.2737500000003,2783.088,1391.544,time column: time,audio_duration,H2
540.9799526326425,2424.783703842474,2933.1456338713224,3.4449460497135527,2.9988315790753663,3.750515304596053,6410.25641025641,0.0026962892508372,2343.35275,0.0849999999999999,0.3346456692913385,0-0-4046-1,y,49ae7020-Audio_SP17.v0,group_0,1,fave,204.4909519226088,69.21755038003458,8,hay,,0.2300000000000182,no,no,á,#,á,n,final,31.34159251316282,20.062082266688204,42.54299895551551,49ae7020-Audio_SP17.csv,49ae7020-Audio_SP17,2343.35275,2783.088,1391.544,time column: time,audio_duration,H2
557.0451895143885,2181.170514876467,2832.782954030806,2.477948330496836,3.0282241400928425,3.850701985946943,6410.25641025641,0.0002359288753422,2343.85875,0.037,0.3245614035087719,0-0-4048-1,y,49ae7020-Audio_SP17.v0,group_0,1,fave,174.11987802939765,68.35326488457451,8,hay,,0.0899999999996907,no,[silence],á,#,á,.,final,11.916790005102015,20.66050982074213,47.02606328300267,49ae7020-Audio_SP17.csv,49ae7020-Audio_SP17,2343.85875,2783.088,1391.544,time column: time,audio_duration,H2
563.3996076828336,2193.0373270715213,2615.164332714241,2.870241568140225,3.0667119877183704,3.744594708710464,6230.769230769231,0.0003220492940782,2456.47275,0.045,0.3358208955223881,0-0-4213-1,y,49ae7020-Audio_SP17.v0,group_0,1,fave,143.80170382661444,69.62694431423571,8,hay,,0.1100000000001273,que,",",á,#,á,.,final,17.641279256169977,21.4711889519396,42.29186322113424,49ae7020-Audio_SP17.csv,49ae7020-Audio_SP17,2456.47275,2783.088,1391.544,time column: time,audio_duration,H2
567.377097287856,2068.612032654353,2705.1285087478605,2.283746426442831,3.0126402926496265,3.678706630424639,6230.769230769231,0.0006332835448715,2458.94275,0.045,0.3358208955223881,0-0-4224-1,y,49ae7020-Audio_SP17.v0,group_0,1,fave,137.19364759297085,73.83120191133435,8,hay,,0.1100000000001273,que,[silence],á,#,á,.,final,9.81337672063185,20.34103537362527,39.59514977875511,49ae7020-Audio_SP17.csv,49ae7020-Audio_SP17,2458.94275,2783.088,1391.544,time column: time,audio_duration,H2
564.4640240698006,1733.2281384175403,2529.467914557957,3.6144867983909528,3.876020505233748,3.7895683457828926,6410.25641025641,0.0090139353014662,2554.85575,0.031,0.3297872340425531,0-0-4337-2,y,49ae7020-Audio_SP17.v0,group_0,1,fave,238.8372145853048,75.54446594905978,8,muy,,0.0699999999997089,Algo,importante,ú,#,ú,i,final,37.13228468668682,48.231894084894016,44.23730093662199,49ae7020-Audio_SP17.csv,49ae7020-Audio_SP17,2554.85575,2783.088,1391.544,time column: time,audio_duration,H2
577.9170489456043,2109.365076368101,2756.107264780003,3.680669581080114,4.162315635527157,4.90795147150186,7128.205128205128,0.0037334607380631,2557.0107499999995,0.041,0.3306451612903226,0-0-4344-1,y,49ae7020-Audio_SP17.v0,group_0,1,fave,197.982363009566,71.19245575857633,8,hay,,0.1000000000003638,",",[silence],á,#,á,.,final,39.672949437431136,64.22006080774975,135.36183761163807,49ae7020-Audio_SP17.csv,49ae7020-Audio_SP17,2557.0107499999995,2783.088,1391.544,time column: time,audio_duration,H2
617.6699853280774,1526.429686701144,2317.085761488784,3.9983967144144783,4.093821674271724,3.886730618942557,6051.282051282051,0.0295385453130033,2558.90775,0.055,0.3353658536585365,0-0-4350-0,y,49ae7020-Audio_SP17.v0,group_0,1,fave,179.12150096273194,69.54562905674646,8,yo,,0.1399999999998726,tengo,.,#,ó,o,ó,initial,54.51068374165831,59.96863492390221,48.7512393138142,49ae7020-Audio_SP17.csv,49ae7020-Audio_SP17,2558.90775,2783.088,1391.544,time column: time,audio_duration,H2
506.3968716661921,2168.306948660971,2718.3502772382512,2.6679968109140764,3.0945626874649754,3.2452989884322254,6230.769230769231,1.81481784032e-05,2618.85875,0.037,0.3245614035087719,0-0-4397-1,y,49ae7020-Audio_SP17.v0,group_0,1,fave,169.77016402573173,71.91427168003354,8,hay,,0.0899999999996907,si,un,á,#,á,ú,final,14.411072156891349,22.07758162296787,25.669383761804237,49ae7020-Audio_SP17.csv,49ae7020-Audio_SP17,2618.85875,2783.088,1391.544,time column: time,audio_duration,H2
529.7161414558149,2216.977143881648,2599.8010125281025,2.6224740796839074,2.7310430111587243,3.375724582399336,6230.769230769231,2.33640569377e-05,2653.74575,0.031,0.3297872340425531,0-0-4455-1,y,49ae7020-Audio_SP17.v0,group_0,1,fave,168.4560682591844,79.41256702888558,8,hay,,0.0700000000001637,[silence],[silence],á,#,á,.,final,13.769748933098713,15.348887735176143,29.245466856410943,49ae7020-Audio_SP17.csv,49ae7020-Audio_SP17,2653.74575,2783.088,1391.544,time column: time,audio_duration,H2
328.7746593054741,2388.988800239885,3162.3838211234784,3.124256119952244,3.2861918946855924,4.453983196259948,5692.307692307692,0.0015735622254106,2657.64575,0.051,0.3311688311688312,0-0-4461-0,y,49ae7020-Audio_SP17.v0,group_0,1,fave,154.55183741675316,76.99807607113097,8,yo,,0.1300000000001091,Que,mismo,#,ó,é,ó,initial,22.74297075729609,26.740837590453264,85.96869310032069,49ae7020-Audio_SP17.csv,49ae7020-Audio_SP17,2657.64575,2783.088,1391.544,time column: time,audio_duration,H2
575.7179530735457,1424.973984811137,2423.1589284010024,2.55227572006112,3.1671727987954794,2.9209894631691253,6230.769230769231,6.19707790944e-05,2674.33575,0.031,0.3297872340425531,0-0-4502-2,y,49ae7020-Audio_SP17.v0,group_0,1,fave,190.84717693680832,78.17369386760556,8,voy,,0.0699999999997089,me,a,ó,#,ó,a,final,12.836282354203645,23.740270865780584,18.559642460097344,49ae7020-Audio_SP17.csv,49ae7020-Audio_SP17,2674.33575,2783.088,1391.544,time column: time,audio_duration,H2
730.2298376922683,1485.3145380202702,2815.4486078533414,2.708346748161869,2.7679243007414067,3.4661772067427217,6230.769230769231,4.784324935757628e-06,1396.99575,0.031,0.3297872340425531,0-0-2556-3,a,49ae7020-Audio_SP17.v0,group_0,1,fave,182.5034033263913,78.83904203856854,8,cada,,0.0699999999999363,está,vez,d,#,d,b,final,15.004448865511277,15.925543040343229,32.01412484262098,49ae7020-Audio_SP17.csv,49ae7020-Audio_SP17,1396.99575,2783.088,1391.544,time column: time,audio_duration,H2
619.8897531457566,1430.7803805561325,2870.5658311846464,2.832052511963186,3.1863094707788937,4.120758126007039,6230.769230769231,1.61926286431e-05,1397.3837499999995,0.027,0.3214285714285714,0-0-2559-0,a,49ae7020-Audio_SP17.v0,group_0,1,fave,165.83986679542895,77.04210599342261,8,aumento,,0.0600000000001728,en,por,#,u,n,u,initial,16.980277304002474,24.198955492855195,61.605929622176696,49ae7020-Audio_SP17.csv,49ae7020-Audio_SP17,1397.3837499999995,2783.088,1391.544,time column: time,audio_duration,H2
644.3069594359546,1590.647303032228,2397.336833642514,2.770537978240776,3.612555610488041,3.5529000158646413,6230.769230769231,0.0003320939373099,1398.16575,0.051,0.3311688311688312,0-0-2561-2,a,49ae7020-Audio_SP17.v0,group_0,1,fave,140.42148338601066,74.64393464136896,8,acá,,0.1299999999998817,por,[nontrans],k,#,k,.,final,15.967221717436608,37.06064446532195,34.91442319383389,49ae7020-Audio_SP17.csv,49ae7020-Audio_SP17,1398.16575,2783.088,1391.544,time column: time,audio_duration,H2
701.1778070978352,1670.82198139185,2645.128255451727,2.865368146588803,3.317149587379426,3.554472061948442,6410.25641025641,1.88339699989e-05,1401.92375,0.027,0.3214285714285714,0-0-2565-1,a,49ae7020-Audio_SP17.v0,group_0,1,fave,151.87387061410766,77.7106341711344,8,labores,,0.0599999999999454,mis,no,l,b,l,b,internal,17.55551501803489,27.58161940763488,34.96935344121149,49ae7020-Audio_SP17.csv,49ae7020-Audio_SP17,1401.92375,2783.088,1391.544,time column: time,audio_duration,H2
694.7864140310038,1662.998524725874,2981.384053542905,2.731931714036978,3.2808349978023474,3.0936896623383525,6230.769230769231,2.34163622636e-05,1424.52575,0.031,0.3297872340425531,0-0-2574-6,a,49ae7020-Audio_SP17.v0,group_0,1,fave,205.97051215351067,81.09699760210403,8,confinación,,0.0699999999999363,hay,.,n,z,n,z,internal,15.36253439890088,26.59797267885101,22.05831575049499,49ae7020-Audio_SP17.csv,49ae7020-Audio_SP17,1424.52575,2783.088,1391.544,time column: time,audio_duration,H2
756.0988428944848,1687.0557905982257,2683.9741851509784,3.27232870615328,2.9374757757488106,3.617755386680329,6410.25641025641,0.0006312226140503,1430.9387500000005,0.097,0.3299319727891156,0-0-2594-7,a,49ae7020-Audio_SP17.v0,group_0,1,fave,166.80361795633007,72.53720706399604,8,economía,,0.2699999999999818,la,[silence],i,#,i,.,final,26.37268211802295,18.86815868671328,37.253853408388245,49ae7020-Audio_SP17.csv,49ae7020-Audio_SP17,1430.9387500000005,2783.088,1391.544,time column: time,audio_duration,H2
618.9826762766488,1970.8389225548235,2846.124171116282,2.4116979193571817,3.516419916540742,3.99399990497848,6410.25641025641,6.86808521678e-05,1434.91775,0.035,0.3365384615384615,0-0-2607-0,a,49ae7020-Audio_SP17.v0,group_0,1,fave,166.5694702903496,79.31024722772388,8,a,,0.0799999999999272,y,la,#,#,i,l,coextensive,11.152881771519002,33.66369363965397,54.27153678009316,49ae7020-Audio_SP17.csv,49ae7020-Audio_SP17,1434.91775,2783.088,1391.544,time column: time,audio_duration,H2
664.7279987624789,1599.4284101551586,2531.4045848101987,2.391639079216988,3.235016274867384,3.855356057489104,6230.769230769231,2.164019595422206e-06,1435.0737499999998,0.027,0.3214285714285714,0-0-2608-1,a,49ae7020-Audio_SP17.v0,group_0,1,fave,160.09722383286558,78.45005981334108,8,la,,0.0599999999999454,a,vez,l,#,l,b,final,10.93139669215264,25.40678526754448,47.245436038141705,49ae7020-Audio_SP17.csv,49ae7020-Audio_SP17,1435.0737499999998,2783.088,1391.544,time column: time,audio_duration,H2
603.2405076268301,2021.5629833222893,2859.9655263029645,2.8051976804370007,2.950116949350744,3.632345735949214,6230.769230769231,4.87711309942e-05,1436.01875,0.037,0.3245614035087719,0-0-2611-7,a,49ae7020-Audio_SP17.v0,group_0,1,fave,172.5355861784459,76.20583610283578,8,permitían,,0.0899999999999181,[silence],que,i,n,i,n,internal,16.53034330859025,19.108188287778106,37.80138476499892,49ae7020-Audio_SP17.csv,49ae7020-Audio_SP17,1436.01875,2783.088,1391.544,time column: time,audio_duration,H2
631.0530040863213,1805.018673858252,2526.94931551563,2.735744756135006,3.49971410295994,4.007447152152719,6230.769230769231,7.53715098941e-05,1437.3827499999998,0.045,0.3358208955223881,0-0-2615-5,a,49ae7020-Audio_SP17.v0,group_0,1,fave,178.51193711995836,77.42126462599556,8,amplían,,0.1100000000001273,nos,el,i,n,i,n,internal,15.421224211550475,33.10598570224891,55.006268537809824,49ae7020-Audio_SP17.csv,49ae7020-Audio_SP17,1437.3827499999998,2783.088,1391.544,time column: time,audio_duration,H2
602.3702231224396,1657.5357912762115,2900.607577484427,2.787888196301792,4.1077613400689446,3.4043540223791013,6230.769230769231,0.0001999109303939,1438.94375,0.027,0.3214285714285714,0-0-2621-6,a,49ae7020-Audio_SP17.v0,group_0,1,fave,157.34874065286942,73.6426330792977,8,confinamiento,,0.0599999999999454,del,.,n,m,n,m,internal,16.24667376277098,60.81043120140329,30.09484884461165,49ae7020-Audio_SP17.csv,49ae7020-Audio_SP17,1438.94375,2783.088,1391.544,time column: time,audio_duration,H2
853.0348997178723,1532.5605824933136,2398.17484919468,2.8229278861191647,2.746014043943528,3.349636818971166,6230.769230769231,3.13581731327e-05,1442.7837499999998,0.027,0.3214285714285714,0-0-2631-0,a,49ae7020-Audio_SP17.v0,group_0,1,fave,171.27420484129192,74.6664152270256,8,A,,0.0599999999999454,?,la,#,#,,l,coextensive,16.826043360498744,15.58040513981193,28.49238387117224,49ae7020-Audio_SP17.csv,49ae7020-Audio_SP17,1442.7837499999998,2783.088,1391.544,time column: time,audio_duration,H2
593.1972527264877,1266.6417089773895,2543.033566798624,1.9666870384092632,4.497991085560539,3.1520669986543743,6051.282051282051,4.46338607229e-05,1443.1337499999995,0.027,0.3214285714285714,0-0-2633-4,a,49ae7020-Audio_SP17.v0,group_0,1,fave,197.32301577427967,80.87704889445877,8,actualidad,,0.0600000000001728,la,es,u,l,u,l,internal,7.146959620789216,89.83647610682333,23.38435008087002,49ae7020-Audio_SP17.csv,49ae7020-Audio_SP17,1443.1337499999995,2783.088,1391.544,time column: time,audio_duration,H2
787.116612510552,1560.983640855917,2742.1528086772764,3.2464358998007987,3.2760134134405274,4.513115910967802,6230.769230769231,0.0010064472274807,1444.58375,0.067,0.3284313725490196,0-0-2638-2,a,49ae7020-Audio_SP17.v0,group_0,1,fave,210.5166732363782,73.71705927830095,8,tránsito,,0.1800000000000636,[silence],.,R,n,R,n,internal,25.698584172021175,26.470036983950006,91.20556463629975,49ae7020-Audio_SP17.csv,49ae7020-Audio_SP17,1444.58375,2783.088,1391.544,time column: time,audio_duration,H2
634.8795057889387,1367.0074064407922,2805.346793627953,3.109781392273226,3.039177978267227,4.715405412065888,6589.74358974359,0.0001568689350943,1447.37575,0.031,0.3297872340425531,0-0-2643-6,a,49ae7020-Audio_SP17.v0,group_0,1,fave,170.892995976444,75.64871534440302,8,personas,,0.0700000000001637,las,son,n,s,n,s,internal,22.416143522902395,20.88806573193232,111.65406790560996,49ae7020-Audio_SP17.csv,49ae7020-Audio_SP17,1447.37575,2783.088,1391.544,time column: time,audio_duration,H2
628.536750672787,1575.6475109456385,2595.4718462817486,2.436188805332303,3.0321222204286795,3.8118612145151474,6410.25641025641,1.22028798105e-05,1454.23375,0.027,0.3214285714285714,0-0-2659-1,a,49ae7020-Audio_SP17.v0,group_0,1,fave,145.9120112778257,83.03755343865913,8,la,,0.0599999999999454,importa,vida,l,#,l,b,final,11.42939796947278,20.741203320496727,45.234551770299454,49ae7020-Audio_SP17.csv,49ae7020-Audio_SP17,1454.23375,2783.088,1391.544,time column: time,audio_duration,H2
602.8563744390879,1872.073065768781,2670.655487917574,2.141006550777737,2.999023217979434,3.72722755263581,6230.769230769231,1.40437938489e-05,1454.45575,0.031,0.3297872340425531,0-0-2660-3,a,49ae7020-Audio_SP17.v0,group_0,1,fave,148.92027860143378,82.5521799568431,8,vida,,0.0699999999999363,la,de,d,#,d,d,final,8.507997051465873,20.06592731056533,41.56371506501848,49ae7020-Audio_SP17.csv,49ae7020-Audio_SP17,1454.45575,2783.088,1391.544,time column: time,audio_duration,H2
701.8698538965652,1470.6340698886204,2567.463434249727,2.854015012340927,3.490524436415986,4.511971440797611,6410.25641025641,0.0061534160601582,1461.04575,0.1709999999999999,0.3326848249027236,0-0-2673-3,a,49ae7020-Audio_SP17.v0,group_0,1,fave,100.35744228749644,75.79963996888323,8,casa,,0.4900000000000091,en,y,s,#,s,i,final,17.357332027002258,32.803146360547785,91.101242296508,49ae7020-Audio_SP17.csv,49ae7020-Audio_SP17,1461.04575,2783.088,1391.544,time column: time,audio_duration,H2
757.2217959374711,1361.302848711878,2692.051054898402,3.17410673656572,2.880467930510396,4.205150053532978,6589.74358974359,0.003223797862922,1466.3557500000002,0.251,0.3328912466843502,0-0-2688-3,a,49ae7020-Audio_SP17.v0,group_0,1,fave,109.02610429875077,73.96020580067284,8,lleva,,0.7300000000000182,le,alimentos,b,#,b,a,final,23.905456458085258,17.822610972155097,67.03065509832454,49ae7020-Audio_SP17.csv,49ae7020-Audio_SP17,1466.3557500000002,2783.088,1391.544,time column: time,audio_duration,H2
741.9743869998124,1320.8936249818812,2831.1477121934013,3.124819552491981,2.9872795831814902,4.292263449638344,6410.25641025641,0.0024250371852661,1466.98375,0.047,0.3263888888888889,0-0-2689-0,a,49ae7020-Audio_SP17.v0,group_0,1,fave,160991.80770291222,69.72251559762087,8,alimentos,,0.1199999999998908,lleva,a,#,l,a,l,initial,22.755788497697964,19.831658663450128,73.13181147853192,49ae7020-Audio_SP17.csv,49ae7020-Audio_SP17,1466.98375,2783.088,1391.544,time column: time,audio_duration,H2
631.2641273408309,1610.3076553899666,2779.0347357881624,2.828089754981969,3.596349303303212,4.128073790657943,6410.25641025641,0.0001586385291862,1467.64575,0.031,0.3297872340425531,0-0-2690-0,a,49ae7020-Audio_SP17.v0,group_0,1,fave,172.6505082328638,78.07535522242921,8,a,,0.0699999999999363,alimentos,mi,#,#,s,m,coextensive,16.91312174004409,36.46486897664112,62.05827051353531,49ae7020-Audio_SP17.csv,49ae7020-Audio_SP17,1467.64575,2783.088,1391.544,time column: time,audio_duration,H2
644.7307263053259,1503.3140124921688,2575.2344916971915,2.92717429648175,2.979562971008313,4.491836045459431,6230.769230769231,0.0002660180441526,1469.16575,0.051,0.3311688311688312,0-0-2698-3,a,49ae7020-Audio_SP17.v0,group_0,1,fave,152.18986969309847,74.65127177051023,8,casa,,0.1299999999998817,otra,.,s,#,s,.,final,18.674786461239943,19.679214377962527,89.28522721368059,49ae7020-Audio_SP17.csv,49ae7020-Audio_SP17,1469.16575,2783.088,1391.544,time column: time,audio_duration,H2
607.2483313390117,818.7189802231799,2561.075106307795,3.430863817723183,3.3784966951267306,4.182511447622907,5871.794871794871,6.4836219582e-05,1506.5927499999998,0.025,0.3378378378378378,0-0-2709-1,a,49ae7020-Audio_SP17.v0,group_0,1,fave,102.44273210158988,77.1772513318271,8,Tampoco,,0.0500000000001819,de,José,t,m,t,m,internal,30.903326064017307,29.32665106119681,65.53022244664803,49ae7020-Audio_SP17.csv,49ae7020-Audio_SP17,1506.5927499999998,2783.088,1391.544,time column: time,audio_duration,H2
784.7400020435624,1624.8257454836853,2681.294285376838,2.697497095178418,3.3705119507300223,3.685577823947919,6410.25641025641,6.69910221469e-05,1510.63575,0.031,0.3297872340425531,0-0-2722-2,a,49ae7020-Audio_SP17.v0,group_0,1,fave,,78.88908884420124,8,Hágamelo,,0.0700000000001637,[silence],[silence],g,m,g,m,internal,14.84253574101642,29.09341764224985,39.86815256885706,49ae7020-Audio_SP17.csv,49ae7020-Audio_SP17,1510.63575,2783.088,1391.544,time column: time,audio_duration,H2
722.9240853025804,1184.5409055620676,2520.7397481043377,2.91544453303876,3.3371244247597924,3.8110046814541465,6230.769230769231,1.47288850483e-05,1511.66375,0.027,0.3214285714285714,0-0-2726-1,a,49ae7020-Audio_SP17.v0,group_0,1,fave,222.2666962201129,80.60385249540711,8,favor,,0.0599999999999454,por,.,f,b,f,b,internal,18.457015332487387,28.138097042635984,45.19582346961136,49ae7020-Audio_SP17.csv,49ae7020-Audio_SP17,1511.66375,2783.088,1391.544,time column: time,audio_duration,H2
762.3220984823066,1277.2914114124524,2737.060035380811,3.2366651153638952,4.177029301846714,3.519720919187766,6230.769230769231,0.0043644013366339,1528.5937499999998,0.047,0.3263888888888889,0-0-2730-0,a,49ae7020-Audio_SP17.v0,group_0,1,fave,103.76705013053883,75.54007292854695,8,&Ah,,0.1200000000001182,[silence],no,#,#,.,n,coextensive,25.448711559365027,65.1719591375602,33.77500119365929,49ae7020-Audio_SP17.csv,49ae7020-Audio_SP17,1528.5937499999998,2783.088,1391.544,time column: time,audio_duration,H2
801.0082598195906,1673.203083571635,2902.239720027783,3.115856827215041,3.949297830742799,4.399818989098799,6410.25641025641,0.004959794493201,1529.27875,0.057,0.3275862068965517,0-0-2733-3,a,49ae7020-Audio_SP17.v0,group_0,1,fave,329.2271126682655,79.73109663066644,8,quizás,,0.1500000000000909,",",[silence],z,s,z,s,internal,22.55274588372402,51.89891221703232,81.43612650411364,49ae7020-Audio_SP17.csv,49ae7020-Audio_SP17,1529.27875,2783.088,1391.544,time column: time,audio_duration,H2
786.5944724046898,1724.3150750495536,2617.7487031419605,2.069203545409331,3.4862747469578523,4.37758527343131,6230.769230769231,0.0001358675693635,1530.53275,0.045,0.3358208955223881,0-0-2737-2,a,49ae7020-Audio_SP17.v0,group_0,1,fave,260.6946930972805,78.7847555597066,8,era,,0.1099999999998999,[silence],otra,R,#,R,ó,final,7.91851386894568,32.66403896623427,79.64547896135879,49ae7020-Audio_SP17.csv,49ae7020-Audio_SP17,1530.53275,2783.088,1391.544,time column: time,audio_duration,H2
790.8986814464233,1530.6197223845645,2852.2093883368475,2.417310645189402,3.647859232923702,4.147130530087389,6230.769230769231,0.0024837905122523,1530.95775,0.055,0.3353658536585366,0-0-2738-3,a,49ae7020-Audio_SP17.v0,group_0,1,fave,267.0800266449879,75.57537393953343,8,otra,,0.1399999999998726,era,[silence],R,#,R,.,final,11.215655841166935,38.39238885026416,63.25223924648198,49ae7020-Audio_SP17.csv,49ae7020-Audio_SP17,1530.95775,2783.088,1391.544,time column: time,audio_duration,H2
802.0229466647243,1549.3773382348838,2751.839155219413,2.898233767715858,3.725312911130952,3.876438437180621,6410.25641025641,0.0006180771519745,1534.93875,0.037,0.3245614035087719,0-0-2748-0,a,49ae7020-Audio_SP17.v0,group_0,1,fave,-198.6582831792824,75.88601879748111,8,aparte,,0.0899999999999181,[silence],del,#,p,®,p,initial,18.14207393829085,41.4842115856769,48.25205594713997,49ae7020-Audio_SP17.csv,49ae7020-Audio_SP17,1534.93875,2783.088,1391.544,time column: time,audio_duration,H2
702.9671016276649,1622.6278223259912,2626.627744300104,2.7993576211526023,3.3349262966799182,4.068527431044808,6230.769230769231,0.0032316323054786,1536.23375,0.047,0.3263888888888889,0-0-2752-5,a,49ae7020-Audio_SP17.v0,group_0,1,fave,314.7120304068161,74.35471512837302,8,ahorita,,0.1199999999998908,estamos,.,t,#,t,.,final,16.434086470078512,28.076313829996465,58.47079688471249,49ae7020-Audio_SP17.csv,49ae7020-Audio_SP17,1536.23375,2783.088,1391.544,time column: time,audio_duration,H2
817.8427143905794,1491.114096468428,2403.4172419696024,3.205989384013389,3.074296485408749,3.959198783002937,6230.769230769231,0.0025136650096193,1588.18775,0.055,0.3353658536585366,0-0-2757-0,a,49ae7020-Audio_SP17.v0,group_0,1,fave,187.6179840611497,74.63895478905296,8,a,,0.1399999999998726,%%,raíz,#,#,&,r,coextensive,24.679905845392263,21.6346562600504,52.415313080887714,49ae7020-Audio_SP17.csv,49ae7020-Audio_SP17,1588.18775,2783.088,1391.544,time column: time,audio_duration,H2
657.7385524394921,1281.1616681718767,2453.85318452179,2.8632530680097608,3.4152801273451696,3.344572232811901,6230.769230769231,1.53979045917e-05,1589.8237499999998,0.027,0.3214285714285714,0-0-2764-1,a,49ae7020-Audio_SP17.v0,group_0,1,fave,199.4763013733456,80.38868391916482,8,pasando,,0.0599999999999454,[silence],el,p,s,p,s,internal,17.518422964408014,30.42547124039717,28.348446537354487,49ae7020-Audio_SP17.csv,49ae7020-Audio_SP17,1589.8237499999998,2783.088,1391.544,time column: time,audio_duration,H2
998.1839785833552,1555.4216322148366,2383.455112167818,3.462449754324238,3.433834451772791,3.3489611423455607,6230.769230769231,0.0017756976894878,1602.76775,0.035,0.3365384615384615,0-0-2786-0,a,49ae7020-Audio_SP17.v0,group_0,1,fave,204.20484368899932,72.30101243732148,8,A,,0.0799999999999272,[silence],a,#,#,.,a,coextensive,31.895015840027973,30.995265027566127,28.473138735858942,49ae7020-Audio_SP17.csv,49ae7020-Audio_SP17,1602.76775,2783.088,1391.544,time column: time,audio_duration,H2
630.0823791770558,1747.1744055105275,2655.6918983755268,2.4317885490246898,3.982883299441781,3.878292893540453,6410.25641025641,0.000183698618901,1604.69375,0.027,0.3214285714285714,0-0-2795-1,a,49ae7020-Audio_SP17.v0,group_0,1,fave,159.73242320578655,77.96951648002747,8,la,,0.0599999999999454,y,poquita,l,#,l,p,final,11.379216176310695,53.67156253103591,48.341620300090376,49ae7020-Audio_SP17.csv,49ae7020-Audio_SP17,1604.69375,2783.088,1391.544,time column: time,audio_duration,H2
653.9482515686931,2324.619856479256,3030.899809460733,3.095142538097305,3.381007975088591,3.9537594304994177,6230.769230769231,0.0021441859394418,1605.8887499999998,0.057,0.3275862068965517,0-0-2799-4,a,49ae7020-Audio_SP17.v0,group_0,1,fave,223.3468968053067,73.21543271687487,8,tenía,,0.1500000000000909,que,[silence],i,#,i,.,final,22.09038703488656,29.400391044472865,52.13098170677607,49ae7020-Audio_SP17.csv,49ae7020-Audio_SP17,1605.8887499999998,2783.088,1391.544,time column: time,audio_duration,H2
756.7554247324482,1455.334428653356,2554.4882742372256,3.092926633021575,3.153757808424658,3.5277989136928865,6410.25641025641,0.0015690158816394,1607.43575,0.131,0.3324873096446699,0-0-2803-2,a,49ae7020-Audio_SP17.v0,group_0,1,fave,178.00849197891645,74.93137392975726,8,iba,,0.3700000000001182,me,[silence],b,#,b,.,final,22.041491028592954,23.42392201333604,34.04894041785188,49ae7020-Audio_SP17.csv,49ae7020-Audio_SP17,1607.43575,2783.088,1391.544,time column: time,audio_duration,H2
686.8414459519619,1565.9531484980823,2537.207608033248,2.497443997893535,3.0410947000789004,3.538874279774733,6230.769230769231,5.69095276085e-05,1608.49575,0.031,0.3297872340425531,0-0-2807-3,a,49ae7020-Audio_SP17.v0,group_0,1,fave,170.41967972840678,77.4985870470319,8,relacionando,,0.0699999999999363,[silence],con,l,z,l,z,internal,12.15139524160472,20.928140737173678,34.4281409136622,49ae7020-Audio_SP17.csv,49ae7020-Audio_SP17,1608.49575,2783.088,1391.544,time column: time,audio_duration,H2
772.3399898369789,1551.499199123213,2799.633804742531,2.9953953522216463,3.447054948296424,4.319471664783153,6051.282051282051,0.0011344747909246,1610.14075,0.041,0.3306451612903226,0-0-2810-6,a,49ae7020-Audio_SP17.v0,group_0,1,fave,235.79109369984843,76.83769141965927,8,personas,,0.1000000000001364,otras,que,n,s,n,s,internal,19.993262708385476,31.4077584973514,75.1489139839476,49ae7020-Audio_SP17.csv,49ae7020-Audio_SP17,1610.14075,2783.088,1391.544,time column: time,audio_duration,H2
654.5518119874596,1689.0135811946195,2625.368072087324,2.872942043587861,3.493360290808189,3.82866908421123,6410.25641025641,3.68395894665e-05,1610.96575,0.031,0.3297872340425531,0-0-2813-1,a,49ae7020-Audio_SP17.v0,group_0,1,fave,198.8233808734776,78.20015606218841,8,las,,0.0699999999999363,tenían,mismas,l,s,l,s,internal,17.688983480719205,32.89630333460821,46.00127365285041,49ae7020-Audio_SP17.csv,49ae7020-Audio_SP17,1610.96575,2783.088,1391.544,time column: time,audio_duration,H2
727.675402850402,1512.1744948240482,2513.3671323125754,3.094967623268255,3.085078286983136,3.817841950883136,6410.25641025641,0.0001044716597056,1611.2507500000002,0.041,0.3306451612903226,0-0-2814-4,a,49ae7020-Audio_SP17.v0,group_0,1,fave,200.437648835657,78.6936495516261,8,mismas,,0.099999999999909,las,dudas,m,s,m,s,internal,22.086523436524875,21.869178847096133,45.50589831641965,49ae7020-Audio_SP17.csv,49ae7020-Audio_SP17,1611.2507500000002,2783.088,1391.544,time column: time,audio_duration,H2
630.4648318892589,1482.2653372839804,2863.997369881612,2.623935945517027,3.311087827945877,4.577370707000088,6230.769230769231,0.0004620969562437,1611.52575,0.031,0.3297872340425531,0-0-2815-3,a,49ae7020-Audio_SP17.v0,group_0,1,fave,202.57246271677448,77.87102737150228,8,dudas,,0.0699999999999363,mismas,que,d,s,d,s,internal,13.78989317909968,27.41493198593302,97.25833706511428,49ae7020-Audio_SP17.csv,49ae7020-Audio_SP17,1611.52575,2783.088,1391.544,time column: time,audio_duration,H2
677.9673916019163,1726.657668113668,2563.625483883964,2.4563893849338583,3.694304720574252,4.06443880423069,6410.25641025641,7.27980194354e-05,1612.77775,0.035,0.3365384615384615,0-0-2819-0,a,49ae7020-Audio_SP17.v0,group_0,1,fave,149.1473681731439,77.94788345323593,8,al,,0.0799999999999272,",",inicio,#,l,.,l,initial,11.662626174475644,40.21760039474585,58.2322196756691,49ae7020-Audio_SP17.csv,49ae7020-Audio_SP17,1612.77775,2783.088,1391.544,time column: time,audio_duration,H2
633.5666301582394,1376.7869078685665,2437.0570725524994,2.2978204280987127,3.3649645567434248,3.746348445075855,6230.769230769231,3.977695737928834e-06,1615.6327499999998,0.025,0.3378378378378378,0-0-2825-3,a,49ae7020-Audio_SP17.v0,group_0,1,fave,203.03711977445056,80.78490922932873,8,poca,,0.0500000000001819,mi,ayuda,k,#,k,a,final,9.952466681139745,28.93247181985504,42.36609707390278,49ae7020-Audio_SP17.csv,49ae7020-Audio_SP17,1615.6327499999998,2783.088,1391.544,time column: time,audio_duration,H2
712.4222943155996,1522.229247835993,2384.869414926829,2.943250469682701,3.2712544938993,3.486096405029265,6230.769230769231,0.0001801020061723,1615.71575,0.091,0.3321167883211678,0-0-2826-0,a,49ae7020-Audio_SP17.v0,group_0,1,fave,157.3633603696291,78.80406112850807,8,ayuda,,0.25,poca,que,#,y,a,y,initial,18.977431733764757,26.344367470414923,32.65821411795236,49ae7020-Audio_SP17.csv,49ae7020-Audio_SP17,1615.71575,2783.088,1391.544,time column: time,audio_duration,H2
610.8863343245114,1652.9915732900236,2863.705849761104,2.024892167924235,3.143881730356502,3.071227785941299,6230.769230769231,1.0456334998e-05,1616.15575,0.031,0.3297872340425531,0-0-2826-4,a,49ae7020-Audio_SP17.v0,group_0,1,fave,200.3032712350821,81.27096842072844,8,ayuda,,0.0699999999999363,poca,que,d,#,d,k,final,7.575294040912462,23.19372412807588,21.56836776366293,49ae7020-Audio_SP17.csv,49ae7020-Audio_SP17,1616.15575,2783.088,1391.544,time column: time,audio_duration,H2
597.9325890089477,1899.2877618307432,2574.9427509902885,2.0500007328267325,3.735665376907616,3.7241769444555857,6230.769230769231,5.33392908479e-05,1616.67775,0.035,0.3365384615384615,0-0-2829-4,a,49ae7020-Audio_SP17.v0,group_0,1,fave,192.6483932335753,79.89263011761749,8,podía,,0.0799999999999272,le,brindar,i,#,i,b,final,7.767906798834443,41.915906162542925,41.43711365966361,49ae7020-Audio_SP17.csv,49ae7020-Audio_SP17,1616.67775,2783.088,1391.544,time column: time,audio_duration,H2
591.367355692779,1755.805428973381,2557.549282455629,2.559550596356684,3.5938411696138264,3.959362276331184,6230.769230769231,8.54985609111e-05,1618.48575,0.031,0.3297872340425531,0-0-2833-5,a,49ae7020-Audio_SP17.v0,group_0,1,fave,178.10438700096094,76.84597580809942,8,servía,,0.0699999999999363,me,para,i,#,i,p,final,12.93000521819888,36.37352480985795,52.42388333544506,49ae7020-Audio_SP17.csv,49ae7020-Audio_SP17,1618.48575,2783.088,1391.544,time column: time,audio_duration,H2
680.2980785674114,1516.3215218863222,2475.053575891137,2.792319117309612,2.9939767931670014,3.984193259773592,6230.769230769231,0.000901945318825,1623.69575,0.071,0.3317757009345794,0-0-2849-3,a,49ae7020-Audio_SP17.v0,group_0,1,fave,95.75406043392336,74.07377016021509,8,para,,0.1899999999998272,ellos,para,R,#,R,p,final,16.318821212639712,19.964921191349063,53.74191621910761,49ae7020-Audio_SP17.csv,49ae7020-Audio_SP17,1623.69575,2783.088,1391.544,time column: time,audio_duration,H2
674.2101939126939,1542.6249487200218,2496.619259698839,2.711534397662457,3.1795077191659904,3.67998475891104,6230.769230769231,9.96010022985e-05,1624.08575,0.031,0.3297872340425531,0-0-2850-3,a,49ae7020-Audio_SP17.v0,group_0,1,fave,160.5138682004331,78.47217082103671,8,para,,0.0700000000001637,para,poder,R,#,R,p,final,15.05235410143051,24.034918709442763,39.64578982295832,49ae7020-Audio_SP17.csv,49ae7020-Audio_SP17,1624.08575,2783.088,1391.544,time column: time,audio_duration,H2
615.1106278466473,1623.5689067217822,2438.5810320328,2.278532299424213,3.0973593537437774,3.473446907285592,6230.769230769231,4.16877514997e-05,1625.25375,0.027,0.3214285714285714,0-0-2857-2,a,49ae7020-Audio_SP17.v0,group_0,1,fave,148.13970787340642,78.61138017607936,8,Para,,0.0599999999999454,?,que,á,#,á,k,final,9.762341695106237,22.139411669714207,32.24770594700868,49ae7020-Audio_SP17.csv,49ae7020-Audio_SP17,1625.25375,2783.088,1391.544,time column: time,audio_duration,H2
651.558558388406,1247.0963352622264,2527.78854936992,2.654398526078696,3.569405296955168,3.1986857221256786,6230.769230769231,2.38562234009e-05,1635.1227499999998,0.025,0.3378378378378378,0-0-2885-0,a,49ae7020-Audio_SP17.v0,group_0,1,fave,179.62505475738843,79.23272644424975,8,algunas,,0.0500000000001819,conociendo,personas,#,l,o,l,initial,14.216432673761965,35.495477604901446,24.500308814033662,49ae7020-Audio_SP17.csv,49ae7020-Audio_SP17,1635.1227499999998,2783.088,1391.544,time column: time,audio_duration,H2
635.6622502722306,1531.2191648181442,2905.8988754916554,2.8458857054388167,3.1296128032366424,4.127006178866116,6230.769230769231,0.0001428630396516,1635.40375,0.027,0.3214285714285714,0-0-2885-5,a,49ae7020-Audio_SP17.v0,group_0,1,fave,181.41055064669632,79.11520649506978,8,algunas,,0.0599999999999454,conociendo,personas,n,s,n,s,internal,17.216800932075888,22.865124526024346,61.99205172642331,49ae7020-Audio_SP17.csv,49ae7020-Audio_SP17,1635.40375,2783.088,1391.544,time column: time,audio_duration,H2
564.6935454506568,1657.2119271142378,2533.9259525342395,2.703294870677836,3.7240577968497193,3.4168155416068724,6230.769230769231,0.0001215887037676,1640.83575,0.031,0.3297872340425531,0-0-2898-0,a,49ae7020-Audio_SP17.v0,group_0,1,fave,208.2841124750289,81.01755565388557,8,algunos,,0.0700000000001637,hay,[silence],#,l,y,l,initial,14.928839373876814,41.43217682088915,30.472222825199008,49ae7020-Audio_SP17.csv,49ae7020-Audio_SP17,1640.83575,2783.088,1391.544,time column: time,audio_duration,H2
637.3454514353504,1724.9106063475358,2488.977613756915,2.784452308850512,3.622281038358408,3.682323448604367,6230.769230769231,3.24739458173e-05,1647.12575,0.031,0.3297872340425531,0-0-2907-5,a,49ae7020-Audio_SP17.v0,group_0,1,fave,197.6043952818237,78.20492848139456,8,dedican,,0.0700000000001637,se,más,k,n,k,n,internal,16.19094780913873,37.42283345658621,39.738617528290085,49ae7020-Audio_SP17.csv,49ae7020-Audio_SP17,1647.12575,2783.088,1391.544,time column: time,audio_duration,H2
710.4460385664074,1656.506306149282,2689.294626485597,2.936118286882829,3.3702583597736595,4.184364249900713,6230.769230769231,7.70327613395e-05,1647.49775,0.035,0.3365384615384615,0-0-2909-0,a,49ae7020-Audio_SP17.v0,group_0,1,fave,218.4864408561262,80.94918054668744,8,a,,0.0799999999999272,más,la,#,#,s,l,coextensive,18.84256274840576,29.0860407500422,65.65174954013452,49ae7020-Audio_SP17.csv,49ae7020-Audio_SP17,1647.49775,2783.088,1391.544,time column: time,audio_duration,H2
687.4604548170403,1576.3690767954502,2453.3687527921843,2.712944179429863,3.3373007777239367,3.635709387084951,6230.769230769231,6.80822606609e-05,1647.63575,0.031,0.3297872340425531,0-0-2910-1,a,49ae7020-Audio_SP17.v0,group_0,1,fave,181.2205519802895,79.5886289094334,8,la,,0.0700000000001637,a,plataforma,l,#,l,p,final,15.073589600992197,28.143059717033143,37.92874952101396,49ae7020-Audio_SP17.csv,49ae7020-Audio_SP17,1647.63575,2783.088,1391.544,time column: time,audio_duration,H2
573.7835557333916,1417.8509650423018,2378.9636916552463,2.4558353582438914,3.4683864434543694,3.3973968525544898,6230.769230769231,2.0558051675e-05,1647.7737499999998,0.027,0.3214285714285714,0-0-2911-2,a,49ae7020-Audio_SP17.v0,group_0,1,fave,174.55225785254,81.01257141621741,8,plataforma,,0.0599999999999454,la,",",l,t,l,t,internal,11.656166557865111,32.0849298061787,29.886200512878474,49ae7020-Audio_SP17.csv,49ae7020-Audio_SP17,1647.7737499999998,2783.088,1391.544,time column: time,audio_duration,H2
669.3956151623796,1567.3159433623991,2690.2370842771934,2.606804973326245,3.402164906683922,3.591022004008128,6230.769230769231,4.03205512291e-05,1647.90575,0.031,0.3297872340425531,0-0-2911-4,a,49ae7020-Audio_SP17.v0,group_0,1,fave,166.612049858027,79.92993106382706,8,plataforma,,0.0699999999999363,la,",",t,f,t,f,internal,13.55567085864186,30.02903979675264,36.271126226856985,49ae7020-Audio_SP17.csv,49ae7020-Audio_SP17,1647.90575,2783.088,1391.544,time column: time,audio_duration,H2
738.6725697416684,1377.414793811649,2915.741439583809,2.475658896153284,3.2623904093499942,4.534242163954676,6410.25641025641,0.0008456607678738,1648.27075,0.041,0.3306451612903226,0-0-2911-9,a,49ae7020-Audio_SP17.v0,group_0,1,fave,231.7171657127764,79.49857598124873,8,plataforma,,0.099999999999909,la,",",m,#,m,.,final,11.889538503963998,26.111880683271995,93.15289392734684,49ae7020-Audio_SP17.csv,49ae7020-Audio_SP17,1648.27075,2783.088,1391.544,time column: time,audio_duration,H2
681.2802371352229,1459.4306081460222,2832.345482556208,2.9797009764805744,3.620409092729877,3.835922987011876,6230.769230769231,0.0001499282332366,1653.85875,0.037,0.3245614035087719,0-0-2929-5,a,49ae7020-Audio_SP17.v0,group_0,1,fave,201.9453042623072,76.31798785175508,8,alguna,,0.0900000000001455,con,persona,n,#,n,p,final,19.681930404645456,37.352845474376124,46.3361756252931,49ae7020-Audio_SP17.csv,49ae7020-Audio_SP17,1653.85875,2783.088,1391.544,time column: time,audio_duration,H2
641.6296267467659,1458.6293226043745,2721.9399589677187,2.839645529912503,3.3460026337921813,3.1333590490038525,6230.769230769231,1.13156523172e-05,1654.3537499999998,0.027,0.3214285714285714,0-0-2930-6,a,49ae7020-Audio_SP17.v0,group_0,1,fave,193.16502759026227,78.6511916643828,8,persona,,0.0600000000001728,alguna,si,n,#,n,s,final,17.10969958540109,28.38902519803012,22.950943551208734,49ae7020-Audio_SP17.csv,49ae7020-Audio_SP17,1654.3537499999998,2783.088,1391.544,time column: time,audio_duration,H2
594.9434286712462,1610.281346525583,2575.006327492333,2.9466696379879203,3.1726003577337014,2.905778391144355,6410.25641025641,3.17630896782e-05,1654.75575,0.031,0.3297872340425531,0-0-2932-1,a,49ae7020-Audio_SP17.v0,group_0,1,fave,177.9944249069852,78.08421947601525,8,las,,0.0699999999999363,si,tengo,l,s,l,s,internal,19.042429823244213,23.869472893751283,18.279466690943103,49ae7020-Audio_SP17.csv,49ae7020-Audio_SP17,1654.75575,2783.088,1391.544,time column: time,audio_duration,H2
681.925519143831,1682.9154228723646,2592.2204484213967,3.163669885605819,3.489291809625464,4.0281439124537375,6230.769230769231,7.363518704e-05,1658.04575,0.031,0.3297872340425531,0-0-2941-6,a,49ae7020-Audio_SP17.v0,group_0,1,fave,195.785930127162,76.2777143161029,8,trabajan,,0.0699999999999363,[silence],de,x,n,x,n,internal,23.657256239239064,32.76273723333311,56.15658292162496,49ae7020-Audio_SP17.csv,49ae7020-Audio_SP17,1658.04575,2783.088,1391.544,time column: time,audio_duration,H2
631.5737722960708,1313.2351069436431,2824.974016632496,2.743177136984009,3.0430877297876995,3.2728274426268458,6230.769230769231,0.0002398956940989,1679.12875,0.077,0.3290598290598291,0-0-2974-0,a,49ae7020-Audio_SP17.v0,group_0,1,fave,166.4058686888489,78.83228491564479,8,a,,0.2100000000000363,ayudado,otros,#,#,o,ó,coextensive,15.536267616663675,20.96989273607941,26.38583841699133,49ae7020-Audio_SP17.csv,49ae7020-Audio_SP17,1679.12875,2783.088,1391.544,time column: time,audio_duration,H2
651.7012624460857,1305.976404972539,2503.946827436689,2.783197986843915,3.282809391779109,3.04136517280809,6230.769230769231,4.89303107792e-05,1680.46775,0.035,0.3365384615384615,0-0-2977-3,a,49ae7020-Audio_SP17.v0,group_0,1,fave,146.16287057264046,76.75924661380724,8,Ecuador,,0.0799999999999272,de,.,u,d,u,d,internal,16.170651878471308,26.650539432566717,20.933801994089013,49ae7020-Audio_SP17.csv,49ae7020-Audio_SP17,1680.46775,2783.088,1391.544,time column: time,audio_duration,H2
769.3100250817606,1499.5162794959224,2892.2980357483566,3.542157471395304,3.3345052808093376,4.326337500991164,6769.2307692307695,0.0348188568858604,1684.00975,0.1389999999999999,0.3357487922705313,0-0-2981-8,a,49ae7020-Audio_SP17.v0,group_0,1,fave,145.6276951492794,72.79568615087614,8,Argentina,,0.3899999999998726,De,[silence],n,#,n,,final,34.5413608571035,28.06449574426203,75.66664942812751,49ae7020-Audio_SP17.csv,49ae7020-Audio_SP17,1684.00975,2783.088,1391.544,time column: time,audio_duration,H2
707.8805180995306,1483.6185722650962,2775.6751351168828,3.0734951407234665,3.190078043952748,4.3178910104280925,6230.769230769231,0.0001009872584025,1710.74775,0.035,0.3365384615384615,0-0-3005-6,a,49ae7020-Audio_SP17.v0,group_0,1,fave,160.29212533519538,78.59220816962883,8,personalidades,,0.0799999999999272,de,.,n,l,n,l,internal,21.61732638776639,24.290323081948856,75.0302233549227,49ae7020-Audio_SP17.csv,49ae7020-Audio_SP17,1710.74775,2783.088,1391.544,time column: time,audio_duration,H2
770.3276361222026,1835.065126832441,2962.802631412116,3.3915151659602074,4.176248656331613,4.099981303454349,6410.25641025641,0.005737163457347,1734.03375,0.067,0.3284313725490196,0-0-3021-6,a,49ae7020-Audio_SP17.v0,group_0,1,fave,299.3876660423979,79.12647840503105,8,personas,,0.1800000000000636,hay,[silence],n,s,n,s,internal,29.710935181107917,65.1211027929205,60.33915945296656,49ae7020-Audio_SP17.csv,49ae7020-Audio_SP17,1734.03375,2783.088,1391.544,time column: time,audio_duration,H2
765.0677041198164,1465.1135114048666,2586.6310100041046,3.0831114217945217,3.490288015502422,4.205946500050617,6410.25641025641,0.0031214646858051,1738.7027500000002,0.125,0.3342245989304812,0-0-3029-0,a,49ae7020-Audio_SP17.v0,group_0,1,fave,210.7236666053649,73.57716596782008,8,&ah,,0.349999999999909,edad,o,#,#,d,o,coextensive,21.826207393899026,32.79539192740865,67.0840626954769,49ae7020-Audio_SP17.csv,49ae7020-Audio_SP17,1738.7027500000002,2783.088,1391.544,time column: time,audio_duration,H2
617.3225236785556,1261.4005872583712,2437.538862157913,2.6049992991373223,4.293548422213201,3.678362532311428,6051.282051282051,9.26060973221e-05,1740.3527499999998,0.025,0.3378378378378378,0-0-3038-2,a,49ae7020-Audio_SP17.v0,group_0,1,fave,306.455087601123,75.32868522508734,8,plataforma,,0.0500000000001819,la,[silence],l,t,l,t,internal,13.531215819220174,73.22584425246072,39.58152750625747,49ae7020-Audio_SP17.csv,49ae7020-Audio_SP17,1740.3527499999998,2783.088,1391.544,time column: time,audio_duration,H2
590.9824897702466,1356.380852944882,2602.436944807121,2.812820340108729,3.53617363227836,3.6086619845135295,6230.769230769231,0.0001047974792742,1740.44375,0.027,0.3214285714285714,0-0-3038-4,a,49ae7020-Audio_SP17.v0,group_0,1,fave,180.9732932197797,75.94259801842674,8,plataforma,,0.0599999999999454,la,[silence],t,f,t,f,internal,16.656829959778293,34.33528807892193,36.91662473882237,49ae7020-Audio_SP17.csv,49ae7020-Audio_SP17,1740.44375,2783.088,1391.544,time column: time,audio_duration,H2
753.681123952949,1392.0325976707816,2398.8681586483804,3.3732290310662645,3.187657628384433,4.135155825707612,6230.769230769231,0.0002818443805356,1740.76075,0.041,0.3306451612903226,0-0-3038-9,a,49ae7020-Audio_SP17.v0,group_0,1,fave,108.76170261039503,73.80891919733966,8,plataforma,,0.099999999999909,la,[silence],m,#,m,.,final,29.17257428401912,24.231601499785675,62.49932931392708,49ae7020-Audio_SP17.csv,49ae7020-Audio_SP17,1740.76075,2783.088,1391.544,time column: time,audio_duration,H2
820.591938635839,1570.9374078843566,2546.5734531045973,2.9495797687157648,3.3969359670296777,4.182584887312404,6230.769230769231,0.0008848611910235,1745.23275,0.045,0.3358208955223881,0-0-3054-0,a,49ae7020-Audio_SP17.v0,group_0,1,fave,222.9150619310009,72.91920327730493,8,a,,0.1099999999998999,",",los,#,#,®,l,coextensive,19.09792649552518,29.87242956932849,65.53503514255651,49ae7020-Audio_SP17.csv,49ae7020-Audio_SP17,1745.23275,2783.088,1391.544,time column: time,audio_duration,H2
628.2962631099126,1289.5396189025685,2282.145580134544,3.08830848763038,4.20175805311187,4.1669365572982375,6051.282051282051,3.2454341494e-05,1750.19375,0.027,0.3214285714285714,0-0-3070-6,a,49ae7020-Audio_SP17.v0,group_0,1,fave,167.35701549232667,73.5580763415088,8,personas,,0.0599999999999454,son,de,n,s,n,s,internal,21.939934899362097,66.80367226856335,64.51750338504489,49ae7020-Audio_SP17.csv,49ae7020-Audio_SP17,1750.19375,2783.088,1391.544,time column: time,audio_duration,H2
665.62277457296,1707.9565013154552,2467.156944093805,2.651895482692,3.1372002562169707,4.215010699968354,6230.769230769231,0.0005462026356169,1754.19275,0.045,0.3358208955223881,0-0-3077-1,a,49ae7020-Audio_SP17.v0,group_0,1,fave,207.0456865969041,73.7976552162516,8,latinos,,0.1099999999998999,chicos,de,l,t,l,t,internal,14.180892823424596,23.039272417257468,67.69489020023957,49ae7020-Audio_SP17.csv,49ae7020-Audio_SP17,1754.19275,2783.088,1391.544,time column: time,audio_duration,H2
522.5410026965111,1535.9166402553276,2828.647316663871,2.8052313193220573,3.7938285144097392,3.4050601455394207,6230.769230769231,2.14358348783e-05,1755.92375,0.027,0.3214285714285714,0-0-3084-3,a,49ae7020-Audio_SP17.v0,group_0,1,fave,165.70850078902674,76.85221139841153,8,Sudamérica,,0.0599999999999454,de,[silence],d,m,d,m,internal,16.530899380261516,44.426161301072256,30.116107018948476,49ae7020-Audio_SP17.csv,49ae7020-Audio_SP17,1755.92375,2783.088,1391.544,time column: time,audio_duration,H2
657.9655148046063,1521.6974556383502,2419.297198658537,2.810582537918311,3.34617839097223,3.506218753009457,6410.25641025641,3.34789424689e-05,1756.39775,0.035,0.3365384615384615,0-0-3084-9,a,49ae7020-Audio_SP17.v0,group_0,1,fave,167.47314910911507,77.85137184913577,8,Sudamérica,,0.0799999999999272,de,[silence],k,#,k,.,final,16.619596944807935,28.39401521154576,33.322030439746875,49ae7020-Audio_SP17.csv,49ae7020-Audio_SP17,1756.39775,2783.088,1391.544,time column: time,audio_duration,H2
635.9020313027064,1743.6778977705387,2579.616330233592,2.646226796914883,3.4334601009534094,3.580286727475904,6410.25641025641,7.87205035752e-05,1757.5337499999998,0.027,0.3214285714285714,0-0-3089-2,a,49ae7020-Audio_SP17.v0,group_0,1,fave,87.66583028444995,77.97712330926474,8,sea,,0.0599999999999454,o,",",é,#,é,.,final,14.100733212446908,30.983664096250664,35.88382825165188,49ae7020-Audio_SP17.csv,49ae7020-Audio_SP17,1757.5337499999998,2783.088,1391.544,time column: time,audio_duration,H2
638.3355504258485,1806.7403090451323,2779.18710896989,2.260379386446059,3.808716235971392,3.7826664737737072,6230.769230769231,0.0001791356013108,1760.63575,0.031,0.3297872340425531,0-0-3101-1,a,49ae7020-Audio_SP17.v0,group_0,1,fave,169.04820750104602,75.19567090259778,8,la,,0.0700000000001637,Y,principal,l,#,l,p,final,9.586725550659388,45.09251354620276,43.933031968105446,49ae7020-Audio_SP17.csv,49ae7020-Audio_SP17,1760.63575,2783.088,1391.544,time column: time,audio_duration,H2
714.7124312969964,1407.628985473391,2531.120708436244,2.7730359916758047,3.773887193598918,3.5688864209002458,6230.769230769231,0.0002542688291474,1763.05775,0.035,0.3365384615384615,0-0-3110-1,a,49ae7020-Audio_SP17.v0,group_0,1,fave,160.63888389307684,77.50789218777341,8,masificó,,0.0799999999999272,se,el,m,s,m,s,internal,16.00715791161459,43.54901971361571,35.4770646289535,49ae7020-Audio_SP17.csv,49ae7020-Audio_SP17,1763.05775,2783.088,1391.544,time column: time,audio_duration,H2
666.3364374946766,1384.246793295138,2598.5588675360445,2.967326557906177,3.625318516988155,3.739477043425569,6230.769230769231,0.0021655852948924,1764.56875,0.037,0.3245614035087719,0-0-3115-4,a,49ae7020-Audio_SP17.v0,group_0,1,fave,175.05091070418604,75.52292323002222,8,plataforma,,0.0900000000001455,esta,es,t,f,t,f,internal,19.43987867288692,37.53667732510448,42.075980499820936,49ae7020-Audio_SP17.csv,49ae7020-Audio_SP17,1764.56875,2783.088,1391.544,time column: time,audio_duration,H2
647.6347384558252,1471.2675034503457,2628.930473623969,2.934338762474136,3.776643586901529,4.407961441300067,5871.794871794871,6.59694023645e-05,1765.18375,0.027,0.3214285714285714,0-0-3117-0,a,49ae7020-Audio_SP17.v0,group_0,1,fave,183.0656626420624,76.19587739311713,8,a,,0.0599999999999454,es,raíz,#,#,s,r,coextensive,18.80906176482229,43.669223528278366,82.10192320202755,49ae7020-Audio_SP17.csv,49ae7020-Audio_SP17,1765.18375,2783.088,1391.544,time column: time,audio_duration,H2
658.5452996298084,1513.0002099880446,2502.299254658693,2.3988078080273367,3.692651100769048,4.604035855813731,6230.769230769231,0.0002099743277045,1765.7637499999998,0.027,0.3214285714285714,0-0-3120-1,a,49ae7020-Audio_SP17.v0,group_0,1,fave,141.25449823786695,77.72375614038933,8,la,,0.0599999999999454,de,pandemia,l,#,l,p,final,11.010042468875064,40.15115073059764,99.88663129349224,49ae7020-Audio_SP17.csv,49ae7020-Audio_SP17,1765.7637499999998,2783.088,1391.544,time column: time,audio_duration,H2
645.4746151112896,1440.0859835439994,2822.8688748068853,3.103342548188019,2.660961050884365,3.616050334431906,6230.769230769231,1.80326225317e-05,1772.05775,0.035,0.3365384615384615,0-0-3133-6,a,49ae7020-Audio_SP17.v0,group_0,1,fave,194.41734361813587,79.21670331898967,8,personas,,0.0799999999999272,de,o,n,s,n,s,internal,22.272273146284945,14.310035164235243,37.19038776336786,49ae7020-Audio_SP17.csv,49ae7020-Audio_SP17,1772.05775,2783.088,1391.544,time column: time,audio_duration,H2
647.3836243751018,1378.648564386359,2807.864209428068,3.168070978496748,3.1390780011120984,3.7329977836983135,6230.769230769231,0.0002390251416735,1772.7307500000002,0.041,0.3306451612903226,0-0-3136-6,a,49ae7020-Audio_SP17.v0,group_0,1,fave,82.11567520547128,76.20339828260892,8,personalidades,,0.099999999999909,de,",",n,l,n,l,internal,23.761603473998548,23.08257493624496,41.804240581293286,49ae7020-Audio_SP17.csv,49ae7020-Audio_SP17,1772.7307500000002,2783.088,1391.544,time column: time,audio_duration,H2
653.2667927035915,1327.6020435925077,2561.471993667438,2.5420981793584474,3.4597982499818607,4.1223252807666135,6769.2307692307695,0.0002198414292451,1775.17775,0.035,0.3365384615384616,0-0-3145-1,a,49ae7020-Audio_SP17.v0,group_0,1,fave,150.14417671332262,79.002784672615,8,paciente,,0.0799999999999272,bien,.,p,z,p,z,internal,12.70630312448396,31.810558086559485,61.70255133881863,49ae7020-Audio_SP17.csv,49ae7020-Audio_SP17,1775.17775,2783.088,1391.544,time column: time,audio_duration,H2
606.8094726643551,1278.785037746702,2423.412819736636,2.6651860424548257,3.346689989056631,4.36655351328685,6410.25641025641,0.0011565547851971,1779.21575,0.031,0.3297872340425531,0-0-3153-1,a,49ae7020-Audio_SP17.v0,group_0,1,fave,151.00541181375337,80.35844059817609,8,pacientes,,0.0699999999999363,bien,la,p,z,p,z,internal,14.370622843266782,28.408545251789903,78.77167778512427,49ae7020-Audio_SP17.csv,49ae7020-Audio_SP17,1779.21575,2783.088,1391.544,time column: time,audio_duration,H2
625.0718864503348,1653.2846536867908,2687.147755858478,2.5669689562378584,3.179274844356234,4.241865768803762,6230.769230769231,7.45089878331e-05,1779.77775,0.035,0.3365384615384615,0-0-3154-1,a,49ae7020-Audio_SP17.v0,group_0,1,fave,138.38297372418992,79.62493947484838,8,la,,0.0799999999999272,pacientes,verdad,l,#,l,b,final,13.02628131401402,24.02932223398517,69.53747172622167,49ae7020-Audio_SP17.csv,49ae7020-Audio_SP17,1779.77775,2783.088,1391.544,time column: time,audio_duration,H2
560.4260454873078,1434.2939925347468,2439.5390013268866,2.477149311446768,3.1508685547612765,4.05363962266418,6230.769230769231,0.0002393252578081,1782.02275,0.045,0.3358208955223881,0-0-3161-3,a,49ae7020-Audio_SP17.v0,group_0,1,fave,173.8335938231587,78.87157308551195,8,choca,,0.1099999999998999,[silence],con,k,#,k,k,final,11.907272065886035,23.356342035709133,57.60674276045956,49ae7020-Audio_SP17.csv,49ae7020-Audio_SP17,1782.02275,2783.088,1391.544,time column: time,audio_duration,H2
690.8225549514029,1387.150562364028,2790.54881213551,3.1513137377533726,2.804978591464119,4.437555910675756,6230.769230769231,0.0010796500716454,1783.31875,0.077,0.3290598290598291,0-0-3166-6,a,49ae7020-Audio_SP17.v0,group_0,1,fave,87.5766765123721,75.78147988323305,8,personas,,0.2100000000000363,de,[silence],n,s,n,s,internal,23.36674219675665,16.52672208935248,84.56799714239607,49ae7020-Audio_SP17.csv,49ae7020-Audio_SP17,1783.31875,2783.088,1391.544,time column: time,audio_duration,H2
570.9372926789206,1753.05755891936,2629.049349093973,2.23365402531738,3.163048324208955,3.855457598798533,6230.769230769231,1.39276730392e-05,1787.60575,0.031,0.3297872340425531,0-0-3175-0,a,49ae7020-Audio_SP17.v0,group_0,1,fave,178.90439172563077,78.6712357836104,8,adecuado,,0.0700000000001637,perfil,",",#,d,l,d,initial,9.333910186721685,23.64255637091364,47.25023364515508,49ae7020-Audio_SP17.csv,49ae7020-Audio_SP17,1787.60575,2783.088,1391.544,time column: time,audio_duration,H2
704.2521489574207,1834.3585619256469,2693.085122029001,2.8016735528200667,2.6964848254739566,3.5774335298968305,6410.25641025641,1.44416751459e-05,1792.39575,0.031,0.3297872340425531,0-0-3185-3,a,49ae7020-Audio_SP17.v0,group_0,1,fave,157.60324012243044,79.986815667736,8,para,,0.0699999999999363,todo,ellos,R,#,R,é,final,16.47219079783891,14.82751869368176,35.781590521336206,49ae7020-Audio_SP17.csv,49ae7020-Audio_SP17,1792.39575,2783.088,1391.544,time column: time,audio_duration,H2
668.2516369730698,1551.5877587836328,2441.7425424093603,2.098097799302292,3.356690731192333,3.786809701802911,6230.769230769231,1.5311296461843212e-06,1820.36275,0.025,0.3378378378378378,0-0-3193-1,a,49ae7020-Audio_SP17.v0,group_0,1,fave,216.7125856533075,82.35525248541306,8,la,,0.0500000000001819,de,plataforma,l,#,l,p,final,8.15065098320093,28.694077173079744,44.11543414353515,49ae7020-Audio_SP17.csv,49ae7020-Audio_SP17,1820.36275,2783.088,1391.544,time column: time,audio_duration,H2
653.5363435974214,1457.1874856098746,2480.8578521107324,3.2708946042724247,3.481385132520095,4.028322718473695,6230.769230769231,7.40016050319e-05,1820.60275,0.025,0.3378378378378378,0-0-3194-4,a,49ae7020-Audio_SP17.v0,group_0,1,fave,173.04293755189664,79.1425986838081,8,plataforma,,0.0500000000001819,la,o,t,f,t,f,internal,26.33488811169948,32.504714245369414,56.1666249544728,49ae7020-Audio_SP17.csv,49ae7020-Audio_SP17,1820.60275,2783.088,1391.544,time column: time,audio_duration,H2
623.815492609895,1759.254296948527,2617.977957428057,2.69142410754424,3.59163213605754,4.25122719472415,6230.769230769231,4.69613277421e-05,1821.00375,0.027,0.3214285714285714,0-0-3196-2,a,49ae7020-Audio_SP17.v0,group_0,1,fave,193.89880425089547,80.44443124694642,8,sea,,0.0599999999999454,o,para,é,#,é,p,final,14.75267035687963,36.29326315597451,70.1914981500721,49ae7020-Audio_SP17.csv,49ae7020-Audio_SP17,1821.00375,2783.088,1391.544,time column: time,audio_duration,H2
725.7526318601674,1668.012670639617,2530.031768853956,2.5953142742909807,2.946989849926935,4.039479980732996,6230.769230769231,1.74156228115e-05,1821.31775,0.035,0.3365384615384615,0-0-3197-3,a,49ae7020-Audio_SP17.v0,group_0,1,fave,169.45188117153825,79.9955175560988,8,para,,0.0800000000001546,sea,la,R,#,R,l,final,13.400798226051004,19.048528412989977,56.79679969449602,49ae7020-Audio_SP17.csv,49ae7020-Audio_SP17,1821.31775,2783.088,1391.544,time column: time,audio_duration,H2
752.6342973504425,1627.03573785119,2500.146406265405,2.755067119529857,3.24743766661555,3.4022690250486645,6230.769230769231,2.25962402831e-05,1821.44575,0.031,0.3297872340425531,0-0-3198-1,a,49ae7020-Audio_SP17.v0,group_0,1,fave,166.5772008814301,79.23643244344018,8,la,,0.0699999999999363,para,plataforma,l,#,l,p,final,15.72209612709054,25.724341059874558,30.032166534043625,49ae7020-Audio_SP17.csv,49ae7020-Audio_SP17,1821.44575,2783.088,1391.544,time column: time,audio_duration,H2
596.3773664396114,1473.3719226162405,2511.763393992631,2.958271379573028,3.3745401585621257,4.090776322238624,6230.769230769231,5.623724518807691e-06,1821.60275,0.025,0.3378378378378378,0-0-3199-2,a,49ae7020-Audio_SP17.v0,group_0,1,fave,173.05880702989484,78.6559794655804,8,plataforma,,0.0500000000001819,la,.,l,t,l,t,internal,19.26464170313129,29.210848333884595,59.786287117173465,49ae7020-Audio_SP17.csv,49ae7020-Audio_SP17,1821.60275,2783.088,1391.544,time column: time,audio_duration,H2
652.5150267093907,1564.4237469238358,2657.5776921738784,3.022686592007975,3.021663531692375,3.833272981247192,6230.769230769231,0.0001077824601778,1821.71575,0.031,0.3297872340425531,0-0-3199-4,a,49ae7020-Audio_SP17.v0,group_0,1,fave,170.88820970508846,80.1493626562215,8,plataforma,,0.0699999999999363,la,.,t,f,t,f,internal,20.546417441717463,20.525407966217877,46.213547047754936,49ae7020-Audio_SP17.csv,49ae7020-Audio_SP17,1821.71575,2783.088,1391.544,time column: time,audio_duration,H2
816.8607701410948,1283.3564151622822,2540.527856778536,3.3068506926539563,3.4582335290906734,4.045298984898157,6410.25641025641,0.0021331915111705,1822.04375,0.047,0.3263888888888889,0-0-3199-9,a,49ae7020-Audio_SP17.v0,group_0,1,fave,316.0713929768229,74.36360141956473,8,plataforma,,0.1200000000001182,la,.,m,#,m,.,final,27.299016957340616,31.76082236317137,57.12826396918005,49ae7020-Audio_SP17.csv,49ae7020-Audio_SP17,1822.04375,2783.088,1391.544,time column: time,audio_duration,H2
674.9785950323176,1565.9519316130804,2605.7516010894915,2.558899909305392,3.2893377795798053,3.5649657271012023,6230.769230769231,4.04811914049e-05,1829.69075,0.041,0.3306451612903226,0-0-3205-2,a,49ae7020-Audio_SP17.v0,group_0,1,fave,220.9304563571561,80.23860284377201,8,sea,,0.099999999999909,o,",",é,#,é,.,final,12.921594567877642,26.8250936479296,35.33824223952478,49ae7020-Audio_SP17.csv,49ae7020-Audio_SP17,1829.69075,2783.088,1391.544,time column: time,audio_duration,H2
688.8200696553895,1604.9284695617728,2714.2501849693585,3.2218790788266163,3.575488871491076,3.597170353480631,6410.25641025641,0.0016173246067863,1838.29875,0.037,0.3245614035087719,0-0-3226-4,a,49ae7020-Audio_SP17.v0,group_0,1,fave,191.0532878260977,77.08603611469508,8,plataformas,,0.0899999999999181,ciertas,[silence],t,f,t,f,internal,25.07519420609088,35.71207516427651,36.49482075805908,49ae7020-Audio_SP17.csv,49ae7020-Audio_SP17,1838.29875,2783.088,1391.544,time column: time,audio_duration,H2
749.2776128190338,1455.720940058763,2645.812132414415,3.279433872007352,3.3666280059929177,4.141195419051518,6230.769230769231,0.0008766569883954,1838.72375,0.047,0.3263888888888889,0-0-3226-9,a,49ae7020-Audio_SP17.v0,group_0,1,fave,212.6594302528072,76.85711654691764,8,plataformas,,0.1199999999998908,ciertas,[silence],m,s,m,s,internal,26.560731668998343,28.980639569586387,62.87794202979193,49ae7020-Audio_SP17.csv,49ae7020-Audio_SP17,1838.72375,2783.088,1391.544,time column: time,audio_duration,H2
701.852992657346,1573.8720021760705,2458.7364157635425,2.8496232331011084,3.358929604572063,3.719788508829112,6230.769230769231,0.0001155120897584,1849.48075,0.041,0.3306451612903226,0-0-3259-6,a,49ae7020-Audio_SP17.v0,group_0,1,fave,159.24945672065576,77.82869056058067,8,ejecutaste,,0.099999999999909,lo,.,t,s,t,s,internal,17.281269603489577,28.75839154762409,41.25566797636727,49ae7020-Audio_SP17.csv,49ae7020-Audio_SP17,1849.48075,2783.088,1391.544,time column: time,audio_duration,H2
569.5898146453867,1371.3479212409788,2510.255330420385,2.62862446342556,3.321697600518697,4.011075252785716,6230.769230769231,7.75740558962e-05,1854.49875,0.037,0.3245614035087719,0-0-3276-4,a,49ae7020-Audio_SP17.v0,group_0,1,fave,177.46189223197146,81.21467156900137,8,tengan,,0.0899999999999181,los,un,g,n,g,n,internal,13.85469914347416,27.707346662991597,55.20619928062872,49ae7020-Audio_SP17.csv,49ae7020-Audio_SP17,1854.49875,2783.088,1391.544,time column: time,audio_duration,H2
817.4384474076481,1727.052238240923,2517.5236324297,2.9343384646158786,3.4861232908307533,3.880783153165102,6410.25641025641,0.0009582461674784,1866.55275,0.045,0.335820895522388,0-0-3296-0,a,49ae7020-Audio_SP17.v0,group_0,1,fave,145.42737213770107,75.78472742112558,8,Aparte,,0.1100000000001273,.,que,#,p,.,p,initial,18.80905616238876,32.65909217201764,48.462153502508045,49ae7020-Audio_SP17.csv,49ae7020-Audio_SP17,1866.55275,2783.088,1391.544,time column: time,audio_duration,H2
688.9476535331984,1562.4793094545014,2597.0612918754778,2.908125580756002,2.492964250797954,3.9184092674512914,6230.769230769231,1.82587328946e-05,1878.32375,0.027,0.3214285714285714,0-0-3329-5,a,49ae7020-Audio_SP17.v0,group_0,1,fave,174.9389778903154,80.1849151827021,8,ciertamente,,0.0599999999999454,[silence],organizado,t,m,t,m,internal,18.32242245821054,12.097081810113112,50.32033488368856,49ae7020-Audio_SP17.csv,49ae7020-Audio_SP17,1878.32375,2783.088,1391.544,time column: time,audio_duration,H2
627.9017255398591,1694.8130854440626,2466.928763994281,3.341780174754724,3.382416578550064,3.621958897370702,6230.769230769231,1.02702294976e-05,1894.91375,0.027,0.3214285714285714,0-0-3340-3,a,49ae7020-Audio_SP17.v0,group_0,1,fave,189.12758720557264,76.84014694995047,8,Pocas,,0.0599999999999454,.,",",k,s,k,s,internal,28.269406422433278,29.44183371836129,37.41077996961908,49ae7020-Audio_SP17.csv,49ae7020-Audio_SP17,1894.91375,2783.088,1391.544,time column: time,audio_duration,H2
647.7456125843191,1449.2056850239935,2404.6761645099104,2.8322810666889264,3.5788880192625427,3.5229405713721578,6589.74358974359,6.42157451887e-05,1895.76875,0.037,0.3245614035087719,0-0-3343-3,a,49ae7020-Audio_SP17.v0,group_0,1,fave,207.64657592288543,78.59708837922044,8,pocas,,0.0899999999999181,muy,",",k,s,k,s,internal,16.984158670160078,35.83367233127535,33.883920196593856,49ae7020-Audio_SP17.csv,49ae7020-Audio_SP17,1895.76875,2783.088,1391.544,time column: time,audio_duration,H2
625.2347574936147,1169.845448349773,2625.5192362998787,2.8807291757946447,4.095141670597346,3.074502566802567,6410.25641025641,0.0001489489773158,1904.28075,0.041,0.3306451612903226,0-0-3362-4,a,49ae7020-Audio_SP17.v0,group_0,1,fave,172.7354741293895,79.15028262929471,8,tantas,,0.099999999999909,hay,[silence],t,s,t,s,internal,17.827267653466098,60.04784556903324,21.639115219605763,49ae7020-Audio_SP17.csv,49ae7020-Audio_SP17,1904.28075,2783.088,1391.544,time column: time,audio_duration,H2
613.0482322023131,1293.5704584863074,2420.6419268219884,2.859104885234372,3.702354446518197,4.224569767488133,6230.769230769231,4.36966285855e-05,1904.92575,0.031,0.3297872340425531,0-0-3364-1,a,49ae7020-Audio_SP17.v0,group_0,1,fave,171.7068577593319,79.54977387651222,8,facilidades,,0.0699999999999363,[silence],para,f,z,f,z,internal,17.445903859255385,40.54264757119019,68.34509294130216,49ae7020-Audio_SP17.csv,49ae7020-Audio_SP17,1904.92575,2783.088,1391.544,time column: time,audio_duration,H2
633.233300739518,1584.911060305001,2550.300356895404,2.593700961455192,3.25794536980018,3.403318165245885,6230.769230769231,9.848805369528296e-06,1905.98375,0.027,0.3214285714285714,0-0-3367-0,a,49ae7020-Audio_SP17.v0,group_0,1,fave,153.52974878509153,79.32515728041486,8,a,,0.0599999999999454,acceder,ciertas,#,#,R,z,coextensive,13.379195976541798,25.996069923304987,30.063691021075808,49ae7020-Audio_SP17.csv,49ae7020-Audio_SP17,1905.98375,2783.088,1391.544,time column: time,audio_duration,H2
552.967373669518,1451.9252739029805,2648.3831694168343,3.3904815775826926,3.409396458383225,4.060736605266244,6230.769230769231,8.705207614678491e-06,1906.63275,0.025,0.3378378378378378,0-0-3369-3,a,49ae7020-Audio_SP17.v0,group_0,1,fave,162.74952139001664,75.36049942860552,8,cosas,,0.0500000000001819,ciertas,",",s,s,s,s,internal,29.680242168522625,30.24698343608539,58.01703099373239,49ae7020-Audio_SP17.csv,49ae7020-Audio_SP17,1906.63275,2783.088,1391.544,time column: time,audio_duration,H2
713.5839069253407,1509.9557684905749,2692.953683512708,3.161442861440119,3.208505644117806,4.030534940976606,6230.769230769231,0.0002767832484467,1907.36375,0.027,0.3214285714285714,0-0-3373-2,a,49ae7020-Audio_SP17.v0,group_0,1,fave,,74.30431107540316,8,una,,0.0600000000001728,en,PC,n,#,n,p,final,23.604629580071737,24.742085104638807,56.29101556523391,49ae7020-Audio_SP17.csv,49ae7020-Audio_SP17,1907.36375,2783.088,1391.544,time column: time,audio_duration,H2
639.4654353991798,1840.2456298228465,2346.876524811069,2.548993326712945,3.1980734645437794,4.4992187811128,6589.74358974359,4.45743445848e-05,1912.79775,0.035,0.3365384615384615,0-0-3382-0,a,49ae7020-Audio_SP17.v0,group_0,1,fave,150.76895452311948,81.25359202932539,8,acelerar,,0.0799999999999272,que,un,#,z,é,z,initial,12.794217700526035,24.48531290535124,89.94683567908702,49ae7020-Audio_SP17.csv,49ae7020-Audio_SP17,1912.79775,2783.088,1391.544,time column: time,audio_duration,H2
695.4147016813108,1557.5114551461245,2925.947049944172,2.7952386327743484,2.732123576564616,3.286121442162369,6230.769230769231,6.441684641979521e-07,1948.91375,0.027,0.3214285714285714,0-0-3395-2,a,49ae7020-Audio_SP17.v0,group_0,1,fave,225.28747788656725,78.85035295086887,8,Una,,0.0599999999999454,.,de,n,#,n,d,final,16.366533878579137,15.365482176356558,26.7389536973352,49ae7020-Audio_SP17.csv,49ae7020-Audio_SP17,1948.91375,2783.088,1391.544,time column: time,audio_duration,H2
667.4616000057592,1536.5569550764326,2529.506482587331,2.7370573742548,3.1556002482741943,3.5741661733655308,6230.769230769231,1.447245009692159e-06,1949.09275,0.025,0.3378378378378378,0-0-3397-1,a,49ae7020-Audio_SP17.v0,group_0,1,fave,213.5374149232575,78.555593255103,8,las,,0.0500000000001819,de,maneras,l,s,l,s,internal,15.441479680819668,23.46711896235632,35.664870095307734,49ae7020-Audio_SP17.csv,49ae7020-Audio_SP17,1949.09275,2783.088,1391.544,time column: time,audio_duration,H2
742.7372296035126,1759.993861249912,2707.7935155680675,3.1794678684465536,3.405247945566588,3.891208357658616,6230.769230769231,0.0009977062527436,1949.46775,0.035,0.3365384615384615,0-0-3398-5,a,49ae7020-Audio_SP17.v0,group_0,1,fave,231.4989236972402,77.97058888348919,8,maneras,,0.0799999999999272,las,es,R,s,R,s,internal,24.033960919725025,30.12176335577828,48.97002409052269,49ae7020-Audio_SP17.csv,49ae7020-Audio_SP17,1949.46775,2783.088,1391.544,time column: time,audio_duration,H2
685.1593044284352,1588.8449234525822,2616.243347266749,2.920231790039887,3.295602990986048,3.766127165224664,6230.769230769231,0.0012867678380872,1950.63875,0.037,0.3245614035087719,0-0-3402-7,a,49ae7020-Audio_SP17.v0,group_0,1,fave,222.1440866379446,74.33862651197245,8,perderlas,,0.0900000000001455,no,y,l,s,l,s,internal,18.545585643625586,26.993686112865426,43.2123859181533,49ae7020-Audio_SP17.csv,49ae7020-Audio_SP17,1950.63875,2783.088,1391.544,time column: time,audio_duration,H2
614.6303142132956,1618.3525018664502,2534.4448096618103,2.684945981657151,3.1861673247179856,3.9854509489469145,6230.769230769231,8.10705485385e-05,1951.35575,0.031,0.3297872340425531,0-0-3405-0,a,49ae7020-Audio_SP17.v0,group_0,1,fave,182.31260245394543,78.23292461417913,8,actualizando,,0.0700000000001637,estar,refrescando,#,k,R,k,initial,14.657409589900787,24.19551595111824,53.80954936711392,49ae7020-Audio_SP17.csv,49ae7020-Audio_SP17,1951.35575,2783.088,1391.544,time column: time,audio_duration,H2
599.2287023902322,1652.1152747494775,2365.0188630273806,2.2144371808439294,3.279810448796364,3.9146800046884014,6230.769230769231,4.9474880931e-05,1956.48875,0.037,0.3245614035087719,0-0-3418-5,a,49ae7020-Audio_SP17.v0,group_0,1,fave,147.6526812585624,82.16209123875961,8,empleador,,0.0899999999999181,el,",",e,d,e,d,internal,9.156254345800733,26.5707357075702,50.13302661055569,49ae7020-Audio_SP17.csv,49ae7020-Audio_SP17,1956.48875,2783.088,1391.544,time column: time,audio_duration,H2
880.3765959220729,1724.0119525037246,2786.2814673345047,3.266429090854088,3.44392070604961,4.155216232412295,6230.769230769231,0.0050613916710851,1992.51375,0.067,0.3284313725490196,0-0-3432-6,a,49ae7020-Audio_SP17.v0,group_0,1,fave,223.3349106158136,73.24320576941119,8,personas,,0.1800000000000636,otras,",",n,s,n,s,internal,26.21755149456762,31.309473079404537,63.76575127941104,49ae7020-Audio_SP17.csv,49ae7020-Audio_SP17,1992.51375,2783.088,1391.544,time column: time,audio_duration,H2
647.5071512173222,1781.4661185638909,2768.07204983238,2.574812755012654,4.346112483226551,3.1972030648433414,5871.794871794871,0.0059581099753812,2020.32275,0.065,0.3350515463917525,0-0-3443-0,a,49ae7020-Audio_SP17.v0,group_0,1,fave,155.9553726541394,74.0199442101822,8,a,,0.1700000000000727,[silence],lo,#,#,.,l,coextensive,13.128858615356958,77.1778488008763,24.46401016862603,49ae7020-Audio_SP17.csv,49ae7020-Audio_SP17,2020.32275,2783.088,1391.544,time column: time,audio_duration,H2
680.7261343736648,1710.4174326458196,2441.490958435357,2.6633578343124795,3.599259126861006,3.64989235322726,6230.769230769231,0.0001784016594765,2035.30775,0.035,0.3365384615384615,0-0-3481-0,a,49ae7020-Audio_SP17.v0,group_0,1,fave,171.6169932067315,77.7139095189778,8,aporto,,0.0799999999999272,que,[silence],#,p,é,p,initial,14.344374354735324,36.57112983662152,38.47052459831059,49ae7020-Audio_SP17.csv,49ae7020-Audio_SP17,2035.30775,2783.088,1391.544,time column: time,audio_duration,H2
553.1424566771198,1732.1300776454495,2414.820558504996,3.379659505045327,4.059184133124147,3.7278795927286814,6948.717948717948,0.0119752063068117,2047.27275,0.045,0.3358208955223881,0-0-3489-3,a,49ae7020-Audio_SP17.v0,group_0,1,fave,243.7992136748496,76.22022968671001,8,deja,,0.1099999999998999,también,[silence],x,#,x,®,final,29.3607722162941,57.927031048627526,41.590825111107534,49ae7020-Audio_SP17.csv,49ae7020-Audio_SP17,2047.27275,2783.088,1391.544,time column: time,audio_duration,H2
706.5255671062208,1862.902486776764,2723.3775844976126,3.587720239782505,3.700967326077839,4.209990935319113,6589.74358974359,6.67713492697e-05,2052.88375,0.027,0.3214285714285714,0-0-3505-3,a,49ae7020-Audio_SP17.v0,group_0,1,fave,187.94977642958008,75.52442617210134,8,muchas,,0.0599999999999454,conoce,personas,h,s,h,s,internal,36.1515650099503,40.48644902212701,67.35592924734485,49ae7020-Audio_SP17.csv,49ae7020-Audio_SP17,2052.88375,2783.088,1391.544,time column: time,audio_duration,H2
625.5093236022902,1512.4088934715844,2436.433756381275,2.9497599202349174,3.503463510660064,4.439402467007973,6230.769230769231,0.000462526004883,2053.49875,0.037,0.3245614035087719,0-0-3506-6,a,49ae7020-Audio_SP17.v0,group_0,1,fave,142.7822499411605,70.49514424650319,8,personas,,0.0900000000001455,muchas,.,n,s,n,s,internal,19.10136732592212,33.23034653400191,84.72430098052997,49ae7020-Audio_SP17.csv,49ae7020-Audio_SP17,2053.49875,2783.088,1391.544,time column: time,audio_duration,H2
664.4517051738121,1391.2783123575482,2547.3737878324023,2.8148083455926143,3.277751464227702,3.3218926352450366,6230.769230769231,4.37440822265e-05,2056.28575,0.031,0.3297872340425531,0-0-3514-1,a,49ae7020-Audio_SP17.v0,group_0,1,fave,183.38683794587612,77.7163288604182,8,factores,,0.0700000000001637,los,donde,f,k,f,k,internal,16.68997676618212,26.51608325635504,27.71275108477344,49ae7020-Audio_SP17.csv,49ae7020-Audio_SP17,2056.28575,2783.088,1391.544,time column: time,audio_duration,H2
715.0907834751761,2114.8607492225374,3004.6822990289097,2.417389030719209,3.466016755479147,3.561259046850212,6410.25641025641,0.0001327778991921,2060.39875,0.037,0.3245614035087719,0-0-3525-0,a,49ae7020-Audio_SP17.v0,group_0,1,fave,226.56164614798368,79.33817279209185,8,agradó,,0.0899999999996907,me,[silence],#,g,e,g,initial,11.216535020749204,32.00898854791125,35.20749713974787,49ae7020-Audio_SP17.csv,49ae7020-Audio_SP17,2060.39875,2783.088,1391.544,time column: time,audio_duration,H2
748.123381659521,1345.3725206548809,2575.447902588715,3.43387283612324,3.236228442551256,4.379317201996074,6769.2307692307695,8.00529478981e-05,2062.86075,0.041,0.3306451612903226,0-0-3532-3,a,49ae7020-Audio_SP17.v0,group_0,1,fave,177.7189996316659,76.56620782814856,8,tema,,0.099999999999909,[silence],de,m,#,m,d,final,30.996454783515077,25.437601224877408,79.78353876177219,49ae7020-Audio_SP17.csv,49ae7020-Audio_SP17,2062.86075,2783.088,1391.544,time column: time,audio_duration,H2
649.3272397769134,1655.6168663216863,2676.4474226592056,2.722999429107398,2.912253550649536,3.639889332384554,6410.25641025641,1.36781218967e-05,2063.18375,0.027,0.3214285714285714,0-0-3534-1,a,49ae7020-Audio_SP17.v0,group_0,1,fave,147.20263153169392,74.69048550254226,8,la,,0.0599999999999454,de,xenofobia,l,#,l,s,final,15.225922899132348,18.39821318980008,38.087621425913525,49ae7020-Audio_SP17.csv,49ae7020-Audio_SP17,2063.18375,2783.088,1391.544,time column: time,audio_duration,H2
420.6827877326539,568.0589998243869,2588.801179839283,3.415866705566836,2.987983493939306,4.622445496907653,6230.769230769231,0.003410559038095,2069.92775,0.035,0.3365384615384615,0-0-3539-3,a,49ae7020-Audio_SP17.v0,group_0,1,fave,150.60963504714238,78.30218406883141,8,Hacia,,0.0799999999999272,[silence],mi,i,#,i,m,final,30.443323394541267,19.84562329567948,101.74253920906207,49ae7020-Audio_SP17.csv,49ae7020-Audio_SP17,2069.92775,2783.088,1391.544,time column: time,audio_duration,H2
639.9491515012686,1624.220703737995,2570.4615750713906,2.299073241875216,3.4773942213484266,3.906452921223632,6230.769230769231,0.0004043540406737,2073.17875,0.037,0.3245614035087719,0-0-3548-2,a,49ae7020-Audio_SP17.v0,group_0,1,fave,100.4956615843182,81.03445316270903,8,sea,,0.0900000000001455,O,que,é,#,é,k,final,9.964943082179763,32.375249331477555,49.72226999759084,49ae7020-Audio_SP17.csv,49ae7020-Audio_SP17,2073.17875,2783.088,1391.544,time column: time,audio_duration,H2
655.4516306914994,1610.2336289684483,2654.178514498399,2.8430397930399662,3.865473647103029,4.478969395861548,6051.282051282051,0.0008845525114191,2075.59075,0.041,0.3306451612903226,0-0-3556-2,a,49ae7020-Audio_SP17.v0,group_0,1,fave,77.9829654103334,73.9157011541123,8,sea,,0.099999999999909,o,",",é,#,é,.,final,17.167873080048224,47.72587230124008,88.14378449974683,49ae7020-Audio_SP17.csv,49ae7020-Audio_SP17,2075.59075,2783.088,1391.544,time column: time,audio_duration,H2
725.6449642947479,1418.5105435254068,2438.146544886745,2.6281461643292845,2.9225086545520584,4.245977650114498,6230.769230769231,0.0025485676303338,2091.67275,0.145,0.3341013824884792,0-0-3601-2,a,49ae7020-Audio_SP17.v0,group_0,1,fave,211.6579620384518,78.17084608828625,8,acá,,0.4100000000003092,de,[silence],k,#,k,.,final,13.848074037911973,18.58785953713624,69.82399021793007,49ae7020-Audio_SP17.csv,49ae7020-Audio_SP17,2091.67275,2783.088,1391.544,time column: time,audio_duration,H2
576.0406439095344,2014.719929317813,2899.449633412989,2.4474343457217507,3.4743273783515214,4.17138137303079,6410.25641025641,0.0005593203423247,2092.70575,0.031,0.3297872340425531,0-0-3604-0,a,49ae7020-Audio_SP17.v0,group_0,1,fave,263.76111497143216,78.55555679285138,8,a,,0.0700000000001637,y,hablar,#,#,i,a,coextensive,11.55865313590828,32.27611162239019,64.80491006079643,49ae7020-Audio_SP17.csv,49ae7020-Audio_SP17,2092.70575,2783.088,1391.544,time column: time,audio_duration,H2
726.9606565411419,1470.2734828977923,2568.602402236924,2.6132878893323985,3.571315247639224,3.5915456388665823,6230.769230769231,1.71574868729e-05,2114.97775,0.035,0.3365384615384615,0-0-3616-3,a,49ae7020-Audio_SP17.v0,group_0,1,fave,230.99679077434968,81.97903899868757,8,nada,,0.0799999999999272,es,malo,d,#,d,m,final,13.643836611022046,35.563337000054155,36.29012402642572,49ae7020-Audio_SP17.csv,49ae7020-Audio_SP17,2114.97775,2783.088,1391.544,time column: time,audio_duration,H2
607.6644083230427,1564.1446443236464,2549.144021755472,2.363117535851918,3.2668877913617944,4.220282650285779,6230.769230769231,0.0001543502846446,2117.08775,0.035,0.3365384615384615,0-0-3629-0,a,49ae7020-Audio_SP17.v0,group_0,1,fave,306.97910330553134,76.80322045822166,8,a,,0.0799999999999272,ayudar,todos,#,#,R,t,coextensive,10.624020643703988,26.229580257337886,68.0527166910905,49ae7020-Audio_SP17.csv,49ae7020-Audio_SP17,2117.08775,2783.088,1391.544,time column: time,audio_duration,H2
646.1746740502261,1165.9364605262433,2556.9512767711462,2.7097538206894782,2.816578395688923,3.8930481762904727,6230.769230769231,6.52468447679e-05,2122.07775,0.035,0.3365384615384615,0-0-3648-0,a,49ae7020-Audio_SP17.v0,group_0,1,fave,208.3670126709831,79.63346907135545,8,a,,0.0799999999999272,grupo,otro,#,#,o,ó,coextensive,15.025576073573149,16.719545022091637,49.06020298421387,49ae7020-Audio_SP17.csv,49ae7020-Audio_SP17,2122.07775,2783.088,1391.544,time column: time,audio_duration,H2
690.320339521802,1631.1282708863523,2516.986970234963,2.020048873972763,3.01651680397102,2.853439967992533,6230.769230769231,1.38407360417e-05,2133.46375,0.027,0.3214285714285714,0-0-3688-0,a,49ae7020-Audio_SP17.v0,group_0,1,fave,227.07496639768675,79.92413364094945,8,amigo,,0.0600000000004001,mejor,y,#,m,R,m,initial,7.538693370552823,20.42004066104898,17.347353660593505,49ae7020-Audio_SP17.csv,49ae7020-Audio_SP17,2133.46375,2783.088,1391.544,time column: time,audio_duration,H2
644.2510011972046,1775.2552278331368,2665.2621063708875,2.689732098748534,3.054481596009384,3.335896453019407,6230.769230769231,1.13091220365e-05,2134.87775,0.035,0.3365384615384615,0-0-3692-3,a,49ae7020-Audio_SP17.v0,group_0,1,fave,178.19749280742494,79.72512264695206,8,queda,,0.0799999999999272,se,la,d,#,d,l,final,14.727729814634236,21.21018723067592,28.103565460881896,49ae7020-Audio_SP17.csv,49ae7020-Audio_SP17,2134.87775,2783.088,1391.544,time column: time,audio_duration,H2
660.8795384535034,1569.4347150815513,2677.132420943032,2.942678123301602,3.61431202223837,3.404333208713732,6230.769230769231,0.0006339256370689,2140.97875,0.037,0.3245614035087719,0-0-3703-3,a,49ae7020-Audio_SP17.v0,group_0,1,fave,278.5158486002583,77.45029244955852,8,cosas,,0.0900000000001455,y,así,s,s,s,s,internal,18.96657317711361,37.125795415934085,30.09422246701709,49ae7020-Audio_SP17.csv,49ae7020-Audio_SP17,2140.97875,2783.088,1391.544,time column: time,audio_duration,H2
658.8027593941489,1317.2226024153174,2777.786889522445,3.107781906572717,3.277332427141944,4.5061825977848695,6230.769230769231,0.0001733810173838,2144.48575,0.031,0.3297872340425531,0-0-3714-0,a,49ae7020-Audio_SP17.v0,group_0,1,fave,173.43875435863845,78.20908813474982,8,a,,0.0700000000001637,regresaron,sus,#,#,n,s,coextensive,22.37136754385037,26.504974361783532,90.57539499877402,49ae7020-Audio_SP17.csv,49ae7020-Audio_SP17,2144.48575,2783.088,1391.544,time column: time,audio_duration,H2
720.6202095846908,1455.513497122702,2468.060577534535,3.1433041302523805,3.748967125345933,3.902113953491174,6051.282051282051,0.0003894169736736,2145.95775,0.035,0.3365384615384615,0-0-3719-1,a,49ae7020-Audio_SP17.v0,group_0,1,fave,173.70667320418517,75.31252692527613,8,labores,,0.0799999999999272,de,.,l,b,l,b,internal,23.180331298826676,42.47718572577847,49.50699404792981,49ae7020-Audio_SP17.csv,49ae7020-Audio_SP17,2145.95775,2783.088,1391.544,time column: time,audio_duration,H2
649.3545884931045,1364.710739316747,2584.555152261373,2.826416911550069,2.901382320830681,3.866762768055677,6230.769230769231,0.0001054652391264,2154.05375,0.027,0.3214285714285714,0-0-3737-3,a,49ae7020-Audio_SP17.v0,group_0,1,fave,146.66848078047073,78.07863625163715,8,tema,,0.0599999999999454,ese,delicado,m,#,m,d,final,16.884852387121438,18.1992852408479,47.787436396463775,49ae7020-Audio_SP17.csv,49ae7020-Audio_SP17,2154.05375,2783.088,1391.544,time column: time,audio_duration,H2
675.6960646088459,1284.052431825878,2252.48865301527,2.751747739083742,3.4945860680967726,4.19226420260506,6230.769230769231,0.0001075754521427,2191.03775,0.035,0.3365384615384615,0-0-3742-3,a,49ae7020-Audio_SP17.v0,group_0,1,fave,222.9613795142581,78.95857672339937,8,tema,,0.0799999999999272,El,de,m,#,m,d,final,15.669995028157574,32.9366516000558,66.17244930016045,49ae7020-Audio_SP17.csv,49ae7020-Audio_SP17,2191.03775,2783.088,1391.544,time column: time,audio_duration,H2
649.3446687462515,1501.3485013882091,2511.313330724185,2.5677870478414,3.090482793902243,4.087142893180193,6230.769230769231,0.0004676686179244,2191.7007499999995,0.081,0.3319672131147542,0-0-3744-5,a,49ae7020-Audio_SP17.v0,group_0,1,fave,209.69129435621693,79.62654514039743,8,ofertas,,0.2200000000002546,de,.,t,s,t,s,internal,13.036942365646205,21.987690936729507,59.56945205023394,49ae7020-Audio_SP17.csv,49ae7020-Audio_SP17,2191.7007499999995,2783.088,1391.544,time column: time,audio_duration,H2
694.2351962113266,1528.3123047530191,2485.58740910433,2.41543016246435,3.2922787343139124,3.59863097087671,6230.769230769231,5.34234743701e-05,2197.10775,0.035,0.3365384615384615,0-0-3751-1,a,49ae7020-Audio_SP17.v0,group_0,1,fave,217.58445392345007,80.36057281850744,8,variable,,0.0799999999999272,bien,a,b,R,b,R,internal,11.194584812169817,26.90410115589256,36.5481646761688,49ae7020-Audio_SP17.csv,49ae7020-Audio_SP17,2197.10775,2783.088,1391.544,time column: time,audio_duration,H2
612.7292964691653,1825.704033542968,2631.740247861279,1.9778107388763992,3.962182981198034,3.858436531443805,6230.769230769231,0.0005122980470446,2197.59775,0.035,0.3365384615384615,0-0-3752-0,a,49ae7020-Audio_SP17.v0,group_0,1,fave,154.87246641629446,80.74244654669127,8,a,,0.0799999999999272,variable,veces,#,#,e,b,coextensive,7.226904073598175,52.57196438659698,47.39119876721519,49ae7020-Audio_SP17.csv,49ae7020-Audio_SP17,2197.59775,2783.088,1391.544,time column: time,audio_duration,H2
721.0008012596867,1411.0979324590344,2270.285711004761,3.228921102069905,3.2331546559043,3.753537783080581,7307.692307692308,0.0074120610593555,2198.48575,0.151,0.3325991189427312,0-0-3754-3,a,49ae7020-Audio_SP17.v0,group_0,1,fave,111.35477154160546,74.95946583228829,8,baja,,0.430000000000291,veces,a,x,#,x,a,final,25.252397509116108,25.35953151218993,42.6717787736029,49ae7020-Audio_SP17.csv,49ae7020-Audio_SP17,2198.48575,2783.088,1391.544,time column: time,audio_duration,H2
709.4580087354213,1220.004761396622,2134.879082439348,3.646565884566349,4.152107687439616,4.3220422817898525,5153.846153846154,0.0366773098086933,2198.8657500000004,0.051,0.3311688311688312,0-0-3755-0,a,49ae7020-Audio_SP17.v0,group_0,1,fave,-45262.71450769303,66.03009461686268,8,a,,0.1299999999996544,baja,veces,#,#,a,b,coextensive,38.34276621380467,63.56784034073768,75.34234156787286,49ae7020-Audio_SP17.csv,49ae7020-Audio_SP17,2198.8657500000004,2783.088,1391.544,time column: time,audio_duration,H2
685.7951418911275,1311.535350845841,2920.002091411747,2.817713990632526,3.634653610755444,4.081901325000693,6230.769230769231,0.0002666833350068,2202.23575,0.031,0.3297872340425531,0-0-3763-3,a,49ae7020-Audio_SP17.v0,group_0,1,fave,195.00448031526915,77.47284349947356,8,tema,,0.0700000000001637,El,de,m,#,m,d,final,16.738542437520966,37.88872637652386,59.25803158469629,49ae7020-Audio_SP17.csv,49ae7020-Audio_SP17,2202.23575,2783.088,1391.544,time column: time,audio_duration,H2
561.7995813274316,675.9327516871637,2617.4167991526824,2.4794681509664085,3.435771502386384,2.6391442124493856,6051.282051282051,0.0030555110306815,2209.53375,0.027,0.3214285714285714,0-0-3781-3,a,49ae7020-Audio_SP17.v0,group_0,1,fave,163.54676686247868,81.92864623958747,8,lleva,,0.0599999999999454,te,de,b,#,b,d,final,11.934915156482536,31.055362611946272,14.001216412519696,49ae7020-Audio_SP17.csv,49ae7020-Audio_SP17,2209.53375,2783.088,1391.544,time column: time,audio_duration,H2
613.5406349771044,1780.3526932250868,2709.348945923318,3.442715500857275,3.2997888374384714,3.7037591872336,6410.25641025641,0.0002589311061057,2210.0927500000003,0.025,0.3378378378378378,0-0-3785-1,a,49ae7020-Audio_SP17.v0,group_0,1,fave,173.37198677297147,77.97689619027916,8,sacrificarte,,0.0500000000001819,a,un,s,k,s,k,internal,31.27176146955869,27.10691435080229,40.59963949901258,49ae7020-Audio_SP17.csv,49ae7020-Audio_SP17,2210.0927500000003,2783.088,1391.544,time column: time,audio_duration,H2
530.4783975433585,1554.9851687712062,2572.2500894576933,2.609627304504573,3.613776259870413,3.518080508193376,6051.282051282051,4.37255890661e-05,2210.45775,0.035,0.3365384615384615,0-0-3785-8,a,49ae7020-Audio_SP17.v0,group_0,1,fave,157.18184992920044,78.95768805980012,8,sacrificarte,,0.0799999999999272,a,un,k,R,k,R,internal,13.59398349118626,37.10591013923687,33.71964172891712,49ae7020-Audio_SP17.csv,49ae7020-Audio_SP17,2210.45775,2783.088,1391.544,time column: time,audio_duration,H2
635.6911529568051,1501.360108386598,2365.210595547293,3.020382684306277,3.406469003937929,3.277163111170912,6230.769230769231,3.757156240097812e-06,2216.15375,0.027,0.3214285714285714,0-0-3804-0,a,49ae7020-Audio_SP17.v0,group_0,1,fave,165.72833388280063,76.78770365047399,8,alguna,,0.0599999999999454,encontrar,opción,#,l,R,l,initial,20.499134880574196,30.158566251752813,26.5004870262118,49ae7020-Audio_SP17.csv,49ae7020-Audio_SP17,2216.15375,2783.088,1391.544,time column: time,audio_duration,H2
633.8968058713768,1867.2354946517064,2478.9691223699447,2.8713702277804427,3.324498950671092,3.592983247788149,6230.769230769231,2.31704110787e-05,2223.25775,0.035,0.3365384615384615,0-0-3821-0,a,49ae7020-Audio_SP17.v0,group_0,1,fave,149.56521024844798,82.60162735253957,8,alguna,,0.0800000000003819,sé,oferta,#,l,e,l,initial,17.661201496667754,27.785073461947988,36.34233255121969,49ae7020-Audio_SP17.csv,49ae7020-Audio_SP17,2223.25775,2783.088,1391.544,time column: time,audio_duration,H2
634.6361940206912,1539.3441417714566,2551.177355940912,2.5458482491255148,2.8994212788981555,3.484393961737546,6230.769230769231,6.28369509176e-05,2223.91575,0.031,0.3297872340425531,0-0-3822-5,a,49ae7020-Audio_SP17.v0,group_0,1,fave,169.09565853782084,82.56095907139606,8,oferta,,0.0699999999997089,alguna,laboral,t,#,t,l,final,12.754042103987972,18.163630650848003,32.60266266042795,49ae7020-Audio_SP17.csv,49ae7020-Audio_SP17,2223.91575,2783.088,1391.544,time column: time,audio_duration,H2
748.2930317393616,1400.6406596541951,1955.8710280774303,3.113431991110076,3.085338798197334,4.405518066649162,6051.282051282051,0.0105754905517369,2236.2587499999995,0.037,0.324561403508772,0-0-3847-0,a,49ae7020-Audio_SP17.v0,group_0,1,fave,86.3154349933743,71.28129574661872,8,a,,0.0900000000001455,[silence],salvaguarda,#,#,.,s,coextensive,22.49812542083756,21.874876755583408,81.9015623221135,49ae7020-Audio_SP17.csv,49ae7020-Audio_SP17,2236.2587499999995,2783.088,1391.544,time column: time,audio_duration,H2
636.8587214999703,1626.060034227348,2600.459189231642,3.093462521478726,3.444524303747095,3.5818368595154046,6410.25641025641,7.48312907394e-05,2236.45575,0.031,0.3297872340425531,0-0-3848-1,a,49ae7020-Audio_SP17.v0,group_0,1,fave,173.68774256923447,78.42247699133719,8,salvaguarda,,0.0700000000001637,a,dentro,s,l,s,l,internal,22.053305974677443,31.328377109905425,35.939496058603204,49ae7020-Audio_SP17.csv,49ae7020-Audio_SP17,2236.45575,2783.088,1391.544,time column: time,audio_duration,H2
688.7200246528937,1321.6172965207902,2287.935352135346,2.8519224298069554,2.7899817045680315,3.0825365008857224,6230.769230769231,1.98879932197e-05,2236.62775,0.035,0.3365384615384615,0-0-3848-4,a,49ae7020-Audio_SP17.v0,group_0,1,fave,164.99809235266534,78.23039658954029,8,salvaguarda,,0.0799999999999272,a,dentro,b,g,b,g,internal,17.32104835369694,16.280721936223063,21.813662657369687,49ae7020-Audio_SP17.csv,49ae7020-Audio_SP17,2236.62775,2783.088,1391.544,time column: time,audio_duration,H2
589.3945498652364,1475.0689662910215,2636.401252406364,2.8692623703981908,3.1590385009869406,2.9022790798539724,6230.769230769231,4.5966496172182135e-06,2237.0727500000003,0.025,0.3378378378378378,0-0-3848-10,a,49ae7020-Audio_SP17.v0,group_0,1,fave,164.37873008923412,76.34525488761899,8,salvaguarda,,0.0500000000001819,a,dentro,d,#,d,d,final,17.624013410074074,23.547943716130423,18.215612934013976,49ae7020-Audio_SP17.csv,49ae7020-Audio_SP17,2237.0727500000003,2783.088,1391.544,time column: time,audio_duration,H2
614.1508488718275,1591.5125707974244,2527.3198198492146,2.4879732732229565,3.754915271190125,3.565841517306257,6230.769230769231,3.01555724695e-05,2238.5327500000003,0.025,0.3378378378378378,0-0-3852-3,a,49ae7020-Audio_SP17.v0,group_0,1,fave,235.06493821312287,77.05137691224813,8,estas,,0.0500000000001819,de,cuatro,t,s,t,s,internal,12.036855964017624,42.73059914435645,35.369204682265014,49ae7020-Audio_SP17.csv,49ae7020-Audio_SP17,2238.5327500000003,2783.088,1391.544,time column: time,audio_duration,H2
659.6626958576542,1385.97341553428,2392.325034267635,2.543855376659973,3.318938289718486,3.84826304063379,6230.769230769231,0.0001565299171023,2238.93775,0.035,0.3365384615384615,0-0-3854-1,a,49ae7020-Audio_SP17.v0,group_0,1,fave,144.2416262475298,78.05976013623784,8,paredes,,0.0799999999999272,cuatro,",",p,R,p,R,internal,12.72865023443715,27.630998864193483,46.91150903891596,49ae7020-Audio_SP17.csv,49ae7020-Audio_SP17,2238.93775,2783.088,1391.544,time column: time,audio_duration,H2
772.1426863781536,1600.694636404733,2719.973143290714,3.240740730077944,3.218856973462346,3.728010717664519,6589.74358974359,0.0028674212265263,2251.33475,0.149,0.3355855855855855,0-0-3870-0,a,49ae7020-Audio_SP17.v0,group_0,1,fave,138.4902465383583,74.47020962305258,8,a,,0.419999999999618,voy,perder,#,#,y,,coextensive,25.55264234971616,24.9995287192958,41.5962790629484,49ae7020-Audio_SP17.csv,49ae7020-Audio_SP17,2251.33475,2783.088,1391.544,time column: time,audio_duration,H2
648.8727408077195,1426.795721952085,2492.737590916669,2.7816298663883123,3.742095890154309,4.543571681747575,6230.769230769231,9.29983619187e-05,2266.36575,0.031,0.3297872340425531,0-0-3889-2,a,49ae7020-Audio_SP17.v0,group_0,1,fave,195.5465829808969,80.81465855652377,8,trabajo,,0.0700000000001637,de,.,R,b,R,b,internal,16.145314219922692,42.186315455821,94.02603215487038,49ae7020-Audio_SP17.csv,49ae7020-Audio_SP17,2266.36575,2783.088,1391.544,time column: time,audio_duration,H2
703.6395443508641,1532.1611984388892,2251.5487031606435,2.6716495884718348,3.278978958174412,3.2170066535956443,6230.769230769231,6.44360702418e-05,2273.75775,0.035,0.3365384615384615,0-0-3908-3,a,49ae7020-Audio_SP17.v0,group_0,1,fave,182.17856407684928,78.47208112665783,8,alcanzar,,0.0800000000003819,va,pero,k,n,k,n,internal,14.46380885692861,26.548651572658905,24.953314363503907,49ae7020-Audio_SP17.csv,49ae7020-Audio_SP17,2273.75775,2783.088,1391.544,time column: time,audio_duration,H2
763.785018513138,1439.1121119856568,2603.583144964749,3.246313361763345,4.073970640880319,4.275574192146571,5871.794871794871,0.0200070277152133,2277.95775,0.055,0.3353658536585365,0-0-3915-1,a,49ae7020-Audio_SP17.v0,group_0,1,fave,199.550592491119,72.78793270594036,8,máximo,,0.1400000000003274,lo,en,m,s,m,s,internal,25.695435310882967,58.7899334771629,71.92142417273288,49ae7020-Audio_SP17.csv,49ae7020-Audio_SP17,2277.95775,2783.088,1391.544,time column: time,audio_duration,H2
641.5818600910738,1389.448149205658,2375.788660184733,2.6606595435722,3.4598496475516614,3.733343519865824,6230.769230769231,0.00034228078579,2278.55875,0.057,0.3275862068965517,0-0-3918-2,a,49ae7020-Audio_SP17.v0,group_0,1,fave,148.36316888000005,77.32307359020896,8,trabajo,,0.1499999999996362,mi,.,R,b,R,b,internal,14.305721234369267,31.812193113956997,41.81869631800903,49ae7020-Audio_SP17.csv,49ae7020-Audio_SP17,2278.55875,2783.088,1391.544,time column: time,audio_duration,H2
654.0732299858652,1513.7285122143533,2398.6811037811244,2.9329292945966245,3.652431719560288,3.885515697697413,6230.769230769231,9.741912613755488e-06,2280.12375,0.027,0.3214285714285714,0-0-3924-2,a,49ae7020-Audio_SP17.v0,group_0,1,fave,202.3973495516321,77.08622477343354,8,trabajo,,0.0599999999999454,un,en,R,b,R,b,internal,18.78256967072223,38.56833949465448,48.69204636211295,49ae7020-Audio_SP17.csv,49ae7020-Audio_SP17,2280.12375,2783.088,1391.544,time column: time,audio_duration,H2
741.6813822251056,1311.9420793169568,2325.11277406561,2.513739937972214,3.03086055987278,4.425136650478934,6230.769230769231,0.0009263668534359,2285.46875,0.097,0.3299319727891157,0-0-3931-8,a,49ae7020-Audio_SP17.v0,group_0,1,fave,244.2717364354039,79.90180506597898,8,Trabajaba,,0.2699999999999818,[silence],sí,b,#,b,,final,12.35103589843544,20.71505146323776,83.52422006691282,49ae7020-Audio_SP17.csv,49ae7020-Audio_SP17,2285.46875,2783.088,1391.544,time column: time,audio_duration,H2
770.499933856531,1448.95145350068,2298.95762453568,3.232940018168684,3.2845779479186823,4.263693570124942,6230.769230769231,0.0025947582323358,2289.24375,0.107,0.3302469135802469,0-0-3934-4,a,49ae7020-Audio_SP17.v0,group_0,1,fave,203.75605874599583,75.60121508399082,8,cerca,,0.2999999999997271,sí,[silence],k,#,k,.,final,25.35408898387674,26.69771411094061,71.07200870013193,49ae7020-Audio_SP17.csv,49ae7020-Audio_SP17,2289.24375,2783.088,1391.544,time column: time,audio_duration,H2
653.4544791619521,1601.1237405104928,2984.2068324769743,3.1520491423487744,3.428037303692935,4.349176972703779,6948.717948717948,0.0019216041108448,2289.65875,0.057,0.3275862068965517,0-0-3936-0,a,49ae7020-Audio_SP17.v0,group_0,1,fave,172.97577024406428,74.06262114588223,8,a,,0.1500000000000909,[silence],dieciocho,#,#,.,d,coextensive,23.38393252649672,30.81610070923217,77.41472226915207,49ae7020-Audio_SP17.csv,49ae7020-Audio_SP17,2289.65875,2783.088,1391.544,time column: time,audio_duration,H2
710.2821779168837,1679.687356971706,2614.29206068016,3.438546120191503,3.54980206367332,3.878313034060314,6589.74358974359,0.0002331948603758,2290.55875,0.037,0.3245614035087719,0-0-3938-2,a,49ae7020-Audio_SP17.v0,group_0,1,fave,206.9100423478563,73.32068899610972,8,horas,,0.0900000000001455,dieciocho,también,R,s,R,s,internal,31.141649024545828,34.80642734934581,48.34259393525888,49ae7020-Audio_SP17.csv,49ae7020-Audio_SP17,2290.55875,2783.088,1391.544,time column: time,audio_duration,H2
860.6642530846823,1568.1182919671082,2571.302574703925,2.8914619917643143,3.8907969031181273,3.821018565808554,6230.769230769231,0.0001841264622225,2297.16875,0.037,0.3245614035087719,0-0-3952-0,a,49ae7020-Audio_SP17.v0,group_0,1,fave,216.4510159704178,74.33248319551798,8,a,,0.0899999999996907,[silence],quince,#,#,.,k,coextensive,18.019634911004328,48.94987929638053,45.65068287284731,49ae7020-Audio_SP17.csv,49ae7020-Audio_SP17,2297.16875,2783.088,1391.544,time column: time,audio_duration,H2
730.7369768583701,1693.6247587290309,2512.603052212495,3.144450761844872,3.191363196412889,3.950301565801143,6230.769230769231,0.0005263194691432,2306.22275,0.045,0.3358208955223881,0-0-3970-4,a,49ae7020-Audio_SP17.v0,group_0,1,fave,173.18776794688057,75.51548522014637,8,descansar,,0.1100000000001273,sin,.,k,n,k,n,internal,23.206925843176904,24.32155991816443,51.951031127127344,49ae7020-Audio_SP17.csv,49ae7020-Audio_SP17,2306.22275,2783.088,1391.544,time column: time,audio_duration,H2
729.5654153923989,1645.3588320352196,2690.990253917481,2.8860166037931183,3.451026703440593,3.8222221150371074,6230.769230769231,0.000709707788013,2313.41775,0.055,0.3353658536585366,0-0-3986-1,a,49ae7020-Audio_SP17.v0,group_0,1,fave,155.49005988664598,77.71368776900603,8,Navidad,,0.1400000000003274,ni,ni,n,b,n,b,internal,17.92177768490268,31.53275047819085,45.70565879347912,49ae7020-Audio_SP17.csv,49ae7020-Audio_SP17,2313.41775,2783.088,1391.544,time column: time,audio_duration,H2
830.9655384728513,1518.6628767014508,2615.1486167464955,2.814794404013136,3.972223740851019,3.6536099328738656,6230.769230769231,0.0121123848180119,2317.2807500000004,0.101,0.3322368421052631,0-0-3996-3,a,49ae7020-Audio_SP17.v0,group_0,1,fave,143.84329464967053,76.50580930404087,8,Nada,,0.2800000000002001,[silence],fue,d,#,d,f,final,16.68974408316653,53.102485807409074,38.61380800627264,49ae7020-Audio_SP17.csv,49ae7020-Audio_SP17,2317.2807500000004,2783.088,1391.544,time column: time,audio_duration,H2
626.823544101648,1865.6004211699933,2743.965200940196,2.035960716846487,4.04064988976899,4.251106509267356,6230.769230769231,0.0001100037267314,2322.48075,0.061,0.3315217391304348,0-0-3999-2,a,49ae7020-Audio_SP17.v0,group_0,1,fave,210.09978372180512,80.93139878136907,8,Era,,0.1600000000003092,fue,encargado,R,#,R,e,final,7.65960730556614,56.86328566736116,70.18302756820316,49ae7020-Audio_SP17.csv,49ae7020-Audio_SP17,2322.48075,2783.088,1391.544,time column: time,audio_duration,H2
634.6892511820439,1606.041743154822,2687.3057017892443,2.802675369435051,3.28847348790104,4.325718275096016,6230.769230769231,0.0002985535307833,2323.35775,0.035,0.3365384615384615,0-0-4002-2,a,49ae7020-Audio_SP17.v0,group_0,1,fave,189.2658134006306,77.20275696652094,8,una,,0.0799999999999272,de,planta,n,#,n,p,final,16.488701181072624,26.80191895899561,75.61980918324556,49ae7020-Audio_SP17.csv,49ae7020-Audio_SP17,2323.35775,2783.088,1391.544,time column: time,audio_duration,H2
630.6814117119806,1651.3434130947023,2685.3302360829266,2.930646406241258,2.5253787743236606,3.61080620170371,6589.74358974359,3.355209823178293e-06,2324.01375,0.027,0.3214285714285714,0-0-4006-1,a,49ae7020-Audio_SP17.v0,group_0,1,fave,183.60559086789496,77.8672552963473,8,natural,,0.0599999999999454,gas,.,n,t,n,t,internal,18.73974006733931,12.495627390159637,36.995866926060046,49ae7020-Audio_SP17.csv,49ae7020-Audio_SP17,2324.01375,2783.088,1391.544,time column: time,audio_duration,H2
665.6472142920377,1174.5478431065055,2680.113396156803,2.7973904327671204,3.814517832234685,3.971544245202888,6230.769230769231,0.0001209346676306,2327.08375,0.027,0.3214285714285714,0-0-4010-3,a,49ae7020-Audio_SP17.v0,group_0,1,fave,194.2131636850536,78.96127009022351,8,toda,,0.0599999999999454,Y,la,d,#,d,l,final,16.40178930376917,45.354882447601895,53.0664151557113,49ae7020-Audio_SP17.csv,49ae7020-Audio_SP17,2327.08375,2783.088,1391.544,time column: time,audio_duration,H2
637.5550172045645,1590.316955046473,2619.7440339018835,2.4872437891625814,3.366298139781993,4.071435434120074,6230.769230769231,2.09247315253e-05,2327.20375,0.027,0.3214285714285714,0-0-4011-1,a,49ae7020-Audio_SP17.v0,group_0,1,fave,178.42429492196194,77.77810585370892,8,la,,0.0599999999999454,toda,responsabilidad,l,#,l,r,final,12.028078471364577,28.971081412364622,58.64107761030535,49ae7020-Audio_SP17.csv,49ae7020-Audio_SP17,2327.20375,2783.088,1391.544,time column: time,audio_duration,H2
597.8962131657007,1650.2692171107794,2583.089947814536,2.99219981349335,2.986542148623994,3.693416112612111,6230.769230769231,2.972193183206421e-07,2327.9927500000003,0.025,0.3378378378378378,0-0-4013-2,a,49ae7020-Audio_SP17.v0,group_0,1,fave,184.3399090583993,74.82978383508694,8,era,,0.0500000000001819,responsabilidad,la,R,#,R,l,final,19.929475434727625,19.817039504018418,40.18187858850815,49ae7020-Audio_SP17.csv,49ae7020-Audio_SP17,2327.9927500000003,2783.088,1391.544,time column: time,audio_duration,H2
556.1607418344918,2464.722795974355,3297.909033973046,2.3570022925794736,4.132316322073913,4.542584832529662,6589.74358974359,0.05496705714662,2330.96375,0.067,0.3284313725490196,0-0-4020-0,a,49ae7020-Audio_SP17.v0,group_0,1,fave,360.4852737368662,65.91219400386336,8,Hablando,,0.180000000000291,[silence],[silence],#,b,,b,initial,10.55925041762747,62.32211396212482,93.93328840814854,49ae7020-Audio_SP17.csv,49ae7020-Audio_SP17,2330.96375,2783.088,1391.544,time column: time,audio_duration,H2
605.4813135910429,1754.1187915617736,2578.0002370738075,3.0667282289502658,3.4842743459342223,3.716342872294436,6410.25641025641,0.0001029162809754,2333.66375,0.027,0.3214285714285714,0-0-4025-4,a,49ae7020-Audio_SP17.v0,group_0,1,fave,159.7919044299327,76.38887782758093,8,operativa,,0.0599999999999454,parte,y,R,t,R,t,internal,21.471537673330264,32.59876309997252,41.113760560612135,49ae7020-Audio_SP17.csv,49ae7020-Audio_SP17,2333.66375,2783.088,1391.544,time column: time,audio_duration,H2
559.4992967613572,1435.3082805963352,2398.312921369651,2.6702983134288303,3.5006234777590035,3.6373786397937353,6230.769230769231,0.0002651740719595,2333.9687499999995,0.037,0.3245614035087719,0-0-4025-8,a,49ae7020-Audio_SP17.v0,group_0,1,fave,179.23392127633065,78.51645056510516,8,operativa,,0.0900000000001455,parte,y,b,#,b,i,final,14.444277472101826,33.13610514419978,37.992115060728615,49ae7020-Audio_SP17.csv,49ae7020-Audio_SP17,2333.9687499999995,2783.088,1391.544,time column: time,audio_duration,H2
616.9901087538783,1699.6864347081707,2485.188804280467,2.695512040675378,2.770093983934148,3.264273915135743,6410.25641025641,6.204795272687159e-07,2334.50275,0.025,0.3378378378378378,0-0-4027-9,a,49ae7020-Audio_SP17.v0,group_0,1,fave,153.92521846976217,78.72825698189556,8,administrativa,,0.0500000000001819,y,.,R,t,R,t,internal,14.8131017223381,15.960133935485253,26.16110890788518,49ae7020-Audio_SP17.csv,49ae7020-Audio_SP17,2334.50275,2783.088,1391.544,time column: time,audio_duration,H2
583.2463456184705,1347.9711569629433,2357.1246763472805,2.632749375160671,3.1326499368181024,3.546620280108674,6230.769230769231,5.93688120404e-05,2334.84875,0.037,0.3245614035087719,0-0-4027-13,a,49ae7020-Audio_SP17.v0,group_0,1,fave,143.62035972621092,74.35442415882856,8,administrativa,,0.0900000000001455,y,.,b,#,b,.,final,13.911966584928212,22.934674526425702,34.695856829874714,49ae7020-Audio_SP17.csv,49ae7020-Audio_SP17,2334.84875,2783.088,1391.544,time column: time,audio_duration,H2
654.1772698625222,1313.5579747605882,2586.1559853852123,2.9705521645329847,4.319370462731889,3.676518215098058,6230.769230769231,8.89777787092e-05,2338.11375,0.027,0.3214285714285714,0-0-4031-1,a,49ae7020-Audio_SP17.v0,group_0,1,fave,167.82102476432226,73.79675885028075,8,la,,0.0599999999999454,Porque,mano,l,#,l,m,final,19.50268531466231,75.14130914452134,39.50859389078111,49ae7020-Audio_SP17.csv,49ae7020-Audio_SP17,2338.11375,2783.088,1391.544,time column: time,audio_duration,H2
600.8232623406257,1525.510258597528,2575.9304832021057,2.6084446756292303,3.227439020845845,3.40893198425812,6230.769230769231,1.56960035756e-05,2338.88875,0.037,0.3245614035087719,0-0-4034-3,a,49ae7020-Audio_SP17.v0,group_0,1,fave,189.8472768889999,78.81710764864357,8,obra,,0.0900000000001455,de,donde,R,#,R,d,final,13.577916356380078,25.21499912547211,30.232937757096597,49ae7020-Audio_SP17.csv,49ae7020-Audio_SP17,2338.88875,2783.088,1391.544,time column: time,audio_duration,H2
699.5810367117848,1437.69290694939,2556.576198037745,2.837914069484535,3.422685061915807,4.142771005118339,6410.25641025641,0.004114779755258,2348.90575,0.211,0.3328075709779179,0-0-4055-10,a,49ae7020-Audio_SP17.v0,group_0,1,fave,124.37853392919904,73.28031487946883,8,experiencia,,0.6099999999996726,la,[silence],i,#,i,&,final,17.0801004498952,30.65160608778319,62.97708972651831,49ae7020-Audio_SP17.csv,49ae7020-Audio_SP17,2348.90575,2783.088,1391.544,time column: time,audio_duration,H2
622.3106737505371,2036.6643851191875,2794.1138532545374,2.8515996703796764,3.4389873663325976,3.949245459531047,6230.769230769231,2.79522755921e-05,2350.27575,0.031,0.3297872340425531,0-0-4058-4,a,49ae7020-Audio_SP17.v0,group_0,1,fave,193.6714179011041,76.29727452660892,8,tenía,,0.0699999999997089,que,la,i,#,i,l,final,17.31545872415177,31.155393189062007,51.89619427928236,49ae7020-Audio_SP17.csv,49ae7020-Audio_SP17,2350.27575,2783.088,1391.544,time column: time,audio_duration,H2
580.1191696077622,1278.3770358973318,2353.5958167233484,2.67076069048977,3.051975305504927,3.879206397249179,6230.769230769231,0.0015909016990595,2350.44275,0.0849999999999999,0.3346456692913385,0-0-4059-1,a,49ae7020-Audio_SP17.v0,group_0,1,fave,113.55322242952424,72.53275502658934,8,la,,0.2300000000000182,tenía,[silence],l,#,l,.,final,14.450957718944206,21.1570949000156,48.38580072593943,49ae7020-Audio_SP17.csv,49ae7020-Audio_SP17,2350.44275,2783.088,1391.544,time column: time,audio_duration,H2
628.6444045604541,1387.4391094219477,2386.4720424003367,2.90060033189558,3.57856712847839,3.4905914431480545,6230.769230769231,9.500207879644522e-06,2351.53375,0.027,0.3214285714285714,0-0-4063-2,a,49ae7020-Audio_SP17.v0,group_0,1,fave,182.40726817612915,77.89582331453434,8,trabajos,,0.0599999999999454,otros,pero,R,b,R,b,internal,18.185059164205025,35.82217548077725,32.80534446583007,49ae7020-Audio_SP17.csv,49ae7020-Audio_SP17,2351.53375,2783.088,1391.544,time column: time,audio_duration,H2
607.8663642084257,1463.1791957083328,2798.1388924876287,3.361629716849801,3.535838888646905,4.018983439570595,7128.205128205128,0.0024470872221262,2355.98775,0.035,0.3365384615384615,0-0-4074-2,a,49ae7020-Audio_SP17.v0,group_0,1,fave,182.83100469901763,77.05933376495288,8,una,,0.0800000000003819,por,filial,n,#,n,f,final,28.836147361202705,34.32379648337985,55.64451105761313,49ae7020-Audio_SP17.csv,49ae7020-Audio_SP17,2355.98775,2783.088,1391.544,time column: time,audio_duration,H2
722.705681371144,1644.0690013323,2500.555928218862,2.82402006890352,2.866005939567685,3.626865155588298,6230.769230769231,7.340211324118213e-06,2356.92275,0.025,0.3378378378378378,0-0-4078-1,a,49ae7020-Audio_SP17.v0,group_0,1,fave,147.82011565435363,77.556108741517,8,la,,0.0500000000001819,en,capital,l,#,l,k,final,16.844430514624708,17.566715373628455,37.59477791790452,49ae7020-Audio_SP17.csv,49ae7020-Audio_SP17,2356.92275,2783.088,1391.544,time column: time,audio_duration,H2
686.1626575425424,1535.0051881402726,2473.1728626470285,2.5994997247344966,3.5230076602609004,3.7094159276491294,6410.25641025641,4.04570404591e-05,2357.05575,0.031,0.3297872340425531,0-0-4079-1,a,49ae7020-Audio_SP17.v0,group_0,1,fave,151.07958100182591,78.2716082852197,8,capital,,0.0700000000001637,la,",",k,p,k,p,internal,13.457004144421456,33.88619350740218,40.82995191525776,49ae7020-Audio_SP17.csv,49ae7020-Audio_SP17,2357.05575,2783.088,1391.544,time column: time,audio_duration,H2
713.2239009398555,1437.9214349717315,2646.7099869066174,2.537646742638219,4.147572515622503,4.103869932199825,6230.769230769231,1.99678039191e-05,2361.97375,0.027,0.3214285714285714,0-0-4092-1,a,49ae7020-Audio_SP17.v0,group_0,1,fave,186.79779734410687,78.66320361538249,8,la,,0.0599999999999454,a,vez,l,#,l,b,final,12.64986752312201,63.28020200040368,60.574252842102986,49ae7020-Audio_SP17.csv,49ae7020-Audio_SP17,2361.97375,2783.088,1391.544,time column: time,audio_duration,H2
560.8213729169936,1774.9000682370463,2607.526967519532,2.993183524331292,3.815299788167131,3.920567074566093,6230.769230769231,0.0001578022133398,2362.59575,0.031,0.3297872340425531,0-0-4095-2,a,49ae7020-Audio_SP17.v0,group_0,1,fave,266.5887182293751,80.04828652350662,8,era,,0.0700000000001637,como,también,R,#,R,t,final,19.949089921617208,45.3903618368488,50.42903369367624,49ae7020-Audio_SP17.csv,49ae7020-Audio_SP17,2362.59575,2783.088,1391.544,time column: time,audio_duration,H2
675.2387497361804,1835.4450260337087,2737.0455771378142,2.7431431805842426,3.231997649244438,3.765874737519249,6230.769230769231,3.33687947841e-05,2366.67775,0.035,0.3365384615384615,0-0-4101-2,a,49ae7020-Audio_SP17.v0,group_0,1,fave,227.53912890148567,82.6718541250263,8,sea,,0.0799999999999272,o,bien,é,#,é,b,final,15.535740069906456,25.330207332746067,43.20147929135577,49ae7020-Audio_SP17.csv,49ae7020-Audio_SP17,2366.67775,2783.088,1391.544,time column: time,audio_duration,H2
676.707872640419,1501.925546475442,2523.328010170153,2.992057319329004,2.955763255585553,3.286556680755728,6230.769230769231,4.632331931749462e-07,2367.90275,0.025,0.3378378378378378,0-0-4104-4,a,49ae7020-Audio_SP17.v0,group_0,1,fave,244.09591305592423,78.53133014107445,8,tantas,,0.0500000000001819,comprometía,horas,t,s,t,s,internal,19.926635803099977,19.216384136443608,26.75059405491299,49ae7020-Audio_SP17.csv,49ae7020-Audio_SP17,2367.90275,2783.088,1391.544,time column: time,audio_duration,H2
734.365267528713,1594.6269193704263,2597.6853816023686,3.105249226342748,3.749193594646735,3.8070889049747096,6230.769230769231,3.69820653068e-05,2368.23575,0.031,0.3297872340425531,0-0-4105-2,a,49ae7020-Audio_SP17.v0,group_0,1,fave,271.9726081460256,79.521727673756,8,horas,,0.0700000000001637,tantas,[silence],R,s,R,s,internal,22.31477971324301,42.48680659370431,45.01919277595247,49ae7020-Audio_SP17.csv,49ae7020-Audio_SP17,2368.23575,2783.088,1391.544,time column: time,audio_duration,H2
653.1007414157418,1754.5862574794023,2544.715874451253,2.581476856466081,3.424413763071075,3.721134804768466,6230.769230769231,1.62645209815e-05,2369.08375,0.027,0.3214285714285714,0-0-4108-2,a,49ae7020-Audio_SP17.v0,group_0,1,fave,170.87680719973503,78.84736997668054,8,era,,0.0599999999999454,también,bien,R,#,R,b,final,13.21664283774304,30.704639380788315,41.3112477196356,49ae7020-Audio_SP17.csv,49ae7020-Audio_SP17,2369.08375,2783.088,1391.544,time column: time,audio_duration,H2
799.1254266382448,1474.084741278501,2621.23744021174,3.135867655430576,2.704902741440627,4.101765816105368,6410.25641025641,0.0001020393416323,2378.61875,0.037,0.3245614035087719,0-0-4118-3,a,49ae7020-Audio_SP17.v0,group_0,1,fave,109.34356258576123,75.82689540894368,8,llama,,0.0900000000001455,se,[silence],m,#,m,.,final,23.00859071248867,14.952862325954168,60.44693157812268,49ae7020-Audio_SP17.csv,49ae7020-Audio_SP17,2378.61875,2783.088,1391.544,time column: time,audio_duration,H2
769.3281717066596,1587.550737167513,2433.077092239856,2.358339681302482,2.834249228685895,3.9377705835744368,6230.769230769231,0.0004347203919011,2379.13275,0.065,0.3350515463917525,0-0-4120-2,a,49ae7020-Audio_SP17.v0,group_0,1,fave,266.74758144538794,77.54988463682209,8,Ica,,0.1700000000000727,[silence],.,k,#,k,.,final,10.573381687453605,17.017619162838997,51.304095514175806,49ae7020-Audio_SP17.csv,49ae7020-Audio_SP17,2379.13275,2783.088,1391.544,time column: time,audio_duration,H2
733.7592415902195,1684.765741312547,2626.895786264064,2.682174657919912,4.530085291052863,4.264566700653314,6230.769230769231,0.0001919805124685,2380.63575,0.031,0.3297872340425531,0-0-4124-1,a,49ae7020-Audio_SP17.v0,group_0,1,fave,159.84566287125938,79.33743990121202,8,la,,0.0700000000001637,en,provincia,l,#,l,p,final,14.61684539699508,92.76647289484714,71.134090939646,49ae7020-Audio_SP17.csv,49ae7020-Audio_SP17,2380.63575,2783.088,1391.544,time column: time,audio_duration,H2
623.1672205182518,1798.1466641140048,2797.509016020323,2.574334710409905,4.10385317342813,4.111312388321688,6410.25641025641,0.0001014664798083,2381.32775,0.035,0.3365384615384615,0-0-4125-8,a,49ae7020-Audio_SP17.v0,group_0,1,fave,153.9581211062227,80.14724701301787,8,provincia,,0.0799999999999272,la,de,i,#,i,d,final,13.122583935263604,60.57323770053525,61.02675583916303,49ae7020-Audio_SP17.csv,49ae7020-Audio_SP17,2381.32775,2783.088,1391.544,time column: time,audio_duration,H2
753.5680182888888,1532.4314085366216,2512.282505938198,2.8408771709949234,3.474299739570476,3.7037444638121335,6230.769230769231,0.0016243280140288,2382.16275,0.125,0.3342245989304812,0-0-4127-4,a,49ae7020-Audio_SP17.v0,group_0,1,fave,198.1601028771206,76.97590375009445,8,Chincha,,0.349999999999909,de,.,h,#,h,.,final,17.130785576839482,32.27521956233585,40.59904173780941,49ae7020-Audio_SP17.csv,49ae7020-Audio_SP17,2382.16275,2783.088,1391.544,time column: time,audio_duration,H2
614.9779500046743,1780.018222827106,2786.480738840166,3.5354851186771827,3.485602025026731,3.930978207927799,6230.769230769231,5.64101004438e-05,2422.2737500000003,0.027,0.3214285714285714,0-0-4135-0,a,49ae7020-Audio_SP17.v0,group_0,1,fave,248.88415919817976,80.21602718921812,8,a,,0.0599999999999454,gracias,Dios,#,#,s,d,coextensive,34.31165590255025,32.64207254033933,50.95679964248951,49ae7020-Audio_SP17.csv,49ae7020-Audio_SP17,2422.2737500000003,2783.088,1391.544,time column: time,audio_duration,H2
651.6177557305413,1510.6270838859452,2836.363344073614,2.662203311220768,3.5220483892639813,4.009564340619312,6230.769230769231,8.36776639813e-05,2422.63575,0.031,0.3297872340425531,0-0-4138-1,a,49ae7020-Audio_SP17.v0,group_0,1,fave,243.9204955483972,81.2428852913881,8,las,,0.0700000000001637,",",vacunas,l,s,l,s,internal,14.327822999605951,33.85370305084236,55.12285054464046,49ae7020-Audio_SP17.csv,49ae7020-Audio_SP17,2422.63575,2783.088,1391.544,time column: time,audio_duration,H2
594.0459008137002,1163.839341667294,2331.129323182836,1.9138266634358936,3.392944136667659,4.313938281484616,6230.769230769231,8.98114996341e-05,2422.77575,0.031,0.3297872340425531,0-0-4139-1,a,49ae7020-Audio_SP17.v0,group_0,1,fave,190.8553818512572,79.05781241006464,8,vacunas,,0.0699999999997089,las,ya,b,k,b,k,internal,6.778980103576512,29.753421585857016,74.73423458649707,49ae7020-Audio_SP17.csv,49ae7020-Audio_SP17,2422.77575,2783.088,1391.544,time column: time,audio_duration,H2
707.0315087847348,1456.356220445621,3064.9981689569418,2.754340550695893,3.369754285623124,4.084864445146635,6410.25641025641,3.4089814671913343e-06,2423.0527500000003,0.025,0.3378378378378378,0-0-4139-5,a,49ae7020-Audio_SP17.v0,group_0,1,fave,234.20517633051432,79.28772181665283,8,vacunas,,0.0500000000001819,las,ya,n,s,n,s,internal,15.710677090900257,29.07138292338481,59.4338806541899,49ae7020-Audio_SP17.csv,49ae7020-Audio_SP17,2423.0527500000003,2783.088,1391.544,time column: time,audio_duration,H2
574.2032875988621,1492.2621079795815,2632.694906463656,2.907185562392074,3.410127983653955,4.742520143086551,6410.25641025641,9.41263876715e-05,2423.93575,0.031,0.3297872340425531,0-0-4142-1,a,49ae7020-Audio_SP17.v0,group_0,1,fave,172.02092383632404,78.78725440332639,8,la,,0.0699999999997089,llegaron,semana,l,#,l,s,final,18.30520713725476,30.26911796382837,114.72295594058843,49ae7020-Audio_SP17.csv,49ae7020-Audio_SP17,2423.93575,2783.088,1391.544,time column: time,audio_duration,H2
710.3821379278634,1512.0118061104877,2169.598741415503,3.3909009044969327,3.1665406805338514,3.848594360087645,6230.769230769231,0.0053133725452371,2424.41075,0.041,0.3306451612903226,0-0-4143-5,a,49ae7020-Audio_SP17.v0,group_0,1,fave,213.4287386004073,74.16516997647366,8,semana,,0.099999999999909,la,pasada,n,#,n,p,final,29.69269050266341,23.72526894902263,46.92705430955333,49ae7020-Audio_SP17.csv,49ae7020-Audio_SP17,2424.41075,2783.088,1391.544,time column: time,audio_duration,H2
586.0315640900765,1221.053496996448,2380.661368406724,2.215608018719367,3.2324687776488887,3.319150474916417,6230.769230769231,2.00739938219e-05,2424.82775,0.035,0.3365384615384615,0-0-4144-5,a,49ae7020-Audio_SP17.v0,group_0,1,fave,187.77300345199504,78.75519164929817,8,pasada,,0.0799999999999272,semana,[silence],d,#,d,.,final,9.166981113613543,25.34214392452408,27.63686237520964,49ae7020-Audio_SP17.csv,49ae7020-Audio_SP17,2424.82775,2783.088,1391.544,time column: time,audio_duration,H2
704.8218986586662,1471.403346931814,2599.833369296351,2.719549057895601,3.3668032592602,3.634939252255442,6230.769230769231,0.0002664673303469,2425.86775,0.055,0.3353658536585366,0-0-4148-2,a,49ae7020-Audio_SP17.v0,group_0,1,fave,194.2735346802132,79.39922570771343,8,una,,0.1399999999998726,pusieron,una,n,#,n,ú,final,15.17347834171334,28.98571896643633,37.89955051499704,49ae7020-Audio_SP17.csv,49ae7020-Audio_SP17,2425.86775,2783.088,1391.544,time column: time,audio_duration,H2
651.6218382544147,1513.435728641747,2272.207414324644,2.103209803828489,2.9430070568297912,3.992264298375003,6230.769230769231,1.66570743893e-05,2426.26375,0.027,0.3214285714285714,0-0-4150-2,a,49ae7020-Audio_SP17.v0,group_0,1,fave,212.97871326622536,80.54084343879663,8,una,,0.0599999999999454,una,dosis,n,#,n,d,final,8.192423828436114,18.9728129451246,54.17742443710356,49ae7020-Audio_SP17.csv,49ae7020-Audio_SP17,2426.26375,2783.088,1391.544,time column: time,audio_duration,H2
685.3083837301023,1788.0339178716113,2713.9251651717937,3.048215692691228,3.078076628831849,3.445502819216044,6230.769230769231,2.85912816105e-05,2426.67575,0.031,0.3297872340425531,0-0-4152-0,a,49ae7020-Audio_SP17.v0,group_0,1,fave,199.1954059922949,78.69705373354874,8,a,,0.0700000000001637,dosis,mi,#,#,s,m,coextensive,21.07770175219322,21.716593132618215,31.3590474147612,49ae7020-Audio_SP17.csv,49ae7020-Audio_SP17,2426.67575,2783.088,1391.544,time column: time,audio_duration,H2
729.778304249923,1653.9528351701088,2784.7937926998247,3.194641225555417,3.4087020194057285,3.864464496987063,6589.74358974359,0.0017170621883999,2427.18775,0.055,0.3353658536585365,0-0-4154-5,a,49ae7020-Audio_SP17.v0,group_0,1,fave,132.61621423306312,71.36978703565299,8,abuela,,0.1400000000003274,mi,.,l,#,l,.,final,24.40141751662644,30.22598604338347,47.67773402513143,49ae7020-Audio_SP17.csv,49ae7020-Audio_SP17,2427.18775,2783.088,1391.544,time column: time,audio_duration,H2
623.7604158609158,1556.5971631547516,2656.6281570907995,2.3502455611468207,4.010055896081858,3.342170170326031,6230.769230769231,7.41296965313e-05,2438.28775,0.035,0.3365384615384615,0-0-4163-3,a,49ae7020-Audio_SP17.v0,group_0,1,fave,135.7897693061207,80.59902139455359,8,para,,0.0799999999999272,llegue,todos,R,#,R,t,final,10.488144889421504,55.14995314360631,28.280433515860533,49ae7020-Audio_SP17.csv,49ae7020-Audio_SP17,2438.28775,2783.088,1391.544,time column: time,audio_duration,H2
626.5604508059754,1427.519414494435,2392.8759825842126,1.7870929790362624,3.0737412018170307,4.1048610686053815,6230.769230769231,0.0002501019921741,2443.87775,0.035,0.3365384615384615,0-0-4174-0,a,49ae7020-Audio_SP17.v0,group_0,1,fave,207.9477873629032,82.00882161695363,8,a,,0.0799999999999272,veo,[silence],#,#,o,.,coextensive,5.972066285741714,21.622646225212964,60.634319951766486,49ae7020-Audio_SP17.csv,49ae7020-Audio_SP17,2443.87775,2783.088,1391.544,time column: time,audio_duration,H2
726.7277112323204,1598.367457963314,1915.0555614220204,3.157837302414668,3.6232038176478727,4.508001989072929,5692.307692307692,0.0001945253321083,2445.16375,0.027,0.3214285714285714,0-0-4181-0,a,49ae7020-Audio_SP17.v0,group_0,1,fave,263.4963419216806,79.12470817085479,8,a,,0.0599999999999454,van,llegar,#,#,n,L,coextensive,23.519674941363636,37.45738241033093,90.74033708494554,49ae7020-Audio_SP17.csv,49ae7020-Audio_SP17,2445.16375,2783.088,1391.544,time column: time,audio_duration,H2
591.6187399446562,1207.0388632902502,2317.0063401992684,3.170161819510176,3.406888534838766,3.780256396273508,6230.769230769231,4.518563962269415e-06,2445.7427500000003,0.025,0.3378378378378378,0-0-4184-1,a,49ae7020-Audio_SP17.v0,group_0,1,fave,159.7406696454819,75.9479087463588,8,vacunas,,0.0500000000001819,las,",",b,k,b,k,internal,23.811337183608646,30.17122135663853,43.82727744573039,49ae7020-Audio_SP17.csv,49ae7020-Audio_SP17,2445.7427500000003,2783.088,1391.544,time column: time,audio_duration,H2
648.6241759716519,1528.9352530483395,2794.4570525908425,3.115866041783661,2.83549932064013,3.833258946591141,6589.74358974359,4.31514370417e-05,2446.1807499999995,0.041,0.3306451612903226,0-0-4184-5,a,49ae7020-Audio_SP17.v0,group_0,1,fave,147.01824337549138,75.97997733962812,8,vacunas,,0.1000000000003638,las,",",n,s,n,s,internal,22.552953698506,17.038906054148338,46.212898461068576,49ae7020-Audio_SP17.csv,49ae7020-Audio_SP17,2446.1807499999995,2783.088,1391.544,time column: time,audio_duration,H2
640.0454695076758,1591.8430807302714,2704.1323738704104,2.4733457546493587,3.4499334776752053,3.8088801534171655,6230.769230769231,3.2182111431e-05,2447.65575,0.031,0.3297872340425531,0-0-4190-3,a,49ae7020-Audio_SP17.v0,group_0,1,fave,140.7060020072118,75.51554947999084,8,para,,0.0700000000001637,oportunidades,todos,R,#,R,t,final,11.862068102699252,31.49829689911614,45.09990560167362,49ae7020-Audio_SP17.csv,49ae7020-Audio_SP17,2447.65575,2783.088,1391.544,time column: time,audio_duration,H2
674.2710398254395,1550.3190633928696,2521.886086211048,2.915075238853478,3.327900829320316,3.732171746298216,6230.769230769231,6.63575778919e-05,2451.2187499999995,0.037,0.3245614035087719,0-0-4199-2,a,49ae7020-Audio_SP17.v0,group_0,1,fave,166.31131464542543,77.7656489138765,8,acá,,0.0900000000001455,tengo,no,k,#,k,n,final,18.450200522459756,27.879755867841325,41.769722973470685,49ae7020-Audio_SP17.csv,49ae7020-Audio_SP17,2451.2187499999995,2783.088,1391.544,time column: time,audio_duration,H2
595.0433782595766,1417.384124374468,2702.319065176006,2.098099685044548,4.136252848608184,3.6277620439440352,6230.769230769231,0.0010392806472834,2453.11375,0.027,0.3214285714285714,0-0-4204-3,a,49ae7020-Audio_SP17.v0,group_0,1,fave,588.8944234442255,77.10690738914526,8,para,,0.0599999999999454,suficientes,[silence],R,#,R,.,final,8.150666353242395,62.56793013090865,37.62851136176083,49ae7020-Audio_SP17.csv,49ae7020-Audio_SP17,2453.11375,2783.088,1391.544,time column: time,audio_duration,H2
603.9772887942382,1521.380276921593,2546.165779675808,2.171899968324945,3.681585933335379,4.35545730777674,6410.25641025641,0.0004145927334701,2453.6807499999995,0.041,0.3306451612903226,0-0-4206-3,a,49ae7020-Audio_SP17.v0,group_0,1,fave,307.1417870320216,77.55335626130014,8,para,,0.1000000000003638,[silence],[silence],R,#,R,.,final,8.77494032119115,39.7093204959268,77.90244258500618,49ae7020-Audio_SP17.csv,49ae7020-Audio_SP17,2453.6807499999995,2783.088,1391.544,time column: time,audio_duration,H2
646.4870365634824,1565.9447067395536,2718.64781948856,2.434686377237076,3.5242640589116467,4.192191393488697,6410.25641025641,4.2062945084e-05,2454.7627500000003,0.025,0.3378378378378378,0-0-4208-3,a,49ae7020-Audio_SP17.v0,group_0,1,fave,75.74948054155371,77.33109598623146,8,para,,0.0500000000001819,[silence],las,R,#,R,l,final,11.412239014127938,33.92879483172303,66.16763151799071,49ae7020-Audio_SP17.csv,49ae7020-Audio_SP17,2454.7627500000003,2783.088,1391.544,time column: time,audio_duration,H2
669.6016853507258,1535.719911369644,2737.3857732329034,2.724926232290451,3.443650814804655,4.054738405165992,6410.25641025641,0.0008613217344696,2454.97575,0.051,0.3311688311688312,0-0-4209-1,a,49ae7020-Audio_SP17.v0,group_0,1,fave,-1016.9456640113935,74.45361517098843,8,las,,0.1300000000001091,para,pequeñas,l,s,l,s,internal,15.25528853765704,31.30102406694478,57.67007482910368,49ae7020-Audio_SP17.csv,49ae7020-Audio_SP17,2454.97575,2783.088,1391.544,time column: time,audio_duration,H2
685.8703757040948,1886.7757783086977,2771.738975042073,3.38552577750119,3.2760547775319893,3.991949050562992,6410.25641025641,2.02965588144e-05,2455.70375,0.027,0.3214285714285714,0-0-4210-5,a,49ae7020-Audio_SP17.v0,group_0,1,fave,172.62384177263195,77.30108780386492,8,pequeñas,,0.0599999999999454,las,metas,N,s,N,s,internal,29.533516693323275,26.47113191562608,54.16034781441477,49ae7020-Audio_SP17.csv,49ae7020-Audio_SP17,2455.70375,2783.088,1391.544,time column: time,audio_duration,H2
592.6142513703326,1399.0672204079174,2477.892437571815,2.6955528161565656,4.141764686433482,4.155176555014354,6230.769230769231,6.182365331378171e-06,2457.0327500000003,0.025,0.3378378378378378,0-0-4218-3,a,49ae7020-Audio_SP17.v0,group_0,1,fave,79.14233357538748,79.91813013967968,8,Para,,0.0500000000001819,?,[silence],R,#,R,.,final,14.813705746003302,62.9137465814493,63.7632212705149,49ae7020-Audio_SP17.csv,49ae7020-Audio_SP17,2457.0327500000003,2783.088,1391.544,time column: time,audio_duration,H2
576.9345201964179,1859.332969628467,2659.90681364082,2.37876055374485,3.74823993730314,3.6899572058383368,6230.769230769231,3.526043543358543e-06,2462.36275,0.025,0.3378378378378378,0-0-4231-7,a,49ae7020-Audio_SP17.v0,group_0,1,fave,177.9306410935507,78.09698897388672,8,gustaría,,0.0500000000001819,me,retomar,i,#,i,r,final,10.79151906350334,42.44630805252525,40.0431333082996,49ae7020-Audio_SP17.csv,49ae7020-Audio_SP17,2462.36275,2783.088,1391.544,time column: time,audio_duration,H2
675.6782457563397,1441.2960698494703,2361.123762676383,2.944155860504806,2.9002490081828896,4.154935814336309,6230.769230769231,0.012376714526524,2467.29375,0.107,0.3302469135802469,0-0-4242-3,a,49ae7020-Audio_SP17.v0,group_0,1,fave,156.63747643207935,74.98527753031313,8,casa,,0.3000000000001819,de,retomar,s,#,s,r,final,18.99462150684076,18.178671443848472,63.74787271697664,49ae7020-Audio_SP17.csv,49ae7020-Audio_SP17,2467.29375,2783.088,1391.544,time column: time,audio_duration,H2
725.508795994877,1368.7420770238764,2524.7644410249723,1.6965723132881445,4.012097931226631,3.6101526426077446,6230.769230769231,7.05158230904e-05,2472.00575,0.031,0.3297872340425531,0-0-4254-3,a,49ae7020-Audio_SP17.v0,group_0,1,fave,245.3249727505688,81.32483331293822,8,tema,,0.0700000000001637,el,de,m,#,m,d,final,5.455216535084511,55.26268634956849,36.97169584019428,49ae7020-Audio_SP17.csv,49ae7020-Audio_SP17,2472.00575,2783.088,1391.544,time column: time,audio_duration,H2
609.3835976399657,1856.949264640513,2564.606238766617,2.826346898006127,3.306520425962239,3.836404520935506,6230.769230769231,5.05877141668e-05,2479.10775,0.035,0.3365384615384615,0-0-4272-2,a,49ae7020-Audio_SP17.v0,group_0,1,fave,189.10007773706647,75.79897193734362,8,sean,,0.0799999999999272,que,un,é,n,é,n,internal,16.88367026014981,27.29000248999408,46.35849343870886,49ae7020-Audio_SP17.csv,49ae7020-Audio_SP17,2479.10775,2783.088,1391.544,time column: time,audio_duration,H2
675.3697278391439,1318.3619319258971,2598.1630261949063,3.089899005262155,3.110106504944925,4.720290353240117,6230.769230769231,0.0001431309893859,2485.38775,0.035,0.3365384615384615,0-0-4286-3,a,49ae7020-Audio_SP17.v0,group_0,1,fave,187.8144970987954,79.72543140814554,8,tema,,0.0799999999999272,El,del,m,#,m,d,final,21.974858518613296,22.423432480014277,112.20082581203968,49ae7020-Audio_SP17.csv,49ae7020-Audio_SP17,2485.38775,2783.088,1391.544,time column: time,audio_duration,H2
635.0923468315259,1771.3798397345745,2670.266388398325,2.916710282255781,3.27652961871884,3.712821812184666,6410.25641025641,2.17846127282e-05,2489.36375,0.027,0.3214285714285714,0-0-4295-5,a,49ae7020-Audio_SP17.v0,group_0,1,fave,197.66390553759257,78.76531503537949,8,cositas,,0.0599999999999454,hay,que,t,s,t,s,internal,18.480392076619797,26.48370448407261,40.96925110088729,49ae7020-Audio_SP17.csv,49ae7020-Audio_SP17,2489.36375,2783.088,1391.544,time column: time,audio_duration,H2
680.0751196850322,1641.409072735183,2797.3193444461813,2.549529669688753,3.4191490022471345,4.270415069122329,6410.25641025641,0.0002938887243284,2495.08275,0.045,0.335820895522388,0-0-4308-11,a,49ae7020-Audio_SP17.v0,group_0,1,fave,163.04061722133858,79.73911547821933,8,criptomonedas,,0.1100000000001273,las,pero,d,s,d,s,internal,12.801081629866273,30.543411583563618,71.5513282035544,49ae7020-Audio_SP17.csv,49ae7020-Audio_SP17,2495.08275,2783.088,1391.544,time column: time,audio_duration,H2
685.8158067239947,1859.716554620402,2860.4708531965675,2.526363170847015,3.3798738882747608,3.918154029542844,6410.25641025641,0.0002145492273622,2497.7837500000005,0.047,0.3263888888888889,0-0-4316-2,a,49ae7020-Audio_SP17.v0,group_0,1,fave,176.11177328405248,80.83036420656398,8,allá,,0.1199999999998908,más,¿,L,#,L,.,final,12.507934098666372,29.36706734822174,50.30749286561512,49ae7020-Audio_SP17.csv,49ae7020-Audio_SP17,2497.7837500000005,2783.088,1391.544,time column: time,audio_duration,H2
685.2771216927258,1659.9363051650353,2416.938015259291,2.678017199296564,3.3856620241485613,4.031498684589839,6589.74358974359,0.0017134515248785,2527.33375,0.047,0.3263888888888889,0-0-4330-5,a,49ae7020-Audio_SP17.v0,group_0,1,fave,169.9671140541423,79.3835650944424,8,literalmente,,0.1199999999998908,",",.,R,l,R,l,internal,14.55620261433119,29.53754081008781,56.34529182196419,49ae7020-Audio_SP17.csv,49ae7020-Audio_SP17,2527.33375,2783.088,1391.544,time column: time,audio_duration,H2
697.5446753983182,1648.7519665818306,2848.12377180834,3.496210343286998,3.852158014973157,3.585481449985636,6230.769230769231,0.0001081005520372,2568.37375,0.027,0.3214285714285714,0-0-4366-3,a,49ae7020-Audio_SP17.v0,group_0,1,fave,174.38196485891254,76.15658914550767,8,cosas,,0.0599999999999454,[silence],personales,s,s,s,s,internal,32.99019325752035,47.09458446844323,36.070719786563366,49ae7020-Audio_SP17.csv,49ae7020-Audio_SP17,2568.37375,2783.088,1391.544,time column: time,audio_duration,H2
718.3126321524597,1892.7539143218007,2486.0012862446174,2.9437502761944354,3.1403329787667245,3.3448453854544504,6230.769230769231,0.0006245484297079,2572.50875,0.057,0.3275862068965517,0-0-4373-6,a,49ae7020-Audio_SP17.v0,group_0,1,fave,168.61108156282242,73.78139960174586,8,pasaría,,0.1500000000000909,me,horas,i,#,i,ó,final,18.9869191484596,23.11156123677653,28.356191048106968,49ae7020-Audio_SP17.csv,49ae7020-Audio_SP17,2572.50875,2783.088,1391.544,time column: time,audio_duration,H2
711.1144865076134,1600.1622793469696,2432.8811483904083,3.0248797545639845,3.036871892078242,3.7133529046309537,6051.282051282051,0.0001006777939636,2572.88375,0.027,0.3214285714285714,0-0-4374-2,a,49ae7020-Audio_SP17.v0,group_0,1,fave,211.66823565447984,80.38919722555622,8,horas,,0.0599999999999454,pasaría,conversando,R,s,R,s,internal,20.591528524998253,20.83995155108002,40.99101533957685,49ae7020-Audio_SP17.csv,49ae7020-Audio_SP17,2572.88375,2783.088,1391.544,time column: time,audio_duration,H2
700.2220671219053,1879.601132843964,2634.095544109648,2.240465907210315,3.307613174513613,4.019182533800896,6230.769230769231,0.0003931736845995,2607.5527500000003,0.045,0.3358208955223881,0-0-4379-4,a,49ae7020-Audio_SP17.v0,group_0,1,fave,238.26718869359385,81.25632497229266,8,socialmente,,0.1099999999996725,Pues,[silence],i,l,i,l,internal,9.397708727879824,27.31983990010627,55.655590661618646,49ae7020-Audio_SP17.csv,49ae7020-Audio_SP17,2607.5527500000003,2783.088,1391.544,time column: time,audio_duration,H2
691.7165837671633,1786.0674967406228,2620.168985156581,1.863989027882136,3.0261361325388525,4.0916447983546265,6230.769230769231,6.442650074588996e-06,2608.98375,0.027,0.3214285714285714,0-0-4381-4,a,49ae7020-Audio_SP17.v0,group_0,1,fave,229.48886995688312,81.2517133344969,8,fuera,,0.0600000000004001,[silence],de,R,#,R,d,final,6.449412412896093,20.61741552642996,59.83823263305413,49ae7020-Audio_SP17.csv,49ae7020-Audio_SP17,2608.98375,2783.088,1391.544,time column: time,audio_duration,H2
708.626629834109,1599.206678707586,2420.701701200634,2.585559488168228,2.500782995350957,4.003705468379573,6230.769230769231,0.0002826210460611,2609.44875,0.057,0.3275862068965517,0-0-4383-3,a,49ae7020-Audio_SP17.v0,group_0,1,fave,191.4266876656348,78.38009132292899,8,casa,,0.1500000000000909,de,",",s,#,s,.,final,13.270711819556732,12.19203653224481,54.80083704491575,49ae7020-Audio_SP17.csv,49ae7020-Audio_SP17,2609.44875,2783.088,1391.544,time column: time,audio_duration,H2
619.0372075912281,1892.174215508517,2923.4198840574168,3.1176904511302617,2.886471611603033,4.071663333456955,6410.25641025641,0.0003968978357584,2609.78575,0.031,0.3297872340425531,0-0-4385-3,a,49ae7020-Audio_SP17.v0,group_0,1,fave,170.65123217767814,76.79807126276302,8,inhabilitado,,0.0700000000001637,",",[nontrans],h,b,h,b,internal,22.594137074271707,17.92993408918997,58.65444339597573,49ae7020-Audio_SP17.csv,49ae7020-Audio_SP17,2609.78575,2783.088,1391.544,time column: time,audio_duration,H2
603.2080565851777,1676.3280369318456,2482.847311972352,2.5470299955920264,3.5410892122054625,3.613703710388369,6230.769230769231,2.52714085946e-05,2616.85775,0.035,0.3365384615384615,0-0-4391-1,a,49ae7020-Audio_SP17.v0,group_0,1,fave,188.1502504176561,78.40928842083879,8,la,,0.0799999999999272,en,computadora,l,#,l,k,final,12.7691230573547,34.50448143283737,37.10321822232528,49ae7020-Audio_SP17.csv,49ae7020-Audio_SP17,2616.85775,2783.088,1391.544,time column: time,audio_duration,H2
601.3097120714917,1319.288446946059,2660.1602940808825,2.7378983590664427,3.23524018734036,2.996915865954467,6230.769230769231,6.77543117026e-05,2617.23575,0.031,0.3297872340425531,0-0-4392-6,a,49ae7020-Audio_SP17.v0,group_0,1,fave,164.50772210777964,77.72276701282372,8,computadora,,0.0700000000001637,la,",",t,d,t,d,internal,15.454471192766944,25.412474800619044,20.0236858624478,49ae7020-Audio_SP17.csv,49ae7020-Audio_SP17,2617.23575,2783.088,1391.544,time column: time,audio_duration,H2
675.4798173834555,1568.1932355624035,2546.983568766196,2.329773176004822,2.8856773287835265,3.590481739369282,6230.769230769231,8.487882090583026e-06,2617.57775,0.035,0.3365384615384615,0-0-4392-10,a,49ae7020-Audio_SP17.v0,group_0,1,fave,219.32083955595692,76.17571942163448,8,computadora,,0.0799999999999272,la,",",R,#,R,.,final,10.275610513658275,17.915698304955892,36.251535512507125,49ae7020-Audio_SP17.csv,49ae7020-Audio_SP17,2617.57775,2783.088,1391.544,time column: time,audio_duration,H2
585.8814556536641,1420.964378167954,2358.837618380815,2.7742647012126143,3.359473651248955,3.180720246025916,6230.769230769231,6.50541723379e-05,2619.15775,0.035,0.3365384615384615,0-0-4399-3,a,49ae7020-Audio_SP17.v0,group_0,1,fave,179.24458151688054,76.42794461411843,8,tema,,0.0799999999999272,un,[silence],m,#,m,.,final,16.026838147368508,28.774041711802223,24.06407936942312,49ae7020-Audio_SP17.csv,49ae7020-Audio_SP17,2619.15775,2783.088,1391.544,time column: time,audio_duration,H2
655.0888626076768,1310.0551929191256,2701.151487180883,2.48120408062724,3.157794702363845,4.128729462783961,6230.769230769231,0.0005618237891506,2622.99875,0.077,0.3290598290598291,0-0-4410-1,a,49ae7020-Audio_SP17.v0,group_0,1,fave,150.78329184251584,79.58860672535218,8,la,,0.2100000000000363,en,computadora,l,#,l,k,final,11.95565132275794,23.51867302335681,62.09897373422534,49ae7020-Audio_SP17.csv,49ae7020-Audio_SP17,2622.99875,2783.088,1391.544,time column: time,audio_duration,H2
664.1751797191883,1501.2222438111437,2479.638148612676,2.5897124734189223,3.328981787957834,3.779163583347133,6230.769230769231,0.0003810034393961,2623.51375,0.087,0.3295454545454546,0-0-4411-6,a,49ae7020-Audio_SP17.v0,group_0,1,fave,158.2549588590752,78.40903143064757,8,computadora,,0.2400000000002364,la,o,t,d,t,d,internal,13.325939490483696,27.90990902498029,43.77940859102538,49ae7020-Audio_SP17.csv,49ae7020-Audio_SP17,2623.51375,2783.088,1391.544,time column: time,audio_duration,H2
528.5337943213724,1361.5338866863688,2756.3180055933967,2.8126816430947272,3.0617453161808004,4.058342630058475,6230.769230769231,3.168190822076545e-06,2627.92275,0.025,0.3378378378378378,0-0-4425-4,a,49ae7020-Audio_SP17.v0,group_0,1,fave,191.000239933158,76.54866489911832,8,pausas,,0.0500000000001819,mis,activas,s,s,s,s,internal,16.654519867405295,21.36481299478543,57.87830577852222,49ae7020-Audio_SP17.csv,49ae7020-Audio_SP17,2627.92275,2783.088,1391.544,time column: time,audio_duration,H2
648.2362657967524,1551.2201239755548,2618.1967415220724,2.79615524417918,3.438098510742924,3.732853970079513,6410.25641025641,0.0019242842610542,2628.04075,0.041,0.3306451612903226,0-0-4426-0,a,49ae7020-Audio_SP17.v0,group_0,1,fave,162.5744523771338,78.67070010354006,8,activas,,0.099999999999909,pausas,en,#,k,s,k,initial,16.381542507679285,31.127712847413072,41.79822899445848,49ae7020-Audio_SP17.csv,49ae7020-Audio_SP17,2628.04075,2783.088,1391.544,time column: time,audio_duration,H2
658.7715494579153,1485.231115565893,2573.7717059173065,2.47823768953838,3.1506422258471085,3.740207875161894,6230.769230769231,0.0003286248517777,2628.44775,0.055,0.3353658536585366,0-0-4426-5,a,49ae7020-Audio_SP17.v0,group_0,1,fave,161.87243083766927,79.02806269425955,8,activas,,0.1399999999998726,pausas,en,b,s,b,s,internal,11.920238734972695,23.35105641834384,42.10674220115181,49ae7020-Audio_SP17.csv,49ae7020-Audio_SP17,2628.44775,2783.088,1391.544,time column: time,audio_duration,H2
598.7962043016688,1852.118317350823,2548.2673262028275,2.4609793784782723,3.507129556209985,3.492308800462361,6230.769230769231,2.34816915987e-05,2636.2737500000003,0.027,0.3214285714285714,0-0-4439-8,a,49ae7020-Audio_SP17.v0,group_0,1,fave,149.5746223796023,79.96171942197337,8,compartía,,0.0599999999999454,yo,con,i,#,i,k,final,11.716280595851844,33.352394077269565,32.86173136846807,49ae7020-Audio_SP17.csv,49ae7020-Audio_SP17,2636.2737500000003,2783.088,1391.544,time column: time,audio_duration,H2
673.639249679392,1296.9267435355066,2542.46583823475,2.727038431602057,3.290146048078032,3.667687839228909,6230.769230769231,0.0001470015148318,2637.06775,0.035,0.3365384615384615,0-0-4442-6,a,49ae7020-Audio_SP17.v0,group_0,1,fave,146.71716052774886,78.70591539581372,8,trabajadores,,0.0799999999999272,muchos,que,x,d,x,d,internal,15.287544801441411,26.84678429083801,39.1612539846252,49ae7020-Audio_SP17.csv,49ae7020-Audio_SP17,2637.06775,2783.088,1391.544,time column: time,audio_duration,H2
668.8571350341471,1532.1993713471666,3255.5176143710983,3.446089651677037,4.001517352573152,4.020865014970045,6410.25641025641,8.68744188018e-05,2651.40375,0.027,0.3214285714285714,0-0-4451-1,a,49ae7020-Audio_SP17.v0,group_0,1,fave,153.92866730188402,79.67138973006467,8,Salir,,0.0599999999999454,[silence],[nontrans],s,l,s,l,internal,31.37745532238059,54.68105756065455,55.74930896239515,49ae7020-Audio_SP17.csv,49ae7020-Audio_SP17,2651.40375,2783.088,1391.544,time column: time,audio_duration,H2
708.025372922303,1614.0023288947675,2567.2996892603296,3.112700938804375,3.551537717637556,3.934967862957609,6410.25641025641,0.0002054136609164,2662.43575,0.031,0.3297872340425531,0-0-4476-1,a,49ae7020-Audio_SP17.v0,group_0,1,fave,154.25350757410718,74.70986155324893,8,las,,0.0699999999997089,o,acumulo,l,s,l,s,internal,22.48168412483061,34.8668917203892,51.160505782894965,49ae7020-Audio_SP17.csv,49ae7020-Audio_SP17,2662.43575,2783.088,1391.544,time column: time,audio_duration,H2
687.4774012168695,1664.5414619843418,2700.606398471803,3.076080867832095,3.4428370709828933,3.399290868810444,6230.769230769231,9.5195305943e-05,2662.55775,0.035,0.3365384615384615,0-0-4477-0,a,49ae7020-Audio_SP17.v0,group_0,1,fave,168.14957937192935,81.0180790540257,8,acumulo,,0.0799999999999272,las,y,#,k,s,k,initial,21.673295223507317,31.27556341262552,29.942859101685084,49ae7020-Audio_SP17.csv,49ae7020-Audio_SP17,2662.55775,2783.088,1391.544,time column: time,audio_duration,H2
649.4011280058571,1506.4204321838458,2582.000740513824,3.0125241580433206,2.967143022698648,3.679560512387476,6230.769230769231,9.718740634297289e-06,2672.0437500000003,0.027,0.3214285714285714,0-0-4494-3,a,49ae7020-Audio_SP17.v0,group_0,1,fave,157.97759387035703,77.07393899206464,8,para,,0.0599999999999454,destinar,no,R,#,R,n,final,20.338673212657277,19.436311098118143,39.628973801773455,49ae7020-Audio_SP17.csv,49ae7020-Audio_SP17,2672.0437500000003,2783.088,1391.544,time column: time,audio_duration,H2
629.4063862679832,1964.9913085849432,2461.848720765101,2.5861588367507764,3.210221260778327,3.0160378610162963,6230.769230769231,0.0001676213039978,2674.40575,0.031,0.3297872340425531,0-0-4503-0,a,49ae7020-Audio_SP17.v0,group_0,1,fave,202.87157743499932,78.56059076594705,8,a,,0.0700000000001637,voy,cortar,#,#,y,k,coextensive,13.278667985895533,24.78456947108331,20.41026296810468,49ae7020-Audio_SP17.csv,49ae7020-Audio_SP17,2674.40575,2783.088,1391.544,time column: time,audio_duration,H2
675.8635564493842,1541.1449561969746,2439.0452231720374,2.985883950949586,3.109828460439702,3.0825951006344945,6230.769230769231,2.7770559938e-05,2674.97775,0.035,0.3365384615384615,0-0-4506-1,a,49ae7020-Audio_SP17.v0,group_0,1,fave,190.9182225632752,79.68858358838824,8,cabello,,0.0799999999999272,el,aprovecho,k,b,k,b,internal,19.80400026637191,22.417198634508377,21.81494096997524,49ae7020-Audio_SP17.csv,49ae7020-Audio_SP17,2674.97775,2783.088,1391.544,time column: time,audio_duration,H2
603.0277086770251,1323.0458605991353,2052.548707762828,3.433026825152868,3.455781535101603,4.44046353075978,7128.205128205128,0.0041348604109144,2675.9907499999995,0.041,0.3306451612903226,0-0-4509-0,a,49ae7020-Audio_SP17.v0,group_0,1,fave,80.18075736538164,74.29552106681795,8,hacer,,0.1000000000003638,de,otras,#,z,e,z,initial,30.970242532215067,31.683040417051647,84.81424657576419,49ae7020-Audio_SP17.csv,49ae7020-Audio_SP17,2675.9907499999995,2783.088,1391.544,time column: time,audio_duration,H2
670.5826166006154,1207.3900275687254,2629.642679963753,2.9450300013763884,3.927510894900719,3.520590518116391,6230.769230769231,0.0009223106820792,2764.22575,0.031,0.3297872340425531,0-0-4523-0,a,49ae7020-Audio_SP17.v0,group_0,1,fave,77.740382818923,72.58137550077201,8,abrir,,0.0700000000001637,[silence],la,#,b,.,b,initial,19.01123274106176,50.78042242149319,33.80438467258085,49ae7020-Audio_SP17.csv,49ae7020-Audio_SP17,2764.22575,2783.088,1391.544,time column: time,audio_duration,H2
