F1,F2,F3,B1,B2,B3,max_formant,smooth_error,time,rel_time,prop_time,id,label,file_name,group,speaker_num,point_heuristic,f0,intensity,optimized,word,stress,dur,pre_word,fol_word,pre_seg,fol_seg,abs_pre_seg,abs_fol_seg,context
371.25366703212507,2078.3466753691237,3848.7018865626083,3.204750426456765,2.940269184066841,4.6080928290127545,7307.692307692308,0.001791503039416141,2.888749999999891,0.037000000000000005,0.324561403508772,0-0-3-1,i,42d56bbf-Audio_SP23_part04,group_0,1,fave,188.03798775916852,79.5705699929288,8,Fíjate,"",0.09000000000014552,.,",",f,x,f,x,internal
342.2797726774513,1844.9050255131328,2312.982956969221,2.4381633055554985,3.407050894839993,4.454872447715387,5153.846153846154,0.003870689681544316,3.4987500000000185,0.037000000000000005,0.324561403508772,0-0-5-1,i,42d56bbf-Audio_SP23_part04,group_0,1,fave,181.6969228791924,73.65059365440932,8,fíjate,"",0.08999999999991815,",",.,f,x,f,x,internal
230.78267639297346,2239.290495503394,2816.0231864196303,3.13823658422466,2.9922631474422463,4.871114056200745,7307.692307692308,0.002767442041738117,6.992750000000027,0.045,0.33582089552238803,0-0-21-8,i,42d56bbf-Audio_SP23_part04,group_0,1,fave,109.81998494534753,69.37162531619855,8,características,"",0.10999999999989996,las,de,R,s,R,s,internal
255.68261728315858,2324.7761747285485,3587.019311703427,2.2590684510466343,2.5981836785462313,3.8267596943472135,6769.2307692307695,0.001615421376488587,8.719750000000083,0.119,0.33615819209039544,0-0-25-0,i,42d56bbf-Audio_SP23_part04,group_0,1,fave,126.86809794570053,73.2677041219975,8,y,"",0.32999999999992724,[silence],[silence],#,#,.,.,coextensive
282.5085995894265,2364.828118240659,3817.8432370073074,3.2982578738958033,3.7765613851403463,4.825399956867169,7128.205128205128,0.0002549774531374597,17.8727499999999,0.025,0.33783783783783783,0-0-57-1,i,42d56bbf-Audio_SP23_part04,group_0,1,fave,166.4397160002971,76.336791678042,8,simplemente,"",0.0500000000001819,sino,puedes,s,m,s,m,internal
303.88226855644086,2282.868224154402,4156.905717346049,2.438158129786908,3.392498429696523,4.0674673260278285,6769.2307692307695,0.00007796247135239009,21.28374999999998,0.027000000000000003,0.32142857142857145,0-0-69-3,i,42d56bbf-Audio_SP23_part04,group_0,1,fave,157.95757714846312,77.23598540613625,8,seguía,"",0.05999999999994543,yo,todas,g,a,g,a,internal
285.3056012868744,2442.5109438528207,2938.900642193884,2.2759152487824927,3.2500520056633824,4.858314457395262,6589.74358974359,0.0005080164309499591,22.48275000000004,0.045,0.3358208955223881,0-0-75-3,i,42d56bbf-Audio_SP23_part04,group_0,1,fave,118.05417643770518,72.51351250590183,8,tenía,"",0.10999999999989996,yo,entonces,n,a,n,a,internal
211.32516690527677,2288.095168071031,3369.2166443229094,2.7816129413285213,2.156094486227634,3.9567722873693194,6410.25641025641,0.000944351507484837,23.578749999999946,0.037,0.32456140350877194,0-0-80-1,i,42d56bbf-Audio_SP23_part04,group_0,1,fave,202.5772992346759,77.46760993992521,8,tienen,"",0.09000000000014552,ejemplo,[silence],t,é,t,é,internal
355.2527885636106,2094.643724694358,3726.2901910717906,2.073014512941704,3.8413570403927464,3.8473113205132745,6230.7692307692305,0.00006561757391556938,34.803749999999965,0.027000000000000003,0.32142857142857145,0-0-120-5,i,42d56bbf-Audio_SP23_part04,group_0,1,fave,345.28889332323496,78.14628662175784,8,todavía,"",0.05999999999994543,",",sale,b,a,b,a,internal
263.24819810714706,2358.4172340489768,3803.082063860808,2.0957806494734528,2.4801895431218184,3.1541313663719226,6589.74358974359,0.006932928075446709,38.98075000000007,0.121,0.3324175824175823,0-0-139-0,i,42d56bbf-Audio_SP23_part04,group_0,1,fave,242.33680258166999,77.29039983041666,8,y,"",0.33999999999991815,[silence],está,#,#,.,é,coextensive
268.35133787643457,2334.707778664039,3645.869016803265,3.4971333320326377,2.6849125315269453,3.9193652669613037,6589.74358974359,0.0004280979605275633,48.77075,0.041,0.3306451612903226,0-0-176-0,i,42d56bbf-Audio_SP23_part04,group_0,1,fave,207.10713300792295,75.01490955442787,8,Instagram,"",0.09999999999990905,de,[silence],#,n,e,n,initial
294.12452684995014,2495.8935495843925,3640.961114289743,2.9556424348213324,3.4453603076381056,3.5346135073835896,5333.333333333333,0.008175572945230174,52.21775000000006,0.07500000000000001,0.3348214285714286,0-0-191-0,i,42d56bbf-Audio_SP23_part04,group_0,1,fave,173.52968801538813,70.97063782360023,8,y,"",0.20000000000004547,[silence],dígale,#,#,.,d,coextensive
206.33918435794763,2254.1933845867948,3465.10215139787,2.9741312477629736,3.7634348391442654,3.0996214046339485,5333.333333333333,0.0011229364018978199,52.50575000000001,0.051000000000000004,0.3311688311688312,0-0-192-1,i,42d56bbf-Audio_SP23_part04,group_0,1,fave,183.20776868302255,78.26713492870424,8,dígale,"",0.12999999999988177,y,y,d,g,d,g,internal
301.7879743226503,2442.0980716830704,3827.390691986197,3.509492456240746,3.1335330114793134,4.3663209906124845,6948.717948717948,0.0002860653820209461,52.85374999999992,0.027000000000000003,0.32142857142857145,0-0-193-0,i,42d56bbf-Audio_SP23_part04,group_0,1,fave,182.4846105761894,73.97282457168316,8,y,"",0.060000000000172804,dígale,está,#,#,e,é,coextensive
300.16504162580594,2235.1507561524622,3606.2898136764684,1.2358629612611571,3.867514787962168,3.736968260344711,6230.7692307692305,0.00016614466552437635,67.44075000000007,0.041,0.3306451612903226,0-0-271-1,i,42d56bbf-Audio_SP23_part04,group_0,1,fave,298.52780548021707,75.77589866781732,8,Microworkers,"",0.09999999999990905,de,eso,m,k,m,k,internal
278.40490150456225,2382.7403056544986,3356.7768125287303,2.1287733992499698,3.212532705380998,5.112248992006761,6589.74358974359,0.0003329848595412482,77.84374999999993,0.027000000000000003,0.32142857142857145,0-0-327-0,i,42d56bbf-Audio_SP23_part04,group_0,1,fave,128.91913935730233,72.54974216258431,8,Y,"",0.060000000000172804,.,vuelvo,#,#,.,b,coextensive
235.71187167121528,1947.5823290321491,2482.3576719948073,2.7354830571515145,3.700506961991687,4.418119908294561,5153.846153846154,0.00046052509609169454,78.20875000000005,0.037000000000000005,0.324561403508772,0-0-330-0,i,42d56bbf-Audio_SP23_part04,group_0,1,fave,183.8641182257214,73.12238159265125,8,insistir,"",0.08999999999991815,a,",",#,n,a,n,initial
274.81290696165263,2162.9983224355688,2796.71285385038,2.828720979719734,3.3555273415924205,4.5860425955189745,6230.7692307692305,0.001875393486384558,78.35874999999992,0.037,0.32456140350877194,0-0-330-3,i,42d56bbf-Audio_SP23_part04,group_0,1,fave,166.06931015501684,69.81741564643917,8,insistir,"",0.09000000000014552,a,",",s,s,s,s,internal
311.66214787947433,1811.569006127049,2605.798857585495,2.695577670606395,3.368904964415653,4.438948759339022,5333.333333333333,0.00040353879417179056,80.88574999999989,0.031,0.32978723404255317,0-0-341-6,i,42d56bbf-Audio_SP23_part04,group_0,1,fave,176.01113497501396,71.80403572030701,8,curiosidad,"",0.07000000000016371,por,si,s,d,s,d,internal
335.7884218461183,2177.1740254679025,3024.571116934379,3.1099452948947586,3.458072182425885,4.8507512465752285,7666.666666666666,0.0016395155684095137,82.09774999999992,0.035,0.3365384615384616,0-0-348-1,i,42d56bbf-Audio_SP23_part04,group_0,1,fave,162.96888276227284,74.24825207602456,8,Microworkes,"",0.08000000000015461,a,.,m,k,m,k,internal
369.76526061875563,2316.822312892986,4089.242353740532,3.75317826484829,3.8755560061167063,4.453826947928566,7307.692307692308,0.007478678368689936,86.30374999999997,0.027000000000000003,0.32142857142857145,0-0-363-0,i,42d56bbf-Audio_SP23_part04,group_0,1,fave,225.8643825657078,81.38757288327015,8,y,"",0.05999999999994543,ellos,parece,#,#,s,p,coextensive
213.48046063062452,2154.633941053515,3445.3393763677586,3.04080856969555,3.3885970542858304,3.969046281250059,6589.74358974359,0.00011816979423155726,92.6477500000001,0.035,0.33653846153846156,0-0-386-1,i,42d56bbf-Audio_SP23_part04,group_0,1,fave,199.93759241567258,78.77194299739101,8,piedras,"",0.07999999999992724,esas,que,p,é,p,é,internal
273.8467459255523,2375.082884233514,3762.7472835486033,2.9718928631013455,3.4697986862942414,4.054850291316242,6589.74358974359,0.0020367967425164953,96.04774999999998,0.055,0.33536585365853655,0-0-402-1,i,42d56bbf-Audio_SP23_part04,group_0,1,fave,239.36618776916038,75.84068994316769,8,ahí,"",0.14000000000010004,tiempo,",",á,#,á,.,final
303.1379881113084,2219.241768900374,3511.8310441427193,2.9610908128497684,3.322315706060577,4.104422197028219,6589.74358974359,0.0009959353137801122,96.77374999999999,0.047,0.3263888888888889,0-0-407-0,i,42d56bbf-Audio_SP23_part04,group_0,1,fave,215.7328000529422,78.26265410817976,8,y,"",0.11999999999989086,funciona,la,#,#,a,l,coextensive
246.14928001919728,2258.6462692141686,3429.475789379642,2.649156793413082,3.5747551297418614,4.262935029405206,6589.74358974359,0.000784592974919131,99.84874999999992,0.037,0.32456140350877194,0-0-418-5,i,42d56bbf-Audio_SP23_part04,group_0,1,fave,186.04740236440017,80.49604734211259,8,administración,"",0.09000000000014552,de,[silence],n,s,n,s,internal
303.72976354793343,2192.4700383994073,2664.4938039734193,2.319951310165005,2.8326852282081445,3.46758852192449,5512.820512820513,0.0002703474846909503,102.68575000000007,0.031,0.32978723404255317,0-0-429-5,i,42d56bbf-Audio_SP23_part04,group_0,1,fave,102.25734571804118,77.23757239176271,8,deberían,"",0.06999999999993634,que,sacar,R,a,R,a,internal
245.26396333452308,2614.5674663323657,3840.228130905688,1.6193484679648635,3.4464269456028065,4.2556325611071975,7128.205128205128,0.0011148292036255334,103.92775000000009,0.055,0.33536585365853655,0-0-434-2,i,42d56bbf-Audio_SP23_part04,group_0,1,fave,243.43173388688925,77.74847118664756,8,allí,"",0.13999999999987267,de,[silence],L,#,L,.,final
257.5882789719799,2195.145375188342,3341.781100514066,2.6696661523202367,3.6093341346358754,4.510076611903404,6769.2307692307695,0.13585904587330294,104.44275000000007,0.045,0.33582089552238803,0-0-436-0,i,42d56bbf-Audio_SP23_part04,group_0,1,fave,215.7532430889468,68.68904164802775,8,y,"",0.10999999999989996,[silence],reclamarle,#,#,.,r,coextensive
290.0586277619456,2301.435686249562,4157.489193958379,2.6205435581425918,4.24006047888071,4.6387945651525575,6230.7692307692305,0.0002617455437474185,131.71375000000006,0.027000000000000003,0.32142857142857145,0-0-512-1,i,42d56bbf-Audio_SP23_part04,group_0,1,fave,168.20254404236874,73.90176576316749,8,cincuenta,"",0.05999999999994543,valía,y,z,n,z,n,internal
395.6112819083028,2117.0844262804444,3529.8961199172954,2.757181908330244,3.2314248040488533,4.5537975288472445,7666.666666666666,0.005155557186551679,137.21375000000006,0.047,0.3263888888888889,0-0-541-0,i,42d56bbf-Audio_SP23_part04,group_0,1,fave,124.97749733166248,64.11135916213206,8,instales,"",0.11999999999989086,que,una,#,n,é,n,initial
326.081841452515,2221.3164768846605,3392.445208122789,2.270954290984824,3.4095667450661673,3.8963597939887897,5871.794871794871,0.00011205427927529367,150.18775000000008,0.035,0.3365384615384616,0-0-582-5,i,42d56bbf-Audio_SP23_part04,group_0,1,fave,177.78791309692534,82.72175874384708,8,localidad,"",0.07999999999992724,una,de,l,d,l,d,internal
274.16156225936817,2148.5565645139272,3474.6890815652046,3.2054915167658917,2.322164138021296,4.848799473889242,7128.205128205128,0.00024834811111462506,160.21575000000004,0.031,0.32978723404255317,0-0-619-1,i,42d56bbf-Audio_SP23_part04,group_0,1,fave,208.2878311155896,77.4666415566658,8,disponible,"",0.06999999999993634,es,en,d,s,d,s,internal
315.841569842297,2201.1747988151333,3559.67961229904,2.6482141813226376,3.8897791777391872,3.336384787565996,6589.74358974359,0.00006090948376011367,164.03574999999998,0.031,0.32978723404255317,0-0-636-4,i,42d56bbf-Audio_SP23_part04,group_0,1,fave,162.20021617610487,80.28150537510746,8,también,"",0.06999999999993634,Pero,te,b,e,b,e,internal
305.6873186900971,2246.2069011792814,3554.7671366969257,1.8461956619605078,3.0289909048244597,4.320798990901957,6410.25641025641,0.0005927420641268066,172.97775000000004,0.035,0.33653846153846156,0-0-674-1,i,42d56bbf-Audio_SP23_part04,group_0,1,fave,149.37336472728646,80.1966813384804,8,ni,"",0.07999999999992724,que,siquiera,n,#,n,s,final
262.9789794560228,2185.427528263147,3318.459255959237,3.1807310030759517,2.834830762299758,4.930173635301954,6410.25641025641,0.0008840639297664167,173.08774999999994,0.035,0.33653846153846156,0-0-675-1,i,42d56bbf-Audio_SP23_part04,group_0,1,fave,125.53563899731706,64.92836781643287,8,siquiera,"",0.08000000000015461,ni,te,s,k,s,k,internal
288.2491618474753,2214.835909566698,3586.5101564442107,2.63588895326096,2.685078303259875,3.6659228941306616,6589.74358974359,0.0010376510911037765,192.21375000000006,0.047,0.3263888888888889,0-0-732-0,i,42d56bbf-Audio_SP23_part04,group_0,1,fave,147.56550878071926,75.43204901992539,8,y,"",0.11999999999989086,[silence],generalmente,#,#,.,x,coextensive
296.87305131069303,2124.192984762571,3429.165547527392,2.8357988996975765,2.959142343640031,4.657754045183987,8205.128205128205,0.0002653344815417192,194.60374999999993,0.027000000000000003,0.32142857142857145,0-0-740-3,i,42d56bbf-Audio_SP23_part04,group_0,1,fave,112.82136403458433,70.73476165583847,8,diría,"",0.060000000000172804,yo,[silence],R,a,R,a,internal
259.0157732355696,2280.9614099376568,3611.880846681523,3.0382863865656216,2.7929351041445365,4.025924798713812,7666.666666666666,0.00089937925883146,195.92875000000006,0.037,0.32456140350877194,0-0-744-5,i,42d56bbf-Audio_SP23_part04,group_0,1,fave,113.67442691844116,76.65305504308745,8,minoría,"",0.08999999999991815,la,que,R,a,R,a,internal
336.65284700941373,2227.139445948797,3077.2800188777246,3.2451934655277017,2.9270894635729845,4.688667759018671,8384.615384615383,0.0003493377585532782,196.76375000000002,0.027000000000000003,0.32142857142857145,0-0-752-4,i,42d56bbf-Audio_SP23_part04,group_0,1,fave,169.1272711468308,72.15700027106844,8,explicar,"",0.05999999999994543,a,",",l,k,l,k,internal
284.4612333353097,2316.4309437482957,2944.282189988706,2.3891189442630134,3.208304942222764,4.613525426219717,6051.282051282051,0.02274820643633417,198.78575,0.051000000000000004,0.3311688311688312,0-0-760-2,i,42d56bbf-Audio_SP23_part04,group_0,1,fave,101.22000134806258,62.714670188595704,8,así,"",0.13000000000010914,son,",",s,#,s,.,final
281.27193324295564,2186.1259966763346,3744.1477551431503,3.1328335908171687,3.4865959773150346,3.954230799767029,6589.74358974359,0.001141598461025865,206.10074999999995,0.041,0.3306451612903226,0-0-788-3,i,42d56bbf-Audio_SP23_part04,group_0,1,fave,200.76626023604166,74.03712427647662,8,artículo,"",0.10000000000013642,el,en,t,k,t,k,internal
395.0872938398451,1931.856636265446,3189.951007519915,3.7291177281734247,3.5406934793635028,5.188074262267992,6769.2307692307695,0.0011912822735929097,211.21375000000006,0.027000000000000003,0.32142857142857145,0-0-800-1,i,42d56bbf-Audio_SP23_part04,group_0,1,fave,115.84573099332947,78.35226713567586,8,ahí,"",0.05999999999994543,hasta,llegaste,á,#,á,L,final
311.8639979666987,2368.7778732935863,3861.270784903939,1.5874676059058337,2.878928146422834,3.2807427246305245,6589.74358974359,0.0005168998408878001,211.83874999999995,0.057,0.32758620689655177,0-0-803-0,i,42d56bbf-Audio_SP23_part04,group_0,1,fave,145.11402829537678,74.5006841092057,8,y,"",0.15000000000009095,",",[silence],#,#,.,.,coextensive
252.5834569724738,2276.9485544493405,2532.6018633931176,2.534798828108774,3.2244699901869374,4.9927968305499,7846.153846153846,0.0010878105404641737,216.77775,0.035,0.33653846153846156,0-0-825-1,i,42d56bbf-Audio_SP23_part04,group_0,1,fave,104.08017696126765,70.51531191416862,8,ni,"",0.07999999999992724,",",que,n,#,n,k,final
241.76037328216228,2321.180598017372,3494.792763924029,2.893457193959788,2.485184327184776,3.975099583804777,6589.74358974359,0.009844951727582731,218.57274999999996,0.08499999999999999,0.33464566929133854,0-0-835-0,i,42d56bbf-Audio_SP23_part04,group_0,1,fave,238.5169770808834,77.6009524215891,8,Y,"",0.2300000000000182,[silence],lo,#,#,.,l,coextensive
384.50290889748265,1984.532360320881,3306.5657450481604,3.4585787783408617,3.270081967627347,4.72156653871622,6410.25641025641,0.012822145541078273,227.97375000000005,0.047,0.3263888888888889,0-0-880-1,i,42d56bbf-Audio_SP23_part04,group_0,1,fave,181.4199636897999,74.29290611654757,8,ahí,"",0.11999999999989086,hasta,.,á,#,á,.,final
312.1024878343515,2168.0920043772285,3617.8649387906394,2.528358674208933,4.0990339550420645,4.027782457317168,6589.74358974359,0.0005381733893921773,235.48575000000002,0.031,0.32978723404255317,0-0-914-3,i,42d56bbf-Audio_SP23_part04,group_0,1,fave,307.0000731860944,81.25048995771914,8,obviamente,"",0.06999999999993634,este,no,b,a,b,a,internal
239.7642121602373,2227.837557851622,3475.2913938746497,1.939674562302414,2.490584507954902,3.734365257026498,6410.25641025641,0.010002487554422637,246.50575000000003,0.051000000000000004,0.3311688311688312,0-0-968-0,i,42d56bbf-Audio_SP23_part04,group_0,1,fave,114.73452971802996,71.14896348330898,8,y,"",0.12999999999988177,[silence],otra,#,#,.,ó,coextensive
158.7965797247198,2225.6722901471067,3345.2263788849627,2.8227160884521583,3.5692526625254697,4.275705673274382,6230.7692307692305,0.18784169809212523,247.27775000000003,0.07500000000000001,0.3348214285714286,0-0-971-2,i,42d56bbf-Audio_SP23_part04,group_0,1,fave,230.39893532119797,78.1893707006653,8,así,"",0.20000000000004547,tarea,[silence],s,#,s,.,final
346.89628533947194,2265.5982476039576,3347.9544101616,2.842918591514271,2.822617547819366,3.41587748070386,6589.74358974359,0.001643973607523204,259.14574999999985,0.051000000000000004,0.3311688311688312,0-0-981-3,i,42d56bbf-Audio_SP23_part04,group_0,1,fave,189.6810340338576,83.34543948620991,8,Muchísimas,"",0.13000000000010914,[silence],tareas,h,s,h,s,internal
336.83961204783856,2317.4460859803157,3621.836326066184,3.0345909088138834,2.964798207186591,3.2353161410548905,6769.2307692307695,0.00004176874755068641,267.1527499999999,0.025,0.33783783783783783,0-0-1016-1,i,42d56bbf-Audio_SP23_part04,group_0,1,fave,153.57148113589457,81.18379934322252,8,mi,"",0.0500000000001819,a,hijo,m,#,m,í,final
265.17403430189046,2143.5388365248245,3796.414612406281,2.176803986460891,3.8862515528307644,3.8160277580948416,6769.2307692307695,0.0016940986396499257,268.87875000000014,0.037,0.32456140350877194,0-0-1024-0,i,42d56bbf-Audio_SP23_part04,group_0,1,fave,230.73659057016906,70.74871749019158,8,y,"",0.08999999999969077,",",ha,#,#,.,a,coextensive
273.0343458335629,2308.7440322888333,3544.6488004241883,2.5776725443161315,2.494116633459493,3.7834265676470653,6948.717948717948,0.00017646462782932727,271.56375000000014,0.027000000000000003,0.32142857142857145,0-0-1039-3,i,42d56bbf-Audio_SP23_part04,group_0,1,fave,131.7411049446568,76.37959252832171,8,comienzo,"",0.05999999999994543,al,por,m,é,m,é,internal
318.6717649892211,1772.517986102523,2356.382324466337,3.3817148921195272,3.6117615485526215,3.602861018528594,6051.282051282051,0.00013476669294331794,274.6727499999999,0.025,0.33783783783783783,0-0-1052-7,i,42d56bbf-Audio_SP23_part04,group_0,1,fave,83.03108648467112,69.70701678091636,8,dieciséis,"",0.0500000000001819,mil,",",e,s,e,s,internal
257.5511348558018,2340.6973178690796,3447.404965535269,2.496196205823631,2.855669608264069,3.9989246625749755,6051.282051282051,0.0008097430091712863,275.2237499999998,0.047,0.3263888888888889,0-0-1057-1,i,42d56bbf-Audio_SP23_part04,group_0,1,fave,215.79562296803257,75.98323406120151,8,día,"",0.12000000000034561,en,no,d,á,d,á,internal
249.6835915023899,2079.3367376525,2552.5957275915607,1.9093067043395275,3.236008998525467,4.458486140443575,5512.820512820513,0.0018476846562769497,276.4007500000001,0.041,0.3306451612903226,0-0-1062-0,i,42d56bbf-Audio_SP23_part04,group_0,1,fave,245.69857630105065,64.96445466852563,8,y,"",0.09999999999990905,[silence],yo,#,#,.,y,coextensive
307.18438863800594,2322.350036227795,3685.321204737772,2.1216292346303605,3.0719011124374735,4.1246165261900405,8384.615384615383,0.0001505639844601482,277.5677500000002,0.035,0.3365384615384616,0-0-1069-1,i,42d56bbf-Audio_SP23_part04,group_0,1,fave,157.31547230973166,77.31289103720434,8,mi,"",0.07999999999992724,a,hijo,m,#,m,í,final
243.63016876315487,2267.9860821898674,3799.472852250416,2.6550676313849215,3.2736128245721816,4.466543186559624,6589.74358974359,0.0013918827775918324,284.4457499999998,0.031,0.32978723404255317,0-0-1086-1,i,42d56bbf-Audio_SP23_part04,group_0,1,fave,185.7115723615594,77.23830405618305,8,día,"",0.07000000000016371,en,no,d,á,d,á,internal
288.3798221568702,2385.6081300988653,3633.8752148891203,2.552866179487897,3.8747902317674945,4.538305181260818,5871.794871794871,0.00034353587973204915,288.2157499999998,0.031,0.32978723404255317,0-0-1102-1,i,42d56bbf-Audio_SP23_part04,group_0,1,fave,265.32130471035396,79.00560450023733,8,minar,"",0.07000000000016371,a,[silence],m,n,m,n,internal
298.02204307774457,2338.310869610722,3168.596158392721,2.8527104949690947,2.596996601043478,4.777773178979844,7487.179487179487,0.000024239332515969023,291.49275000000006,0.025,0.33783783783783783,0-0-1113-2,i,42d56bbf-Audio_SP23_part04,group_0,1,fave,177.1667073677833,75.93931394589956,8,criptomoneda,"",0.0500000000001819,de,y,R,p,R,p,internal
373.1255732086254,2048.4017653180417,3918.4830478676486,3.6457412664247637,3.4861380365102312,4.390009158019421,6948.717948717948,0.0001420774340972453,292.16375000000005,0.027000000000000003,0.32142857142857145,0-0-1114-0,i,42d56bbf-Audio_SP23_part04,group_0,1,fave,129.10785334530547,72.39753795693144,8,y,"",0.05999999999994543,criptomoneda,esas,#,#,a,é,coextensive
288.86565984645625,2544.8204144811034,3863.2492067677135,1.9545972214901095,2.9601160404858713,3.0759851410941588,6589.74358974359,0.0005663264984653066,300.4627500000001,0.045,0.3358208955223881,0-0-1145-0,i,42d56bbf-Audio_SP23_part04,group_0,1,fave,147.2391207464768,69.67630735588284,8,y,"",0.11000000000012733,[silence],al,#,#,.,a,coextensive
284.2520546369777,2263.9392995057838,3781.204050046273,2.863039430861093,3.7882474694583617,4.323434911033925,7128.205128205128,0.001639258594976831,300.77074999999996,0.041,0.3306451612903226,0-0-1147-1,i,42d56bbf-Audio_SP23_part04,group_0,1,fave,98.02161220938734,72.0309493810505,8,final,"",0.09999999999990905,al,[silence],f,n,f,n,internal
450.27792406596626,2100.337006146905,3413.8237448644954,3.2529660164862384,2.962024678177996,4.074242809381051,7846.153846153846,0.013957334036577129,302.85875000000016,0.037000000000000005,0.324561403508772,0-0-1154-0,i,42d56bbf-Audio_SP23_part04,group_0,1,fave,270.3040063269357,65.48728810913997,8,y,"",0.08999999999969077,hacerla,no,#,#,a,n,coextensive
225.12817788517265,2433.1619253951567,3301.3593120754704,3.0536609291948738,3.314072876161311,3.7604530056208167,4974.358974358975,0.03922872835310201,304.0207499999998,0.061000000000000006,0.3315217391304348,0-0-1160-0,i,42d56bbf-Audio_SP23_part04,group_0,1,fave,180.04519561855236,68.65686655153407,8,y,"",0.16000000000030923,",",hay,#,#,.,á,coextensive
263.0918700426916,2040.6761574308039,3553.8625357212413,3.0834254601202993,3.9326087147046542,4.839478570881476,7487.179487179487,0.0026260009014461953,313.39775000000014,0.035,0.33653846153846156,0-0-1197-3,i,42d56bbf-Audio_SP23_part04,group_0,1,fave,110.18559702079439,74.07336627175795,8,revisar,"",0.07999999999992724,llaman,",",b,s,b,s,internal
295.76988069286375,1886.70139947506,2496.2196786045834,2.9524035771135764,3.7989797043961167,3.516672314385734,4615.384615384615,0.00045855275971406475,319.54775000000024,0.035,0.3365384615384616,0-0-1219-5,i,42d56bbf-Audio_SP23_part04,group_0,1,fave,120.36254259178267,68.51982360578447,8,revisión,"",0.07999999999992724,a,",",s,o,s,o,internal
238.91530119613884,2386.967431628868,3498.7537473925563,2.746721668450337,2.529835325365568,3.196918879446924,6230.7692307692305,0.00002880939362672117,324.8037499999999,0.027000000000000003,0.32142857142857145,0-0-1240-0,i,42d56bbf-Audio_SP23_part04,group_0,1,fave,214.97960109929318,77.41649507202364,8,y,"",0.05999999999994543,[silence],de,#,#,.,d,coextensive
252.9633262091408,1814.2682490358318,2345.590460397083,2.9652241253183136,4.1082027861821535,3.3301325093321315,4615.384615384615,0.0014480451751017482,326.32775,0.035,0.3365384615384616,0-0-1246-5,i,42d56bbf-Audio_SP23_part04,group_0,1,fave,217.90902803747866,74.19701489926618,8,revisión,"",0.07999999999992724,mandar,",",s,o,s,o,internal
250.6477573979927,2355.65680721908,3738.191026893568,3.153204952324757,2.7371394437822096,4.062892594075136,6589.74358974359,0.00021526932185857807,327.6157500000001,0.051000000000000004,0.3311688311688312,0-0-1250-0,i,42d56bbf-Audio_SP23_part04,group_0,1,fave,242.97310778210547,77.52872786128322,8,y,"",0.1299999999996544,[silence],después,#,#,.,d,coextensive
247.71751452383313,2189.7064706015412,3411.6755359483154,3.5537373792143154,3.3040376943219902,3.770547032103518,6589.74358974359,0.0003090579979073643,329.66375000000005,0.027000000000000003,0.32142857142857145,0-0-1260-3,i,42d56bbf-Audio_SP23_part04,group_0,1,fave,254.25209128158525,78.02820434746735,8,revisiones,"",0.05999999999994543,tres,",",b,s,b,s,internal
240.62840788766454,2173.692522662091,3163.3429738801697,3.655505542253869,2.7361180800090255,4.935375805832232,7307.692307692308,0.011337319690905458,337.81575000000015,0.031,0.32978723404255317,0-0-1293-1,i,42d56bbf-Audio_SP23_part04,group_0,1,fave,175.32094891445078,78.01302825096178,8,final,"",0.06999999999970896,al,ni,f,n,f,n,internal
269.46985742764105,2138.082532187441,3311.344326562684,3.410155750925723,3.443399105592338,4.929422316195408,6769.2307692307695,0.0001698879588346129,338.1737499999998,0.027000000000000003,0.32142857142857145,0-0-1295-1,i,42d56bbf-Audio_SP23_part04,group_0,1,fave,134.78617660477198,75.40162404412104,8,siquiera,"",0.05999999999994543,ni,te,s,k,s,k,internal
276.1544459780999,2127.7514605668734,3191.208683864913,2.5848900366454797,3.5228154062845514,3.416697329033663,6410.25641025641,0.00040341449961182364,345.0927500000002,0.045,0.33582089552238803,0-0-1321-1,i,42d56bbf-Audio_SP23_part04,group_0,1,fave,129.9400315301082,77.87808152887531,8,directamente,"",0.10999999999967258,escrito,a,d,R,d,R,internal
309.0527067595025,2138.3699959952855,3305.8300198496686,2.148715787573881,3.0831113098109912,3.401590603846582,6410.25641025641,0.00009138887282823602,345.97575,0.031,0.32978723404255317,0-0-1323-1,i,42d56bbf-Audio_SP23_part04,group_0,1,fave,148.05847164131168,78.06674957519398,8,Microworkers,"",0.07000000000016371,a,",",m,k,m,k,internal
295.8042095893325,1897.505024757327,2342.8228235320275,2.963880230647424,3.941930224972232,4.077012883847831,4974.358974358975,0.0018600766402280932,352.4277499999999,0.035,0.33653846153846156,0-0-1353-1,i,42d56bbf-Audio_SP23_part04,group_0,1,fave,112.13757106357095,73.15379139278271,8,final,"",0.07999999999992724,al,es,f,n,f,n,internal
279.0909210967491,2312.148373337521,3766.0785839096975,2.267135915968243,2.335538597056658,4.046455579844228,6769.2307692307695,0.00020656352867772215,353.32775,0.035,0.3365384615384616,0-0-1358-1,i,42d56bbf-Audio_SP23_part04,group_0,1,fave,288.3890143377039,81.03709001735707,8,diez,"",0.07999999999992724,de,quince,d,é,d,é,internal
262.5847454885352,2173.7859978799884,2578.9376221642387,3.1199503649974387,3.2625388097945263,4.162676844174511,6589.74358974359,0.00021689745840687552,425.8737500000001,0.027000000000000003,0.32142857142857145,0-0-1422-1,i,42d56bbf-Audio_SP23_part04,group_0,1,fave,213.0977886825644,76.07979358808916,8,cierta,"",0.05999999999994543,de,fecha,z,é,z,é,internal
290.778163143181,2190.5904509602738,3615.4448594846576,2.3401558526842554,2.914487169472083,4.532756719729696,7666.666666666666,0.0003191976157765318,438.2527499999998,0.025,0.33783783783783783,0-0-1467-3,i,42d56bbf-Audio_SP23_part04,group_0,1,fave,143.6457488900309,79.83797447812391,8,limitado,"",0.0500000000001819,estás,en,m,t,m,t,internal
266.3853271268051,2309.152170994072,3740.951416307619,2.777244689754497,2.825385180936087,3.3236310338066044,6410.25641025641,0.009351026970222994,447.36074999999994,0.061000000000000006,0.3315217391304348,0-0-1500-0,i,42d56bbf-Audio_SP23_part04,group_0,1,fave,117.51260878821253,71.39764157265044,8,Y,"",0.15999999999985448,.,eso,#,#,.,é,coextensive
233.9691602016197,2262.5638480651846,4955.975773921773,3.531802442785661,3.6487408401790096,5.148029457326039,9461.538461538461,0.0041429902028882115,455.04575000000017,0.031,0.32978723404255317,0-0-1531-3,i,42d56bbf-Audio_SP23_part04,group_0,1,fave,102.50894351346258,68.51881529249522,8,latitudes,"",0.06999999999970896,otras,.,t,t,t,t,internal
267.7858530838917,2187.124886222207,2695.010888020614,2.8653053803728863,3.1323529236193406,4.4460538843033,6769.2307692307695,2.4212113537971006e-6,458.38274999999993,0.025,0.33783783783783783,0-0-1542-2,i,42d56bbf-Audio_SP23_part04,group_0,1,fave,124.08502384491602,78.67693420149698,8,primero,"",0.0500000000001819,[silence],de,R,m,R,m,internal
280.7920331245322,2166.559374085023,3872.4554487775854,2.925025628899543,2.887538159125983,4.312348889840704,7128.205128205128,0.00010156752018567212,459.5837500000001,0.027000000000000003,0.32142857142857145,0-0-1547-0,i,42d56bbf-Audio_SP23_part04,group_0,1,fave,126.15662267283572,76.00152918813632,8,y,"",0.05999999999994543,WhatsApp,ahora,#,#,p,a,coextensive
263.82404902017674,2388.239927054563,3802.5892715115115,3.2751140631866464,4.159970737304519,4.5069270862436355,8743.589743589742,0.014796173847216466,463.6537499999999,0.067,0.32843137254901966,0-0-1562-2,i,42d56bbf-Audio_SP23_part04,group_0,1,fave,134.26933638947412,72.45912905537446,8,países,"",0.18000000000029104,otros,[silence],á,s,á,s,internal
320.1999500087974,2271.330584648585,3585.4088361789804,2.4995452086564645,3.456889608991855,3.6441377145636267,6769.2307692307695,0.0009194470735026516,467.30075000000016,0.041,0.3306451612903226,0-0-1575-1,i,42d56bbf-Audio_SP23_part04,group_0,1,fave,153.4578797671044,77.45862768129705,8,mí,"",0.09999999999990905,a,[silence],m,#,m,.,final
207.3534758500931,2266.909774583383,3374.9671799537723,2.184070048078941,2.769945756530299,3.639419583056146,5692.3076923076915,0.10640621240855908,471.8937499999999,0.047,0.3263888888888889,0-0-1598-0,i,42d56bbf-Audio_SP23_part04,group_0,1,fave,398.99172156981376,66.81771783521201,8,Y,"",0.11999999999989086,[silence],ella,#,#,.,é,coextensive
264.43938023458776,2370.812972398683,3494.98704720817,3.243482756771642,2.8402414105758886,4.549003775826851,7487.179487179487,0.00007494352794216582,472.8037499999999,0.027000000000000003,0.32142857142857145,0-0-1603-3,i,42d56bbf-Audio_SP23_part04,group_0,1,fave,208.57518417579968,77.26187292091625,8,Arquímedes,"",0.05999999999994543,señor,esa,k,m,k,m,internal
227.33912279740392,2291.8298739585753,3626.6093446457267,3.609555633036949,4.081876063287288,4.198800430926943,6589.74358974359,0.083077657725155,476.3477499999999,0.07500000000000001,0.3348214285714286,0-0-1619-2,i,42d56bbf-Audio_SP23_part04,group_0,1,fave,196.97567944691488,76.42714694673055,8,país,"",0.20000000000027285,su,[silence],á,s,á,s,internal
287.06336999249527,2274.3729413966817,3458.6202424131316,2.2632128048017126,2.6370943678886083,4.043987655555369,6589.74358974359,0.00028729055449835153,477.67874999999987,0.037,0.32456140350877194,0-0-1623-5,i,42d56bbf-Audio_SP23_part04,group_0,1,fave,142.913645868207,72.17199791931061,8,velocidad,"",0.09000000000014552,la,del,z,d,z,d,internal
306.0638630869776,2192.202985772807,3449.1069547095085,3.2485650720136685,3.4829513688753413,4.7176244975635795,6051.282051282051,0.0000900258417124997,478.0537499999999,0.027000000000000003,0.32142857142857145,0-0-1625-0,i,42d56bbf-Audio_SP23_part04,group_0,1,fave,205.8419361828398,78.40605363122052,8,internet,"",0.05999999999994543,del,[silence],#,n,l,n,initial
301.5745704340583,2208.1468621657914,3470.2054672114537,3.1958376904080557,2.8815245564268204,3.82620523132117,6589.74358974359,0.00020638266224161085,482.27775000000025,0.035,0.33653846153846156,0-0-1642-0,i,42d56bbf-Audio_SP23_part04,group_0,1,fave,140.91796560894687,80.59514396418038,8,Y,"",0.07999999999992724,[silence],efectivamente,#,#,.,e,coextensive
292.1096990885238,2435.2305762562873,3583.75256725863,3.333519188300662,2.8054216940776215,5.025271578528091,7666.666666666666,0.001003036573220473,482.63574999999986,0.031,0.32978723404255317,0-0-1643-5,i,42d56bbf-Audio_SP23_part04,group_0,1,fave,122.07635015781624,78.24266913085772,8,efectivamente,"",0.07000000000016371,Y,",",t,b,t,b,internal
234.95936340709,2366.229806842008,3479.7692965668302,2.43971617185049,2.8528661830812347,3.644464524679269,6589.74358974359,0.0003003921437316143,484.3887499999999,0.037,0.32456140350877194,0-0-1653-0,i,42d56bbf-Audio_SP23_part04,group_0,1,fave,239.86942524750927,78.37266465106083,8,Y,"",0.09000000000014552,.,entonces,#,#,.,e,coextensive
279.2662737773319,1970.319568413445,3464.5579196690283,2.5137406494744714,3.7265871896344116,3.462414102358196,6589.74358974359,0.001255276237712039,485.39574999999985,0.051000000000000004,0.3311688311688312,0-0-1659-1,i,42d56bbf-Audio_SP23_part04,group_0,1,fave,134.90325614469901,74.26187340883604,8,mí,"",0.13000000000010914,a,sí,m,#,m,s,final
284.1082048744493,2347.318399882819,3777.27047806871,2.6663143433134477,3.2888200796805265,3.22640161547574,5333.333333333333,0.012987960832579613,487.8877500000001,0.055,0.33536585365853655,0-0-1673-0,i,42d56bbf-Audio_SP23_part04,group_0,1,fave,178.51507343523045,75.52578516636629,8,y,"",0.13999999999987267,",",hay,#,#,.,á,coextensive
287.8795779575085,2184.2446972460893,2461.763089475575,3.537512092681585,3.737724213033548,4.254990729149903,5871.794871794871,0.00639487930081197,489.12875000000014,0.037000000000000005,0.324561403508772,0-0-1678-4,i,42d56bbf-Audio_SP23_part04,group_0,1,fave,881.250822910602,64.06619992850824,8,sencillamente,"",0.08999999999969077,que,",",z,L,z,L,internal
216.04986961635842,1661.7854436049772,2218.6406969341474,3.0082732476616814,4.329062568158354,3.7820352132203814,4435.897435897436,0.0026854413813035554,491.19774999999987,0.035,0.3365384615384616,0-0-1688-1,i,42d56bbf-Audio_SP23_part04,group_0,1,fave,192.18172246511958,77.33997200528405,8,sin,"",0.08000000000038199,Y,embargo,s,n,s,n,internal
272.88767606275934,2059.832936850683,3319.280330284993,2.719772065348807,3.2309006988774307,3.228307720270829,6589.74358974359,0.0004899202712939165,495.64574999999985,0.051000000000000004,0.3311688311688312,0-0-1707-0,i,42d56bbf-Audio_SP23_part04,group_0,1,fave,194.19475532826422,77.42641841087698,8,Inclusive,"",0.13000000000010914,[silence],ahí,#,n,.,n,initial
364.9779905230674,2008.9997969181409,3416.1676099755005,2.854418202732074,2.9121835842622628,4.527148120186662,6589.74358974359,0.0004823644439009652,496.11774999999994,0.035,0.33653846153846156,0-0-1708-1,i,42d56bbf-Audio_SP23_part04,group_0,1,fave,114.6188461136947,80.94665273909865,8,ahí,"",0.07999999999992724,Inclusive,yo,á,#,á,y,final
255.0592736892554,2317.4358886085292,3614.575001051501,2.4837211190671713,3.0832355514285164,4.354928219031401,6589.74358974359,0.0010797602133120858,498.1587499999999,0.037,0.32456140350877194,0-0-1715-9,i,42d56bbf-Audio_SP23_part04,group_0,1,fave,121.12048208754778,74.41200772110167,8,elucubraciones,"",0.09000000000014552,[silence],",",z,ó,z,ó,internal
266.34574203297285,2335.642314463399,3706.5808473734296,2.195060882576708,3.9589793303053065,3.3264592303920058,5871.794871794871,0.0004936864601529426,499.6737500000001,0.047,0.3263888888888889,0-0-1720-6,i,42d56bbf-Audio_SP23_part04,group_0,1,fave,135.00559768530252,77.7453259305012,8,pensamientos,"",0.11999999999989086,",",[silence],m,é,m,é,internal
307.118763125867,2131.221000554885,3953.68354353356,3.328109456889152,3.8740474925561426,4.6624330596252905,7666.666666666666,0.0005744273786949307,504.78574999999995,0.031,0.32978723404255317,0-0-1738-1,i,42d56bbf-Audio_SP23_part04,group_0,1,fave,145.74995526928626,70.87586004542149,8,Dios,"",0.07000000000016371,digo,mío,d,ó,d,ó,internal
241.53259266237316,2425.321016093727,3631.6673388336562,2.2445000315520622,3.63977352655538,3.2918049984569646,5692.3076923076915,0.0012250643410914592,505.02875000000023,0.037,0.32456140350877194,0-0-1739-1,i,42d56bbf-Audio_SP23_part04,group_0,1,fave,226.77131089756267,75.86957555374211,8,mío,"",0.08999999999969077,Dios,",",m,ó,m,ó,internal
353.39263143572987,3105.0410838000003,3856.860270217482,3.3176120859868634,3.6796770682528717,4.9590854544715635,7128.205128205128,0.001352673279107724,507.01775000000004,0.035,0.33653846153846156,0-0-1746-0,i,42d56bbf-Audio_SP23_part04,group_0,1,fave,207.77163686921023,74.06382890576747,8,y,"",0.07999999999992724,",",por,#,#,.,p,coextensive
315.94364878452393,2218.9495339739938,2529.12236567382,3.636154146959657,3.8367750972638057,3.7933432309140924,5512.820512820513,0.007803530618540549,511.0687500000002,0.037000000000000005,0.324561403508772,0-0-1762-1,i,42d56bbf-Audio_SP23_part04,group_0,1,fave,150.2645340907931,71.02342346522634,8,quieres,"",0.08999999999969077,si,yo,k,é,k,é,internal
287.22665513429587,2424.267729866471,3679.5357702988217,2.234822670963773,3.5441466956192524,3.869634757975427,6769.2307692307695,0.0006749489756143255,511.89775000000014,0.035,0.3365384615384616,0-0-1766-1,i,42d56bbf-Audio_SP23_part04,group_0,1,fave,270.3765094064238,73.82175111832952,8,mi,"",0.07999999999992724,digo,[silence],m,#,m,.,final
294.9466121704236,2336.958007331474,4201.799114219398,3.9803484317320814,3.2936356555381594,4.67045997796007,7487.179487179487,0.0003666632303532881,512.2057500000001,0.031,0.32978723404255317,0-0-1768-1,i,42d56bbf-Audio_SP23_part04,group_0,1,fave,271.60340191731746,76.00059535608224,8,mi,"",0.07000000000016371,[silence],teoría,m,#,m,t,final
265.2513212199744,2402.615742562949,3680.309960585089,2.2227007391154086,2.7098860013424155,3.7213437677914984,6589.74358974359,0.002260552552204655,512.58875,0.057,0.32758620689655177,0-0-1769-4,i,42d56bbf-Audio_SP23_part04,group_0,1,fave,164.60406977283733,79.33128180673215,8,teoría,"",0.15000000000009095,mi,",",R,a,R,a,internal
312.29229825006803,2121.435573109664,2686.5711335244546,2.3201269647946647,3.2425877984886733,3.675340704159422,6589.74358974359,0.000286854313334435,520.35075,0.041,0.3306451612903226,0-0-1801-0,i,42d56bbf-Audio_SP23_part04,group_0,1,fave,100.75605633550045,73.3533677494484,8,y,"",0.09999999999990905,[silence],le,#,#,.,l,coextensive
238.51714220361032,2316.2154752851843,3687.5417535367224,1.884130567989954,2.658228204121679,3.6805389289297037,7128.205128205128,0.04015215407017652,521.9737499999999,0.047,0.3263888888888889,0-0-1807-0,i,42d56bbf-Audio_SP23_part04,group_0,1,fave,244.8447578784422,69.84556910275079,8,y,"",0.12000000000034561,[silence],a,#,#,.,a,coextensive
288.92754009201747,2404.3845259059763,3816.4106790351902,2.489696913759244,2.527406538159042,4.409822561139796,7128.205128205128,0.0018493855991797313,527.26375,0.067,0.32843137254901966,0-0-1835-2,i,42d56bbf-Audio_SP23_part04,group_0,1,fave,124.68171674167534,76.48178306526566,8,veía,"",0.1799999999998363,la,[silence],é,a,é,a,internal
957.1410647033148,3154.8046650556967,3732.6088015298474,3.726734904797094,3.470743514985168,3.1973326807475377,7128.205128205128,0.22588358639911565,528.7137500000001,0.047,0.3263888888888889,0-0-1840-2,i,42d56bbf-Audio_SP23_part04,group_0,1,fave,112.54231163974262,72.18913815239239,8,había,"",0.11999999999989086,no,de,b,a,b,a,internal
311.5928074788069,2238.0754684424237,3585.6451142245082,2.718100664441497,3.187479851985875,4.167965610390532,6769.2307692307695,0.0018027262190776039,531.0077500000001,0.055,0.33536585365853655,0-0-1852-1,i,42d56bbf-Audio_SP23_part04,group_0,1,fave,153.5419282972018,75.1187031922232,8,ahí,"",0.13999999999987267,[silence],puesta,á,#,á,p,final
269.85575885686956,2217.2257149291527,3162.6487357621963,2.7434677981676034,2.698608335889593,3.5100141945459384,6230.7692307692305,0.0009615536082284871,542.32875,0.037,0.32456140350877194,0-0-1905-3,i,42d56bbf-Audio_SP23_part04,group_0,1,fave,156.67221870872933,74.49899642311782,8,tedioso,"",0.09000000000014552,tan,",",d,ó,d,ó,internal
253.15075961213918,2104.406225612281,2362.357225939547,2.3894237558418734,3.5207790387115767,3.4004266740569946,6769.2307692307695,0.00023824492494099224,545.2337499999999,0.027000000000000003,0.32142857142857145,0-0-1923-0,i,42d56bbf-Audio_SP23_part04,group_0,1,fave,124.27055513028134,73.95361535287712,8,y,"",0.06000000000040018,",",además,#,#,.,a,coextensive
355.1757979794945,2533.129845999321,3611.539211943308,2.689279892430911,3.4803249540983483,3.1179473039688093,6230.7692307692305,0.00031388203914654237,548.6837499999999,0.047,0.3263888888888889,0-0-1938-1,i,42d56bbf-Audio_SP23_part04,group_0,1,fave,196.305168056803,76.1100288781944,8,diez,"",0.12000000000034561,vale,",",d,é,d,é,internal
273.7918616994338,2290.3363164838115,2636.789229883658,2.969364069700799,3.0170067284230604,4.0070025355532515,5871.794871794871,0.00004210661687776117,549.6327499999999,0.025,0.33783783783783783,0-0-1942-1,i,42d56bbf-Audio_SP23_part04,group_0,1,fave,222.67399129589094,78.17468441113625,8,diez,"",0.0500000000001819,vale,[silence],d,é,d,é,internal
298.249329228253,2418.499500142206,3871.1798944094976,1.9160922315589335,2.5927609231438806,3.293843235467109,6769.2307692307695,0.000017550585444591565,556.90375,0.027000000000000003,0.32142857142857145,0-0-1968-7,i,42d56bbf-Audio_SP23_part04,group_0,1,fave,298.43816640080166,81.00176074934497,8,conocimiento,"",0.05999999999994543,mucho,y,m,é,m,é,internal
280.26311252781744,2061.21697379955,2439.0991478514898,2.604081807228546,3.8606960874832064,3.659381903068535,5153.846153846154,0.0016031464459165202,557.2287500000001,0.037000000000000005,0.324561403508772,0-0-1969-0,i,42d56bbf-Audio_SP23_part04,group_0,1,fave,109.60487107209588,68.8720513646791,8,y,"",0.09000000000014552,conocimiento,se,#,#,o,s,coextensive
377.07947726296595,2268.281637832742,3341.758756250792,2.939801246952984,2.5124022819003766,4.976914881995779,6589.74358974359,0.012836438212075255,562.05375,0.027000000000000003,0.32142857142857145,0-0-1991-0,i,42d56bbf-Audio_SP23_part04,group_0,1,fave,265.79357807491436,69.29527951327506,8,y,"",0.05999999999994543,[silence],entonces,#,#,.,e,coextensive
428.38447858213783,1455.27659015929,3667.251836487166,3.304315164072685,4.593860688036821,3.4996581604734716,6589.74358974359,0.00023177075547758624,564.65375,0.027000000000000003,0.32142857142857145,0-0-2010-2,i,42d56bbf-Audio_SP23_part04,group_0,1,fave,192.05920249874595,76.13606516766745,8,habían,"",0.05999999999994543,pero,unas,b,a,b,a,internal
319.8185766572812,2317.2942189630794,3743.2424607911967,2.938776968831034,3.0401819870761475,3.713477671557589,8025.641025641025,0.000033985029491599064,566.9837499999999,0.027000000000000003,0.32142857142857145,0-0-2017-3,i,42d56bbf-Audio_SP23_part04,group_0,1,fave,153.96865257584406,79.09291997596014,8,rápidamente,"",0.06000000000040018,explico,la,p,d,p,d,internal
249.39412062285768,2136.9756468162896,4220.754832208104,2.770271461620376,3.1672228810036507,4.113492447617904,6410.25641025641,0.00013915746024682513,568.20775,0.035,0.33653846153846156,0-0-2021-3,i,42d56bbf-Audio_SP23_part04,group_0,1,fave,193.29451351517864,76.54093189339278,8,decía,"",0.07999999999992724,te,haz,z,a,z,a,internal
279.9037312172197,2311.7103981256773,3056.517596150031,3.147615307751175,2.9434664476620194,4.8048868007786165,6948.717948717948,0.00009874640733446556,572.4627499999998,0.025,0.33783783783783783,0-0-2044-4,i,42d56bbf-Audio_SP23_part04,group_0,1,fave,248.60666976166556,75.2775398928424,8,terminaba,"",0.0500000000001819,y,[silence],m,n,m,n,internal
324.3599915158697,2190.772193420799,3494.804772605479,2.2942682764422,2.6642205673842447,4.381165611116034,6051.282051282051,0.002281662915078176,573.3027500000002,0.045,0.33582089552238803,0-0-2046-0,i,42d56bbf-Audio_SP23_part04,group_0,1,fave,152.88679588194339,78.89897243959345,8,y,"",0.10999999999967258,[silence],le,#,#,.,l,coextensive
275.4252265885429,2032.986902923251,3563.2923138863443,2.8611924204348678,3.054457007513905,3.793094069362148,6589.74358974359,0.0001080758736366251,573.78575,0.031,0.32978723404255317,0-0-2049-1,i,42d56bbf-Audio_SP23_part04,group_0,1,fave,256.5160595230917,80.86112927829923,8,finalizar,"",0.07000000000016371,dabas,y,f,n,f,n,internal
267.3476613111729,1572.0768408695494,2202.5032359764264,3.2707817830064783,3.8679790484367453,3.1407477956313743,4435.897435897436,0.00046747054764408735,573.9757500000001,0.031,0.32978723404255317,0-0-2049-5,i,42d56bbf-Audio_SP23_part04,group_0,1,fave,187.42803524185888,77.86729985848203,8,finalizar,"",0.07000000000016371,dabas,y,l,z,l,z,internal
296.99086919588086,2284.7700237362274,3845.681535156495,3.483637760313137,2.8324034770050863,3.995552775685038,6948.717948717948,0.0017616852028551483,574.63875,0.037000000000000005,0.324561403508772,0-0-2052-2,i,42d56bbf-Audio_SP23_part04,group_0,1,fave,235.84861578775647,77.01017479892994,8,veías,"",0.09000000000014552,no,que,é,a,é,a,internal
294.8046970678555,2281.005650907785,3593.572066411271,2.316830111943533,3.0373744367787854,4.4665383261143905,6589.74358974359,0.002862852869690742,575.8587500000002,0.037,0.32456140350877194,0-0-2057-0,i,42d56bbf-Audio_SP23_part04,group_0,1,fave,207.16474660154813,64.01789647889049,8,y,"",0.08999999999969077,",",no,#,#,.,n,coextensive
383.3340496092981,2203.002020684617,3724.396487096479,2.6681280327291974,3.1985827914948994,3.0608614428219005,6589.74358974359,8.711145715946913e-6,576.22275,0.025,0.33783783783783783,0-0-2059-2,i,42d56bbf-Audio_SP23_part04,group_0,1,fave,219.33054522725467,75.13037517746822,8,veías,"",0.0500000000001819,no,que,é,a,é,a,internal
467.42664484235496,2322.5956324542253,3849.9827141410874,3.4512391174042123,3.17950295260574,4.371202099159048,6948.717948717948,0.009428077245959836,577.34575,0.031,0.32978723404255317,0-0-2064-0,i,42d56bbf-Audio_SP23_part04,group_0,1,fave,-124.60582455855625,66.14227926551476,8,y,"",0.07000000000016371,",",entonces,#,#,.,e,coextensive
316.93958822352624,1998.3540252810865,3313.4685849523116,3.124406245257022,2.7776139064462777,2.789059826069775,6410.25641025641,0.000021899276923912558,578.6457500000001,0.031,0.32978723404255317,0-0-2071-0,i,42d56bbf-Audio_SP23_part04,group_0,1,fave,185.96033331350705,77.52320106765336,8,y,"",0.06999999999970896,",",empecé,#,#,.,e,coextensive
335.27384317983535,2272.090942834669,3276.6050405826054,3.3870681960665125,4.084693116252744,3.8455192829393994,6769.2307692307695,0.0006525587730709107,585.9877499999998,0.035,0.3365384615384616,0-0-2100-3,i,42d56bbf-Audio_SP23_part04,group_0,1,fave,174.33609527151333,73.91767337764168,8,Modificar,"",0.08000000000038199,[silence],una,d,f,d,f,internal
354.9205243926142,2317.2467303672424,3670.6127575374812,2.8885840151378153,3.4806611015244386,4.3423369040955,6589.74358974359,0.0022981061123470157,586.1527500000001,0.045,0.3358208955223881,0-0-2100-5,i,42d56bbf-Audio_SP23_part04,group_0,1,fave,200.64049160176097,77.12739831080064,8,Modificar,"",0.10999999999967258,[silence],una,f,k,f,k,internal
282.9201937011816,2132.3083578408596,3377.050417452983,3.6241067412432524,3.9980465836496677,4.541991894688096,6769.2307692307695,0.00046075720630991035,587.0037499999999,0.027000000000000003,0.32142857142857145,0-0-2102-7,i,42d56bbf-Audio_SP23_part04,group_0,1,fave,282.5160963770203,78.07679869128144,8,instrucción,"",0.06000000000040018,una,[silence],z,o,z,o,internal
323.8231463684949,2005.9041548272774,3553.435707806901,3.5265426062136798,3.116194355786845,3.9604863669100627,6589.74358974359,0.0005084789375197423,589.0287500000003,0.037,0.32456140350877194,0-0-2106-3,i,42d56bbf-Audio_SP23_part04,group_0,1,fave,190.43413614658462,79.87758881627246,8,modificabas,"",0.08999999999969077,justamente,una,d,f,d,f,internal
287.36408687167545,2251.3683093176564,3779.1751222186886,3.09224135927383,3.786011506541834,4.460202070834998,7128.205128205128,0.002198212044232818,589.2107500000001,0.041,0.3306451612903226,0-0-2106-5,i,42d56bbf-Audio_SP23_part04,group_0,1,fave,182.14503009087872,72.93094412575849,8,modificabas,"",0.09999999999990905,justamente,una,f,k,f,k,internal
268.75091525224724,2143.5259006381584,3653.8037959079134,2.652327425074645,2.404766067295833,3.9614281336553927,6410.25641025641,0.001602919052676094,590.53275,0.025,0.33783783783783783,0-0-2110-3,i,42d56bbf-Audio_SP23_part04,group_0,1,fave,183.20708866955465,78.21690805011988,8,decía,"",0.0500000000001819,que,[pron=pi],z,a,z,a,internal
390.8780086355241,2375.866437069794,3885.410127293461,3.0853692904281833,2.9290187422201854,3.4969580532165674,7666.666666666666,0.16236498242810307,593.6587499999999,0.037,0.32456140350877194,0-0-2122-0,i,42d56bbf-Audio_SP23_part04,group_0,1,fave,150.20936902496354,61.86415013764578,8,y,"",0.09000000000014552,[silence],le,#,#,.,l,coextensive
304.43993421091284,2122.723044990416,3685.2127049708083,2.549285643637505,3.3494562474429794,4.283683175815737,7128.205128205128,0.0014783808439495917,595.02075,0.041,0.3306451612903226,0-0-2127-0,i,42d56bbf-Audio_SP23_part04,group_0,1,fave,243.81764027778922,66.5937735914612,8,y,"",0.09999999999990905,",",cuando,#,#,.,k,coextensive
297.3942910623556,2216.8603861915526,3446.8304781607376,2.7194902290112366,2.770989604136162,4.728068321153413,6769.2307692307695,0.0002137920897557859,596.4787500000001,0.037,0.32456140350877194,0-0-2133-6,i,42d56bbf-Audio_SP23_part04,group_0,1,fave,158.85189093073288,72.13585074002144,8,aparecía,"",0.09000000000014552,te,el,z,a,z,a,internal
190.19435987291146,1853.9697691123006,2383.647321155078,3.318552011468433,3.753217505753909,4.6003144936824025,4615.384615384615,0.004107744707383745,597.4627499999998,0.025,0.33783783783783783,0-0-2136-5,i,42d56bbf-Audio_SP23_part04,group_0,1,fave,221.5655314125032,69.77614524843833,8,espacio,"",0.0500000000001819,el,donde,z,o,z,o,internal
406.0385406211188,1922.56745702236,2324.0300822856943,3.0272480169171625,3.677931408205871,4.360213837293024,6410.25641025641,0.004925629094705271,3.0957499999999363,0.051000000000000004,0.3311688311688312,0-0-3-5,e,42d56bbf-Audio_SP23_part04,group_0,1,fave,104.82027506145792,66.70489149835186,8,Fíjate,"",0.13000000000010914,.,",",t,#,t,®,final
446.6242916962037,1928.5155112603986,2929.8768168556217,3.487095783618341,3.4641278387500156,4.714383057909758,6948.717948717948,0.0016905598350692435,3.9077500000001,0.035,0.3365384615384616,0-0-8-1,e,42d56bbf-Audio_SP23_part04,group_0,1,fave,145.74064463605845,76.93240032121642,8,pesar,"",0.07999999999992724,A,de,p,s,p,s,internal
522.5913584762436,2074.2363502450794,4256.012538613598,3.7122972343809093,3.6929586503688547,4.299131284443937,7846.153846153846,0.0012784090234829388,4.187750000000072,0.035,0.33653846153846156,0-0-9-1,e,42d56bbf-Audio_SP23_part04,group_0,1,fave,244.15253078030082,70.59173551722175,8,de,"",0.07999999999992724,pesar,todo,d,#,d,t,final
367.9257693904136,1774.154599696351,3786.2685473045863,2.880589722724232,3.0644302943411796,4.865971450125469,6948.717948717948,0.00018177210081658842,4.632749999999891,0.025,0.33783783783783783,0-0-13-1,e,42d56bbf-Audio_SP23_part04,group_0,1,fave,154.3364648254909,73.52156590525799,8,le,"",0.0500000000001819,que,estoy,l,#,l,s,final
411.3528686565513,1892.6435941885386,2734.166760876464,2.843028611640959,3.616929961505308,4.507755796499643,6948.717948717948,0.00022609577866569374,5.91775000000009,0.035,0.3365384615384616,0-0-18-1,e,42d56bbf-Audio_SP23_part04,group_0,1,fave,174.9998044455994,79.09803915204307,8,te,"",0.07999999999992724,tú,lees,t,#,t,l,final
370.86517349612495,2183.692227339332,2412.746042912197,2.9173577290165444,3.6039098592248133,4.37157074936246,6230.7692307692305,0.004213490667795545,6.122749999999918,0.065,0.33505154639175255,0-0-19-2,e,42d56bbf-Audio_SP23_part04,group_0,1,fave,168.61853480548368,74.29293661631452,8,lees,"",0.17000000000007276,te,las,é,s,é,s,internal
382.66323985809527,2074.929338252533,3367.782231207382,2.683778312066732,3.5502163486193132,4.098745810095194,6589.74358974359,4.544426088048874e-6,8.102749999999917,0.025,0.33783783783783783,0-0-23-8,e,42d56bbf-Audio_SP23_part04,group_0,1,fave,196.21797740035507,75.71032769105211,8,Microworkes,"",0.0500000000001819,de,[silence],k,s,k,s,internal
486.1532921235989,1973.7943457040897,3392.7690873948814,2.9966423986397577,3.7774119397547636,4.870650763071952,7487.179487179487,0.0009528537075468099,10.27374999999999,0.027000000000000003,0.32142857142857145,0-0-31-2,e,42d56bbf-Audio_SP23_part04,group_0,1,fave,147.62279931622717,78.93404313542547,8,apegado,"",0.05999999999994543,muy,a,p,g,p,g,internal
363.81387155260546,1932.9062230707955,2422.665695007286,2.830312009741038,3.196957234024902,3.506548449438896,5333.333333333333,0.0001171593129691553,12.26375,0.027000000000000003,0.32142857142857145,0-0-37-4,e,42d56bbf-Audio_SP23_part04,group_0,1,fave,-14.162243960791184,69.7225577347382,8,Porque,"",0.05999999999994543,[silence],vengo,k,#,k,b,final
366.7009871201775,2090.7362733929663,2469.444817787555,3.401266127468196,3.7149083155077123,3.7825749710665213,5333.333333333333,0.0006057879393739403,14.803749999999964,0.027000000000000003,0.32142857142857145,0-0-47-4,e,42d56bbf-Audio_SP23_part04,group_0,1,fave,105.7709515672948,72.29053133678062,8,evidentemente,"",0.05999999999994543,que,se,d,n,d,n,internal
378.7100005711312,2055.2581300925926,3084.860196121688,2.8995181490836033,3.541166073606893,5.038644566577961,7307.692307692308,0.000423558422881276,15.255750000000008,0.031,0.32978723404255317,0-0-47-12,e,42d56bbf-Audio_SP23_part04,group_0,1,fave,147.89218879581412,76.69038467949453,8,evidentemente,"",0.06999999999993634,que,se,t,#,t,s,final
355.09441062634255,1834.6311125395484,2645.8499848734054,3.1614846078629086,3.4024325165524663,4.155417980739057,5333.333333333333,0.005032063991797391,15.377749999999901,0.035,0.3365384615384616,0-0-48-1,e,42d56bbf-Audio_SP23_part04,group_0,1,fave,142.89684359205316,67.24908223032037,8,se,"",0.08000000000015461,evidentemente,tiene,s,#,s,t,final
338.09969055936693,2176.102833521539,3825.2481163012526,3.421144092955743,2.859352990094024,5.234645463860209,7846.153846153846,0.0013303088127663508,15.63574999999989,0.031,0.32978723404255317,0-0-49-4,e,42d56bbf-Audio_SP23_part04,group_0,1,fave,105.62996621658696,68.14688131439274,8,tiene,"",0.07000000000016371,se,que,n,#,n,k,final
251.71201859505365,1737.3239065958653,3544.879789431313,4.11136050174393,3.7452540715215115,4.910582453504311,8564.102564102563,0.0026494948333714947,15.968750000000044,0.037000000000000005,0.324561403508772,0-0-51-3,e,42d56bbf-Audio_SP23_part04,group_0,1,fave,120.62548817286242,76.79003320695084,8,manejar,"",0.08999999999991815,que,con,n,x,n,x,internal
328.78270394133466,1833.7909634206053,2482.3658510168166,2.6905928308440314,3.489328507835407,3.7094279956654814,6410.25641025641,0.00013455390822486135,18.263749999999998,0.027000000000000003,0.32142857142857145,0-0-57-10,e,42d56bbf-Audio_SP23_part04,group_0,1,fave,162.89706414230585,75.11441748083068,8,simplemente,"",0.05999999999994543,sino,puedes,t,#,t,p,final
334.4545919778898,2002.816509457296,2556.3125885166633,2.918251002428859,3.2928794297691995,3.438135919333211,6948.717948717948,0.0004558349180273269,24.697750000000063,0.035,0.3365384615384616,0-0-82-3,e,42d56bbf-Audio_SP23_part04,group_0,1,fave,141.14486046189649,75.92469655109046,8,este,"",0.07999999999992724,[silence],que,t,#,t,k,final
424.3785123125817,1933.4571672739337,2630.9270607149447,2.983176956225461,3.783023170786611,4.302126202042076,6769.2307692307695,0.0005473325024302013,28.557749999999963,0.035,0.3365384615384616,0-0-99-4,e,42d56bbf-Audio_SP23_part04,group_0,1,fave,126.01957149023856,73.02148195607724,8,porque,"",0.07999999999992724,empleadores,por,k,#,k,p,final
360.4016339783964,1957.7592846695823,2479.36642341257,2.762916018514714,3.531710875511034,3.8800954463986868,6769.2307692307695,0.000012897558173673472,31.703750000000053,0.027000000000000003,0.32142857142857145,0-0-110-3,e,42d56bbf-Audio_SP23_part04,group_0,1,fave,134.7959311442203,75.97917237124337,8,este,"",0.05999999999994543,[silence],como,t,#,t,k,final
449.76407299185365,1886.4862627678997,3757.6791254498116,3.146236358639286,3.868173367966948,4.204436190211131,6948.717948717948,0.00013319466134829422,40.81574999999996,0.031,0.32978723404255317,0-0-146-3,e,42d56bbf-Audio_SP23_part04,group_0,1,fave,172.19496519537972,78.47664078063391,8,vale,"",0.06999999999993634,que,veinte,l,#,l,b,final
316.5598049724821,2289.608592947622,3919.2210637683716,3.43201636974078,3.3712092417515684,4.636415602287112,7666.666666666666,0.013235372271576906,42.33374999999994,0.027000000000000003,0.32142857142857145,0-0-151-1,e,42d56bbf-Audio_SP23_part04,group_0,1,fave,131.59043185248257,68.88748720705634,8,centavos,"",0.060000000000172804,veinticinco,que,z,n,z,n,internal
411.9859180053084,2080.327816573932,4073.784747071629,2.496650572265517,3.599623135027056,4.250276703039368,6769.2307692307695,0.0007351002916455791,46.70275000000006,0.045,0.33582089552238803,0-0-169-3,e,42d56bbf-Audio_SP23_part04,group_0,1,fave,205.06268697434663,76.70203373897945,8,dicen,"",0.10999999999989996,tarea,textualmente,z,n,z,n,internal
393.66183485241856,2004.2220874036916,2388.712966031455,2.5559989966183383,3.438068491298355,3.516199319978538,6051.282051282051,0.0012916797690232763,47.01375000000001,0.047,0.3263888888888889,0-0-170-1,e,42d56bbf-Audio_SP23_part04,group_0,1,fave,124.27941598349575,69.87030164604838,8,textualmente,"",0.11999999999989086,dicen,vaya,t,s,t,s,internal
344.0433356881895,2229.858562954352,3862.2687743834517,3.345495727700377,3.389819145162186,4.123294887004145,8205.128205128205,0.0032577033358114045,47.655750000000104,0.051000000000000004,0.3311688311688312,0-0-170-11,e,42d56bbf-Audio_SP23_part04,group_0,1,fave,142.69807738340026,70.12558335348068,8,textualmente,"",0.12999999999988177,dicen,vaya,t,#,t,b,final
417.14676466953597,2011.8313950323247,3746.0637329087012,2.0722945042578917,2.824622351872734,3.2478549308324802,6948.717948717948,6.466777198072086e-6,48.703750000000056,0.027000000000000003,0.32142857142857145,0-0-175-1,e,42d56bbf-Audio_SP23_part04,group_0,1,fave,209.30646319932163,80.73759668813271,8,de,"",0.05999999999994543,post,Instagram,d,#,d,i,final
364.50488269858397,1884.1337978920549,3704.564965381808,2.528306255587119,3.5579233206085465,3.4375818026153016,6948.717948717948,0.0000612923501390125,51.28374999999998,0.027000000000000003,0.32142857142857145,0-0-186-1,e,42d56bbf-Audio_SP23_part04,group_0,1,fave,179.2500508739456,77.96240416350062,8,de,"",0.05999999999994543,acuerdo,qué,d,#,d,k,final
445.7140309981675,2000.3454222700034,3898.5633293902365,2.863361270710091,3.509601499247056,3.3041130157760445,6948.717948717948,0.00005733737315765637,52.793749999999974,0.027000000000000003,0.32142857142857145,0-0-192-5,e,42d56bbf-Audio_SP23_part04,group_0,1,fave,199.16032155601937,79.5528858489358,8,dígale,"",0.05999999999994543,y,y,l,#,l,i,final
421.6044614286398,2170.7755648438524,4207.427728903855,3.8364158179968424,3.5057607325202707,4.8613453256064405,7666.666666666666,0.002543300717620766,53.077749999999945,0.035,0.3365384615384616,0-0-195-0,e,42d56bbf-Audio_SP23_part04,group_0,1,fave,154.7240694579386,69.64995740460598,8,escrito,"",0.08000000000015461,está,el,#,s,a,s,initial
406.88132394013167,2119.8640390875553,3214.0343628719,3.9506617307537026,3.169248280374119,4.532713671026934,6948.717948717948,0.007422132304789696,55.6337499999999,0.047,0.3263888888888889,0-0-205-5,e,42d56bbf-Audio_SP23_part04,group_0,1,fave,203.75732775349132,79.47024285622327,8,complain,"",0.12000000000011823,un,por,l,n,l,n,internal
479.8849980775668,1782.1914281379627,2534.5599541879365,2.7758068580852133,3.176028398603977,4.930818904370633,7128.205128205128,0.00009913442186922563,60.54574999999998,0.031,0.32978723404255317,0-0-239-5,e,42d56bbf-Audio_SP23_part04,group_0,1,fave,159.71244772311638,80.60785594100837,8,complain,"",0.06999999999993634,un,a,l,n,l,n,internal
371.9576193681883,1840.851985506538,2490.183360752217,2.901564546137218,3.6674159162529225,3.9610032875361383,5153.846153846154,0.027200713285515127,61.73275000000003,0.045,0.3358208955223881,0-0-244-1,e,42d56bbf-Audio_SP23_part04,group_0,1,fave,127.25066333883765,74.60806441219778,8,se,"",0.10999999999989996,[silence],ve,s,#,s,b,final
421.3925485328144,1892.6487958827631,3794.5359587671205,3.2900781293107397,3.2488074014555335,4.884050141418475,7846.153846153846,0.00018365214568611256,62.34274999999993,0.025,0.33783783783783783,0-0-248-3,e,42d56bbf-Audio_SP23_part04,group_0,1,fave,175.13312367528857,80.3072495530302,8,pareciera,"",0.0500000000001819,el,que,R,z,R,z,internal
587.6606748900496,1447.5731834398578,2497.9918365548156,3.135955373087153,3.6392003577499104,4.054922098174573,5871.794871794871,0.00035702377456933807,64.05874999999996,0.037000000000000005,0.324561403508772,0-0-255-4,e,42d56bbf-Audio_SP23_part04,group_0,1,fave,177.70088861185096,79.28207109353004,8,alguien,"",0.09000000000014552,a,que,i,n,i,n,internal
362.8030328727382,1983.8675613770683,3650.281157442309,2.3511939294843343,3.6861703023882595,3.795249009838991,7307.692307692308,0.0010671544702270071,67.24275000000003,0.045,0.33582089552238803,0-0-270-1,e,42d56bbf-Audio_SP23_part04,group_0,1,fave,179.33000295651053,74.87994417554616,8,de,"",0.10999999999989996,estatutos,Microworkers,d,#,d,m,final
469.63536361576257,1917.660190657039,2480.551388528731,3.1803145836472533,3.6661245503298083,4.056160512568581,6230.7692307692305,0.005398462040802213,75.58074999999995,0.061000000000000006,0.3315217391304348,0-0-317-0,e,42d56bbf-Audio_SP23_part04,group_0,1,fave,181.97154093156502,76.99302823153455,8,Entonces,"",0.16000000000008185,?,ese,#,n,.,n,initial
354.3906140254412,1869.2062235867345,2844.5295397897585,2.803649715545118,3.9976463339778476,4.047312581609086,5871.794871794871,0.00007907767261653163,75.96375000000005,0.027000000000000003,0.32142857142857145,0-0-317-6,e,42d56bbf-Audio_SP23_part04,group_0,1,fave,147.14685934535075,79.63541027781532,8,Entonces,"",0.05999999999994543,?,ese,z,s,z,s,internal
247.75743918403384,2134.30660397581,3388.1485843164514,3.339624145575004,3.469395935589683,5.000769766569313,7128.205128205128,0.0001111003597956034,76.88274999999989,0.025,0.33783783783783783,0-0-322-2,e,42d56bbf-Audio_SP23_part04,group_0,1,fave,217.77898272615704,76.75536070230712,8,ese,"",0.0500000000001819,hay,tipo,s,#,s,t,final
359.79982611933735,1645.6545664226887,3621.3102033607197,3.119611758248373,3.5683406089910052,4.0485529551674855,7307.692307692308,0.0005381850157385013,77.24575000000002,0.031,0.32978723404255317,0-0-324-1,e,42d56bbf-Audio_SP23_part04,group_0,1,fave,165.45597548409853,77.06311137021751,8,de,"",0.06999999999993634,tipo,cosas,d,#,d,k,final
365.98546258972317,1758.956364194648,2751.753356774484,2.8889778804885298,4.32145069396908,4.053068449351129,5333.333333333333,0.0006938304087530561,80.38274999999989,0.025,0.33783783783783783,0-0-339-4,e,42d56bbf-Audio_SP23_part04,group_0,1,fave,250.3807699087476,74.78376048886707,8,ponte,"",0.0500000000001819,",",por,t,#,t,p,final
392.9951308727556,2336.1331764562997,4133.238096413126,3.6788283032055427,3.5476664552820765,4.703269273051365,8923.076923076922,0.00045682879514005335,81.52774999999998,0.035,0.33653846153846156,0-0-344-3,e,42d56bbf-Audio_SP23_part04,group_0,1,fave,175.6887340295268,76.12689654779678,8,metes,"",0.07999999999992724,te,un,t,s,t,s,internal
457.8520188566381,1946.3516074065885,2241.162369474004,3.253222245913089,3.2396322985789068,3.8840007535561707,6769.2307692307695,0.00028806526750146076,82.63274999999989,0.025,0.33783783783783783,0-0-348-8,e,42d56bbf-Audio_SP23_part04,group_0,1,fave,127.05056772897768,57.56385157300425,8,Microworkes,"",0.0500000000001819,a,.,k,s,k,s,internal
500.95965811719117,2152.5190691928833,3848.541118158342,3.6085494507237503,3.339861695496926,4.312554079557742,8564.102564102563,0.0020264425467322053,85.6357499999999,0.051000000000000004,0.3311688311688311,0-0-360-4,e,42d56bbf-Audio_SP23_part04,group_0,1,fave,135.06261529554754,81.07762553862186,8,statements,"",0.13000000000010914,los,de,t,m,t,m,internal
344.9958523969467,2153.394316439133,2632.57410375782,3.299602741908759,3.153774822993456,4.439016978329262,6948.717948717948,0.00009008525401014148,93.71375000000005,0.027000000000000003,0.32142857142857145,0-0-390-4,e,42d56bbf-Audio_SP23_part04,group_0,1,fave,138.4791213001125,73.28074777545261,8,porque,"",0.05999999999994543,uno,[silence],k,#,k,.,final
296.8709310070711,1981.0363446099598,4375.167769392676,3.4307815915136217,3.442124841206825,4.367061741372438,8564.102564102563,0.0000727589748786373,95.6237499999999,0.027000000000000003,0.32142857142857145,0-0-400-4,e,42d56bbf-Audio_SP23_part04,group_0,1,fave,220.13268328523017,76.1786607361842,8,tiene,"",0.060000000000172804,todavía,tiempo,n,#,n,t,final
579.3117469852108,2301.2539157586957,4070.3887428300472,4.005150650617331,3.5487383186780677,3.9390416681637093,8743.589743589742,0.00034936604214325535,98.86374999999991,0.027000000000000003,0.32142857142857145,0-0-415-0,e,42d56bbf-Audio_SP23_part04,group_0,1,fave,139.39636744223907,79.96107036733133,8,existe,"",0.060000000000172804,No,alguien,#,s,ó,s,initial
356.53898574361585,2072.6168191750153,3726.4310236763663,2.5725099899713597,3.487114375290161,3.593413557254016,6948.717948717948,0.00003494285812703525,101.02374999999999,0.027000000000000003,0.32142857142857145,0-0-422-5,e,42d56bbf-Audio_SP23_part04,group_0,1,fave,173.68112102727304,83.11703065995465,8,existen,"",0.05999999999994543,sí,no,t,n,t,n,internal
408.60916765291125,2091.2100071624236,3834.684516569538,2.312808790239847,3.542498488521116,4.324676222020139,7666.666666666666,0.000056943128816212675,102.45775000000005,0.035,0.3365384615384616,0-0-429-1,e,42d56bbf-Audio_SP23_part04,group_0,1,fave,133.0857238289823,81.85866969004822,8,deberían,"",0.07999999999992724,que,sacar,d,b,d,b,internal
421.4601452449553,1855.7175811795619,2515.932227626071,2.822610219087377,3.394791054555028,3.2308770335221637,6051.282051282051,0.000034846886152521653,104.59574999999992,0.031,0.32978723404255317,0-0-437-1,e,42d56bbf-Audio_SP23_part04,group_0,1,fave,146.9281365129003,79.80671036275265,8,reclamarle,"",0.07000000000016371,y,al,r,k,r,k,internal
382.2883333141497,1699.8774167028512,3415.058722037574,3.697285029424215,3.264972566647212,3.904317332380051,7487.179487179487,0.00809840478273578,107.76575000000003,0.091,0.3321167883211679,0-0-452-1,e,42d56bbf-Audio_SP23_part04,group_0,1,fave,108.02269768880426,72.791764808285,8,Me,"",0.25,[silence],explico,m,#,m,e,final
365.0311096993804,2249.7364492400025,3312.7211749147314,3.900630384375383,3.508506100248456,4.722462926294281,8025.641025641025,0.0035615216283214797,107.99575000000003,0.051000000000000004,0.3311688311688312,0-0-453-0,e,42d56bbf-Audio_SP23_part04,group_0,1,fave,135.02881167598173,77.02175025627844,8,explico,"",0.12999999999988177,Me,.,#,s,e,s,initial
501.28584990325805,1989.0226485408677,2996.509745925809,3.6541423544268614,2.927135429609714,4.767108558281695,6948.717948717948,0.00008473964571579175,118.75375000000001,0.027000000000000003,0.32142857142857145,0-0-458-4,e,42d56bbf-Audio_SP23_part04,group_0,1,fave,154.58229455690193,79.57287848779846,8,porque,"",0.05999999999994543,Claro,hay,k,#,k,á,final
428.29089482997756,1852.048425589255,2560.009693084268,3.3044689335652335,3.3211888028026917,4.938204991821217,6589.74358974359,0.008433611471299514,119.69875000000006,0.037,0.32456140350877194,0-0-462-5,e,42d56bbf-Audio_SP23_part04,group_0,1,fave,167.72240730677856,72.47270764177567,8,fíjate,"",0.08999999999991815,tareas,[silence],t,#,t,®,final
379.8128351136601,2076.5195774860204,3350.6773437772626,4.074713079961385,3.3935806375130118,4.3208453824118545,7666.666666666666,0.007826416392089685,125.28275,0.045,0.33582089552238803,0-0-479-3,e,42d56bbf-Audio_SP23_part04,group_0,1,fave,180.0302365915885,78.44310753426684,8,Este,"",0.10999999999989996,.,",",t,#,t,.,final
321.39912504335587,2054.327591572782,2534.4663855318695,3.050785223054861,3.806383148321019,4.905752683852195,7128.205128205128,0.00014763250300718443,125.92375000000008,0.027000000000000003,0.32142857142857145,0-0-484-4,e,42d56bbf-Audio_SP23_part04,group_0,1,fave,152.54277251797305,79.8602725374996,8,tiene,"",0.05999999999994543,que,que,n,#,n,k,final
245.59911632820672,1630.7375224246143,2430.246123151534,3.5649304605130587,3.726871586346127,3.0566112141136315,6230.7692307692305,0.00020564430409759945,126.83374999999994,0.027000000000000003,0.32142857142857145,0-0-490-1,e,42d56bbf-Audio_SP23_part04,group_0,1,fave,110.73327430235167,68.2744264106489,8,benditas,"",0.060000000000172804,las,sanciones,b,n,b,n,internal
354.5592969218088,2046.9237812516105,3733.4050041272094,3.0960037408507715,3.3066040214212107,4.036986371886026,7128.205128205128,0.00014105349500134477,132.24575000000002,0.031,0.32978723404255317,0-0-515-1,e,42d56bbf-Audio_SP23_part04,group_0,1,fave,151.60391291866077,78.79601955110542,8,centavos,"",0.06999999999993634,dos,.,z,n,z,n,internal
352.2815109873269,1855.5151403498012,3674.6722836804856,3.584885238940267,3.877116418768395,4.625146240716604,6948.717948717948,0.00022771181573734816,134.20575000000005,0.031,0.32978723404255317,0-0-523-1,e,42d56bbf-Audio_SP23_part04,group_0,1,fave,177.07234663008913,76.53005166528413,8,ese,"",0.06999999999993634,mucho,tipo,s,#,s,t,final
380.6308060585254,2076.577463606708,3812.4755649793096,3.6839906984776483,3.0700807739766502,4.2296385212814505,8025.641025641025,0.004918670941563154,136.49775000000002,0.035,0.33653846153846156,0-0-537-1,e,42d56bbf-Audio_SP23_part04,group_0,1,fave,144.91554139568487,78.46934564391135,8,te,"",0.07999999999992724,que,mandan,t,#,t,m,final
423.20211869468733,1970.5924554658607,2333.990196148404,3.0830911587725693,2.902108192167429,3.4958519789211424,6051.282051282051,0.0031497232370039903,140.8607499999999,0.061000000000000006,0.3315217391304348,0-0-554-2,e,42d56bbf-Audio_SP23_part04,group_0,1,fave,153.24842935029517,73.96050764651096,8,eres,"",0.16000000000008185,si,si,R,s,R,s,internal
416.2665833662228,1985.191110856959,2682.211804149017,3.434711180282393,3.3975727741026844,4.827967871428324,7487.179487179487,0.00007957416089457473,141.33374999999995,0.027000000000000003,0.32142857142857145,0-0-557-2,e,42d56bbf-Audio_SP23_part04,group_0,1,fave,137.7942588054843,79.32410209955036,8,eres,"",0.060000000000172804,[silence],Android,R,s,R,s,internal
372.4113030289516,2033.9107056357918,3893.6338323300156,3.6860461459168583,3.16928056517182,3.6812909957714144,8025.641025641025,0.00036847673637455526,142.51775,0.035,0.33653846153846156,0-0-561-2,e,42d56bbf-Audio_SP23_part04,group_0,1,fave,117.07183894045279,72.42585366851358,8,eres,"",0.07999999999992724,si,este,R,s,R,s,internal
424.40667951535954,2176.7310668639425,3742.0951319822416,3.2040092309020602,3.2880136894056617,3.301523742544401,8564.102564102563,0.0007075679124196789,142.88774999999993,0.07500000000000001,0.3348214285714286,0-0-562-3,e,42d56bbf-Audio_SP23_part04,group_0,1,fave,105.52834897538219,70.82174350076633,8,este,"",0.20000000000004547,eres,IPhone,t,#,t,i,final
262.16151098995584,1791.7772674434195,2875.193531534697,2.9930006585394144,3.4621865054908754,4.520745078649181,6589.74358974359,0.01347703001980898,144.46875000000006,0.07700000000000001,0.3290598290598291,0-0-567-3,e,42d56bbf-Audio_SP23_part04,group_0,1,fave,163.45611154225585,74.35777128915758,8,este,"",0.21000000000003638,[silence],hay,t,#,t,á,final
335.1618744892592,2174.3130901847007,3455.199367441656,3.1621858943955345,3.2792703899446356,4.455598168717641,6948.717948717948,0.002402764262147362,146.70375000000007,0.067,0.32843137254901966,0-0-571-3,e,42d56bbf-Audio_SP23_part04,group_0,1,fave,150.06008391850406,75.67738937355448,8,este,"",0.1799999999998363,[pron=pi],te,t,#,t,t,final
361.4416302158677,2007.6868170495018,3170.5810848689107,3.1259443666738216,3.249947866738757,4.169519669452513,7128.205128205128,0.002302519932139834,146.9337500000001,0.047,0.3263888888888889,0-0-572-1,e,42d56bbf-Audio_SP23_part04,group_0,1,fave,150.42438200901398,79.645889122813,8,te,"",0.11999999999989086,este,pueden,t,#,t,p,final
388.6759080921029,1992.1877257004633,3689.666466552021,2.8001444497009036,3.628350821996412,4.069915673896118,6948.717948717948,0.0009318957034194389,148.00375000000003,0.027000000000000003,0.32142857142857145,0-0-577-1,e,42d56bbf-Audio_SP23_part04,group_0,1,fave,127.04998646786242,78.71145618220947,8,VPN,"",0.05999999999994543,con,[silence],b,p,b,p,internal
441.697526425446,2033.1141451625706,3586.1971380611612,2.71690123661457,3.544667350277093,3.631456647705188,7666.666666666666,0.001029012197934783,148.1457499999999,0.051000000000000004,0.3311688311688312,0-0-577-3,e,42d56bbf-Audio_SP23_part04,group_0,1,fave,111.88714301397908,75.49721660811583,8,VPN,"",0.13000000000010914,con,[silence],p,é,p,é,internal
322.4496021433195,1888.9484950132135,3208.4082265086136,3.453535494721112,3.7784177124547575,4.7830530342426885,6051.282051282051,0.001506367146725553,150.6157499999999,0.031,0.32978723404255317,0-0-584-3,e,42d56bbf-Audio_SP23_part04,group_0,1,fave,203.4305577782751,78.46876678784895,8,Venezuela,"",0.07000000000016371,de,no,n,z,n,z,internal
400.3971940881605,2082.830378113235,3842.750086609882,2.54011689146513,3.5108440004872934,4.047966291602208,6769.2307692307695,0.003942170615697381,154.90874999999988,0.097,0.3299319727891157,0-0-600-1,e,42d56bbf-Audio_SP23_part04,group_0,1,fave,160.63728522780252,74.5326668156861,8,de,"",0.2700000000002092,localidad,con,d,#,d,k,final
455.60844652511946,1951.0485130008565,4110.079187527511,3.1230155538093864,3.4082913998511146,3.758280091074581,7487.179487179487,0.0009940206192032544,156.01874999999998,0.037000000000000005,0.324561403508772,0-0-604-1,e,42d56bbf-Audio_SP23_part04,group_0,1,fave,162.5066889105805,78.42129267771399,8,VPN,"",0.08999999999991815,un,localidad,b,p,b,p,internal
398.6066497590406,2031.3228920347108,3657.626024290362,2.7858343383950723,2.9986614142288777,3.419241222081337,6948.717948717948,0.0000731952924918623,156.32374999999996,0.027000000000000003,0.32142857142857145,0-0-604-5,e,42d56bbf-Audio_SP23_part04,group_0,1,fave,165.3823316772979,76.43724771009592,8,VPN,"",0.05999999999994543,un,localidad,n,#,n,l,final
354.872080757759,2128.203060579648,3783.0698793958145,3.8964623105072773,3.46343701058404,4.774703747583668,7487.179487179487,0.00035217739479839933,158.29375,0.027000000000000003,0.32142857142857145,0-0-612-1,e,42d56bbf-Audio_SP23_part04,group_0,1,fave,115.26728023995824,72.29680986103581,8,me,"",0.05999999999994543,tampoco,digo,m,#,m,d,final
338.26800668836586,2259.162363085372,3935.585362512788,2.987830622552515,2.9705584988591447,3.7088648736682495,7307.692307692308,0.0001967502836997221,162.59774999999993,0.035,0.3365384615384616,0-0-631-0,e,42d56bbf-Audio_SP23_part04,group_0,1,fave,118.89922049385817,70.58911715440641,8,existe,"",0.08000000000015461,también,.,#,s,n,s,initial
353.3283865239982,2267.687644028579,3504.915816435427,2.1265692345468845,3.0672189577719373,3.743526893509372,6589.74358974359,0.00010634707234451096,164.10574999999992,0.031,0.32978723404255317,0-0-636-5,e,42d56bbf-Audio_SP23_part04,group_0,1,fave,175.94577141702536,84.53214705113398,8,también,"",0.07000000000016371,Pero,te,i,n,i,n,internal
448.4171816929604,1946.2873629090893,3819.64299007725,2.784377131497839,3.392762562451706,4.362735907710932,7128.205128205128,0.0009582028152596974,164.30774999999997,0.035,0.33653846153846156,0-0-637-1,e,42d56bbf-Audio_SP23_part04,group_0,1,fave,216.10845319752985,74.60431999872785,8,te,"",0.07999999999992724,también,puedo,t,#,t,p,final
329.3824659027005,1922.275205199606,3851.363779021433,4.135133446473843,3.6963410983086424,3.8900649010858257,6410.25641025641,0.000028501475292115422,169.74375000000003,0.027000000000000003,0.32142857142857145,0-0-658-3,e,42d56bbf-Audio_SP23_part04,group_0,1,fave,183.23831342590017,80.6450968143626,8,veces,"",0.05999999999994543,Muchas,no,z,s,z,s,internal
435.9113744134986,1865.9078083992981,3652.129309021768,2.438821255430511,3.0481154628640197,4.531310601993727,6589.74358974359,0.00017829774743473417,173.40375000000012,0.027000000000000003,0.32142857142857145,0-0-676-1,e,42d56bbf-Audio_SP23_part04,group_0,1,fave,142.9808390108126,77.926633483215,8,te,"",0.05999999999994543,siquiera,dicen,t,#,t,d,final
488.9257950632696,1610.6415623331995,2123.1724927059618,2.5445516733154294,3.5024144072415018,2.8959252219512024,5512.820512820513,0.00018101935230976817,174.11774999999992,0.035,0.33653846153846156,0-0-679-0,e,42d56bbf-Audio_SP23_part04,group_0,1,fave,135.66532581736212,75.09305542991655,8,entonces,"",0.08000000000015461,[silence],cuando,#,n,.,n,initial
340.95865790095513,1821.96778613077,3314.4689858005913,2.8334383875617903,4.957733958928701,3.893520045922576,6948.717948717948,0.0004688447389023035,174.3757499999999,0.031,0.32978723404255317,0-0-679-6,e,42d56bbf-Audio_SP23_part04,group_0,1,fave,131.52932076671112,76.91599087901136,8,entonces,"",0.07000000000016371,[silence],cuando,z,s,z,s,internal
407.8815489063139,1938.7190268366896,2264.0783001553923,3.0334414251632102,3.0844339303526205,3.6074105891380914,6410.25641025641,0.005448906289360718,175.3727499999999,0.045,0.33582089552238803,0-0-684-4,e,42d56bbf-Audio_SP23_part04,group_0,1,fave,137.79462326408517,65.65532303065909,8,porque,"",0.11000000000012733,es,[pron=pi],k,#,k,.,final
367.49165761074903,2182.665470521117,3583.872735488407,3.974022485953745,3.916342260439252,4.299840985468089,7487.179487179487,0.01002458181894818,177.8957499999999,0.051000000000000004,0.3311688311688312,0-0-691-1,e,42d56bbf-Audio_SP23_part04,group_0,1,fave,194.69718995062954,76.4417307670143,8,te,"",0.13000000000010914,ya,[silence],t,#,t,.,final
418.6241956209547,1389.2970798624037,3314.986458800836,2.2143535631508233,4.1362331326874715,3.909019515022562,6948.717948717948,0.20556939334583677,179.02075,0.061000000000000006,0.3315217391304348,0-0-695-1,e,42d56bbf-Audio_SP23_part04,group_0,1,fave,137.74471936269862,72.93771526773713,8,decir,"",0.16000000000008185,a,cuál,d,z,d,z,internal
356.39751085981527,2123.5387198612702,3450.6609169401095,2.5577853868828417,3.745571948063361,4.340190722974628,7846.153846153846,0.00390272593704452,182.58374999999995,0.067,0.3284313725490197,0-0-707-1,e,42d56bbf-Audio_SP23_part04,group_0,1,fave,143.29904200476318,74.11338388585872,8,de,"",0.18000000000006366,estatutos,de,d,#,d,d,final
395.9889987145238,2087.1293275622306,3583.4480371851846,2.1731502721509437,3.4379524800750385,3.884419265021176,6769.2307692307695,0.00028475826607636306,182.84074999999993,0.061000000000000006,0.3315217391304348,0-0-708-1,e,42d56bbf-Audio_SP23_part04,group_0,1,fave,134.78633783945804,74.14480256097549,8,de,"",0.16000000000008185,de,Microworkers,d,#,d,m,final
368.11797026683206,1910.279617603178,3489.4921509558912,3.2036443547799336,2.675197853647775,4.262777226645128,6769.2307692307695,0.000504846141830604,184.47775000000004,0.035,0.3365384615384616,0-0-712-9,e,42d56bbf-Audio_SP23_part04,group_0,1,fave,312.07518081377,67.96361772143035,8,claramente,"",0.07999999999992724,dicen,[silence],t,#,t,.,final
463.9944469285679,2245.9714992434115,3627.5616030190467,3.5231591358035637,3.3833278415890975,4.016455448436704,6948.717948717948,0.0004283514519709218,186.4207500000001,0.041,0.3306451612903226,0-0-716-3,e,42d56bbf-Audio_SP23_part04,group_0,1,fave,253.77718770593225,75.77593079580015,8,pague,"",0.09999999999990905,no,nada,g,#,g,n,final
404.8589091792124,1860.231905191113,3448.0847457471355,2.0006952240212756,3.442830287720532,3.842866882078532,6410.25641025641,0.000011280177224001927,188.96375000000006,0.027000000000000003,0.32142857142857145,0-0-721-1,e,42d56bbf-Audio_SP23_part04,group_0,1,fave,212.09085721237645,76.10371033342844,8,se,"",0.05999999999994543,[silence],afilie,s,#,s,a,final
388.32167001042797,2248.8160858330675,2786.581100189539,3.1960824273626174,3.1079174364495286,4.484445794965768,7128.205128205128,0.00017774857925087717,190.69575000000006,0.031,0.32978723404255317,0-0-727-6,e,42d56bbf-Audio_SP23_part04,group_0,1,fave,152.96113806579785,71.67969148018537,8,implique,"",0.06999999999993634,que,pago,k,#,k,p,final
426.7358564284248,2263.258188503331,3849.6989533558212,3.158715735811237,3.5668552430082716,4.8449846912309225,7487.179487179487,0.001689221663361428,192.9137500000001,0.047,0.3263888888888889,0-0-733-11,e,42d56bbf-Audio_SP23_part04,group_0,1,fave,157.97213091218376,70.0431488303322,8,generalmente,"",0.11999999999989086,y,la,t,#,t,l,final
455.13964182913907,2190.4383692043434,4050.676965436164,3.3786942485821374,3.0947835288169547,3.3002441890828402,9282.051282051281,0.008521516665565219,206.54375,0.047,0.3263888888888889,0-0-789-0,e,42d56bbf-Audio_SP23_part04,group_0,1,fave,155.57097893256753,73.50997751736814,8,en,"",0.12000000000011823,artículo,el,#,n,o,n,initial
290.10768042126705,1790.56212857358,3342.348255407918,2.7790514427396698,3.3094441209267065,4.218584570983114,7128.205128205128,0.0024271591539107903,211.6677500000001,0.055,0.33536585365853655,0-0-801-6,e,42d56bbf-Audio_SP23_part04,group_0,1,fave,133.80202188717027,69.10545358287791,8,llegaste,"",0.13999999999987267,ahí,",",t,#,t,.,final
451.95964872664763,2130.9896456085626,3978.258710342901,2.9895357447527724,3.2644241457650516,4.844280393093912,7307.692307692308,0.000725604882127326,219.84774999999993,0.035,0.3365384615384616,0-0-840-1,e,42d56bbf-Audio_SP23_part04,group_0,1,fave,194.32676912110782,75.60942829776496,8,decir,"",0.08000000000015461,puede,este,d,z,d,z,internal
353.35986656765255,1901.055397966062,3940.2031746408998,1.724033681519158,2.7288985672285317,4.2931512432537255,7307.692307692308,0.00022916723396518003,220.34774999999993,0.035,0.3365384615384616,0-0-841-3,e,42d56bbf-Audio_SP23_part04,group_0,1,fave,157.0850579082729,74.48505418554836,8,este,"",0.08000000000015461,decir,mire,t,#,t,m,final
436.6789153805283,1981.9407599493668,4131.2831267380025,3.9254413825851957,3.9707960584183866,4.337907201181169,7666.666666666666,0.0014370882297714805,222.73075000000006,0.041,0.3306451612903226,0-0-852-4,e,42d56bbf-Audio_SP23_part04,group_0,1,fave,134.04977253162303,72.11892864984841,8,proceses,"",0.09999999999990905,que,el,z,s,z,s,internal
354.563847285938,2159.087115413851,4113.646357709108,4.107202849734381,2.5249754700448106,4.693159245170634,8564.102564102563,0.0031520240791618323,227.22875000000002,0.037000000000000005,0.324561403508772,0-0-878-0,e,42d56bbf-Audio_SP23_part04,group_0,1,fave,137.20550770600875,73.37543626161317,8,entonces,"",0.08999999999991815,",",hasta,#,n,.,n,initial
363.66346691941357,1912.854095859051,2980.485497792158,4.0552907296523015,3.288851863909537,4.810809876062456,6230.7692307692305,0.002084004757428866,227.51874999999998,0.037,0.32456140350877194,0-0-878-6,e,42d56bbf-Audio_SP23_part04,group_0,1,fave,187.26367164097277,78.17288597089686,8,entonces,"",0.08999999999991815,",",hasta,z,s,z,s,internal
463.19203603106655,1982.5869978935389,3093.544312884906,2.9580786643731503,3.658886801392748,4.281149550098469,6589.74358974359,0.0003495681090071401,231.3757499999999,0.031,0.32978723404255317,0-0-892-1,e,42d56bbf-Audio_SP23_part04,group_0,1,fave,173.53445380277756,75.42382244725242,8,de,"",0.07000000000016371,estructura,la,d,#,d,l,final
454.8637916267223,2070.644649008559,3223.968854670223,3.220456437757215,4.103218440224064,4.928963098753791,7128.205128205128,0.0021794481300144762,232.51775,0.035,0.33653846153846156,0-0-899-4,e,42d56bbf-Audio_SP23_part04,group_0,1,fave,150.8060403643976,77.2566732671926,8,porque,"",0.07999999999992724,mejor,fueron,k,#,k,f,final
401.1082312744561,1931.8132114882383,2575.6731499849943,3.413080863508998,3.574468275822856,4.463598475729186,6589.74358974359,0.0017342931250755149,235.81374999999997,0.027000000000000003,0.32142857142857145,0-0-914-9,e,42d56bbf-Audio_SP23_part04,group_0,1,fave,162.48628534448568,76.11576470621284,8,obviamente,"",0.05999999999994543,este,no,t,#,t,n,final
408.21056517382374,2103.7781561618267,3928.489925828812,3.50868009662723,3.190981521133751,4.933745220782445,7846.153846153846,0.0028041307071669432,237.74275000000003,0.045,0.33582089552238803,0-0-924-4,e,42d56bbf-Audio_SP23_part04,group_0,1,fave,152.5490933840244,74.2776108777052,8,porque,"",0.10999999999989996,",",te,k,#,k,t,final
469.4722094966437,1979.9897739418923,3591.0345864910846,3.3121261478145825,3.11403978225903,4.242690292952276,7128.205128205128,0.0005919309610278167,237.89775000000012,0.035,0.33653846153846156,0-0-925-1,e,42d56bbf-Audio_SP23_part04,group_0,1,fave,149.7464551014258,78.41456850036671,8,te,"",0.07999999999992724,porque,obligan,t,#,t,o,final
415.94693857925853,1924.2782835101157,2814.3637808231233,2.5865059387885045,3.107527332038105,4.753449267701506,6769.2307692307695,0.0021412051007584846,239.81274999999997,0.045,0.33582089552238803,0-0-934-1,e,42d56bbf-Audio_SP23_part04,group_0,1,fave,104.66538198736735,70.86701515424302,8,de,"",0.11000000000012733,tarjeta,crédito,d,#,d,k,final
372.79673914808757,2176.9475537252592,3347.8201622231654,3.809972188666358,3.3793990017330606,4.459391358787143,7128.205128205128,0.0027757643779634028,243.49075000000005,0.041,0.3306451612903226,0-0-956-6,e,42d56bbf-Audio_SP23_part04,group_0,1,fave,171.84709475479025,77.27772196496504,8,entonces,"",0.09999999999990905,[silence],hay,z,s,z,s,internal
389.4124991372867,1643.654774579175,2715.477263837982,3.5771251638096055,3.4259741813993942,4.769754844271545,6769.2307692307695,0.003227670803721821,248.17874999999984,0.037,0.32456140350877194,0-0-974-0,e,42d56bbf-Audio_SP23_part04,group_0,1,fave,200.19889081110847,76.33111441466053,8,estoy,"",0.09000000000014552,mira,tratando,#,s,a,s,initial
484.8490626052481,1768.8689712234525,2376.960358750496,3.7807871004496407,3.440329286329986,4.239864532211091,6589.74358974359,0.0011190370709755174,249.07774999999995,0.035,0.33653846153846156,0-0-977-1,e,42d56bbf-Audio_SP23_part04,group_0,1,fave,156.80120514003042,73.27400909317339,8,recodar,"",0.07999999999992724,de,",",r,k,r,k,internal
457.55199280748826,2035.1479853797186,3729.7968038385043,4.049585393114347,4.4676520509669455,5.0249153899247885,8205.128205128205,0.00007886198281048876,261.32275,0.025,0.33783783783783783,0-0-989-1,e,42d56bbf-Audio_SP23_part04,group_0,1,fave,204.40242366875148,73.75901530978321,8,me,"",0.0500000000001819,no,quiero,m,#,m,k,final
329.30842074271436,1673.862334211521,2269.6009448893587,3.6765891272645117,3.6051166534332193,3.679600136865855,5871.794871794871,0.0005937768352690588,261.6457500000001,0.031,0.32978723404255317,0-0-991-1,e,42d56bbf-Audio_SP23_part04,group_0,1,fave,100.56658303193086,72.83991666611246,8,meter,"",0.06999999999970896,quiero,en,m,t,m,t,internal
406.0300853067985,2050.435818229393,2331.8610238937877,2.7390737202796926,3.469991864804656,3.7033529866884325,6410.25641025641,0.004353402107671414,262.12875000000014,0.037,0.32456140350877194,0-0-993-3,e,42d56bbf-Audio_SP23_part04,group_0,1,fave,195.2491695128177,74.3423453887121,8,este,"",0.08999999999969077,en,campo,t,#,t,k,final
464.6669684600535,1336.2229165744195,2303.1933709699706,3.322683462319657,3.684003514824276,3.6826576224795438,4974.358974358975,0.00008919594219213924,262.6737499999998,0.027000000000000003,0.32142857142857145,0-0-996-1,e,42d56bbf-Audio_SP23_part04,group_0,1,fave,137.3351947197126,74.98004539461122,8,me,"",0.05999999999994543,",",parece,m,#,m,p,final
339.4481823907783,2285.6009506279343,3416.4563124239216,2.9736329851874963,3.2637264760094804,4.508886416342755,7128.205128205128,0.0003856415875584593,264.8657499999999,0.031,0.32978723404255317,0-0-1004-3,e,42d56bbf-Audio_SP23_part04,group_0,1,fave,144.1200357258659,78.53143102692596,8,arriesgado,"",0.07000000000016371,muy,",",i,s,i,s,internal
398.28838046983276,1758.3006047301142,2876.4916811575426,3.260655509305189,3.6265846692309567,4.350697673958772,6230.7692307692305,0.0015001702931987093,265.6187499999999,0.037,0.32456140350877194,0-0-1007-1,e,42d56bbf-Audio_SP23_part04,group_0,1,fave,123.65343932916072,68.22835716915986,8,sé,"",0.09000000000014552,no,.,s,#,s,.,final
327.2640619017291,2246.8386754407825,3471.5306521732414,4.149794700579228,3.7078072715032304,4.921537683598886,7487.179487179487,0.00108335826310533,270.5077499999998,0.035,0.33653846153846156,0-0-1035-1,e,42d56bbf-Audio_SP23_part04,group_0,1,fave,200.52807351563143,69.36620506050502,8,negocio,"",0.08000000000038199,buen,.,n,g,n,g,internal
423.67976759672825,1998.9376936066606,2552.2433305148406,2.9094731831322544,3.653586006378967,4.569086282389764,6051.282051282051,0.001681419290649743,274.5727500000002,0.045,0.33582089552238803,0-0-1052-6,e,42d56bbf-Audio_SP23_part04,group_0,1,fave,137.47195180544767,77.99874992313099,8,dieciséis,"",0.10999999999967258,mil,",",s,i,s,i,internal
511.7601088125664,1692.1617326930382,2966.32268454292,3.374856610536246,4.102095258017659,4.851400932618109,6589.74358974359,0.010079235144966585,276.6637499999999,0.047,0.3263888888888889,0-0-1064-1,e,42d56bbf-Audio_SP23_part04,group_0,1,fave,136.7172501004746,71.3831970570962,8,le,"",0.12000000000034561,yo,sigo,l,#,l,s,final
467.14158051704044,1773.3649135665235,2379.190816047519,2.8226929572744712,3.6155204669265943,3.657498741452704,5692.3076923076915,0.0009442338815852768,282.33374999999995,0.047,0.3263888888888889,0-0-1076-0,e,42d56bbf-Audio_SP23_part04,group_0,1,fave,155.28949117171197,74.7616590099038,8,él,"",0.11999999999989086,",",él,#,l,.,l,initial
305.71759100050514,2115.084541869188,2512.509524763142,3.2467335982238867,2.941975895101946,4.716667240134035,5871.794871794871,0.0016841194666733258,282.6187499999999,0.037000000000000005,0.324561403508772,0-0-1077-0,e,42d56bbf-Audio_SP23_part04,group_0,1,fave,190.48283844014844,71.77698136290383,8,él,"",0.09000000000014552,él,dice,#,l,l,l,initial
427.04491055680245,1939.2328517059805,2447.664728431053,2.741895164102029,3.7797077661310636,3.785426492960677,6230.7692307692305,0.00002958296426895565,283.01275000000004,0.025,0.33783783783783783,0-0-1078-3,e,42d56bbf-Audio_SP23_part04,group_0,1,fave,243.21698087816426,81.52835776316552,8,dice,"",0.0500000000001819,él,que,z,#,z,k,final
352.3274229097671,1900.0395840399628,3580.878094607552,2.438776986572724,4.4499888574588695,3.7621971204242852,6230.7692307692305,0.00013218152099982928,284.29375000000016,0.027000000000000003,0.32142857142857145,0-0-1085-0,e,42d56bbf-Audio_SP23_part04,group_0,1,fave,173.9278184185584,75.09954781301876,8,en,"",0.05999999999994543,hoy,día,#,n,y,n,initial
360.9024813298676,2056.231769709477,2446.636241210313,3.523772232694109,3.569725391829744,4.448040913946531,6948.717948717948,0.0007350536474578256,285.5337500000002,0.047,0.3263888888888889,0-0-1091-1,e,42d56bbf-Audio_SP23_part04,group_0,1,fave,115.00471737174612,72.68364967567916,8,me,"",0.11999999999989086,",",dice,m,#,m,d,final
380.6614003654203,2264.768946416322,3916.7025969015035,3.2817819299473903,3.215839569220702,4.3368480491296175,7846.153846153846,0.0019443518340025202,285.8827499999999,0.065,0.33505154639175255,0-0-1093-0,e,42d56bbf-Audio_SP23_part04,group_0,1,fave,130.7363620181843,71.93319926987384,8,él,"",0.17000000000007276,dice,",",#,l,e,l,initial
471.12452159303416,1635.6925619018696,2177.3634095339416,3.252906319198988,3.756632800075793,3.073519234664991,5871.794871794871,9.009395536356965e-6,287.3037499999999,0.027000000000000003,0.32142857142857145,0-0-1099-1,e,42d56bbf-Audio_SP23_part04,group_0,1,fave,220.11422323339596,80.21146869212834,8,refería,"",0.05999999999994543,me,justamente,r,f,r,f,internal
374.0278930148314,2148.3867649436206,3727.1102249196038,3.0692422988141725,3.1201101591902463,4.56912335164596,7846.153846153846,0.0017696112142156248,290.84074999999996,0.061000000000000006,0.3315217391304348,0-0-1111-1,e,42d56bbf-Audio_SP23_part04,group_0,1,fave,120.54468981899412,73.81771974644019,8,de,"",0.15999999999985448,colocan,de,d,#,d,d,final
408.70683648707234,2173.8277890147865,3182.167385664512,3.0754297178220718,3.0424355105671967,4.362068807340553,7128.205128205128,0.01091111973099937,291.07574999999997,0.11100000000000002,0.3323353293413173,0-0-1112-1,e,42d56bbf-Audio_SP23_part04,group_0,1,fave,129.37374493361446,69.27524258400842,8,de,"",0.30999999999994543,de,criptomoneda,d,#,d,k,final
382.8450419147073,1908.5122846409326,3790.3847800073295,3.049044613306585,3.439518708067013,4.650770487928452,7487.179487179487,0.0006709729858963714,297.12875000000014,0.037000000000000005,0.324561403508772,0-0-1133-1,e,42d56bbf-Audio_SP23_part04,group_0,1,fave,178.24950501357225,79.79733859408941,8,de,"",0.08999999999969077,tareas,registro,d,#,d,r,final
455.04782997069395,1721.1537308340025,2624.161974707639,3.6398526249704246,3.892230676947768,3.7241988590154045,6051.282051282051,0.00005684771146541314,302.28275,0.025,0.33783783783783783,0-0-1152-4,e,42d56bbf-Audio_SP23_part04,group_0,1,fave,147.22006559507312,72.15061807025859,8,puedes,"",0.0500000000001819,no,hacerla,d,s,d,s,internal
418.4339617202831,2139.470580972714,4093.1740605864006,3.834542079585816,3.721758850340976,4.843141860139418,8743.589743589742,0.0017438050019119651,305.53875,0.037000000000000005,0.324561403508772,0-0-1167-1,e,42d56bbf-Audio_SP23_part04,group_0,1,fave,115.9796737575562,67.49718215953011,8,me,"",0.09000000000014552,que,faltó,m,#,m,f,final
365.78736881653083,2071.443569655414,3709.9295535975093,2.311868469478633,3.1907456398226106,3.1989711230014,6230.7692307692305,0.0006917865287296645,306.3577500000002,0.035,0.33653846153846156,0-0-1169-6,e,42d56bbf-Audio_SP23_part04,group_0,1,fave,-475.21869750554475,61.25940603238425,8,decirte,"",0.07999999999992724,faltó,",",t,#,t,.,final
437.9449363701914,2128.3637217228465,4043.4197935762427,3.1273575186197156,3.396184222031061,4.460840229930529,6948.717948717948,0.0023488789689443657,307.42374999999987,0.067,0.32843137254901966,0-0-1173-9,e,42d56bbf-Audio_SP23_part04,group_0,1,fave,201.34262308303937,81.9055662563004,8,empleadores,"",0.18000000000029104,unos,vivos,R,s,R,s,internal
363.8549572076375,2249.9505152652246,3488.4758751982954,3.610456263090145,3.5561124053258397,3.913400278301603,6948.717948717948,0.000042046820389550744,308.9027499999999,0.025,0.33783783783783783,0-0-1178-1,e,42d56bbf-Audio_SP23_part04,group_0,1,fave,148.73929848366694,77.7459660096364,8,decir,"",0.0500000000001819,no,la,d,z,d,z,internal
458.39439693611735,1714.677759734233,3606.8105238038183,2.8768970975379715,3.668493393398251,3.647859225083725,6769.2307692307695,0.0005363064953189229,309.6187499999999,0.037,0.32456140350877194,0-0-1181-2,e,42d56bbf-Audio_SP23_part04,group_0,1,fave,152.14747618209077,72.17867707589181,8,adecuada,"",0.09000000000014552,palabra,[silence],d,k,d,k,internal
363.3598796717516,1999.305955437906,2812.4400613737603,3.7270383201263653,3.843066545702983,4.987193181947686,6589.74358974359,0.00011872459417094514,310.80275,0.025,0.33783783783783783,0-0-1185-1,e,42d56bbf-Audio_SP23_part04,group_0,1,fave,272.0449041821063,79.54618589787245,8,te,"",0.0500000000001819,ellos,ponen,t,#,t,p,final
378.27370478169496,2131.2816167596357,3378.551927360023,2.9560824081837196,2.944207991823196,4.628094108813585,7128.205128205128,0.00043039920779642507,312.2757500000002,0.031,0.32978723404255317,0-0-1190-4,e,42d56bbf-Audio_SP23_part04,group_0,1,fave,148.01751635035527,78.6360184757481,8,porque,"",0.06999999999970896,",",hay,k,#,k,á,final
484.6847076415717,1827.5134477814272,3310.793831138896,3.101932825708446,3.7812338794639375,4.785791739035214,7128.205128205128,0.0009843204850539511,313.28775,0.035,0.33653846153846156,0-0-1197-1,e,42d56bbf-Audio_SP23_part04,group_0,1,fave,153.1158615914318,76.686966247362,8,revisar,"",0.07999999999992724,llaman,",",r,b,r,b,internal
312.4263995960149,1825.3955977713538,2762.9751233738652,3.309048171631954,3.3731217214308313,4.439506569905401,6051.282051282051,0.0004255972193460176,314.43575000000004,0.031,0.32978723404255317,0-0-1200-1,e,42d56bbf-Audio_SP23_part04,group_0,1,fave,289.23709666985695,76.75982777661241,8,te,"",0.06999999999970896,ellos,ponen,t,#,t,p,final
471.2890491467903,1749.7119285702913,2435.3691790714106,2.181965578669546,3.5399735096939136,4.197721026121124,6051.282051282051,0.00021393753076861594,318.50374999999974,0.027000000000000003,0.32142857142857145,0-0-1214-1,e,42d56bbf-Audio_SP23_part04,group_0,1,fave,244.33940022019647,81.17742030704194,8,te,"",0.06000000000040018,[silence],mandan,t,#,t,m,final
439.36741340502664,1560.6863716510145,2368.384343546866,3.353773327982441,3.922296406390111,4.5783610566473065,5871.794871794871,0.000053046124187131295,319.28374999999994,0.027000000000000003,0.32142857142857145,0-0-1219-1,e,42d56bbf-Audio_SP23_part04,group_0,1,fave,192.57121608502302,79.0393240518162,8,revisión,"",0.05999999999994543,a,",",r,b,r,b,internal
396.4033144879287,1782.9731013113312,3183.340137504398,3.5065643581260515,3.549865631016963,4.337849481652377,7666.666666666666,0.00030036513493446137,322.08575000000013,0.031,0.32978723404255317,0-0-1228-1,e,42d56bbf-Audio_SP23_part04,group_0,1,fave,173.09208329802826,77.76024797849314,8,revisión,"",0.06999999999970896,tu,",",r,b,r,b,internal
508.161947806915,2026.729487902481,3024.008681674913,2.890506310290544,3.632550516934362,4.99682284633569,7307.692307692308,0.00600832632839751,324.96375000000006,0.047,0.3263888888888889,0-0-1242-1,e,42d56bbf-Audio_SP23_part04,group_0,1,fave,247.11708194402425,81.17737813648529,8,repente,"",0.11999999999989086,de,te,r,p,r,p,internal
403.94869144038074,2010.8825632249914,3103.2586211246858,3.9258860142125473,3.377587112009146,4.617716191495288,6589.74358974359,0.00014426211750994972,325.25374999999974,0.027000000000000003,0.32142857142857145,0-0-1242-6,e,42d56bbf-Audio_SP23_part04,group_0,1,fave,286.5333195364206,77.8459507929235,8,repente,"",0.06000000000040018,de,te,t,#,t,t,final
525.371601933786,1849.4790450366747,3619.7593109611257,3.843184804095694,3.5683290107210093,4.284617586579298,6589.74358974359,0.00033615801218239835,325.63374999999985,0.027000000000000003,0.32142857142857145,0-0-1244-5,e,42d56bbf-Audio_SP23_part04,group_0,1,fave,295.84445987216753,77.40036382673931,8,vuelven,"",0.05999999999994543,te,mandar,b,n,b,n,internal
446.21274336636526,1631.0254034841503,2499.614856072796,3.8042649702930578,3.670395384895148,4.221763190243384,6051.282051282051,0.0006507335612784836,326.05875,0.037000000000000005,0.324561403508772,0-0-1246-1,e,42d56bbf-Audio_SP23_part04,group_0,1,fave,282.2971060258246,75.24133080615434,8,revisión,"",0.09000000000014552,mandar,",",r,b,r,b,internal
532.9314898529525,1527.0194053748544,2374.024647733705,3.9555918178308813,4.089973862024873,4.634320934911343,5512.820512820513,0.015321119360521867,329.9227499999999,0.025,0.33783783783783783,0-0-1260-8,e,42d56bbf-Audio_SP23_part04,group_0,1,fave,220.85967999488008,77.74796377191896,8,revisiones,"",0.0500000000001819,tres,",",n,s,n,s,internal
495.07255617281896,2130.8466619551914,3777.515160223235,4.094419593839941,3.0220221485222876,4.548262722314869,7666.666666666666,0.00015866747561368697,330.54375000000016,0.027000000000000003,0.32142857142857145,0-0-1262-0,e,42d56bbf-Audio_SP23_part04,group_0,1,fave,205.49794509832114,74.88686171283811,8,en,"",0.05999999999994543,",",la,#,n,.,n,initial
404.58159922736513,2168.966928448983,2406.4267180047295,3.5490532876978858,3.9362443327625636,4.292393070174089,6589.74358974359,0.00019437719359961635,332.66375000000005,0.027000000000000003,0.32142857142857145,0-0-1272-0,e,42d56bbf-Audio_SP23_part04,group_0,1,fave,166.04854886108606,73.07659398891016,8,Entonces,"",0.05999999999994543,[silence],claro,#,n,.,n,initial
456.4071846620865,1991.407035691416,3426.309552334031,3.120580776180014,3.1214830010945964,3.658450821444786,6948.717948717948,0.00007347499109917199,336.30574999999993,0.031,0.32978723404255317,0-0-1286-1,e,42d56bbf-Audio_SP23_part04,group_0,1,fave,247.94036180208477,69.73835887142663,8,de,"",0.07000000000016371,veces,gratis,d,#,d,g,final
542.5802261902147,1719.0970743234316,3360.335166339936,3.2212510479162,3.841598928238702,4.652902223437828,6948.717948717948,0.0000231894109301327,338.48274999999984,0.025,0.33783783783783783,0-0-1296-1,e,42d56bbf-Audio_SP23_part04,group_0,1,fave,213.33535657140388,76.39526169757167,8,te,"",0.0500000000001819,siquiera,las,t,#,t,l,final
336.09303980234563,2100.107710629544,3785.4036565253978,3.489979677095127,3.571704086149573,4.298086620030347,6769.2307692307695,0.004259364000686183,339.7127500000001,0.045,0.33582089552238803,0-0-1302-2,e,42d56bbf-Audio_SP23_part04,group_0,1,fave,165.65726354587792,75.07077977819293,8,Ese,"",0.11000000000012733,[silence],tipo,s,#,s,t,final
383.31894587349285,2146.5141103758597,3686.141855959466,3.782613741882596,3.2375353254338237,4.8219046447367395,7846.153846153846,0.0021039943859705794,340.32075000000015,0.041,0.3306451612903226,0-0-1304-1,e,42d56bbf-Audio_SP23_part04,group_0,1,fave,122.20886411028127,74.07579171676475,8,de,"",0.09999999999990905,tipo,cosas,d,#,d,k,final
345.5937594045817,1970.0131518532382,2640.2845650199492,2.9031158561205257,3.5552436732564883,3.6673157696386554,6051.282051282051,0.00038894559712250864,341.97775000000007,0.035,0.33653846153846156,0-0-1310-1,e,42d56bbf-Audio_SP23_part04,group_0,1,fave,138.91194759285446,75.94302601732565,8,ese,"",0.07999999999992724,a,tipo,s,#,s,t,final
334.3067280818681,1867.1331785334783,3385.556359859134,3.834878921030802,3.476036983794022,4.146253569602802,6948.717948717948,0.0022630391183000803,342.86375000000015,0.047,0.3263888888888889,0-0-1312-9,e,42d56bbf-Audio_SP23_part04,group_0,1,fave,197.7582373937063,75.60035122494016,8,empleadores,"",0.11999999999989086,tipo,les,R,s,R,s,internal
369.1861040329083,2153.485072584977,2601.426612457315,3.0994831748240905,3.398681489185066,3.9905121901031895,6948.717948717948,0.00018756144973544885,344.45575,0.031,0.32978723404255317,0-0-1318-1,e,42d56bbf-Audio_SP23_part04,group_0,1,fave,117.03514451616418,74.1525215228244,8,le,"",0.07000000000016371,porque,he,l,#,l,é,final
403.20556435953034,2141.4509925728303,3505.954300855846,2.718260976081605,2.837597710065539,3.3679761163127084,6948.717948717948,0.0023587270837741817,345.2487499999998,0.057,0.32758620689655177,0-0-1321-3,e,42d56bbf-Audio_SP23_part04,group_0,1,fave,164.4593384477845,76.32024433403588,8,directamente,"",0.15000000000009095,escrito,a,R,k,R,k,internal
411.816652075477,2200.7674656672602,2683.375154074927,3.7889585339554968,3.2951520372941063,4.995907517167107,6769.2307692307695,0.005377620227805722,346.6377499999999,0.035,0.3365384615384616,0-0-1325-3,e,42d56bbf-Audio_SP23_part04,group_0,1,fave,161.70577052632282,71.33385850649603,8,mire,"",0.07999999999992724,",",este,R,#,R,s,final
348.4313469357116,2040.289095738628,3640.2975391038676,3.2131702240858653,3.0875262688215828,4.910076829974841,7846.153846153846,0.00037686953670174777,347.38574999999986,0.031,0.32978723404255317,0-0-1328-1,e,42d56bbf-Audio_SP23_part04,group_0,1,fave,144.27235983848774,77.02938690523362,8,me,"",0.07000000000016371,empleador,hizo,m,#,m,í,final
391.518280706885,1947.6274916914747,3441.1461401150264,2.5857819344543254,4.134253333620917,3.8704391364948685,7307.692307692308,0.0002868898890088836,349.6577499999999,0.035,0.3365384615384616,0-0-1340-1,e,42d56bbf-Audio_SP23_part04,group_0,1,fave,132.08374343926826,74.97480943184604,8,me,"",0.07999999999992724,[silence],para,m,#,m,p,final
441.68829175438606,1922.5568340117097,3692.705960430877,2.899015759258756,3.0698716199727123,4.013043363831773,7307.692307692308,0.0011711011233051186,353.1727500000001,0.045,0.33582089552238803,0-0-1357-1,e,42d56bbf-Audio_SP23_part04,group_0,1,fave,137.49465098506545,78.89884882589213,8,de,"",0.11000000000012733,tarea,diez,d,#,d,d,final
473.3983527234755,1875.3054619741768,2251.3514046370806,3.6041069215855743,3.5658777752482678,4.285814306547742,6051.282051282051,0.008159140734545524,394.86875000000015,0.057,0.32758620689655177,0-0-1370-5,e,42d56bbf-Audio_SP23_part04,group_0,1,fave,159.18208109336078,77.74778165196778,8,después,"",0.1499999999996362,",",de,u,s,u,s,internal
452.9078575933817,2130.9575685317623,3272.430227121151,3.4011162772664463,3.5050549378268947,4.083759152753733,6948.717948717948,0.002053138249136241,395.30275000000023,0.045,0.3358208955223881,0-0-1373-1,e,42d56bbf-Audio_SP23_part04,group_0,1,fave,152.3400154000644,70.93012797172096,8,pequeño,"",0.10999999999967258,este,[silence],p,k,p,k,internal
424.67830194244607,2076.9689862521122,2519.060077075058,3.654735018081264,3.0821264984880994,4.5931905215627955,6589.74358974359,0.0014141095939827772,396.21075,0.041,0.3306451612903226,0-0-1375-1,e,42d56bbf-Audio_SP23_part04,group_0,1,fave,154.80631545888014,78.60507997732509,8,detalle,"",0.09999999999990905,[silence],técnico,d,t,d,t,internal
395.3310727971248,2042.27446529115,3572.7954408307673,3.4694976056426055,2.478787635869995,4.317947370430619,6948.717948717948,0.00007840851535009804,396.4507499999998,0.041,0.3306451612903226,0-0-1375-5,e,42d56bbf-Audio_SP23_part04,group_0,1,fave,172.7986431170471,80.63295211872023,8,detalle,"",0.1000000000003638,[silence],técnico,L,#,L,t,final
463.16090857831006,1995.4846070493454,3413.4081033759458,3.222823277954877,2.9417636280083777,3.7271228174295676,6769.2307692307695,0.00026269619806844845,396.6127500000002,0.045,0.33582089552238803,0-0-1376-1,e,42d56bbf-Audio_SP23_part04,group_0,1,fave,178.94168753740365,79.71918966575466,8,técnico,"",0.10999999999967258,detalle,.,t,k,t,k,internal
405.0265956056273,1924.4784858944467,2574.735855585792,3.8264954990694218,3.7805094298240824,4.981782496664409,6948.717948717948,0.0018227237118195643,411.77275000000003,0.045,0.3358208955223881,0-0-1390-4,e,42d56bbf-Audio_SP23_part04,group_0,1,fave,121.93600689559905,70.69640892997013,8,partes,"",0.11000000000012733,otras,",",t,s,t,s,internal
448.70973446744466,1868.8344941145094,2409.244134699573,2.945734529397001,3.5101535049545767,4.629636754024977,5692.3076923076915,0.006772672536489522,417.50775000000004,0.095,0.334507042253521,0-0-1400-1,e,42d56bbf-Audio_SP23_part04,group_0,1,fave,155.17951649610197,78.10493318633091,8,te,"",0.25999999999976353,",",explico,t,#,t,e,final
445.9404615272316,1807.205893108743,3513.755795908042,4.064272521597252,3.1072836267732598,4.579054349580686,6589.74358974359,0.0011000667536673174,417.7387499999998,0.037,0.32456140350877194,0-0-1401-0,e,42d56bbf-Audio_SP23_part04,group_0,1,fave,160.02627535706208,74.88976427345982,8,explico,"",0.09000000000014552,te,algo,#,k,e,k,initial
252.55415469064096,1965.359141187762,2470.606073047697,3.486918890598492,3.527317580981165,3.3080511852028622,6051.282051282051,0.0012053275968729384,420.5257500000002,0.031,0.32978723404255317,0-0-1406-3,e,42d56bbf-Audio_SP23_part04,group_0,1,fave,93.65645848167213,65.20776345695583,8,Este,"",0.06999999999970896,"",",",t,#,t,.,final
336.8885871959896,1838.5863331480348,3765.026593712462,4.081519677425388,3.8981563359927294,3.627412823372354,7846.153846153846,0.00039949985015294207,420.90374999999983,0.027000000000000003,0.32142857142857145,0-0-1408-5,e,42d56bbf-Audio_SP23_part04,group_0,1,fave,158.36812858423139,72.80928961745842,8,déjame,"",0.05999999999994543,",",tratar,m,#,m,t,final
431.89788308979166,2049.925136938295,2737.6371876704943,3.7425625710239085,3.2735129363571103,4.966000931393544,6948.717948717948,0.00023461508635563158,425.70575,0.031,0.32978723404255317,0-0-1421-1,e,42d56bbf-Audio_SP23_part04,group_0,1,fave,240.0101403312303,77.58649061364345,8,de,"",0.07000000000016371,Después,cierta,d,#,d,z,final
415.5693239404855,2139.7924011203904,3902.2646756959493,3.528071863478685,3.0552244879844364,4.266103347158949,7487.179487179487,0.0007097234717691016,428.22274999999985,0.045,0.33582089552238803,0-0-1427-5,e,42d56bbf-Audio_SP23_part04,group_0,1,fave,101.08561262606082,69.61783677388193,8,fíjate,"",0.11000000000012733,[silence],",",t,#,t,.,final
293.39937882536384,1412.122454284991,2183.1490216072457,3.3087732086172643,4.405721689195914,3.59168116869445,5153.846153846154,0.0020273671845981627,431.14775000000014,0.035,0.3365384615384616,0-0-1439-1,e,42d56bbf-Audio_SP23_part04,group_0,1,fave,121.05728608004485,76.15618513684984,8,me,"",0.07999999999992724,que,parecen,m,#,m,p,final
351.56895522732333,2220.974970166978,3229.262957912951,3.934509837072514,3.637735489158799,5.18608241022131,7128.205128205128,0.0007388250209957596,431.48274999999984,0.025,0.33783783783783783,0-0-1440-5,e,42d56bbf-Audio_SP23_part04,group_0,1,fave,119.00076993663994,72.80279711521952,8,parecen,"",0.0500000000001819,me,lógicas,z,n,z,n,internal
502.2732239612903,2037.4516182283883,3481.591933700205,3.7593984221125085,4.057406654134593,4.568436592426043,7128.205128205128,0.00053863440303385,433.29775000000024,0.035,0.33653846153846156,0-0-1446-3,e,42d56bbf-Audio_SP23_part04,group_0,1,fave,214.35502049423602,73.7874537596039,8,comenzando,"",0.07999999999992724,estás,como,m,n,m,n,internal
496.5353871503284,1715.441021401114,2253.4535962851523,3.181523310207337,3.500668167577659,3.931706961471604,6051.282051282051,0.0014163932450452356,434.9277499999999,0.035,0.33653846153846156,0-0-1452-1,e,42d56bbf-Audio_SP23_part04,group_0,1,fave,166.79138602471417,72.45564728800278,8,récord,"",0.07999999999992724,un,bueno,r,k,r,k,internal
427.0467810309917,1725.3615042097822,2299.1420662693095,2.910391232035549,3.7541851571183864,3.9385262016423144,6948.717948717948,0.0028581965414705103,437.42874999999987,0.037000000000000005,0.324561403508772,0-0-1463-1,e,42d56bbf-Audio_SP23_part04,group_0,1,fave,105.84048053377732,74.8397155537851,8,récord,"",0.09000000000014552,cierto,",",r,k,r,k,internal
418.39173368485893,1421.8241114500856,2335.6175169572734,2.612164100997155,3.5243575004002476,2.9304143293953797,6230.7692307692305,0.00012813356968999022,442.6157499999999,0.031,0.32978723404255317,0-0-1486-3,e,42d56bbf-Audio_SP23_part04,group_0,1,fave,125.24738381349137,76.94221161633867,8,superar,"",0.07000000000016371,[silence],un,p,R,p,R,internal
446.4836536616647,1869.9514775721939,2628.5580456271596,2.8821912549001505,2.8423079334625343,3.8375359874674935,6051.282051282051,4.862102828456774e-6,444.09274999999997,0.025,0.33783783783783783,0-0-1490-0,e,42d56bbf-Audio_SP23_part04,group_0,1,fave,109.3435404263624,65.78560093500407,8,empiezan,"",0.0500000000001819,[silence],a,#,m,.,m,initial
435.00474233713715,2103.3288613566097,2968.065724033219,3.6128318142462743,3.1813386480109367,5.062986550509852,7666.666666666666,0.00642857492222146,447.1277500000001,0.07500000000000001,0.3348214285714286,0-0-1498-3,e,42d56bbf-Audio_SP23_part04,group_0,1,fave,183.78418410381096,75.94442388086361,8,Este,"",0.1999999999998181,[silence],.,t,#,t,.,final
439.2536367105321,1974.1560101310547,2649.708244052844,2.6254607347351966,3.3060381712823905,3.656507979209189,5333.333333333333,0.0003340538261817314,450.79375000000016,0.027000000000000003,0.32142857142857145,0-0-1513-4,e,42d56bbf-Audio_SP23_part04,group_0,1,fave,225.80854328524632,75.38378109995712,8,gente,"",0.05999999999994543,hay,que,t,#,t,k,final
384.1486521482176,1563.8403129831083,2429.822920576377,3.685610253712556,3.9628317475798354,4.224984742801471,4794.871794871795,0.00016030951574253063,452.4027499999999,0.025,0.33783783783783783,0-0-1520-4,e,42d56bbf-Audio_SP23_part04,group_0,1,fave,NaN,81.7321184309545,8,sobre,"",0.0500000000001819,tareas,todo,R,#,R,t,final
341.1183468392047,1918.7783661613403,4262.220779299955,2.50522744386849,3.121022962636392,4.4993889057684235,6769.2307692307695,0.00001953929587907112,455.38274999999993,0.025,0.33783783783783783,0-0-1531-7,e,42d56bbf-Audio_SP23_part04,group_0,1,fave,86.18140292436425,58.52455515067393,8,latitudes,"",0.0500000000001819,otras,.,d,s,d,s,internal
398.0217219593096,2010.755500487626,2390.397057562738,3.0710602451281233,3.423531884990053,3.496090902738677,6769.2307692307695,0.00038011083335302593,456.49775000000005,0.035,0.3365384615384616,0-0-1535-4,e,42d56bbf-Audio_SP23_part04,group_0,1,fave,155.49035959761022,80.23286748254215,8,porque,"",0.07999999999992724,digo,nosotros,k,#,k,n,final
468.0330449793011,2004.4603445729558,3698.981308590409,3.38680278787599,3.9838947664696787,4.010872136658957,6948.717948717948,0.00008822442122548663,459.0837500000001,0.027000000000000003,0.32142857142857145,0-0-1545-1,e,42d56bbf-Audio_SP23_part04,group_0,1,fave,161.29398135542687,73.67937333783443,8,de,"",0.05999999999994543,estuvo,WhatsApp,d,#,d,u,final
474.30015753158983,2104.047685567739,3793.101032517054,3.00040505946801,3.2040396457607536,4.830550769990621,7666.666666666666,0.0008885066009592571,460.02074999999996,0.041,0.3306451612903226,0-0-1550-1,e,42d56bbf-Audio_SP23_part04,group_0,1,fave,152.3215679474288,81.2732222513458,8,Telegram,"",0.09999999999990905,en,",",t,l,t,l,internal
341.52395730006083,2281.312095978173,4359.877036771157,3.3678137910120336,2.990002893046231,4.777962591139282,8025.641025641025,0.00013897808802205744,461.26275000000004,0.025,0.33783783783783783,0-0-1555-0,e,42d56bbf-Audio_SP23_part04,group_0,1,fave,148.82898729871573,72.6772570896762,8,extenso,"",0.0500000000001819,más,",",#,k,s,k,initial
402.61957109197203,2076.0245849706253,3762.23034572529,2.992204995379919,3.2620389519185973,3.5982889726622904,8384.615384615383,0.0002672506663741861,463.02074999999996,0.041,0.3306451612903226,0-0-1560-1,e,42d56bbf-Audio_SP23_part04,group_0,1,fave,133.16777544892514,82.26954935586726,8,de,"",0.09999999999990905,personas,otros,d,#,d,ó,final
441.06508565613575,2028.2375613684148,3410.185942634272,3.0108073991447086,3.1162604081232286,4.371884502343032,7307.692307692308,0.0035451997990194727,468.53375,0.067,0.32843137254901966,0-0-1581-1,e,42d56bbf-Audio_SP23_part04,group_0,1,fave,157.6282388091054,73.70711358076166,8,de,"",0.1799999999998363,que,ella,d,#,d,é,final
320.953478801931,2195.633492524941,4165.526087158391,2.1339354796936933,2.2827516624412785,3.954052538788099,8025.641025641025,0.0001426265285651718,470.79575000000017,0.031,0.32978723404255317,0-0-1593-1,e,42d56bbf-Audio_SP23_part04,group_0,1,fave,149.3531459144284,75.26297548502706,8,de,"",0.06999999999970896,es,Chile,d,#,d,h,final
414.3295037963217,2307.015594252971,4409.6106357792505,4.116266717946463,2.495834171117379,4.958038057659737,7846.153846153846,0.0009120043332053297,473.13574999999986,0.031,0.32978723404255317,0-0-1603-7,e,42d56bbf-Audio_SP23_part04,group_0,1,fave,141.298496858654,76.99262283666089,8,Arquímedes,"",0.07000000000016371,señor,esa,d,s,d,s,internal
339.29189784432583,2034.9169295098243,3871.7721929496047,3.070780749383551,3.0940463668565155,4.3615733239910615,6948.717948717948,0.0005398524408277995,474.06575000000015,0.031,0.32978723404255317,0-0-1608-1,e,42d56bbf-Audio_SP23_part04,group_0,1,fave,208.22142076759997,76.73806917210135,8,sencilla,"",0.06999999999970896,muy,",",s,n,s,n,internal
425.4898178002624,2214.9063656712115,3701.345778088962,3.3871959479699347,3.927076209082982,4.553336378655331,8025.641025641025,0.0008299949880334026,477.3957500000001,0.031,0.32978723404255317,0-0-1623-1,e,42d56bbf-Audio_SP23_part04,group_0,1,fave,138.26754777119268,80.3415210969616,8,velocidad,"",0.06999999999970896,la,del,b,l,b,l,internal
409.18839022260994,1893.6248107865954,2563.1576961441,2.2902294046090668,3.533570475436095,4.240357825121979,6410.25641025641,0.000045707935360827015,478.23574999999977,0.031,0.32978723404255317,0-0-1625-3,e,42d56bbf-Audio_SP23_part04,group_0,1,fave,207.47602536189726,80.81301937188978,8,internet,"",0.07000000000016371,del,[silence],t,R,t,R,internal
387.532896628551,1791.0360175484934,2479.50415613979,3.2591041396252844,3.7836956065775866,3.419415208979563,6051.282051282051,0.0004780448344152892,482.3577500000002,0.035,0.33653846153846156,0-0-1643-0,e,42d56bbf-Audio_SP23_part04,group_0,1,fave,137.89633841967293,78.87250262164532,8,efectivamente,"",0.07999999999992724,Y,",",#,f,i,f,initial
481.9148698138624,2256.7338734315426,4168.013981200099,4.365380570800215,3.0811451252927418,4.087673226825094,8384.615384615383,0.0002534374366963463,482.4727500000001,0.025,0.33783783783783783,0-0-1643-2,e,42d56bbf-Audio_SP23_part04,group_0,1,fave,NaN,75.98910462042683,8,efectivamente,"",0.0500000000001819,Y,",",f,z,f,z,internal
395.0347697067579,1813.8042213090769,3456.4960377591497,3.7064371534431126,3.47134985643569,4.498567496131084,6769.2307692307695,0.0000894198786221812,484.7737500000002,0.027000000000000003,0.32142857142857145,0-0-1654-6,e,42d56bbf-Audio_SP23_part04,group_0,1,fave,231.10307636628252,77.53071904991661,8,entonces,"",0.05999999999994543,Y,ella,z,s,z,s,internal
304.89180268558414,2183.2076266050367,2859.414625877282,3.034747286413093,2.9593526227101963,4.97917259302919,6410.25641025641,0.00037323028718577213,486.15374999999983,0.027000000000000003,0.32142857142857145,0-0-1662-6,e,42d56bbf-Audio_SP23_part04,group_0,1,fave,257.17857350655197,76.05925002823557,8,aparece,"",0.05999999999994543,me,y,z,#,z,i,final
315.6789263484111,2082.0802683214624,3905.6222983358875,3.9902111547900048,3.4983949898797495,4.462278235844717,7487.179487179487,0.0005937532147862212,488.88274999999993,0.025,0.33783783783783783,0-0-1678-1,e,42d56bbf-Audio_SP23_part04,group_0,1,fave,159.5266530639145,74.68834847313627,8,sencillamente,"",0.0500000000001819,que,",",s,n,s,n,internal
371.4286970016561,1948.2343205439827,3385.2100119032416,3.3609441080409264,3.26346109033224,4.54373761879535,7128.205128205128,0.00017146344421055032,496.49375,0.027000000000000003,0.32142857142857145,0-0-1711-3,e,42d56bbf-Audio_SP23_part04,group_0,1,fave,168.45567073924744,74.33489941406454,8,empezado,"",0.05999999999994543,he,a,p,z,p,z,internal
458.59670271622275,1964.3608506527924,2585.2862937754985,2.1142153617994293,3.23406844372571,4.711690105527614,7487.179487179487,0.00014007229681998735,496.8437499999999,0.027000000000000003,0.32142857142857145,0-0-1713-1,e,42d56bbf-Audio_SP23_part04,group_0,1,fave,153.05266843898715,74.50464747928149,8,tener,"",0.05999999999994543,a,[silence],t,n,t,n,internal
398.64564052964863,2254.554009667672,3291.817149607302,2.3937114549852794,3.2092978823535327,4.990170459840483,6589.74358974359,0.0004951180375507111,497.51275000000004,0.025,0.33783783783783783,0-0-1715-0,e,42d56bbf-Audio_SP23_part04,group_0,1,fave,130.74333983147625,67.17919036607495,8,elucubraciones,"",0.0500000000001819,[silence],",",#,l,.,l,initial
331.07187018371377,2239.3334535496274,2896.7039175499335,3.347792790497081,3.207022120886082,4.809593062718758,6589.74358974359,0.00897339356135837,498.73775,0.055,0.33536585365853655,0-0-1715-12,e,42d56bbf-Audio_SP23_part04,group_0,1,fave,120.75368807355758,71.81130859771672,8,elucubraciones,"",0.13999999999987267,[silence],",",n,s,n,s,internal
400.4698463239063,2074.8870544261945,3879.0531729203585,3.1090348426210066,3.3795925957324267,4.688272941644134,8025.641025641025,0.0003012255578300232,499.2757500000002,0.031,0.32978723404255317,0-0-1720-1,e,42d56bbf-Audio_SP23_part04,group_0,1,fave,120.81884478032488,76.0804537259574,8,pensamientos,"",0.06999999999970896,",",[silence],p,n,p,n,internal
391.9080073063006,2192.142591091738,3320.8180354024144,2.7237834038070687,3.2393269949500074,4.91405663036432,6948.717948717948,0.007663180559137209,500.89575000000013,0.07100000000000001,0.3317757009345795,0-0-1722-4,e,42d56bbf-Audio_SP23_part04,group_0,1,fave,131.81572326407135,71.078126586325,8,porque,"",0.19000000000005457,[silence],este,k,#,k,é,final
366.2261334920849,2185.5014833842174,3618.8897458946203,3.5288434171378396,2.8690119529865368,4.900443720108344,8025.641025641025,0.004098296572474897,501.3557499999999,0.051000000000000004,0.3311688311688312,0-0-1723-3,e,42d56bbf-Audio_SP23_part04,group_0,1,fave,246.77209283521935,70.86170799466815,8,este,"",0.13000000000010914,porque,ellos,t,#,t,é,final
411.4505296812462,1948.5917128832139,4135.238177597332,3.2628254770366247,3.395547737368731,4.828613828674176,7128.205128205128,0.0000778101607470229,502.46274999999986,0.025,0.33783783783783783,0-0-1726-5,e,42d56bbf-Audio_SP23_part04,group_0,1,fave,189.61122722812806,77.59399617532002,8,capaces,"",0.0500000000001819,son,de,z,s,z,s,internal
453.20583898988184,2091.2881825554646,2421.678290724747,3.21189043157215,3.996581595484092,3.6281036460674057,6589.74358974359,0.015367908311906299,507.8937499999999,0.047,0.3263888888888889,0-0-1749-3,e,42d56bbf-Audio_SP23_part04,group_0,1,fave,139.75846532058435,79.14837209591734,8,crees,"",0.11999999999989086,qué,tú,é,s,é,s,internal
373.83959929118373,1720.4601132403961,2864.3829648720366,2.9889369482595898,3.5503155358253204,4.444615546778513,5692.3076923076915,0.00009488748791649432,509.91375000000005,0.027000000000000003,0.32142857142857145,0-0-1756-1,e,42d56bbf-Audio_SP23_part04,group_0,1,fave,187.6546556671294,79.15003990476112,8,sé,"",0.05999999999994543,No,",",s,#,s,.,final
384.5372325284785,1941.9247002775176,3505.4515189265417,2.7427422174159664,4.019349031638882,4.6001356765528465,7307.692307692308,0.00032486385588740776,511.57775,0.035,0.3365384615384616,0-0-1764-1,e,42d56bbf-Audio_SP23_part04,group_0,1,fave,181.0789876856779,80.824051675738,8,te,"",0.07999999999992724,yo,digo,t,#,t,d,final
377.6944983874995,2418.8659235280475,4624.439362848772,2.829883486871287,3.135239143410423,4.316359566760478,8564.102564102563,0.00005387355590597252,512.3537500000002,0.027000000000000003,0.32142857142857145,0-0-1769-1,e,42d56bbf-Audio_SP23_part04,group_0,1,fave,131.56480612997575,77.01987536823921,8,teoría,"",0.05999999999994543,mi,",",t,ó,t,ó,internal
393.06867518331813,1532.4195107524956,3812.1867086888474,3.0430238452365734,3.807601519329155,4.0890475635742245,7307.692307692308,0.0001251867429894921,513.9337500000001,0.027000000000000003,0.32142857142857145,0-0-1773-1,e,42d56bbf-Audio_SP23_part04,group_0,1,fave,169.86318973759984,79.52382228349192,8,verdad,"",0.05999999999994543,es,[pron=pi],b,R,b,R,internal
439.2914055736327,1774.7565886892357,3431.1527204653526,2.8288663883989833,3.019986424206343,3.8488101153923626,6410.25641025641,0.0001092977413655345,518.1437500000002,0.027000000000000003,0.32142857142857145,0-0-1793-5,e,42d56bbf-Audio_SP23_part04,group_0,1,fave,177.33401872944626,75.17868836207694,8,simplemente,"",0.05999999999994543,es,es,l,m,l,m,internal
419.94381651160126,1796.5980833663916,2632.0159135802724,3.498592165712477,3.30568294432081,3.290073355862294,6589.74358974359,0.00005448503269146507,520.5657500000002,0.031,0.32978723404255317,0-0-1803-1,e,42d56bbf-Audio_SP23_part04,group_0,1,fave,131.28302169953068,80.91607908218388,8,dedican,"",0.06999999999970896,le,muchas,d,d,d,d,internal
484.54630741693245,2370.3444586784826,4502.461562639106,3.601422932356217,3.7169918691902026,4.5933936506910635,8384.615384615383,0.0007552548049203644,523.47275,0.025,0.33783783783783783,0-0-1815-4,e,42d56bbf-Audio_SP23_part04,group_0,1,fave,261.3736610623471,72.35018979958534,8,gente,"",0.0500000000001819,hay,que,t,#,t,k,final
341.7916141753656,2324.099598170333,4436.83709928433,3.1912470837904507,2.8521831491252985,4.347868164196813,8384.615384615383,0.002931875782864855,529.6137500000002,0.047,0.3263888888888889,0-0-1844-1,e,42d56bbf-Audio_SP23_part04,group_0,1,fave,174.8129788018896,81.25523420521344,8,De,"",0.11999999999989086,.,hecho,d,#,d,é,final
363.0986445208448,2235.719117641053,3539.9307772676093,2.3494221936533473,3.1697498941167255,4.063669291675913,6948.717948717948,0.00004256019973939331,532.13375,0.027000000000000003,0.32142857142857145,0-0-1859-1,e,42d56bbf-Audio_SP23_part04,group_0,1,fave,138.38984375225496,78.7231100850542,8,me,"",0.05999999999994543,[silence],que,m,#,m,k,final
422.17324184619514,1963.7589341839255,3721.601927101074,3.477708085227647,3.7726304962770425,4.542938465988,6948.717948717948,0.0004900958838886042,537.0507500000002,0.041,0.3306451612903226,0-0-1880-1,e,42d56bbf-Audio_SP23_part04,group_0,1,fave,202.45497341465847,80.68506084124088,8,sé,"",0.09999999999990905,no,si,s,#,s,s,final
525.6558975893034,1938.1843535472362,3746.5118013330407,3.6639469667393083,3.9863909990177175,3.959644688643959,6948.717948717948,0.0003972930899285312,538.3477499999999,0.035,0.3365384615384616,0-0-1887-3,e,42d56bbf-Audio_SP23_part04,group_0,1,fave,183.33668158613617,74.01792565617568,8,saben,"",0.07999999999992724,la,hacer,b,n,b,n,internal
374.35879744539096,1849.0071598122584,3826.570311573942,1.9158796651906567,3.960580399269846,4.082399949612056,6948.717948717948,0.000014563303472014946,539.3227499999999,0.025,0.33783783783783783,0-0-1891-1,e,42d56bbf-Audio_SP23_part04,group_0,1,fave,189.13217801599785,77.9923415530031,8,sé,"",0.0500000000001819,ya,de,s,#,s,d,final
358.3274304607532,2214.741521567305,4170.482654608654,2.7085393778481133,3.863837713126579,4.591095847446937,8384.615384615383,0.00007058442002805807,540.24275,0.025,0.33783783783783783,0-0-1897-3,e,42d56bbf-Audio_SP23_part04,group_0,1,fave,114.2022634453642,74.59849156343826,8,sabe,"",0.0500000000001819,la,hacer,b,#,b,a,final
435.7384859410793,2098.315792291295,3630.3184538689784,3.6546616543116395,2.8389377344707682,5.104615665507868,7487.179487179487,0.0012429897304699193,542.18775,0.035,0.33653846153846156,0-0-1905-1,e,42d56bbf-Audio_SP23_part04,group_0,1,fave,156.19561723209134,78.92594993809566,8,tedioso,"",0.07999999999992724,tan,",",t,d,t,d,internal
369.76382742635207,2045.4713469643275,3079.618126157607,4.401206954974364,3.6402682441873173,4.07779889612942,6948.717948717948,0.00009234880328445026,543.47275,0.025,0.33783783783783783,0-0-1910-0,e,42d56bbf-Audio_SP23_part04,group_0,1,fave,106.37186631842494,74.23443043578177,8,en,"",0.0500000000001819,que,verdad,#,n,é,n,initial
497.4818264805685,1697.6016852691416,2522.3510942193634,3.276042454450417,3.821836514400771,4.132865947623621,6230.7692307692305,0.00009825977076833957,543.6257500000002,0.031,0.32978723404255317,0-0-1911-1,e,42d56bbf-Audio_SP23_part04,group_0,1,fave,100.85368798608384,73.15045578938623,8,verdad,"",0.06999999999970896,en,yo,b,R,b,R,internal
401.8182376839141,1957.7389789994365,3749.6113259961544,3.0131843836783805,3.617100411283504,4.191404936566952,7307.692307692308,0.0005980181524499282,546.03775,0.035,0.3365384615384616,0-0-1927-3,e,42d56bbf-Audio_SP23_part04,group_0,1,fave,153.07804338514958,79.20227197997333,8,vale,"",0.07999999999992724,no,tanto,l,#,l,t,final
419.21707457703485,1769.4903039720864,3725.2887518674033,2.9892579249992934,3.9134044041716503,4.573274169360911,7128.205128205128,0.0005010849050443388,549.5057499999998,0.031,0.32978723404255317,0-0-1941-3,e,42d56bbf-Audio_SP23_part04,group_0,1,fave,196.35444696201557,77.5344413816354,8,vale,"",0.07000000000016371,sí,diez,l,#,l,d,final
376.78705946968597,2444.052019026983,4097.298620976042,3.716746336331611,3.811055521437204,3.9174695873782426,7307.692307692308,0.0004762070835894763,550.4137500000002,0.027000000000000003,0.32142857142857145,0-0-1945-1,e,42d56bbf-Audio_SP23_part04,group_0,1,fave,184.0345956193921,73.11854765641608,8,centavos,"",0.05999999999994543,doce,entonces,z,n,z,n,internal
317.71954811451224,2350.8498010094345,4006.3758849387873,2.4843071498813702,3.2046050590651975,4.851660736140967,7846.153846153846,0.006292737162460558,553.8107500000002,0.061000000000000006,0.3315217391304348,0-0-1956-6,e,42d56bbf-Audio_SP23_part04,group_0,1,fave,175.61880701267677,76.35941571330551,8,matarme,"",0.15999999999985448,a,",",m,#,m,.,final
420.252939312471,2761.529564594684,4524.359096083271,2.3590909787121426,5.106432553597244,4.845954922199143,7487.179487179487,0.02293841164458006,557.74775,0.035,0.33653846153846156,0-0-1972-3,e,42d56bbf-Audio_SP23_part04,group_0,1,fave,158.31908786169421,74.98764815121952,8,sabe,"",0.07999999999992724,las,[silence],b,#,b,.,final
414.9568547657578,2127.260369396567,3815.8175618633236,2.4820955391700035,3.4028472841802215,3.3291534492278076,6769.2307692307695,0.0002859028983396244,558.8027500000002,0.045,0.33582089552238803,0-0-1976-0,e,42d56bbf-Audio_SP23_part04,group_0,1,fave,143.7764326101338,78.3670815059926,8,él,"",0.10999999999967258,",",me,#,l,.,l,initial
437.2636484511241,1866.188512377673,3756.6362993190082,3.74788164802616,3.95051662872883,4.368658637498174,7666.666666666666,0.0015927900013132529,560.2757500000002,0.031,0.32978723404255317,0-0-1985-1,e,42d56bbf-Audio_SP23_part04,group_0,1,fave,157.92551580382656,74.03078801495305,8,de,"",0.06999999999970896,hice,esta,d,#,d,s,final
428.0831898729161,1944.270790537413,3203.171667404079,3.5000420388058218,3.4596183380138092,3.7527071653853037,6589.74358974359,0.00018384882927169989,562.3277499999999,0.035,0.33653846153846156,0-0-1992-6,e,42d56bbf-Audio_SP23_part04,group_0,1,fave,118.30077908467099,73.64335962898937,8,entonces,"",0.07999999999992724,y,yo,z,s,z,s,internal
424.68758955978865,2013.9923585695203,3543.782753576935,3.4701949513308703,3.057191499161624,5.33027325907593,8025.641025641025,0.0021137289733621973,565.2487500000001,0.037,0.32456140350877194,0-0-2012-3,e,42d56bbf-Audio_SP23_part04,group_0,1,fave,184.8339766804933,81.0312030241668,8,parecidas,"",0.09000000000014552,unas,[silence],R,z,R,z,internal
347.91229355009807,2125.5882477282653,2543.752998106105,3.113604255108186,3.946744036847135,4.293980389235415,6948.717948717948,0.0006021833599502194,566.4237499999999,0.027000000000000003,0.32142857142857145,0-0-2016-0,e,42d56bbf-Audio_SP23_part04,group_0,1,fave,147.84620513674935,75.42418758217599,8,explico,"",0.05999999999994543,te,rápidamente,#,s,e,s,initial
404.4346689593682,1834.5513116518969,3673.693799977289,2.626148660783679,3.0503571988346994,4.652119376940559,6948.717948717948,0.0007897618745814555,567.9487499999999,0.037000000000000005,0.324561403508772,0-0-2020-1,e,42d56bbf-Audio_SP23_part04,group_0,1,fave,187.92953420931647,76.95300413743765,8,te,"",0.09000000000014552,tarea,decía,t,#,t,d,final
385.0590822335267,2131.6744135376307,3917.0841772092435,3.1978077674496075,3.2782537158989844,4.236304429525888,7666.666666666666,0.002257416647651456,577.6857499999999,0.051000000000000004,0.3311688311688312,0-0-2065-6,e,42d56bbf-Audio_SP23_part04,group_0,1,fave,193.94424594184946,77.24647672939952,8,entonces,"",0.13000000000010914,y,yo,z,s,z,s,internal
325.7684759608586,2102.692033539513,3292.383061276387,3.1866355899342387,3.727780654476643,3.9678149236469498,6948.717948717948,0.000019437519014727714,578.7137499999999,0.027000000000000003,0.32142857142857145,0-0-2072-0,e,42d56bbf-Audio_SP23_part04,group_0,1,fave,178.6581053856463,79.42907248387843,8,empecé,"",0.06000000000040018,y,a,#,m,i,m,initial
456.3356629691407,2232.019168965491,3866.940754099631,3.53707634344418,3.8893685933711803,4.085006772990909,7666.666666666666,0.0018576732678412138,581.6287500000002,0.037,0.32456140350877194,0-0-2085-1,e,42d56bbf-Audio_SP23_part04,group_0,1,fave,229.91032434569982,78.08809362189821,8,meterse,"",0.08999999999969077,que,en,m,t,m,t,internal
379.0124278097459,1951.334205074465,3323.0608262240507,3.1843645322765473,3.2555001496046003,4.848212876487527,7307.692307692308,0.0014110105295770325,582.1427499999999,0.045,0.33582089552238803,0-0-2085-6,e,42d56bbf-Audio_SP23_part04,group_0,1,fave,235.7708587434111,75.96683139448896,8,meterse,"",0.11000000000012733,que,en,s,#,s,e,final
412.4907710839493,2280.9379209555545,3601.044336875061,3.078888426539444,2.786342942076842,4.359987149955599,6230.7692307692305,0.000019132518329519618,582.24275,0.025,0.33783783783783783,0-0-2086-0,e,42d56bbf-Audio_SP23_part04,group_0,1,fave,168.59387456945066,72.99447840923942,8,en,"",0.0500000000001819,meterse,el,#,n,e,n,initial
348.69251587584284,1971.8876159039069,2353.3678352014435,2.8531305610958877,3.5972218700625076,4.0471450958387685,5333.333333333333,0.00006868975542120829,582.3737500000002,0.027000000000000003,0.32142857142857145,0-0-2087-0,e,42d56bbf-Audio_SP23_part04,group_0,1,fave,156.0298754643713,80.5417078477616,8,el,"",0.05999999999994543,en,de,#,l,n,l,initial
343.73022262819933,2131.7899096203428,3738.014336364524,2.5233839570676033,3.30997898782778,4.775864033250783,6589.74358974359,0.00005045587783019467,582.55275,0.025,0.33783783783783783,0-0-2088-1,e,42d56bbf-Audio_SP23_part04,group_0,1,fave,145.19593614545025,80.75898713280523,8,de,"",0.0500000000001819,el,^Vogue^,d,#,d,b,final
352.62749432990375,1795.5548047104858,3200.8689875083924,3.1234842625738306,3.9191348776738835,4.2538269035998315,7128.205128205128,0.003947840378306291,582.9257500000001,0.051000000000000004,0.3311688311688311,0-0-2090-0,e,42d56bbf-Audio_SP23_part04,group_0,1,fave,188.56928910371357,77.17422383052623,8,el,"",0.13000000000010914,^Vogue^,[silence],#,l,g,l,initial
356.669298528184,2217.344329158544,3968.956536232586,2.9945140787126436,3.490801067475577,5.269306852387948,8205.128205128205,0.004761148601771137,583.89375,0.047,0.3263888888888889,0-0-2092-1,e,42d56bbf-Audio_SP23_part04,group_0,1,fave,147.84042855644114,78.2024787042169,8,de,"",0.11999999999989086,[silence],^Vogue^,d,#,d,b,final
314.03791525643703,2279.3335432744852,3823.5251327895357,3.0037351035751687,4.475578893105198,3.207583319804522,7307.692307692308,0.0008058900958659146,584.2387499999999,0.037000000000000005,0.324561403508772,0-0-2093-3,e,42d56bbf-Audio_SP23_part04,group_0,1,fave,265.58292278957333,78.46324124794074,8,^Vogue^,"",0.09000000000014552,de,de,g,#,g,d,final
480.5804946436375,2015.7522293188042,2823.914666427611,3.185446501580517,3.4865693238179563,4.969304216278455,6769.2307692307695,0.010039755992864392,588.1807500000001,0.061000000000000006,0.3315217391304348,0-0-2104-4,e,42d56bbf-Audio_SP23_part04,group_0,1,fave,162.1891755656316,76.457257385231,8,donde,"",0.15999999999985448,[silence],justamente,d,#,d,x,final
487.0567769308739,1948.1988570146318,2772.6763183084913,2.327846966576784,2.9959493454227744,4.503071396260015,6410.25641025641,0.00010816862008278758,593.8277499999999,0.035,0.33653846153846156,0-0-2123-1,e,42d56bbf-Audio_SP23_part04,group_0,1,fave,155.29644733793882,81.48548738365457,8,le,"",0.07999999999992724,y,dabas,l,#,l,d,final
654.7034716101674,2243.6778809090924,3810.661327850662,4.094413348907423,3.4809872945004816,4.318262656223911,7487.179487179487,0.000052734244798497954,595.7037500000001,0.027000000000000003,0.32142857142857145,0-0-2131-0,e,42d56bbf-Audio_SP23_part04,group_0,1,fave,222.4049455032253,80.09285055267331,8,enter,"",0.05999999999994543,dabas,te,#,n,s,n,initial
432.73328927041456,2126.1867620353314,3822.5595551392767,3.2267801558793616,3.300840785226838,4.294148116476167,7128.205128205128,0.0026811012247012988,596.8607500000002,0.041,0.3306451612903226,0-0-2135-0,e,42d56bbf-Audio_SP23_part04,group_0,1,fave,182.5974229998958,68.64850090959247,8,el,"",0.09999999999990905,el,espacio,#,l,l,l,initial
348.6339748117797,2015.0346211934575,3630.1264678648113,3.374217304150123,3.2250693509951938,4.46377137619083,7307.692307692308,0.00047505721039568446,596.99775,0.035,0.3365384615384616,0-0-2136-0,e,42d56bbf-Audio_SP23_part04,group_0,1,fave,195.9022177632581,78.89514867259942,8,espacio,"",0.07999999999992724,el,donde,#,s,l,s,initial
297.1248657263828,1971.9467670198585,3407.7915898030806,3.7339935673690943,3.41103172568468,4.1645961935345515,8025.641025641025,0.001470527761521674,598.0507500000002,0.041,0.3306451612903226,0-0-2140-1,e,42d56bbf-Audio_SP23_part04,group_0,1,fave,139.7152098987415,73.6381405963799,8,meter,"",0.09999999999990905,a,la,m,t,m,t,internal
461.86507691647034,1941.4523824488256,3848.042788299622,2.2354059654449694,2.625710709693068,3.283805647612685,7128.205128205128,2.08819560333883e-6,598.74275,0.025,0.33783783783783783,0-0-2143-0,e,42d56bbf-Audio_SP23_part04,group_0,1,fave,453.02772712680445,72.5987212806297,8,el,"",0.0500000000001819,[silence],el,#,l,.,l,initial
322.8714437762961,1788.8465132829415,3486.765218897477,3.6251490942537323,3.3221227710973174,4.778831147692336,6769.2307692307695,0.0016373026393658725,598.9557500000001,0.031,0.32978723404255317,0-0-2144-0,e,42d56bbf-Audio_SP23_part04,group_0,1,fave,145.30508137507698,62.42139776592549,8,el,"",0.07000000000016371,el,URL,#,l,l,l,initial
419.207141738776,1582.7871076560402,2242.1484344994915,3.3344726955940724,3.4312262632555397,4.628812339527147,6410.25641025641,0.00024086546872850153,599.2387499999999,0.037,0.32456140350877194,0-0-2145-1,e,42d56bbf-Audio_SP23_part04,group_0,1,fave,140.4245192681033,78.16672442480785,8,URL,"",0.09000000000014552,el,[silence],u,R,u,R,internal
393.52872033416094,1771.7525892787219,3082.3732202248807,4.00787096036131,2.452718562070918,3.8907713296473165,6410.25641025641,0.000018597534619651986,599.4237499999999,0.027000000000000003,0.32142857142857145,0-0-2145-3,e,42d56bbf-Audio_SP23_part04,group_0,1,fave,172.64527404403526,80.3673613784979,8,URL,"",0.05999999999994543,el,[silence],R,é,R,é,internal
359.40899701279693,2139.7268355298315,3628.748947215927,2.1464011139539005,3.2844551181232435,4.339751530960297,5871.794871794871,0.0019109959620435355,599.7377500000001,0.055,0.33536585365853655,0-0-2145-6,e,42d56bbf-Audio_SP23_part04,group_0,1,fave,211.56347550039055,72.77635127935594,8,URL,"",0.13999999999987267,el,[silence],l,#,l,.,final
588.3365267750922,1530.016590988326,2127.378758175772,2.7974539729480736,3.7002458201163684,4.0909118049684645,5333.333333333333,0.00023230556851380882,3.76775,0.035,0.3365384615384616,0-0-7-0,a,42d56bbf-Audio_SP23_part04,group_0,1,fave,139.84662929396052,74.92333638471023,8,A,"",0.07999999999992724,.,pesar,#,#,.,p,coextensive
485.12361722805116,1460.446524251775,2242.765372269826,3.0890113310706786,3.761707827645225,3.2454760866121313,4435.897435897436,9.010779505209845e-6,4.8627499999999095,0.025,0.33783783783783783,0-0-15-0,a,42d56bbf-Audio_SP23_part04,group_0,1,fave,149.59574433767926,74.74115505929359,8,hablando,"",0.0500000000001819,estoy,[silence],#,b,y,b,initial
589.3179260072674,1707.0688584839506,2403.0485442107374,3.530902797660207,3.362976621128702,4.0908996834861595,5333.333333333333,0.00004187043860339076,6.743750000000018,0.027000000000000003,0.32142857142857145,0-0-21-3,a,42d56bbf-Audio_SP23_part04,group_0,1,fave,109.39373370908436,69.1363551362348,8,características,"",0.05999999999994543,las,de,R,k,R,k,internal
581.2267568954578,1893.2615853992854,3690.0234519355677,3.4185608046406424,3.7674526190975834,4.853306158290189,6769.2307692307695,0.0009670481503647448,10.157750000000101,0.035,0.3365384615384616,0-0-31-0,a,42d56bbf-Audio_SP23_part04,group_0,1,fave,162.37658319665036,76.63189329757282,8,apegado,"",0.07999999999992724,muy,a,#,p,y,p,initial
671.0179474784337,975.7918919503628,2300.62380060554,2.9824354272170304,4.4553460453509945,4.009345815019399,5512.820512820513,0.003147517017517268,10.86774999999992,0.055,0.33536585365853655,0-0-32-0,a,42d56bbf-Audio_SP23_part04,group_0,1,fave,117.76812390361282,69.81823949949963,8,a,"",0.14000000000010004,apegado,normas,#,#,o,n,coextensive
509.3178307651079,1741.4657714927969,2310.5017216949554,3.3766808167510134,3.2801272962179264,4.672228506416071,5692.3076923076915,0.0016241583760029086,13.440750000000072,0.041,0.3306451612903226,0-0-41-8,a,42d56bbf-Audio_SP23_part04,group_0,1,fave,126.64931929898133,68.15916107701716,8,petrolera,"",0.09999999999990905,industria,con,R,#,R,k,final
481.17456594519405,1579.6400760025915,2258.595264005319,2.967171207062329,3.107215464099634,3.7571169373095197,5333.333333333333,0.000036545094141248165,14.453750000000054,0.027000000000000003,0.32142857142857145,0-0-45-6,a,42d56bbf-Audio_SP23_part04,group_0,1,fave,148.50418917706105,76.51811484204572,8,empresa,"",0.05999999999994543,una,que,s,#,s,k,final
680.8718952518277,1407.961535371755,2227.5876806196097,3.1595493496597085,3.182388162884677,4.30282632222984,4615.384615384615,4.877292797931773e-6,15.88274999999989,0.025,0.33783783783783783,0-0-51-1,a,42d56bbf-Audio_SP23_part04,group_0,1,fave,134.4057018061257,79.46872285913497,8,manejar,"",0.0500000000001819,que,con,m,n,m,n,internal
376.539821578353,1353.0075279696546,3219.604565120133,3.670406363250448,3.36606523592471,4.781686874244678,5333.333333333333,0.0025959998251148106,16.813749999999953,0.027000000000000003,0.32142857142857145,0-0-53-4,a,42d56bbf-Audio_SP23_part04,group_0,1,fave,159.35167365624605,72.42785877583881,8,normas,"",0.05999999999994543,con,[silence],m,s,m,s,internal
546.9158237869788,1788.066709046406,2378.966982932469,2.594940341918837,3.5341289994156293,3.134076255613071,5512.820512820513,0.00006152830306402937,25.03374999999998,0.027000000000000003,0.32142857142857145,0-0-85-1,a,42d56bbf-Audio_SP23_part04,group_0,1,fave,178.96394395002298,80.73494307451438,8,tareas,"",0.05999999999994543,hay,que,t,R,t,R,internal
509.8998467669374,1799.5747958460638,3363.3593692758936,2.4180142947318792,3.655866450100847,3.800459811698625,6230.7692307692305,0.00012970794747274356,27.943750000000062,0.027000000000000003,0.32142857142857145,0-0-98-5,a,42d56bbf-Audio_SP23_part04,group_0,1,fave,165.96953782957007,77.85951969543042,8,empleadores,"",0.05999999999994543,los,porque,e,d,e,d,internal
474.35792687619255,1833.7752998168526,2661.9206082696937,3.579792346007321,3.3055906384209455,4.666777127078615,4974.358974358975,0.0011138838474779014,32.34574999999993,0.031,0.32978723404255317,0-0-112-5,a,42d56bbf-Audio_SP23_part04,group_0,1,fave,169.73160331717844,74.04833247515856,8,ofensa,"",0.07000000000016371,como,a,s,#,s,a,final
772.7594189306595,1486.7659840655213,2712.2708982782256,3.6822015836198623,3.258443877031768,4.15306993601412,4974.358974358975,0.021861199263472308,32.44375000000009,0.087,0.3295454545454546,0-0-113-0,a,42d56bbf-Audio_SP23_part04,group_0,1,fave,181.5080065177545,69.29735211556533,8,a,"",0.2400000000000091,ofensa,a,#,#,a,a,coextensive
720.2691477736072,1351.7285747716355,2598.173665245601,2.7077939872601675,3.63526203680003,4.723344567374786,5871.794871794871,0.013378797358007982,32.692750000000096,0.10500000000000001,0.3343949044585987,0-0-114-0,a,42d56bbf-Audio_SP23_part04,group_0,1,fave,108.74733660122263,68.57034609202992,8,a,"",0.2899999999999636,a,terceros,#,#,a,t,coextensive
691.6187548630074,1437.5716478190545,3928.865175733208,4.049237742456108,4.413991957952143,4.540695694673961,6948.717948717948,0.016203480526480744,35.22875000000004,0.037000000000000005,0.324561403508772,0-0-122-2,a,42d56bbf-Audio_SP23_part04,group_0,1,fave,199.35354440432658,78.44505982774504,8,una,"",0.08999999999991815,sale,tarea,n,#,n,t,final
456.7141819541905,1564.124448468094,2222.3392086048557,3.1083282680617126,2.601843943060382,4.733316573330805,5153.846153846154,0.00033432291492830024,37.59274999999993,0.025,0.33783783783783783,0-0-137-0,a,42d56bbf-Audio_SP23_part04,group_0,1,fave,140.5738283452465,67.89374890059557,8,absurda,"",0.0500000000001819,parece,[silence],#,b,e,b,initial
643.2789213055354,1477.5381809772332,2352.559810885641,3.0844690385418074,3.81854879282678,4.346728873500912,4974.358974358975,0.006830785319027319,39.48575000000003,0.051000000000000004,0.3311688311688311,0-0-140-3,a,42d56bbf-Audio_SP23_part04,group_0,1,fave,128.88157472861485,77.51913889763567,8,está,"",0.12999999999988177,y,bien,t,#,t,b,final
655.7622914594673,1307.8083801536852,2340.020092176498,2.0679375618827804,3.775345883217436,3.7362185473286003,5153.846153846154,7.64481760560757e-6,39.83374999999994,0.027000000000000003,0.32142857142857145,0-0-142-1,a,42d56bbf-Audio_SP23_part04,group_0,1,fave,212.8123706517451,81.37305659525921,8,valorada,"",0.060000000000172804,bien,porque,b,l,b,l,internal
648.7707981238366,1318.4348347206421,2428.126628035023,2.685852398620176,2.926692242745942,3.66508754105195,4974.358974358975,0.00026411968355665333,40.1577500000001,0.035,0.33653846153846156,0-0-142-7,a,42d56bbf-Audio_SP23_part04,group_0,1,fave,154.81011676981953,79.62410044977658,8,valorada,"",0.07999999999992724,bien,porque,d,#,d,p,final
664.8418572744974,1336.7915967918466,3391.780365107533,3.8372597057045867,3.607880227633508,4.2134157360668105,6589.74358974359,0.0031370621663396226,42.93075000000008,0.041,0.3306451612903226,0-0-154-1,a,42d56bbf-Audio_SP23_part04,group_0,1,fave,147.8146297105148,64.85869215691231,8,bastante,"",0.09999999999990905,es,",",b,s,b,s,internal
625.7121190519706,1641.0543558749866,2421.742609419953,2.636299636317754,3.690737750321064,2.946409077670014,5153.846153846154,0.00037475198158905786,46.05874999999997,0.037000000000000005,0.324561403508772,0-0-167-1,a,42d56bbf-Audio_SP23_part04,group_0,1,fave,134.73073724684025,80.0427465772829,8,la,"",0.09000000000014552,[silence],tarea,l,#,l,t,final
504.0682113286837,1650.811996462031,2290.754296191759,2.6033977911171537,3.403454624590975,3.9363607757271413,4974.358974358975,0.00001197795153314617,46.193750000000065,0.027000000000000003,0.32142857142857145,0-0-168-1,a,42d56bbf-Audio_SP23_part04,group_0,1,fave,139.9304037366123,80.22508007037354,8,tarea,"",0.05999999999994543,la,dicen,t,R,t,R,internal
524.3958654313814,1780.8875776983027,2342.3212520628563,2.846792495843249,3.1079993416813174,4.057512899803664,4974.358974358975,0.0001402994426361756,46.36574999999991,0.031,0.32978723404255317,0-0-168-4,a,42d56bbf-Audio_SP23_part04,group_0,1,fave,156.3871333728297,78.957214293411,8,tarea,"",0.07000000000016371,la,dicen,é,#,é,d,final
331.0827465926144,1753.4453094821092,2397.538561125372,3.868223708655045,3.779910240200143,3.9014217868939887,5692.3076923076915,0.00012007221489849922,48.10274999999992,0.025,0.33783783783783783,0-0-172-0,a,42d56bbf-Audio_SP23_part04,group_0,1,fave,193.80984292963694,77.11306075239135,8,a,"",0.0500000000001819,vaya,este,#,#,a,s,coextensive
577.1649701305569,1676.9855565771386,2295.038607013458,2.7637129989734643,3.2758288867392373,4.671578989968017,4794.871794871795,0.000055117814472428114,49.02374999999999,0.027000000000000003,0.32142857142857145,0-0-176-4,a,42d56bbf-Audio_SP23_part04,group_0,1,fave,202.38342364418597,76.82909696250358,8,Instagram,"",0.05999999999994543,de,[silence],t,g,t,g,internal
596.7966986053001,1448.1805213294701,2329.7137232468485,3.1598334803814687,3.52921251142639,3.7232414027382084,5333.333333333333,0.000462097951789058,62.86374999999991,0.027000000000000003,0.32142857142857145,0-0-251-2,a,42d56bbf-Audio_SP23_part04,group_0,1,fave,159.71049732952721,74.33580424426084,8,una,"",0.060000000000172804,hubo,campaña,n,#,n,k,final
606.3172285047393,1675.6757304974724,2504.142718301909,3.389642643553543,3.3050564140309913,3.528959880229754,5153.846153846154,0.0001704483688053874,63.61274999999991,0.045,0.3358208955223881,0-0-254-0,a,42d56bbf-Audio_SP23_part04,group_0,1,fave,190.74816307919994,78.48930836993435,8,a,"",0.11000000000012733,entre,alguien,#,#,e,á,coextensive
566.4135000991383,1342.957185342793,2531.4858008231745,3.2733763263768747,2.9770537497236607,4.5021856289407305,5333.333333333333,0.0013258507647132872,72.73875000000002,0.037,0.32456140350877194,0-0-297-1,a,42d56bbf-Audio_SP23_part04,group_0,1,fave,195.6950497894247,74.01831756003074,8,la,"",0.08999999999991815,hecho,tarea,l,#,l,t,final
490.96429624637085,1488.2465161648374,2035.1477270044343,2.7960827351338335,3.439044837537279,4.024597400914467,4615.384615384615,5.960166196396857e-6,72.8727499999999,0.025,0.33783783783783783,0-0-298-1,a,42d56bbf-Audio_SP23_part04,group_0,1,fave,148.3850291043573,76.01792214959144,8,tarea,"",0.0500000000001819,la,",",t,R,t,R,internal
567.5261054452665,1499.4869188842204,2425.2727177901143,2.827802595630369,3.4737607199021805,3.768063753537721,4794.871794871795,0.00013809055236031537,73.35574999999992,0.031,0.32978723404255317,0-0-302-1,a,42d56bbf-Audio_SP23_part04,group_0,1,fave,111.58440161838627,67.11022096395153,8,la,"",0.07000000000016371,no,he,l,#,l,é,final
512.779880811762,1640.6508378743188,2323.4634929819517,3.1683550905821094,3.263632092530659,3.314312270787412,4974.358974358975,0.0009347804551138073,83.05774999999996,0.035,0.33653846153846156,0-0-350-3,a,42d56bbf-Audio_SP23_part04,group_0,1,fave,100.64958054992695,71.19239600150513,8,Para,"",0.07999999999992724,.,que,R,#,R,k,final
553.7497354850505,1501.0587920951775,2249.4412088941176,3.424012692887486,3.2869665149563545,4.170847911046766,4435.897435897436,0.0021304710782933385,83.4287500000001,0.057,0.32758620689655177,0-0-352-2,a,42d56bbf-Audio_SP23_part04,group_0,1,fave,92.91547497530698,63.87061587830368,8,vea,"",0.14999999999986358,que,",",é,#,é,.,final
539.1613155490745,1663.450677752146,2343.1785077280133,2.9022234615024547,3.531720183225385,3.5761373450828895,4974.358974358975,0.00143097961250817,84.1207499999999,0.041,0.3306451612903226,0-0-354-3,a,42d56bbf-Audio_SP23_part04,group_0,1,fave,177.70009720340116,78.57946472498345,8,mira,"",0.10000000000013642,",",tu,R,#,R,t,final
451.9802904251609,1575.3756979874274,2268.731921439986,3.307357634772443,3.440742945176748,4.412982635139516,5692.3076923076915,0.0033140648101265186,84.69375000000007,0.047,0.3263888888888889,0-0-357-2,a,42d56bbf-Audio_SP23_part04,group_0,1,fave,211.97095229498277,76.81968625835778,8,esas,"",0.11999999999989086,ves,",",s,s,s,s,internal
442.50887243094223,1275.7332120837464,3563.488804240057,3.321290013938991,3.877929993040635,4.480027246626609,7666.666666666666,0.025108214173272362,86.94375000000011,0.10700000000000001,0.3302469135802469,0-0-365-2,a,42d56bbf-Audio_SP23_part04,group_0,1,fave,162.38470161432127,75.3495754330591,8,una,"",0.2999999999999545,parece,la,n,#,n,l,final
650.0906511718119,1495.5102518374258,2237.6884022595373,3.3549906488214973,3.300453185372007,4.3404101621714455,4615.384615384615,0.00009052999565692922,87.30574999999996,0.031,0.32978723404255317,0-0-366-1,a,42d56bbf-Audio_SP23_part04,group_0,1,fave,138.32542821776417,74.64645122201969,8,la,"",0.06999999999993634,una,maravilla,l,#,l,m,final
577.7461581971415,1360.7368868942801,2368.5083332737836,3.8806428742567616,2.8878450958760853,4.236799913224125,5333.333333333333,0.00017678819964474314,87.45375000000006,0.027000000000000003,0.32142857142857145,0-0-367-1,a,42d56bbf-Audio_SP23_part04,group_0,1,fave,135.94441116595542,76.06891067940703,8,maravilla,"",0.05999999999994543,la,del,m,R,m,R,internal
619.9514415860642,1478.8006718357801,2482.702700337019,3.63692791821849,3.9873646370825795,3.7334992025460414,4974.358974358975,0.0022430856913735796,90.1237499999999,0.047,0.3263888888888889,0-0-376-6,a,42d56bbf-Audio_SP23_part04,group_0,1,fave,227.3042109036124,76.40645177432494,8,empiezas,"",0.12000000000011823,cuando,a,z,s,z,s,internal
640.6001584540438,1137.413151881304,2366.4712497929268,2.1034626151852844,3.905632506973029,2.8884153323559416,5692.3076923076915,0.000010066106658861688,90.3727499999999,0.025,0.33783783783783783,0-0-378-2,a,42d56bbf-Audio_SP23_part04,group_0,1,fave,216.33518910276845,80.64977855128893,8,trabajar,"",0.0500000000001819,a,.,R,b,R,b,internal
438.63038877294144,1755.755816667858,2685.941964728865,3.0106037863275033,2.879664968186401,3.4030520355253278,5153.846153846154,0.00006764476934763146,96.94375000000007,0.027000000000000003,0.32142857142857145,0-0-408-1,a,42d56bbf-Audio_SP23_part04,group_0,1,fave,175.2356199442654,78.54141430630781,8,la,"",0.05999999999994543,y,sigan,l,#,l,s,final
589.0900667928471,1649.0128989697685,2228.4348928624586,3.628613336400746,3.617136932777953,4.786456897415783,5692.3076923076915,0.0024337807671958676,102.92075000000008,0.041,0.3306451612903226,0-0-430-1,a,42d56bbf-Audio_SP23_part04,group_0,1,fave,161.0545034916846,67.0974592707556,8,sacar,"",0.09999999999990905,deberían,esa,s,k,s,k,internal
519.9353770135209,1509.1757658686904,2356.960796454631,3.631007610010752,2.6193770253680095,4.4235205336481265,5333.333333333333,0.0056239090609073875,103.31074999999996,0.041,0.3306451612903226,0-0-431-2,a,42d56bbf-Audio_SP23_part04,group_0,1,fave,186.97019430149155,77.13639589463814,8,esa,"",0.10000000000013642,sacar,tarea,s,#,s,t,final
712.9970598415965,1587.2795583848808,3495.993328563843,3.196593906839532,4.415421916876187,4.518053455156759,6410.25641025641,0.0011045523649844918,106.66375000000009,0.027000000000000003,0.32142857142857145,0-0-448-3,a,42d56bbf-Audio_SP23_part04,group_0,1,fave,235.7926389427074,66.20524801779322,8,mala,"",0.05999999999994543,está,.,l,#,l,.,final
653.1485328449019,1732.779164173832,2219.7902704183184,3.179480529000245,3.6592550064098677,3.2885994858190934,4974.358974358975,0.00003616946323148467,118.94375000000007,0.027000000000000003,0.32142857142857145,0-0-460-2,a,42d56bbf-Audio_SP23_part04,group_0,1,fave,227.28019925879244,79.93499885637374,8,unas,"",0.05999999999994543,hay,tareas,n,s,n,s,internal
692.0598770929641,1942.2128919210577,3269.6558818121366,2.101350362636394,3.403401610750757,3.8737447790081254,6589.74358974359,0.000025641537443716654,119.11374999999991,0.027000000000000003,0.32142857142857145,0-0-461-1,a,42d56bbf-Audio_SP23_part04,group_0,1,fave,222.72854362862023,83.74807890152857,8,tareas,"",0.060000000000172804,unas,fíjate,t,R,t,R,internal
564.4908384734059,1801.2428373451799,2384.461099106953,3.3812805394282623,3.588438074156466,4.343433327513643,4794.871794871795,0.0018012333715455426,119.36074999999991,0.041,0.3306451612903226,0-0-461-4,a,42d56bbf-Audio_SP23_part04,group_0,1,fave,179.89821063389206,76.85994000954338,8,tareas,"",0.10000000000013642,unas,fíjate,é,s,é,s,internal
512.3182090078928,1728.4854018120875,2205.766263544828,2.714744104209979,3.319056793319062,3.1657944053316016,5512.820512820513,0.00008250645320264467,122.13574999999989,0.031,0.32978723404255317,0-0-470-1,a,42d56bbf-Audio_SP23_part04,group_0,1,fave,240.61378514468512,76.61569487915959,8,tareas,"",0.07000000000016371,Hay,[silence],t,R,t,R,internal
532.751928698372,1487.913418388593,2159.6438031537755,3.9002978594115048,2.5006322983347657,3.6277799630211884,5333.333333333333,0.0018987092922823122,122.3807499999999,0.061000000000000006,0.3315217391304348,0-0-470-4,a,42d56bbf-Audio_SP23_part04,group_0,1,fave,245.8802938765778,75.70018167008035,8,tareas,"",0.16000000000008185,Hay,[silence],é,s,é,s,internal
542.2318263050855,1531.197896068407,2481.2984911807166,3.2585491017157215,3.5923720429426984,3.2538912169539835,5333.333333333333,0.00019400353294007184,123.98575000000002,0.031,0.32978723404255317,0-0-477-0,a,42d56bbf-Audio_SP23_part04,group_0,1,fave,112.79982262534934,70.34656659253427,8,hacer,"",0.06999999999993634,puedes,.,#,z,s,z,initial
479.7787667565135,1445.6712304591933,2113.1785549299193,3.1063750608697003,2.7334255371032192,4.422799195486556,5153.846153846154,0.0012425532340499315,127.17875000000008,0.037000000000000005,0.324561403508772,0-0-491-1,a,42d56bbf-Audio_SP23_part04,group_0,1,fave,125.6417925682105,65.62242242236651,8,sanciones,"",0.08999999999991815,benditas,",",s,n,s,n,internal
608.9970344666301,2034.3053251039858,3769.8743710180656,2.9147092761235087,4.245237743408818,4.772408660302003,6769.2307692307695,0.0001179769272112021,127.84274999999992,0.025,0.33783783783783783,0-0-494-1,a,42d56bbf-Audio_SP23_part04,group_0,1,fave,195.33566929141872,79.45077645646124,8,tarea,"",0.0500000000001819,hay,[silence],t,R,t,R,internal
595.6481596069141,1361.532497887358,2282.121209703584,3.2700489448497545,3.72016010922591,3.863904515250144,5692.3076923076915,0.004176288738436116,128.08774999999994,0.055,0.33536585365853655,0-0-494-4,a,42d56bbf-Audio_SP23_part04,group_0,1,fave,137.1981769596075,67.45338038597704,8,tarea,"",0.14000000000010004,hay,[silence],é,#,é,.,final
644.8467328733967,1442.0041207037775,2252.1637025024147,3.4246896131750284,3.504798886036739,4.387466276675145,4974.358974358975,0.0030341652711070796,129.3487499999999,0.037000000000000005,0.324561403508772,0-0-500-5,a,42d56bbf-Audio_SP23_part04,group_0,1,fave,145.84791445513113,77.19292935520014,8,mañana,"",0.09000000000014552,hasta,tratará,n,#,n,t,final
685.4642996398654,1426.0184168188703,2427.886560540769,4.183974316483886,3.313775249600168,4.785679518161854,5333.333333333333,0.05941302370194767,130.1427499999999,0.065,0.33505154639175255,0-0-504-2,a,42d56bbf-Audio_SP23_part04,group_0,1,fave,92.03743194491591,68.07784978157069,8,una,"",0.17000000000007276,hacer,",",n,#,n,.,final
672.6717555819888,1300.9466636126824,2402.5144006166897,2.666821584668022,3.2867218033384678,3.1952630708791543,4974.358974358975,0.00002171842848180436,131.1637500000001,0.027000000000000003,0.32142857142857145,0-0-510-1,a,42d56bbf-Audio_SP23_part04,group_0,1,fave,137.93413636108204,75.87281225212723,8,pagada,"",0.05999999999994543,bien,valía,p,g,p,g,internal
637.7830158349938,1904.2252048944515,3481.03481544011,4.338339883691973,3.6888775126121827,4.588114041034937,6230.7692307692305,0.0012292048432274835,136.84774999999993,0.035,0.33653846153846156,0-0-539-0,a,42d56bbf-Audio_SP23_part04,group_0,1,fave,185.68785821766738,75.43819361775479,8,a,"",0.08000000000015461,mandan,que,#,#,n,k,coextensive
371.43888974509525,1467.2788257195775,2303.312891285899,3.839936052291165,3.6601919300761994,3.94442249916059,5333.333333333333,0.000664621846701185,141.4277500000001,0.035,0.3365384615384616,0-0-558-0,a,42d56bbf-Audio_SP23_part04,group_0,1,fave,170.41994048605912,75.6167669763415,8,Android,"",0.07999999999992724,eres,o,#,n,s,n,initial
522.1057348376236,1689.6690477587588,2298.412368944254,2.892579878129732,3.294262944883787,2.9565484393830244,4974.358974358975,0.000012583426706133643,144.87274999999988,0.025,0.33783783783783783,0-0-569-1,a,42d56bbf-Audio_SP23_part04,group_0,1,fave,242.4255973943934,78.31286755970677,8,tarea,"",0.0500000000001819,hay,[pron=pi],t,R,t,R,internal
612.253670646898,1356.925414808116,2206.850470094658,3.432597021552259,2.879686842188234,3.3702811068867327,6051.282051282051,0.0009020614077807495,151.43075000000007,0.061000000000000006,0.3315217391304348,0-0-586-4,a,42d56bbf-Audio_SP23_part04,group_0,1,fave,100.51640744671232,60.38623066561245,8,agarra,"",0.15999999999985448,no,",",r,#,r,.,final
575.6791933593844,1507.306081668522,2138.357082788124,2.4608453287803713,3.3709216469428642,4.177461042462523,4435.897435897436,0.0005872072910372406,154.08074999999997,0.041,0.3306451612903226,0-0-598-1,a,42d56bbf-Audio_SP23_part04,group_0,1,fave,139.29201509507308,77.96342995094875,8,la,"",0.10000000000013642,[silence],localidad,l,#,l,l,final
630.7188106884666,1650.715874426333,3089.9640621418844,3.0925382661064584,3.498907016531423,4.884245741699284,5512.820512820513,0.0001443951500425393,165.4137500000001,0.027000000000000003,0.32142857142857145,0-0-642-3,a,42d56bbf-Audio_SP23_part04,group_0,1,fave,241.79985079376004,77.95405550338536,8,muchas,"",0.05999999999994543,[silence],tareas,h,s,h,s,internal
596.7183118359873,1705.1808447088115,3234.6259582067564,3.6861723162365223,3.3175698605302735,4.629935068293078,6589.74358974359,0.0018148949852195711,166.74875,0.037,0.32456140350877194,0-0-647-3,a,42d56bbf-Audio_SP23_part04,group_0,1,fave,234.21068028084056,75.06380419098274,8,esta,"",0.08999999999991815,[silence],tarea,t,#,t,t,final
610.4649980309026,1547.7766339272239,3503.498963792997,2.2730294005773266,3.2302892369271174,4.049849763512638,5871.794871794871,0.00035391652675356304,166.8757499999999,0.031,0.32978723404255317,0-0-648-1,a,42d56bbf-Audio_SP23_part04,group_0,1,fave,206.14933228693565,76.10335591466152,8,tarea,"",0.07000000000016371,esta,es,t,R,t,R,internal
615.448049725404,1701.4957221884335,2235.663781750776,2.7851756270331878,3.4255608546609713,3.7198818118576695,4794.871794871795,0.0010165820638773288,167.13574999999992,0.051000000000000004,0.3311688311688312,0-0-648-4,a,42d56bbf-Audio_SP23_part04,group_0,1,fave,207.5025933727275,76.90094595548193,8,tarea,"",0.13000000000010914,esta,es,é,#,é,é,final
642.5685227961002,1413.1524796040237,3565.897664265237,3.007551721921848,3.921605032367086,4.078381776366077,6769.2307692307695,0.008605446903264344,167.4107500000001,0.061000000000000006,0.3315217391304348,0-0-650-1,a,42d56bbf-Audio_SP23_part04,group_0,1,fave,200.2722309958776,78.93545241845457,8,valida,"",0.15999999999985448,es,para,b,l,b,l,internal
639.7955926225918,1987.2474732354071,3682.5684995238535,2.228869674776721,4.0132800951254275,4.116191859338592,6051.282051282051,0.004295320112400076,167.6737500000001,0.047,0.3263888888888889,0-0-650-5,a,42d56bbf-Audio_SP23_part04,group_0,1,fave,211.7980210100178,77.60636148162702,8,valida,"",0.11999999999989086,es,para,d,#,d,p,final
623.9978728035129,1471.979460919156,2543.3782327432505,2.7577952663800867,2.977421450350725,4.808327994365992,5871.794871794871,0.00011106360648402208,167.97375000000005,0.027000000000000003,0.32142857142857145,0-0-651-3,a,42d56bbf-Audio_SP23_part04,group_0,1,fave,129.0159154733595,74.45567089707345,8,para,"",0.05999999999994543,valida,estos,R,#,R,s,final
560.6142919487202,1564.4304874474988,2050.2804594250683,2.55722040060865,3.148381196645555,3.9575167962771087,4435.897435897436,0.00002156110499533319,170.07374999999996,0.027000000000000003,0.32142857142857145,0-0-661-1,a,42d56bbf-Audio_SP23_part04,group_0,1,fave,140.67728570661163,80.00322089472103,8,tareas,"",0.05999999999994543,hay,válidas,t,R,t,R,internal
496.18908500666134,1469.2830967517884,2015.4292530181324,3.296668704999331,2.9625714071587765,4.247949852222335,6051.282051282051,0.00022182459354013763,173.28574999999998,0.031,0.32978723404255317,0-0-675-6,a,42d56bbf-Audio_SP23_part04,group_0,1,fave,147.84208455951787,75.6941837391566,8,siquiera,"",0.06999999999993634,ni,te,R,#,R,t,final
444.6546324335123,1915.255147663402,3642.5992369892865,2.8063253153685124,3.428314361491055,3.708029019481553,6410.25641025641,0.00018373140442444401,178.78375,0.027000000000000003,0.32142857142857145,0-0-694-0,a,42d56bbf-Audio_SP23_part04,group_0,1,fave,99.5254710821811,76.02470683934516,8,a,"",0.05999999999994543,voy,decir,#,#,y,d,coextensive
740.7344512867109,1420.8012167619797,2248.0773279943223,3.33342198841934,3.096411734333866,4.492872972918081,5333.333333333333,0.002393204522846318,179.99875000000003,0.07700000000000001,0.3290598290598291,0-0-698-0,a,42d56bbf-Audio_SP23_part04,group_0,1,fave,153.84986968033607,79.68403358916026,8,&ah,"",0.21000000000003638,[silence],",",#,#,.,.,coextensive
501.8986032545687,1537.901991142951,3323.6606980135566,3.5599366487959796,2.9210633798240764,4.480984093294505,6410.25641025641,0.017853535890135115,181.84374999999994,0.047,0.3263888888888889,0-0-706-2,a,42d56bbf-Audio_SP23_part04,group_0,1,fave,152.2486960722992,69.81184808248219,8,estatutos,"",0.12000000000011823,los,de,t,t,t,t,internal
629.80854807938,1417.7131209244274,2209.4605252243628,2.982906259168092,3.04777987112862,4.669928930090766,5512.820512820513,0.03460604420450928,186.9187500000001,0.07700000000000001,0.3290598290598291,0-0-717-3,a,42d56bbf-Audio_SP23_part04,group_0,1,fave,-124734.0722075883,62.55843980747675,8,nada,"",0.209999999999809,pague,.,d,#,d,.,final
563.7862504382119,1591.6308373424408,3375.7955605363336,3.7029720025324817,3.412392739179104,4.149297257039164,6589.74358974359,0.04618748339721904,189.04375,0.067,0.32843137254901966,0-0-722-0,a,42d56bbf-Audio_SP23_part04,group_0,1,fave,184.01016576006887,72.06487071946833,8,afilie,"",0.18000000000006366,se,[silence],#,f,e,f,initial
618.5598009199399,1489.2486702976362,2552.2804104514526,2.839480407699949,3.431011907939549,3.061503135389279,5333.333333333333,0.00019438817406442396,192.57574999999994,0.031,0.32978723404255317,0-0-733-5,a,42d56bbf-Audio_SP23_part04,group_0,1,fave,-50.66302023870013,75.19030927309343,8,generalmente,"",0.07000000000016371,y,la,R,l,R,l,internal
753.3300795441359,1573.6498817332727,2250.6711236303154,3.522613450515052,3.516837402136707,3.735099237745322,4435.897435897436,0.0008926187548873367,193.0987499999999,0.037000000000000005,0.324561403508772,0-0-734-1,a,42d56bbf-Audio_SP23_part04,group_0,1,fave,106.1032949900473,70.87889316675775,8,la,"",0.09000000000014552,generalmente,mayoría,l,#,l,m,final
517.3250232999313,1322.442243561327,2367.2634499973497,4.0834137070427055,3.4166988068494826,4.313231241219604,4615.384615384615,0.01617691317435352,193.23075000000006,0.041,0.3306451612903226,0-0-735-1,a,42d56bbf-Audio_SP23_part04,group_0,1,fave,90.71783164072913,66.88374314398416,8,mayoría,"",0.09999999999990905,la,de,m,y,m,y,internal
628.9644706566186,1574.3164632355245,2201.591258584483,3.40830010215773,3.4600283564603704,4.170334413412068,4615.384615384615,0.0016509799185676491,193.6657500000001,0.031,0.32978723404255317,0-0-737-1,a,42d56bbf-Audio_SP23_part04,group_0,1,fave,222.52038723072977,76.81236635405591,8,las,"",0.06999999999993634,de,tareas,l,s,l,s,internal
590.1522339351394,1563.052962780704,2367.2769403909715,3.8904746129112784,3.730261756133025,3.7385949734394313,4974.358974358975,0.0022692311470877253,197.99875,0.037000000000000005,0.324561403508772,0-0-757-1,a,42d56bbf-Audio_SP23_part04,group_0,1,fave,221.6500381419265,75.31656823300222,8,las,"",0.08999999999991815,de,tareas,l,s,l,s,internal
628.4281392041148,1995.2175759527063,2307.046690089881,4.217504028742347,4.182115685493619,4.742523383578475,4794.871794871795,0.001176792284933394,198.37374999999992,0.027000000000000003,0.32142857142857145,0-0-758-4,a,42d56bbf-Audio_SP23_part04,group_0,1,fave,210.34700107324232,71.2239719014745,8,tareas,"",0.060000000000172804,las,son,é,s,é,s,internal
578.7904645257294,1622.766431909078,2200.829325209137,2.677444421973122,4.148361380446729,3.640881366036677,4794.871794871795,0.00001479740837510223,199.3427499999999,0.025,0.33783783783783783,0-0-763-3,a,42d56bbf-Audio_SP23_part04,group_0,1,fave,164.6118091110856,77.92340870207775,8,llegas,"",0.0500000000001819,tu,[pron=pi],g,s,g,s,internal
554.3550425657887,1728.2617267225107,2298.5763540872645,2.902684080929508,3.952297616440833,3.1729403896377213,4974.358974358975,0.00005388833660367112,200.48375000000004,0.027000000000000003,0.32142857142857145,0-0-769-0,a,42d56bbf-Audio_SP23_part04,group_0,1,fave,129.98994644117272,77.50557882379573,8,Amazon,"",0.05999999999994543,de,",",#,m,e,m,initial
641.3042983643114,1432.957598635677,2294.8855285826317,2.744944998131811,2.964956278958585,4.572950641777632,4794.871794871795,0.0003791801623214438,204.92875000000006,0.037,0.32456140350877194,0-0-784-5,a,42d56bbf-Audio_SP23_part04,group_0,1,fave,211.71348443900936,78.80791626943528,8,colocas,"",0.08999999999991815,donde,[silence],k,s,k,s,internal
636.8875780987619,1324.1030938562456,2292.387386462757,3.469896226482108,3.479539307950856,4.070508866102253,4974.358974358975,0.005615653544620363,209.93775000000008,0.095,0.334507042253521,0-0-795-0,a,42d56bbf-Audio_SP23_part04,group_0,1,fave,177.30395941732533,74.57595936091309,8,&ah,"",0.2599999999999909,[pron=pi],",",#,#,.,.,coextensive
573.2985759642081,1425.256178318159,2365.3998795939337,3.3148118753139757,3.295847232614071,3.2142999304708977,5333.333333333333,0.0003200086092526388,212.55374999999998,0.027000000000000003,0.32142857142857145,0-0-805-3,a,42d56bbf-Audio_SP23_part04,group_0,1,fave,148.47756234247296,73.31651659111927,8,pasas,"",0.05999999999994543,[silence],la,s,s,s,s,internal
381.45389076377893,1786.7519902292233,3693.242534559503,3.1431119573664854,2.7461724959266665,3.6175947411196825,5512.820512820513,0.00004649152930629946,213.09374999999994,0.027000000000000003,0.32142857142857145,0-0-807-6,a,42d56bbf-Audio_SP23_part04,group_0,1,fave,185.71810707373515,77.2458051738442,8,pantalla,"",0.060000000000172804,la,de,L,#,L,d,final
588.3580232385804,1821.090456960151,3731.43036185983,2.9992354587245305,3.916872948280174,3.8161171539071526,5871.794871794871,0.0001000708496215593,217.08574999999993,0.031,0.32978723404255317,0-0-827-4,a,42d56bbf-Audio_SP23_part04,group_0,1,fave,133.25663751563235,76.49437090689294,8,fuera,"",0.07000000000016371,que,tonto,R,#,R,t,final
662.4107531412844,1400.7911663641996,2298.865389733945,3.7300584395593206,3.577767711718606,4.166739270103436,4794.871794871795,0.03604258965047029,219.05374999999998,0.047,0.3263888888888889,0-0-837-1,a,42d56bbf-Audio_SP23_part04,group_0,1,fave,225.7910950243716,77.97818219153787,8,máximo,"",0.12000000000011823,lo,que,m,s,m,s,internal
588.8725840246976,1579.2164990541803,3674.374721884477,3.804000362984514,3.5471357432166553,3.7560097567501867,5871.794871794871,0.0023711496365200323,220.94575000000006,0.031,0.32978723404255317,0-0-844-0,a,42d56bbf-Audio_SP23_part04,group_0,1,fave,186.87772633047308,70.57639800800666,8,a,"",0.06999999999993634,vaya,[pron=pi],#,#,a,.,coextensive
586.6778325804759,1577.5931651596604,3514.546885103503,3.50615325290027,4.287946981512692,4.634567090779232,8564.102564102563,0.041799480568369275,221.78275,0.08499999999999999,0.33464566929133854,0-0-849-2,a,42d56bbf-Audio_SP23_part04,group_0,1,fave,287.17191659495523,69.350523707607,8,sea,"",0.2300000000000182,[silence],",",é,#,é,.,final
547.9961133645219,1058.4123860504267,2249.748081885359,3.5874981946732962,3.8189254772209527,2.8950188004471173,5333.333333333333,0.0011918748103518502,225.84374999999994,0.027000000000000003,0.32142857142857145,0-0-872-4,a,42d56bbf-Audio_SP23_part04,group_0,1,fave,119.2779481028474,73.0920136612139,8,además,"",0.060000000000172804,",",que,m,s,m,s,internal
532.9903560989746,1869.339785421962,3545.93636809772,2.7984015838949947,4.021905047018824,3.7004851451159864,5871.794871794871,0.0002510095920876918,229.60574999999992,0.031,0.32978723404255317,0-0-886-1,a,42d56bbf-Audio_SP23_part04,group_0,1,fave,95.82304637155205,76.8834587845641,8,tareas,"",0.07000000000016371,hay,",",t,R,t,R,internal
580.9184223974969,1646.8315058880728,2419.786151397029,3.4374368125213075,3.9984966905637203,3.8093768901504017,4974.358974358975,0.00016896720890583486,229.9077500000001,0.035,0.33653846153846156,0-0-886-4,a,42d56bbf-Audio_SP23_part04,group_0,1,fave,199.9430401829124,74.48048732885134,8,tareas,"",0.07999999999992724,hay,",",é,s,é,s,internal
570.3871340923979,1489.8111853280552,3401.329001507775,3.017402983167048,3.486112628481805,4.479364819544493,5512.820512820513,0.0025132667469676706,231.49075000000005,0.041,0.3306451612903226,0-0-893-1,a,42d56bbf-Audio_SP23_part04,group_0,1,fave,190.00170305683795,76.25212175467176,8,la,"",0.09999999999990905,de,tarea,l,#,l,t,final
629.817559608767,1420.6386312536376,2586.181511709888,3.2886096521734816,2.967219622348757,4.23563249132564,4974.358974358975,0.00005298451643724308,233.54375,0.027000000000000003,0.32142857142857145,0-0-902-6,a,42d56bbf-Audio_SP23_part04,group_0,1,fave,104.81857277994347,68.2808793304189,8,montadas,"",0.05999999999994543,mal,",",d,s,d,s,internal
617.1483935483805,1328.4456662387988,2664.6666015905716,3.881046020781723,3.4318508824481118,4.926063900400032,5871.794871794871,0.003156225420566726,236.08074999999997,0.041,0.3306451612903226,0-0-916-1,a,42d56bbf-Audio_SP23_part04,group_0,1,fave,136.51890939040177,71.08795508503042,8,la,"",0.10000000000013642,no,puedes,l,#,l,p,final
740.5893588887651,1414.3799933713383,2704.688742214804,2.690125082574166,2.9155932960365956,4.185448858382196,5333.333333333333,0.0006290422973454289,236.87574999999993,0.051000000000000004,0.3311688311688312,0-0-921-1,a,42d56bbf-Audio_SP23_part04,group_0,1,fave,190.25557636851283,79.53341606666159,8,las,"",0.13000000000010914,no,hago,l,s,l,s,internal
565.1800106998729,1588.2922716138626,2234.7816564500467,3.655673165324387,3.8782425555285815,3.922387247768383,4794.871794871795,0.00007373788662651718,238.45375000000007,0.027000000000000003,0.32142857142857145,0-0-926-5,a,42d56bbf-Audio_SP23_part04,group_0,1,fave,193.38027893448196,75.66758068970528,8,obligan,"",0.05999999999994543,te,a,g,n,g,n,internal
623.5532819769226,1529.568948925684,2348.8261464535885,3.6046015306054477,3.4558238813813555,3.4569759197926704,4435.897435897436,0.010183588220792118,238.55274999999997,0.045,0.33582089552238803,0-0-927-0,a,42d56bbf-Audio_SP23_part04,group_0,1,fave,197.1311228368932,73.90759315681755,8,a,"",0.11000000000012733,obligan,que,#,#,n,k,coextensive
631.5237699409649,1431.7740128551468,2115.0790821623095,2.6542859306289475,3.284443163368749,4.497066037601687,4615.384615384615,0.001422064350633947,239.3857499999999,0.031,0.32978723404255317,0-0-932-2,a,42d56bbf-Audio_SP23_part04,group_0,1,fave,134.7635140872005,75.06016642164992,8,una,"",0.07000000000016371,ponga,tarjeta,n,#,n,t,final
600.8470052257917,1568.5449485903216,2143.1399301619463,2.808998143740083,3.730203108503786,3.378588305142754,4974.358974358975,0.00003132080507957529,240.53375,0.027000000000000003,0.32142857142857145,0-0-938-2,a,42d56bbf-Audio_SP23_part04,group_0,1,fave,117.04910230552503,71.14008386051255,8,haga,"",0.05999999999994543,que,esto,g,#,g,é,final
673.5017371617711,1665.4264924278998,2521.2631930100056,3.4402982213128035,4.273853545678402,4.319125973447892,4794.871794871795,0.0025082208243718982,245.30874999999995,0.037,0.32456140350877194,0-0-963-1,a,42d56bbf-Audio_SP23_part04,group_0,1,fave,110.77483817312819,70.91673123107586,8,las,"",0.09000000000014552,no,hago,l,s,l,s,internal
511.0734401946239,1424.4953698857537,2467.5183102927713,3.478861221658382,2.8609870387590974,4.805389778706981,5692.3076923076915,0.005405355248345984,246.79774999999998,0.035,0.33653846153846156,0-0-969-3,a,42d56bbf-Audio_SP23_part04,group_0,1,fave,116.19574707358325,75.80338260079456,8,otra,"",0.07999999999992724,y,tarea,R,#,R,t,final
556.5458966584614,1530.9611051802665,2211.234739379975,2.821171951415047,3.4392739325790727,4.408438162617104,5333.333333333333,0.0015429272638864473,246.90875000000008,0.037,0.32456140350877194,0-0-970-1,a,42d56bbf-Audio_SP23_part04,group_0,1,fave,92.88693221496824,77.01378083290038,8,tarea,"",0.08999999999991815,otra,así,t,R,t,R,internal
480.68409121108334,1805.856322761177,2379.435550809781,3.0124653392519094,3.476533210875074,3.5556304201843854,4794.871794871795,0.00005342492120298962,247.07374999999996,0.027000000000000003,0.32142857142857145,0-0-970-4,a,42d56bbf-Audio_SP23_part04,group_0,1,fave,98.51997946911071,77.7914642999529,8,tarea,"",0.05999999999994543,otra,así,é,#,é,á,final
471.37280112732935,1444.7888978106762,2149.180469883685,2.7620214440603994,2.2120530606152813,4.527934724392208,4794.871794871795,0.00008183972626892762,248.64375000000013,0.027000000000000003,0.32142857142857145,0-0-975-2,a,42d56bbf-Audio_SP23_part04,group_0,1,fave,142.68444839313273,76.46552059052885,8,tratando,"",0.05999999999994543,estoy,de,R,t,R,t,internal
490.25118282344647,1199.7062078037986,2305.185478248684,4.320369824413138,3.9622332586846656,4.280109829453483,4974.358974358975,0.04466242800414153,259.47875000000005,0.037000000000000005,0.324561403508772,0-0-981-7,a,42d56bbf-Audio_SP23_part04,group_0,1,fave,208.3822700504275,78.7868257069561,8,Muchísimas,"",0.09000000000014552,[silence],tareas,m,s,m,s,internal
517.1425809177972,1887.214772528356,3664.60719628373,2.633359921592196,3.9892639275236306,3.9843616973187164,6589.74358974359,0.000610803066984021,259.6257500000001,0.031,0.32978723404255317,0-0-982-1,a,42d56bbf-Audio_SP23_part04,group_0,1,fave,141.6151300897717,79.57760758704877,8,tareas,"",0.06999999999970896,Muchísimas,de,t,R,t,R,internal
527.0959726402137,1866.2919393765087,3458.763626193585,3.170251492679912,3.8559616381034565,4.219569364666449,5333.333333333333,0.000055621273501300575,264.6527499999999,0.025,0.33783783783783783,0-0-1004-0,a,42d56bbf-Audio_SP23_part04,group_0,1,fave,173.30997658403047,79.27831508949201,8,arriesgado,"",0.0500000000001819,muy,",",#,r,y,r,initial
700.802817498115,1320.919600016218,2180.7154125107463,2.8923569149314563,2.847086431159093,3.916517444164623,4615.384615384615,0.0009168219039781657,269.6857499999998,0.051000000000000004,0.3311688311688312,0-0-1029-3,a,42d56bbf-Audio_SP23_part04,group_0,1,fave,183.70059665623302,75.38961835087747,8,papá,"",0.13000000000010914,",",",",p,#,p,.,final
550.4834444937154,1593.6503082469717,2265.1060853840195,3.019892979926324,3.474158864291511,4.559091616752247,5333.333333333333,0.0006661724564973337,271.1127500000002,0.045,0.33582089552238803,0-0-1037-3,a,42d56bbf-Audio_SP23_part04,group_0,1,fave,116.74846185123371,71.8976750381563,8,Quizás,"",0.10999999999967258,.,al,z,s,z,s,internal
546.8192795261549,1795.1756826652627,2094.68066516835,2.7320471459880746,3.8059337785419527,4.0739335021533964,4615.384615384615,0.0000170305051908201,288.07275,0.025,0.33783783783783783,0-0-1101-0,a,42d56bbf-Audio_SP23_part04,group_0,1,fave,193.1880852599212,78.9272483159223,8,a,"",0.0500000000001819,justamente,minar,#,#,e,m,coextensive
529.997427426437,1759.3237910963414,2399.849016236295,3.4923461166123198,3.5835370845353234,4.051264621654808,4794.871794871795,0.0074225188652205926,289.56374999999997,0.047,0.3263888888888889,0-0-1106-3,a,42d56bbf-Audio_SP23_part04,group_0,1,fave,262.88321982145794,73.11224237011736,8,mucha,"",0.11999999999989086,hay,tareas,h,#,h,t,final
526.5114940326542,1599.5110651251123,1960.156613246901,3.8651634133410306,3.9284016763723253,4.083192271250013,4615.384615384615,0.06793763286882178,289.99275000000006,0.10500000000000001,0.3343949044585987,0-0-1107-4,a,42d56bbf-Audio_SP23_part04,group_0,1,fave,219.21888646530704,76.27927427891132,8,tareas,"",0.2899999999999636,mucha,que,é,s,é,s,internal
438.61807733172964,1605.431081413515,2088.7732286868963,3.643963364574749,3.459949246363466,4.9854218011552796,5333.333333333333,0.027783013103362782,292.37574999999987,0.051000000000000004,0.3311688311688312,0-0-1115-2,a,42d56bbf-Audio_SP23_part04,group_0,1,fave,178.60898905013386,63.416113032793845,8,esas,"",0.13000000000010914,y,cosas,s,s,s,s,internal
570.8678081748351,1648.1000744255202,2182.644562325013,2.6197700597621174,3.253985741454626,3.7386717908965545,4615.384615384615,0.00006805398917164338,295.1677500000001,0.035,0.3365384615384616,0-0-1127-1,a,42d56bbf-Audio_SP23_part04,group_0,1,fave,122.82263101962377,74.90406571553228,8,tareas,"",0.07999999999992724,llaman,tramposas,t,R,t,R,internal
657.5571337581932,1523.6401453647359,2363.769618874186,3.572674576306635,3.5733076713617793,3.375963124573955,4794.871794871795,0.0011502192495596339,298.90575000000007,0.051000000000000004,0.3311688311688312,0-0-1142-0,a,42d56bbf-Audio_SP23_part04,group_0,1,fave,168.3343597572407,79.09552753702198,8,hacerlo,"",0.13000000000010914,de,todo,#,z,e,z,initial
556.3064551199243,2047.9792025880254,2344.0063571848054,2.616738455543059,4.150329675600004,4.253330364475185,4974.358974358975,0.00007674972650624982,300.56375000000014,0.027000000000000003,0.32142857142857145,0-0-1146-0,a,42d56bbf-Audio_SP23_part04,group_0,1,fave,131.41317691281887,77.2498547244629,8,al,"",0.05999999999994543,y,final,#,l,i,l,initial
622.8360751923474,1585.0971228624383,2394.812522837163,3.552271307135789,3.7494904727893457,3.7214523861118884,4794.871794871795,0.0021873603573325895,302.37274999999994,0.045,0.33582089552238803,0-0-1153-0,a,42d56bbf-Audio_SP23_part04,group_0,1,fave,105.65229012080398,68.57634072336764,8,hacerla,"",0.11000000000012733,puedes,y,#,z,s,z,initial
564.8735310334619,1592.2228275848365,2437.506100789627,2.397089045650085,3.334138763373853,3.0899602248750107,4974.358974358975,0.00004799796618866958,302.78574999999995,0.031,0.32978723404255317,0-0-1153-5,a,42d56bbf-Audio_SP23_part04,group_0,1,fave,299.12135938071367,59.42128201208092,8,hacerla,"",0.07000000000016371,puedes,y,l,#,l,i,final
579.9732357019194,1170.3878426459414,2206.180946072219,3.682592274431412,4.186020917554412,4.181278590165019,5871.794871794871,0.010351562622011812,303.19075000000004,0.041,0.3306451612903226,0-0-1157-1,a,42d56bbf-Audio_SP23_part04,group_0,1,fave,106.31998260706276,70.24963711560953,8,la,"",0.09999999999990905,te,pagan,l,#,l,p,final
276.67653567317086,759.1269326787123,1233.3603864477443,3.1252375874310556,2.9942959344462303,3.5502351709254545,3000.0,0.003216920164580271,303.4327499999999,0.045,0.33582089552238803,0-0-1158-3,a,42d56bbf-Audio_SP23_part04,group_0,1,fave,11765.880431786514,57.94858223398591,8,pagan,"",0.11000000000012733,la,",",g,n,g,n,internal
645.2038986129295,1139.2886352445441,2085.3322982066534,2.938948111901478,3.5545114913992513,4.3859243523534746,4256.410256410256,0.00014229525968026256,309.23274999999984,0.025,0.33783783783783783,0-0-1180-1,a,42d56bbf-Audio_SP23_part04,group_0,1,fave,154.16601601800713,75.53145022665026,8,palabra,"",0.0500000000001819,la,adecuada,p,l,p,l,internal
649.8085722916192,1304.5819201383804,2439.5728879124326,2.9090913347669556,3.7744373640789792,4.425587222796325,4615.384615384615,0.005530056999310467,309.9257500000001,0.091,0.33211678832116787,0-0-1181-7,a,42d56bbf-Audio_SP23_part04,group_0,1,fave,95.20338599464223,63.10166187373872,8,adecuada,"",0.25,palabra,[silence],d,#,d,.,final
769.553596034517,1943.8838563475701,3310.610577335636,3.5853685656813714,3.9747128731387638,4.271332436623491,6230.7692307692305,0.0014568428492874202,311.22274999999985,0.045,0.3358208955223881,0-0-1187-2,a,42d56bbf-Audio_SP23_part04,group_0,1,fave,193.63871902294485,75.20760692624219,8,una,"",0.11000000000012733,ponen,tarea,n,#,n,t,final
647.2969683916582,1609.3283963575889,2382.880208779301,3.141907244670229,3.2197875728546164,4.069887711408996,4794.871794871795,0.0009432552951107746,311.38375000000013,0.047,0.3263888888888889,0-0-1188-1,a,42d56bbf-Audio_SP23_part04,group_0,1,fave,-1536485.9348848693,73.3353682777093,8,tarea,"",0.11999999999989086,una,",",t,R,t,R,internal
521.2187467512395,1922.340646736325,2404.156200432325,2.590753317190767,3.6264899251303975,3.9524862531479803,5333.333333333333,0.000363674810676271,311.56575000000015,0.031,0.32978723404255317,0-0-1188-4,a,42d56bbf-Audio_SP23_part04,group_0,1,fave,565.576182767447,58.4681029773358,8,tarea,"",0.06999999999970896,una,",",é,#,é,.,final
702.2752435616114,1619.8891181937013,2531.5926331939886,3.651729785790961,3.1433284101397203,4.159980640155062,5871.794871794871,0.002675980461802146,314.77275000000003,0.045,0.33582089552238803,0-0-1202-1,a,42d56bbf-Audio_SP23_part04,group_0,1,fave,189.89866190717333,74.25670596987567,8,la,"",0.11000000000012733,ponen,tarea,l,#,l,t,final
636.3516490919021,1697.8918381871022,2231.319615272782,2.307873865182099,3.6575777546123613,3.950342541834112,4615.384615384615,0.00007146272845705444,314.91375000000005,0.027000000000000003,0.32142857142857145,0-0-1203-1,a,42d56bbf-Audio_SP23_part04,group_0,1,fave,157.6248766553833,79.43236850126266,8,tarea,"",0.05999999999994543,la,la,t,R,t,R,internal
556.8896080311575,1396.1258742180983,2393.2863814301454,2.856645023431572,3.1676911693992453,3.650639692784253,5512.820512820513,0.00026159831010247965,315.16575000000006,0.031,0.32978723404255317,0-0-1204-1,a,42d56bbf-Audio_SP23_part04,group_0,1,fave,201.11210878549988,76.49947676838808,8,la,"",0.06999999999970896,tarea,primera,l,#,l,p,final
690.0098033392711,1424.4594354642256,2341.563128580713,2.439195900080106,3.1476564492238337,3.2706463791568963,4615.384615384615,0.000021031856221489403,315.51574999999997,0.031,0.32978723404255317,0-0-1205-6,a,42d56bbf-Audio_SP23_part04,group_0,1,fave,140.4603712063568,74.69423068526952,8,primera,"",0.07000000000016371,la,vez,R,#,R,b,final
583.6281084134855,1555.984505294793,2246.4084325252234,3.3412117670988963,3.7653388205799265,4.05134351699006,4974.358974358975,0.00019135246434562846,318.74375,0.027000000000000003,0.32142857142857145,0-0-1215-4,a,42d56bbf-Audio_SP23_part04,group_0,1,fave,193.24244037882477,78.00825017799666,8,mandan,"",0.05999999999994543,te,una,d,n,d,n,internal
613.5546034111035,1436.8725348817227,2440.551014344992,2.944960003783557,3.452124382797913,3.9015540146358747,4974.358974358975,0.0000746438653663593,318.9457499999998,0.031,0.32978723404255317,0-0-1216-2,a,42d56bbf-Audio_SP23_part04,group_0,1,fave,204.3477812127853,78.63125369041006,8,una,"",0.07000000000016371,mandan,vez,n,#,n,b,final
558.0188290843244,1570.880427017372,2411.9018703861875,3.3574019743554517,3.3789208671058404,3.20118429517055,5692.3076923076915,0.00003163786971308472,319.14775000000014,0.035,0.33653846153846156,0-0-1218-0,a,42d56bbf-Audio_SP23_part04,group_0,1,fave,200.6888040443789,78.62693415151851,8,a,"",0.07999999999992724,vez,revisión,#,#,z,r,coextensive
242.939666676497,1593.4949471328375,2467.2958570696564,3.224760343815479,2.763999998842536,4.388992048256389,5333.333333333333,0.0002709484875464256,323.23574999999977,0.031,0.32978723404255317,0-0-1236-0,a,42d56bbf-Audio_SP23_part04,group_0,1,fave,94.07483869387362,68.95123823952746,8,hacer,"",0.07000000000016371,a,",",#,z,a,z,initial
671.2001131839238,1500.0851430017076,2281.809705367054,3.163086338947617,3.4460557148637214,3.662457396538288,4615.384615384615,0.0011056134536134813,330.66575000000006,0.031,0.32978723404255317,0-0-1263-1,a,42d56bbf-Audio_SP23_part04,group_0,1,fave,232.92574633543364,80.38546481544316,8,la,"",0.06999999999970896,en,última,l,#,l,u,final
569.4623653089133,1392.134077707038,2179.4619231517695,3.9027796920529374,3.5721382352068507,4.513251145773494,5512.820512820513,0.010563149906164773,331.02775000000025,0.035,0.33653846153846156,0-0-1264-5,a,42d56bbf-Audio_SP23_part04,group_0,1,fave,228.4562304575276,79.38357522676982,8,última,"",0.07999999999992724,la,te,m,#,m,t,final
544.9359178876365,1404.076001280266,2398.6148428257097,2.8287195077653005,2.972719814794255,3.6263360608947366,5333.333333333333,0.00005894252071960938,331.23374999999976,0.027000000000000003,0.32142857142857145,0-0-1266-1,a,42d56bbf-Audio_SP23_part04,group_0,1,fave,175.65711786394115,81.295411254984,8,la,"",0.06000000000040018,te,ponen,l,#,l,p,final
462.0259316768829,1469.7277312621895,2090.8834031144224,3.7305199362419486,3.428157078609232,4.201935118351017,4435.897435897436,0.0024121459244499962,333.68575000000004,0.031,0.32978723404255317,0-0-1276-0,a,42d56bbf-Audio_SP23_part04,group_0,1,fave,229.57397026250723,78.00740294645215,8,haciendo,"",0.06999999999970896,están,ellos,#,z,n,z,initial
644.6153700514938,1620.8187301443133,3601.141313475437,3.03155751725717,3.537186159243328,4.201809440708454,5333.333333333333,0.00001457240829043128,335.36274999999995,0.025,0.33783783783783783,0-0-1283-1,a,42d56bbf-Audio_SP23_part04,group_0,1,fave,222.57648205834818,80.26259519644833,8,tareas,"",0.0500000000001819,varias,varias,t,R,t,R,internal
631.0703713723141,1816.9277469152362,3313.006268787192,3.349689747126516,3.7599180559821397,4.477522540671575,5512.820512820513,0.0010204064991162897,335.59375000000017,0.047,0.3263888888888889,0-0-1283-4,a,42d56bbf-Audio_SP23_part04,group_0,1,fave,229.82155057128992,76.47547728286581,8,tareas,"",0.11999999999989086,varias,varias,é,s,é,s,internal
606.1384027404506,1643.2016813634964,3465.84697750395,3.3995754158101517,3.662474795739266,4.49696413803934,6230.7692307692305,0.00012058474450032005,338.39375000000007,0.027000000000000003,0.32142857142857145,0-0-1295-6,a,42d56bbf-Audio_SP23_part04,group_0,1,fave,185.48459461185507,79.26192830866921,8,siquiera,"",0.05999999999994543,ni,te,R,#,R,t,final
557.3480487508837,1441.9510892251535,2476.205687702055,3.608837397210167,3.4667907459542646,4.19960740762677,4615.384615384615,0.0016796253005070382,338.5687500000002,0.037,0.32456140350877194,0-0-1297-1,a,42d56bbf-Audio_SP23_part04,group_0,1,fave,167.17961146886435,75.06025628042606,8,las,"",0.08999999999969077,te,pagan,l,s,l,s,internal
395.60339147252796,1171.5804012310527,2275.36274127298,3.55141328033178,4.345899701496145,3.637478973817308,4615.384615384615,0.00947299349666532,340.6437500000001,0.067,0.3284313725490197,0-0-1305-3,a,42d56bbf-Audio_SP23_part04,group_0,1,fave,111.7243515750858,67.72989408861595,8,cosas,"",0.1799999999998363,de,ahí,s,s,s,s,internal
481.2150410961791,1690.2088146659162,2410.8262301819236,3.902102598869011,3.9137384443401295,3.461065507104651,5333.333333333333,0.0037499092264967203,341.8757500000001,0.031,0.32978723404255317,0-0-1309-0,a,42d56bbf-Audio_SP23_part04,group_0,1,fave,111.9731191062539,74.12210552469053,8,a,"",0.06999999999970896,Yo,ese,#,#,ó,s,coextensive
490.07505513429044,1692.1201578895382,2302.039061497636,2.724691462123083,3.448916102533322,3.449835080011328,4974.358974358975,6.845978352839179e-6,342.5027499999998,0.025,0.33783783783783783,0-0-1312-5,a,42d56bbf-Audio_SP23_part04,group_0,1,fave,161.9208398277619,79.9507024335477,8,empleadores,"",0.0500000000001819,tipo,les,e,d,e,d,internal
575.7436629137321,1431.5647533947972,2125.4022871628836,3.0480083663180353,3.359728227391833,3.779798398258772,5153.846153846154,0.00029410321698154567,343.32874999999996,0.037000000000000005,0.324561403508772,0-0-1315-2,a,42d56bbf-Audio_SP23_part04,group_0,1,fave,131.53828430124514,76.81418170432836,8,tratado,"",0.09000000000014552,he,",",R,t,R,t,internal
557.4558662242074,1763.321984320606,3238.951845559383,2.828020392245398,3.4897505411438696,4.838479051861326,5333.333333333333,0.000027965167233504657,345.86274999999995,0.025,0.33783783783783783,0-0-1322-0,a,42d56bbf-Audio_SP23_part04,group_0,1,fave,190.97238914531107,78.34257900154977,8,a,"",0.0500000000001819,directamente,Microworkers,#,#,e,m,coextensive
526.8169994300812,1588.0031940299855,3830.65437796397,2.528955700674525,3.0576463428918217,3.962528576903656,5512.820512820513,0.000023038256521507092,347.07275,0.025,0.33783783783783783,0-0-1327-5,a,42d56bbf-Audio_SP23_part04,group_0,1,fave,179.46433479235867,78.58264235345972,8,empleador,"",0.0500000000001819,este,me,e,d,e,d,internal
618.409647981985,1492.342080866667,2231.1052976771407,3.083673470460607,3.1031407530976254,3.4166275494304563,4794.871794871795,0.00033061991326514963,350.00075,0.041,0.3306451612903226,0-0-1341-3,a,42d56bbf-Audio_SP23_part04,group_0,1,fave,91.85294714266212,64.44380440809984,8,para,"",0.09999999999990905,me,",",R,#,R,.,final
606.2478570642596,1430.4582516609305,3603.9476712910036,3.1614294088252675,2.9750340208734434,4.894062499600622,6051.282051282051,0.0006861562129361616,352.79775000000024,0.035,0.33653846153846156,0-0-1355-2,a,42d56bbf-Audio_SP23_part04,group_0,1,fave,197.24035680705228,76.5604356163039,8,una,"",0.07999999999992724,es,tarea,n,#,n,t,final
416.0800645833578,1571.6617611016704,3059.209658535362,3.975180353666905,2.9042087695014542,4.554869474906923,6051.282051282051,0.0017489151634550604,410.78574999999995,0.031,0.32978723404255317,0-0-1386-0,a,42d56bbf-Audio_SP23_part04,group_0,1,fave,182.04128162824836,70.74577702197656,8,a,"",0.07000000000016371,acceso,tarea,#,#,o,t,coextensive
500.98146665387196,1529.5929806333759,1968.8605500636509,2.6035153597708898,3.719860420285054,3.834599571853556,5333.333333333333,9.713917177893296e-6,410.88274999999993,0.025,0.33783783783783783,0-0-1387-1,a,42d56bbf-Audio_SP23_part04,group_0,1,fave,149.97973789338934,77.02917500798608,8,tarea,"",0.0500000000001819,a,de,t,R,t,R,internal
261.22884844248244,731.7346904754087,1404.7709629796373,3.2239717548441336,3.8507022516704223,3.1179543203408677,3000.0,0.006950515469663721,411.41575000000006,0.031,0.32978723404255317,0-0-1389-3,a,42d56bbf-Audio_SP23_part04,group_0,1,fave,190.87678769959882,75.3085376200839,8,otras,"",0.06999999999970896,de,partes,R,s,R,s,internal
698.1310935795681,1464.5212883463778,2843.07966657896,3.2125976763512427,3.858768271464437,3.916382809786002,5333.333333333333,0.002364431011318207,416.94374999999985,0.067,0.3284313725490196,0-0-1398-3,a,42d56bbf-Audio_SP23_part04,group_0,1,fave,246.89663110406968,76.09171528723427,8,mira,"",0.18000000000029104,",",",",R,#,R,.,final
526.8899333702907,1512.215553969953,2196.4393761481892,2.7544234567806254,3.3093700976130855,3.8837885724831516,5333.333333333333,0.0008007856753942465,421.03875,0.037,0.32456140350877194,0-0-1409-2,a,42d56bbf-Audio_SP23_part04,group_0,1,fave,129.62811133631956,72.44724224593257,8,tratar,"",0.09000000000014552,déjame,de,R,t,R,t,internal
606.0955970327764,1545.7823143043133,2244.811109410418,3.3307643796534427,3.2728759075399347,3.4352128385839245,5153.846153846154,0.00006502988789045876,426.0937499999999,0.027000000000000003,0.32142857142857145,0-0-1422-5,a,42d56bbf-Audio_SP23_part04,group_0,1,fave,206.74189160190068,77.54073066253895,8,cierta,"",0.05999999999994543,de,fecha,t,#,t,f,final
667.2862981268389,1444.0078243965652,2239.5503582816327,3.622630956793329,3.581480643779852,3.9457313912223433,4974.358974358975,0.025729870504438857,426.5927500000002,0.08499999999999999,0.33464566929133854,0-0-1423-3,a,42d56bbf-Audio_SP23_part04,group_0,1,fave,118.03344617056898,67.63097490334972,8,fecha,"",0.2300000000000182,cierta,",",h,#,h,.,final
632.1388691666383,1631.0095635032208,2427.089893210697,3.833505489400487,4.404858877320958,3.5281319579871275,5153.846153846154,0.00035320349002463715,430.5537499999999,0.027000000000000003,0.32142857142857145,0-0-1436-2,a,42d56bbf-Audio_SP23_part04,group_0,1,fave,167.18578542326364,72.62427549615929,8,una,"",0.05999999999994543,tienen,reglas,n,#,n,r,final
507.7449397812966,1675.6187789947976,2241.565266248363,2.4116898809791887,3.610302257974589,3.596803104256425,4615.384615384615,0.00012084028419715216,439.2157499999998,0.031,0.32978723404255317,0-0-1472-1,a,42d56bbf-Audio_SP23_part04,group_0,1,fave,118.5089254806566,73.82361477654875,8,tareas,"",0.07000000000016371,de,que,t,R,t,R,internal
512.7079189956452,1666.0568164593667,3051.1502176521985,4.045241735152807,4.617818285177927,4.90151497709539,5153.846153846154,0.003137897354978386,439.9727500000001,0.025,0.33783783783783783,0-0-1476-0,a,42d56bbf-Audio_SP23_part04,group_0,1,fave,109.28956739038648,71.13426444805104,8,a,"",0.0500000000001819,empiezan,aparecer,#,#,n,a,coextensive
658.7676271668473,985.3205833258069,2243.290729983887,3.4635063654791542,3.8552961578815923,4.10124067953571,4615.384615384615,0.002885684344325147,440.0257500000002,0.031,0.32978723404255317,0-0-1477-0,a,42d56bbf-Audio_SP23_part04,group_0,1,fave,96.5377821506837,67.58333379859465,8,aparecer,"",0.06999999999970896,a,.,#,p,a,p,initial
518.77706966111,1410.706158484394,2360.350036456812,3.870272390775858,3.2202771626678466,4.428972957087828,5333.333333333333,0.11563495779661405,442.0177499999998,0.095,0.334507042253521,0-0-1484-4,a,42d56bbf-Audio_SP23_part04,group_0,1,fave,177.8774940502404,68.01543906512363,8,logras,"",0.2600000000002183,tú,[silence],R,s,R,s,internal
378.61754206766204,1376.4101988129567,2362.2575711215086,3.6461091398170025,4.026072074648347,3.508535054255486,4974.358974358975,0.00002609019501047952,444.4227499999999,0.025,0.33783783783783783,0-0-1491-0,a,42d56bbf-Audio_SP23_part04,group_0,1,fave,151.20340997327824,80.76219828319907,8,a,"",0.0500000000001819,empiezan,aparecer,#,#,n,a,coextensive
591.9915776672208,1615.1914438010306,2216.818715941457,2.93769489521403,3.735063223416747,4.063263172778642,4974.358974358975,0.00005909703527881858,451.78574999999995,0.031,0.32978723404255317,0-0-1519-1,a,42d56bbf-Audio_SP23_part04,group_0,1,fave,142.64163009697717,73.97321333889897,8,tareas,"",0.07000000000016371,más,sobre,t,R,t,R,internal
329.4495630624601,616.8599203419548,1712.3477376922453,3.7228519274829357,3.9361015977106577,3.8486796979215367,3717.948717948718,0.03811558316502461,452.0537500000002,0.047,0.3263888888888889,0-0-1519-4,a,42d56bbf-Audio_SP23_part04,group_0,1,fave,99.12381544881208,65.08747813534804,8,tareas,"",0.11999999999989086,más,sobre,é,s,é,s,internal
334.2898671491075,816.6255928195253,1455.2646906856683,3.4670022121818636,3.9630834000264676,3.7213220362262525,3897.4358974358975,0.0003384689411513467,453.04375000000016,0.027000000000000003,0.32142857142857145,0-0-1522-6,a,42d56bbf-Audio_SP23_part04,group_0,1,fave,162.23913368260386,70.89335249662994,8,personas,"",0.05999999999994543,todo,que,n,s,n,s,internal
621.8298239550745,1454.3849737734188,2547.968505181987,2.912768069374773,3.374272134770833,4.4308199200335325,5871.794871794871,0.008603620739702694,454.9127499999999,0.045,0.33582089552238803,0-0-1531-1,a,42d56bbf-Audio_SP23_part04,group_0,1,fave,129.6415354946252,72.60886899134981,8,latitudes,"",0.11000000000012733,otras,.,l,t,l,t,internal
631.8683924832286,1376.722602104563,2266.158832991191,3.158203372006943,2.6739007402435915,3.7435174005953424,5153.846153846154,0.005690688861540709,465.6757499999999,0.11100000000000002,0.3323353293413173,0-0-1568-5,a,42d56bbf-Audio_SP23_part04,group_0,1,fave,168.26544471649973,71.90760068626268,8,muchacha,"",0.30999999999994543,una,[silence],h,#,h,.,final
555.684319405378,1428.6810765032258,3416.4169449475535,3.413912067742423,3.2357444603076284,4.59464561061077,5871.794871794871,0.002106779074705311,470.01875,0.037000000000000005,0.324561403508772,0-0-1587-6,a,42d56bbf-Audio_SP23_part04,group_0,1,fave,148.48738534881457,74.2182942504506,8,paisana,"",0.09000000000014552,que,tuya,n,#,n,t,final
363.7657107289564,1419.357117153613,1830.4800304412136,3.5128919589801155,2.7706607211819305,4.140024430207933,5153.846153846154,0.00008851167323091956,472.61374999999987,0.027000000000000003,0.32142857142857145,0-0-1603-0,a,42d56bbf-Audio_SP23_part04,group_0,1,fave,78.74312636891248,79.50688018533432,8,Arquímedes,"",0.05999999999994543,señor,esa,#,R,R,R,initial
587.6864900950247,1823.3062015177818,2462.410718798738,3.061157953323113,3.480734558911047,4.089612659353886,4974.358974358975,0.0009805057642465155,474.58374999999995,0.047,0.3263888888888889,0-0-1608-6,a,42d56bbf-Audio_SP23_part04,group_0,1,fave,104.17502276095325,68.28249021625116,8,sencilla,"",0.11999999999989086,muy,",",L,#,L,.,final
604.1458757823739,1432.2705335623323,2294.560190219919,2.7638330986305233,2.527408451769965,4.753443298434628,4974.358974358975,0.00009831604957095476,477.26374999999996,0.027000000000000003,0.32142857142857145,0-0-1622-1,a,42d56bbf-Audio_SP23_part04,group_0,1,fave,145.29768489952366,78.97298548178479,8,la,"",0.05999999999994543,por,velocidad,l,#,l,b,final
695.1994733932628,1172.2691833413517,3464.4054574180104,2.8128446590379914,3.8599986802074993,4.478796126972932,6051.282051282051,0.000809745484257218,479.0727500000002,0.045,0.33582089552238803,0-0-1627-0,a,42d56bbf-Audio_SP23_part04,group_0,1,fave,139.91844293046668,80.03103481714055,8,a,"",0.10999999999967258,[silence],usted,#,#,.,u,coextensive
575.4421332335156,1621.608310281403,3243.080147793142,3.2185606411246788,4.346336666383176,4.289442693911349,6589.74358974359,0.0009058934184406476,479.52875000000023,0.037,0.32456140350877194,0-0-1630-0,a,42d56bbf-Audio_SP23_part04,group_0,1,fave,172.0515886299581,77.00074444481757,8,aparece,"",0.08999999999969077,le,la,#,p,e,p,initial
567.8671677705292,1528.4731851161766,2313.8367553214584,2.6707252332979463,3.2619266569413057,4.41094490038306,4794.871794871795,0.0001350828387081452,479.9387500000001,0.037,0.32456140350877194,0-0-1631-1,a,42d56bbf-Audio_SP23_part04,group_0,1,fave,185.6301177251841,77.7801142418373,8,la,"",0.09000000000014552,aparece,tarea,l,#,l,t,final
560.2940451308924,1300.279204084982,3442.7155773632444,3.7425695640433894,3.4587822790041485,4.800992796354234,6589.74358974359,0.006614999553184674,480.64074999999985,0.041,0.3306451612903226,0-0-1636-1,a,42d56bbf-Audio_SP23_part04,group_0,1,fave,125.39008382130368,72.46199597189626,8,la,"",0.09999999999990905,no,puede,l,#,l,p,final
514.5428608789315,1858.2742100785279,4179.274190977263,2.9705628348065956,3.803906102165757,4.0755072262313865,6051.282051282051,0.0003267200451601334,480.95375,0.027000000000000003,0.32142857142857145,0-0-1638-0,a,42d56bbf-Audio_SP23_part04,group_0,1,fave,99.25858623908483,74.00004538593387,8,hacer,"",0.05999999999994543,puede,.,#,z,e,z,initial
592.3055811580278,1242.7082594389997,2452.467952056304,3.491166879063335,3.616907693650275,4.650732553075682,5333.333333333333,0.0023049284657087176,483.22775000000007,0.035,0.3365384615384616,0-0-1647-1,a,42d56bbf-Audio_SP23_part04,group_0,1,fave,149.25144505821154,77.38125064585357,8,la,"",0.07999999999992724,no,podía,l,#,l,p,final
501.503363574965,1958.1581713251537,3973.707398263697,3.372474242894621,3.466267407286381,4.48536093717951,6051.282051282051,0.00004721352540334512,484.98274999999984,0.025,0.33783783783783783,0-0-1655-2,a,42d56bbf-Audio_SP23_part04,group_0,1,fave,185.4395269564498,78.05887312381607,8,ella,"",0.0500000000001819,entonces,me,L,#,L,m,final
557.5907375866473,1978.3538514779723,3347.1372570401672,2.699009987454982,3.8149254999882354,3.9340864293578006,6051.282051282051,0.00002366370892195222,485.72375,0.027000000000000003,0.32142857142857145,0-0-1662-0,a,42d56bbf-Audio_SP23_part04,group_0,1,fave,178.33908743897368,77.16681850944245,8,aparece,"",0.05999999999994543,me,y,#,p,e,p,initial
758.6614189740218,1250.9667164475957,2412.9039176300007,3.3757638581774505,3.7867622388814817,4.518671242584369,4974.358974358975,0.010842767927375848,486.50375,0.087,0.3295454545454546,0-0-1665-1,a,42d56bbf-Audio_SP23_part04,group_0,1,fave,-18509.132209775045,66.89505968960005,8,la,"",0.23999999999978172,yo,[silence],l,#,l,.,final
542.8528390527892,1821.6670366784942,2365.483856966709,2.6796999571326423,2.8554688681633307,3.718632505581335,5153.846153846154,0.00018632762867648077,488.23574999999977,0.031,0.32978723404255317,0-0-1675-1,a,42d56bbf-Audio_SP23_part04,group_0,1,fave,258.9388608763918,78.73191910992222,8,tareas,"",0.07000000000016371,hay,[silence],t,R,t,R,internal
355.3644616493991,1453.5160516058668,2937.940980305557,3.8815222155880957,3.7893447048617888,4.415486335138946,6051.282051282051,0.0008939790692956146,489.93575000000004,0.031,0.32978723404255317,0-0-1682-1,a,42d56bbf-Audio_SP23_part04,group_0,1,fave,193.90463800820822,75.96253458652207,8,las,"",0.06999999999970896,no,veo,l,s,l,s,internal
498.64700903950506,1588.5656906671704,2584.0778137232505,3.8791054229924873,3.6380766039389916,4.7261907204615445,5871.794871794871,0.020538495682952757,492.8737499999999,0.047,0.3263888888888889,0-0-1694-1,a,42d56bbf-Audio_SP23_part04,group_0,1,fave,174.6967030972428,70.62699075487598,8,las,"",0.11999999999989086,sí,ven,l,s,l,s,internal
558.7098606600423,1463.9039398200862,2420.534748957939,3.6633640890498174,3.1882614536171006,3.717352253987228,4974.358974358975,0.0005414170106898188,497.9657499999998,0.031,0.32978723404255317,0-0-1715-7,a,42d56bbf-Audio_SP23_part04,group_0,1,fave,108.20901069724205,70.37452269299946,8,elucubraciones,"",0.07000000000016371,[silence],",",R,z,R,z,internal
472.2983012058711,1539.796556377959,2030.4429775534247,3.4001024271935445,3.241075667884286,4.705078522247493,5333.333333333333,0.0025178775144544304,499.51574999999997,0.031,0.32978723404255317,0-0-1720-4,a,42d56bbf-Audio_SP23_part04,group_0,1,fave,115.64629528925107,67.18737351925306,8,pensamientos,"",0.07000000000016371,",",[silence],s,m,s,m,internal
688.3030020276807,1563.3763102590212,3788.2343771430396,4.253565217918282,3.8989961072274713,4.180824145291031,8743.589743589742,0.006040370301565299,502.05575000000016,0.051000000000000004,0.3311688311688312,0-0-1726-1,a,42d56bbf-Audio_SP23_part04,group_0,1,fave,203.22816188275723,70.42308200299752,8,capaces,"",0.1299999999996544,son,de,k,p,k,p,internal
570.1927437324457,1559.4216645793924,3329.3251632828897,2.834219203062194,4.067405992273257,4.488969113447499,5692.3076923076915,0.000158858780457348,502.93375000000003,0.027000000000000003,0.32142857142857145,0-0-1729-1,a,42d56bbf-Audio_SP23_part04,group_0,1,fave,180.0077478438053,76.89712688602796,8,tareas,"",0.05999999999994543,ver,que,t,R,t,R,internal
572.9825643044152,1596.5356645304412,2255.7053719942355,2.0735323175722478,3.6116749731499116,3.689296224733805,5333.333333333333,0.00009728043542380269,509.4637499999998,0.027000000000000003,0.32142857142857145,0-0-1753-3,a,42d56bbf-Audio_SP23_part04,group_0,1,fave,184.0480501883091,81.14491422112432,8,Mira,"",0.06000000000040018,"",.,R,#,R,.,final
591.1699117259478,1564.2331432010458,2246.5872292079284,3.316551897950917,3.2955061647686206,4.595097576004499,4794.871794871795,0.002272095538736762,512.73575,0.051000000000000004,0.3311688311688312,0-0-1769-5,a,42d56bbf-Audio_SP23_part04,group_0,1,fave,345.4033959433827,60.81276751829536,8,teoría,"",0.13000000000010914,mi,",",i,#,i,.,final
679.7395952333687,1269.428362005574,2292.1780804215605,3.654461040766385,3.951874581127513,4.127342079305129,4435.897435897436,0.04953661074047995,513.5277499999997,0.11499999999999999,0.3343023255813952,0-0-1771-3,a,42d56bbf-Audio_SP23_part04,group_0,1,fave,200.579828378804,77.4004755066882,8,quizá,"",0.3200000000001637,",",es,z,#,z,é,final
524.7256955495997,1197.4286233405746,2981.882312301852,2.963949175155595,3.977302341757251,3.9918835507813126,5692.3076923076915,0.00002359594712735811,516.0027499999998,0.025,0.33783783783783783,0-0-1779-4,a,42d56bbf-Audio_SP23_part04,group_0,1,fave,133.54130144134882,77.37098429242592,8,compañeros,"",0.0500000000001819,otros,que,p,N,p,N,internal
594.3902934754857,1402.8325579787434,1600.2072021560539,3.4570820309979577,2.6917465903916717,4.315032439658308,5512.820512820513,0.00046517373138298693,517.4657499999998,0.031,0.32978723404255317,0-0-1790-0,a,42d56bbf-Audio_SP23_part04,group_0,1,fave,126.6929397082594,70.16506865280962,8,Arquímedes,"",0.07000000000016371,señor,",",#,R,R,R,initial
564.1723243216258,1455.4701662788195,2451.3765740532695,2.9058662527796395,4.268703091445684,4.646222463099222,4794.871794871795,0.0003354423016570301,519.2937500000003,0.027000000000000003,0.32142857142857145,0-0-1798-3,a,42d56bbf-Audio_SP23_part04,group_0,1,fave,211.39149028537219,78.73347930751521,8,mucha,"",0.05999999999994543,tienen,práctica,h,#,h,p,final
674.1730521769764,1444.6150682633654,2032.577944473029,2.9002336943639526,2.662591022295065,4.185552745701483,5512.820512820513,0.004865387740944865,519.4887500000001,0.057,0.32758620689655177,0-0-1799-2,a,42d56bbf-Audio_SP23_part04,group_0,1,fave,191.86657511900108,76.86911565550446,8,práctica,"",0.15000000000009095,mucha,[silence],R,k,R,k,internal
620.1278373177973,1545.349825799306,3914.395310151149,3.835167963521772,2.0645515926037303,3.740144448796718,6769.2307692307695,0.00485518392692842,519.8527499999999,0.045,0.33582089552238803,0-0-1799-7,a,42d56bbf-Audio_SP23_part04,group_0,1,fave,171.3737663891049,69.98968173948708,8,práctica,"",0.11000000000012733,mucha,[silence],k,#,k,.,final
299.6970819639462,895.6780178586587,1433.0971495031802,3.3647150213182537,3.4328667060954867,3.3171204714429776,3358.974358974359,0.011087277941148992,521.5427500000001,0.08499999999999999,0.33464566929133854,0-0-1805-2,a,42d56bbf-Audio_SP23_part04,group_0,1,fave,181.7730383661088,73.98369067673532,8,horas,"",0.2300000000000182,muchas,[silence],R,s,R,s,internal
523.6249805844117,1390.605865820827,2628.964170636785,3.781145777619782,3.5368787500564975,4.256655069558105,5512.820512820513,0.0732681602929274,522.7157499999998,0.07100000000000001,0.3317757009345795,0-0-1812-0,a,42d56bbf-Audio_SP23_part04,group_0,1,fave,199.59727236623957,73.20085271497052,8,hackers,"",0.19000000000005457,son,",",#,k,n,k,initial
901.6531901444183,1464.5443512353904,3879.2882960898264,3.951839803939762,3.8138669394142872,3.661600691974762,6769.2307692307695,0.006277854742295584,523.7857500000002,0.051000000000000004,0.3311688311688312,0-0-1818-0,a,42d56bbf-Audio_SP23_part04,group_0,1,fave,204.8977237541792,76.43269538400857,8,hackers,"",0.1299999999996544,son,",",#,k,n,k,initial
664.8596680562115,1511.2337841977305,3435.584698624725,3.4455458293915595,3.470600770077115,4.433871686147299,6051.282051282051,0.00033074398277997127,525.6377499999999,0.035,0.33653846153846156,0-0-1825-2,a,42d56bbf-Audio_SP23_part04,group_0,1,fave,212.01757572309634,74.04930220651356,8,una,"",0.07999999999992724,mucho,tarea,n,#,n,t,final
557.3056319896176,1683.071475195829,2049.745679606066,3.3073763346932727,3.732692564863791,4.8404056145188585,5692.3076923076915,0.005182176142682382,525.9937499999999,0.047,0.3263888888888889,0-0-1826-4,a,42d56bbf-Audio_SP23_part04,group_0,1,fave,107.49209800890613,74.52127751073598,8,tarea,"",0.12000000000034561,una,por,é,#,é,p,final
543.8507726032993,1642.117957059903,2387.2090379364763,3.7560592258198455,4.018001314853167,4.613254068901432,5692.3076923076915,0.00025652776594035464,526.7037500000001,0.027000000000000003,0.32142857142857145,0-0-1831-2,a,42d56bbf-Audio_SP23_part04,group_0,1,fave,96.32779544754636,77.70559093911801,8,era,"",0.05999999999994543,no,que,R,#,R,k,final
690.1945018032438,1900.7985089117788,3975.604518316363,3.3877747485861542,3.4806361077486074,4.078020804351039,6410.25641025641,0.030883215953693376,530.2487500000001,0.037,0.32456140350877194,0-0-1849-2,a,42d56bbf-Audio_SP23_part04,group_0,1,fave,216.61081427066736,76.49209672585084,8,una,"",0.09000000000014552,hay,tarea,n,#,n,t,final
643.5904325014411,1518.1341412133052,2134.970821976582,3.342530716496054,3.541581535508977,4.706712265396555,5512.820512820513,0.01864646476534028,530.6087500000001,0.07700000000000001,0.3290598290598291,0-0-1850-4,a,42d56bbf-Audio_SP23_part04,group_0,1,fave,193.83894874287287,63.89282118044587,8,tarea,"",0.21000000000003638,una,[silence],é,#,é,.,final
522.6235514421845,1363.1118915405555,2310.999358570588,3.384304457176343,3.128387331636184,4.2295054482248915,5153.846153846154,0.004102499216983095,533.0427500000003,0.065,0.33505154639175255,0-0-1864-3,a,42d56bbf-Audio_SP23_part04,group_0,1,fave,196.2257119031159,68.49024272270773,8,lleva,"",0.169999999999618,que,cuatro,b,#,b,k,final
715.765573117547,1388.7187806739835,2203.059063114913,3.91294513074136,3.696026285155132,4.652090204795002,5333.333333333333,0.052672244406612515,535.1157499999999,0.07100000000000001,0.3317757009345795,0-0-1872-5,a,42d56bbf-Audio_SP23_part04,group_0,1,fave,197.22391441902482,69.9233143251598,8,ochenta,"",0.19000000000005457,de,[silence],t,#,t,.,final
505.1581988433608,1692.247951939095,2419.7771060684718,3.4722848938602917,3.225508312617969,4.665939286318572,5512.820512820513,0.001011477998075268,537.3007500000002,0.041,0.3306451612903226,0-0-1882-2,a,42d56bbf-Audio_SP23_part04,group_0,1,fave,209.66497249145485,75.93483582019144,8,esa,"",0.09999999999990905,si,tarea,s,#,s,t,final
544.0709917608336,1657.250568484894,3060.615207999481,2.830291572599048,3.333830660258459,4.704246043460288,6769.2307692307695,0.00019026131194336768,537.4427499999998,0.025,0.33783783783783783,0-0-1883-1,a,42d56bbf-Audio_SP23_part04,group_0,1,fave,164.9354114641625,79.55188524788657,8,tarea,"",0.0500000000001819,esa,muchos,t,R,t,R,internal
433.8041186812375,1422.3508771950108,2141.2876420897414,3.7838778227677876,3.0488682376857796,4.215667788445537,5153.846153846154,0.00004726033104797149,538.4627499999998,0.025,0.33783783783783783,0-0-1888-0,a,42d56bbf-Audio_SP23_part04,group_0,1,fave,146.60189581730629,77.14664553461668,8,hacer,"",0.0500000000001819,saben,pero,#,z,n,z,initial
594.7937965656029,1555.5273407992472,3703.821947643091,3.674337042421755,3.2529381114422593,4.130832390737483,6410.25641025641,0.0020761335975835755,539.97775,0.035,0.33653846153846156,0-0-1896-1,a,42d56bbf-Audio_SP23_part04,group_0,1,fave,132.98470553045385,70.97716612334816,8,la,"",0.07999999999992724,que,sabe,l,#,l,s,final
637.1610537293685,1501.6604354870947,2608.573706504758,4.132369485894683,3.590726096542689,4.741973108191956,6230.7692307692305,0.09404506322493754,541.90275,0.065,0.33505154639175255,0-0-1904-1,a,42d56bbf-Audio_SP23_part04,group_0,1,fave,229.28084449343226,80.75323592673823,8,tan,"",0.17000000000007276,es,tedioso,t,n,t,n,internal
706.0967470502054,1590.0685331240934,3596.7391967846747,2.8865143314246064,3.766347262266226,3.907097143402245,6589.74358974359,0.004540929065511337,552.6927500000002,0.08499999999999999,0.33464566929133854,0-0-1953-0,a,42d56bbf-Audio_SP23_part04,group_0,1,fave,228.00770554039792,74.49957328118003,8,a,"",0.2300000000000182,voy,[silence],#,#,y,.,coextensive
756.0706766643124,1301.4450940263634,2386.334946492513,3.1257145340600205,3.42324201641574,3.206723412638372,4974.358974358975,0.0017823485882983952,553.1887499999999,0.057,0.32758620689655177,0-0-1955-0,a,42d56bbf-Audio_SP23_part04,group_0,1,fave,155.29793623726437,76.90007094914837,8,a,"",0.15000000000009095,[silence],matarme,#,#,.,m,coextensive
681.3464425139148,1338.9775380631597,2862.6671461331703,3.9242887742367425,3.6375739074574325,4.374817385053472,5692.3076923076915,0.0028216993546334663,553.3827500000001,0.045,0.33582089552238803,0-0-1956-1,a,42d56bbf-Audio_SP23_part04,group_0,1,fave,155.32134750874394,78.06551915691493,8,matarme,"",0.10999999999967258,a,",",m,t,m,t,internal
682.5662316425514,1397.0811061798431,3608.7609888330153,3.853724433122427,3.604639114744592,4.274422988877644,5871.794871794871,0.12519487026287407,558.1207500000002,0.061000000000000006,0.3315217391304348,0-0-1974-3,a,42d56bbf-Audio_SP23_part04,group_0,1,fave,179.52536006361748,70.53471553649544,8,todas,"",0.15999999999985448,[silence],",",d,s,d,s,internal
533.1456238023816,1636.9875648155028,2226.2018012204844,2.28699262458157,2.9627003575719333,4.474362234533289,4615.384615384615,0.00003001238165844587,559.9437499999999,0.027000000000000003,0.32142857142857145,0-0-1983-1,a,42d56bbf-Audio_SP23_part04,group_0,1,fave,182.1426865144013,78.78995794992525,8,la,"",0.05999999999994543,yo,hice,l,#,l,í,final
326.06535941116715,716.934474646052,1240.604767978444,3.569087561911387,3.703501097446246,3.4303648643345137,3717.948717948718,0.004014977011613245,560.5507500000002,0.041,0.3306451612903226,0-0-1987-1,a,42d56bbf-Audio_SP23_part04,group_0,1,fave,128.4521556138779,73.99552764158646,8,manera,"",0.09999999999990905,esta,",",m,n,m,n,internal
589.5873150183235,1457.7837940854174,2296.6650928022045,3.3040470933223904,3.6985509411942883,3.0075288865664835,4794.871794871795,0.00005301793326726198,563.4937500000001,0.027000000000000003,0.32142857142857145,0-0-2003-1,a,42d56bbf-Audio_SP23_part04,group_0,1,fave,134.55065636374047,72.16897598703513,8,gastar,"",0.05999999999994543,a,el,g,s,g,s,internal
241.28571725032967,1281.094346413371,1602.9824915009772,3.3517665565295522,4.139376113359288,3.534069127863601,3717.948717948718,0.003084634237001285,564.95775,0.035,0.33653846153846156,0-0-2011-2,a,42d56bbf-Audio_SP23_part04,group_0,1,fave,202.15010067405908,72.81195381216743,8,unas,"",0.07999999999992724,habían,parecidas,n,s,n,s,internal
671.3356304462425,1347.8773485571064,2225.2374619300117,3.9892321476062653,3.688481792712203,4.721316806649608,5871.794871794871,0.000549320394490136,565.1437500000002,0.027000000000000003,0.32142857142857145,0-0-2012-1,a,42d56bbf-Audio_SP23_part04,group_0,1,fave,154.65417867927124,75.94180898038921,8,parecidas,"",0.05999999999994543,unas,[silence],p,R,p,R,internal
514.1156239801275,1372.5353619061477,2204.4948071597573,3.3277677568436643,2.8736370897232826,3.4006381691838565,5333.333333333333,0.00019540635308902706,566.8537500000002,0.027000000000000003,0.32142857142857145,0-0-2017-1,a,42d56bbf-Audio_SP23_part04,group_0,1,fave,167.60547236811183,77.82424935006672,8,rápidamente,"",0.05999999999994543,explico,la,r,p,r,p,internal
581.5138171014611,1524.478937827522,2224.0667777709596,3.1640192897841457,3.6506258331801122,4.502464500060174,4974.358974358975,0.0029871405257824116,567.5277500000002,0.035,0.33653846153846156,0-0-2018-1,a,42d56bbf-Audio_SP23_part04,group_0,1,fave,146.47570031931423,73.44257860504919,8,la,"",0.07999999999992724,rápidamente,tarea,l,#,l,t,final
543.5801419466253,1593.3393067559423,2189.8462350982177,2.5500549970447683,3.8381024222995994,4.184678528642213,4794.871794871795,0.00004076192366521404,567.6527499999999,0.025,0.33783783783783783,0-0-2019-1,a,42d56bbf-Audio_SP23_part04,group_0,1,fave,182.52389674666549,78.71607454348246,8,tarea,"",0.0500000000001819,la,te,t,R,t,R,internal
572.5971371305207,1836.0175137003177,2311.0227671748503,2.8724924209838276,3.84495658280534,4.392828291017115,4974.358974358975,0.00019410189234309575,568.28575,0.031,0.32978723404255317,0-0-2021-4,a,42d56bbf-Audio_SP23_part04,group_0,1,fave,151.59144498975004,74.74827936378847,8,decía,"",0.07000000000016371,te,haz,i,#,i,á,final
500.5281069999328,1717.1001744981895,2611.8605882949737,2.7174033865205445,3.683870282744567,3.9843928891975295,4974.358974358975,0.00008052858012782762,571.2137499999999,0.027000000000000003,0.32142857142857145,0-0-2037-3,a,42d56bbf-Audio_SP23_part04,group_0,1,fave,81.76891223317679,78.23807960135387,8,hacías,"",0.06000000000040018,tú,tus,i,s,i,s,internal
624.1398587794032,1155.4378279521118,2373.804292192308,3.3480449233480174,3.82037026277585,3.5838015948700397,4615.384615384615,0.0028328771322920017,572.79275,0.045,0.3358208955223881,0-0-2044-8,a,42d56bbf-Audio_SP23_part04,group_0,1,fave,97.72313875369309,66.5329271697922,8,terminaba,"",0.11000000000012733,y,[silence],b,#,b,.,final
295.0332314713773,2067.196440226138,2632.3132296761505,3.2007037178057076,3.7834549603460736,4.138159752820407,5333.333333333333,0.000049123280443270376,574.72275,0.025,0.33783783783783783,0-0-2052-3,a,42d56bbf-Audio_SP23_part04,group_0,1,fave,249.53299405629576,76.95706287187727,8,veías,"",0.0500000000001819,no,que,i,s,i,s,internal
620.1202677203629,2108.96962603107,3610.245978538774,3.737258898196033,3.604837650110927,3.8189919850811638,6051.282051282051,0.00008242467909636884,575.0437500000003,0.027000000000000003,0.32142857142857145,0-0-2054-3,a,42d56bbf-Audio_SP23_part04,group_0,1,fave,230.20081588907314,76.62089539411322,8,hacía,"",0.05999999999994543,que,nada,i,#,i,n,final
648.5724690748788,1431.6842845050526,3523.457322065421,3.5253881552620663,4.1454089309768705,3.8081120739286773,6410.25641025641,0.0022481049956959015,575.37375,0.047,0.3263888888888889,0-0-2055-3,a,42d56bbf-Audio_SP23_part04,group_0,1,fave,113.88799601118495,63.708307959444525,8,nada,"",0.11999999999989086,hacía,",",d,#,d,.,final
675.2902294843971,1312.6069314280367,2463.1961722400006,2.8552322368010525,3.1391966608762742,4.54275200217676,4435.897435897436,0.0017903238034044262,576.7977500000001,0.055,0.3353658536585366,0-0-2062-3,a,42d56bbf-Audio_SP23_part04,group_0,1,fave,125.2323522444677,71.02137922681564,8,nada,"",0.13999999999987267,hacía,",",d,#,d,.,final
479.4288465389535,1216.8548884037236,1544.7969762324317,3.1159728665251993,4.09161603992927,3.6272933051229583,3717.948717948718,0.0009074339808004991,579.0077499999998,0.035,0.33653846153846156,0-0-2073-0,a,42d56bbf-Audio_SP23_part04,group_0,1,fave,163.2656269891753,69.08741747233076,8,a,"",0.08000000000038199,empecé,preguntar,#,#,e,p,coextensive
484.1420694680963,1572.5668391169456,3280.4272943631704,3.115159143491615,3.901725664959949,3.7511401879129047,5512.820512820513,0.00015737405450116446,580.5027499999998,0.025,0.33783783783783783,0-0-2079-6,a,42d56bbf-Audio_SP23_part04,group_0,1,fave,244.46719007009474,77.36613710475127,8,resulta,"",0.0500000000001819,que,ser,t,#,t,s,final
636.7057380743815,1528.6171124231985,3065.604878477988,2.899452639838834,3.235945665064582,4.193413885434194,5871.794871794871,0.0022756294292064173,584.52075,0.041,0.3306451612903226,0-0-2095-1,a,42d56bbf-Audio_SP23_part04,group_0,1,fave,222.9516318432476,75.24377355443542,8,la,"",0.09999999999990905,de,tarea,l,#,l,t,final
683.7001614891544,2203.4855829404423,3104.6743331911252,3.4262136556196436,3.702133158477177,4.7949625264158025,6589.74358974359,0.00003491963518774146,584.6727499999998,0.025,0.33783783783783783,0-0-2096-1,a,42d56bbf-Audio_SP23_part04,group_0,1,fave,250.47914729575731,72.31278734369127,8,tarea,"",0.0500000000001819,la,.,t,R,t,R,internal
633.2723746936882,1513.2888466551678,2016.687648909329,2.780578650293951,3.8215857386643193,4.197516929253224,4615.384615384615,0.0008368023631962285,589.4007500000001,0.041,0.3306451612903226,0-0-2106-7,a,42d56bbf-Audio_SP23_part04,group_0,1,fave,206.4745170576825,77.93885370414166,8,modificabas,"",0.09999999999990905,justamente,una,k,b,k,b,internal
526.6752703384672,1100.3616772791336,2202.233934996853,3.5102317003817385,3.3856437421352625,4.84480985733985,4615.384615384615,0.0018418379494062641,589.5277500000002,0.035,0.3365384615384616,0-0-2106-9,a,42d56bbf-Audio_SP23_part04,group_0,1,fave,179.05263200787758,78.75758413889305,8,modificabas,"",0.07999999999992724,justamente,una,b,s,b,s,internal
357.77866432864806,687.0501124018971,1258.5742690245681,3.439747852092454,3.8424894366643776,3.5098931074457345,3358.974358974359,0.0022409996396231553,594.0687500000003,0.037000000000000005,0.324561403508772,0-0-2124-3,a,42d56bbf-Audio_SP23_part04,group_0,1,fave,181.61800168087854,77.02701596352017,8,dabas,"",0.08999999999969077,le,texto,b,s,b,s,internal
721.6192513696009,1186.3158517426948,2280.8148438165626,3.9491003512671083,3.2704435486467864,4.257835050140022,4256.410256410256,0.0022192197638462663,595.61375,0.027000000000000003,0.32142857142857145,0-0-2130-3,a,42d56bbf-Audio_SP23_part04,group_0,1,fave,189.99841869212068,78.9510137015365,8,dabas,"",0.05999999999994543,le,enter,b,s,b,s,internal
535.0865123890152,1571.3936817399608,2902.446928499943,3.809199816764135,3.4326063614349365,5.0585314996771364,6410.25641025641,0.005211573865062619,596.0687500000003,0.037,0.32456140350877194,0-0-2133-0,a,42d56bbf-Audio_SP23_part04,group_0,1,fave,185.25199107435532,72.36972003269287,8,aparecía,"",0.08999999999969077,te,el,#,p,e,p,initial
513.9063683694478,1748.7583849565663,3393.7552829097285,2.823234963058273,3.4323956915523866,4.480841891907586,6589.74358974359,0.00034673925708160626,596.5687500000003,0.037,0.32456140350877194,0-0-2133-7,a,42d56bbf-Audio_SP23_part04,group_0,1,fave,184.51054333396368,79.49874524915093,8,aparecía,"",0.08999999999969077,te,el,i,#,i,e,final
260.43610610029447,1024.5270241019261,1536.15511443012,3.482873819338342,3.722820666690388,4.027522386974911,4076.923076923077,0.0011704697273398422,597.9027500000001,0.045,0.33582089552238803,0-0-2139-0,a,42d56bbf-Audio_SP23_part04,group_0,1,fave,180.04709040742935,78.79966283804201,8,a,"",0.10999999999967258,ibas,meter,#,#,s,m,coextensive
645.8260834922125,1466.7549656596755,3400.4477669228536,3.397849311241404,3.440895392427447,3.8847244245006376,5692.3076923076915,0.0022754994189958504,598.3327500000003,0.065,0.33505154639175255,0-0-2141-1,a,42d56bbf-Audio_SP23_part04,group_0,1,fave,148.26158236494894,63.38351253779319,8,la,"",0.169999999999618,meter,[silence],l,#,l,.,final
353.58666216034857,1244.5766831502483,2231.3469862040765,2.923300116425985,4.11053800237576,4.491983825461042,3897.4358974358975,0.008314283012929309,5.285749999999982,0.031,0.32978723404255317,0-0-15-6,o,42d56bbf-Audio_SP23_part04,group_0,1,fave,99.41912424920439,61.970435834935394,8,hablando,"",0.06999999999993634,estoy,[silence],d,#,d,.,final
357.27821434634427,820.4501757993748,2136.5155723219723,3.0749702028064045,3.3855158531203897,4.712703044889373,4974.358974358975,0.0034489706340145756,7.735750000000036,0.051000000000000004,0.3311688311688311,0-0-23-4,o,42d56bbf-Audio_SP23_part04,group_0,1,fave,97.87472341777118,70.22667625165877,8,Microworkes,"",0.12999999999988177,de,[silence],R,o,R,o,internal
357.4099293413726,651.672964976701,2186.676232138799,2.949424647052053,3.033069383889246,4.12557807696937,5512.820512820513,0.0009073430624972438,7.863749999999919,0.047,0.3263888888888889,0-0-23-5,o,42d56bbf-Audio_SP23_part04,group_0,1,fave,110.51381316749745,71.96879100964416,8,Microworkes,"",0.12000000000011823,de,[silence],o,R,o,R,internal
336.578731905635,741.1867756377096,2308.078401264485,3.2121814442214265,3.389265310087309,4.069914106816143,5153.846153846154,0.001542475427985651,9.597749999999929,0.035,0.3365384615384616,0-0-27-3,o,42d56bbf-Audio_SP23_part04,group_0,1,fave,102.12409583761662,74.38778620129582,8,como,"",0.08000000000015461,[silence],yo,m,#,m,y,final
460.0851710903318,945.1494854910508,2235.7594948167252,2.9570475302335533,3.1082023823956897,4.719667331332789,4974.358974358975,0.010085263320175859,10.585749999999972,0.11100000000000002,0.3323353293413173,0-0-31-6,o,42d56bbf-Audio_SP23_part04,group_0,1,fave,136.04644672896765,73.17729698693942,8,apegado,"",0.30999999999994543,muy,a,d,#,d,a,final
421.4981702849299,912.5371248050446,2495.3808085569694,2.9609867423918805,3.238070110094888,3.6249778088918903,4794.871794871795,0.0001693300577628798,12.51375,0.027000000000000003,0.32142857142857145,0-0-38-4,o,42d56bbf-Audio_SP23_part04,group_0,1,fave,133.10034558412661,78.17577657688763,8,vengo,"",0.05999999999994543,Porque,la,g,#,g,l,final
371.71251578137515,928.9576925968387,1934.1541653994418,3.2518756796236525,3.836473929159206,4.098030182271439,4615.384615384615,0.015180331004454185,13.202750000000064,0.045,0.3358208955223881,0-0-41-4,o,42d56bbf-Audio_SP23_part04,group_0,1,fave,113.87851278093284,75.67319704607813,8,petrolera,"",0.10999999999989996,industria,con,R,l,R,l,internal
329.9146185585347,871.8165549737467,1540.885041092963,3.243378842385194,3.3828451984666654,4.326651388411219,4076.923076923077,0.009523932363634491,20.62274999999991,0.045,0.33582089552238803,0-0-67-0,o,42d56bbf-Audio_SP23_part04,group_0,1,fave,188.68543693450098,72.88211742234644,8,ocurre,"",0.11000000000012733,qué,yo,#,k,é,k,initial
371.374540708311,967.6511234909116,2534.19413151965,3.2315409223977634,3.7972084183825983,4.885749265360147,4615.384615384615,0.016444921036771858,23.42375000000009,0.047,0.3263888888888889,0-0-79-6,o,42d56bbf-Audio_SP23_part04,group_0,1,fave,185.6170754419898,74.96328506829235,8,ejemplo,"",0.11999999999989086,por,tienen,l,#,l,t,final
480.12618573913153,1129.5771079151264,2549.175315006342,2.9411048256368564,3.712435190045066,3.918625575764465,5333.333333333333,0.00002377977985405725,27.63374999999989,0.027000000000000003,0.32142857142857145,0-0-97-1,o,42d56bbf-Audio_SP23_part04,group_0,1,fave,155.73542898178835,77.53424435425633,8,los,"",0.060000000000172804,a,empleadores,l,s,l,s,internal
373.4500749065547,819.4351986423006,2773.0261859618713,3.214159416194984,2.65912918611063,4.30137184629225,5512.820512820513,0.012104235493708962,29.092749999999953,0.08499999999999999,0.33464566929133854,0-0-101-6,o,42d56bbf-Audio_SP23_part04,group_0,1,fave,155.40689198952896,70.35361508142637,8,ejemplo,"",0.2300000000000182,por,[silence],l,#,l,.,final
298.16110343147324,622.5996341694816,1576.8805764337028,3.2571601496315945,3.315341248845309,4.751376519266284,4076.923076923077,0.0011317215382995582,31.983750000000025,0.027000000000000003,0.32142857142857145,0-0-112-0,o,42d56bbf-Audio_SP23_part04,group_0,1,fave,120.00313626424068,75.79184151299404,8,ofensa,"",0.05999999999994543,como,a,#,f,o,f,initial
397.7843312513027,1161.1476990239175,2276.1645147670365,3.582099556791872,3.710237581572238,4.236472313927171,4794.871794871795,0.00519463485587035,33.320749999999954,0.041,0.3306451612903226,0-0-115-6,o,42d56bbf-Audio_SP23_part04,group_0,1,fave,94.13949678447807,64.75271780712646,8,terceros,"",0.10000000000013642,a,",",R,s,R,s,internal
389.9308101574905,913.0574573784279,2912.118273019362,2.70585445513833,3.085001546914941,4.978393576172417,5871.794871794871,0.0072194659463625695,33.93275000000008,0.045,0.33582089552238803,0-0-118-6,o,42d56bbf-Audio_SP23_part04,group_0,1,fave,100.98503800422026,62.65042590513601,8,ejemplo,"",0.10999999999989996,por,",",l,#,l,.,final
459.79518399405174,942.2728867874711,3129.534030178306,2.876555533227958,3.5973367423592144,4.371989896825548,5333.333333333333,0.00400706456667743,34.59574999999993,0.051000000000000004,0.3311688311688312,0-0-120-1,o,42d56bbf-Audio_SP23_part04,group_0,1,fave,167.67908270067196,81.57121179970245,8,todavía,"",0.13000000000010914,",",sale,t,d,t,d,internal
390.0092445283674,1178.7753938720475,2343.2028628765106,2.831934785032492,3.632624197339131,3.9436912897938114,4615.384615384615,0.00039002535396017677,37.01375,0.027000000000000003,0.32142857142857145,0-0-133-2,o,42d56bbf-Audio_SP23_part04,group_0,1,fave,190.05750241614106,78.68457145696965,8,hecho,"",0.05999999999994543,la,porque,h,#,h,p,final
486.6703824820031,1155.577267150051,2370.6117814287,3.276590646440606,3.9327336082420894,3.7407548185455286,5512.820512820513,0.00012806278677569827,39.923750000000084,0.027000000000000003,0.32142857142857145,0-0-142-3,o,42d56bbf-Audio_SP23_part04,group_0,1,fave,134.26473015740808,78.94458661836968,8,valorada,"",0.05999999999994543,bien,porque,l,R,l,R,internal
469.97456872621,836.0162081138304,2496.3174380743567,2.6019005973372487,2.6794843659576912,4.508345850988435,4974.358974358975,0.0005250835063607363,41.44575000000007,0.031,0.32978723404255317,0-0-149-0,o,42d56bbf-Audio_SP23_part04,group_0,1,fave,118.24829365173557,67.78195397321032,8,o,"",0.06999999999993634,[silence],veinticinco,#,#,.,b,coextensive
501.883560121244,810.30343804178,3432.955460311419,2.8016205123998783,2.8724731619424055,3.3968820238100648,5692.3076923076915,0.002630016975698464,42.10374999999994,0.067,0.32843137254901966,0-0-150-10,o,42d56bbf-Audio_SP23_part04,group_0,1,fave,157.97437311140277,70.29609132155647,8,veinticinco,"",0.18000000000006366,o,centavos,k,#,k,z,final
403.9003153045775,814.2948067414528,1256.1175287167737,3.295050104888561,3.4430872513719293,4.419135434724893,4256.410256410256,0.0021594307549236023,42.65075000000011,0.041,0.3306451612903226,0-0-151-6,o,42d56bbf-Audio_SP23_part04,group_0,1,fave,120.6283702228748,74.02184057075357,8,centavos,"",0.09999999999990905,veinticinco,que,b,s,b,s,internal
375.51502823832914,872.2458147487805,2634.916966898255,3.0003496734131794,3.974985926479031,5.052083154293604,6051.282051282051,0.0007090992554416302,44.61374999999991,0.027000000000000003,0.32142857142857145,0-0-160-2,o,42d56bbf-Audio_SP23_part04,group_0,1,fave,152.8572149882746,80.48689658856554,8,hago,"",0.060000000000172804,la,",",g,#,g,.,final
489.4628279239654,950.8823391236581,2348.874701482402,3.2039663533913036,4.054061302556364,4.724943154640013,5512.820512820513,0.0015066597859199982,45.53774999999998,0.035,0.33653846153846156,0-0-165-3,o,42d56bbf-Audio_SP23_part04,group_0,1,fave,169.4964909006549,74.8960981981954,8,razón,"",0.07999999999992724,sencilla,[silence],z,n,z,n,internal
562.7511009899665,1237.9083495198652,2270.0885033321974,2.7190887671984343,3.381733315137683,4.509350497291509,5692.3076923076915,0.009505896340333355,50.57574999999998,0.091,0.3321167883211679,0-0-182-4,o,42d56bbf-Audio_SP23_part04,group_0,1,fave,129.58403880558848,74.97312433537526,8,Ints(tagram)o,"",0.25,de,no,s,#,s,n,final
392.16192479846353,809.2744654164319,2563.5037023959508,3.3008228733515943,2.3574652855166263,3.848132837882415,5692.3076923076915,0.00003915537556533353,55.303749999999965,0.027000000000000003,0.32142857142857145,0-0-205-1,o,42d56bbf-Audio_SP23_part04,group_0,1,fave,204.0336660599862,78.09417528311285,8,complain,"",0.05999999999994543,un,por,k,m,k,m,internal
363.0749763400336,1104.9857129236386,1745.0532426539112,3.1164023383333004,3.84138965277436,3.8525589134728615,3717.948717948718,0.003800497637242062,61.122749999999904,0.045,0.33582089552238803,0-0-242-6,o,42d56bbf-Audio_SP23_part04,group_0,1,fave,94.28750809896222,66.06981030588518,8,tercero,"",0.11000000000012733,un,[silence],R,#,R,.,final
429.2310690119907,1367.1874160251643,2454.1325078686837,3.1196675586783047,4.183123887084539,4.574280091668724,5153.846153846154,0.00007705488619656251,64.8727499999999,0.025,0.33783783783783783,0-0-258-1,o,42d56bbf-Audio_SP23_part04,group_0,1,fave,140.71434974734046,76.94276962756403,8,lo,"",0.0500000000001819,[silence],manda,l,#,l,m,final
410.78639380587555,850.849423185509,2937.8655436001354,2.774591574950219,3.425959211340604,4.1141410831401375,5692.3076923076915,0.009041505754900004,66.35274999999994,0.065,0.33505154639175255,0-0-267-1,o,42d56bbf-Audio_SP23_part04,group_0,1,fave,225.7279854054838,75.16884012811315,8,los,"",0.17000000000007276,ves,los,l,s,l,s,internal
477.2489944770293,871.3033749153786,2944.5521005104188,2.818085987073855,3.7541805305215514,4.8252271284242205,5871.794871794871,0.00763141426597354,67.6327499999999,0.045,0.33582089552238803,0-0-271-4,o,42d56bbf-Audio_SP23_part04,group_0,1,fave,170.46234082713002,74.08717591708397,8,Microworkers,"",0.11000000000012733,de,eso,R,o,R,o,internal
404.7759870720635,617.9460643522859,2408.7659012296144,2.1166772941770984,2.8621478410258994,4.691524762193404,4794.871794871795,0.0025939234650900166,67.73875000000002,0.037,0.32456140350877194,0-0-271-5,o,42d56bbf-Audio_SP23_part04,group_0,1,fave,206.32231518467486,78.39361330644775,8,Microworkers,"",0.08999999999991815,de,eso,o,R,o,R,internal
360.7369298245842,717.9698701105796,1624.853030709633,3.4861872734737114,3.406349699128866,3.750359378595942,3717.948717948718,0.0009954835142691686,70.71575000000004,0.031,0.32978723404255317,0-0-284-1,o,42d56bbf-Audio_SP23_part04,group_0,1,fave,192.2646676447046,78.58114876163177,8,poner,"",0.06999999999993634,a,reclamar,p,n,p,n,internal
377.4255459978828,774.0261706967863,2254.386963159611,2.7022344905966804,3.3757738291037933,4.837889775409953,5153.846153846154,0.00008708447478520176,77.14375000000011,0.027000000000000003,0.32142857142857145,0-0-323-3,o,42d56bbf-Audio_SP23_part04,group_0,1,fave,194.60052563470623,81.14801244600353,8,tipo,"",0.05999999999994543,ese,de,p,#,p,d,final
285.68583326530376,1217.513647688332,1603.192702852374,2.867780751943604,4.203678653735993,3.7676280232528607,3717.948717948718,0.0006215664982194632,78.1227499999999,0.025,0.33783783783783783,0-0-328-5,o,42d56bbf-Audio_SP23_part04,group_0,1,fave,188.26028355125592,77.74253864639608,8,vuelvo,"",0.0500000000001819,Y,a,b,#,b,a,final
377.6066360166821,780.0292911328049,1914.6534312048952,3.0209346116933316,3.8555222022854103,4.532646216372753,5512.820512820513,0.004639990233370443,82.30574999999997,0.051000000000000004,0.3311688311688312,0-0-348-4,o,42d56bbf-Audio_SP23_part04,group_0,1,fave,116.10229599255862,76.01372245353866,8,Microworkes,"",0.13000000000010914,a,.,R,o,R,o,internal
438.36015199517965,832.0417654284029,2393.5381993310607,2.931484316505654,3.1988992995397596,3.3502951898709936,4615.384615384615,0.0009430499485043075,82.43275000000008,0.045,0.3358208955223881,0-0-348-5,o,42d56bbf-Audio_SP23_part04,group_0,1,fave,101.82528264159122,73.94497987438207,8,Microworkes,"",0.10999999999989996,a,.,o,R,o,R,internal
421.74659056122726,976.8453138115267,2445.062121931743,3.40324317846606,3.6949181706948915,4.497152593690284,5153.846153846154,0.004216681654318662,85.30374999999997,0.047,0.3263888888888889,0-0-359-1,o,42d56bbf-Audio_SP23_part04,group_0,1,fave,133.66982402158064,72.0495374059287,8,los,"",0.12000000000011823,",",statements,l,s,l,s,internal
280.15079380047206,1466.9675473526452,2492.8640431379245,2.663480467645294,4.351546873142729,4.489738087891248,5871.794871794871,0.00032131714867627734,86.20575000000005,0.031,0.32978723404255317,0-0-362-2,o,42d56bbf-Audio_SP23_part04,group_0,1,fave,83.1262423999114,78.50865400170498,8,ellos,"",0.06999999999993634,de,y,L,s,L,s,internal
343.2193495544656,1099.797888555748,2853.7379433531155,3.054940792952751,3.7233442073052765,3.84635036459511,5153.846153846154,0.007436960133322655,88.31074999999996,0.041,0.3306451612903226,0-0-369-4,o,42d56bbf-Audio_SP23_part04,group_0,1,fave,94.26652331884925,66.48455008719829,8,mundo,"",0.10000000000013642,del,.,d,#,d,.,final
463.58368795650904,1260.1076263409873,2157.5310200048834,3.4411149572879567,3.7200459571999827,4.218312135769044,4974.358974358975,0.00036742247497786423,89.13374999999989,0.027000000000000003,0.32142857142857145,0-0-373-3,o,42d56bbf-Audio_SP23_part04,group_0,1,fave,144.7785663009328,71.96968304667725,8,Pero,"",0.060000000000172804,[silence],entonces,R,#,R,e,final
315.20680727411036,1025.1557465283822,2319.533067011307,1.9418716524756419,3.637943691219428,4.305658544680358,4435.897435897436,0.0011718853810888867,93.44875000000006,0.037000000000000005,0.324561403508772,0-0-389-2,o,42d56bbf-Audio_SP23_part04,group_0,1,fave,151.00180363408006,75.93596853419037,8,uno,"",0.08999999999991815,dice,porque,n,#,n,p,final
354.4809398931409,1010.9047827731878,2208.963825142769,2.963890101199195,3.7593288604740573,5.060943066828632,6051.282051282051,0.0016715705671173442,94.43775000000007,0.035,0.33653846153846156,0-0-393-3,o,42d56bbf-Audio_SP23_part04,group_0,1,fave,173.66449128343334,72.39439289060915,8,pero,"",0.07999999999992724,oye,cómo,R,#,R,k,final
410.6915138459087,830.9732142282128,1928.574877075882,2.1794555061241225,2.7132613708196107,4.2037812656252,4615.384615384615,0.0004338413145472821,95.94375000000007,0.027000000000000003,0.32142857142857145,0-0-401-5,o,42d56bbf-Audio_SP23_part04,group_0,1,fave,202.86679501898132,79.28939495975517,8,tiempo,"",0.05999999999994543,tiene,ahí,p,#,p,á,final
401.9791320376865,1180.1791172553365,3288.8928610907683,2.447055383960787,3.729799258347345,4.7719236905214855,5871.794871794871,0.0026253196696824107,97.82774999999994,0.035,0.3365384615384616,0-0-410-7,o,42d56bbf-Audio_SP23_part04,group_0,1,fave,129.79695605570103,75.16159276780157,8,poniendo,"",0.08000000000015461,sigan,.,d,#,d,.,final
434.625001471558,1062.9730813176561,3602.2577240190344,2.7229055384415304,3.498626979452993,3.9049068907492677,6230.7692307692305,0.009332896375724587,100.25275000000003,0.065,0.33505154639175255,0-0-418-12,o,42d56bbf-Audio_SP23_part04,group_0,1,fave,163.74695491696122,72.34972497593927,8,administración,"",0.17000000000007276,de,[silence],i,n,i,n,internal
388.4088576661387,882.2399148739263,2603.7975045669214,2.5271794699173418,2.7905967162936762,3.981483831359889,4615.384615384615,0.0002712124303289471,100.54874999999997,0.037,0.32456140350877194,0-0-420-0,o,42d56bbf-Audio_SP23_part04,group_0,1,fave,198.51399885669665,74.09885098843375,8,o,"",0.08999999999991815,[silence],sí,#,#,.,s,coextensive
259.4161576147562,1103.534254719122,3016.386236693961,3.7078168663671653,3.206072806003554,5.290677574144129,5692.3076923076915,0.0401334575650567,101.84774999999993,0.055,0.33536585365853655,0-0-426-6,o,42d56bbf-Audio_SP23_part04,group_0,1,fave,187.17513981138652,67.73239462352386,8,parando,"",0.14000000000010004,está,[silence],d,#,d,.,final
529.5452076624615,1115.615680788704,1950.8033167590204,3.653952823743048,3.920782334677672,4.386255974717143,4974.358974358975,0.005139989955946731,118.45375000000006,0.047,0.3263888888888889,0-0-457-4,o,42d56bbf-Audio_SP23_part04,group_0,1,fave,182.59361592109596,75.92245404173785,8,Claro,"",0.11999999999989086,%%,porque,R,#,R,p,final
419.69290846549603,800.5512329915001,2315.922720855713,2.3392737195877924,2.8186211303123,4.57801803238827,4974.358974358975,0.0023333321545505243,120.72875000000003,0.037000000000000005,0.324561403508772,0-0-465-1,o,42d56bbf-Audio_SP23_part04,group_0,1,fave,194.66461738643895,82.04303663611267,8,cómico,"",0.08999999999991815,es,¿,k,m,k,m,internal
468.27184172983164,1031.2495159436744,3350.2374290085413,3.6228363711692904,3.5062927835333744,4.069867329831471,6051.282051282051,0.005965043160674938,135.82774999999998,0.07500000000000001,0.3348214285714286,0-0-533-5,o,42d56bbf-Audio_SP23_part04,group_0,1,fave,112.14572082619672,63.12474296250688,8,hablado,"",0.20000000000004547,hemos,",",d,#,d,.,final
443.12757007984015,1120.1463077767944,2473.5256805624076,2.909099043293545,3.9480150756718198,4.907315015049746,5153.846153846154,0.03017757819740282,142.01775,0.095,0.334507042253521,0-0-559-0,o,42d56bbf-Audio_SP23_part04,group_0,1,fave,169.03951988577265,78.00852139693902,8,o,"",0.2599999999999909,Android,si,#,#,d,s,coextensive
454.5002516754185,1033.5821967748102,2281.465286490613,2.4186871656526168,3.7219949423462344,3.48762436709761,4435.897435897436,0.00026567005525343423,149.92575000000008,0.031,0.32978723404255317,0-0-582-1,o,42d56bbf-Audio_SP23_part04,group_0,1,fave,214.65327678452613,81.16327609895038,8,localidad,"",0.06999999999993634,una,de,l,k,l,k,internal
369.98140287389805,972.6187044204173,2096.7340525075847,2.769133476717027,3.8038240634672684,4.553272739293023,5153.846153846154,0.003927418360938675,154.26275,0.045,0.3358208955223881,0-0-599-1,o,42d56bbf-Audio_SP23_part04,group_0,1,fave,116.78280373912226,72.24476947039508,8,localidad,"",0.10999999999989996,la,de,l,k,l,k,internal
442.7127492070816,1180.9797635010023,2243.2408537922365,2.6411124785155837,3.884783782783848,4.152756066927638,4256.410256410256,0.0004028320541051923,156.45775000000006,0.035,0.3365384615384616,0-0-605-1,o,42d56bbf-Audio_SP23_part04,group_0,1,fave,116.66087505883193,74.04503414211854,8,localidad,"",0.07999999999992724,VPN,de,l,k,l,k,internal
487.81723126011906,968.1437849690415,3413.3969680063215,2.5830310001964176,4.1426259003187695,4.290351603544032,5871.794871794871,0.0008935701157519632,156.96875000000003,0.037000000000000005,0.324561403508772,0-0-607-4,o,42d56bbf-Audio_SP23_part04,group_0,1,fave,165.2516940472697,76.40781550143276,8,Estados,"",0.08999999999991815,de,[silence],d,s,d,s,internal
332.4702669769803,1153.5647713827072,2121.6619320901154,3.2578386468225666,4.056276244998104,3.807745656456835,4435.897435897436,0.018417021491317513,157.53874999999996,0.037000000000000005,0.324561403508772,0-0-609-4,o,42d56bbf-Audio_SP23_part04,group_0,1,fave,181.33816106941396,73.91437847031196,8,Unidos,"",0.08999999999991815,[silence],",",d,s,d,s,internal
421.3966010147003,903.596111088762,2366.279988377573,2.7603514327747765,3.2488525629249128,3.783650858113765,4974.358974358975,0.0017949048479479633,158.50275000000002,0.045,0.3358208955223881,0-0-613-3,o,42d56bbf-Audio_SP23_part04,group_0,1,fave,394.8097801236903,65.84782871995318,8,digo,"",0.10999999999989996,me,[silence],g,#,g,.,final
354.28441771566895,977.61128518951,2984.7710882235133,2.7515093665854526,4.142391761045902,3.9263879700821356,6051.282051282051,0.01770266763561285,159.76575000000003,0.051000000000000004,0.3311688311688312,0-0-616-7,o,42d56bbf-Audio_SP23_part04,group_0,1,fave,177.39571746043944,76.30409479573748,8,producto,"",0.12999999999988177,este,no,t,#,t,n,final
395.03859458327264,962.0382008317531,2177.3185333982024,3.062890575504899,3.4415945049915,4.361316353758639,4974.358974358975,0.0001168480229646616,161.99575000000002,0.031,0.32978723404255317,0-0-628-3,o,42d56bbf-Audio_SP23_part04,group_0,1,fave,188.3226191839224,74.26409344013408,8,tipo,"",0.06999999999993634,Este,tareas,p,#,p,t,final
392.11917637670456,958.6036131176858,2207.675589022889,1.891356093834407,2.8373129799972534,4.215118309820167,4435.897435897436,0.000021692632209400714,164.53375,0.027000000000000003,0.32142857142857145,0-0-638-4,o,42d56bbf-Audio_SP23_part04,group_0,1,fave,196.00575412435376,81.8449257436518,8,puedo,"",0.05999999999994543,te,decir,d,#,d,d,final
458.1271726276279,1403.377712599231,2217.938906273392,2.034973041536915,3.38208776493527,3.968023992146959,4794.871794871795,0.0003166918553720006,172.37074999999993,0.041,0.3306451612903226,0-0-670-3,o,42d56bbf-Audio_SP23_part04,group_0,1,fave,161.7719296143293,82.63246981462432,8,pero,"",0.10000000000013642,",",hay,R,#,R,á,final
457.56478015700253,1156.5736425817295,2381.201170363293,3.308716797385615,4.016751426709765,4.172782760070502,5333.333333333333,0.010987427429866954,180.47075000000004,0.061000000000000006,0.3315217391304348,0-0-700-4,o,42d56bbf-Audio_SP23_part04,group_0,1,fave,129.6983030725969,66.89380642211694,8,bueno,"",0.15999999999985448,",",[silence],n,#,n,.,final
402.57907390466085,1204.0904669472163,2390.0435615256524,2.937611912200552,3.4550798094634136,4.757791804785568,4974.358974358975,0.0008675245882902225,181.59774999999993,0.035,0.33653846153846156,0-0-705-1,o,42d56bbf-Audio_SP23_part04,group_0,1,fave,178.25141298653563,78.22400991476883,8,los,"",0.08000000000015461,en,estatutos,l,s,l,s,internal
382.2074445883538,947.0144455557568,2983.095139588382,2.3304535570551868,2.9850313891622524,4.383542786716913,4974.358974358975,0.0006929009529202554,182.37074999999993,0.041,0.3306451612903226,0-0-706-6,o,42d56bbf-Audio_SP23_part04,group_0,1,fave,181.21021422445966,78.15721277365377,8,estatutos,"",0.10000000000013642,los,de,t,s,t,s,internal
401.2648158278014,953.127997759489,2453.0812427031674,2.962818271472589,3.9309936660961227,4.840591965789167,5153.846153846154,0.012268692430584514,183.22575000000006,0.051000000000000004,0.3311688311688312,0-0-709-4,o,42d56bbf-Audio_SP23_part04,group_0,1,fave,143.9781463473644,68.01378988321483,8,Microworkers,"",0.12999999999988177,de,te,R,o,R,o,internal
424.6691496885595,608.8643453419037,3221.7099306110536,3.4032163304329375,3.555798376088213,4.022095822029057,5333.333333333333,0.02129219752838686,183.35774999999992,0.055,0.33536585365853655,0-0-709-5,o,42d56bbf-Audio_SP23_part04,group_0,1,fave,136.11437201720773,65.43355299899368,8,Microworkers,"",0.14000000000010004,de,te,o,R,o,R,internal
423.148644908518,1234.6583553483185,2273.2405855906864,3.130369030204111,3.6532179741885327,3.9936020428419985,4615.384615384615,0.0006782464869612015,196.1637500000001,0.027000000000000003,0.32142857142857145,0-0-747-1,o,42d56bbf-Audio_SP23_part04,group_0,1,fave,174.82573624980017,80.03649845500946,8,lo,"",0.05999999999994543,es,que,l,#,l,k,final
574.6296887185283,1423.231652240123,3633.6973223353384,3.218518912221281,3.6710078862086046,3.9915669157666227,6589.74358974359,0.02088948192020392,200.25275000000002,0.045,0.3358208955223881,0-0-766-6,o,42d56bbf-Audio_SP23_part04,group_0,1,fave,180.3154573193881,79.64697431635265,8,ejemplo,"",0.10999999999989996,por,la,l,#,l,l,final
272.37274530760396,748.7469060497984,1243.4103297217332,3.2759523599948492,3.206124146735285,3.616897675164452,3000.0,0.0026748007360033674,200.72775000000004,0.035,0.33653846153846156,0-0-769-4,o,42d56bbf-Audio_SP23_part04,group_0,1,fave,125.97613481374596,62.60886752267281,8,Amazon,"",0.07999999999992724,de,",",z,n,z,n,internal
535.6509440280832,834.1536238796913,2405.39390045024,3.4094054875416515,3.868420975485231,4.26579864156081,5512.820512820513,0.030387176644126906,203.62074999999993,0.08099999999999999,0.3319672131147541,0-0-781-4,o,42d56bbf-Audio_SP23_part04,group_0,1,fave,262.2722003908671,73.20388008610907,8,punto,"",0.22000000000002728,el,[silence],t,#,t,.,final
388.1647981307477,811.4296811601147,2335.886143222237,2.5225598718785505,3.2918668754302107,3.7777099929244518,4974.358974358975,0.00009519360378071714,204.57374999999996,0.027000000000000003,0.32142857142857145,0-0-784-1,o,42d56bbf-Audio_SP23_part04,group_0,1,fave,140.38338816661138,76.82484645987216,8,colocas,"",0.05999999999994543,donde,[silence],k,l,k,l,internal
414.9676290991709,991.3636416943161,2420.7587048291584,2.74251534772878,3.5170930302973007,3.9025389520648086,5333.333333333333,0.002654133600389407,206.39074999999988,0.061000000000000006,0.3315217391304348,0-0-788-7,o,42d56bbf-Audio_SP23_part04,group_0,1,fave,190.37306496993327,74.03686173509503,8,artículo,"",0.16000000000008185,el,en,l,#,l,e,final
400.25044290580183,1095.205748611906,2521.321782203714,2.825190986400555,4.375587782649783,4.936820182415013,5692.3076923076915,0.00801276313811563,213.3727499999999,0.045,0.33582089552238803,0-0-810-1,o,42d56bbf-Audio_SP23_part04,group_0,1,fave,105.78629193929753,72.96298297080057,8,lo,"",0.11000000000012733,que,colocaste,l,#,l,k,final
392.8656314128262,1081.1951733492501,2310.67241422633,3.1900624355303138,4.139219766116672,3.459903000383646,4974.358974358975,0.00048743666238998883,213.58574999999993,0.031,0.32978723404255317,0-0-811-3,o,42d56bbf-Audio_SP23_part04,group_0,1,fave,90.67324022097479,67.78894134041605,8,colocaste,"",0.07000000000016371,lo,en,l,k,l,k,internal
376.66109025096176,1109.2876189232754,2134.385459951047,3.3590408023301275,2.9287977697354317,3.793465937827591,4974.358974358975,0.0017024694043758603,215.4027500000001,0.045,0.3358208955223881,0-0-818-3,o,42d56bbf-Audio_SP23_part04,group_0,1,fave,195.33627598359175,78.4431074569662,8,llego,"",0.10999999999989996,yo,y,g,#,g,i,final
399.48236150313664,866.758282244639,2484.398116777995,2.785052374413551,3.9861218153649065,4.653019102379431,5333.333333333333,0.006056696268692284,216.03874999999996,0.037,0.32456140350877194,0-0-822-1,o,42d56bbf-Audio_SP23_part04,group_0,1,fave,110.40867852975181,74.7388489539332,8,lo,"",0.08999999999991815,supuesto,borro,l,#,l,b,final
397.47075601815,951.3106828617458,3011.944588560694,2.9788331679588924,2.4514113507133413,3.1719265672610795,5333.333333333333,0.00004465459550646159,216.3527499999999,0.025,0.33783783783783783,0-0-823-3,o,42d56bbf-Audio_SP23_part04,group_0,1,fave,97.62014261343279,66.04797664517314,8,borro,"",0.0500000000001819,lo,",",r,#,r,.,final
458.8701039611116,1298.6729335713917,3283.9040896821957,3.4520647845080026,4.705959788446563,4.019210364310926,6051.282051282051,0.010629705823003691,218.87574999999993,0.051000000000000004,0.3311688311688312,0-0-836-1,o,42d56bbf-Audio_SP23_part04,group_0,1,fave,174.84821834945146,82.24345801693148,8,lo,"",0.13000000000010914,Y,máximo,l,#,l,m,final
513.7774451097168,980.5898246545776,2508.291681295338,3.324437543331668,3.474978999630482,3.569352858183353,4974.358974358975,0.0018147107551508485,219.33774999999994,0.035,0.33653846153846156,0-0-837-5,o,42d56bbf-Audio_SP23_part04,group_0,1,fave,248.59668910321346,73.28318069921816,8,máximo,"",0.08000000000015461,lo,que,m,#,m,k,final
452.04357107498527,1045.1318969813058,1839.7212192780987,2.7496764183882867,3.5084438824500577,4.7433023142163,5153.846153846154,0.002230407219319625,221.0987499999999,0.037000000000000005,0.324561403508772,0-0-847-0,o,42d56bbf-Audio_SP23_part04,group_0,1,fave,142.86501021434577,73.06253856467896,8,o,"",0.09000000000014552,",",[silence],#,#,.,.,coextensive
414.74565920741685,885.7535444353606,2268.7513576577558,2.89820984996348,3.7096715504277036,4.177364535616037,4974.358974358975,0.0004160046522625881,222.6257499999999,0.031,0.32978723404255317,0-0-852-2,o,42d56bbf-Audio_SP23_part04,group_0,1,fave,117.09533492858057,73.28729966966773,8,proceses,"",0.07000000000016371,que,el,R,z,R,z,internal
350.7545304732273,1019.4055544981762,2330.71144294062,3.3155871706620084,3.890187475864723,3.8931979816554096,5153.846153846154,0.0013720613790899117,223.51775,0.035,0.3365384615384616,0-0-857-1,o,42d56bbf-Audio_SP23_part04,group_0,1,fave,2488.394711877696,71.07919112216025,8,lo,"",0.07999999999992724,pero,que,l,#,l,k,final
440.01785762730816,773.3642472538174,2902.4975450490942,3.3278881287222415,3.2934802748344274,4.116455551912,5692.3076923076915,0.0011872903321234602,223.86274999999992,0.045,0.33582089552238803,0-0-860-1,o,42d56bbf-Audio_SP23_part04,group_0,1,fave,127.69566197126704,75.50532302228096,8,lo,"",0.11000000000012733,no,hagas,l,#,l,á,final
537.9940272867901,779.852120774564,2206.1430476247942,3.2322619722341592,3.327842440742011,3.4625240011750824,4794.871794871795,0.0003539765556626207,225.15375000000012,0.027000000000000003,0.32142857142857145,0-0-868-1,o,42d56bbf-Audio_SP23_part04,group_0,1,fave,164.7933781416729,77.7786146851133,8,poner,"",0.05999999999994543,a,una,p,n,p,n,internal
405.4767124906959,817.8925359116658,2251.2615532170717,2.765504625549232,2.445876455616992,5.0003435724820955,4615.384615384615,0.00573228062819645,226.27775,0.035,0.3365384615384616,0-0-876-3,o,42d56bbf-Audio_SP23_part04,group_0,1,fave,-1369.827693233712,72.52487131315156,8,rebotar,"",0.07999999999992724,a,",",b,t,b,t,internal
420.05223773923126,1049.859470171246,2714.4460961550253,3.1967581489131014,3.79674096838714,4.589595074946416,5871.794871794871,0.0011578243546744524,229.28375,0.047,0.3263888888888889,0-0-884-3,o,42d56bbf-Audio_SP23_part04,group_0,1,fave,190.15646253196982,81.64098400480302,8,Pero,"",0.12000000000011823,[silence],hay,R,#,R,á,final
326.0928309123133,682.1077106460166,1795.4182782702294,3.813145240561256,2.8583156332861175,4.974304935051301,4256.410256410256,0.001238658931134309,233.11374999999992,0.027000000000000003,0.32142857142857145,0-0-902-1,o,42d56bbf-Audio_SP23_part04,group_0,1,fave,185.9450208147112,77.68749983205335,8,montadas,"",0.060000000000172804,mal,",",m,n,m,n,internal
377.6907647950808,1068.1918625099215,2227.208568316,2.4595105350153323,3.4103871644635486,4.245832305861945,4615.384615384615,0.00015115983365907615,233.83374999999995,0.027000000000000003,0.32142857142857145,0-0-906-1,o,42d56bbf-Audio_SP23_part04,group_0,1,fave,111.58585678695707,68.39371013707905,8,lo,"",0.060000000000172804,es,que,l,#,l,k,final
403.34660407250203,906.4692794984788,2004.2757891923848,2.703032987710265,3.76979627227951,4.048551126695854,4974.358974358975,0.006161765280039134,234.3757499999999,0.07100000000000001,0.3317757009345794,0-0-909-3,o,42d56bbf-Audio_SP23_part04,group_0,1,fave,214.13516393358944,60.1948862998155,8,creo,"",0.19000000000005457,yo,",",é,#,é,.,final
422.20944849878157,859.7137717516067,1567.107342388931,3.0871863062975584,3.752911542498805,4.527531092577668,3897.4358974358975,0.004850196624478891,235.34774999999993,0.035,0.33653846153846156,0-0-914-0,o,42d56bbf-Audio_SP23_part04,group_0,1,fave,133.356022948774,80.61152762886765,8,obviamente,"",0.08000000000015461,este,no,#,b,e,b,initial
437.84791754539657,715.1317713621278,2351.1029215393587,3.492026767010852,3.42584905452887,4.72242474701325,4794.871794871795,0.029726026124909457,237.18575000000007,0.07100000000000001,0.3317757009345795,0-0-922-2,o,42d56bbf-Audio_SP23_part04,group_0,1,fave,242.74987591153072,64.76944341452233,8,hago,"",0.1899999999998272,las,",",g,#,g,.,final
557.2657954464612,1420.29425312599,2423.2444881633955,2.9542562049340417,3.925706550995992,4.419114801468252,5512.820512820513,0.01868278053435116,237.99375000000003,0.067,0.3284313725490196,0-0-926-0,o,42d56bbf-Audio_SP23_part04,group_0,1,fave,135.9537939727169,77.4581994102227,8,obligan,"",0.18000000000006366,te,a,#,b,e,b,initial
410.3768764633882,1106.4756588619107,2382.1054901766433,2.2076725709629708,3.161223507093444,4.11569998718507,4615.384615384615,0.00019351350040247388,240.24575000000002,0.031,0.32978723404255317,0-0-935-6,o,42d56bbf-Audio_SP23_part04,group_0,1,fave,276.9899693150188,75.44780805025734,8,crédito,"",0.06999999999993634,de,",",t,#,t,.,final
310.6271387888988,677.2102699834176,2392.380517714446,3.465996333548927,3.068480280233754,4.338602179633801,4615.384615384615,0.0006546897923904724,241.1027499999999,0.025,0.33783783783783783,0-0-943-3,o,42d56bbf-Audio_SP23_part04,group_0,1,fave,114.65967190090939,72.7931720990179,8,cómo,"",0.0500000000001819,[silence],lo,m,#,m,l,final
448.83876349988077,917.34488392897,2373.369763056838,3.4727607267568175,3.312691369498938,4.356941574221136,5333.333333333333,0.0035220781022782576,242.1487500000001,0.037,0.32456140350877194,0-0-950-1,o,42d56bbf-Audio_SP23_part04,group_0,1,fave,106.74210876562609,73.32687234006848,8,lo,"",0.08999999999991815,no,puedo,l,#,l,p,final
542.0374843778195,1069.851864256359,2615.0668762886,2.374839503527807,2.5708487355338288,2.872395335638475,5153.846153846154,3.1015252673104165e-6,242.38274999999987,0.025,0.33783783783783783,0-0-951-4,o,42d56bbf-Audio_SP23_part04,group_0,1,fave,569.1580939410986,56.12822092766924,8,puedo,"",0.0500000000001819,lo,hacer,d,#,d,a,final
383.01101366189096,775.7945552566912,1763.9527608025526,2.8565154174333345,3.4069730896071446,4.722880701533059,4256.410256410256,0.010239758876310309,245.6377499999999,0.035,0.3365384615384616,0-0-964-2,o,42d56bbf-Audio_SP23_part04,group_0,1,fave,114.96795744778122,70.07719966790225,8,hago,"",0.08000000000015461,las,por,g,#,g,p,final
389.3813477439653,662.8437692915282,1929.8377302290362,2.738510889583825,3.7856308241690613,3.7739919706369243,4794.871794871795,0.0007595206731855193,249.21075000000008,0.041,0.3306451612903226,0-0-977-3,o,42d56bbf-Audio_SP23_part04,group_0,1,fave,121.10418347584283,76.71710687840927,8,recodar,"",0.09999999999990905,de,",",k,d,k,d,internal
378.3634927392321,1167.872040775156,2520.1495297533957,2.898872433105505,4.0884806992287315,4.694132755024876,5692.3076923076915,0.04686002738834521,263.50375,0.087,0.3295454545454546,0-0-999-4,o,42d56bbf-Audio_SP23_part04,group_0,1,fave,183.68866517651483,74.89530738382135,8,campo,"",0.23999999999978172,un,[silence],p,#,p,.,final
307.61092595770873,619.9438743098627,1593.4976448943742,1.7604015904029384,3.699465640714388,4.740228833206007,3897.4358974358975,0.0017920892425560332,264.22775000000007,0.035,0.33653846153846156,0-0-1001-3,o,42d56bbf-Audio_SP23_part04,group_0,1,fave,299.6795977566232,78.00887561961801,8,como,"",0.07999999999992724,[silence],que,m,#,m,k,final
437.8576815578062,904.5916264210734,2608.9883111259105,3.085728761619871,4.128357526651125,4.669731004968495,5333.333333333333,0.006386763317693319,265.27774999999997,0.055,0.33536585365853655,0-0-1004-8,o,42d56bbf-Audio_SP23_part04,group_0,1,fave,107.7484864077393,71.73423023767673,8,arriesgado,"",0.13999999999987267,muy,",",d,#,d,.,final
542.201927689428,981.3914874234147,2308.8925529468456,3.807962180673632,3.640358592105193,4.770962439173229,5512.820512820513,0.0007646796456462123,267.0237500000002,0.027000000000000003,0.32142857142857145,0-0-1014-9,o,42d56bbf-Audio_SP23_part04,group_0,1,fave,168.30029448301812,80.30318933308178,8,preguntado,"",0.05999999999994543,he,a,d,#,d,a,final
406.6137964952958,1119.3740702837413,2296.6639766332955,2.943671552015227,2.8521109723060425,3.402222956011266,4974.358974358975,0.0001411586880325953,267.33575000000013,0.031,0.32978723404255317,0-0-1017-2,o,42d56bbf-Audio_SP23_part04,group_0,1,fave,175.58799324288677,79.06801197846266,8,hijo,"",0.06999999999970896,mi,que,x,#,x,k,final
389.1800848213301,1099.809294544671,2329.074659882315,2.933044736837786,2.897549266781173,3.2030861842050276,4974.358974358975,0.0009077431848392633,267.6677500000001,0.035,0.33653846153846156,0-0-1020-2,o,42d56bbf-Audio_SP23_part04,group_0,1,fave,131.31207852233476,73.38641075538735,8,hijo,"",0.07999999999992724,mi,conoce,x,#,x,k,final
420.69769716893796,742.5896461912215,2428.13274393321,3.1039510143952516,3.049514099879309,3.5128543919094777,4974.358974358975,0.00003306247437167865,267.78275,0.025,0.33783783783783783,0-0-1021-1,o,42d56bbf-Audio_SP23_part04,group_0,1,fave,161.43209635251515,72.0154352811499,8,conoce,"",0.0500000000001819,hijo,mucho,k,n,k,n,internal
361.1960177222275,1032.3929014241633,2299.264236084672,2.8572985167149767,3.694366516229484,4.208672540633133,4974.358974358975,0.0012109036729225755,268.4087499999999,0.037000000000000005,0.324561403508772,0-0-1022-3,o,42d56bbf-Audio_SP23_part04,group_0,1,fave,188.96075975640412,72.55987249700132,8,mucho,"",0.09000000000014552,conoce,",",h,#,h,.,final
379.1247947042053,733.4170904637083,1443.6196111984832,2.6210122207750586,3.585219425128707,4.8702746115858675,4076.923076923077,0.002114441356831489,271.43575000000004,0.031,0.32978723404255317,0-0-1039-1,o,42d56bbf-Audio_SP23_part04,group_0,1,fave,109.42619271009912,73.50448814181512,8,comienzo,"",0.06999999999970896,al,por,k,m,k,m,internal
380.662396039585,1064.4732318750314,2395.1931177899933,2.930629558978028,4.100691108177174,4.894418445930757,5333.333333333333,0.0055160418538621045,271.84874999999994,0.037,0.32456140350877194,0-0-1039-7,o,42d56bbf-Audio_SP23_part04,group_0,1,fave,-7096.254484256982,63.961852105335915,8,comienzo,"",0.09000000000014552,al,por,z,#,z,p,final
418.70926242045283,1109.3092562818674,2399.339611161232,3.2539304892213488,3.702395054562313,4.1682451255606185,4794.871794871795,0.016901633225308733,275.69574999999986,0.07100000000000001,0.3317757009345795,0-0-1059-1,o,42d56bbf-Audio_SP23_part04,group_0,1,fave,140.37463053627408,75.03001812993449,8,lo,"",0.19000000000005457,no,es,l,#,l,é,final
407.1853312266963,959.3434326043291,2303.7112783078305,3.331771312185186,3.95598424936705,4.097344683398491,5692.3076923076915,0.0022242885057699524,277.03574999999995,0.031,0.32978723404255317,0-0-1066-1,o,42d56bbf-Audio_SP23_part04,group_0,1,fave,207.41174480870916,75.8383665718352,8,los,"",0.07000000000016371,sigo,consejos,l,s,l,s,internal
452.41262235525824,1123.1687371297776,2312.332857571912,3.3876372231760348,3.629635721451468,3.6903932673459776,4615.384615384615,0.0006153574698723635,277.40574999999984,0.031,0.32978723404255317,0-0-1067-6,o,42d56bbf-Audio_SP23_part04,group_0,1,fave,189.16234129316467,76.40176142597107,8,consejos,"",0.07000000000016371,los,a,x,s,x,s,internal
324.22391720844513,837.3955555800746,3242.8648100533014,3.050442818182712,3.705490144793842,4.819742563629273,5871.794871794871,0.006725451774868685,277.8177500000002,0.035,0.3365384615384616,0-0-1070-2,o,42d56bbf-Audio_SP23_part04,group_0,1,fave,100.33156088648194,60.140680261868,8,hijo,"",0.07999999999992724,mi,.,x,#,x,.,final
398.95250308162167,1213.5734004434967,2367.601399295572,3.229447318698085,4.0389911879071825,4.083455542314118,4974.358974358975,0.006060402673163363,282.0387500000002,0.057,0.32758620689655177,0-0-1074-4,o,42d56bbf-Audio_SP23_part04,group_0,1,fave,159.57213913418755,75.23574373538726,8,Bueno,"",0.1499999999996362,[silence],",",n,#,n,.,final
433.5970966412854,1113.3981548971476,2329.234978449612,2.6197162324379515,2.9310327742757143,3.6481285220421253,4974.358974358975,0.00014796950667550065,290.3957500000001,0.031,0.32978723404255317,0-0-1109-2,o,42d56bbf-Audio_SP23_part04,group_0,1,fave,211.28128730579405,76.03341542404978,8,ellos,"",0.06999999999970896,que,colocan,L,s,L,s,internal
399.21775499158304,1339.5650219561117,1924.6852337332098,2.9000768823593157,4.058724407422912,4.160224287194776,3897.4358974358975,0.0013167365177902276,291.6887500000001,0.037000000000000005,0.324561403508772,0-0-1113-5,o,42d56bbf-Audio_SP23_part04,group_0,1,fave,160.78444369337763,75.1533139807381,8,criptomoneda,"",0.09000000000014552,de,y,t,m,t,m,internal
396.5979162283698,1279.591558552847,2003.2029430130053,2.7791959074060397,3.7590859352532857,4.584330721688671,3717.948717948718,0.0001294623782194237,294.36274999999995,0.025,0.33783783783783783,0-0-1124-1,o,42d56bbf-Audio_SP23_part04,group_0,1,fave,142.81673656590027,78.96970703079539,8,los,"",0.0500000000001819,que,muchachos,l,s,l,s,internal
359.7943142022261,819.7531933079251,2391.298198015545,2.479900016631069,3.091805631393648,4.738148054738289,5333.333333333333,0.0035456905888352312,297.74274999999983,0.045,0.33582089552238803,0-0-1134-7,o,42d56bbf-Audio_SP23_part04,group_0,1,fave,117.09393485981961,66.32234573697411,8,registro,"",0.11000000000012733,de,",",R,#,R,.,final
417.74150984470515,1038.615147042248,2282.8631416529443,2.85608585083174,2.851472117719265,4.612468256594255,5333.333333333333,0.001678156718559489,299.24274999999983,0.045,0.33582089552238803,0-0-1142-5,o,42d56bbf-Audio_SP23_part04,group_0,1,fave,182.38750366589238,75.78878915662136,8,hacerlo,"",0.11000000000012733,de,todo,l,#,l,t,final
419.5435076842066,716.5830154806181,2564.970502499962,3.368516064194848,3.6735201429353532,4.110323304425149,4974.358974358975,0.011842593856707112,299.6587499999999,0.07700000000000001,0.3290598290598291,0-0-1143-3,o,42d56bbf-Audio_SP23_part04,group_0,1,fave,118.43774554947635,73.46148991771587,8,todo,"",0.21000000000003638,hacerlo,[silence],d,#,d,.,final
346.31050871578987,789.6635025866899,2521.5324854780224,2.89339444447279,3.088682022685772,4.499423869952638,4615.384615384615,0.00047311023078139313,305.26574999999997,0.031,0.32978723404255317,0-0-1164-4,o,42d56bbf-Audio_SP23_part04,group_0,1,fave,141.162974427885,75.07340015426516,8,mismos,"",0.07000000000016371,empleadores,",",m,s,m,s,internal
396.26021957458335,952.7823079081609,2427.66116372165,2.7853003209433536,3.644288282549646,4.931941553318447,4974.358974358975,0.0015983613381805757,305.87875000000014,0.037000000000000005,0.324561403508772,0-0-1168-4,o,42d56bbf-Audio_SP23_part04,group_0,1,fave,122.07659794737081,73.82141704789531,8,faltó,"",0.08999999999969077,me,decirte,t,#,t,d,final
315.74056585499187,678.7992035473249,1765.6830989862967,2.6471322530985595,3.4126470160229356,4.695372554801439,4615.384615384615,0.03311053822398358,317.32574999999997,0.11100000000000002,0.3323353293413173,0-0-1210-2,o,42d56bbf-Audio_SP23_part04,group_0,1,fave,124.7092807493612,71.00666031325952,8,Ellos,"",0.30999999999994543,[pron=pi],[silence],L,s,L,s,internal
445.36273623190635,1066.5000477160943,2380.41684848151,3.9105806522369213,3.7660392275633723,3.8972404362284143,5153.846153846154,0.013010843014865438,319.63375000000013,0.047,0.3263888888888889,0-0-1219-6,o,42d56bbf-Audio_SP23_part04,group_0,1,fave,94.04613157550202,61.78585969878641,8,revisión,"",0.11999999999989086,a,",",i,n,i,n,internal
375.0341799739976,1412.4404733982497,2313.2736044357193,2.7808838703457543,3.6808538204928727,3.6606837639341965,4615.384615384615,0.0017461507265137772,322.34774999999996,0.035,0.3365384615384616,0-0-1228-6,o,42d56bbf-Audio_SP23_part04,group_0,1,fave,149.4909407044583,79.7249543499711,8,revisión,"",0.07999999999992724,tu,",",i,n,i,n,internal
302.63484929505034,563.700234883197,1265.3385848489938,3.5917728050729374,3.3237323103120118,4.047568118072212,3000.0,0.000963785319347352,328.98574999999977,0.031,0.32978723404255317,0-0-1256-2,o,42d56bbf-Audio_SP23_part04,group_0,1,fave,257.21533149416945,75.68286935412485,8,hecho,"",0.07000000000016371,has,dos,h,#,h,d,final
460.5421360750636,1106.0578291692195,2332.7061732644456,2.8161555671024696,3.9006455248491956,4.286292942136142,4974.358974358975,9.634074973208905e-6,333.98274999999984,0.025,0.33783783783783783,0-0-1276-6,o,42d56bbf-Audio_SP23_part04,group_0,1,fave,234.76399745854786,76.8785608132526,8,haciendo,"",0.0500000000001819,están,ellos,d,#,d,é,final
438.3204321873047,1006.7079314113652,2222.336740390412,2.3758713507967966,3.3250819268316736,4.705249336840664,4974.358974358975,0.000023700536495470387,334.9727500000001,0.025,0.33783783783783783,0-0-1281-6,o,42d56bbf-Audio_SP23_part04,group_0,1,fave,214.23357046314567,77.16616260563714,8,haciendo,"",0.0500000000001819,estabas,varias,d,#,d,b,final
566.6734033562849,1037.5441462798792,2345.461044800757,2.550171306647066,3.0663611722292123,4.61269978897437,4435.897435897436,0.002294147282471103,340.0307499999998,0.08099999999999999,0.3319672131147541,0-0-1303-3,o,42d56bbf-Audio_SP23_part04,group_0,1,fave,159.71475265660413,78.06048523147774,8,tipo,"",0.22000000000025466,Ese,de,p,#,p,d,final
378.5022251805708,871.7334361221517,2403.9687451159193,2.82560185526699,3.2798987297510194,2.721688793505959,4794.871794871795,9.27937493309232e-6,342.24275000000006,0.025,0.33783783783783783,0-0-1311-3,o,42d56bbf-Audio_SP23_part04,group_0,1,fave,173.5791008783454,82.38701174610165,8,tipo,"",0.0500000000001819,ese,empleadores,p,#,p,e,final
400.17919744411574,724.1024756009775,3094.5050799254163,3.08803868512984,3.240952581971142,4.670681499790315,6230.7692307692305,0.021494279521889596,343.71274999999986,0.10500000000000001,0.3343949044585987,0-0-1315-6,o,42d56bbf-Audio_SP23_part04,group_0,1,fave,176.6614093566505,70.92218044222602,8,tratado,"",0.2899999999999636,he,",",d,#,d,.,final
384.8690178593314,1055.672370876464,2889.0056292268364,2.86195754736658,3.681805675844935,4.298768985379557,4974.358974358975,0.0007171376384386876,344.98574999999977,0.031,0.32978723404255317,0-0-1320-5,o,42d56bbf-Audio_SP23_part04,group_0,1,fave,172.78879852266934,78.34266613955938,8,escrito,"",0.07000000000016371,he,directamente,t,#,t,d,final
372.2785892933976,851.3612380004611,1871.9997059935736,2.281797936819731,3.4506195560296042,4.620887803684245,4974.358974358975,0.0005219883628037685,346.15574999999984,0.031,0.32978723404255317,0-0-1323-4,o,42d56bbf-Audio_SP23_part04,group_0,1,fave,119.21607917868977,76.27993590182898,8,Microworkers,"",0.07000000000016371,a,",",R,o,R,o,internal
341.16723363213856,678.0423387912093,3047.0107746442195,2.773661380192738,2.823893778987815,4.181544084126788,5692.3076923076915,0.0006301766024651279,346.22775000000007,0.035,0.33653846153846156,0-0-1323-5,o,42d56bbf-Audio_SP23_part04,group_0,1,fave,155.37520461858273,78.08192382964029,8,Microworkers,"",0.07999999999992724,a,",",o,R,o,R,internal
405.76182111931445,755.5142863064416,1977.5547156672362,2.499319021921651,3.4878336654901982,4.413308192335469,5153.846153846154,0.05471896574534614,347.61375000000015,0.047,0.3263888888888889,0-0-1329-2,o,42d56bbf-Audio_SP23_part04,group_0,1,fave,196.13570492604842,77.8275392201433,8,hizo,"",0.11999999999989086,me,esto,z,#,z,é,final
385.7880434048891,853.4070911763071,2036.0505658137085,2.773979265568396,3.7399130036747223,4.8619753782388635,4256.410256410256,0.04547476893401779,348.0877499999999,0.055,0.33536585365853655,0-0-1330-3,o,42d56bbf-Audio_SP23_part04,group_0,1,fave,107.82700814145791,68.01281597345816,8,esto,"",0.13999999999987267,hizo,es,t,#,t,s,final
357.36368079256164,705.5518928704993,3184.5169413558006,2.709685698453446,2.488915174253656,2.863836749307816,5512.820512820513,0.0018039854862725384,348.8107499999999,0.041,0.3306451612903226,0-0-1333-7,o,42d56bbf-Audio_SP23_part04,group_0,1,fave,165.90356791073657,80.5207819941287,8,tramposo,"",0.09999999999990905,un,.,s,#,s,.,final
410.47065621522114,806.7400499921825,2354.160226048467,3.3190857394496063,3.486053696310411,3.524775018867024,4974.358974358975,0.00002363341449979781,351.4427499999999,0.025,0.33783783783783783,0-0-1346-5,o,42d56bbf-Audio_SP23_part04,group_0,1,fave,180.69404070794417,80.11978637148826,8,muchachos,"",0.0500000000001819,los,me,h,s,h,s,internal
378.27924399267636,684.9010454287413,1350.9844908599684,2.5423511440038453,3.6702906697909525,3.957693723449646,3717.948717948718,0.0020304054088156557,354.27775000000025,0.035,0.33653846153846156,0-0-1360-6,o,42d56bbf-Audio_SP23_part04,group_0,1,fave,144.7326644443191,67.22921573697958,8,centavos,"",0.07999999999992724,quince,[silence],b,s,b,s,internal
434.8506613654009,1102.8497616057466,3137.507958988131,3.5502600204651986,3.6732516313115022,4.08942059937835,6410.25641025641,0.007767167525616879,395.71575,0.051000000000000004,0.3311688311688312,0-0-1373-5,o,42d56bbf-Audio_SP23_part04,group_0,1,fave,196.90424637851294,75.73425622479299,8,pequeño,"",0.13000000000010914,este,[silence],N,#,N,.,final
421.2234391462222,1145.7950492456862,2493.8013590256724,3.079774297843331,3.758786870232317,4.738523060290103,4615.384615384615,0.002567453193237976,396.99775000000005,0.035,0.3365384615384616,0-0-1376-6,o,42d56bbf-Audio_SP23_part04,group_0,1,fave,89.74722880208252,65.33148197067953,8,técnico,"",0.07999999999992724,detalle,.,k,#,k,.,final
417.62820922533547,1191.587737865972,2234.0500815049654,2.6872416733890763,3.2181474280488818,4.053650317165904,4974.358974358975,0.0009946665328506143,410.6577500000001,0.055,0.33536585365853655,0-0-1385-4,o,42d56bbf-Audio_SP23_part04,group_0,1,fave,206.3074921146216,78.58635735481792,8,acceso,"",0.13999999999987267,mismo,a,s,#,s,a,final
509.5440355505286,1677.864874398615,2360.183990958062,3.2207913421575234,4.060510597754177,3.659128257772291,5512.820512820513,0.00006989475453309999,416.65374999999983,0.027000000000000003,0.32142857142857145,0-0-1396-4,o,42d56bbf-Audio_SP23_part04,group_0,1,fave,163.47395727677028,76.63199277970169,8,Bueno,"",0.05999999999994543,"",",",n,#,n,.,final
367.60818928869963,866.025246071726,1720.9524052835516,2.8197114266508705,3.3198900831723615,4.639655357925787,4256.410256410256,0.00975284537897685,418.1807499999998,0.041,0.3306451612903226,0-0-1401-7,o,42d56bbf-Audio_SP23_part04,group_0,1,fave,172.60736889790866,78.3948494208239,8,explico,"",0.1000000000003638,te,algo,k,#,k,á,final
366.9283920139413,972.4202816907895,3433.4896558614864,2.9664180890257574,3.442226623753114,4.356384674254639,6230.7692307692305,0.00015021056264183434,418.45375,0.027000000000000003,0.32142857142857145,0-0-1402-3,o,42d56bbf-Audio_SP23_part04,group_0,1,fave,98.83108206014468,70.73156603476512,8,algo,"",0.05999999999994543,explico,no,g,#,g,n,final
344.97421769008776,697.082318476911,1484.6518362309923,2.6372825868272014,3.4409857155599584,4.221140025875108,4076.923076923077,0.0002993323360630203,422.1687500000001,0.037,0.32456140350877194,0-0-1415-3,o,42d56bbf-Audio_SP23_part04,group_0,1,fave,121.62775298082678,75.05823099437508,8,rebobinar,"",0.08999999999969077,uno,.,b,b,b,b,internal
435.7450930228034,803.8076235050745,2273.712543836633,3.396722503647798,3.367304235733757,4.088538629985945,5153.846153846154,0.0018697084074785098,431.66074999999984,0.041,0.3306451612903226,0-0-1441-1,o,42d56bbf-Audio_SP23_part04,group_0,1,fave,132.58361145561187,76.2652437927107,8,lógicas,"",0.09999999999990905,parecen,[silence],l,x,l,x,internal
335.56780073251696,1168.7147954177788,2666.586362690317,1.919077380845676,2.868964410665653,4.707048561280885,4974.358974358975,0.0006426354842553617,432.72775000000007,0.035,0.33653846153846156,0-0-1443-5,o,42d56bbf-Audio_SP23_part04,group_0,1,fave,150.6540401389041,79.15711766082607,8,cuando,"",0.07999999999992724,[silence],tú,d,#,d,t,final
338.23525230617537,844.0081421542361,2410.982870287717,3.559437196416432,3.850240034563968,4.672421331696517,5871.794871794871,0.025010393755219507,433.7387500000001,0.097,0.3299319727891157,0-0-1446-9,o,42d56bbf-Audio_SP23_part04,group_0,1,fave,154.77574415429245,62.26158448830876,8,comenzando,"",0.2699999999999818,estás,como,d,#,d,k,final
269.610720293978,759.5645102389551,2391.007723546089,2.5451456575270166,3.642294677012749,4.273011146278597,4974.358974358975,0.0021830240111328303,434.1487500000001,0.037000000000000005,0.324561403508772,0-0-1447-3,o,42d56bbf-Audio_SP23_part04,group_0,1,fave,250.35168119889275,71.95341088464514,8,como,"",0.08999999999969077,comenzando,tú,m,#,m,t,final
311.9463982226506,648.8133468943108,1052.6742000099837,2.950067753560622,3.6831182286622224,4.058473841120871,3538.4615384615386,0.01767014251109355,435.5707500000002,0.08099999999999999,0.3319672131147541,0-0-1453-4,o,42d56bbf-Audio_SP23_part04,group_0,1,fave,136.6908159039765,66.99854443831177,8,bueno,"",0.2199999999997999,récord,",",n,#,n,.,final
418.1639260482303,780.4783022933657,2233.5226229828727,2.599164082716431,3.8592157903796003,3.6601987181723388,5153.846153846154,0.000056205119429890004,437.2527499999998,0.025,0.33783783783783783,0-0-1462-5,o,42d56bbf-Audio_SP23_part04,group_0,1,fave,150.66769816736112,78.80933368839678,8,cierto,"",0.0500000000001819,un,récord,t,#,t,r,final
466.97340433679983,1104.0035483726829,2680.003678420364,3.2543073944371095,3.7171586987256435,4.324896944034983,5871.794871794871,0.03832848365095019,438.48775,0.055,0.33536585365853655,0-0-1467-7,o,42d56bbf-Audio_SP23_part04,group_0,1,fave,144.94956075755186,78.49878729312735,8,limitado,"",0.13999999999987267,estás,en,d,#,d,e,final
446.6160207596776,1238.6905792381187,2264.392150151016,2.670065290658117,3.4706017336853487,3.953599846961194,4974.358974358975,0.000016303977917622825,439.03275,0.025,0.33783783783783783,0-0-1470-5,o,42d56bbf-Audio_SP23_part04,group_0,1,fave,158.5177468505382,76.6788443657659,8,número,"",0.0500000000001819,el,de,R,#,R,d,final
407.66981746950336,904.899536922569,2323.5213282919945,2.693613522519229,3.4832931236227775,4.56106512477286,4974.358974358975,0.019703285535087395,443.59874999999994,0.07700000000000001,0.3290598290598291,0-0-1488-5,o,42d56bbf-Audio_SP23_part04,group_0,1,fave,118.03116963280975,63.25395297433064,8,cierto,"",0.21000000000003638,un,[silence],t,#,t,.,final
463.9339628009174,1108.8581511887614,2237.437233559696,2.285883650994203,3.654068174908125,4.079384577084067,4076.923076923077,0.00012829404394220606,447.65574999999984,0.031,0.32978723404255317,0-0-1501-2,o,42d56bbf-Audio_SP23_part04,group_0,1,fave,241.4023326889669,79.58789876620776,8,eso,"",0.07000000000016371,Y,bueno,s,#,s,b,final
364.00568224193387,1424.871147434906,2135.4434835326138,3.4458179780987757,4.301428128386886,4.793798071734446,4974.358974358975,0.00031441529509151537,447.86274999999995,0.025,0.33783783783783783,0-0-1502-4,o,42d56bbf-Audio_SP23_part04,group_0,1,fave,140.70790627718924,78.15551851489487,8,bueno,"",0.0500000000001819,eso,se,n,#,n,s,final
413.7718960468018,836.676927582087,2305.96272500548,2.6147788589693697,2.9418823535957,4.344671472864426,4615.384615384615,0.00013938648315337765,448.65574999999984,0.031,0.32978723404255317,0-0-1505-1,o,42d56bbf-Audio_SP23_part04,group_0,1,fave,80.40501625019074,70.86670037912738,8,conserva,"",0.07000000000016371,[silence],y,k,n,k,n,internal
309.0108272097356,665.9250340432743,2465.7946716355423,3.261776914114006,3.895258139141081,3.810639891094882,4974.358974358975,0.0011417254823803866,451.16575000000006,0.031,0.32978723404255317,0-0-1515-3,o,42d56bbf-Audio_SP23_part04,group_0,1,fave,248.93156562062356,72.6017225251316,8,como,"",0.06999999999970896,que,que,m,#,m,k,final
489.1802288679218,810.5769481721131,2281.315357381503,3.091989427817389,3.536857129136286,3.9663370939984035,4974.358974358975,0.002496382559364823,452.5907500000001,0.041,0.3306451612903226,0-0-1521-3,o,42d56bbf-Audio_SP23_part04,group_0,1,fave,171.97721462036267,76.67876294489065,8,todo,"",0.09999999999990905,sobre,personas,d,#,d,p,final
433.8646822063412,936.3610588672663,2272.425433146166,2.7592442168435594,3.875486969733966,4.2363591481090115,5333.333333333333,0.0002625431943231685,453.78574999999995,0.031,0.32978723404255317,0-0-1526-3,o,42d56bbf-Audio_SP23_part04,group_0,1,fave,148.53286636490273,74.74834567174076,8,otro,"",0.07000000000016371,en,lado,R,#,R,l,final
424.25212026880195,936.4187952231719,2780.6477186610314,2.6695849817651203,3.29549616626099,4.289320838628137,5512.820512820513,0.0268951624493046,454.11774999999994,0.11499999999999999,0.3343023255813952,0-0-1527-3,o,42d56bbf-Audio_SP23_part04,group_0,1,fave,126.64565429546286,69.29568953872256,8,lado,"",0.3200000000001637,otro,[silence],d,#,d,.,final
401.53780948524536,977.6996159178109,2270.726927110866,2.691056362501419,3.15757456100695,3.711623987567799,5153.846153846154,0.003969051108012242,456.23075,0.041,0.3306451612903226,0-0-1534-3,o,42d56bbf-Audio_SP23_part04,group_0,1,fave,399.2387729790157,80.9856500612422,8,digo,"",0.09999999999990905,Lo,porque,g,#,g,p,final
418.4056241747974,757.5045718840231,2355.1029217729665,3.9299460423884787,3.4609840046947116,4.270140069388333,5871.794871794871,0.00013799731495275897,457.01574999999997,0.031,0.32978723404255317,0-0-1537-4,o,42d56bbf-Audio_SP23_part04,group_0,1,fave,185.69704214622578,77.71969616512625,8,estamos,"",0.07000000000016371,nosotros,en,m,s,m,s,internal
496.27279970904607,1406.232894628682,2243.1986580041485,3.4671494083336825,4.232597011469412,3.981069915139454,5333.333333333333,0.0002537063872786814,458.5537499999999,0.027000000000000003,0.32142857142857145,0-0-1542-6,o,42d56bbf-Audio_SP23_part04,group_0,1,fave,144.21424147934698,77.12910023589006,8,primero,"",0.05999999999994543,[silence],de,R,#,R,d,final
345.85660811239336,733.674631954557,2470.8037936051355,2.8060800691213004,3.227107614318315,4.436945122590785,4435.897435897436,0.00006343387621398294,458.97375,0.027000000000000003,0.32142857142857145,0-0-1544-4,o,42d56bbf-Audio_SP23_part04,group_0,1,fave,149.44903605465703,77.65997079498527,8,estuvo,"",0.05999999999994543,de,de,b,#,b,d,final
414.42136658160285,855.7576090586348,1801.0617735933204,3.464366137224891,3.564346688842225,4.917919098052639,4794.871794871795,0.005777622149068059,463.3887499999999,0.037,0.32456140350877194,0-0-1561-3,o,42d56bbf-Audio_SP23_part04,group_0,1,fave,140.3138600130609,65.73079462856118,8,otros,"",0.09000000000014552,de,países,R,s,R,s,internal
354.5076695024205,1044.0650576413852,2120.6369120138966,2.058728957696109,3.6211254708163807,4.4049689485384675,4256.410256410256,0.0008189889615259609,466.84774999999996,0.035,0.3365384615384616,0-0-1572-4,o,42d56bbf-Audio_SP23_part04,group_0,1,fave,118.35166917222328,77.54940848892332,8,ayudó,"",0.07999999999992724,me,mucho,d,#,d,m,final
344.26642546483055,1506.581508322763,2352.463149077243,3.0053308534283034,4.412639336397651,4.3320162607804775,4615.384615384615,0.001315233868697154,467.1157499999999,0.031,0.32978723404255317,0-0-1573-3,o,42d56bbf-Audio_SP23_part04,group_0,1,fave,167.6194789225306,71.56448944460895,8,mucho,"",0.07000000000016371,ayudó,a,h,#,h,a,final
414.7435806346344,812.4483454751013,1605.949426173221,2.6696728807820245,4.038678965778751,4.167915671115073,3717.948717948718,0.0005287172213262471,469.47575,0.031,0.32978723404255317,0-0-1585-3,o,42d56bbf-Audio_SP23_part04,group_0,1,fave,144.15937994521164,73.37530885534846,8,creo,"",0.07000000000016371,cierto,que,é,#,é,k,final
410.65133487668226,1231.5273107585533,2535.489141838031,2.8196552920709697,3.6850617928366494,5.065994225342117,6051.282051282051,0.0017537562346943278,470.46774999999985,0.035,0.33653846153846156,0-0-1590-3,o,42d56bbf-Audio_SP23_part04,group_0,1,fave,118.52598781319685,73.14921081765999,8,Creo,"",0.08000000000038199,.,que,é,#,é,k,final
418.5097274900949,1348.8572070744717,2462.540371908555,2.345967152713811,3.059231267054065,4.051382838891768,5333.333333333333,0.0002156226034186503,474.75374999999974,0.027000000000000003,0.32142857142857145,0-0-1610-1,o,42d56bbf-Audio_SP23_part04,group_0,1,fave,143.59224810906065,77.33788954396856,8,lo,"",0.06000000000040018,",",que,l,#,l,k,final
367.5714886971251,1019.244014476389,2802.1013574471544,3.046820244548141,2.250331687356758,3.987629822108196,5333.333333333333,0.00023200895755128446,494.72274999999985,0.045,0.33582089552238803,0-0-1702-1,o,42d56bbf-Audio_SP23_part04,group_0,1,fave,129.27529060517546,72.39998232643782,8,lo,"",0.11000000000012733,no,sé,l,#,l,s,final
476.8667115108908,999.8945648904032,1880.8115085962975,2.9505607342949802,3.44413841658766,4.291059202576664,4256.410256410256,0.006143259429601103,503.82075,0.061000000000000006,0.3315217391304348,0-0-1733-2,o,42d56bbf-Audio_SP23_part04,group_0,1,fave,171.89356204555443,71.55751576409415,8,veo,"",0.15999999999985448,no,[silence],é,#,é,.,final
374.7358573065183,847.6805461261212,2165.5003088705053,4.068123302352802,3.2668592610843254,4.247893598484435,4794.871794871795,0.0032928593027716836,505.47575,0.031,0.32978723404255317,0-0-1742-3,o,42d56bbf-Audio_SP23_part04,group_0,1,fave,212.20239253679168,78.36115671796809,8,cómo,"",0.07000000000016371,y,es,m,#,m,s,final
356.49786503213215,1517.011377421944,3021.004528488357,2.333572866686925,4.12888925527371,4.613734742265527,5512.820512820513,0.001234932838804662,505.99375,0.027000000000000003,0.32142857142857145,0-0-1744-3,o,42d56bbf-Audio_SP23_part04,group_0,1,fave,358.0185632700365,61.91974306644509,8,esto,"",0.05999999999994543,es,",",t,#,t,.,final
433.618178689988,790.929673603262,2291.416101058039,3.713471912030307,3.320990694270624,4.691980884531367,5153.846153846154,0.009529948154986756,510.4707499999998,0.041,0.3306451612903226,0-0-1759-4,o,42d56bbf-Audio_SP23_part04,group_0,1,fave,251.27089495250843,71.8030127260177,8,tengo,"",0.1000000000003638,yo,",",g,#,g,.,final
345.5512080526328,830.5678580114666,2538.6189707661574,2.5698080089558957,3.8406476923334743,4.507806258156999,5153.846153846154,0.002442486300782358,511.78775,0.035,0.3365384615384616,0-0-1765-3,o,42d56bbf-Audio_SP23_part04,group_0,1,fave,151.56707961320805,77.45081849851869,8,digo,"",0.07999999999992724,te,mi,g,#,g,m,final
474.6337570728023,1144.8476514114773,2279.8966054608286,2.831345711744266,3.538345228456028,4.2237339674379895,4076.923076923077,0.00029014710050581465,528.2177499999998,0.035,0.3365384615384616,0-0-1837-3,o,42d56bbf-Audio_SP23_part04,group_0,1,fave,167.34420395420779,77.42483322075257,8,sino,"",0.08000000000038199,[silence],que,n,#,n,k,final
399.5794048572962,718.148789486555,2053.4209523974805,2.5616422517797712,3.401306003202946,5.121468886078557,5153.846153846154,0.001923938043138523,529.2037500000001,0.027000000000000003,0.32142857142857145,0-0-1842-4,o,42d56bbf-Audio_SP23_part04,group_0,1,fave,140.39137672300282,77.06576398283443,8,responderle,"",0.05999999999994543,de,.,p,n,p,n,internal
367.18433472556933,1043.8388581983077,3416.715988238152,2.314778045434613,3.961549974595547,3.853430037116626,5512.820512820513,0.004451960288159639,534.6177500000002,0.055,0.33536585365853655,0-0-1872-0,o,42d56bbf-Audio_SP23_part04,group_0,1,fave,143.91104897526827,75.99683446602668,8,ochenta,"",0.13999999999987267,de,[silence],#,h,e,h,initial
494.9493518877048,1918.6060092085668,2274.8014179043153,2.0687988160200512,3.2959665080422376,4.198503888669412,4974.358974358975,0.00005054323195261661,538.9657499999998,0.031,0.32978723404255317,0-0-1889-3,o,42d56bbf-Audio_SP23_part04,group_0,1,fave,135.64021108999077,78.4624518720649,8,pero,"",0.07000000000016371,hacer,ya,R,#,R,y,final
406.6622926099415,958.2744321165752,3103.3361733972797,3.5434814835974917,3.2950807821439025,5.07642622120312,4974.358974358975,0.0013875690378253296,539.7737500000003,0.027000000000000003,0.32142857142857145,0-0-1894-4,o,42d56bbf-Audio_SP23_part04,group_0,1,fave,249.16875976858253,63.2085771460685,8,amigo,"",0.05999999999994543,un,que,g,#,g,k,final
307.0817054084921,511.2877995769765,1236.2386626053153,3.68522249853119,4.011209297131484,4.064304136542896,3358.974358974359,0.0013423613550916239,541.63375,0.027000000000000003,0.32142857142857145,0-0-1902-6,o,42d56bbf-Audio_SP23_part04,group_0,1,fave,243.71072556092153,78.34613040315676,8,proceso,"",0.05999999999994543,el,es,s,#,s,s,final
380.49429046578575,859.6406799879134,2751.0386021485683,3.3324734852310303,3.5798565195761576,4.4879060145976695,4794.871794871795,0.007990741868873424,542.6427499999999,0.045,0.33582089552238803,0-0-1905-6,o,42d56bbf-Audio_SP23_part04,group_0,1,fave,164.46675560890336,67.84389193516097,8,tedioso,"",0.11000000000012733,tan,",",s,#,s,.,final
561.520585067802,1108.405742027945,2304.8502361895644,2.9123375705998296,3.198771014933408,4.759225948255069,4794.871794871795,0.00022915492799595343,544.49575,0.031,0.32978723404255317,0-0-1918-1,o,42d56bbf-Audio_SP23_part04,group_0,1,fave,139.0637174868964,75.87950812087773,8,lo,"",0.07000000000016371,no,voy,l,#,l,b,final
423.013556595651,1148.420273038956,1706.2590069046214,3.5779498784943966,3.5963864168628237,4.379028186263252,5153.846153846154,0.00029811796654117065,546.9537500000001,0.027000000000000003,0.32142857142857145,0-0-1931-3,o,42d56bbf-Audio_SP23_part04,group_0,1,fave,158.894612700074,72.03975443252976,8,creo,"",0.05999999999994543,vale,que,é,#,é,k,final
352.5465442940314,756.2995308127995,1075.7898313094918,3.2085318979553987,3.4128786787204533,4.1796587669000065,3179.4871794871797,0.03472811090234967,550.7407499999998,0.08099999999999999,0.3319672131147541,0-0-1945-6,o,42d56bbf-Audio_SP23_part04,group_0,1,fave,133.59885750922479,68.5682177698666,8,centavos,"",0.22000000000025466,doce,entonces,b,s,b,s,internal
469.8309935360638,1016.803902613832,3440.0368114347148,2.6955755114984976,4.088098464824115,3.941270310208623,6410.25641025641,0.0007652177957806042,552.01575,0.031,0.32978723404255317,0-0-1949-6,o,42d56bbf-Audio_SP23_part04,group_0,1,fave,232.24069142389916,80.54522918045734,8,centavos,"",0.07000000000016371,doce,yo,b,s,b,s,internal
465.47387083248793,1417.43561165292,2292.6521017003406,3.0061163861675064,3.9151614975950983,3.5551232377051387,4794.871794871795,0.0002364834920765873,555.0837500000002,0.027000000000000003,0.32142857142857145,0-0-1960-5,o,42d56bbf-Audio_SP23_part04,group_0,1,fave,158.38379295890596,69.17299813719046,8,muchacho,"",0.05999999999994543,este,que,h,#,h,k,final
353.13983944227056,1050.5692087268048,2547.828848868101,3.9119719123735224,3.614497576177737,4.515655115039153,5333.333333333333,0.00256021925876893,556.6177499999999,0.035,0.3365384615384616,0-0-1968-3,o,42d56bbf-Audio_SP23_part04,group_0,1,fave,191.22734649608637,77.4147686961644,8,conocimiento,"",0.07999999999992724,mucho,y,n,z,n,z,internal
371.35358263024824,900.9156128365955,2056.6175972909073,2.66125978503344,2.768224913105403,4.9754975473654195,5512.820512820513,0.0017099958849640115,564.05375,0.027000000000000003,0.32142857142857145,0-0-2005-5,o,42d56bbf-Audio_SP23_part04,group_0,1,fave,136.29474726052212,76.92359920709846,8,tiempo,"",0.05999999999994543,el,en,p,#,p,e,final
231.88397145948844,666.3250438683875,1437.925837863834,3.7876865798189567,2.100433813110693,4.178948995141445,3358.974358974359,0.0006043827492215743,578.28375,0.027000000000000003,0.32142857142857145,0-0-2069-1,o,42d56bbf-Audio_SP23_part04,group_0,1,fave,218.45161526382395,72.1814940729343,8,molesto,"",0.05999999999994543,estaba,",",m,l,m,l,internal
452.8306414496619,679.1938009011349,2652.384421888137,2.701601242358441,3.229506660639894,4.885864594795113,4974.358974358975,0.005542276929181855,582.7657499999998,0.051000000000000004,0.3311688311688311,0-0-2089-1,o,42d56bbf-Audio_SP23_part04,group_0,1,fave,240.71694587300016,74.64144014295783,8,^Vogue^,"",0.13000000000010914,de,el,b,g,b,g,internal
397.1378441910772,742.7412115618787,2719.0665511337993,2.938735129699648,2.323388829330856,4.626749020634467,5692.3076923076915,0.0005692250488947099,584.09575,0.031,0.32978723404255317,0-0-2093-1,o,42d56bbf-Audio_SP23_part04,group_0,1,fave,193.5932933322768,79.13965251657037,8,^Vogue^,"",0.07000000000016371,de,de,b,g,b,g,internal
321.3344104136069,563.2182763709218,2442.9072840029453,3.4665716878003927,3.432253694501996,4.762066998273026,4435.897435897436,0.008288888984995206,585.83575,0.051000000000000004,0.3311688311688312,0-0-2100-1,o,42d56bbf-Audio_SP23_part04,group_0,1,fave,181.87697767138624,81.60796434364262,8,Modificar,"",0.13000000000010914,[silence],una,m,d,m,d,internal
415.16865673098,648.4239865406095,1383.1327191478836,4.005228994704468,3.2385112042900586,3.7098647165339904,3358.974358974359,0.04623492648126821,587.0807500000002,0.061000000000000006,0.3315217391304348,0-0-2102-8,o,42d56bbf-Audio_SP23_part04,group_0,1,fave,218.086317583261,74.3540507231973,8,instrucción,"",0.15999999999985448,una,[silence],i,n,i,n,internal
430.1799148440803,1386.8250260074221,2267.770618988177,3.3636197439478175,3.1758105875616875,4.3498791621261015,4615.384615384615,0.0008325412904724557,590.0777499999999,0.035,0.3365384615384616,0-0-2108-8,o,42d56bbf-Audio_SP23_part04,group_0,1,fave,228.03253340545825,78.19490326673694,8,instrucción,"",0.07999999999992724,una,que,i,n,i,n,internal
382.36053375180546,776.3312042209793,1518.9320503512708,2.8959197122566978,2.477930762631546,4.427758268357513,4615.384615384615,0.004839196549603435,592.4057500000001,0.051000000000000004,0.3311688311688312,0-0-2118-0,o,42d56bbf-Audio_SP23_part04,group_0,1,fave,194.1730996712874,73.64856465432035,8,oculto,"",0.13000000000010914,estaba,",",#,k,a,k,initial
263.8975921496611,922.6934654317923,2447.5563146127997,3.16406719789074,3.956383062453315,4.7227214778890465,5153.846153846154,0.046044708329721,592.92875,0.097,0.3299319727891156,0-0-2118-5,o,42d56bbf-Audio_SP23_part04,group_0,1,fave,238.01047842932115,62.32781121204283,8,oculto,"",0.2699999999999818,estaba,",",t,#,t,.,final
435.6549901416555,934.2922128751957,2638.181023278226,3.1078135092881514,3.0450858235953295,4.420634296567781,4974.358974358975,0.012912972390097857,594.6257500000002,0.07100000000000001,0.3317757009345794,0-0-2125-4,o,42d56bbf-Audio_SP23_part04,group_0,1,fave,236.432918126211,70.27998878447563,8,texto,"",0.19000000000005457,dabas,",",t,#,t,.,final
306.4211548153428,2452.761354142203,3916.953552056727,2.7615159087437475,3.5360069876590017,4.863766012108899,7487.179487179487,0.00037198009323903677,9.677750000000083,0.035,0.33653846153846156,0-0-28-0,y,42d56bbf-Audio_SP23_part04,group_0,1,fave,100.732788162843,71.25292819974283,8,yo,"",0.07999999999992724,como,soy,#,ó,o,ó,initial
308.1455839302817,2230.4196089090237,3509.0765821711534,2.072992848462367,3.39918871625139,3.8352591701744143,6410.25641025641,6.549458358564038e-6,10.102749999999917,0.025,0.33783783783783783,0-0-30-2,y,42d56bbf-Audio_SP23_part04,group_0,1,fave,152.83392913847695,81.40158338138409,8,muy,"",0.0500000000001819,soy,apegado,ú,#,ú,a,final
296.58020312793866,1590.7073282795266,2376.0610421829624,3.615285678152965,4.1675881162863,4.521351077359053,5871.794871794871,0.0008175194093350793,20.973750000000035,0.027000000000000003,0.32142857142857145,0-0-68-0,y,42d56bbf-Audio_SP23_part04,group_0,1,fave,-1941.6930875857856,66.50791705980134,8,yo,"",0.05999999999994543,ocurre,seguía,#,ó,e,ó,initial
300.9795103101734,2120.7526627171683,3406.6150212843463,2.50937740040754,3.1624002005844805,4.885723784582434,6230.7692307692305,0.00021702522800345274,22.1557500000001,0.031,0.32978723404255317,0-0-74-0,y,42d56bbf-Audio_SP23_part04,group_0,1,fave,132.23273662086868,69.9210497135278,8,yo,"",0.06999999999993634,que,tenía,#,ó,é,ó,initial
322.2108657089286,2407.925064528123,3834.879210875252,2.838099195993399,3.1955688277121643,4.827625191864431,8205.128205128205,0.0008257017926632363,24.89074999999989,0.041,0.3306451612903226,0-0-84-1,y,42d56bbf-Audio_SP23_part04,group_0,1,fave,150.8983105728532,78.03877079984451,8,hay,"",0.10000000000013642,que,tareas,á,#,á,t,final
288.96751488579355,2168.643375528563,3155.84062527323,3.013991444621789,3.341670942733401,4.077179049470879,7846.153846153846,0.0000484761547836316,35.64375000000011,0.027000000000000003,0.32142857142857145,0-0-125-0,y,42d56bbf-Audio_SP23_part04,group_0,1,fave,127.59775050409834,67.93189337050987,8,yo,"",0.05999999999994543,que,no,#,ó,é,ó,initial
308.78761616681595,1693.3648512892025,2428.451627824493,2.6201630009583554,3.7622959630333552,4.559554468407679,5871.794871794871,0.001021890485789381,43.98775000000003,0.035,0.3365384615384616,0-0-157-0,y,42d56bbf-Audio_SP23_part04,group_0,1,fave,287.02722759391133,73.81442102947422,8,yo,"",0.07999999999992724,pero,no,#,ó,o,ó,initial
670.0731017226365,1528.9673893537245,2042.7621217779208,2.957604522993979,4.084732923408713,4.592507106412703,4974.358974358975,0.0014404193247270747,48.00375000000001,0.027000000000000003,0.32142857142857145,0-0-171-2,y,42d56bbf-Audio_SP23_part04,group_0,1,fave,173.41214832750617,76.3718819325379,8,vaya,"",0.05999999999994543,textualmente,a,á,a,á,a,internal
261.36475161180965,2044.9093411621245,3221.498967050562,3.855316129666705,3.9493737258443264,4.376935457910367,6769.2307692307695,0.0004918365363949769,59.71375000000005,0.027000000000000003,0.32142857142857145,0-0-232-0,y,42d56bbf-Audio_SP23_part04,group_0,1,fave,245.38413286897247,79.84771311301296,8,yo,"",0.05999999999994543,porque,no,#,ó,e,ó,initial
159.61772448113265,1160.981548142314,1763.5458007545624,3.315773696948226,4.20017861340073,3.1839368963788157,3897.4358974358975,0.001084965564141097,71.78374999999998,0.027000000000000003,0.32142857142857145,0-0-291-0,y,42d56bbf-Audio_SP23_part04,group_0,1,fave,117.89676709806778,70.55187090641982,8,ya,"",0.05999999999994543,mejor,más,#,á,R,á,initial
256.1397790352207,2047.2378130370248,3390.175317758235,3.0970526869121846,3.9092508147133587,4.806986469845081,6948.717948717948,0.0007043290327497524,73.07774999999994,0.035,0.3365384615384616,0-0-300-0,y,42d56bbf-Audio_SP23_part04,group_0,1,fave,103.67065899403278,68.21589626374592,8,yo,"",0.08000000000015461,",",no,#,ó,.,ó,initial
334.8821771465395,1956.838365125714,3329.158892244394,3.5851091633477465,3.7050006833376323,4.60618304811284,6410.25641025641,0.0159833902516745,76.41374999999991,0.10700000000000001,0.3302469135802469,0-0-320-1,y,42d56bbf-Audio_SP23_part04,group_0,1,fave,180.38089630569627,74.17285672005576,8,hay,"",0.3000000000001819,[silence],hay,á,#,á,á,final
306.23610647320766,2164.413840590824,3648.8737389680978,3.451335012045705,3.695271381445378,4.366052094256891,6769.2307692307695,0.002834773674773281,125.41775000000008,0.035,0.3365384615384616,0-0-481-0,y,42d56bbf-Audio_SP23_part04,group_0,1,fave,88.59888211427588,73.16610147571699,8,yo,"",0.07999999999992724,",",creo,#,ó,.,ó,initial
405.64135024228636,1857.4608402921597,2355.2653869357514,3.2506216235305536,3.6463664392826396,3.1284709540665876,5692.3076923076915,0.0006776254760954658,127.68575000000007,0.031,0.32978723404255317,0-0-493-1,y,42d56bbf-Audio_SP23_part04,group_0,1,fave,136.63116243064613,73.6358476785833,8,hay,"",0.06999999999993634,",",tarea,á,#,á,t,final
604.7584368626144,1986.6734480478094,3563.2532392472704,3.5834565714942865,3.7359616837462943,4.892906964998631,7307.692307692308,0.0009723731600798261,144.70775000000006,0.035,0.3365384615384616,0-0-568-1,y,42d56bbf-Audio_SP23_part04,group_0,1,fave,171.74929535302434,82.02792750070418,8,hay,"",0.07999999999992724,este,tarea,á,#,á,t,final
313.8478972775279,2308.163067951071,3583.961249191128,2.7478355669615295,3.268480508844733,4.145381565129548,7307.692307692308,0.006758701389054713,152.88774999999993,0.07500000000000001,0.3348214285714286,0-0-592-1,y,42d56bbf-Audio_SP23_part04,group_0,1,fave,115.93842283337712,71.7412666907379,8,hoy,"",0.20000000000004547,inclusive,",",ó,#,ó,.,final
259.1628982585334,2438.9219210634237,3719.910330003889,2.6632100009655377,3.5621244933232328,4.600584397210533,6230.7692307692305,0.009196780207730914,153.4137500000001,0.047,0.3263888888888889,0-0-594-0,y,42d56bbf-Audio_SP23_part04,group_0,1,fave,130.39029839440187,55.65074690870034,8,yo,"",0.11999999999989086,",",[silence],#,ó,.,ó,initial
317.7407799442724,2012.5327124154812,3496.666454646267,3.567557016754797,4.2366233274999585,3.9356512029782715,6410.25641025641,0.007696748579031737,169.94575000000006,0.031,0.32978723404255317,0-0-660-1,y,42d56bbf-Audio_SP23_part04,group_0,1,fave,275.48708110280256,73.93344400131674,8,hay,"",0.06999999999993634,no,tareas,á,#,á,t,final
486.25054649373186,2092.383903185057,3850.701692731888,3.94443613441224,2.6648849668634886,4.872552820041567,7128.205128205128,0.004218564168733874,172.50575,0.031,0.32978723404255317,0-0-671-1,y,42d56bbf-Audio_SP23_part04,group_0,1,fave,158.21480256979368,76.99533307572152,8,hay,"",0.06999999999993634,pero,tareas,á,#,á,t,final
368.6103643229806,2157.0009533500593,3731.264912595749,3.1867089349857785,2.880025902277677,4.886727655786967,6589.74358974359,0.00012617644128424857,177.6637500000001,0.027000000000000003,0.32142857142857145,0-0-690-0,y,42d56bbf-Audio_SP23_part04,group_0,1,fave,170.61730721202693,76.34595603597634,8,ya,"",0.05999999999994543,[pron=pi],te,#,á,.,á,initial
315.96776485631585,1675.254616725544,3007.823017589445,3.362038570446651,3.890522641048088,4.877617911332316,6769.2307692307695,0.005016740124543228,193.32874999999993,0.037,0.32456140350877194,0-0-735-2,y,42d56bbf-Audio_SP23_part04,group_0,1,fave,76.24316037038552,65.25925756394389,8,mayoría,"",0.09000000000014552,la,de,a,ó,a,ó,internal
443.24366640132894,1878.3991585993872,3515.3142778027723,3.716617248775787,4.113091954611917,4.170717677849067,6589.74358974359,0.0050320086542430436,220.80274999999997,0.045,0.3358208955223881,0-0-843-2,y,42d56bbf-Audio_SP23_part04,group_0,1,fave,152.45548475375907,75.32341630395604,8,vaya,"",0.11000000000012733,mire,a,á,a,á,a,internal
285.58833308290605,2069.4370667702933,3639.396821973833,2.665788005886023,3.3610502333481995,4.438681868988883,7487.179487179487,0.00038849474795210343,233.98775000000003,0.035,0.33653846153846156,0-0-908-0,y,42d56bbf-Audio_SP23_part04,group_0,1,fave,131.30509973498854,73.67179252348694,8,yo,"",0.07999999999992724,que,creo,#,ó,é,ó,initial
415.9541939355723,2113.260102150162,4226.27010213814,3.7393206302927506,3.803888663695225,4.337750331849657,8384.615384615383,0.0010044036080922472,241.29574999999997,0.031,0.32978723404255317,0-0-945-2,y,42d56bbf-Audio_SP23_part04,group_0,1,fave,114.1671247462827,75.18217313722008,8,voy,"",0.06999999999993634,lo,a,ó,#,ó,a,final
451.1438185052886,2181.210820614307,3306.955908984648,3.5059292255017582,3.398830114131241,4.592170058096408,6589.74358974359,0.001810715949996404,243.65075000000013,0.041,0.3306451612903226,0-0-957-1,y,42d56bbf-Audio_SP23_part04,group_0,1,fave,120.20632828956282,76.63925431828244,8,hay,"",0.09999999999990905,entonces,tareas,á,#,á,t,final
297.3576210134828,2245.7253847910965,3799.749291782953,1.9334858617051147,3.9537988364359156,4.210271993355152,6769.2307692307695,0.0008993666444665521,244.09074999999996,0.041,0.3306451612903226,0-0-960-0,y,42d56bbf-Audio_SP23_part04,group_0,1,fave,210.5769211334255,76.29918329017596,8,yo,"",0.10000000000013642,que,definitivamente,#,ó,é,ó,initial
301.4583066731369,1782.0358934342817,2413.716095683263,2.4726330082724637,3.699062666768812,3.8843747456659505,5692.3076923076915,0.0007393734121072073,261.04074999999995,0.041,0.3306451612903226,0-0-987-0,y,42d56bbf-Audio_SP23_part04,group_0,1,fave,140.3914479603049,76.32675300839665,8,yo,"",0.09999999999990905,pero,no,#,ó,o,ó,initial
300.4620441742824,2348.144884357772,3368.762320355401,1.9475079729236242,4.602779396459442,3.1676947509174735,6948.717948717948,0.0003904511384429873,264.57775,0.035,0.3365384615384616,0-0-1003-2,y,42d56bbf-Audio_SP23_part04,group_0,1,fave,150.30502014017713,82.93576431704224,8,muy,"",0.07999999999992724,que,arriesgado,ú,#,ú,a,final
334.96823357024516,1886.5333863654753,2546.01777052045,3.4300590792027155,3.889604042713822,4.446372685934779,6230.7692307692305,0.0021281779582137694,266.4237499999998,0.027000000000000003,0.32142857142857145,0-0-1011-0,y,42d56bbf-Audio_SP23_part04,group_0,1,fave,141.59833477829054,76.03094892565261,8,yo,"",0.05999999999994543,más,le,#,ó,s,ó,initial
324.96286311425524,2075.3186547831615,3522.2895151375833,2.9684219827813942,3.714409572881889,4.0788867435007505,7666.666666666666,0.014295985613267819,274.96075,0.041,0.3306451612903226,0-0-1055-1,y,42d56bbf-Audio_SP23_part04,group_0,1,fave,122.40466943186958,78.08899449906167,8,hoy,"",0.09999999999990905,pero,en,ó,#,ó,e,final
345.94303496518836,2251.029454171648,3479.8217248489086,3.5564498819693027,3.2733127532056905,4.258136217475532,6230.7692307692305,0.0007354191210310443,276.49375,0.027000000000000003,0.32142857142857145,0-0-1063-0,y,42d56bbf-Audio_SP23_part04,group_0,1,fave,233.53934946059425,68.83458480755007,8,yo,"",0.05999999999994543,y,le,#,ó,i,ó,initial
679.6640385928404,2032.4930329506476,3475.901402287843,3.6518902252835415,4.452306473699673,4.306036104643333,6230.7692307692305,0.00204653147423691,284.23374999999976,0.027000000000000003,0.32142857142857145,0-0-1084-1,y,42d56bbf-Audio_SP23_part04,group_0,1,fave,170.05265598723253,76.65390141905883,8,hoy,"",0.06000000000040018,",",en,ó,#,ó,e,final
302.8959307908245,2358.2879468451742,3188.821823172611,2.905495144946249,3.689676204689349,4.472025887775287,6589.74358974359,0.0011691976503508798,287.04275,0.045,0.3358208955223881,0-0-1097-0,y,42d56bbf-Audio_SP23_part04,group_0,1,fave,147.35562477354105,71.48406686774337,8,yo,"",0.11000000000012733,pero,me,#,ó,o,ó,initial
389.26439635428466,2135.406859620364,3688.8102485435516,3.0390964082627403,2.7252092594415718,3.4393446125581417,6589.74358974359,0.0010025332993805081,304.19874999999985,0.037,0.32456140350877194,0-0-1161-1,y,42d56bbf-Audio_SP23_part04,group_0,1,fave,195.1704309661622,79.57854901318002,8,hay,"",0.09000000000014552,y,unos,á,#,á,ú,final
320.3237912001897,2130.6227206320773,3198.7521958077978,2.5227231630994424,3.6745419728851676,4.149695866129546,6589.74358974359,0.0008327093918806652,306.88574999999986,0.031,0.32978723404255317,0-0-1171-1,y,42d56bbf-Audio_SP23_part04,group_0,1,fave,157.1965353905663,81.0809572234512,8,hay,"",0.07000000000016371,",",unos,á,#,á,ú,final
320.5979473927445,2165.4024006189925,3184.383491693162,3.685059190283811,3.7382878611439705,4.418222813062157,6769.2307692307695,0.001302417412224414,341.70375,0.027000000000000003,0.32142857142857145,0-0-1308-0,y,42d56bbf-Audio_SP23_part04,group_0,1,fave,124.66421106010148,78.53316092069137,8,Yo,"",0.05999999999994543,.,a,#,ó,.,ó,initial
377.60890697929426,2131.767566338279,3443.050431796218,3.180637962927531,2.8263481582563412,4.047592183648111,6589.74358974359,0.0028254518804040566,450.4187500000001,0.037,0.32456140350877194,0-0-1512-1,y,42d56bbf-Audio_SP23_part04,group_0,1,fave,163.44526791555765,79.02955217363981,8,hay,"",0.08999999999969077,Pero,gente,á,#,á,x,final
343.54085420157827,2140.0496055877484,3495.943244675106,2.3111530162580713,2.8556684880444103,4.0079017220042505,6410.25641025641,0.00002221562401469056,462.49275000000006,0.025,0.33783783783783783,0-0-1558-1,y,42d56bbf-Audio_SP23_part04,group_0,1,fave,280.4585198115584,73.86757359702992,8,hay,"",0.0500000000001819,donde,personas,á,#,á,p,final
318.2149535335858,2053.8468049697367,3148.1693096540835,3.227665228506047,3.5527420558785083,4.5532020793745165,7666.666666666666,0.005750929614798924,464.98375000000004,0.047,0.3263888888888889,0-0-1566-1,y,42d56bbf-Audio_SP23_part04,group_0,1,fave,153.00085223619246,81.27042011356276,8,hay,"",0.11999999999989086,ejemplo,una,á,#,á,ú,final
340.2325570392723,2048.7372161949766,2530.619679196388,2.910876696334635,3.4205219912010665,4.705759465749037,6230.7692307692305,0.0009975901227733419,466.6727500000001,0.045,0.3358208955223881,0-0-1572-1,y,42d56bbf-Audio_SP23_part04,group_0,1,fave,113.09118072789352,74.66738858214084,8,ayudó,"",0.11000000000012733,me,mucho,a,ú,a,ú,internal
346.75566527517543,2081.8065076224366,3749.6114887331905,2.0569109912142407,2.394749282882454,3.701519336221956,6051.282051282051,0.00010679968945505509,467.9507499999998,0.041,0.3306451612903226,0-0-1578-0,y,42d56bbf-Audio_SP23_part04,group_0,1,fave,117.49863087295974,76.72154160732138,8,yo,"",0.1000000000003638,que,creo,#,ó,é,ó,initial
292.46646298487127,1665.9482216164047,2933.423152534275,2.660450266960944,4.394789924721831,3.5989191744490054,6051.282051282051,0.013690788303166626,470.25374999999974,0.027000000000000003,0.32142857142857145,0-0-1588-2,y,42d56bbf-Audio_SP23_part04,group_0,1,fave,144.30604611735086,72.54042180490619,8,tuya,"",0.06000000000040018,paisana,.,ú,a,ú,a,internal
281.1475172635323,2291.839753361999,3008.062452333787,2.575393102034782,3.3125198176126296,4.038791829196067,5333.333333333333,0.0002366276694446784,483.01574999999997,0.031,0.32978723404255317,0-0-1645-0,y,42d56bbf-Audio_SP23_part04,group_0,1,fave,101.08451047737815,72.79241829753317,8,yo,"",0.07000000000016371,",",no,#,ó,.,ó,initial
188.4449161736683,2123.677059156306,3542.4024749819905,3.009284436007716,3.8731592914927075,4.050626699800872,6230.7692307692305,0.005170929550283521,486.2587499999998,0.037,0.32456140350877194,0-0-1664-0,y,42d56bbf-Audio_SP23_part04,group_0,1,fave,168.19574035313298,70.66249615443044,8,yo,"",0.09000000000014552,y,la,#,ó,i,ó,initial
388.4376230339268,2252.875259118937,3784.1884231864433,3.333793151232557,3.5472346731454603,4.517029686399661,6948.717948717948,0.006874614442021658,488.0657499999999,0.051000000000000004,0.3311688311688312,0-0-1674-1,y,42d56bbf-Audio_SP23_part04,group_0,1,fave,196.0301145217745,74.33921030450384,8,hay,"",0.13000000000010914,y,tareas,á,#,á,t,final
240.02160974122484,2239.63523019767,3244.2858905131525,3.1995892070175085,2.549159787082748,4.195800969996793,6230.7692307692305,0.0013826901780754743,489.61774999999994,0.035,0.33653846153846156,0-0-1680-0,y,42d56bbf-Audio_SP23_part04,group_0,1,fave,161.90018291932316,71.38098985490724,8,yo,"",0.07999999999992724,",",no,#,ó,.,ó,initial
302.47012757689487,2012.5379321173532,3239.3535185996216,2.7848081601044954,3.4831708391915344,4.188379270047019,6230.7692307692305,0.0006543536344523502,496.19874999999985,0.037,0.32456140350877194,0-0-1709-0,y,42d56bbf-Audio_SP23_part04,group_0,1,fave,85.32306296452097,78.01492424972534,8,yo,"",0.09000000000014552,ahí,he,#,ó,i,ó,initial
214.29525550838622,2137.9707953365987,3347.7413366579076,2.125360138902153,3.7719540325393734,3.9604184712447275,6410.25641025641,0.0006399314071742285,503.29775000000024,0.035,0.33653846153846156,0-0-1731-0,y,42d56bbf-Audio_SP23_part04,group_0,1,fave,202.83035647637948,75.5995789135455,8,yo,"",0.07999999999992724,que,no,#,ó,é,ó,initial
349.5030399474775,2340.84446739425,3846.556700535648,2.6083702488066747,4.0410123886792695,4.148672207647658,6948.717948717948,0.001922573455263424,510.01574999999974,0.051000000000000004,0.3311688311688312,0-0-1758-0,y,42d56bbf-Audio_SP23_part04,group_0,1,fave,169.38000995341346,76.74277812659116,8,yo,"",0.13000000000010914,",",tengo,#,ó,.,ó,initial
377.15992010420376,2326.8617458839262,3911.0126116509855,3.9981577953822036,3.252967302683747,3.8473734150763423,6769.2307692307695,0.006896476604198004,514.9607500000001,0.041,0.3306451612903226,0-0-1776-1,y,42d56bbf-Audio_SP23_part04,group_0,1,fave,208.35073934017674,74.89011951255286,8,hay,"",0.09999999999990905,porque,[silence],á,#,á,.,final
215.49214372497295,1930.2239252668203,2438.0411444816823,2.5700167732333608,3.72212087773806,4.253172358281089,4794.871794871795,0.0009445041625656779,536.6837500000001,0.027000000000000003,0.32142857142857145,0-0-1878-0,y,42d56bbf-Audio_SP23_part04,group_0,1,fave,121.03172585158732,76.97140195681389,8,yo,"",0.05999999999994543,",",no,#,ó,.,ó,initial
382.4289797830684,1974.7609961973592,3828.893075345473,2.8360806771491984,3.2503958750860433,4.217251681576423,6410.25641025641,0.0016841067180163893,539.04875,0.057,0.32758620689655177,0-0-1890-0,y,42d56bbf-Audio_SP23_part04,group_0,1,fave,149.76066401591694,73.57323508162635,8,ya,"",0.15000000000009095,pero,sé,#,á,o,á,initial
322.35398587888136,1847.5036426098854,2686.1661065462213,3.126942454995555,3.7742324524374586,4.454005612399378,5692.3076923076915,0.000287424932139764,543.86375,0.027000000000000003,0.32142857142857145,0-0-1912-0,y,42d56bbf-Audio_SP23_part04,group_0,1,fave,132.5287197710495,75.32081246285738,8,yo,"",0.05999999999994543,verdad,dije,#,ó,d,ó,initial
313.724157228418,2038.0973906236475,2531.7333558564537,2.343991111025232,3.4987667934737363,3.5863576801017123,5512.820512820513,0.00023220047174777854,544.2557499999998,0.031,0.32978723404255317,0-0-1916-0,y,42d56bbf-Audio_SP23_part04,group_0,1,fave,142.54607509920504,76.85917059591878,8,yo,"",0.07000000000016371,",",no,#,ó,.,ó,initial
401.945195655123,2199.5483403904586,3879.873390690564,3.050513496744277,3.9301278745203834,4.2267332717848936,8205.128205128205,0.00046145274208529154,544.6437500000002,0.027000000000000003,0.32142857142857145,0-0-1919-2,y,42d56bbf-Audio_SP23_part04,group_0,1,fave,131.00680552759252,76.90133160883366,8,voy,"",0.05999999999994543,lo,a,ó,#,ó,a,final
190.27106077434786,1891.6391517917993,2508.4053629092973,3.231909927513699,3.8623039598139384,3.4052638887468984,5871.794871794871,0.0054406205376386,552.1157499999999,0.031,0.32978723404255317,0-0-1950-0,y,42d56bbf-Audio_SP23_part04,group_0,1,fave,205.45290080617673,77.26268258259664,8,yo,"",0.07000000000016371,centavos,no,#,ó,s,ó,initial
396.96071383126844,2311.519372503094,3561.134746836296,3.338416294983388,2.5727592710677185,3.1707933509732715,5692.3076923076915,0.0002665076886426616,552.57875,0.037,0.32456140350877194,0-0-1952-2,y,42d56bbf-Audio_SP23_part04,group_0,1,fave,231.5734878430126,75.99055403655095,8,voy,"",0.09000000000014552,no,a,ó,#,ó,a,final
319.9677413168635,2190.3759645750015,2965.9883335448462,2.5580864281269284,3.6352078846551508,4.307515803352336,6051.282051282051,0.00454259943124304,563.0537500000003,0.047,0.3263888888888889,0-0-1999-0,y,42d56bbf-Audio_SP23_part04,group_0,1,fave,93.1277066769571,68.65523375897673,8,yo,"",0.11999999999989086,",",no,#,ó,.,ó,initial
366.1181929244467,760.1186546445725,2297.266531112472,2.707970139541064,3.1318060942249497,4.162797085595224,5153.846153846154,0.001879511591799678,18.42375000000008,0.027000000000000003,0.32142857142857145,0-0-58-1,u,42d56bbf-Audio_SP23_part04,group_0,1,fave,135.14692983217867,80.62497227888024,8,puedes,"",0.05999999999994543,simplemente,volar,p,é,p,é,internal
300.68769589722575,751.438485791647,1486.2582820389023,2.527271570134366,3.571826141623857,3.940038745425828,3538.4615384615386,0.028989220129010385,25.632749999999927,0.10500000000000001,0.3343949044585987,0-0-87-1,u,42d56bbf-Audio_SP23_part04,group_0,1,fave,161.61471297091032,77.03409373295818,8,tú,"",0.2899999999999636,que,[silence],t,#,t,.,final
425.3864010186181,1496.2098870320642,2373.544377948579,3.160499155128931,4.080590255063055,4.303598928499567,5692.3076923076915,0.00045777278674489244,47.203750000000056,0.027000000000000003,0.32142857142857145,0-0-170-4,u,42d56bbf-Audio_SP23_part04,group_0,1,fave,155.68633462353225,75.08435944989566,8,textualmente,"",0.05999999999994543,dicen,vaya,t,a,t,a,internal
278.58110996681285,560.1187536187587,1451.7675870434775,2.770326654910371,3.55421053580056,4.164789619989745,3179.4871794871797,0.0019394345878351062,65.96375000000005,0.027000000000000003,0.32142857142857145,0-0-265-1,u,42d56bbf-Audio_SP23_part04,group_0,1,fave,168.73668220244676,72.26478168557688,8,tu,"",0.05999999999994543,[silence],ves,t,#,t,b,final
322.03661826768837,1850.3215984647297,2793.3475892594724,2.4833300332185875,4.534183330341537,4.604365147329571,4794.871794871795,0.0018716662620432722,78.68775000000007,0.035,0.3365384615384616,0-0-332-1,u,42d56bbf-Audio_SP23_part04,group_0,1,fave,116.53028968697211,70.53797928614908,8,tú,"",0.07999999999992724,",",tú,t,#,t,t,final
383.5689574941934,798.1067460413749,2223.171947644773,2.4752740299071445,3.3315951820937455,4.762302523256939,4974.358974358975,0.014378293233708768,80.63774999999988,0.035,0.33653846153846156,0-0-341-1,u,42d56bbf-Audio_SP23_part04,group_0,1,fave,187.03517888901465,78.6285888013491,8,curiosidad,"",0.08000000000015461,por,si,k,R,k,R,internal
334.2666142530598,832.1628958107323,1802.6462762847293,2.362288680160197,3.1879429232085834,3.9349425147771093,3538.4615384615386,0.0009034108062578145,84.26875,0.037000000000000005,0.324561403508772,0-0-355-1,u,42d56bbf-Audio_SP23_part04,group_0,1,fave,106.5345636687107,79.37418330313706,8,tu,"",0.08999999999991815,mira,ves,t,#,t,b,final
305.38760270647833,1119.9717514479362,2434.5209707804784,2.368547979871573,3.3432806960721453,3.813368291302319,3897.4358974358975,0.0008654121127623529,138.59574999999992,0.031,0.32978723404255317,0-0-545-1,u,42d56bbf-Audio_SP23_part04,group_0,1,fave,115.29012777650449,70.29708451274145,8,tu,"",0.07000000000016371,en,celular,t,#,t,z,final
306.9725743624916,1234.0575811155672,2472.2676712261164,2.769005329334151,3.9017992949166347,3.7718474375644524,4256.410256410256,0.0008764994041655316,138.81574999999995,0.031,0.32978723404255317,0-0-546-3,u,42d56bbf-Audio_SP23_part04,group_0,1,fave,92.20710061735407,66.16852371889975,8,celular,"",0.06999999999993634,tu,.,l,l,l,l,internal
400.4553067152394,897.848224142075,1473.9307852724357,2.216063214898719,3.600196598071487,3.732918506362311,3000.0,0.0597712027113769,150.75075000000004,0.041,0.3306451612903226,0-0-584-5,u,42d56bbf-Audio_SP23_part04,group_0,1,fave,-873.2608522483129,39.97604186175877,8,Venezuela,"",0.09999999999990905,de,no,z,é,z,é,internal
303.69631325782115,1288.7855718601097,1798.9836321807993,2.4314986255912947,4.019769219365517,4.341130548666689,3717.948717948718,0.0010654817352998825,160.80574999999996,0.031,0.32978723404255317,0-0-621-1,u,42d56bbf-Audio_SP23_part04,group_0,1,fave,154.86240203928799,62.84533629210173,8,su,"",0.06999999999993634,en,[silence],s,#,s,.,final
391.37834813887815,1297.9380439122353,2336.609600601328,2.959986171117813,3.6224145641741754,3.9838905705847205,4256.410256410256,0.0025874302775120016,171.06774999999996,0.035,0.3365384615384616,0-0-664-5,u,42d56bbf-Audio_SP23_part04,group_0,1,fave,158.0538823149552,69.75285752593533,8,Venezuela,"",0.08000000000015461,para,",",z,é,z,é,internal
388.10944396241314,644.1827134247834,2685.5160504098553,2.915082362750555,3.1308001581782507,4.146854066504135,4974.358974358975,0.0006250800264104616,179.44575000000006,0.031,0.32978723404255317,0-0-696-1,u,42d56bbf-Audio_SP23_part04,group_0,1,fave,NaN,63.556457679460785,8,cuál,"",0.06999999999993634,decir,[silence],k,á,k,á,internal
319.2299809333133,1550.3515945872123,2699.795442671648,2.46029256104825,4.8577412444054,4.515904634852389,5153.846153846154,0.014959329765331878,184.70875000000004,0.037000000000000005,0.324561403508772,0-0-714-0,u,42d56bbf-Audio_SP23_part04,group_0,1,fave,155.91905145589098,68.70491893343176,8,usted,"",0.08999999999991815,[silence],no,#,s,.,s,initial
308.39588853218606,557.8717339344973,1818.0765937230624,2.3397838306245204,3.850447691927971,4.645026748821802,4076.923076923077,0.0054701710594034295,187.6187499999999,0.037,0.32456140350877194,0-0-719-0,u,42d56bbf-Audio_SP23_part04,group_0,1,fave,154.08614601963595,75.2247011801473,8,Usted,"",0.09000000000014552,.,[silence],#,s,.,s,initial
308.92960339878204,943.6216044600014,2363.9308629908414,1.5335233371746566,3.4779698892583943,3.0160088152127007,4974.358974358975,0.00013199745496145484,202.6087499999999,0.037000000000000005,0.324561403508772,0-0-777-1,u,42d56bbf-Audio_SP23_part04,group_0,1,fave,153.52624813471607,80.28455351566437,8,tú,"",0.09000000000014552,",",llegas,t,#,t,L,final
368.93473608944976,685.2464832569905,2095.038190747937,2.724435291014236,3.065112536563012,4.485490881806605,4974.358974358975,0.003977442243772861,219.60074999999995,0.041,0.3306451612903226,0-0-839-1,u,42d56bbf-Audio_SP23_part04,group_0,1,fave,92.50660558579928,73.06557126065086,8,puede,"",0.10000000000013642,que,decir,p,é,p,é,internal
295.7665468670689,1368.84743494915,2864.0779062014485,2.7919210577047013,4.517158188270733,4.189359902301944,5153.846153846154,0.0004201935101591517,231.01575,0.031,0.32978723404255317,0-0-891-3,u,42d56bbf-Audio_SP23_part04,group_0,1,fave,113.72478867469007,67.89865356157382,8,estructura,"",0.06999999999993634,la,de,R,k,R,k,internal
313.6361367215789,2344.018862766337,3195.605905608594,2.4572758233370977,4.492631892965504,3.615385750944299,5692.3076923076915,0.0013614084343741687,258.8837499999999,0.067,0.32843137254901966,0-0-981-1,u,42d56bbf-Audio_SP23_part04,group_0,1,fave,153.21392022201292,83.77569859771253,8,Muchísimas,"",0.18000000000029104,[silence],tareas,m,h,m,h,internal
390.7800030362299,818.5443419157866,2591.877438557918,2.5194858723275764,2.835120811547465,4.199740662543619,4974.358974358975,0.00020848726593636368,270.3237499999999,0.027000000000000003,0.32142857142857145,0-0-1034-1,u,42d56bbf-Audio_SP23_part04,group_0,1,fave,196.58540353845564,76.39359907841755,8,buen,"",0.05999999999994543,un,negocio,b,é,b,é,internal
363.9547104461942,716.7157997293671,1680.875058901807,3.0138966475705997,3.65493044243983,4.033449612925909,3179.4871794871797,0.0003524089445047312,287.61374999999987,0.027000000000000003,0.32142857142857145,0-0-1100-1,u,42d56bbf-Audio_SP23_part04,group_0,1,fave,191.52077242762923,83.1152008634031,8,justamente,"",0.05999999999994543,refería,a,x,s,x,s,internal
325.5767046708777,746.1907675111852,2345.5377072015067,2.7810224352409043,3.3924071654725316,4.037213543680975,4435.897435897436,0.00012829711113727422,294.50374999999974,0.027000000000000003,0.32142857142857145,0-0-1125-1,u,42d56bbf-Audio_SP23_part04,group_0,1,fave,130.88606656354628,75.05673528808097,8,muchachos,"",0.06000000000040018,los,llaman,m,h,m,h,internal
397.89011801241287,759.1980335458436,2473.539508016563,2.744687317471494,2.932268703593299,4.203193304882249,4794.871794871795,0.0004841912588627689,302.16375000000005,0.027000000000000003,0.32142857142857145,0-0-1152-1,u,42d56bbf-Audio_SP23_part04,group_0,1,fave,152.87995919778513,80.29448457913017,8,puedes,"",0.05999999999994543,no,hacerla,p,é,p,é,internal
407.79344755086277,686.6625292403593,2183.1620328813665,3.121905653475513,3.0263157991214746,4.82960069127357,5333.333333333333,0.007825148365458041,309.7577499999998,0.035,0.3365384615384616,0-0-1181-4,u,42d56bbf-Audio_SP23_part04,group_0,1,fave,161.4113548038035,70.39919196340242,8,adecuada,"",0.08000000000038199,palabra,[silence],k,á,k,á,internal
328.0288422807502,684.5745116856482,2137.230158003316,2.657620934231774,3.568623346892027,4.659523236112605,4615.384615384615,0.007970313078452055,316.23875000000004,0.057,0.3275862068965517,0-0-1208-0,u,42d56bbf-Audio_SP23_part04,group_0,1,fave,89.09512936558201,66.62396738407739,8,usted,"",0.15000000000009095,",",[pron=pi],#,s,.,s,initial
384.8847959311173,1311.3699214623693,2165.514978633611,2.4597020727704293,4.0156212126746915,4.220082564332768,3897.4358974358975,0.000015883317129348454,321.9427499999999,0.025,0.33783783783783783,0-0-1227-1,u,42d56bbf-Audio_SP23_part04,group_0,1,fave,193.44607084017193,73.49928159628278,8,tu,"",0.0500000000001819,haces,revisión,t,#,t,r,final
389.39290755579816,697.474318810899,2030.400982611933,2.8627250540313764,3.7226544847710112,4.271477105404722,5333.333333333333,0.0015910510493353852,322.98574999999977,0.031,0.32978723404255317,0-0-1234-1,u,42d56bbf-Audio_SP23_part04,group_0,1,fave,112.28179498353612,73.26729894713155,8,vuelves,"",0.07000000000016371,la,a,b,é,b,é,internal
376.54883460982063,526.3730978596292,1645.9918736262925,3.606863395104332,3.1893872939332777,4.054682833397272,3538.4615384615386,0.002992375181117071,325.4657499999998,0.031,0.32978723404255317,0-0-1244-1,u,42d56bbf-Audio_SP23_part04,group_0,1,fave,263.90744559345165,74.1003717789239,8,vuelven,"",0.07000000000016371,te,mandar,b,é,b,é,internal
367.79472469387,630.178917911386,1667.0006836029997,2.9173708944903844,3.7184462701159617,3.8075082386573715,3538.4615384615386,0.002958535409898194,327.9177500000001,0.035,0.33653846153846156,0-0-1251-4,u,42d56bbf-Audio_SP23_part04,group_0,1,fave,241.73408118994314,78.98679624239267,8,después,"",0.07999999999992724,y,[silence],p,e,p,e,internal
466.4177204084448,733.4463845745349,1665.0342016605275,2.853080391583829,3.4479574184524626,4.028150927208811,3538.4615384615386,0.04688345801912978,328.43575000000004,0.031,0.32978723404255317,0-0-1253-1,u,42d56bbf-Audio_SP23_part04,group_0,1,fave,100.3423378499629,68.09062575368037,8,cuando,"",0.06999999999970896,[silence],la,k,á,k,á,internal
466.79738164887715,860.7746070430755,1427.8697360634026,2.860243743000734,3.483541656943553,3.938307954897959,3717.948717948718,0.0009127398720125523,330.73774999999983,0.035,0.33653846153846156,0-0-1264-0,u,42d56bbf-Audio_SP23_part04,group_0,1,fave,286.5659939657803,81.83977572432244,8,última,"",0.08000000000038199,la,te,#,l,a,l,initial
316.8165946846743,1481.3856895449699,2370.031742332778,2.499595424651874,4.181880541445754,3.5433009472934525,4256.410256410256,0.0005994180135327465,334.43375000000003,0.027000000000000003,0.32142857142857145,0-0-1279-1,u,42d56bbf-Audio_SP23_part04,group_0,1,fave,267.021939319265,71.05738594631937,8,tú,"",0.05999999999994543,que,estabas,t,#,t,s,final
471.3770189603514,1141.7922470804513,2194.4107932926336,3.2205199517560223,3.420035342160299,3.4641455770746408,6769.2307692307695,0.0002748782736047196,394.80275,0.025,0.33783783783783783,0-0-1370-4,u,42d56bbf-Audio_SP23_part04,group_0,1,fave,133.58157257898088,73.2698061916657,8,después,"",0.0500000000001819,",",de,p,e,p,e,internal
312.8268181482442,1150.5728663431103,2553.4290188904647,3.2529994038123013,4.186753193412679,4.368822460647449,4974.358974358975,0.009220111078922922,412.13275000000016,0.045,0.3358208955223881,0-0-1393-1,u,42d56bbf-Audio_SP23_part04,group_0,1,fave,205.3339040986891,73.69309117918633,8,tú,"",0.10999999999967258,dices,[silence],t,#,t,.,final
361.8334154909012,495.76424496566557,2310.1975709147064,3.3658040464310046,3.25989860603093,3.4250054994607595,4076.923076923077,0.0005094031556262859,416.51275000000004,0.025,0.33783783783783783,0-0-1396-1,u,42d56bbf-Audio_SP23_part04,group_0,1,fave,139.58631828133062,75.78072632702576,8,Bueno,"",0.0500000000001819,"",",",b,é,b,é,internal
360.41961655897563,708.206880594864,2179.400204605488,2.7821387168138583,2.546629319725857,3.8857152090059333,4435.897435897436,0.00021455119673543187,425.5537499999999,0.027000000000000003,0.32142857142857145,0-0-1420-4,u,42d56bbf-Audio_SP23_part04,group_0,1,fave,184.10361026312466,79.92047691228373,8,Después,"",0.05999999999994543,[silence],de,p,e,p,e,internal
335.04314978138075,1714.3913654508756,2362.161202744995,2.2679632331862365,4.202666695762894,4.274227096330236,4615.384615384615,0.00007421358698677958,432.84274999999997,0.025,0.33783783783783783,0-0-1444-1,u,42d56bbf-Audio_SP23_part04,group_0,1,fave,171.87137104737855,76.93020308347633,8,tú,"",0.0500000000001819,cuando,estás,t,#,t,s,final
311.7187409498525,466.42920150951545,1335.407529135008,2.875761620361488,3.3375343837089706,4.353619192139845,3358.974358974359,0.021924063864151907,435.26574999999974,0.051000000000000004,0.3311688311688312,0-0-1453-1,u,42d56bbf-Audio_SP23_part04,group_0,1,fave,141.74612766700307,76.29879643238122,8,bueno,"",0.13000000000010914,récord,",",b,é,b,é,internal
263.50949174913177,565.5454901517952,1312.4459512680644,1.9401557984801434,4.049031357797415,4.492854216019456,3358.974358974359,0.0009168285047817838,438.8557500000001,0.031,0.32978723404255317,0-0-1470-1,u,42d56bbf-Audio_SP23_part04,group_0,1,fave,125.5710648264991,78.73793195639314,8,número,"",0.06999999999970896,el,de,n,m,n,m,internal
365.9357460596003,1446.747857288185,2537.430446131723,3.278907878267703,3.981609369707933,4.046223294286323,4794.871794871795,0.001246403715092298,441.55875,0.037,0.32456140350877194,0-0-1483-1,u,42d56bbf-Audio_SP23_part04,group_0,1,fave,209.73199099025896,78.59255740092365,8,tú,"",0.09000000000014552,que,logras,t,#,t,l,final
387.3769954616293,1068.6047759797293,2331.1941741776577,3.112379516666293,3.8090780311323993,4.703875492702096,4256.410256410256,0.05026918458919488,442.45274999999987,0.045,0.33582089552238803,0-0-1486-1,u,42d56bbf-Audio_SP23_part04,group_0,1,fave,225.68389648964302,63.46448207125747,8,superar,"",0.11000000000012733,[silence],un,s,p,s,p,internal
311.1752611620218,633.7940152040574,1496.3280854541829,2.376782164037326,3.4857541905512215,4.324582623837929,3538.4615384615386,0.0034208010554061313,459.1507500000001,0.041,0.3306451612903226,0-0-1546-0,u,42d56bbf-Audio_SP23_part04,group_0,1,fave,154.9088232331994,78.18942360965389,8,WhatsApp,"",0.09999999999990905,de,y,#,h,e,h,initial
306.09718583555326,937.1573666941224,2330.2817540835313,2.1635447768258405,4.223029398810303,4.124603310831603,5153.846153846154,0.0005988904684060796,465.23574999999977,0.031,0.32978723404255317,0-0-1568-1,u,42d56bbf-Audio_SP23_part04,group_0,1,fave,148.91279570311707,77.77829467840661,8,muchacha,"",0.07000000000016371,una,[silence],m,h,m,h,internal
348.02181838698675,536.2495155725057,1844.0739741828977,2.5903408711033453,3.185353866412252,4.256694900315943,3717.948717948718,0.0036969202949532886,475.5927500000002,0.045,0.33582089552238803,0-0-1616-0,u,42d56bbf-Audio_SP23_part04,group_0,1,fave,175.21691049154893,77.71897572259013,8,usted,"",0.10999999999967258,[silence],en,#,s,.,s,initial
239.01963459545001,467.62762371226995,1327.7101785844948,2.3700363062561856,4.005431101800929,3.8571290576205994,3000.0,0.057909593365115204,476.04275,0.045,0.33582089552238803,0-0-1618-1,u,42d56bbf-Audio_SP23_part04,group_0,1,fave,220.81918422634985,71.02415071065927,8,su,"",0.11000000000012733,en,país,s,#,s,p,final
407.7451488247102,1409.6063023336317,2470.7915026191145,3.188036730170369,3.4192236304280983,4.50961187265729,5692.3076923076915,0.0018728631630492087,479.1777499999999,0.035,0.33653846153846156,0-0-1628-0,u,42d56bbf-Audio_SP23_part04,group_0,1,fave,138.63281203863994,77.44762510254077,8,usted,"",0.07999999999992724,a,le,#,s,a,s,initial
362.18692740852646,609.0568459431329,1426.1618418624093,2.8905061990148964,3.3572149207390463,4.21799938745152,3717.948717948718,0.003992350081646358,480.7757500000002,0.031,0.32978723404255317,0-0-1637-1,u,42d56bbf-Audio_SP23_part04,group_0,1,fave,131.8302451620251,73.59209156097641,8,puede,"",0.06999999999970896,la,hacer,p,é,p,é,internal
390.8866991034237,1421.7598883834387,2564.6887933822536,3.4309041617328053,3.8579846987139272,4.423021687614308,4615.384615384615,0.00002838414270481912,491.78275,0.025,0.33783783783783783,0-0-1691-1,u,42d56bbf-Audio_SP23_part04,group_0,1,fave,202.38024221472676,77.79131920798751,8,muchachos,"",0.0500000000001819,los,[silence],m,h,m,h,internal
369.1099046830823,1501.8702216883037,3338.833704451983,2.934413663948139,4.234346906635497,4.136610795174128,6410.25641025641,0.0038906392363840013,497.64074999999985,0.041,0.3306451612903226,0-0-1715-2,u,42d56bbf-Audio_SP23_part04,group_0,1,fave,123.50412918066299,72.39285047534383,8,elucubraciones,"",0.09999999999990905,[silence],",",l,k,l,k,internal
322.80907804208823,600.9008110942186,1547.1263265817379,2.71334347897779,3.517133116519834,4.7317583946020045,4256.410256410256,0.004791311239449204,497.76875,0.037000000000000005,0.324561403508772,0-0-1715-4,u,42d56bbf-Audio_SP23_part04,group_0,1,fave,123.71306082927126,74.05915834146974,8,elucubraciones,"",0.09000000000014552,[silence],",",k,b,k,b,internal
434.62123166608546,735.8716563327265,1276.362197229974,3.0244581574040303,3.7696969704395014,3.7999762325371216,4076.923076923077,0.0003638021862563775,525.1327499999999,0.025,0.33783783783783783,0-0-1823-3,u,42d56bbf-Audio_SP23_part04,group_0,1,fave,227.60497656728774,74.33017963471909,8,recuerdo,"",0.0500000000001819,yo,mucho,k,é,k,é,internal
364.2627547348122,663.3245770856491,1702.9441242483997,2.915355134535546,3.6939611023141428,4.150720107451443,3717.948717948718,0.0004546291892106553,532.4737500000001,0.027000000000000003,0.32142857142857145,0-0-1862-2,u,42d56bbf-Audio_SP23_part04,group_0,1,fave,143.0798100662238,74.17175864452386,8,acuerdo,"",0.05999999999994543,me,que,k,é,k,é,internal
357.78944421651494,429.25621597487753,2137.0469602670187,3.0622022893801293,3.2599166268111506,4.934181365942169,4615.384615384615,0.08367662474100211,533.28075,0.061000000000000006,0.3315217391304348,0-0-1865-1,u,42d56bbf-Audio_SP23_part04,group_0,1,fave,203.44300262191499,78.81992089764783,8,cuatro,"",0.15999999999985448,lleva,personas,k,á,k,á,internal
231.4508016499821,438.8012340921335,1646.198673158436,2.083321555277311,3.300041159772104,3.686481028996154,3897.4358974358975,0.000026395002318788896,554.80275,0.025,0.33783783783783783,0-0-1960-1,u,42d56bbf-Audio_SP23_part04,group_0,1,fave,231.79588334124134,80.34895684461678,8,muchacho,"",0.0500000000001819,este,que,m,h,m,h,internal
294.8161913308517,558.8887895302112,2217.640536871856,2.6384177082201035,3.9609515597348226,4.376211978802826,4256.410256410256,0.0005515162282124484,555.82375,0.027000000000000003,0.32142857142857145,0-0-1965-1,u,42d56bbf-Audio_SP23_part04,group_0,1,fave,177.64170488109093,74.40771126266914,8,muchacho,"",0.05999999999994543,un,de,m,h,m,h,internal
331.67510380193147,540.9488301245774,2009.371172438428,3.0721419375764367,3.2836971947921896,4.036749137188584,5333.333333333333,0.0031585170662871884,570.1077500000001,0.035,0.3365384615384616,0-0-2032-1,u,42d56bbf-Audio_SP23_part04,group_0,1,fave,130.8895909429389,74.56538641511888,8,cuatro,"",0.07999999999992724,",",",",k,á,k,á,internal
333.1508914869585,510.3796525904902,1642.1507225640032,3.188950864581999,3.21546636340543,4.384162055150128,4256.410256410256,0.011351713587928716,571.8727499999999,0.045,0.33582089552238803,0-0-2041-1,u,42d56bbf-Audio_SP23_part04,group_0,1,fave,216.3556753137016,76.56335337139508,8,cuatro,"",0.11000000000012733,tres,",",k,á,k,á,internal
247.23833379419054,516.5630089134426,1405.817778362426,2.3100397134214132,3.1278864428359157,3.4878246962371913,3897.4358974358975,0.00006415562179563535,579.2257500000001,0.031,0.32978723404255317,0-0-2074-4,u,42d56bbf-Audio_SP23_part04,group_0,1,fave,248.99995447749558,76.69051681732721,8,preguntar,"",0.07000000000016371,a,es,g,n,g,n,internal
319.29010456799705,960.6029492091899,2193.610622258936,2.5399899911049855,4.35705210308995,4.142192391221945,5333.333333333333,0.0008903127157097099,588.4077499999999,0.035,0.3365384615384616,0-0-2105-1,u,42d56bbf-Audio_SP23_part04,group_0,1,fave,172.3066898515205,78.28829451881609,8,justamente,"",0.07999999999992724,donde,modificabas,x,s,x,s,internal
314.93974503331447,1138.9012212238144,2460.3412561846108,2.605249977939162,3.5477923485979552,4.183138629766219,5333.333333333333,0.0031267714373152374,599.12375,0.047,0.3263888888888889,0-0-2145-0,u,42d56bbf-Audio_SP23_part04,group_0,1,fave,135.86726072932618,79.93743827995836,8,URL,"",0.11999999999989086,el,[silence],#,e,l,e,initial
