F1,F2,F3,B1,B2,B3,max_formant,smooth_error,time,rel_time,prop_time,id,label,file_name,group,speaker_num,point_heuristic,f0,intensity,optimized,word,stress,dur,pre_word,fol_word,pre_seg,fol_seg,abs_pre_seg,abs_fol_seg,context
443.4413101594989,1407.5718222335574,2288.476885900053,3.2472371093847667,2.5316742968252877,2.938903400433565,5153.846153846154,0.0000557878204076866,16.49275,0.025,0.33783783783783783,0-0-2-4,o,42d56bbf-Audio_SP23_part01,group_0,1,fave,138.72891921047906,79.82605520210844,4,Bueno,"",0.05000000000000071,[silence],",",n,#,n,.,final
429.4866657977937,837.5571038309969,2274.3373153156267,3.1450066770566267,3.0155032540634683,4.44455698070468,5333.333333333333,0.0008848207988029614,16.98575,0.031,0.32978723404255317,0-0-7-1,o,42d56bbf-Audio_SP23_part01,group_0,1,fave,199.33699615246925,80.77445535921923,4,comenzar,"",0.07000000000000028,a,digamos,k,m,k,m,internal
335.78295093420957,864.4647192107336,1944.9771460948364,3.9481182892448023,3.3304028553748593,4.786264887736735,4974.358974358975,0.0006684913305945304,17.87575,0.031,0.32978723404255317,0-0-8-5,o,42d56bbf-Audio_SP23_part01,group_0,1,fave,174.4579244886505,77.83758268262217,4,digamos,"",0.07000000000000028,comenzar,por,m,s,m,s,internal
395.4575483675652,1144.713566499817,2396.996857677821,3.2051772193693164,3.942767462254932,4.70165658001648,5512.820512820513,0.0014006786114390143,18.955750000000002,0.031,0.32978723404255317,0-0-11-9,o,42d56bbf-Audio_SP23_part01,group_0,1,fave,95.56998631525911,63.02975457255347,4,nacimiento,"",0.07000000000000028,el,",",t,#,t,.,final
515.0793453185886,1353.6678625363936,3363.935420114154,3.7190621709764478,3.561751227466332,3.19721545962512,6230.7692307692305,0.0002686134273714736,19.70375,0.027000000000000003,0.32142857142857145,0-0-15-2,o,42d56bbf-Audio_SP23_part01,group_0,1,fave,140.5850734669213,74.48019878370006,4,próxima,"",0.05999999999999872,la,semana,R,s,R,s,internal
292.7560258988637,1160.4763038092417,1754.0109441119337,3.4207859035909065,3.9168122727994428,3.9051010641129467,4794.871794871795,0.00023168776185143576,24.263749999999998,0.027000000000000003,0.32142857142857145,0-0-30-8,o,42d56bbf-Audio_SP23_part01,group_0,1,fave,-6847.269740240767,78.97999371618698,4,veintiuno,"",0.05999999999999872,el,de,n,#,n,d,final
324.36198047625794,1253.3509756899318,2242.9162347776805,3.678428251564036,3.8159799794787705,4.105499483506755,4974.358974358975,0.00045944697343950936,25.24575,0.031,0.32978723404255317,0-0-34-2,o,42d56bbf-Audio_SP23_part01,group_0,1,fave,146.3623909929504,72.89375671163589,4,año,"",0.07000000000000028,del,mil,N,#,N,m,final
330.33452699803183,1295.1476178710436,2134.9805279117877,3.611306251165233,3.987820126354666,4.4117780946974,4974.358974358975,0.00006389735410941294,25.53275,0.025,0.33783783783783783,0-0-36-1,o,42d56bbf-Audio_SP23_part01,group_0,1,fave,144.58449685897506,71.49015845184081,4,novecientos,"",0.05000000000000071,mil,cincuenta,n,b,n,b,internal
399.8154081785127,1180.1083063935448,2393.183939227173,2.970205437203903,3.8512566673048023,3.95846790000256,4974.358974358975,0.0005998802265561702,46.28575000000001,0.031,0.32978723404255317,0-0-43-3,o,42d56bbf-Audio_SP23_part01,group_0,1,fave,108.60643624927708,75.55464398158448,4,Pero,"",0.07000000000000028,[silence],bueno,R,#,R,b,final
481.31452931855335,824.6105739372009,2511.858862163121,2.7297642935262907,3.6848648297209787,4.925108122907402,4794.871794871795,0.012805411479284627,52.02375,0.027000000000000003,0.32142857142857145,0-0-69-1,o,42d56bbf-Audio_SP23_part01,group_0,1,fave,128.12708148801485,67.95269496319466,4,contento,"",0.060000000000002274,muy,de,k,n,k,n,internal
414.00596083959556,1377.8635392280494,2290.3046009129716,2.5221019075552205,4.062794201616772,3.740657085677507,4794.871794871795,0.00002664954646792629,52.405750000000005,0.031,0.32978723404255317,0-0-69-7,o,42d56bbf-Audio_SP23_part01,group_0,1,fave,129.12694539231578,72.04436331305537,4,contento,"",0.07000000000000028,muy,de,t,#,t,d,final
379.0020511652226,666.2878894864826,2535.9076476304967,3.077313097379787,3.402779666691319,4.121062863435614,5153.846153846154,0.0010547920033534444,57.45775,0.035,0.3365384615384616,0-0-91-1,o,42d56bbf-Audio_SP23_part01,group_0,1,fave,161.0509255799744,77.28386921660864,4,posgrado,"",0.0800000000000054,un,en,p,s,p,s,internal
397.072754621364,1001.1039263075003,2931.461446431267,3.3995134416789203,3.730531537037207,3.7746142344687286,5512.820512820513,0.008885892885231894,57.94875,0.07700000000000001,0.3290598290598291,0-0-91-7,o,42d56bbf-Audio_SP23_part01,group_0,1,fave,152.32785861108528,73.92549630944248,4,posgrado,"",0.21000000000000085,un,en,d,#,d,e,final
374.763002244959,1430.806787606894,1860.0890209422932,3.2200339354400866,3.345807935229959,4.609979339385828,4256.410256410256,0.0025593352759402327,59.545750000000005,0.031,0.32978723404255317,0-0-94-9,o,42d56bbf-Audio_SP23_part01,group_0,1,fave,104.06919735457072,70.77645150957267,4,supervisión,"",0.07000000000000028,sistema,y,i,n,i,n,internal
320.34555220998277,741.9191916250777,2112.566713076471,2.9700327245510434,3.60898334124538,4.759686978699422,5153.846153846154,0.00007358526326606912,62.88275,0.025,0.33783783783783783,0-0-104-1,o,42d56bbf-Audio_SP23_part01,group_0,1,fave,124.40440826399696,74.82562682190458,4,posgrado,"",0.05000000000000426,ese,de,p,s,p,s,internal
381.82611824084444,757.8551083112492,1425.0661513776604,3.543570435368053,3.8424623389141623,3.9093198590718634,3717.948717948718,0.001737487258599866,63.13575,0.031,0.32978723404255317,0-0-104-7,o,42d56bbf-Audio_SP23_part01,group_0,1,fave,148.4154649829294,73.61225522793386,4,posgrado,"",0.07000000000000028,ese,de,d,#,d,d,final
400.2763296336461,1063.9798200965924,2555.1700316578576,2.2916592902801023,2.5851897182398482,4.253052626477958,4974.358974358975,0.00020658805924785067,67.84774999999999,0.035,0.33653846153846156,0-0-118-9,o,42d56bbf-Audio_SP23_part01,group_0,1,fave,135.26413380640815,77.57389675855534,4,trabajando,"",0.0799999999999983,comencé,en,d,#,d,e,final
360.5395641119659,941.0000865349343,2305.4468613063277,2.8446678613199614,4.291866460209183,5.081739663224484,5512.820512820513,0.01096722103303593,68.53575000000001,0.051000000000000004,0.3311688311688312,0-0-120-8,o,42d56bbf-Audio_SP23_part01,group_0,1,fave,152.86270391509365,73.30907453409625,4,televisión,"",0.12999999999999545,en,[silence],i,n,i,n,internal
379.94911694982886,1294.5827543781943,2282.9847345099665,2.845747282688579,4.002032543507328,4.642500812002343,4435.897435897436,0.00014054525781999994,70.60375,0.027000000000000003,0.32142857142857145,0-0-125-8,o,42d56bbf-Audio_SP23_part01,group_0,1,fave,153.4795928495668,76.46333729381566,4,Televisión,"",0.060000000000002274,Caracas,donde,i,n,i,n,internal
357.47512876197374,1391.5637940608387,2320.4250118974637,3.1787352708999217,4.1476994660990405,3.667536752326622,5692.3076923076915,0.0005161852767488646,72.70375,0.027000000000000003,0.32142857142857145,0-0-130-2,o,42d56bbf-Audio_SP23_part01,group_0,1,fave,138.45792259528844,77.15169102717537,4,año,"",0.060000000000002274,el,[silence],N,#,N,.,final
396.6003608950252,834.2992569560388,2346.7056192702858,2.623234372922557,3.7416270321839042,4.358523455888793,4974.358974358975,0.001713066391763712,78.61874999999999,0.037000000000000005,0.324561403508772,0-0-153-4,o,42d56bbf-Audio_SP23_part01,group_0,1,fave,136.92504086197332,77.09677226186476,4,luego,"",0.09000000000000341,[silence],pasé,g,#,g,p,final
300.02112479849586,1722.6632605448315,2401.242792420881,2.6699255224231626,3.382292199083135,3.7622997762119783,4974.358974358975,0.000048016592226662014,87.78375,0.027000000000000003,0.32142857142857145,0-0-182-2,o,42d56bbf-Audio_SP23_part01,group_0,1,fave,143.35603618794732,76.33575795445154,4,año,"",0.060000000000002274,un,trabajando,N,#,N,t,final
367.5445716794847,953.266893818699,2744.3198189180707,2.5308606353900918,3.696854870530244,5.019098952623023,5153.846153846154,0.006501208936052514,88.36275,0.045,0.3358208955223881,0-0-183-9,o,42d56bbf-Audio_SP23_part01,group_0,1,fave,138.12970316190325,68.28058129052357,4,trabajando,"",0.10999999999999943,año,con,d,#,d,k,final
414.2144556186839,931.2545880582178,2041.9187815195708,2.8830921514839467,3.2839675152516588,4.100792996650376,4974.358974358975,0.0005688193895250409,89.69575,0.031,0.32978723404255317,0-0-188-4,o,42d56bbf-Audio_SP23_part01,group_0,1,fave,167.60863869729064,79.62487609212035,4,petrolera,"",0.06999999999999318,mixta,[silence],R,l,R,l,internal
332.6560398263573,1044.178950451294,2306.312395751541,2.6474257498471876,3.265448469772952,4.2958854610473045,5153.846153846154,0.0013048320883829198,96.87074999999999,0.041,0.3306451612903226,0-0-211-5,o,42d56bbf-Audio_SP23_part01,group_0,1,fave,141.22489599019684,77.8346413369564,4,tenido,"",0.10000000000000853,he,trabajo,d,#,d,t,final
412.6555553234589,958.3702357483344,3105.6883801735116,3.027389602112337,3.5423291685496285,3.506530921055361,5692.3076923076915,0.0007208076147446265,97.27575,0.031,0.32978723404255317,0-0-212-6,o,42d56bbf-Audio_SP23_part01,group_0,1,fave,121.69738057860992,76.27816806463487,4,trabajo,"",0.06999999999999318,tenido,formal,x,#,x,f,final
388.40988724068706,766.7348710621582,2455.9054962701043,2.1350903137808883,2.9974764669984535,5.145366222367602,4435.897435897436,0.00009946562583616597,99.89274999999999,0.025,0.33783783783783783,0-0-217-1,o,42d56bbf-Audio_SP23_part01,group_0,1,fave,190.41259569699997,82.1705551377693,4,conoces,"",0.05000000000001137,seguramente,",",k,n,k,n,internal
376.25474563013296,1008.7458960487226,2325.119396905138,3.882564438985465,3.355209749037184,4.319654144775889,5333.333333333333,0.01868634357331327,102.77875,0.037,0.32456140350877194,0-0-224-3,o,42d56bbf-Audio_SP23_part01,group_0,1,fave,138.62549413668336,59.7887291546943,4,otros,"",0.0899999999999892,[silence],países,R,s,R,s,internal
574.92017737757,827.0462752852039,1994.9278752852297,4.13538498255331,4.241143534912243,4.678688205364722,3717.948717948718,0.008130580388835774,119.97274999999999,0.025,0.33783783783783783,0-0-287-2,o,42d56bbf-Audio_SP23_part01,group_0,1,fave,104.76007251153784,52.712373539019616,4,ojo,"",0.05000000000001137,",",[silence],x,#,x,.,final
400.4253150641418,1050.4845916853342,2515.815912303452,3.024675820195689,3.206516274181748,3.2545015599657456,4974.358974358975,0.0008970565549896797,120.55875,0.037000000000000005,0.324561403508772,0-0-291-1,o,42d56bbf-Audio_SP23_part01,group_0,1,fave,128.5368235037832,71.23516444287074,4,lo,"",0.0899999999999892,es,que,l,#,l,k,final
318.3221332840329,697.2817349764349,2487.0315295938267,2.855483827978521,4.223958465844468,4.945772950092386,4615.384615384615,0.06574122883935613,121.41375000000001,0.027000000000000003,0.32142857142857145,0-0-294-1,o,42d56bbf-Audio_SP23_part01,group_0,1,fave,163.68556125853993,76.37510531938463,4,contribuimos,"",0.05999999999998806,nosotros,de,k,n,k,n,internal
332.4960568291467,948.2601302981399,3202.508935588447,3.0350600096612967,2.8804064908517972,4.174425657640664,5333.333333333333,0.0063572623894028405,122.17875,0.037,0.32456140350877194,0-0-294-10,o,42d56bbf-Audio_SP23_part01,group_0,1,fave,155.14067247489652,75.91142684205941,4,contribuimos,"",0.09000000000000341,nosotros,de,m,s,m,s,internal
379.8557310183966,903.7809036641942,3185.6489240498327,2.4988806573252313,3.139567598220748,4.728109273593674,6410.25641025641,0.003035562334728342,127.46075,0.061000000000000006,0.3315217391304348,0-0-309-1,o,42d56bbf-Audio_SP23_part01,group_0,1,fave,123.07938718173064,76.0192441357492,4,formar,"",0.1599999999999966,Para,lo,f,R,f,R,internal
370.67351632638037,1128.9991165442345,2247.7228388272397,3.4659786803675994,3.626622862896773,4.51169116044877,4974.358974358975,0.0021027332482935184,127.93875,0.037000000000000005,0.324561403508772,0-0-310-1,o,42d56bbf-Audio_SP23_part01,group_0,1,fave,158.25589803645238,74.55315395322728,4,lo,"",0.0899999999999892,formar,que,l,#,l,k,final
371.2279480962947,874.2446986901,2603.0356812314362,2.1758712166513723,3.7420480424355858,3.8264361868159047,4794.871794871795,0.0014272731576358642,134.88075000000003,0.041,0.3306451612903226,0-0-334-10,o,42d56bbf-Audio_SP23_part01,group_0,1,fave,118.81056510051705,73.16611027680487,4,disponiendo,"",0.09999999999999432,estamos,de,d,#,d,d,final
334.33348529082673,1201.4134073541013,2679.011523121332,2.927219540368196,3.988584263024199,4.165669628087197,4974.358974358975,0.001341848223337782,137.63575,0.031,0.32978723404255317,0-0-342-5,o,42d56bbf-Audio_SP23_part01,group_0,1,fave,155.0951139741796,83.14472329403704,4,pensión,"",0.06999999999999318,una,que,i,n,i,n,internal
392.42322469823216,1367.8658167859082,2732.5939653540254,3.9742402842734057,4.030051642250784,4.3932449614773645,4794.871794871795,0.0012725057647490754,138.41775,0.035,0.3365384615384616,0-0-346-3,o,42d56bbf-Audio_SP23_part01,group_0,1,fave,183.32851343279728,77.91804265399112,4,mejorado,"",0.07999999999998408,han,pero,x,R,x,R,internal
468.3851721733206,1367.5543695597905,2895.5276731949525,2.1809341487346763,3.123777028420761,3.7236656346350934,4974.358974358975,0.0004595924478249133,138.72875,0.037000000000000005,0.324561403508772,0-0-346-7,o,42d56bbf-Audio_SP23_part01,group_0,1,fave,248.46846270776882,69.35252076300647,4,mejorado,"",0.09000000000000341,han,pero,d,#,d,p,final
339.1229574391171,494.1194559821448,2383.5678469590075,3.0447020291502533,2.6551751954732126,4.585246752652577,5153.846153846154,0.0013328220682886204,138.91775,0.035,0.3365384615384616,0-0-347-3,o,42d56bbf-Audio_SP23_part01,group_0,1,fave,122.96190187716097,69.88093133538754,4,pero,"",0.07999999999998408,mejorado,todavía,R,#,R,t,final
456.7288659378755,1415.4361164628053,2156.3422332287823,3.41363395747953,3.633964694823186,4.040787532833811,5512.820512820513,0.0017378458625991323,143.74775,0.035,0.33653846153846156,0-0-356-4,o,42d56bbf-Audio_SP23_part01,group_0,1,fave,156.8996692501943,76.15954263905647,4,Bueno,"",0.0800000000000125,[silence],pues,n,#,n,p,final
355.3219626355234,951.4884060728037,2492.418680264111,2.1933448973790814,3.7836844646823704,4.866835628482558,4615.384615384615,0.008275797418478649,148.02375,0.047,0.3263888888888889,0-0-373-6,o,42d56bbf-Audio_SP23_part01,group_0,1,fave,119.07718361596432,72.13608037149524,4,dispuso,"",0.12000000000000455,PDVSA,entre,s,#,s,é,final
381.119256015051,839.1812454054877,1788.6523983294787,2.904288402712119,3.5683438124039135,4.421341137612455,4435.897435897436,0.0001413462755825612,148.42274999999998,0.025,0.33783783783783783,0-0-375-1,o,42d56bbf-Audio_SP23_part01,group_0,1,fave,114.92038941316376,75.02964067275036,4,comillas,"",0.05000000000001137,entre,el,k,m,k,m,internal
364.48469049104915,624.9098720983876,1147.6737064130962,3.3342205524991524,3.285842062755046,3.6727173317450084,3717.948717948718,0.0013602002997017077,151.34275,0.045,0.33582089552238803,0-0-383-9,o,42d56bbf-Audio_SP23_part01,group_0,1,fave,178.7285914161131,81.31761410798782,4,recibiendo,"",0.11000000000001364,estamos,algo,d,#,d,á,final
281.6716600671379,760.5455325189041,2622.712799795964,3.106018971388963,2.6865508169808554,4.692155212532639,5871.794871794871,0.0010634229090917238,151.73075000000003,0.041,0.3306451612903226,0-0-384-3,o,42d56bbf-Audio_SP23_part01,group_0,1,fave,137.17662698879482,67.75348143180892,4,algo,"",0.09999999999999432,recibiendo,.,g,#,g,.,final
575.4577631644923,1093.506382473283,2070.804952281318,3.664890023772102,3.5500519627617653,3.7646348746808584,4076.923076923077,0.000608293838369521,153.11375,0.027000000000000003,0.32142857142857145,0-0-392-1,o,42d56bbf-Audio_SP23_part01,group_0,1,fave,139.47138692540784,79.5220307678313,4,ponerte,"",0.060000000000002274,a,en,p,n,p,n,internal
405.9132050299148,1449.6284911354865,2496.0850346873135,2.938869536667457,4.136393287641376,4.877766270006583,4974.358974358975,0.000022781737162167806,155.71274999999997,0.025,0.33783783783783783,0-0-401-5,o,42d56bbf-Audio_SP23_part01,group_0,1,fave,171.30503946098756,76.93467348628478,4,pensión,"",0.05000000000001137,una,de,i,n,i,n,internal
384.1301251792965,896.8836439725907,2710.0837394078485,2.7376236978534014,3.25327397129084,4.0128786054347385,5333.333333333333,0.002456765653286037,157.47075,0.041,0.3306451612903226,0-0-407-1,o,42d56bbf-Audio_SP23_part01,group_0,1,fave,142.39011613356777,82.23857416264339,4,dólares,"",0.10000000000002274,cincuenta,[silence],d,l,d,l,internal
372.04200308863426,930.7046017518675,2616.839263884126,3.0811706125578993,3.118769110274482,4.567232982659863,6051.282051282051,0.00943673622940746,161.14575,0.07100000000000001,0.3317757009345795,0-0-421-4,o,42d56bbf-Audio_SP23_part01,group_0,1,fave,160.410230108707,64.06809525668903,4,habido,"",0.18999999999999773,ha,[silence],d,#,d,.,final
444.50006391946727,924.4203348098565,2635.3367335746107,2.666543330068096,3.8877748611356835,3.795165391057149,5153.846153846154,0.0028794024698082146,162.34375,0.047,0.3263888888888889,0-0-425-1,o,42d56bbf-Audio_SP23_part01,group_0,1,fave,156.4100527967575,79.86099682348512,4,dólares,"",0.12000000000000455,en,",",d,l,d,l,internal
441.0186310692585,1125.4848731086565,2480.7198828278897,2.690306234986844,3.090952785406222,3.3867206925213935,4256.410256410256,0.00020003711746326806,165.27775,0.035,0.3365384615384616,0-0-436-1,o,42d56bbf-Audio_SP23_part01,group_0,1,fave,154.03549825864926,80.18989668865456,4,lo,"",0.0800000000000125,por,[silence],l,#,l,.,final
391.43236982425765,986.8076166658543,2464.8834592974254,2.260905715196424,3.7390746642184376,4.1081312686762,4974.358974358975,0.000790385898742861,166.30275,0.045,0.3358208955223881,0-0-441-1,o,42d56bbf-Audio_SP23_part01,group_0,1,fave,194.11674444716792,77.76999099504741,4,logrado,"",0.10999999999998522,ha,que,l,g,l,g,internal
436.371442213824,1090.1299855409488,2650.272018103847,2.7410568733694993,4.509880193111908,4.358566642789604,5153.846153846154,0.0002971856194116185,166.77375,0.027000000000000003,0.32142857142857145,0-0-441-6,o,42d56bbf-Audio_SP23_part01,group_0,1,fave,144.6181558531524,73.54311178595049,4,logrado,"",0.060000000000002274,ha,que,d,#,d,k,final
375.574551827667,1250.36799932409,1766.7500454257947,2.79574904184402,3.9473325004484057,4.188672868708829,3897.4358974358975,0.000577957790614946,167.65375,0.027000000000000003,0.32142857142857145,0-0-444-2,o,42d56bbf-Audio_SP23_part01,group_0,1,fave,147.50221073749657,74.74293813790192,4,ellos,"",0.060000000000002274,[silence],reconozcan,L,s,L,s,internal
365.78607433172436,973.7571748012241,2386.7178439981035,2.720690783976102,3.6689171852808222,4.833338374737097,5333.333333333333,0.008401659641870047,171.58075,0.08099999999999999,0.3319672131147541,0-0-453-9,o,42d56bbf-Audio_SP23_part01,group_0,1,fave,180.42267167393328,64.54229876257092,4,recibiendo,"",0.21999999999999886,estamos,[silence],d,#,d,.,final
319.62554962041446,1042.472954423682,2288.4066508999344,2.43892765641999,4.259706422868745,4.233646751256736,4615.384615384615,0.00043950850031293027,173.33375,0.027000000000000003,0.32142857142857145,0-0-460-3,o,42d56bbf-Audio_SP23_part01,group_0,1,fave,129.3848809549997,77.57156380086428,4,mucho,"",0.060000000000002274,mejoró,",",h,#,h,.,final
392.3735967695672,824.7052006364299,2246.9040964268493,3.0779003976907267,3.5638985312768914,4.094279086570106,5512.820512820513,0.0020053001051268944,174.93375,0.047,0.3263888888888889,0-0-467-0,o,42d56bbf-Audio_SP23_part01,group_0,1,fave,155.27468632420428,76.37635952955173,4,o,"",0.12000000000000455,diez,doce,#,#,z,d,coextensive
398.60891427818825,839.7564164017246,2496.4259306211093,3.2252321589068838,3.8309452992511805,3.779358798579525,4974.358974358975,0.0020131765274983855,175.42075000000003,0.041,0.3306451612903226,0-0-469-1,o,42d56bbf-Audio_SP23_part01,group_0,1,fave,166.8265103158684,75.36116493632821,4,dólares,"",0.09999999999999432,doce,por,d,l,d,l,internal
320.42322553932917,492.1727351269899,1161.5544088053136,2.992491906053081,3.1594359043115268,3.5355442245232753,3717.948717948718,0.0014820324145082768,176.43775,0.035,0.33653846153846156,0-0-472-5,o,42d56bbf-Audio_SP23_part01,group_0,1,fave,153.78016480561627,76.07375431443165,4,pensión,"",0.0800000000000125,la,[silence],i,n,i,n,internal
336.61315544802676,1128.455743214909,2269.331776118249,2.4576979941635084,3.665761405723655,4.632537290999714,4794.871794871795,0.00004739537727314055,177.80375,0.027000000000000003,0.32142857142857145,0-0-475-9,o,42d56bbf-Audio_SP23_part01,group_0,1,fave,155.37696018323842,82.69134066747243,4,recibiendo,"",0.060000000000002274,estamos,en,d,#,d,e,final
398.59539378976706,1062.648641285439,2739.183744569417,2.8753029370415932,3.3238576103154234,4.086940327931262,4974.358974358975,0.002595243238269007,178.01875,0.057,0.32758620689655177,0-0-477-1,o,42d56bbf-Audio_SP23_part01,group_0,1,fave,180.64998345057793,72.53409396924525,4,total,"",0.14999999999997726,en,alrededor,t,t,t,t,internal
385.02625036709804,1014.1614785834818,2545.6999025248706,2.627954764836494,3.3545276684760883,3.75343775024842,4794.871794871795,0.0006379626968435986,178.85275000000001,0.045,0.33582089552238803,0-0-480-1,o,42d56bbf-Audio_SP23_part01,group_0,1,fave,160.01806584993315,74.79662038255765,4,doscientos,"",0.10999999999998522,de,[silence],d,s,d,s,internal
282.6135710934153,1147.7667261229053,2029.7910274918129,2.8341620373519807,3.992415002547115,4.0272531784458305,4794.871794871795,0.01813078410678095,179.28074999999998,0.061000000000000006,0.3315217391304348,0-0-480-8,o,42d56bbf-Audio_SP23_part01,group_0,1,fave,171.08108833855584,78.6145434409417,4,doscientos,"",0.1599999999999966,de,[silence],t,s,t,s,internal
451.36949635320457,713.1984053804231,1504.445363610663,3.004145081311985,3.5357781505237735,4.229134597766879,4076.923076923077,0.00032260825646701326,180.33575,0.031,0.32978723404255317,0-0-483-1,o,42d56bbf-Audio_SP23_part01,group_0,1,fave,172.5486671217509,81.54267692083098,4,dólares,"",0.06999999999999318,cincuenta,",",d,l,d,l,internal
400.58088551344923,713.5350166947796,2224.7290543520035,3.2556080507482195,3.4143773358143967,4.6844672790063955,5153.846153846154,0.0006635014555624198,184.14274999999998,0.025,0.33783783783783783,0-0-500-1,o,42d56bbf-Audio_SP23_part01,group_0,1,fave,127.22341901099715,72.30226712500459,4,comer,"",0.05000000000001137,para,",",k,m,k,m,internal
465.6658278004564,971.6150406822615,2455.3806295972568,3.5062884084226633,3.6053065183885757,4.187918067288258,4794.871794871795,0.0013100435580897223,186.29075000000003,0.041,0.3306451612903226,0-0-507-4,o,42d56bbf-Audio_SP23_part01,group_0,1,fave,136.55251212964362,74.8813544996632,4,estado,"",0.09999999999999432,han,muy,d,#,d,m,final
339.2383351038326,1027.6681497617806,2420.555688386473,3.27040761044139,3.3477041382858297,4.82561285627808,4794.871794871795,0.0023905346049561964,186.81075,0.041,0.3306451612903226,0-0-509-1,o,42d56bbf-Audio_SP23_part01,group_0,1,fave,190.83868696041222,69.35349775354484,4,costosas,"",0.09999999999999432,muy,",",k,s,k,s,internal
360.70713946401065,1099.601275479311,2050.029566831665,2.4780821151537804,3.2719571821514797,5.188463070872631,6230.7692307692305,0.006309960004564695,188.02075000000002,0.041,0.3306451612903226,0-0-514-1,o,42d56bbf-Audio_SP23_part01,group_0,1,fave,118.62675514432966,73.76329011762621,4,lo,"",0.09999999999999432,de,que,l,#,l,k,final
414.839915986276,1185.8965666638207,2632.547376947394,2.498735710122513,3.2066643719165433,4.456738896354732,4974.358974358975,0.0001806253487851381,190.17375,0.027000000000000003,0.32142857142857145,0-0-524-3,o,42d56bbf-Audio_SP23_part01,group_0,1,fave,142.35727130760995,80.60994766878243,4,gasolina,"",0.060000000000002274,La,más,s,l,s,l,internal
454.990640055723,1040.9411038391036,2843.943913378544,3.1899312982635775,4.018341471030159,3.9955701242713237,4974.358974358975,0.00010911421762968765,195.95274999999998,0.025,0.33783783783783783,0-0-545-3,o,42d56bbf-Audio_SP23_part01,group_0,1,fave,173.190666260502,77.72673104362836,4,pasó,"",0.05000000000001137,ahora,a,s,#,s,a,final
427.379904207878,1059.4070593804706,2724.6457530022144,2.15449324732125,2.617752091783076,4.061071150677711,4794.871794871795,0.00012193391200124819,198.24775,0.035,0.3365384615384616,0-0-556-1,o,42d56bbf-Audio_SP23_part01,group_0,1,fave,109.55485773481657,68.89447056619335,4,dólar,"",0.0800000000000125,de,por,d,l,d,l,internal
457.33006539801806,717.9216355524845,1933.3077573121911,3.297880339959722,3.992850964687318,4.482264932799472,4256.410256410256,0.0004955178932093469,200.36375,0.027000000000000003,0.32142857142857145,0-0-563-1,o,42d56bbf-Audio_SP23_part01,group_0,1,fave,152.07459047925178,84.21795138679398,4,ahorita,"",0.060000000000002274,En,",",a,R,a,R,internal
382.6990335694644,1025.0041235013844,2372.873845469802,2.699177127042603,3.3349938608578733,3.7153218512068866,5153.846153846154,0.00028492964918869137,201.29575000000003,0.051000000000000004,0.3311688311688312,0-0-566-4,o,42d56bbf-Audio_SP23_part01,group_0,1,fave,126.75178729602241,75.79643374923889,4,subió,"",0.12999999999999545,que,el,i,#,i,e,final
478.4516161382838,830.8433924590951,2401.7803687594856,3.2281480007994325,3.392640023012439,3.9689869011421908,5333.333333333333,0.0023213099838298463,201.77075000000002,0.041,0.3306451612903226,0-0-568-4,o,42d56bbf-Audio_SP23_part01,group_0,1,fave,179.68871399364195,80.38872366835228,4,petróleo,"",0.09999999999999432,el,que,R,l,R,l,internal
367.31334491070857,1130.1754574417228,2364.44427740768,2.54925980268981,3.936808877790863,3.9232499321936243,5512.820512820513,0.0006588944340650354,201.97875,0.037000000000000005,0.324561403508772,0-0-568-7,o,42d56bbf-Audio_SP23_part01,group_0,1,fave,348.72404855555243,75.52570488534569,4,petróleo,"",0.09000000000000341,el,que,é,#,é,k,final
520.8184853390783,1055.88287385368,2495.1768482587036,2.6339995277080157,3.501153930873971,3.097401741041824,4974.358974358975,0.00016345957334801874,206.13775,0.035,0.33653846153846156,0-0-588-4,o,42d56bbf-Audio_SP23_part01,group_0,1,fave,176.69073607679044,81.78413940300923,4,luego,"",0.07999999999998408,que,tenemos,g,#,g,t,final
262.16146748154256,862.9272085008616,2345.831501397594,3.783961309016429,3.145836775097391,3.8971280861299102,4974.358974358975,0.0052670757477788314,206.53275,0.045,0.3358208955223881,0-0-589-5,o,42d56bbf-Audio_SP23_part01,group_0,1,fave,191.79233492592112,78.06593015417555,4,tenemos,"",0.11000000000001364,luego,desde,m,s,m,s,internal
451.22741856449363,989.8856258812569,2584.577090325416,2.7745827945508768,2.663639303365376,3.034476427664537,4974.358974358975,0.0003241810321266689,208.69774999999998,0.055,0.33536585365853655,0-0-597-5,o,42d56bbf-Audio_SP23_part01,group_0,1,fave,122.92525107637634,77.6215648461447,4,cuando,"",0.14000000000001478,",",había,d,#,d,á,final
436.00176882659525,852.3443026746675,3021.0448794140043,2.343586773624249,3.5656403568325556,4.490317957085495,5153.846153846154,0.0012557786418872568,211.06075,0.041,0.3306451612903226,0-0-606-1,o,42d56bbf-Audio_SP23_part01,group_0,1,fave,164.9734476748073,75.06183423784451,4,todavía,"",0.09999999999999432,existiendo,por,t,d,t,d,internal
321.1701133573356,431.3307562494625,1414.9852083554642,2.426947137360568,3.526377736632472,4.239392774505074,3179.4871794871797,0.0003417969461216217,216.55375,0.027000000000000003,0.32142857142857145,0-0-624-2,o,42d56bbf-Audio_SP23_part01,group_0,1,fave,144.85167306138678,61.26234229302821,4,eso,"",0.060000000000002274,teníamos,",",s,#,s,.,final
337.7949222220785,745.0444725424503,2168.902976484689,3.3827374314589744,4.034192573323217,4.739199852115198,4794.871794871795,0.0074483667402929065,218.06875,0.037,0.32456140350877194,0-0-628-4,o,42d56bbf-Audio_SP23_part01,group_0,1,fave,140.03093104814553,68.88633716071584,4,estamos,"",0.08999999999997499,sencillamente,trayendo,m,s,m,s,internal
445.64514532143346,1254.1422961235141,2154.2512240337173,2.6195425446584117,3.962764226390899,4.604142160560388,3717.948717948718,0.00017652177195905594,218.73274999999998,0.025,0.33783783783783783,0-0-630-3,o,42d56bbf-Audio_SP23_part01,group_0,1,fave,111.871808054186,72.10590968369225,4,gasolina,"",0.05000000000001137,trayendo,de,s,l,s,l,internal
343.7410667756608,1593.3213633029231,2396.2983661857534,3.4422812093441535,4.26201645164055,3.1901090878504577,4974.358974358975,4.2469188895589504e-6,220.02274999999997,0.025,0.33783783783783783,0-0-635-2,o,42d56bbf-Audio_SP23_part01,group_0,1,fave,195.0565636036221,82.269338052526,4,eso,"",0.05000000000001137,Pero,para,s,#,s,p,final
314.55833511648814,773.1434880972218,2463.3090140146696,3.2284274290120707,3.1289003316640813,4.045795107031633,5153.846153846154,0.00060495470960881,221.16775,0.035,0.3365384615384616,0-0-642-0,o,42d56bbf-Audio_SP23_part01,group_0,1,fave,155.299492418283,75.95213789478254,4,o,"",0.07999999999998408,más,menos,#,#,s,m,coextensive
400.04793501561755,1311.2368066782908,2343.7254883776036,3.146016792195586,3.7701032009690607,3.814523352173824,5153.846153846154,0.0020643421399015815,221.43075000000002,0.041,0.3306451612903226,0-0-643-3,o,42d56bbf-Audio_SP23_part01,group_0,1,fave,172.02885278581886,78.41653359853963,4,menos,"",0.09999999999999432,o,el,n,s,n,s,internal
400.6558453541813,1246.8664408194866,2353.236462346677,3.063117459075029,3.8729552364256676,3.601744754247773,4974.358974358975,0.0006354025816730473,223.17375,0.027000000000000003,0.32142857142857145,0-0-649-2,o,42d56bbf-Audio_SP23_part01,group_0,1,fave,172.42532303520858,78.32729805586283,4,Eso,"",0.060000000000002274,.,me,s,#,s,m,final
407.6205681755,839.5881319946722,2290.3831158963317,3.1538700643081192,3.862915562112876,4.483009115676928,4435.897435897436,0.001385104642797251,225.96574999999999,0.031,0.32978723404255317,0-0-661-1,o,42d56bbf-Audio_SP23_part01,group_0,1,fave,124.88260339812213,72.35898969110981,4,tocado,"",0.0700000000000216,he,varias,t,k,t,k,internal
551.173574746506,1056.45938061169,2751.818384271087,2.797657690215168,3.7803194032211023,4.405605368219032,5692.3076923076915,0.0002132317780910739,226.21375,0.027000000000000003,0.32142857142857145,0-0-661-5,o,42d56bbf-Audio_SP23_part01,group_0,1,fave,137.76982636064204,78.82795479294617,4,tocado,"",0.060000000000002274,he,varias,d,#,d,b,final
418.8930795046645,853.3110552361361,2680.48634341744,3.538976197353425,3.9933830290482084,3.686497204254045,5692.3076923076915,0.0009550873453714124,231.06575,0.031,0.32978723404255317,0-0-682-1,o,42d56bbf-Audio_SP23_part01,group_0,1,fave,177.5657716964361,73.18492164674277,4,lo,"",0.06999999999999318,",",que,l,#,l,k,final
332.4017591690093,846.0974362352719,2127.0026634320106,2.5146999706686066,3.746480279440056,3.311622978847434,4615.384615384615,0.0015194025708402277,231.47375000000002,0.027000000000000003,0.32142857142857145,0-0-684-4,o,42d56bbf-Audio_SP23_part01,group_0,1,fave,150.26644373267536,78.927114846182,4,tengo,"",0.060000000000002274,que,es,g,#,g,s,final
373.86728130511284,786.0379354478966,1468.3174201661325,3.0480803274866317,3.4686444250976347,4.000141421363653,3538.4615384615386,0.0034333994178889597,231.85275000000001,0.045,0.33582089552238803,0-0-686-4,o,42d56bbf-Audio_SP23_part01,group_0,1,fave,190.79189654446768,71.41360543135282,4,Microworkers,"",0.10999999999998522,es,",",R,o,R,o,internal
302.31738758174225,634.0183621818325,2660.940726815426,2.8758818098268173,3.017906074795091,4.372530869601687,5692.3076923076915,0.01147051449279379,231.97375,0.067,0.32843137254901966,0-0-686-5,o,42d56bbf-Audio_SP23_part01,group_0,1,fave,192.78314996672205,74.16577266129222,4,Microworkers,"",0.18000000000000682,es,",",o,R,o,R,internal
409.1600780611826,1070.6603660660112,2171.9905269912324,2.805342386805414,3.5434917283693688,4.731364465037587,4794.871794871795,0.032598247252992416,233.62075,0.061000000000000006,0.3315217391304348,0-0-693-4,o,42d56bbf-Audio_SP23_part01,group_0,1,fave,103.12082857173179,66.5142937100593,4,Microworkers,"",0.1599999999999966,en,",",R,o,R,o,internal
338.2952590395142,748.4011830329132,2826.657407554037,2.7427828342419027,2.9568292777422824,4.520775402831867,5692.3076923076915,0.005438535494648017,233.77875,0.057,0.3275862068965517,0-0-693-5,o,42d56bbf-Audio_SP23_part01,group_0,1,fave,106.51719012250153,72.38514441021653,4,Microworkers,"",0.15000000000000568,en,",",o,R,o,R,internal
373.67901438053616,869.4311354935799,2465.899341531015,3.6268285784994294,2.955912605499107,2.9031007977542203,5333.333333333333,0.00019640012430863807,235.64775,0.035,0.3365384615384616,0-0-698-5,o,42d56bbf-Audio_SP23_part01,group_0,1,fave,195.60369294976758,81.28149533101967,4,estado,"",0.0800000000000125,[silence],a,d,#,d,a,final
313.1637357543274,848.7028025234114,2141.9323332649274,2.2130894659536366,3.4949488179614687,4.022240064055829,4974.358974358975,0.0038177398777582395,239.55375,0.047,0.3263888888888889,0-0-716-4,o,42d56bbf-Audio_SP23_part01,group_0,1,fave,151.4352024131475,82.56933963405916,4,Microworkers,"",0.12000000000000455,",",es,R,o,R,o,internal
564.5770332913863,1062.9243027342538,2653.3527589326754,3.2390568201518786,3.1167766329216846,3.8826748690419035,4974.358974358975,0.0012829432793673575,242.46775,0.035,0.33653846153846156,0-0-731-6,o,42d56bbf-Audio_SP23_part01,group_0,1,fave,142.6811009465091,76.20099999784179,4,ayudado,"",0.0800000000000125,han,muchos,d,#,d,m,final
354.1638626746544,1426.0063692970186,2421.6755909424296,2.312859955325841,4.3420840050570515,3.932682842649036,4794.871794871795,0.0036761448717013197,242.87575,0.031,0.32978723404255317,0-0-732-3,o,42d56bbf-Audio_SP23_part01,group_0,1,fave,176.25303539926495,75.86324485136059,4,muchos,"",0.06999999999999318,ayudado,compañeros,h,s,h,s,internal
362.7511483913927,770.9802811463185,2533.3691909063336,3.1171979472552778,3.0097529578601696,4.550512851733894,4974.358974358975,0.00003870522136070628,243.05274999999997,0.025,0.33783783783783783,0-0-733-1,o,42d56bbf-Audio_SP23_part01,group_0,1,fave,165.22230069754448,71.02225606097585,4,compañeros,"",0.05000000000001137,muchos,desde,k,m,k,m,internal
302.47628100416324,960.8471734006707,2275.5396141562833,2.2797687255875405,4.353762340920849,3.699076407484434,5512.820512820513,0.0002918127741903741,244.46574999999999,0.031,0.32978723404255317,0-0-737-5,o,42d56bbf-Audio_SP23_part01,group_0,1,fave,149.07052055010368,80.12830244270104,4,metidos,"",0.0700000000000216,están,ahí,d,s,d,s,internal
364.8440630588496,871.1668223333319,1732.563494655313,2.5375719632904232,3.781748148559519,4.593769185598461,4076.923076923077,0.003943846208768866,245.70874999999998,0.037,0.32456140350877194,0-0-742-7,o,42d56bbf-Audio_SP23_part01,group_0,1,fave,128.51007969615483,73.95284740530255,4,dieciocho,"",0.09000000000000341,de,años,h,#,h,á,final
301.4079881701893,719.0399384617532,1538.479619488574,1.687339815461986,3.8567336955295457,4.446832166377726,4435.897435897436,0.00008457860194580088,246.81375000000003,0.027000000000000003,0.32142857142857145,0-0-747-2,o,42d56bbf-Audio_SP23_part01,group_0,1,fave,147.67728747921242,81.20316441058621,4,unos,"",0.060000000000002274,son,aviones,n,s,n,s,internal
377.61197614413896,812.5607715341455,2711.7771667511884,2.192565224080721,3.3553067518143633,2.996541901896481,4974.358974358975,0.000021465145402639536,253.11274999999998,0.025,0.33783783783783783,0-0-768-1,o,42d56bbf-Audio_SP23_part01,group_0,1,fave,125.86383745917733,77.23651457847093,4,conocimientos,"",0.05000000000001137,de,que,k,n,k,n,internal
324.2414740725969,945.6157163034715,2725.8738862218083,2.827811900733758,3.1710459811938896,3.4656414669243483,4435.897435897436,0.000059441981616778885,253.21274999999997,0.025,0.33783783783783783,0-0-768-3,o,42d56bbf-Audio_SP23_part01,group_0,1,fave,121.47717371799091,76.51126393737415,4,conocimientos,"",0.05000000000001137,de,que,n,z,n,z,internal
434.7301931716079,1410.1779116429773,2377.114897104511,2.288763435525755,3.7068495375763884,2.891988035479327,4974.358974358975,3.706990134636078e-7,255.23274999999998,0.025,0.33783783783783783,0-0-776-3,o,42d56bbf-Audio_SP23_part01,group_0,1,fave,218.61535940670328,80.45314503566064,4,sido,"",0.05000000000001137,hubiese,por,d,#,d,p,final
222.94491477687225,832.6423454897487,1579.5413103889746,2.1468416533620793,3.3411842749862792,4.40437404821951,4256.410256410256,0.0022286518669895157,255.60375000000002,0.047,0.3263888888888889,0-0-778-2,o,42d56bbf-Audio_SP23_part01,group_0,1,fave,197.85963775734388,74.35095577961093,4,esos,"",0.11999999999997613,por,amigos,s,s,s,s,internal
499.2368673427061,964.9597929828726,2354.600650671767,2.42739126996076,4.280043299962926,3.9918160427458904,5153.846153846154,0.0002071696369473123,257.37275000000005,0.025,0.33783783783783783,0-0-784-5,o,42d56bbf-Audio_SP23_part01,group_0,1,fave,175.3022137170131,81.61617984469696,4,salido,"",0.05000000000001137,hubiese,hace,d,#,d,á,final
304.9621400875903,1352.8457124086697,2352.8582122386943,2.7197152626820618,4.41512215056283,4.090182105916107,5333.333333333333,0.007228625657755871,258.42875000000004,0.037,0.32456140350877194,0-0-790-2,o,42d56bbf-Audio_SP23_part01,group_0,1,fave,131.79512534582383,65.73766519336549,4,año,"",0.08999999999997499,un,[silence],N,#,N,.,final
321.6932115735841,1098.8888977695528,2601.5093303371987,3.382786870181643,3.1416183860528184,3.8226726842791243,4974.358974358975,0.0002824185345890124,261.52374999999995,0.027000000000000003,0.32142857142857145,0-0-799-1,o,42d56bbf-Audio_SP23_part01,group_0,1,fave,108.63719772468585,71.71401447006588,4,nosotros,"",0.060000000000002274,hacia,en,n,s,n,s,internal
333.49671469476675,932.2439074903644,2323.2596021883737,3.334251485837857,3.493108442454474,4.104642325793513,4794.871794871795,0.00016391084036201134,261.84374999999994,0.027000000000000003,0.32142857142857145,0-0-799-6,o,42d56bbf-Audio_SP23_part01,group_0,1,fave,189.65944921637757,79.20158342079327,4,nosotros,"",0.060000000000002274,hacia,en,R,s,R,s,internal
335.816553144124,733.6144917072808,2574.8625720627965,2.805543512214587,4.103032176526769,4.922622158588323,5333.333333333333,0.014374589368976998,262.82275000000004,0.045,0.33582089552238803,0-0-802-4,o,42d56bbf-Audio_SP23_part01,group_0,1,fave,177.4920079567165,74.50586615154435,4,Microworkers,"",0.11000000000001364,Venezuela,[silence],R,o,R,o,internal
307.97152997028707,629.4679263531832,2493.9243499024815,2.3145408582242224,2.8951401646656247,4.747584977123171,5512.820512820513,0.006992419800563213,262.94375,0.067,0.3284313725490196,0-0-802-5,o,42d56bbf-Audio_SP23_part01,group_0,1,fave,171.7110712080606,74.01932944002802,4,Microworkers,"",0.17999999999994998,Venezuela,[silence],o,R,o,R,internal
420.7653856664629,1078.3548749174295,2310.3265631012277,2.3295143535478933,3.0818408588876838,4.418856534563377,5333.333333333333,0.00023582113046793216,265.53275,0.025,0.33783783783783783,0-0-812-3,o,42d56bbf-Audio_SP23_part01,group_0,1,fave,205.50625732995195,77.850362439183,4,creo,"",0.05000000000001137,Yo,que,é,#,é,k,final
392.978180261313,1536.2529441160716,2580.660260825257,2.7266939914292667,4.373829366021643,4.463142143710033,4435.897435897436,0.01306444012821265,266.89574999999996,0.031,0.32978723404255317,0-0-818-5,o,42d56bbf-Audio_SP23_part01,group_0,1,fave,113.84784159641046,71.4437401868428,4,venezolanos,"",0.06999999999999318,algunos,",",z,l,z,l,internal
360.5292842655779,1064.021560549208,2632.5304158564622,2.5356598762779314,2.8778873696465133,3.391369459350928,4794.871794871795,0.000014048799829178805,267.35374999999993,0.027000000000000003,0.32142857142857145,0-0-821-1,o,42d56bbf-Audio_SP23_part01,group_0,1,fave,99.99086711229185,72.5798932841146,4,lo,"",0.060000000000002274,te,digo,l,#,l,d,final
270.8218856187042,680.2962230332207,1735.234352870019,3.5621932040742603,3.5752013661324855,4.7081787569634335,4076.923076923077,0.0035878053836796036,268.26875,0.037,0.32456140350877194,0-0-826-1,o,42d56bbf-Audio_SP23_part01,group_0,1,fave,94.43784635745853,65.09083140331418,4,nos,"",0.08999999999997499,entre,.,n,s,n,s,internal
493.5699753567534,1359.5227434129188,2589.2789260875766,2.2194208816763688,3.592730700203097,4.128922640577866,5692.3076923076915,0.00011185731140661556,270.00575,0.031,0.32978723404255317,0-0-832-3,o,42d56bbf-Audio_SP23_part01,group_0,1,fave,164.01260879474,83.01259484655377,4,pero,"",0.06999999999999318,",",lo,R,#,R,l,final
504.637635521533,1141.0376155138445,2591.2371269475534,3.025641612774674,3.367379541976305,3.6448792511426706,4974.358974358975,0.000260075716698798,270.10574999999994,0.031,0.32978723404255317,0-0-833-1,o,42d56bbf-Audio_SP23_part01,group_0,1,fave,158.03295349182218,77.51108126143963,4,lo,"",0.07000000000005002,pero,cierto,l,#,l,z,final
406.4856460960844,1056.496096674126,2559.671777279101,1.6182037333656227,3.4611731150247596,4.4577553183161065,5692.3076923076915,0.0002389566634574975,270.42375,0.027000000000000003,0.32142857142857145,0-0-834-5,o,42d56bbf-Audio_SP23_part01,group_0,1,fave,209.05172054020656,84.15767051640593,4,cierto,"",0.060000000000002274,lo,del,t,#,t,d,final
343.21923923530994,694.9576430020422,1625.5538936016476,3.4797098530433637,3.603013198488515,4.279111945573089,3717.948717948718,0.0009458265705737619,270.82275000000004,0.025,0.33783783783783783,0-0-836-3,o,42d56bbf-Audio_SP23_part01,group_0,1,fave,223.65685834487468,77.49988303918686,4,caso,"",0.05000000000001137,del,es,s,#,s,s,final
401.06737780913,1107.6014184369026,2420.82956009127,2.547375568729905,4.02922619932636,4.172568962974487,5512.820512820513,0.0036710077200995004,271.10275,0.045,0.33582089552238803,0-0-839-1,o,42d56bbf-Audio_SP23_part01,group_0,1,fave,131.10041292964667,79.09834406799833,4,lo,"",0.11000000000001364,que,bueno,l,#,l,b,final
478.92274535438986,1188.022936992127,2526.1525940741317,3.2752306770590134,3.94273529354067,4.2202693687131525,4974.358974358975,0.00021147522831719718,271.41275,0.025,0.33783783783783783,0-0-840-4,o,42d56bbf-Audio_SP23_part01,group_0,1,fave,236.16896077075765,73.99213827867858,4,bueno,"",0.05000000000001137,lo,que,n,#,n,k,final
365.1961076744764,1009.8024411604606,2187.6526928497133,2.9152064368081216,4.047223474170602,4.22858652640735,5871.794871794871,0.0019671708628119728,272.15275,0.045,0.33582089552238803,0-0-844-4,o,42d56bbf-Audio_SP23_part01,group_0,1,fave,183.98529552390022,76.68314588374929,4,Microworkers,"",0.11000000000001364,tiene,",",R,o,R,o,internal
337.9702196095998,653.8185195926638,2446.9702832094054,2.6985034473925804,3.574030541914183,4.077913575883217,5871.794871794871,0.0037257610065146154,272.27075,0.061000000000000006,0.3315217391304348,0-0-844-5,o,42d56bbf-Audio_SP23_part01,group_0,1,fave,152.50713986789592,77.68385045542763,4,Microworkers,"",0.15999999999996817,tiene,",",o,R,o,R,internal
383.5861184108668,1126.8499157974722,2384.418747280292,2.6749235329818717,3.518681723838603,4.003442873335427,4615.384615384615,0.0012632890475332676,273.02775,0.035,0.3365384615384616,0-0-846-1,o,42d56bbf-Audio_SP23_part01,group_0,1,fave,102.42995228031387,69.30318689544188,4,lo,"",0.07999999999998408,",",tengo,l,#,l,t,final
360.7264545350778,646.8669456882461,1627.1825638141192,3.6588235730135046,3.454324827958221,5.210647665327215,4435.897435897436,0.0024381653441388836,273.23775000000006,0.035,0.3365384615384616,0-0-847-4,o,42d56bbf-Audio_SP23_part01,group_0,1,fave,132.85490238462165,72.0209531614006,4,tengo,"",0.07999999999998408,lo,que,g,#,g,k,final
408.51763096540856,828.4337429868581,2800.116184625902,2.661538291353129,3.7346510280669327,4.758591464208652,5333.333333333333,0.0036122925082008655,273.58775,0.035,0.3365384615384616,0-0-849-3,o,42d56bbf-Audio_SP23_part01,group_0,1,fave,195.10981843034816,77.97246999607017,4,reconocer,"",0.07999999999998408,que,es,k,n,k,n,internal
358.75232639157815,697.8101818865114,2112.6250150002747,3.00581271100584,2.8829475895142567,4.350902243849648,4794.871794871795,0.003946108799379753,275.81775,0.055,0.33536585365853655,0-0-856-3,o,42d56bbf-Audio_SP23_part01,group_0,1,fave,248.56143151140884,65.60588823882618,4,poco,"",0.13999999999998636,muy,que,k,#,k,k,final
515.6380387246957,886.6501415076909,2546.671504072713,3.548776873895441,4.300085742778381,4.0149303630832724,5333.333333333333,0.002039071161792482,277.05375,0.027000000000000003,0.32142857142857145,0-0-863-5,o,42d56bbf-Audio_SP23_part01,group_0,1,fave,135.84729218952072,75.5330517716037,4,digamos,"",0.060000000000002274,",",",",m,s,m,s,internal
358.67476924820534,963.1440408167438,2362.764874523599,2.1328830769474463,2.961508200651781,3.9376036162675367,4794.871794871795,0.000024570334732553535,278.82275000000004,0.025,0.33783783783783783,0-0-871-4,o,42d56bbf-Audio_SP23_part01,group_0,1,fave,174.67719440388652,79.5186618602206,4,tengo,"",0.05000000000001137,yo,es,g,#,g,s,final
380.96446680712654,717.3374901386966,1869.7867471109048,3.752296473243695,2.3514170803572245,4.412287961663871,4974.358974358975,0.00023002703871229465,280.14574999999996,0.031,0.32978723404255317,0-0-877-3,o,42d56bbf-Audio_SP23_part01,group_0,1,fave,117.72944098211723,43.10300639783951,4,poco,"",0.06999999999999318,muy,",",k,#,k,.,final
330.88461150354993,656.9731425400794,1734.0404912217398,2.558593385527771,2.7413490468000816,3.6133806561782866,4076.923076923077,0.0022980685701099817,281.31875,0.057,0.32758620689655177,0-0-881-3,o,42d56bbf-Audio_SP23_part01,group_0,1,fave,134.98392693626067,71.85272618846662,4,poco,"",0.14999999999997726,muy,",",k,#,k,.,final
429.99677673313005,838.211666767806,1326.710799095356,3.7388802983016576,3.568843268249242,4.005319914085195,3358.974358974359,0.0035260021497858546,287.00275000000005,0.045,0.33582089552238803,0-0-898-0,o,42d56bbf-Audio_SP23_part01,group_0,1,fave,199.28576498281316,76.19005882468717,4,horario,"",0.1099999999999568,un,en,#,R,n,R,initial
408.0460140679943,1492.059127901326,2428.7323545163854,2.716807496437533,4.14896700102632,4.2816169043548165,4974.358974358975,0.0001422604947391474,287.41374999999994,0.027000000000000003,0.32142857142857145,0-0-898-5,o,42d56bbf-Audio_SP23_part01,group_0,1,fave,204.63627103833628,76.37541607479145,4,horario,"",0.060000000000002274,un,en,i,#,i,e,final
392.66543121869836,699.4414702881008,1539.2001687078282,3.1861101251152135,3.786397939467808,4.354293774312697,3358.974358974359,0.0033591014580051084,288.25775000000004,0.035,0.3365384615384616,0-0-903-1,o,42d56bbf-Audio_SP23_part01,group_0,1,fave,143.26817028991974,71.86656933263076,4,poner,"",0.07999999999998408,van,tarea,p,n,p,n,internal
371.9590762900632,966.9531299853616,2607.336791371954,3.405613181396908,3.087292457638338,4.661473796084115,5153.846153846154,0.002644416653073649,290.64375,0.047,0.3263888888888889,0-0-911-6,o,42d56bbf-Audio_SP23_part01,group_0,1,fave,188.99338495511705,74.74260177122912,4,momento,"",0.12000000000000455,cualquier,a,t,#,t,a,final
392.5914430057269,974.7636591427798,2828.8257463666455,3.024910711774545,3.6045866520964487,4.393390953188464,5333.333333333333,0.01725126018561424,291.95775,0.07500000000000001,0.3348214285714286,0-0-916-2,o,42d56bbf-Audio_SP23_part01,group_0,1,fave,181.76850903475147,66.21623074471489,4,eso,"",0.19999999999998863,",",[silence],s,#,s,.,final
396.0328203955391,1167.7775810849428,2337.8410553653885,3.0893825863885724,4.123526628248509,4.788012001289701,5153.846153846154,0.012781505659508686,292.31875,0.057,0.32758620689655177,0-0-918-1,o,42d56bbf-Audio_SP23_part01,group_0,1,fave,167.46576205171726,77.0082000212242,4,nos,"",0.14999999999997726,[silence],[silence],n,s,n,s,internal
388.3771000014904,922.1720904492587,2949.4321766439944,2.8943563505185064,3.6614125380759677,4.580846005884707,6051.282051282051,0.0007666061422410213,297.96875,0.037000000000000005,0.324561403508772,0-0-932-5,o,42d56bbf-Audio_SP23_part01,group_0,1,fave,139.64672864193838,76.84084759792336,4,pegado,"",0.09000000000003183,horas,",",d,#,d,.,final
368.98795801880874,871.6146484595743,2371.9518281375827,2.934046014790505,3.732185904429415,4.1933707957821245,5692.3076923076915,0.002493357500435641,298.12275000000005,0.045,0.33582089552238803,0-0-934-1,o,42d56bbf-Audio_SP23_part01,group_0,1,fave,117.30491502431923,70.56207244851117,4,lo,"",0.1099999999999568,",",cual,l,#,l,k,final
312.4673077582345,1087.0685966644862,2258.783530662084,2.3087538888061627,3.4055365944960116,4.134132951646429,4435.897435897436,0.00004809863266725146,298.89275000000004,0.025,0.33783783783783783,0-0-937-6,o,42d56bbf-Audio_SP23_part01,group_0,1,fave,293.01913698703254,77.00438017825107,4,absurdo,"",0.05000000000001137,es,.,d,#,d,.,final
357.0043212814971,1321.9142622619813,2401.20621423807,2.968012712341705,4.024284060725613,4.341861486038349,5153.846153846154,0.0005107648558093999,301.56275000000005,0.025,0.33783783783783783,0-0-949-2,o,42d56bbf-Audio_SP23_part01,group_0,1,fave,294.76838195693773,74.70542310719075,4,años,"",0.05000000000001137,mis,[silence],N,s,N,s,internal
336.35186708363983,565.9732650658765,1436.2811741201285,3.0611692778446966,3.50759199297106,3.889775801067521,3358.974358974359,0.0017391569933651574,302.92775000000006,0.035,0.3365384615384616,0-0-953-4,o,42d56bbf-Audio_SP23_part01,group_0,1,fave,179.15636971636158,79.129859615526,4,tengo,"",0.07999999999998408,cosas,que,g,#,g,k,final
423.2961836915011,799.7831044413423,2637.829548393171,2.8977888523970634,2.7787118361244243,4.481519443485954,5153.846153846154,0.0006462576632623125,305.16875,0.037000000000000005,0.324561403508772,0-0-964-6,o,42d56bbf-Audio_SP23_part01,group_0,1,fave,141.81800853834713,70.18642162809277,4,tampoco,"",0.09000000000003183,y,puede,k,#,k,p,final
360.2051366256484,825.3860459788699,2689.636062917966,2.567736472000901,3.7105766899936548,4.5225910714293045,5692.3076923076915,0.010027655625947532,306.05875,0.057,0.3275862068965517,0-0-967-8,o,42d56bbf-Audio_SP23_part01,group_0,1,fave,152.53197676148565,70.19520608606364,4,despierto,"",0.1500000000000341,estar,",",t,#,t,.,final
319.1669315940739,893.312121255689,2576.6324549584115,2.924240229175469,3.313469215505688,3.8999490205328633,5153.846153846154,0.002236931511854753,307.33075,0.061000000000000006,0.3315217391304348,0-0-971-4,o,42d56bbf-Audio_SP23_part01,group_0,1,fave,152.49220751566946,75.35391393055397,4,amigos,"",0.15999999999996817,algunos,[silence],g,s,g,s,internal
347.77230424554716,1006.2003532195636,2194.321112801749,2.6217157288862323,3.585572358554798,3.811732277300045,5512.820512820513,0.00305637547164163,308.27875,0.057,0.32758620689655177,0-0-976-4,o,42d56bbf-Audio_SP23_part01,group_0,1,fave,130.06497759331262,78.91927254862178,4,Microworkers,"",0.14999999999997726,de,que,R,o,R,o,internal
356.39767115217467,725.6965028451382,2379.5043646010217,2.4997683256312557,2.8586806377097185,3.972351900368629,5153.846153846154,0.0007307051773822646,308.42275,0.045,0.3358208955223881,0-0-976-5,o,42d56bbf-Audio_SP23_part01,group_0,1,fave,120.36673190913672,76.250154898062,4,Microworkers,"",0.11000000000001364,de,que,o,R,o,R,internal
367.08453465256844,1086.5753659873994,2346.6561583746993,2.8988746638778347,2.815991881365344,4.988850805680664,4794.871794871795,0.00020725620614730258,310.30575,0.031,0.32978723404255317,0-0-984-7,o,42d56bbf-Audio_SP23_part01,group_0,1,fave,154.95808840405348,79.52011393507277,4,veintidos,"",0.06999999999999318,están,horas,d,s,d,s,internal
251.26627648182208,917.355279366753,1501.4854435337427,2.743535508112638,3.2725470806554693,4.799229467085405,4974.358974358975,0.0008335788270605862,310.99375,0.027000000000000003,0.32142857142857145,0-0-986-5,o,42d56bbf-Audio_SP23_part01,group_0,1,fave,220.48687309666283,71.69404370781335,4,pegados,"",0.060000000000002274,horas,ahí,d,s,d,s,internal
423.82852086837227,1165.6792426746767,2377.1022115188025,2.9137436269639654,3.8832548483334817,3.697597742366704,4256.410256410256,0.0007685093138345574,313.44875,0.037000000000000005,0.324561403508772,0-0-995-8,o,42d56bbf-Audio_SP23_part01,group_0,1,fave,106.9119925809589,72.82517297595125,4,aplicación,"",0.08999999999997499,esa,",",i,n,i,n,internal
389.39035961949503,836.9433491030727,2206.537543565099,2.66190364686338,3.9739715499493657,4.53118170873272,4974.358974358975,0.0026046488493932252,316.32875,0.037000000000000005,0.324561403508772,0-0-1006-4,o,42d56bbf-Audio_SP23_part01,group_0,1,fave,123.43728917128871,79.97382924031268,4,Microworkers,"",0.08999999999997499,",",es,R,o,R,o,internal
350.6312621542234,668.9348549468019,2563.059807105925,2.8049290006593837,3.5634985429071997,3.763762611713778,5333.333333333333,0.0004933307287229003,316.42074999999994,0.041,0.3306451612903226,0-0-1006-5,o,42d56bbf-Audio_SP23_part01,group_0,1,fave,143.73177678037453,80.16484263022205,4,Microworkers,"",0.10000000000002274,",",es,o,R,o,R,internal
394.800835047388,1030.7292296840162,2549.9932860134363,2.732345003225735,3.359627083712749,3.7622357045407586,4794.871794871795,0.0001720592023951585,318.83574999999996,0.031,0.32978723404255317,0-0-1019-8,o,42d56bbf-Audio_SP23_part01,group_0,1,fave,144.25650773917246,77.53909551450413,4,mantenido,"",0.06999999999999318,ha,vivo,d,#,d,b,final
385.62932471707575,670.6047343667377,2125.728200406787,2.86813937397859,3.8154331517800872,4.849408755439843,4974.358974358975,0.0009862884497273436,320.37575,0.031,0.32978723404255317,0-0-1023-8,o,42d56bbf-Audio_SP23_part01,group_0,1,fave,171.03036843332677,73.93693323475301,4,despierto,"",0.06999999999999318,y,porque,t,#,t,p,final
410.59567481881055,1133.1088509883914,2588.340236858627,3.632121054119448,4.244055815792027,4.235543304080519,5333.333333333333,0.00024146164301859166,322.31575,0.031,0.32978723404255317,0-0-1030-2,o,42d56bbf-Audio_SP23_part01,group_0,1,fave,149.91182468960582,82.14341681549296,4,uno,"",0.06999999999999318,que,de,n,#,n,d,final
356.38155703801385,666.5518589746983,2466.585479831126,3.529984485551278,3.7205120457072796,4.112277340245943,4974.358974358975,0.002049447128142064,329.61575,0.031,0.32978723404255317,0-0-1060-1,o,42d56bbf-Audio_SP23_part01,group_0,1,fave,-653.9034694799552,77.93656664101744,4,movidas,"",0.06999999999999318,muy,",",m,b,m,b,internal
416.79426851912757,724.8172293583162,2503.8336582694183,2.301423759258659,3.534451071527096,4.315190411714567,4794.871794871795,0.0007139696547649819,336.32374999999996,0.027000000000000003,0.32142857142857145,0-0-1087-1,o,42d56bbf-Audio_SP23_part01,group_0,1,fave,148.57483774537545,83.08659557014381,4,volver,"",0.060000000000002274,[silence],a,b,l,b,l,internal
370.8866162200085,683.9739750095933,1528.93914221795,2.548353445679866,3.291865362789176,4.65945241347237,4435.897435897436,0.0008285531190347418,336.75875,0.037000000000000005,0.324561403508772,0-0-1089-1,o,42d56bbf-Audio_SP23_part01,group_0,1,fave,175.6278684913447,79.30997370818869,4,copiar,"",0.08999999999997499,a,una,k,p,k,p,internal
347.9050461705538,744.9011307945551,1276.058222892464,2.9729058181292607,3.1251858035629936,3.7734370061701092,4076.923076923077,0.0020368027081104165,342.33275,0.065,0.33505154639175255,0-0-1112-6,o,42d56bbf-Audio_SP23_part01,group_0,1,fave,219.35134577138888,68.37418315049042,4,centavos,"",0.17000000000001592,tres,[silence],b,s,b,s,internal
387.4877619898346,1218.3713628528624,2327.365823724741,2.840081084832938,4.3039471921088905,4.475747128153213,5153.846153846154,0.006505568843235809,344.33875,0.037000000000000005,0.324561403508772,0-0-1118-5,o,42d56bbf-Audio_SP23_part01,group_0,1,fave,101.72233195200192,67.08396999541249,4,diario,"",0.09000000000003183,ponen,",",i,#,i,.,final
359.49442387363507,731.1488776867113,2620.2637922517283,2.9266743241002042,4.347068297774742,4.775179452442623,5692.3076923076915,0.0001571638095980843,345.47275,0.025,0.33783783783783783,0-0-1124-4,o,42d56bbf-Audio_SP23_part01,group_0,1,fave,177.85277396013777,79.83036076337677,4,mismo,"",0.05000000000001137,el,día,m,#,m,d,final
385.51210201122666,843.6568098038034,2313.125694968115,1.7609047747521935,3.2882495207037916,4.7433041916191385,5692.3076923076915,0.004677153974409513,347.41875,0.037,0.32456140350877194,0-0-1138-4,o,42d56bbf-Audio_SP23_part01,group_0,1,fave,131.71640668713198,73.02882514545739,4,Microworkers,"",0.09000000000003183,de,que,R,o,R,o,internal
407.9534546826128,1450.2608292440054,2315.763019233765,2.910092538435572,4.261753870495726,4.369510051683208,5692.3076923076915,0.0004496340539708188,354.41374999999994,0.027000000000000003,0.32142857142857145,0-0-1170-3,o,42d56bbf-Audio_SP23_part01,group_0,1,fave,119.49138619651245,74.41721042099756,4,pero,"",0.060000000000002274,%%,vale,R,#,R,b,final
430.9205852876722,891.6022047436824,3219.9054794710923,2.6155516151146756,2.894837808961394,3.072246879339722,4794.871794871795,0.0006296830563083963,355.14875,0.037,0.32456140350877194,0-0-1173-3,o,42d56bbf-Audio_SP23_part01,group_0,1,fave,144.9091265590258,71.02398464383144,4,poco,"",0.09000000000003183,muy,tres,k,#,k,t,final
343.7298612487695,698.2702564349919,2789.606990215141,3.2914760853384366,3.5566520995175046,4.131629672192093,5692.3076923076915,0.009653354388454938,355.94375,0.067,0.32843137254901966,0-0-1175-6,o,42d56bbf-Audio_SP23_part01,group_0,1,fave,92.76243830371037,59.47719425589708,4,centavos,"",0.17999999999994998,tres,",",b,s,b,s,internal
304.57885689028063,734.4517186190702,2372.128223915707,2.754281075881319,3.1732930335593266,4.412372803668083,4794.871794871795,0.0009770552395648217,357.72275,0.045,0.33582089552238803,0-0-1182-7,o,42d56bbf-Audio_SP23_part01,group_0,1,fave,133.4777573611364,74.77712665608921,4,creativos,"",0.11000000000001364,ser,con,b,s,b,s,internal
471.53259218153937,825.6216022934034,3272.085661528004,3.0033739216337745,3.284753733277539,4.374845502561704,5692.3076923076915,0.00767796737445643,360.13275,0.10500000000000001,0.3343949044585987,0-0-1191-8,o,42d56bbf-Audio_SP23_part01,group_0,1,fave,152.80487663266888,74.52428984229819,4,demasiado,"",0.29000000000002046,son,baratas,d,#,d,b,final
453.11164581210926,912.1860612943103,2239.654911881373,2.5417415103068275,3.060998681789608,3.8359993032539803,4435.897435897436,0.00003174437370371118,362.96275,0.025,0.33783783783783783,0-0-1203-1,o,42d56bbf-Audio_SP23_part01,group_0,1,fave,159.1365809957518,79.08006955930333,4,complain,"",0.05000000000001137,los,que,k,m,k,m,internal
395.94858476565776,883.0984624560909,2307.3712378464475,2.989151876189428,3.431108038176415,3.763892878687359,4974.358974358975,0.0019206249773143149,363.95074999999997,0.041,0.3306451612903226,0-0-1206-4,o,42d56bbf-Audio_SP23_part01,group_0,1,fave,104.78573435522877,60.93096361376212,4,tengo,"",0.0999999999999659,yo,.,g,#,g,.,final
428.9999269177891,1078.5235208010474,1967.7554821791964,2.1701750396380435,2.205361010210219,3.718129231117316,4974.358974358975,7.560970108762882e-6,364.47275,0.025,0.33783783783783783,0-0-1210-3,o,42d56bbf-Audio_SP23_part01,group_0,1,fave,215.259551811839,76.09843776122271,4,otro,"",0.05000000000001137,el,complain,R,#,R,k,final
360.3781352320387,1070.4636344863593,2310.3612970515505,2.5739298752003483,2.796542114467229,3.7017900724302,4794.871794871795,0.00007254302739010687,365.16574999999995,0.031,0.32978723404255317,0-0-1213-4,o,42d56bbf-Audio_SP23_part01,group_0,1,fave,151.33526242583724,76.30962774994593,4,tengo,"",0.07000000000005002,que,",",g,#,g,.,final
387.78868518617344,1079.5213014716703,3524.6498920737054,2.5187980265428025,3.70629777294667,3.906051593634094,5153.846153846154,0.000219992503460004,366.15574999999995,0.031,0.32978723404255317,0-0-1218-10,o,42d56bbf-Audio_SP23_part01,group_0,1,fave,176.62923216411414,79.75516699171389,4,adelantando,"",0.06999999999999318,estoy,todo,d,#,d,t,final
395.7697202387006,766.6644024868858,3115.128128866557,2.658929487216451,1.9478723357753338,4.247022493228768,5692.3076923076915,0.00014029203526031502,366.41275,0.025,0.33783783783783783,0-0-1219-3,o,42d56bbf-Audio_SP23_part01,group_0,1,fave,193.33265117933342,79.36637909502825,4,todo,"",0.05000000000001137,adelantando,",",d,#,d,.,final
355.77559828874126,883.2757881112074,2354.8753517662008,2.7854832816326898,3.108853426492751,3.8304264126054366,4974.358974358975,0.008478228414103053,369.16075,0.061000000000000006,0.3315217391304348,0-0-1233-3,o,42d56bbf-Audio_SP23_part01,group_0,1,fave,141.7281958578539,77.52190485836714,4,razón,"",0.160000000000025,alguna,",",z,n,z,n,internal
387.73780111702143,990.9249295064512,3007.4389827717678,2.73035398799474,4.032442480078719,4.57142598187129,5333.333333333333,0.0061938496675830595,370.61875,0.057,0.32758620689655177,0-0-1237-3,o,42d56bbf-Audio_SP23_part01,group_0,1,fave,143.68293197327154,76.12511596836941,4,razón,"",0.1500000000000341,alguna,que,z,n,z,n,internal
282.0192955497462,689.0410305070553,2544.470445557901,3.8180243139035994,3.5474299020669635,3.5356331633561826,5512.820512820513,0.00006180886388747275,372.88275000000004,0.025,0.33783783783783783,0-0-1248-1,o,42d56bbf-Audio_SP23_part01,group_0,1,fave,223.45247400914621,76.64064484547261,4,molestado,"",0.05000000000001137,he,muchísimo,m,l,m,l,internal
364.17101986150453,913.9033952199333,1233.930259158462,3.576927677967798,3.7657853589015935,4.1113315093697524,3358.974358974359,0.003198035444487886,373.19775000000004,0.035,0.3365384615384616,0-0-1248-8,o,42d56bbf-Audio_SP23_part01,group_0,1,fave,216.68280574654713,75.97003185033569,4,molestado,"",0.07999999999998408,he,muchísimo,d,#,d,m,final
295.60337047423246,743.0921930409686,2452.9638220112147,3.100223471119964,3.4750257777102465,4.05307837317933,4974.358974358975,0.000615300461572446,373.88575,0.031,0.32978723404255317,0-0-1249-7,o,42d56bbf-Audio_SP23_part01,group_0,1,fave,105.41032085786134,71.47423368831369,4,muchísimo,"",0.06999999999999318,molestado,",",m,#,m,.,final
438.498796370177,994.0212480212216,1793.0443318694686,3.0571986218095524,4.264743196132629,4.419319927517449,3538.4615384615386,0.00017515812473870116,377.25275000000005,0.025,0.33783783783783783,0-0-1267-6,o,42d56bbf-Audio_SP23_part01,group_0,1,fave,221.72650884343153,76.95556939707785,4,sentido,"",0.05000000000001137,tiene,reclamarle,d,#,d,r,final
383.78782800389524,754.425090986042,2583.380581881781,2.785107415679601,3.2175709717353778,4.07803428023562,4794.871794871795,0.002524504718774943,378.04574999999994,0.051000000000000004,0.3311688311688312,0-0-1270-5,o,42d56bbf-Audio_SP23_part01,group_0,1,fave,150.0912203969816,77.92848082663406,4,Microworkers,"",0.12999999999999545,a,",",o,R,o,R,internal
460.643897571955,1718.5663579878055,3388.650412626686,2.9564026765676714,3.7289468171391067,3.8953132241065433,4974.358974358975,0.00012238610043519287,380.13374999999996,0.027000000000000003,0.32142857142857145,0-0-1276-7,o,42d56bbf-Audio_SP23_part01,group_0,1,fave,242.8013499499025,71.88140991632162,4,expresión,"",0.060000000000002274,la,",",i,n,i,n,internal
212.7072974763594,943.6198537071648,2395.085719376352,2.5135189812291365,3.129291106956026,4.976574629997352,5512.820512820513,0.03074358591960872,381.22074999999995,0.041,0.3306451612903226,0-0-1285-1,o,42d56bbf-Audio_SP23_part01,group_0,1,fave,186.57062120346367,76.46055219796777,4,nos,"",0.10000000000002274,no,paran,n,s,n,s,internal
390.89925260114603,602.3958372490702,2876.4004657564283,2.8311906114956154,3.1225717584461687,4.945028660179676,4615.384615384615,0.0004669979903511721,385.43375,0.027000000000000003,0.32142857142857145,0-0-1304-0,o,42d56bbf-Audio_SP23_part01,group_0,1,fave,144.1362973395079,77.23444247252128,4,o,"",0.060000000000002274,",",sea,#,#,.,s,coextensive
496.33848553201125,897.3185997811457,2510.3287763373587,3.141536866201181,3.1767302140403864,4.2035733759891505,4974.358974358975,0.00005564799764816412,386.44374999999997,0.027000000000000003,0.32142857142857145,0-0-1309-1,o,42d56bbf-Audio_SP23_part01,group_0,1,fave,212.25939813286845,80.38075531585079,4,workers,"",0.060000000000002274,al,",",u,R,u,R,internal
321.6347213580106,1082.4099430010922,2510.3462154425565,2.909217941078972,3.3891765802390097,3.984971772678067,4974.358974358975,0.0001294849106988035,389.53574999999995,0.031,0.32978723404255317,0-0-1320-1,o,42d56bbf-Audio_SP23_part01,group_0,1,fave,267.7794882353978,79.22188944046819,4,nos,"",0.06999999999999318,no,paran,n,s,n,s,internal
394.71927819977407,775.1552688297204,2476.6015236724547,2.6776846491492887,3.2161589315190846,4.518691680990186,5153.846153846154,0.0001859699430885382,391.01574999999997,0.031,0.32978723404255317,0-0-1327-1,o,42d56bbf-Audio_SP23_part01,group_0,1,fave,238.36693756761642,77.15074320094767,4,cometes,"",0.06999999999999318,tu,un,k,m,k,m,internal
255.41761551232392,897.0613915086136,2385.569044173453,3.5429903856036282,3.834706453611304,4.0439192592021,5871.794871794871,0.004016373191854648,395.02775,0.035,0.3365384615384616,0-0-1338-2,o,42d56bbf-Audio_SP23_part01,group_0,1,fave,154.9093571981559,71.63266547543519,4,unos,"",0.07999999999998408,[silence],mensajes,n,s,n,s,internal
316.96217484691687,876.7737713866101,2383.749759643232,3.220815667389882,3.78420057650924,4.55821684339424,4974.358974358975,0.00020954680815331048,397.83275000000003,0.025,0.33783783783783783,0-0-1348-3,o,42d56bbf-Audio_SP23_part01,group_0,1,fave,178.77614653673558,75.92587955073991,4,vamos,"",0.05000000000001137,te,suspender,m,s,m,s,internal
367.2915469351796,1295.5377580884126,2324.4065810324237,2.608198007217531,3.4460135799080422,3.6565816082843554,4974.358974358975,0.00028519373272018974,400.68775000000005,0.035,0.33653846153846156,0-0-1357-7,o,42d56bbf-Audio_SP23_part01,group_0,1,fave,148.37011601952412,77.38442907600161,4,indebido,"",0.07999999999998408,algo,que,d,#,d,k,final
468.35652020649974,1476.92500616524,1869.3925984857722,2.459084966691852,4.002040882175793,4.095076409649861,4076.923076923077,0.00032442692032003703,404.37375,0.027000000000000003,0.32142857142857145,0-0-1373-7,o,42d56bbf-Audio_SP23_part01,group_0,1,fave,240.81087326547092,74.93575462756336,4,expresión,"",0.060000000000002274,la,",",i,n,i,n,internal
363.28218380205146,1064.6310386439209,2523.0405578286454,3.262902982172454,3.721437258397143,4.794814395572322,4615.384615384615,0.0038862932933123907,405.05375,0.047,0.3263888888888889,0-0-1378-1,o,42d56bbf-Audio_SP23_part01,group_0,1,fave,203.1252979364755,78.35089352285696,4,los,"",0.12000000000000455,",",empleadores,l,s,l,s,internal
485.70192547213327,1600.2834990503368,2314.8631868994735,3.760293926022974,4.077062822658222,4.0351661694169225,5512.820512820513,0.006234276305548031,410.05074999999994,0.041,0.3306451612903226,0-0-1398-4,o,42d56bbf-Audio_SP23_part01,group_0,1,fave,269.63409844724157,72.89796695846853,4,bueno,"",0.10000000000002274,",",[silence],n,#,n,.,final
228.5254389631492,625.150363039077,1375.0851758737317,3.1679672294431853,3.3874401398400105,4.003018302852136,3538.4615384615386,0.006074673924262208,411.14074999999997,0.041,0.3306451612903226,0-0-1402-5,o,42d56bbf-Audio_SP23_part01,group_0,1,fave,195.31003025590223,74.01418076595924,4,digamos,"",0.10000000000002274,es,",",m,s,m,s,internal
376.60798843940603,1267.1508012215847,1879.4884127537039,3.8534174940388164,3.874199539824089,4.118799143055501,4974.358974358975,0.0021096159594161906,413.32875,0.037000000000000005,0.324561403508772,0-0-1412-3,o,42d56bbf-Audio_SP23_part01,group_0,1,fave,123.28690486646572,72.28914912479541,4,panorama,"",0.08999999999997499,el,",",n,R,n,R,internal
414.1611471457918,1381.4849135611482,2398.1686615752665,2.967736139438395,3.855539066348772,4.481046483358447,5512.820512820513,0.01160496239691949,414.92375,0.067,0.3284313725490196,0-0-1418-3,o,42d56bbf-Audio_SP23_part01,group_0,1,fave,133.82969919054148,76.54951093243535,4,todo,"",0.18000000000000682,que,lo,d,#,d,l,final
400.23449842845065,1069.2202418398226,2414.0190704778606,2.8501642046593374,3.1169588780944597,2.6413874724520925,4615.384615384615,0.0004635579782685178,415.13775000000004,0.035,0.3365384615384616,0-0-1419-1,o,42d56bbf-Audio_SP23_part01,group_0,1,fave,130.08477042796852,73.65158359899665,4,lo,"",0.07999999999998408,todo,que,l,#,l,k,final
449.7212234507997,1337.9684091511567,2250.951451759696,2.6278038613410066,4.03992632792013,3.921842072666254,4615.384615384615,0.003516670987118599,415.87375000000003,0.047,0.3263888888888889,0-0-1424-0,o,42d56bbf-Audio_SP23_part01,group_0,1,fave,149.37934116717216,78.28811305891823,4,ocurre,"",0.12000000000000455,qué,.,#,k,é,k,initial
387.2525376310423,608.6810355962973,3200.1911690970637,2.486095507906017,3.6749312058828294,4.499239100922167,6051.282051282051,0.0022786388576718237,421.85375,0.047,0.3263888888888889,0-0-1451-7,o,42d56bbf-Audio_SP23_part01,group_0,1,fave,137.82456062199634,78.32317257832877,4,SimplyCodes,"",0.12000000000000455,llama,",",k,d,k,d,internal
376.98349898684904,732.79127528936,2198.8613217387287,3.0301158662080123,3.967702560342219,4.7778809399853275,4435.897435897436,0.0008364159744345348,423.09775,0.035,0.3365384615384616,0-0-1453-7,o,42d56bbf-Audio_SP23_part01,group_0,1,fave,132.57548626103093,77.54836674984875,4,SimplyCodes,"",0.08000000000004093,",",estuvo,k,d,k,d,internal
393.738402129639,1359.8936151422122,2138.13963505881,2.6171898992931553,3.5405256180266953,4.6031786960338215,4256.410256410256,0.00844836843360259,424.51375,0.047,0.3263888888888889,0-0-1459-8,o,42d56bbf-Audio_SP23_part01,group_0,1,fave,199.6533700347488,76.6741648490142,4,principio,"",0.12000000000000455,al,",",i,#,i,.,final
406.41549854274814,916.2784692776586,2525.4245156523593,2.231530633634643,4.199175778474623,4.529361535825131,4615.384615384615,0.009977058538834451,432.04775,0.035,0.3365384615384616,0-0-1494-3,o,42d56bbf-Audio_SP23_part01,group_0,1,fave,221.78932098141078,79.93642814461582,4,dejó,"",0.08000000000004093,",",de,x,#,x,d,final
406.8496483949959,1364.3548984013162,2322.6176189422995,2.6839114374263064,3.917194455494402,2.8659717880060427,4974.358974358975,0.0005500547260512891,434.35875,0.037000000000000005,0.324561403508772,0-0-1500-3,o,42d56bbf-Audio_SP23_part01,group_0,1,fave,145.00884919891922,79.59361174900248,4,dejó,"",0.09000000000003183,simplemente,de,x,#,x,d,final
361.00172402985834,600.7933217211549,2517.638809122786,3.5724149308402304,3.461674298035254,4.261458160229917,4794.871794871795,0.056295947451179676,437.03075,0.08099999999999999,0.3319672131147541,0-0-1514-3,o,42d56bbf-Audio_SP23_part01,group_0,1,fave,175.63182650876158,71.56766749887015,4,como,"",0.21999999999997044,ahí,[silence],m,#,m,.,final
469.36428745184406,1309.427067135961,1830.4031160227182,3.0369478137288346,3.8941110339390494,4.659595317299049,4256.410256410256,0.012648101969747664,437.81075,0.041,0.3306451612903226,0-0-1517-1,o,42d56bbf-Audio_SP23_part01,group_0,1,fave,167.65917586171162,76.87865773920198,4,dólares,"",0.0999999999999659,siete,",",d,l,d,l,internal
322.38839730972717,830.6921556468615,3041.339249295589,2.464281856828524,3.4348127160554096,4.826497201613288,5871.794871794871,0.009762947419942021,439.96275,0.045,0.33582089552238803,0-0-1528-5,o,42d56bbf-Audio_SP23_part01,group_0,1,fave,146.16835971814294,76.99818086154363,4,mínimo,"",0.11000000000001364,como,diez,m,#,m,d,final
464.7718332809954,1135.5173021968317,2080.297905608341,3.13736577103134,3.3359626582474795,4.804571546644155,5512.820512820513,0.0002335877309177181,440.89374999999995,0.027000000000000003,0.32142857142857145,0-0-1533-1,o,42d56bbf-Audio_SP23_part01,group_0,1,fave,124.28355353030018,67.26753894101559,4,los,"",0.060000000000002274,no,puede,l,s,l,s,internal
263.34446434529144,634.8553958940403,2473.7799711637053,2.5634046063825138,3.0998143760073993,4.57140221048391,5153.846153846154,0.0025991025320565506,443.93775000000005,0.035,0.3365384615384616,0-0-1548-3,o,42d56bbf-Audio_SP23_part01,group_0,1,fave,233.814002449325,68.35526680259123,4,poco,"",0.07999999999998408,hace,[silence],k,#,k,.,final
377.87619437669036,963.9546286865178,2465.239694364862,2.7026111015982814,3.4937647671839107,3.8743893496987356,4974.358974358975,0.0041864527912478435,446.18375000000003,0.047,0.3263888888888889,0-0-1557-4,o,42d56bbf-Audio_SP23_part01,group_0,1,fave,121.85520401080733,75.99287349330686,4,punto,"",0.1199999999999477,Nibu,a,t,#,t,a,final
303.09596136364456,1262.4326711555434,2356.1220701056345,3.52715870109884,3.823948031732986,3.9952324588749306,4435.897435897436,0.00012854315500856293,447.76374999999996,0.027000000000000003,0.32142857142857145,0-0-1566-2,o,42d56bbf-Audio_SP23_part01,group_0,1,fave,189.77788629969663,74.46670847403502,4,hizo,"",0.060000000000002274,me,[silence],z,#,z,&,final
405.83744193582817,947.924812102823,1441.4338193934407,3.6212850402748797,3.7799310710700396,4.727266578985886,4076.923076923077,0.004536377947183959,450.15574999999995,0.031,0.32978723404255317,0-0-1578-3,o,42d56bbf-Audio_SP23_part01,group_0,1,fave,182.21867352486453,77.10971700196532,4,otro,"",0.06999999999999318,es,problema,R,#,R,p,final
365.953553099485,1013.8085788094737,2361.54185702044,2.1666578714015094,3.0847749015854866,3.6875133111110663,4794.871794871795,0.000036875452688897065,453.63374999999996,0.027000000000000003,0.32142857142857145,0-0-1597-1,o,42d56bbf-Audio_SP23_part01,group_0,1,fave,173.37953944793222,83.04343097606576,4,dólares,"",0.060000000000002274,en,.,d,l,d,l,internal
378.99363082763426,926.2821412813153,2628.5181356738553,3.2372038338354936,3.9975708504335805,3.504074958416663,5333.333333333333,0.0063633478727213085,456.30375,0.067,0.3284313725490196,0-0-1609-3,o,42d56bbf-Audio_SP23_part01,group_0,1,fave,111.64806298118124,72.26353309572661,4,sino,"",0.18000000000000682,plataforma,las,n,#,n,l,final
209.1302859934325,728.4848591298071,2371.556591643613,2.7851136091176674,3.1873695314505333,4.676696405348732,5153.846153846154,0.001768898535919655,462.81775000000005,0.035,0.3365384615384616,0-0-1633-8,o,42d56bbf-Audio_SP23_part01,group_0,1,fave,182.94428980922524,74.93349995137852,4,mecanismo,"",0.07999999999998408,un,como,m,#,m,k,final
355.01808774994504,562.1123852649879,2410.9614220966673,2.9722941331235737,3.9977315205491277,4.7883282848269415,5512.820512820513,0.0016483964694717751,463.04775,0.035,0.33653846153846156,0-0-1634-3,o,42d56bbf-Audio_SP23_part01,group_0,1,fave,138.16508357023685,74.98793259649058,4,como,"",0.08000000000004093,mecanismo,PayPal,m,#,m,p,final
352.2964918517227,777.9120297394958,2443.3065644684057,2.576581613698455,3.466216933893283,3.218424604381467,5692.3076923076915,0.0038273896064388397,463.75075,0.08099999999999999,0.3319672131147541,0-0-1637-0,o,42d56bbf-Audio_SP23_part01,group_0,1,fave,139.94770633794712,76.33172390152724,4,o,"",0.22000000000002728,",",Airtm,#,#,.,a,coextensive
479.58214429997497,1012.7386254806395,2755.4060179870303,2.907720911290911,3.5480979035625304,4.384864716535977,4974.358974358975,0.0060317181894136455,467.23875000000004,0.037000000000000005,0.324561403508772,0-0-1652-4,o,42d56bbf-Audio_SP23_part01,group_0,1,fave,132.7372282307526,74.18498315448358,4,Estados,"",0.08999999999997499,en,Unidos,d,s,d,s,internal
213.83632212124027,775.9319819781875,2437.8417576258757,2.5149332407013616,3.035235999515152,4.4169764388816,5512.820512820513,0.0010155581517943151,469.21074999999996,0.041,0.3306451612903226,0-0-1660-8,o,42d56bbf-Audio_SP23_part01,group_0,1,fave,188.24117432635208,77.4564471212444,4,mecanismo,"",0.10000000000002274,un,[silence],m,#,m,.,final
363.2228394152899,1414.433780372813,2255.299114448463,3.3469203069450963,3.7355110187332556,4.376702380893728,4974.358974358975,0.0006917195543642705,474.95275000000004,0.025,0.33783783783783783,0-0-1681-2,o,42d56bbf-Audio_SP23_part01,group_0,1,fave,273.534221514906,77.2230408792112,4,ellos,"",0.05000000000001137,Entonces,",",L,s,L,s,internal
401.8213764358143,733.7019340113254,2301.449568948228,2.0353413520671015,3.452860605570838,4.952510136746174,4794.871794871795,0.0008251597317437142,475.90275,0.025,0.33783783783783783,0-0-1684-3,o,42d56bbf-Audio_SP23_part01,group_0,1,fave,205.00987243867456,79.7795060732564,4,llevo,"",0.05000000000001137,mira,[silence],b,#,b,.,final
264.93444692321947,798.9343813920756,2272.195143927008,2.7270076842295516,2.5525201998508478,4.694906375406334,4794.871794871795,0.00009551074052980299,479.14275000000004,0.025,0.33783783783783783,0-0-1699-6,o,42d56bbf-Audio_SP23_part01,group_0,1,fave,256.2828936859825,76.71310999870673,4,escribo,"",0.05000000000001137,les,y,b,#,b,i,final
329.3790278094044,741.4595953330314,3414.255403057524,3.1099434597219786,2.4184462392215273,4.579421469022489,6051.282051282051,0.011542927184485912,479.87075,0.061000000000000006,0.3315217391304348,0-0-1702-6,o,42d56bbf-Audio_SP23_part01,group_0,1,fave,254.352211477009,68.81781336379585,4,escribo,"",0.160000000000025,les,[silence],b,#,b,.,final
277.5843303214304,912.7946550501484,2605.0085847447353,3.0118707196350645,3.746477998895738,4.705676498284123,5512.820512820513,0.0020473579691734876,484.22875,0.037000000000000005,0.324561403508772,0-0-1719-3,o,42d56bbf-Audio_SP23_part01,group_0,1,fave,173.13339006902925,64.84375762108701,4,como,"",0.09000000000003183,así,[pron=pi],m,#,m,.,final
418.7869256835824,1041.8186370610442,2256.745157969709,3.1755679604866005,4.11960042777781,4.591279808597423,5333.333333333333,0.008467249750784731,486.89375,0.047,0.3263888888888889,0-0-1731-8,o,42d56bbf-Audio_SP23_part01,group_0,1,fave,178.40133366780023,76.98866820754323,4,televisión,"",0.12000000000000455,ves,",",i,n,i,n,internal
404.8438312864723,960.33825056506,2311.788480144744,3.341975427092531,3.5046453297628077,4.225043500565839,4974.358974358975,0.0009182926332486757,487.67775000000006,0.035,0.33653846153846156,0-0-1735-4,o,42d56bbf-Audio_SP23_part01,group_0,1,fave,185.7544480704649,74.58861511110491,4,visto,"",0.07999999999998408,has,Cantinflas,t,#,t,k,final
335.9456451431566,867.4243810327048,1345.5408665042546,3.3612863017885464,3.9771011325535466,4.030088657581445,3538.4615384615386,0.00955911292240129,499.26275000000004,0.045,0.33582089552238803,0-0-1772-3,o,42d56bbf-Audio_SP23_part01,group_0,1,fave,144.86062293911596,78.30006189614888,4,panorama,"",0.11000000000001364,un,",",n,R,n,R,internal
395.1877343202043,1119.7380256229103,2347.995984856783,3.2243292981906695,4.312183382887948,3.4915003997362177,4974.358974358975,0.00043506059694004316,501.04775,0.035,0.33653846153846156,0-0-1779-4,o,42d56bbf-Audio_SP23_part01,group_0,1,fave,181.18594634962417,78.85016510212094,4,bueno,"",0.08000000000004093,lo,de,n,#,n,d,final
334.6577026446975,838.8099774213136,1549.7575757633695,2.412561004100061,3.7409848801592327,4.556162912863558,4435.897435897436,0.0007048659454368635,503.03074999999995,0.041,0.3306451612903226,0-0-1786-3,o,42d56bbf-Audio_SP23_part01,group_0,1,fave,117.35475196788298,75.1442187545429,4,digo,"",0.10000000000002274,te,lo,g,#,g,l,final
427.69359573284436,1097.477466229766,2688.4478913740445,2.867150450946212,3.220524062954713,4.395561898217485,4974.358974358975,0.0003698694317687155,536.9737500000001,0.027000000000000003,0.32142857142857145,0-0-1832-3,o,42d56bbf-Audio_SP23_part01,group_0,1,fave,145.34099254283652,80.16790834069526,4,Católico,"",0.05999999999994543,.,",",t,l,t,l,internal
427.543837791989,817.9779755226624,2489.883526813312,3.51886423975038,3.194385961665069,4.58528413391399,4256.410256410256,0.009345490252169407,537.36275,0.045,0.33582089552238803,0-0-1834-2,o,42d56bbf-Audio_SP23_part01,group_0,1,fave,108.34210360287035,75.91176546282249,4,apostólico,"",0.11000000000001364,",",y,p,s,p,s,internal
427.4728471647472,1088.536425375694,2307.153898305711,2.7440760080947664,3.48600105250483,3.9397527330030804,4794.871794871795,0.00018214302884693364,537.54375,0.027000000000000003,0.32142857142857145,0-0-1834-5,o,42d56bbf-Audio_SP23_part01,group_0,1,fave,138.8875870145382,80.14324584095124,4,apostólico,"",0.06000000000005912,",",y,t,l,t,l,internal
342.28242047828206,1193.9487055688098,2431.969356708764,2.349144001840465,3.8776872744147153,2.999706013065626,4615.384615384615,0.00045891552781718737,537.79375,0.027000000000000003,0.32142857142857145,0-0-1834-9,o,42d56bbf-Audio_SP23_part01,group_0,1,fave,166.4903320138043,78.08197223288609,4,apostólico,"",0.06000000000005912,",",y,k,#,k,i,final
434.7524270052321,920.8575310559728,2533.784817376381,2.8683357613460245,3.4775267611391425,4.079719954248772,5153.846153846154,0.0006646753798240954,541.66775,0.035,0.3365384615384616,0-0-1849-3,o,42d56bbf-Audio_SP23_part01,group_0,1,fave,206.3683386243741,72.50369657997895,4,católico,"",0.08000000000004093,Soy,.,t,l,t,l,internal
427.23054284850855,1345.7397659512756,2248.0309329391775,3.1585561618352536,4.510187361012703,4.594642945171323,4076.923076923077,0.0002549277763304769,548.54375,0.027000000000000003,0.32142857142857145,0-0-1871-3,o,42d56bbf-Audio_SP23_part01,group_0,1,fave,NaN,64.80833001569307,4,caso,"",0.06000000000005912,al,",",s,#,s,.,final
459.5391155035944,1142.3416050519818,2470.3511762809935,2.9003030376223493,3.389759674594885,3.889576341317035,4974.358974358975,0.0004870630334818313,549.11275,0.045,0.3358208955223881,0-0-1873-1,o,42d56bbf-Audio_SP23_part01,group_0,1,fave,106.7622460744592,77.07234089799292,4,todavía,"",0.11000000000001364,",",podía,t,d,t,d,internal
267.4468470332972,1376.2167980409038,2441.293716035041,3.089576080946274,4.312913146865244,3.9544085921377237,5333.333333333333,0.0007490473510727529,550.5137500000001,0.027000000000000003,0.32142857142857145,0-0-1878-3,o,42d56bbf-Audio_SP23_part01,group_0,1,fave,113.28981965545286,76.99380741917018,4,menos,"",0.05999999999994543,lo,un,n,s,n,s,internal
373.20310887656063,771.2041361339005,2395.7122566836547,3.5328381904432113,3.564330172222111,4.115506321126816,6230.7692307692305,0.008208490008286412,551.0187500000001,0.057,0.32758620689655177,0-0-1880-2,o,42d56bbf-Audio_SP23_part01,group_0,1,fave,128.00622255123056,72.13399748731105,4,año,"",0.14999999999997726,un,o,N,#,N,o,final
348.11886269511973,681.2340103851337,2698.5525678539684,3.6687539969134533,3.487315817559534,4.773227102693102,5871.794871794871,0.0004775832940174135,551.15575,0.031,0.32978723404255317,0-0-1881-0,o,42d56bbf-Audio_SP23_part01,group_0,1,fave,109.75279372753738,71.28405175788457,4,o,"",0.07000000000005002,año,muchos,#,#,o,m,coextensive
435.9534461092,887.5885505298611,2379.4561017115366,3.2444166417427596,2.8663439629517633,3.7163182450122823,4794.871794871795,0.00001514190293901991,552.78275,0.025,0.33783783783783783,0-0-1889-1,o,42d56bbf-Audio_SP23_part01,group_0,1,fave,123.47219505552214,75.9145098895484,4,conozco,"",0.05000000000006821,yo,de,k,n,k,n,internal
415.65073641865797,919.8793431176083,2376.6403419316753,2.5197173729793967,3.07221651215209,3.4929269671560643,4974.358974358975,0.00012253881607578326,553.0237500000001,0.027000000000000003,0.32142857142857145,0-0-1889-6,o,42d56bbf-Audio_SP23_part01,group_0,1,fave,142.751805473849,78.87245152209964,4,conozco,"",0.06000000000005912,yo,de,k,#,k,d,final
414.65667801071345,928.6443616924465,2521.013605791155,3.302691015483447,3.544288432962406,4.010168777681589,5512.820512820513,0.005210536674454419,554.31575,0.07100000000000001,0.3317757009345795,0-0-1895-7,o,42d56bbf-Audio_SP23_part01,group_0,1,fave,133.06436013268728,65.80867853875519,4,jubilado,"",0.19000000000005457,ha,.,d,#,d,.,final
378.3798556465292,968.3737980248153,2326.397163983506,2.8220647529527483,4.114071181786532,4.653922661846301,5692.3076923076915,0.0003884629147685608,555.7437500000001,0.027000000000000003,0.32142857142857145,0-0-1902-4,o,42d56bbf-Audio_SP23_part01,group_0,1,fave,177.8501338405103,78.38656867367783,4,amigo,"",0.05999999999994543,un,que,g,#,g,k,final
471.6706320605156,1019.1720022554858,2325.580169710827,2.9806837225653715,2.942361415327299,4.97255453698543,4615.384615384615,0.00005639425486726518,557.79275,0.025,0.33783783783783783,0-0-1913-4,o,42d56bbf-Audio_SP23_part01,group_0,1,fave,NaN,58.984648944009514,4,cinco,"",0.05000000000006821,y,[silence],k,#,k,.,final
443.01061116654427,1060.309542031977,2290.254776786935,2.656586459788032,3.5498432205797554,3.5460739835404658,4256.410256410256,0.00015129570371444633,559.9477499999999,0.035,0.3365384615384616,0-0-1922-0,o,42d56bbf-Audio_SP23_part01,group_0,1,fave,151.38991209548738,82.4269294810578,4,O,"",0.08000000000004093,.,sea,#,#,.,s,coextensive
415.0839178404587,940.3365218387269,2932.6607206027434,3.1569571533355725,3.5245373528959605,4.675946905746053,6230.7692307692305,0.010323724981570808,561.0037500000001,0.047,0.3263888888888889,0-0-1927-1,o,42d56bbf-Audio_SP23_part01,group_0,1,fave,125.28335618819263,73.17365401265201,4,todavía,"",0.12000000000000455,tenía,una,t,d,t,d,internal
419.9085259029789,1147.1872610206974,2415.5643690714796,2.1441178580524127,3.40971804799379,4.627206619143129,4974.358974358975,0.0008602970747534054,563.31875,0.037000000000000005,0.324561403508772,0-0-1931-3,o,42d56bbf-Audio_SP23_part01,group_0,1,fave,207.38056008413295,83.44289294562864,4,Pero,"",0.09000000000003183,[silence],yo,R,#,R,y,final
443.91048010354166,552.8560992706767,2568.7338489543627,3.341888080017866,3.1720070106148412,4.670760174265486,5512.820512820513,0.00854671537694273,565.5937500000001,0.047,0.3263888888888889,0-0-1938-6,o,42d56bbf-Audio_SP23_part01,group_0,1,fave,155.4933401866001,62.79611234929886,4,momento,"",0.12000000000000455,un,[silence],t,#,t,.,final
318.61676683368916,732.0409778085252,1479.3899044908544,3.257259761880662,3.355143179633254,4.5266344584183615,3717.948717948718,0.00017057368175059896,571.42275,0.025,0.33783783783783783,0-0-1955-1,o,42d56bbf-Audio_SP23_part01,group_0,1,fave,118.17657441485592,77.36636007253983,4,Modestia,"",0.05000000000006821,[silence],aparte,m,d,m,d,internal
349.4930967529565,1407.5785437761772,2779.8685148188415,3.3876531814815327,4.686156796022869,4.686870491441323,5333.333333333333,0.036819221757677094,572.3127499999999,0.045,0.33582089552238803,0-0-1958-3,o,42d56bbf-Audio_SP23_part01,group_0,1,fave,141.5185694714873,64.2779330489704,4,como,"",0.11000000000001364,",",el,m,#,m,e,final
414.2705483513272,977.3001872941477,2293.5680601624967,3.1019734543645407,3.05003929771052,4.004652139210927,4974.358974358975,0.00013686108017634083,573.5937500000001,0.027000000000000003,0.32142857142857145,0-0-1965-2,o,42d56bbf-Audio_SP23_part01,group_0,1,fave,136.69222393281075,74.14924362044941,4,profesionales,"",0.05999999999994543,muchos,[silence],R,f,R,f,internal
342.40003562804316,663.6300115064529,1406.4135574950458,2.9254359680278803,3.4229349456037226,3.9391517454538647,4256.410256410256,0.0000242321160868678,575.4327499999999,0.025,0.33783783783783783,0-0-1969-3,o,42d56bbf-Audio_SP23_part01,group_0,1,fave,173.91598777828827,84.82973420548818,4,como,"",0.05000000000006821,llegamos,al,m,#,m,a,final
431.0878296162345,1355.7767142529215,2387.6126901762054,2.6902611533410514,4.349992526203241,4.221024633170331,4974.358974358975,0.00010669110250599089,576.40275,0.025,0.33783783783783783,0-0-1973-3,o,42d56bbf-Audio_SP23_part01,group_0,1,fave,113.25055382519103,78.85195640184963,4,pero,"",0.05000000000006821,[silence],por,R,#,R,p,final
345.36198225783596,623.4944301462372,1859.2898526591503,2.7475165510425597,3.5105320183684183,4.772073979025361,4974.358974358975,0.0012813455341337398,577.03875,0.037000000000000005,0.324561403508772,0-0-1976-1,o,42d56bbf-Audio_SP23_part01,group_0,1,fave,143.44782817187289,82.8023402459246,4,políticas,"",0.09000000000003183,razones,",",p,l,p,l,internal
366.17156108863924,892.2565815235499,2405.679254211027,2.531558609862055,3.528565515572351,4.6403838964824535,4974.358974358975,0.0011745727930575968,578.17775,0.035,0.33653846153846156,0-0-1980-0,o,42d56bbf-Audio_SP23_part01,group_0,1,fave,115.88754090768751,73.13052923565814,4,o,"",0.08000000000004093,",",politiquera,#,#,.,p,coextensive
364.95994028171293,788.3849773971286,2413.9527090346323,2.467504222936965,3.236434251797939,3.1974015660503157,5333.333333333333,0.00003395393919717811,578.3127499999999,0.025,0.33783783783783783,0-0-1981-1,o,42d56bbf-Audio_SP23_part01,group_0,1,fave,120.29528647655508,77.4940131729183,4,politiquera,"",0.05000000000006821,o,",",p,l,p,l,internal
477.0725872368952,1534.6354505426941,2278.4837658597876,3.4856888376066455,3.6759834557196114,3.489392521730519,4794.871794871795,0.0024837650753061886,585.41275,0.045,0.33582089552238803,0-0-1995-4,o,42d56bbf-Audio_SP23_part01,group_0,1,fave,252.43418175622878,79.71695429892515,4,Bueno,"",0.11000000000001364,[silence],",",n,#,n,.,final
413.0270821480267,883.0627846053897,2341.46315421295,3.170653804564359,3.646305154958944,4.344067373980029,5333.333333333333,0.006923445592424807,588.3337499999999,0.067,0.3284313725490196,0-0-2010-6,o,42d56bbf-Audio_SP23_part01,group_0,1,fave,180.35310356065165,77.08550958125083,4,proceso,"",0.18000000000006366,el,revolucionario,s,#,s,r,final
371.10936718248706,683.5780089524364,2204.35969787794,3.160333898320245,3.2458487605593525,3.8904140673218874,4974.358974358975,0.00014953003585888293,588.61775,0.035,0.33653846153846156,0-0-2011-3,o,42d56bbf-Audio_SP23_part01,group_0,1,fave,131.28151921131166,73.93097242202268,4,revolucionario,"",0.07999999999992724,proceso,.,b,l,b,l,internal
367.44581809307647,1127.3183228090543,2245.6357166318107,2.780439549551123,4.308508829959027,4.597674845163346,5333.333333333333,0.0010909826119485729,589.13575,0.031,0.32978723404255317,0-0-2011-13,o,42d56bbf-Audio_SP23_part01,group_0,1,fave,152.12420927579606,75.89682179726945,4,revolucionario,"",0.07000000000005002,proceso,.,i,#,i,.,final
556.3713205425479,1437.906916924163,2243.66304169063,3.3643820698010045,3.3566622437398275,4.027859298226754,5512.820512820513,0.008155204078393699,16.77275,0.065,0.33505154639175255,0-0-6-0,a,42d56bbf-Audio_SP23_part01,group_0,1,fave,172.56303760117802,76.10997437376196,4,a,"",0.1700000000000017,voy,comenzar,#,#,y,k,coextensive
292.60592709500986,1591.45763066137,1749.8586103155728,3.946423691824694,3.926424358419717,4.0558976062343275,5333.333333333333,0.0020565761535317572,18.365750000000002,0.031,0.32978723404255317,0-0-11-1,a,42d56bbf-Audio_SP23_part01,group_0,1,fave,114.04530910808832,76.2728550998442,4,nacimiento,"",0.07000000000000028,el,",",n,z,n,z,internal
422.02352474304627,1451.6834518432686,2279.510177293409,3.653120711005434,3.5100569422111008,4.602785017325431,5512.820512820513,0.03304279425011237,19.43575,0.07100000000000001,0.3317757009345795,0-0-14-1,a,42d56bbf-Audio_SP23_part01,group_0,1,fave,120.49440153669762,70.1111759631799,4,la,"",0.19000000000000128,el,próxima,l,#,l,p,final
236.7380106332621,1416.7165329982997,3408.039271338011,4.020705444141707,3.4645453261630133,3.681987841604465,6769.2307692307695,0.002367032182544991,19.958750000000002,0.037,0.32456140350877194,0-0-15-6,a,42d56bbf-Audio_SP23_part01,group_0,1,fave,179.23250852306603,78.07497177313155,4,próxima,"",0.08999999999999986,la,semana,m,#,m,s,final
239.53619086447293,843.1239685162368,1420.5148121033592,3.409909560815572,3.812590212331757,3.428417375106055,3538.4615384615386,0.000853156105449324,20.420749999999998,0.041,0.3306451612903226,0-0-16-5,a,42d56bbf-Audio_SP23_part01,group_0,1,fave,107.74158934160393,73.61641038425992,4,semana,"",0.10000000000000142,próxima,",",n,#,n,.,final
681.534707153813,1416.8854250346526,3513.7123695072396,4.121394218718493,3.1185707461836243,4.623771409790557,5512.820512820513,0.01924781512041881,58.72775,0.095,0.334507042253521,0-0-93-6,a,42d56bbf-Audio_SP23_part01,group_0,1,fave,125.97957198571949,65.30670782981753,4,sistema,"",0.259999999999998,en,supervisión,m,#,m,s,final
516.7109185126799,1165.3515658626325,3525.0288160350124,4.400938897352504,3.0283602526428504,3.2606270408548412,6948.717948717948,0.0005461784539648206,60.77375,0.027000000000000003,0.32142857142857145,0-0-98-6,a,42d56bbf-Audio_SP23_part01,group_0,1,fave,119.5906809735721,66.18860181870137,4,sistemas,"",0.060000000000002274,",",[pron=pi],m,s,m,s,internal
411.64037214380124,1676.2021247176403,2387.6954090664844,3.137945203992342,3.1609946584683373,4.397662883677715,5333.333333333333,0.012449198391997532,66.76074999999999,0.041,0.3306451612903226,0-0-116-3,a,42d56bbf-Audio_SP23_part01,group_0,1,fave,196.8429628969466,72.41807479742486,4,vida,"",0.10000000000000853,mi,comencé,d,#,d,k,final
594.7608384269292,1025.898557938398,2366.1247518534597,3.9415179909355715,3.2453488172391083,4.2678474233062165,4974.358974358975,0.0015441606440436783,67.53375,0.027000000000000003,0.32142857142857145,0-0-118-4,a,42d56bbf-Audio_SP23_part01,group_0,1,fave,131.37356532442055,69.80219264071255,4,trabajando,"",0.060000000000002274,comencé,en,b,x,b,x,internal
350.72953694381374,689.620161115135,1387.5677690163527,3.555700558700622,3.0848989165770333,3.180708080739032,3000.0,0.015259229938501841,79.33475,0.169,0.33531746031746024,0-0-155-0,a,42d56bbf-Audio_SP23_part01,group_0,1,fave,140.89249704422667,70.35175292478449,4,a,"",0.480000000000004,pasé,PDVSA,#,#,e,p,coextensive
201.34238766056774,1491.2393435867166,2436.9876759290314,3.203891309593157,3.992730137446929,4.6572312894363685,5333.333333333333,0.000497184516614494,80.42575,0.031,0.32978723404255317,0-0-156-10,a,42d56bbf-Audio_SP23_part01,group_0,1,fave,192.23480269649,77.96444160216545,4,PDVSA,"",0.07000000000000739,a,[silence],é,#,é,.,final
308.11294322009746,673.7614715394161,1496.2068713717501,2.7753206003345463,3.4401892880973395,3.575350858050273,3179.4871794871797,0.005924098906398345,89.98575,0.051000000000000004,0.3311688311688312,0-0-188-8,a,42d56bbf-Audio_SP23_part01,group_0,1,fave,174.58142280995335,76.30108959491123,4,petrolera,"",0.13000000000000966,mixta,[silence],R,#,R,.,final
459.8892474910661,1376.6291796290602,3436.5542718788633,4.239161868693258,2.9610261640129787,3.563756207569934,5153.846153846154,0.0005737876494091559,90.73375,0.027000000000000003,0.32142857142857145,0-0-191-1,a,42d56bbf-Audio_SP23_part01,group_0,1,fave,143.47284620322918,76.18186994098481,4,Zamora,"",0.060000000000002274,Petro,",",z,m,z,m,internal
209.51405103145686,1408.7353651191218,2860.4563138243825,3.5887181422504737,3.550190625522746,5.092037927928156,5512.820512820513,0.03759989590568014,91.10275,0.08499999999999999,0.33464566929133854,0-0-191-5,a,42d56bbf-Audio_SP23_part01,group_0,1,fave,196.98102009223925,66.28009991792402,4,Zamora,"",0.23000000000000398,Petro,",",R,#,R,.,final
464.45094025852825,1471.5307087148778,3461.9100743836725,3.0291677518741906,3.120376060527012,4.127252780021843,5692.3076923076915,0.00017344290608150399,99.49775,0.035,0.33653846153846156,0-0-216-5,a,42d56bbf-Audio_SP23_part01,group_0,1,fave,153.60547825535582,80.796280304985,4,seguramente,"",0.0799999999999983,porque,conoces,R,m,R,m,internal
651.6252507840331,1521.9372146576907,2409.8981923370943,3.056806921798281,3.437701086211735,3.4265177511889306,5153.846153846154,0.0016402080831551652,101.11075,0.121,0.33241758241758235,0-0-220-0,a,42d56bbf-Audio_SP23_part01,group_0,1,fave,118.44406458068012,76.6009697876611,4,a,"",0.3400000000000034,que,diferencia,#,#,é,d,coextensive
467.5183962856747,1685.1635400207529,2368.388407424653,3.797020563347962,3.3979920056927333,4.456081654876144,4794.871794871795,0.0015859137995526964,105.79775,0.035,0.3365384615384616,0-0-235-5,a,42d56bbf-Audio_SP23_part01,group_0,1,fave,156.13378468949708,76.68846123835095,4,retiras,"",0.0799999999999983,[silence],y,R,s,R,s,internal
303.0764260186165,1769.0906193512917,2576.198529915977,3.789761056006571,3.438042204362178,4.120414988229836,5153.846153846154,0.0006773733270101084,106.48774999999999,0.035,0.3365384615384616,0-0-238-5,a,42d56bbf-Audio_SP23_part01,group_0,1,fave,183.32790616283114,80.65134924133096,4,jubilas,"",0.0799999999999983,te,es,l,s,l,s,internal
352.5156248227739,1118.2968085951074,2389.366148914826,3.7127854085042853,3.3602287179617023,3.9882210029016067,4794.871794871795,0.0009675425324792461,106.84375,0.027000000000000003,0.32142857142857145,0-0-241-1,a,42d56bbf-Audio_SP23_part01,group_0,1,fave,115.72163897764457,71.64713135277394,4,maravilla,"",0.060000000000002274,una,[silence],m,R,m,R,internal
334.34364256856435,1390.190158837477,2258.891591498687,2.8209823096059328,3.0787591307202873,5.132285043082375,5153.846153846154,0.0003710808471455211,110.36574999999999,0.031,0.32978723404255317,0-0-251-6,a,42d56bbf-Audio_SP23_part01,group_0,1,fave,152.22317703930224,74.2659446759707,4,internas,"",0.07000000000000739,cuestiones,que,n,s,n,s,internal
324.8578243126997,1298.7539417970713,2364.8155079504068,2.990818915964723,3.3756396610177957,4.641310091742624,4974.358974358975,0.0008342703090821181,113.06575,0.031,0.32978723404255317,0-0-265-2,a,42d56bbf-Audio_SP23_part01,group_0,1,fave,151.79007145747912,77.69601224642498,4,una,"",0.07000000000000739,tener,pensión,n,#,n,p,final
341.44791819309364,1436.6094024834283,1599.933683121256,3.498754036989466,3.922037861770982,3.7982998020526684,4974.358974358975,0.0032095338759925832,114.62774999999999,0.035,0.33653846153846156,0-0-270-4,a,42d56bbf-Audio_SP23_part01,group_0,1,fave,160.96912175076596,65.8195331298864,4,justa,"",0.0799999999999983,este,",",t,#,t,.,final
547.5741414343157,1428.704020554087,2356.7584548082527,3.870258976594159,2.799113682847093,4.380131996338381,5153.846153846154,0.0057426582680289145,117.41575,0.051000000000000004,0.3311688311688312,0-0-277-3,a,42d56bbf-Audio_SP23_part01,group_0,1,fave,109.28096727723934,55.56824102057359,4,mala,"",0.12999999999999545,muy,[silence],l,#,l,.,final
599.2433306498004,1553.8227537678517,2440.0314681306963,2.761979642411645,4.207051145390361,3.5600619370435127,4794.871794871795,0.003327607238859814,118.38775,0.055,0.33536585365853655,0-0-281-2,a,42d56bbf-Audio_SP23_part01,group_0,1,fave,220.53223138504194,74.72479245108812,4,era,"",0.14000000000000057,no,una,R,#,R,ú,final
487.05090921459123,1614.7120807498636,3445.6817834582644,3.8953755835064148,3.655245711086885,4.376844890532265,6051.282051282051,0.020960460432858555,122.74374999999999,0.067,0.32843137254901966,0-0-296-5,a,42d56bbf-Audio_SP23_part01,group_0,1,fave,152.2922427950841,67.21995632477943,4,manera,"",0.18000000000000682,de,[silence],R,#,R,.,final
420.4091657874482,1589.1773842738212,2192.979007493459,3.281307127350175,3.3585689681421167,4.419772216006665,4974.358974358975,0.0022720132817971883,124.28774999999999,0.035,0.33653846153846156,0-0-300-10,a,42d56bbf-Audio_SP23_part01,group_0,1,fave,109.29676008386303,76.42616838055929,4,redundancia,"",0.0799999999999983,la,contributiva,i,#,i,k,final
371.55933155444666,1239.3168461495804,2503.720211826993,3.4261978965157396,3.9661680421540084,4.621853144958376,5153.846153846154,0.0023373870853590287,125.22075,0.041,0.3306451612903226,0-0-301-11,a,42d56bbf-Audio_SP23_part01,group_0,1,fave,136.17495148428608,67.68287186312502,4,contributiva,"",0.09999999999999432,redundancia,con,b,#,b,k,final
612.9132690736976,1547.0514297645118,2345.9948555284814,3.2688839041116258,3.814531763747026,4.362647347039491,4615.384615384615,0.010855941640214162,127.17075,0.061000000000000006,0.3315217391304348,0-0-308-3,a,42d56bbf-Audio_SP23_part01,group_0,1,fave,122.32915344677983,68.51489551008424,4,Para,"",0.1599999999999966,[silence],formar,R,#,R,f,final
371.1613056096978,1632.8438352219555,1894.82373188035,3.8860898915279734,4.200080268683877,3.773620070498711,4974.358974358975,0.019250737866086734,131.21874999999997,0.037000000000000005,0.324561403508772,0-0-322-1,a,42d56bbf-Audio_SP23_part01,group_0,1,fave,133.61548819735853,81.71230069669333,4,lamentablemente,"",0.09000000000000341,que,[silence],l,m,l,m,internal
510.7878958402383,1563.3066044223146,2570.8891667449375,3.818453776312976,2.7950854975042305,4.767064085231231,5153.846153846154,0.00006981708300672878,131.57274999999998,0.025,0.33783783783783783,0-0-322-6,a,42d56bbf-Audio_SP23_part01,group_0,1,fave,135.133367327133,80.87865332389325,4,lamentablemente,"",0.05000000000001137,que,[silence],t,b,t,b,internal
581.3427696138984,1517.1454809929019,2412.702985665338,2.3466076759307404,3.9044589775303944,3.816008337957861,4794.871794871795,0.0011295312328808095,135.33875,0.057,0.32758620689655177,0-0-336-2,a,42d56bbf-Audio_SP23_part01,group_0,1,fave,310.91013639818465,62.95139498801945,4,esa,"",0.15000000000000568,de,[silence],s,#,s,.,final
414.25236382981484,1381.6722974281677,2246.3668599973385,3.244473512280039,3.564369999635471,3.9715219074087518,5153.846153846154,0.0000762866375382257,137.25375000000003,0.027000000000000003,0.32142857142857145,0-0-341-2,a,42d56bbf-Audio_SP23_part01,group_0,1,fave,175.2678209147812,82.87651978889119,4,una,"",0.060000000000002274,tenemos,pensión,n,#,n,p,final
539.450873865474,1642.0805328804504,2190.80083303639,3.1276201890731334,2.8791372988875743,4.247339438682624,4615.384615384615,0.0019747820681426513,139.27775,0.035,0.3365384615384616,0-0-348-6,a,42d56bbf-Audio_SP23_part01,group_0,1,fave,109.84069213953137,68.66883132157469,4,todavía,"",0.0800000000000125,pero,falta,i,#,i,f,final
584.1145722238234,1552.667311405786,2249.133364358018,3.2795396633621214,3.5489559798996333,3.3792508548775593,4974.358974358975,9.814012388699807e-6,139.61274999999998,0.025,0.33783783783783783,0-0-349-4,a,42d56bbf-Audio_SP23_part01,group_0,1,fave,116.08729537132989,69.02200959848163,4,falta,"",0.05000000000001137,todavía,mucho,t,#,t,m,final
553.9980049217493,1410.7131498604838,2794.2114041818877,3.3189165271595327,4.1651384751550085,4.45551970696593,5333.333333333333,0.00021574969263792227,144.66575,0.031,0.32978723404255317,0-0-361-1,a,42d56bbf-Audio_SP23_part01,group_0,1,fave,141.04498099139647,78.35733323401514,4,la,"",0.06999999999999318,te,voy,l,#,l,b,final
453.75507812261907,1246.7478766119311,2509.0734937226935,3.385333479460689,3.9894346038207424,4.474924411302461,6051.282051282051,0.029911409094712887,155.37775000000002,0.035,0.33653846153846156,0-0-400-2,a,42d56bbf-Audio_SP23_part01,group_0,1,fave,151.46610427843223,74.65501334876866,4,una,"",0.07999999999998408,[silence],pensión,n,#,n,p,final
568.6016817355363,1597.0658548318927,2314.0699371824835,2.818799224107199,3.7360478456098205,3.7910732496000796,4974.358974358975,0.00005909940571017012,157.31375000000003,0.027000000000000003,0.32142857142857145,0-0-406-8,a,42d56bbf-Audio_SP23_part01,group_0,1,fave,257.1042584881093,77.05200323259545,4,cincuenta,"",0.060000000000002274,seiscientos,dólares,t,#,t,d,final
662.7528349031015,1457.3195396135757,2566.3782711665135,3.469134039744372,3.880885371464759,4.450989479323376,5153.846153846154,0.005840714613978585,159.17074999999997,0.061000000000000006,0.3315217391304348,0-0-412-4,a,42d56bbf-Audio_SP23_part01,group_0,1,fave,133.7535383361895,60.6149892803967,4,buena,"",0.160000000000025,muy,",",n,#,n,.,final
385.93282703401127,2138.2708450025175,2551.4993512716437,3.0719200259235757,3.7064842130322178,3.652478991794055,5153.846153846154,0.00043917903200886614,160.84375000000003,0.027000000000000003,0.32142857142857145,0-0-420-0,a,42d56bbf-Audio_SP23_part01,group_0,1,fave,165.66105153171443,68.44747967702952,4,ha,"",0.05999999999997385,también,habido,#,#,n,a,coextensive
632.8247187886137,1389.5380513229227,2326.8742134956133,2.6077236496797087,3.1829167807364698,3.395318671082407,4974.358974358975,0.00031269832282529816,164.12775000000002,0.035,0.33653846153846156,0-0-433-7,a,42d56bbf-Audio_SP23_part01,group_0,1,fave,394.764976097415,66.56930526079731,4,complica,"",0.07999999999998408,situación,",",k,#,k,.,final
587.3567250576004,1679.6888000347274,2344.456111832441,2.7924859582401336,3.496136141752353,3.781741858615964,4974.358974358975,0.0008646858903639754,166.15775,0.035,0.33653846153846156,0-0-440-0,a,42d56bbf-Audio_SP23_part01,group_0,1,fave,151.26297530885822,79.9224504964295,4,ha,"",0.0800000000000125,se,logrado,#,#,e,l,coextensive
517.899544592236,1358.7583452998176,2515.784398919803,3.4816043945178174,3.621494115111995,3.252100409317063,4615.384615384615,0.0005691196431984266,170.01775,0.035,0.3365384615384616,0-0-450-4,a,42d56bbf-Audio_SP23_part01,group_0,1,fave,111.53199398516045,62.86211879117684,4,deuda,"",0.0800000000000125,gran,[silence],d,#,d,.,final
747.1487575279065,1055.2411966578127,2291.8229432339645,2.564642619176241,4.37514683583844,4.012185473415411,5153.846153846154,0.0002615165190998103,171.85375000000002,0.027000000000000003,0.32142857142857145,0-0-455-0,a,42d56bbf-Audio_SP23_part01,group_0,1,fave,139.01535613059997,74.57451542006564,4,al,"",0.060000000000002274,[silence],mes,#,l,.,l,initial
642.6571380076955,1334.4070727505105,2290.516952166698,2.766311505536391,3.4065623893298143,3.6111667054264873,4794.871794871795,0.0003897643152302394,176.03575,0.031,0.32978723404255317,0-0-471-1,a,42d56bbf-Audio_SP23_part01,group_0,1,fave,130.9988858936253,71.22297472162488,4,la,"",0.06999999999999318,por,pensión,l,#,l,p,final
555.4169916010102,1450.1501611291355,2476.8152084310846,2.4897794114634806,2.654414256034026,3.5304139272119794,4615.384615384615,8.056286820291002e-6,178.36375,0.027000000000000003,0.32142857142857145,0-0-478-0,a,42d56bbf-Audio_SP23_part01,group_0,1,fave,178.78561175623946,80.27909964380503,4,alrededor,"",0.060000000000002274,total,de,#,l,l,l,initial
540.161148166297,1438.3291386112844,2420.580822163144,2.6004146129468855,3.660989262862664,3.8832329766826406,4974.358974358975,0.00001142135684186458,180.23375000000001,0.027000000000000003,0.32142857142857145,0-0-482-8,a,42d56bbf-Audio_SP23_part01,group_0,1,fave,164.35093111809255,80.33381911365834,4,cincuenta,"",0.060000000000002274,[silence],dólares,t,#,t,d,final
652.3667603033504,1583.5435458106726,2080.9167056325246,3.2686317227347885,3.2076706474842145,4.224553068852649,4256.410256410256,0.0027162495775419383,182.56875,0.057,0.32758620689655177,0-0-492-3,a,42d56bbf-Audio_SP23_part01,group_0,1,fave,121.77305862461763,72.08586180367173,4,para,"",0.15000000000000568,menos,[silence],R,#,R,.,final
553.3787500905395,1474.8808581307985,2288.7372573403604,3.282676819337383,3.6513830308812993,4.0166066366343065,5333.333333333333,0.0010298280430305197,184.00875,0.037,0.32456140350877194,0-0-499-3,a,42d56bbf-Audio_SP23_part01,group_0,1,fave,130.54942227033322,69.38619196343025,4,para,"",0.09000000000000341,menos,comer,R,#,R,k,final
466.4453771806608,1643.7360166493834,2578.5224964715926,3.025676167979054,3.9308488802344264,4.656432027874511,4435.897435897436,0.0005409142997112698,187.20274999999998,0.025,0.33783783783783783,0-0-509-6,a,42d56bbf-Audio_SP23_part01,group_0,1,fave,174.7421191842221,73.84290766247855,4,costosas,"",0.05000000000001137,muy,",",s,s,s,s,internal
636.4202027192258,1833.6438083223159,2538.4079559082693,3.2817527400979043,3.4435808750804817,3.8190223496375375,5153.846153846154,0.0032820865439297836,188.29375000000002,0.047,0.3263888888888889,0-0-516-2,a,42d56bbf-Audio_SP23_part01,group_0,1,fave,107.81502222779932,63.337555804223754,4,era,"",0.11999999999997613,que,antes,R,#,R,á,final
555.3353492157983,1464.0358786409092,2211.945573585601,3.1104543208655326,3.4189417761992775,3.634457218771264,4435.897435897436,0.00006599095454159927,190.04375000000002,0.027000000000000003,0.32142857142857145,0-0-524-1,a,42d56bbf-Audio_SP23_part01,group_0,1,fave,130.1430107807094,80.15686196911363,4,gasolina,"",0.060000000000002274,La,más,g,s,g,s,internal
594.8127707212493,1347.235115002998,2467.226476580054,2.8282919684856584,2.8542229701128043,4.109275264409038,4794.871794871795,0.00005966750486832083,191.52375,0.027000000000000003,0.32142857142857145,0-0-530-1,a,42d56bbf-Audio_SP23_part01,group_0,1,fave,167.0047974331492,76.81667912347547,4,la,"",0.060000000000002274,era,de,l,#,l,d,final
596.1649777273572,1671.6616293611576,2295.853389427426,2.8048738399020965,4.137248055837796,3.2405069436249465,4794.871794871795,0.000018669300399957764,192.44375000000002,0.027000000000000003,0.32142857142857145,0-0-534-2,a,42d56bbf-Audio_SP23_part01,group_0,1,fave,137.028171245908,77.33857017508639,4,era,"",0.060000000000002274,porque,regalada,R,#,R,r,final
543.3777367356352,1537.6435026973277,2485.745643983297,3.3096825143360498,3.3299099278114763,4.077349742081454,4794.871794871795,0.0005356735058674012,193.59775000000002,0.035,0.3365384615384616,0-0-538-2,a,42d56bbf-Audio_SP23_part01,group_0,1,fave,106.22251405136956,74.03922931069276,4,sea,"",0.07999999999998408,[silence],sencillamente,é,#,é,s,final
556.6277079293706,1590.5882687678436,2269.5858557781726,2.906256406402619,3.4337960610196303,4.036982663895251,4435.897435897436,0.0002397150369420011,194.54575,0.031,0.32978723404255317,0-0-541-3,a,42d56bbf-Audio_SP23_part01,group_0,1,fave,99.75700591724508,71.93517257698393,4,regalada,"",0.06999999999999318,era,[silence],g,l,g,l,internal
723.8619355397225,1389.591482823326,3154.7699431436395,2.9424462733493866,2.4330050576933737,4.483471857538792,5871.794871794871,0.001201170511243006,194.73275,0.045,0.33582089552238803,0-0-541-7,a,42d56bbf-Audio_SP23_part01,group_0,1,fave,127.4795383027603,46.28275229785699,4,regalada,"",0.10999999999998522,era,[silence],d,#,d,.,final
556.0772624282101,1329.7512710757383,2268.1722673684735,3.420145589148395,3.8998643277990492,3.6322584445935653,5871.794871794871,0.0008023788379420284,195.71574999999999,0.031,0.32978723404255317,0-0-544-3,a,42d56bbf-Audio_SP23_part01,group_0,1,fave,157.17653601518188,78.49549550220571,4,ahora,"",0.0700000000000216,y,pasó,R,#,R,p,final
641.8008472526712,1446.1330219829326,2357.6163394195646,3.255062492233902,3.4774320741410305,3.2102958184910912,4974.358974358975,0.0008790170566958141,196.98874999999998,0.037000000000000005,0.324561403508772,0-0-552-3,a,42d56bbf-Audio_SP23_part01,group_0,1,fave,NaN,62.88051650450549,4,caras,"",0.09000000000000341,más,cincuenta,R,s,R,s,internal
611.8231177758669,1731.6330498636876,2552.695710656738,3.3836034305498988,3.535344557853508,3.8254152469451594,5153.846153846154,0.0002413294883852235,200.70375,0.027000000000000003,0.32142857142857145,0-0-563-5,a,42d56bbf-Audio_SP23_part01,group_0,1,fave,245.49069479703522,77.40245523048105,4,ahorita,"",0.060000000000002274,En,",",t,#,t,.,final
543.7783033131483,1599.0314744131595,2212.4906026990607,2.8782142487478484,3.562556312333339,3.0576945785583334,4435.897435897436,0.00017472244347808524,203.90275,0.045,0.33582089552238803,0-0-577-1,a,42d56bbf-Audio_SP23_part01,group_0,1,fave,115.85003218681813,79.32101235326918,4,la,"",0.11000000000001364,de,la,l,#,l,l,final
610.6874871998771,1504.1886080877132,2362.37180947462,2.5897661872518913,3.6515734370445023,2.7746198408148675,4974.358974358975,4.984863162473221e-6,204.04274999999998,0.025,0.33783783783783783,0-0-578-1,a,42d56bbf-Audio_SP23_part01,group_0,1,fave,108.993610641041,78.83006075388231,4,la,"",0.05000000000001137,la,gasolina,l,#,l,g,final
618.5787960405581,1478.1953654959127,2308.4838204436633,3.1590095109810084,3.283079108543049,3.668189078244392,4435.897435897436,0.0005820753494831561,204.16775,0.035,0.3365384615384616,0-0-579-1,a,42d56bbf-Audio_SP23_part01,group_0,1,fave,105.98930836930853,74.76403651506602,4,gasolina,"",0.07999999999998408,la,",",g,s,g,s,internal
505.9739072449968,1647.4876843123454,2258.031426983775,3.390788093734536,4.0128218558111675,4.003784829616599,5153.846153846154,0.0010830518652866722,204.62375000000003,0.027000000000000003,0.32142857142857145,0-0-579-7,a,42d56bbf-Audio_SP23_part01,group_0,1,fave,312.70506440637973,78.5226241118339,4,gasolina,"",0.05999999999997385,la,",",n,#,n,.,final
547.6652034920588,1571.777308889174,2446.930501629946,3.008704169245105,3.800240121321072,3.3610562980404954,4974.358974358975,0.000068356799506093,209.06575,0.031,0.32978723404255317,0-0-599-1,a,42d56bbf-Audio_SP23_part01,group_0,1,fave,166.33125240582154,76.17280904869415,4,la,"",0.06999999999999318,había,crisis,l,#,l,k,final
399.87541948574716,1460.2896332439648,2334.343360581002,3.1268334875416346,3.246272574668643,3.584549096396424,5153.846153846154,0.003185027391059043,211.41875,0.037000000000000005,0.324561403508772,0-0-606-6,a,42d56bbf-Audio_SP23_part01,group_0,1,fave,149.11415527210758,70.77736352121138,4,todavía,"",0.09000000000000341,existiendo,por,i,#,i,p,final
625.0058013567786,1244.6872530217433,2399.6503809057976,2.4750805058584424,3.9240540762744516,3.7112928694064165,4435.897435897436,0.0004855388348563573,211.70874999999998,0.037000000000000005,0.324561403508772,0-0-608-1,a,42d56bbf-Audio_SP23_part01,group_0,1,fave,102.25065045920277,68.1693487886256,4,la,"",0.09000000000000341,por,pandemia,l,#,l,p,final
586.5428870254725,1269.3437597430855,2342.5429523582484,2.4166921108120163,3.3136382120261323,4.350891979591758,4794.871794871795,0.00030730061066204875,211.85375000000002,0.027000000000000003,0.32142857142857145,0-0-609-1,a,42d56bbf-Audio_SP23_part01,group_0,1,fave,280.6652516616574,68.91759638216689,4,pandemia,"",0.060000000000002274,la,[silence],p,n,p,n,internal
481.155905632767,1869.2584971082626,2357.292482592199,3.810335792619205,3.760616332990823,3.5014574482868457,4794.871794871795,0.0029618906340182906,212.30575,0.031,0.32978723404255317,0-0-609-7,a,42d56bbf-Audio_SP23_part01,group_0,1,fave,205.70917131508253,75.70744631373883,4,pandemia,"",0.0700000000000216,la,[silence],i,#,i,.,final
543.3992201530564,1450.9781405330477,2450.125515855561,2.2987520749826276,3.765786796805916,3.7923795790536174,4974.358974358975,2.94428004592212e-6,214.33274999999998,0.025,0.33783783783783783,0-0-617-1,a,42d56bbf-Audio_SP23_part01,group_0,1,fave,183.73736415562308,79.51652492656864,4,la,"",0.05000000000001137,de,gasolina,l,#,l,g,final
533.0321703895191,1492.3440063249432,2436.4511834502714,2.932174190486686,3.665685549827305,3.866998741571369,4794.871794871795,0.00004548106814091024,214.45375,0.027000000000000003,0.32142857142857145,0-0-618-1,a,42d56bbf-Audio_SP23_part01,group_0,1,fave,182.1345677832608,80.03151772395917,4,gasolina,"",0.060000000000002274,la,[silence],g,s,g,s,internal
477.21695440321815,1643.0378903543879,3604.4388141649497,3.8946928086491455,3.373114904314595,5.02928715102819,7307.692307692308,0.028914547670234648,214.90275,0.045,0.33582089552238803,0-0-618-7,a,42d56bbf-Audio_SP23_part01,group_0,1,fave,218.38328359754968,72.65718343398203,4,gasolina,"",0.11000000000001364,la,[silence],n,#,n,.,final
556.5776299879341,1737.396906680897,2279.9704601264652,2.9795201171362145,2.8418768998563566,2.9186970258078455,5512.820512820513,0.0000261646304378185,220.22375000000002,0.027000000000000003,0.32142857142857145,0-0-636-3,a,42d56bbf-Audio_SP23_part01,group_0,1,fave,184.72178084474146,80.80879170807513,4,para,"",0.060000000000002274,eso,que,R,#,R,k,final
550.7834649340496,1462.9224811724132,2294.580258957656,3.4124671775252473,3.987448152463595,3.2595491803590497,4794.871794871795,0.00002060388790788869,224.71274999999997,0.025,0.33783783783783783,0-0-658-2,a,42d56bbf-Audio_SP23_part01,group_0,1,fave,181.4180194131329,75.03524953827895,4,trabajo,"",0.05000000000001137,de,",",R,b,R,b,internal
404.9497226819052,1612.2487748133726,2328.350133776116,3.525521797362109,3.6367672829433655,3.985250602460826,5153.846153846154,0.0007264816904951154,226.51775,0.035,0.3365384615384616,0-0-662-4,a,42d56bbf-Audio_SP23_part01,group_0,1,fave,142.9874061848826,66.42594042125117,4,varias,"",0.0800000000000125,tocado,puertas,i,s,i,s,internal
405.252395162371,1569.1676634620637,2271.879024461747,4.400309492232818,2.8522888830053663,4.53165495707597,4435.897435897436,0.007633716926265676,226.99575,0.031,0.32978723404255317,0-0-663-5,a,42d56bbf-Audio_SP23_part01,group_0,1,fave,191.64937059829936,73.1609654817215,4,puertas,"",0.0700000000000216,varias,todavía,t,s,t,s,internal
296.85068090411716,1107.0917358430477,2411.968018356104,3.4403982999716582,4.25728401467304,2.951847312209672,6230.7692307692305,0.004520889361630602,228.38575,0.031,0.32978723404255317,0-0-669-5,a,42d56bbf-Audio_SP23_part01,group_0,1,fave,140.23632957023517,65.64697601155946,4,alguna,"",0.06999999999999318,que,puerta,n,#,n,p,final
509.3824178552542,1627.9848725835557,2541.1718661906098,3.6705344813322203,3.786754884836635,3.7385219384775534,5333.333333333333,0.0003593635947183016,236.74274999999997,0.025,0.33783783783783783,0-0-703-3,a,42d56bbf-Audio_SP23_part01,group_0,1,fave,175.6581847666987,75.59271959192826,4,muchas,"",0.05000000000001137,salirme,veces,h,s,h,s,internal
600.1410950622783,1136.3548782046064,2507.305648099065,3.2023155975250566,3.733845405304395,3.5739217351590016,5333.333333333333,0.000026582229643873586,243.26274999999998,0.025,0.33783783783783783,0-0-733-4,a,42d56bbf-Audio_SP23_part01,group_0,1,fave,119.58181959908386,70.98772386136504,4,compañeros,"",0.05000000000001137,muchos,desde,p,N,p,N,internal
445.06057755958403,1037.020444085298,2848.278470200541,3.8263767266490825,3.472701283305112,3.908341164974736,5153.846153846154,0.0040087839484509065,246.90874999999997,0.037000000000000005,0.324561403508772,0-0-748-0,a,42d56bbf-Audio_SP23_part01,group_0,1,fave,143.94425265193604,75.30446512651378,4,aviones,"",0.09000000000000341,unos,",",#,b,s,b,initial
682.1674982130589,1496.6520698066618,2406.830881257768,3.923487481147513,3.5253781523182353,4.142877922732155,4794.871794871795,0.004807582256586046,248.98275,0.045,0.33582089552238803,0-0-756-3,a,42d56bbf-Audio_SP23_part01,group_0,1,fave,1426.0782488705242,68.24726681632052,4,hasta,"",0.10999999999998522,[silence],hackers,t,#,t,a,final
769.2276475039525,1373.500260340554,2390.8423583922026,3.705118587518773,3.3753135342167764,3.992919243989901,4974.358974358975,0.0046688145861239405,249.10375,0.067,0.3284313725490196,0-0-757-0,a,42d56bbf-Audio_SP23_part01,group_0,1,fave,139.2165533157575,71.8471114491204,4,hackers,"",0.18000000000000682,hasta,",",#,k,a,k,initial
400.75493386910483,1700.327100101961,2347.8471175342534,3.6727700836095836,3.7334756309990844,4.132742775709217,5692.3076923076915,0.0022494069884713233,250.95775,0.035,0.33653846153846156,0-0-761-2,a,42d56bbf-Audio_SP23_part01,group_0,1,fave,188.12576364906758,80.21571169260878,4,una,"",0.0800000000000125,tienen,capacidad,n,#,n,k,final
560.0267316132558,1388.3949034911468,2360.4847086756286,3.59457774485885,3.548148499899756,4.0537948658925576,4615.384615384615,0.0037551020158894392,251.08874999999998,0.037,0.32456140350877194,0-0-762-1,a,42d56bbf-Audio_SP23_part01,group_0,1,fave,188.9547432906444,77.74252860189662,4,capacidad,"",0.09000000000000341,una,de,k,p,k,p,internal
574.9228252194334,1286.6910754641278,2469.3096906464934,2.66193857230699,3.184339626594998,3.8244163935001594,5153.846153846154,0.00006386109060242213,251.21574999999999,0.031,0.32978723404255317,0-0-762-3,a,42d56bbf-Audio_SP23_part01,group_0,1,fave,139.77533533786777,77.77928828425755,4,capacidad,"",0.0700000000000216,una,de,p,z,p,z,internal
495.4986961303209,1725.4378732552934,2526.781578367443,2.615455120354852,3.288581230520787,3.1688300106305385,4974.358974358975,0.000012855283298747967,257.07275000000004,0.025,0.33783783783783783,0-0-784-1,a,42d56bbf-Audio_SP23_part01,group_0,1,fave,178.88482339227207,79.58663085857881,4,salido,"",0.05000000000001137,hubiese,hace,s,l,s,l,internal
670.9896207050606,1337.3082262551006,2442.8222151170744,2.704114520508455,2.8088115505964946,3.6610315254942707,5333.333333333333,0.00024153336164346143,264.61275,0.045,0.33582089552238803,0-0-807-7,a,42d56bbf-Audio_SP23_part01,group_0,1,fave,142.70473614289153,67.42967395627365,4,limitada,"",0.11000000000001364,muy,.,d,#,d,.,final
699.6456060968087,1413.6210063576693,2430.9302536485984,3.385417091315601,3.6625197805575516,4.3847830840057265,5512.820512820513,0.008559834714031388,274.43874999999997,0.07700000000000001,0.3290598290598291,0-0-852-3,a,42d56bbf-Audio_SP23_part01,group_0,1,fave,107.12545970666127,69.25827606447987,4,paga,"",0.21000000000003638,que,",",g,#,g,.,final
576.9917856858975,1351.6496775616909,2484.684250939223,3.151153041287815,3.078650238876839,2.631191541626646,4974.358974358975,2.625294741114613e-6,275.25275000000005,0.025,0.33783783783783783,0-0-854-3,a,42d56bbf-Audio_SP23_part01,group_0,1,fave,227.93465607936056,78.03959965259837,4,paga,"",0.05000000000001137,",",muy,g,#,g,m,final
491.16117257991897,1511.4106705394893,2356.933936733443,3.5867039019436646,3.7963079346008755,3.6181135916054803,5333.333333333333,0.00024889158224352737,279.20275000000004,0.025,0.33783783783783783,0-0-874-3,a,42d56bbf-Audio_SP23_part01,group_0,1,fave,166.20411492912456,74.64817323277451,4,pagan,"",0.05000000000001137,que,muy,g,n,g,n,internal
435.926789101564,1516.2015522280115,2436.0561846260703,3.767977319326129,3.2955278939395196,4.381622477029888,6769.2307692307695,0.002139146217353567,282.26875,0.037,0.32456140350877194,0-0-886-1,a,42d56bbf-Audio_SP23_part01,group_0,1,fave,148.81929331919505,74.77859557352964,4,la,"",0.08999999999997499,digamos,problemática,l,#,l,p,final
617.1947269330136,1335.952897451162,2866.97539593771,3.8743451103183313,3.749239932050074,4.247271231880152,5153.846153846154,0.08343355630635052,282.78875,0.057,0.32758620689655177,0-0-887-7,a,42d56bbf-Audio_SP23_part01,group_0,1,fave,108.05539568347514,70.13178979768463,4,problemática,"",0.1500000000000341,la,[silence],m,t,m,t,internal
688.5666877906424,1406.2726576371533,2414.117530185198,3.296255216871571,3.111200137033413,4.369527528641501,4794.871794871795,0.018616100836950016,284.87875,0.057,0.32758620689655177,0-0-892-7,a,42d56bbf-Audio_SP23_part01,group_0,1,fave,216.6937084755517,76.11705401818347,4,problemática,"",0.14999999999997726,otra,[silence],m,t,m,t,internal
558.2612372633712,1745.7002501898019,2387.502556993061,2.715493937195628,3.1906990080577446,3.7187752828911855,5153.846153846154,0.0006576938300611578,285.19075,0.041,0.3306451612903226,0-0-892-11,a,42d56bbf-Audio_SP23_part01,group_0,1,fave,59.75308342944376,72.62227578582755,4,problemática,"",0.0999999999999659,otra,[silence],k,#,k,.,final
545.0089308492516,1668.6084084366794,2383.993021337232,2.6803416109143106,3.421213302590331,3.345291855957057,4974.358974358975,0.00005525847895085344,288.58374999999995,0.027000000000000003,0.32142857142857145,0-0-904-1,a,42d56bbf-Audio_SP23_part01,group_0,1,fave,141.19106529809505,73.60282074294827,4,tarea,"",0.060000000000002274,poner,",",t,R,t,R,internal
694.4118835504953,1477.6958176934968,2415.480452744124,4.44236297275967,3.361486173385463,4.946637802586712,4974.358974358975,0.014661051825910433,289.22574999999995,0.031,0.32978723404255317,0-0-908-0,a,42d56bbf-Audio_SP23_part01,group_0,1,fave,195.91432726717494,74.60340942093202,4,aparecen,"",0.06999999999999318,tareas,en,#,p,s,p,initial
625.6211717312369,1425.4960824716736,2347.4741371644245,2.870763920687646,2.680606911132421,4.129138384025116,5512.820512820513,0.0002964458903347008,291.37875,0.037000000000000005,0.324561403508772,0-0-914-2,a,42d56bbf-Audio_SP23_part01,group_0,1,fave,-4809.819251135464,54.42892026946966,4,hora,"",0.08999999999997499,cualquier,",",R,#,R,.,final
461.9129306888617,1651.5096673022479,2279.8883877292246,3.3992619685602152,3.4431097336963146,4.344436751801269,4615.384615384615,0.0003474677222421849,293.45775000000003,0.035,0.3365384615384616,0-0-920-4,a,42d56bbf-Audio_SP23_part01,group_0,1,fave,143.20077349513815,79.00175060671404,4,esclaviza,"",0.07999999999998408,[silence],a,l,b,l,b,internal
570.0511595507804,1419.1343168125309,2415.3467311433033,3.543246018469093,3.764307120283948,3.47107529324521,5692.3076923076915,0.0018459862087002264,293.95074999999997,0.041,0.3306451612903226,0-0-922-1,a,42d56bbf-Audio_SP23_part01,group_0,1,fave,137.43901869010165,72.78977533893618,4,la,"",0.0999999999999659,a,computadora,l,#,l,k,final
605.4036926875754,1410.6208963906706,2242.00198451014,3.6206211507489443,3.06002619358604,4.472316258447636,4974.358974358975,0.011053507498091605,294.78574999999995,0.051000000000000004,0.3311688311688311,0-0-923-10,a,42d56bbf-Audio_SP23_part01,group_0,1,fave,154.72555474139372,64.33881289789869,4,computadora,"",0.12999999999999545,la,",",R,#,R,.,final
708.6118474677058,1277.8249893218447,2398.6904095537475,3.625903519693499,3.4051650388183954,4.1520604393638125,5333.333333333333,0.0003659954820833635,295.26574999999997,0.031,0.32978723404255317,0-0-925-0,a,42d56bbf-Audio_SP23_part01,group_0,1,fave,147.2165857043132,76.25343253040458,4,al,"",0.06999999999999318,",",tener,#,l,.,l,initial
542.0160913858961,1500.0228979499786,2252.3625149515265,2.7333135770172876,3.0162641016581637,3.5848828426184824,4794.871794871795,4.042768435203319e-6,296.07275000000004,0.025,0.33783783783783783,0-0-929-2,a,42d56bbf-Audio_SP23_part01,group_0,1,fave,185.60959338651563,79.4106636807949,4,prácticamente,"",0.05000000000001137,estar,veinticuatro,R,k,R,k,internal
537.5487160296606,1602.7563075898938,2343.041009986661,2.895902092965139,3.88889229879031,3.5243946572900233,4794.871794871795,0.000052222405705370736,296.27275000000003,0.025,0.33783783783783783,0-0-929-7,a,42d56bbf-Audio_SP23_part01,group_0,1,fave,191.58226011910486,76.42591098487864,4,prácticamente,"",0.05000000000001137,estar,veinticuatro,k,m,k,m,internal
248.24742508407755,1421.1185368938206,2208.4644129313638,3.8463394922440353,3.4815700664085387,4.209857786332057,5871.794871794871,0.0006940120230502864,297.45574999999997,0.031,0.32978723404255317,0-0-931-2,a,42d56bbf-Audio_SP23_part01,group_0,1,fave,180.32880450848387,75.89615261967896,4,horas,"",0.06999999999999318,veinticuatro,pegado,R,s,R,s,internal
616.0376716259316,1672.5750497733138,2568.2279490601622,3.59172694950356,3.0974913556352304,4.035078388332559,4794.871794871795,0.01671741915985734,298.47875,0.057,0.32758620689655177,0-0-937-0,a,42d56bbf-Audio_SP23_part01,group_0,1,fave,169.1891407817549,68.97592464368549,4,absurdo,"",0.1500000000000341,es,.,#,b,s,b,initial
431.96393947313817,1659.3647067808233,2808.538129254464,3.485018098445419,3.3615238894457447,4.381431448840188,5871.794871794871,0.000011930690533730991,302.38275000000004,0.025,0.33783783783783783,0-0-951-5,a,42d56bbf-Audio_SP23_part01,group_0,1,fave,147.41091546877874,77.64757044675382,4,algunas,"",0.05000000000001137,[silence],cosas,n,s,n,s,internal
597.4739135035143,1733.6111263958214,2502.2294349031877,4.07164103293009,2.970279723255949,4.0159298978398725,5153.846153846154,0.003139927449365355,303.40875,0.037000000000000005,0.324561403508772,0-0-957-1,a,42d56bbf-Audio_SP23_part01,group_0,1,fave,188.32352195484742,78.51699770487761,4,la,"",0.09000000000003183,en,casa,l,#,l,k,final
526.4659222013909,1489.949256712772,3143.7310738684764,2.846890421074526,4.596357074704014,4.308433607289976,6230.7692307692305,0.0010771188757559237,303.75374999999997,0.027000000000000003,0.32142857142857145,0-0-958-3,a,42d56bbf-Audio_SP23_part01,group_0,1,fave,134.62196728936362,67.5748930742043,4,casa,"",0.060000000000002274,la,",",s,#,s,.,final
597.388299053551,1011.2276198523517,2525.6772320715327,4.089885531050473,3.941803035196571,4.623531332853154,4615.384615384615,0.00040678833384638407,306.63275000000004,0.025,0.33783783783783783,0-0-970-0,a,42d56bbf-Audio_SP23_part01,group_0,1,fave,120.31435051989162,77.25440758798818,4,algunos,"",0.05000000000001137,como,amigos,#,l,o,l,initial
245.87409344665275,1375.9036904870723,2422.797950131264,3.6943146383120027,2.7757575445419302,4.9035151655369535,5692.3076923076915,0.0015692363893458788,310.55375,0.027000000000000003,0.32142857142857145,0-0-985-2,a,42d56bbf-Audio_SP23_part01,group_0,1,fave,213.61536658433334,66.78290820194587,4,horas,"",0.060000000000002274,veintidos,pegados,R,s,R,s,internal
718.7886766509696,1428.3807945230658,2508.5763625215304,3.4792302069829613,4.276871223864981,4.318812738546708,4794.871794871795,0.0007764989662024682,311.83574999999996,0.031,0.32978723404255317,0-0-989-0,a,42d56bbf-Audio_SP23_part01,group_0,1,fave,186.47146476336215,71.24043816843803,4,a,"",0.06999999999999318,[silence],esa,#,#,.,é,coextensive
391.6822432485618,1720.6068468086412,2240.8967020857876,3.1707027387112783,3.6597891504640994,4.472345104614143,4615.384615384615,0.005198297164986408,312.15275,0.045,0.3358208955223881,0-0-990-2,a,42d56bbf-Audio_SP23_part01,group_0,1,fave,213.5199085460271,72.12354210163159,4,esa,"",0.11000000000001364,a,a,s,#,s,a,final
675.6753111952672,1386.2386279980833,2473.70438745681,3.288758220362012,3.781826019839596,4.139298614506553,4974.358974358975,0.003353592500698465,312.27774999999997,0.07500000000000001,0.33482142857142855,0-0-991-0,a,42d56bbf-Audio_SP23_part01,group_0,1,fave,182.10033801765252,78.4366943569677,4,a,"",0.19999999999998863,esa,a,#,#,a,a,coextensive
691.0804833549831,1425.8633167126168,2475.1647293502297,3.2232631768123676,3.741120151536565,3.503818832439579,5153.846153846154,0.0025068268132698627,312.48575,0.091,0.33211678832116787,0-0-992-0,a,42d56bbf-Audio_SP23_part01,group_0,1,fave,247.21806344714685,75.65927247537572,4,a,"",0.25,a,a,#,#,a,a,coextensive
682.8109957915997,1372.0290000270618,2484.2531370623524,2.7433331284213174,4.260889016870464,3.5287201479223373,4794.871794871795,0.0022187128961089373,312.70775000000003,0.035,0.3365384615384616,0-0-993-0,a,42d56bbf-Audio_SP23_part01,group_0,1,fave,129.72443091064622,72.3677524746211,4,a,"",0.07999999999998408,a,esa,#,#,a,é,coextensive
375.6461823758406,1722.6806724039357,2351.8466443081206,3.6482094488337617,3.8917565866840107,3.8437952658987444,4974.358974358975,0.004116539476900206,317.24575,0.031,0.32978723404255317,0-0-1009-4,a,42d56bbf-Audio_SP23_part01,group_0,1,fave,NaN,71.92770156026748,4,buena,"",0.06999999999999318,muy,",",n,#,n,&,final
366.90124003782654,1689.4826265957931,2453.4546933244314,3.6429524928065744,4.05039123536289,3.4348399091711057,6589.74358974359,0.00004458252442752463,317.81275000000005,0.025,0.33783783783783783,0-0-1012-4,a,42d56bbf-Audio_SP23_part01,group_0,1,fave,147.2944057440309,78.20412103421964,4,buena,"",0.05000000000001137,muy,",",n,#,n,.,final
628.9401437430578,1239.6365170252097,2528.7420769966393,3.240637964989743,3.5231948453384536,3.428464652355913,4794.871794871795,0.0000797775798282487,318.01275000000004,0.025,0.33783783783783783,0-0-1014-4,a,42d56bbf-Audio_SP23_part01,group_0,1,fave,116.0604382656978,69.34206291204586,4,además,"",0.05000000000001137,",",",",m,s,m,s,internal
536.1683689472098,1733.431679780106,2496.1300745441504,3.925242066323288,3.916641220033248,3.2450008857050148,5512.820512820513,0.000188612096910084,318.30375,0.027000000000000003,0.32142857142857145,0-0-1018-0,a,42d56bbf-Audio_SP23_part01,group_0,1,fave,139.5632658222067,72.38330123621851,4,ha,"",0.060000000000002274,me,mantenido,#,#,e,m,coextensive
633.292407229932,1572.8730488292822,2396.4601126786965,3.6233914801421685,3.143939461127056,3.7908364798006815,4615.384615384615,0.0003453054466576496,320.80775000000006,0.035,0.3365384615384616,0-0-1025-1,a,42d56bbf-Audio_SP23_part01,group_0,1,fave,112.79027781796758,67.36899315157288,4,las,"",0.07999999999998408,porque,redes,l,s,l,s,internal
439.3333372444244,1145.741907635441,2481.314056975074,3.7293256555686654,4.033954010624643,4.068264262634513,5871.794871794871,0.00012433864745050414,322.53275,0.025,0.33783783783783783,0-0-1032-1,a,42d56bbf-Audio_SP23_part01,group_0,1,fave,128.34862521854063,73.59814142579819,4,las,"",0.05000000000001137,de,[silence],l,s,l,s,internal
538.7189683751287,1695.1764515036232,2631.3043916455117,3.179324278891793,3.3853891012238093,4.8638323282499245,5512.820512820513,0.0002752071140126292,329.96275,0.025,0.33783783783783783,0-0-1060-5,a,42d56bbf-Audio_SP23_part01,group_0,1,fave,295.52312225021745,68.23390679880616,4,movidas,"",0.05000000000001137,muy,",",d,s,d,s,internal
443.11341400955644,1287.0908163283445,2218.0338830786573,3.907274490470236,4.110983924382963,4.472661011133547,5333.333333333333,0.000557206095278328,330.97374999999994,0.027000000000000003,0.32142857142857145,0-0-1066-1,a,42d56bbf-Audio_SP23_part01,group_0,1,fave,221.31714147899962,79.16444289256759,4,las,"",0.060000000000002274,[silence],tareas,l,s,l,s,internal
537.6802527608495,1677.8903938806434,2377.6433775101705,2.5892814899151975,3.4413988832533957,3.9818751694421803,4974.358974358975,4.825253756051061e-6,331.12275000000005,0.025,0.33783783783783783,0-0-1067-1,a,42d56bbf-Audio_SP23_part01,group_0,1,fave,179.3055811126544,79.72010383576617,4,tareas,"",0.05000000000001137,las,de,t,R,t,R,internal
445.077587556085,1509.5439051364547,2500.4491493472165,3.3693774709185944,3.0933144336934597,3.9317352975480575,5153.846153846154,0.00012566395481718724,332.34374999999994,0.027000000000000003,0.32142857142857145,0-0-1072-0,a,42d56bbf-Audio_SP23_part01,group_0,1,fave,133.85173284572116,67.18344869088021,4,algunas,"",0.060000000000002274,en,que,#,l,n,l,initial
600.7586071133753,1310.3939640415342,2771.7459350580134,4.348719547095146,3.8362382345531363,4.78660437796111,6230.7692307692305,0.016853564881272598,335.14875,0.057,0.32758620689655177,0-0-1083-1,a,42d56bbf-Audio_SP23_part01,group_0,1,fave,181.9992312361623,75.84968603983835,4,fácil,"",0.14999999999997726,relativamente,que,f,z,f,z,internal
628.9660033626656,1647.8084470039744,2342.128347234339,3.334631288750131,3.218817094632658,3.6928058493782085,5512.820512820513,0.0008182068158541606,336.61875000000003,0.037000000000000005,0.324561403508772,0-0-1088-0,a,42d56bbf-Audio_SP23_part01,group_0,1,fave,167.4908287839578,76.92728602921942,4,a,"",0.08999999999997499,volver,copiar,#,#,R,k,coextensive
415.75743354856075,1263.2427859585046,2542.2392418757204,3.824545663226016,3.6942657295684302,4.152312398240598,6051.282051282051,0.017873098251573606,337.33075,0.14100000000000001,0.33254716981132076,0-0-1090-2,a,42d56bbf-Audio_SP23_part01,group_0,1,fave,120.89427532317083,70.27834957440776,4,una,"",0.4000000000000341,copiar,",",n,#,n,.,final
639.8915541194059,1574.282835892146,1794.8157038700094,3.5373548778248316,3.653961060884736,4.695357401617881,4076.923076923077,0.037167049752614346,338.99875000000003,0.057,0.32758620689655177,0-0-1095-4,a,42d56bbf-Audio_SP23_part01,group_0,1,fave,151.15547380877805,68.34782037546337,4,lista,"",0.14999999999997726,una,",",t,#,t,.,final
592.9402119379957,1706.7981789113646,2329.8323221595674,3.6588187040275364,3.7145795442371563,4.677352679548522,4974.358974358975,0.0011143554591914104,341.39374999999995,0.027000000000000003,0.32142857142857145,0-0-1109-0,a,42d56bbf-Audio_SP23_part01,group_0,1,fave,240.41066764657535,75.1274295938055,4,a,"",0.060000000000002274,vale,penas,#,#,e,p,coextensive
569.4910721766537,1692.7894632473954,2288.9575731414743,3.8859745395788976,3.48469307849103,3.8774196657044104,4615.384615384615,0.011047392849908128,341.58875,0.037,0.32456140350877194,0-0-1110-3,a,42d56bbf-Audio_SP23_part01,group_0,1,fave,241.95627906009224,76.07588259323762,4,penas,"",0.09000000000003183,a,tres,n,s,n,s,internal
532.5233072606574,1331.0766379815238,2301.303139409297,2.9681113994697466,3.688735395580239,3.3315497136751424,4974.358974358975,0.0002468347398865498,343.55375,0.027000000000000003,0.32142857142857145,0-0-1116-1,a,42d56bbf-Audio_SP23_part01,group_0,1,fave,126.36941318438403,73.63548919522225,4,la,"",0.060000000000002274,te,ponen,l,#,l,p,final
529.9179127715238,1391.2693243854474,2350.8586742041953,2.9985370183895577,3.1584998178384818,3.0190749392432195,4794.871794871795,0.00004394863128061503,344.71275,0.025,0.33783783783783783,0-0-1121-1,a,42d56bbf-Audio_SP23_part01,group_0,1,fave,116.58090870507218,73.45815650503553,4,la,"",0.05000000000001137,te,pagan,l,#,l,p,final
277.46233722887644,1409.923066088275,1945.8462324095406,4.073901006623821,2.6434179622226237,4.111802631499358,5512.820512820513,0.0005118382803436374,346.24375,0.027000000000000003,0.32142857142857145,0-0-1131-3,a,42d56bbf-Audio_SP23_part01,group_0,1,fave,198.5117678212065,64.4189150313053,4,otra,"",0.060000000000002274,es,cosa,R,#,R,k,final
599.846646324785,1514.427786105452,2102.6886168381247,2.9794928910480545,3.731920845289621,4.671816572249742,4794.871794871795,0.0010970848653258244,349.59074999999996,0.041,0.3306451612903226,0-0-1150-2,a,42d56bbf-Audio_SP23_part01,group_0,1,fave,105.99373384194837,76.96206806988856,4,sea,"",0.10000000000002274,[silence],una,é,#,é,ú,final
455.1079213807514,1333.3455096078208,2493.9400498659984,3.862624646676017,3.973130253140957,4.079056267968082,4974.358974358975,0.002611035032580252,349.74875000000003,0.037000000000000005,0.324561403508772,0-0-1151-2,a,42d56bbf-Audio_SP23_part01,group_0,1,fave,101.61145636860758,72.92218051637565,4,una,"",0.08999999999997499,sea,cosa,n,#,n,k,final
397.72476553117144,1510.3183776335084,1948.4330466686238,3.0920594537195334,3.369557841556228,4.692822786788426,5153.846153846154,0.001166916907851827,350.00775000000004,0.035,0.3365384615384616,0-0-1152-3,a,42d56bbf-Audio_SP23_part01,group_0,1,fave,214.56509089777856,76.02440917275797,4,cosa,"",0.07999999999998408,una,que,s,#,s,k,final
591.6297488053214,1570.3697302622732,2412.4415180767314,3.1169947378630685,3.237455739914751,3.3337769139718842,4794.871794871795,0.0011716297898642061,352.00575,0.051000000000000004,0.3311688311688312,0-0-1161-1,a,42d56bbf-Audio_SP23_part01,group_0,1,fave,145.61181047674756,75.47728408801841,4,Las,"",0.12999999999999545,.,tareas,l,s,l,s,internal
543.1267465063769,1677.7305022145742,2272.7348612523283,2.605422919415039,3.7722855271516744,3.8592693086671233,4974.358974358975,0.00007154956822023237,352.20574999999997,0.031,0.32978723404255317,0-0-1162-1,a,42d56bbf-Audio_SP23_part01,group_0,1,fave,146.00816172788052,81.38038958436691,4,tareas,"",0.06999999999999318,Las,de,t,R,t,R,internal
568.7120716258047,1782.8820151041118,2310.4775174868882,3.2065492963010316,3.425344142737541,3.704948128601169,4974.358974358975,0.0003026337005719347,352.45574999999997,0.031,0.32978723404255317,0-0-1162-4,a,42d56bbf-Audio_SP23_part01,group_0,1,fave,168.6153044508411,78.60501650335527,4,tareas,"",0.06999999999999318,Las,de,é,s,é,s,internal
650.7429014095496,1510.7322108303858,2272.134750593472,3.581615427723151,3.5576003675241923,4.069241515441715,4794.871794871795,0.017388736568478825,353.15375,0.047,0.3263888888888889,0-0-1164-3,a,42d56bbf-Audio_SP23_part01,group_0,1,fave,208.03538219621998,75.61262468801061,4,estas,"",0.12000000000000455,de,son,t,s,t,s,internal
403.00689268463475,1566.3057159116256,3420.2558267641784,3.919371732460601,3.1667351271981232,4.343412783733243,5871.794871794871,0.0012659696826303876,357.42575,0.031,0.32978723404255317,0-0-1182-3,a,42d56bbf-Audio_SP23_part01,group_0,1,fave,171.008018206451,68.39309628541852,4,creativos,"",0.06999999999999318,ser,con,e,t,e,t,internal
595.1359467207004,1414.720236103947,2396.9471557987904,3.9313203548430002,2.819013077590421,4.062173517894227,5153.846153846154,0.0012503362762731703,358.00775000000004,0.035,0.3365384615384616,0-0-1184-1,a,42d56bbf-Audio_SP23_part01,group_0,1,fave,128.4758762442554,68.28818467031385,4,las,"",0.07999999999998408,con,tareas,l,s,l,s,internal
538.4008242472383,1543.2146868872812,2167.0959238029905,2.613527648282035,3.887144391862358,3.94068738535818,4794.871794871795,0.00010455843167407379,358.17375,0.027000000000000003,0.32142857142857145,0-0-1185-1,a,42d56bbf-Audio_SP23_part01,group_0,1,fave,127.55298589612845,73.50156558431904,4,tareas,"",0.060000000000002274,las,[silence],t,R,t,R,internal
610.7061548963327,1485.1252523907533,2268.7225990347047,3.4203778184140967,3.30393336993136,4.109537851971223,4794.871794871795,0.003131664541067682,358.40575,0.07100000000000001,0.3317757009345795,0-0-1185-4,a,42d56bbf-Audio_SP23_part01,group_0,1,fave,175.6997946903262,69.54100184580521,4,tareas,"",0.18999999999999773,las,[silence],é,s,é,s,internal
447.8444815581648,1738.8425051417248,3647.2479133108855,3.0564829297036495,2.9285222095099113,3.6330036760587605,5333.333333333333,6.114669308106997e-6,359.07275000000004,0.025,0.33783783783783783,0-0-1188-1,a,42d56bbf-Audio_SP23_part01,group_0,1,fave,184.7627737143522,77.67001342090643,4,tareas,"",0.05000000000001137,unas,que,t,R,t,R,internal
341.55635851096713,807.7045876238132,1279.2193721816166,2.812160196252508,3.994549184087021,3.3497272993796092,4076.923076923077,0.000654317498574058,359.80575,0.031,0.32978723404255317,0-0-1191-3,a,42d56bbf-Audio_SP23_part01,group_0,1,fave,165.75893695532196,74.60843266533703,4,demasiado,"",0.06999999999999318,son,baratas,m,s,m,s,internal
695.4433749879913,1441.3614292799903,2268.097291234875,3.2030797202323606,3.096212570209053,4.008798345946761,4794.871794871795,0.0005264638183139958,360.42074999999994,0.041,0.3306451612903226,0-0-1192-1,a,42d56bbf-Audio_SP23_part01,group_0,1,fave,185.73545596191917,78.11891459946807,4,baratas,"",0.10000000000002274,demasiado,[silence],b,R,b,R,internal
475.72337238692927,1306.271825465286,2547.088545117645,3.5828751224823585,2.9583067184335787,4.083175043370096,5153.846153846154,0.0003970124774986922,368.90574999999995,0.031,0.32978723404255317,0-0-1232-5,a,42d56bbf-Audio_SP23_part01,group_0,1,fave,255.48693002596335,81.15970701356062,4,alguna,"",0.06999999999999318,por,razón,n,#,n,r,final
595.8283252696033,1394.9482761903855,2362.9753281297885,3.3277286618559323,3.4027037712235444,3.9232109756443734,4615.384615384615,0.000012551487704064158,369.89374999999995,0.027000000000000003,0.32142857142857145,0-0-1236-0,a,42d56bbf-Audio_SP23_part01,group_0,1,fave,112.80777910329502,68.44578292595187,4,alguna,"",0.060000000000002274,por,razón,#,l,R,l,initial
502.3407048576046,1448.3241954824596,2326.7795739243293,3.5291200919808303,3.077216780477932,4.190505354096844,4974.358974358975,0.0002946235325382046,370.31575,0.031,0.32978723404255317,0-0-1236-5,a,42d56bbf-Audio_SP23_part01,group_0,1,fave,231.8828960300125,75.11683378932915,4,alguna,"",0.06999999999999318,por,razón,n,#,n,r,final
492.19182931837327,1398.7388155134734,2422.8292620711372,2.665552059851408,2.8794812692054568,4.507410847676878,4615.384615384615,0.000045020950155027864,371.38374999999996,0.027000000000000003,0.32142857142857145,0-0-1241-1,a,42d56bbf-Audio_SP23_part01,group_0,1,fave,148.59633034203105,73.90304873643989,4,saber,"",0.060000000000002274,quisiera,cuál,s,b,s,b,internal
717.2138040017965,1457.9848297982116,3747.226366178524,3.2806708368863555,3.248523064575642,4.34621663998949,6410.25641025641,0.0007317561458493403,375.75575,0.031,0.32978723404255317,0-0-1262-0,a,42d56bbf-Audio_SP23_part01,group_0,1,fave,143.6158592143047,73.11014162238823,4,amiga,"",0.06999999999999318,verdad,",",#,m,d,m,initial
599.5418627458429,2375.352043413146,4019.7450331231153,3.518044587856774,3.5698753372964167,4.309840523764251,6948.717948717948,0.012609487139258684,376.09275,0.045,0.3358208955223881,0-0-1262-4,a,42d56bbf-Audio_SP23_part01,group_0,1,fave,116.28269600086858,60.50491859444747,4,amiga,"",0.11000000000001364,verdad,",",g,#,g,.,final
586.2733190646594,1412.8671233526265,2101.8405714897476,3.11583819989306,3.224425748704687,3.6873406655620893,4974.358974358975,0.000012797910766567791,381.62275000000005,0.025,0.33783783783783783,0-0-1286-3,a,42d56bbf-Audio_SP23_part01,group_0,1,fave,96.80550541109494,69.75824323209274,4,paran,"",0.05000000000001137,nos,",",R,n,R,n,internal
744.6048739164538,1376.2480769190943,2304.6159551134783,3.1465731448021383,2.7867800902030946,3.8833262021787096,5153.846153846154,0.00047995894210814405,384.75775000000004,0.035,0.3365384615384616,0-0-1302-3,a,42d56bbf-Audio_SP23_part01,group_0,1,fave,88.34296881428565,70.40037609039977,4,pagan,"",0.07999999999998408,te,",",g,n,g,n,internal
636.8539254344444,1687.0807712360079,2277.131047828682,2.795265017991439,3.6119839875546726,4.081819197053429,4974.358974358975,0.0021423702055937506,385.64875,0.037000000000000005,0.324561403508772,0-0-1305-2,a,42d56bbf-Audio_SP23_part01,group_0,1,fave,194.43401799530739,77.35299314585424,4,sea,"",0.09000000000003183,o,",",é,#,é,.,final
742.4275033597711,1421.8563535814822,2423.0973953157713,3.0365036539780776,3.4095090164808797,4.394514968744047,5153.846153846154,0.0013481672956220715,385.80774999999994,0.055,0.33536585365853655,0-0-1307-0,a,42d56bbf-Audio_SP23_part01,group_0,1,fave,157.50868665938216,78.45499432233674,4,al,"",0.1400000000000432,",",al,#,l,.,l,initial
558.6873440226815,1433.7193351125645,2518.2219019592703,2.688428370754723,3.6638439752925174,3.91005262156948,5153.846153846154,0.0009099875438595071,386.13875,0.037000000000000005,0.324561403508772,0-0-1308-0,a,42d56bbf-Audio_SP23_part01,group_0,1,fave,314.76905984256047,73.68847230770432,4,al,"",0.08999999999997499,al,workers,#,l,l,l,initial
393.12978452057484,1460.8542336239796,2317.3164862949584,3.60131533241833,2.917655851417002,3.462369453183432,5153.846153846154,0.00016940089945733397,388.72275,0.025,0.33783783783783783,0-0-1317-7,a,42d56bbf-Audio_SP23_part01,group_0,1,fave,94.41730940394793,54.55604349658366,4,izquierda,"",0.05000000000001137,la,",",d,#,d,.,final
341.9621043658122,1289.4694394038513,2239.5558668406807,3.9234558155445765,4.150627661244254,3.7086399974888815,5692.3076923076915,0.001608918773806122,390.03574999999995,0.031,0.32978723404255317,0-0-1323-0,a,42d56bbf-Audio_SP23_part01,group_0,1,fave,166.18320879553374,75.25167554799687,4,Ahora,"",0.06999999999999318,.,[silence],#,ó,.,ó,initial
615.9326082206455,1461.8642417951655,2167.663047330157,3.347016668346342,2.9649292260450957,4.198910625674909,4794.871794871795,0.0025851031989683262,390.31575,0.051000000000000004,0.3311688311688312,0-0-1323-3,a,42d56bbf-Audio_SP23_part01,group_0,1,fave,-42733.80990191581,66.67658520894251,4,Ahora,"",0.12999999999999545,.,[silence],R,#,R,.,final
671.9147510028387,1498.1275771692135,2439.3232457546164,2.5073430001034165,3.6812046198092134,3.100688504383297,5153.846153846154,0.0030992138296640588,392.69275,0.08499999999999999,0.33464566929133854,0-0-1331-3,a,42d56bbf-Audio_SP23_part01,group_0,1,fave,295.30710165270375,75.05531373393727,4,mira,"",0.2300000000000182,[silence],a,R,#,R,a,final
708.2180390237303,2370.358899341551,4105.007487526516,3.24877749418321,3.818461434497339,4.894779620673237,7128.205128205128,0.00080187850573297,392.89574999999996,0.031,0.32978723404255317,0-0-1332-0,a,42d56bbf-Audio_SP23_part01,group_0,1,fave,-72.02285103599196,71.29440139753648,4,a,"",0.06999999999999318,mira,mí,#,#,a,m,coextensive
614.4452022941285,1292.0391712464082,2316.7367748606507,3.25245414766727,4.319436034722131,4.170993525013309,4435.897435897436,0.00034612148119840254,393.34775,0.035,0.3365384615384616,0-0-1334-2,a,42d56bbf-Audio_SP23_part01,group_0,1,fave,150.54525236954663,76.73562343016296,4,prácticamente,"",0.08000000000004093,mí,me,R,k,R,k,internal
563.3236553986518,1448.6125733638482,2261.7287831893036,2.981185044637018,3.665577301404393,3.2367576894019283,5153.846153846154,0.000057009760042621066,396.38275000000004,0.025,0.33783783783783783,0-0-1342-2,a,42d56bbf-Audio_SP23_part01,group_0,1,fave,121.50185016004023,75.70174473348251,4,prácticamente,"",0.05000000000001137,que,me,R,k,R,k,internal
467.5801967820342,1717.233076773044,2196.77043414539,2.545329142412972,2.9336292108574336,3.125486876884419,4974.358974358975,0.00036964991538788376,397.50575,0.031,0.32978723404255317,0-0-1346-3,a,42d56bbf-Audio_SP23_part01,group_0,1,fave,166.056582591629,79.22969419914286,4,mira,"",0.06999999999999318,",",te,R,#,R,t,final
574.4593367143057,1472.7481202314732,2329.1531682908208,3.0976342673702275,3.836632890439658,3.8014123093372905,4615.384615384615,0.0009371592832528675,398.32875,0.037,0.32456140350877194,0-0-1350-1,a,42d56bbf-Audio_SP23_part01,group_0,1,fave,107.03418192713265,69.0937120178801,4,la,"",0.08999999999997499,suspender,cuenta,l,#,l,k,final
520.5667679688876,1446.0130767622625,3521.692793755818,2.9826454826426336,3.3728941097506744,4.451287204246198,6230.7692307692305,0.00013368296707325328,403.95374999999996,0.027000000000000003,0.32142857142857145,0-0-1372-1,a,42d56bbf-Audio_SP23_part01,group_0,1,fave,164.78337374026236,73.85431185129113,4,la,"",0.060000000000002274,perdona,expresión,l,#,l,e,final
674.1409946756088,1416.3668906375106,2375.7252131558957,3.945210252993781,3.7269574579092817,4.54717001151735,5333.333333333333,0.0139194191737329,404.54774999999995,0.055,0.33536585365853655,0-0-1375-0,a,42d56bbf-Audio_SP23_part01,group_0,1,fave,206.74121947105382,71.42698623780392,4,a,"",0.1400000000000432,",",ellos,#,#,.,é,coextensive
452.7790555270303,1721.414267519623,2252.6767818804715,3.0927714925065897,3.347745546072802,4.2242530262697775,4794.871794871795,0.000012623290500317372,405.37275000000005,0.025,0.33783783783783783,0-0-1379-5,a,42d56bbf-Audio_SP23_part01,group_0,1,fave,149.8429429165143,79.89506962209614,4,empleadores,"",0.05000000000001137,los,no,e,d,e,d,internal
333.7897656996829,1595.1075570951023,2418.1836126863777,3.399876343826954,3.717721047766244,4.488947041414725,5512.820512820513,0.0002655539752564047,407.28574999999995,0.031,0.32978723404255317,0-0-1387-2,a,42d56bbf-Audio_SP23_part01,group_0,1,fave,227.343206343751,78.83715645428715,4,una,"",0.06999999999999318,hacen,cantidad,n,#,n,k,final
604.7662805766416,1439.40250850905,2292.689939570944,3.5484455017978305,4.022102024380804,4.128133032400752,4615.384615384615,0.00994911001291978,412.17574999999994,0.051000000000000004,0.3311688311688312,0-0-1406-2,a,42d56bbf-Audio_SP23_part01,group_0,1,fave,190.35461036141848,78.76271882330369,4,una,"",0.12999999999999545,de,vez,n,#,n,b,final
279.4741442012847,846.0890878159923,1316.9970272092173,3.207881449166576,3.816955989216081,3.663807354665251,3897.4358974358975,0.011633718535064161,413.69275000000005,0.045,0.33582089552238803,0-0-1412-7,a,42d56bbf-Audio_SP23_part01,group_0,1,fave,179.05940823897706,65.75492674752503,4,panorama,"",0.1099999999999568,el,",",m,#,m,.,final
573.6940084088537,1459.738575168134,2059.707577092143,3.0593598305971614,3.7013714961685418,3.7914626233371256,5153.846153846154,0.0005343488559023871,415.70574999999997,0.031,0.32978723404255317,0-0-1422-3,a,42d56bbf-Audio_SP23_part01,group_0,1,fave,144.4123148776514,75.55166720062068,4,Ahora,"",0.06999999999999318,.,qué,R,#,R,k,final
645.699887850274,1399.9810606795377,2338.2096833017013,3.068440029299833,3.394192464619698,3.3657222469701487,4615.384615384615,0.00030036518415788623,416.70875,0.037,0.32456140350877194,0-0-1426-1,a,42d56bbf-Audio_SP23_part01,group_0,1,fave,107.39938511550628,71.71170768045866,4,La,"",0.08999999999997499,.,parte,l,#,l,p,final
549.3201923006782,1376.3038844257899,2192.0359662182955,2.6579784924219076,3.3689257270700685,3.6627342399835667,4256.410256410256,0.00008602582919509996,418.34374999999994,0.027000000000000003,0.32142857142857145,0-0-1435-3,a,42d56bbf-Audio_SP23_part01,group_0,1,fave,110.15456025675348,74.54877621615206,4,paga,"",0.060000000000002274,que,",",g,#,g,.,final
482.26228429252956,1356.909549600231,2360.33077353576,3.957318083159092,3.315051857241634,3.789622324112682,4794.871794871795,0.013955756586961498,419.97075,0.061000000000000006,0.3315217391304348,0-0-1443-3,a,42d56bbf-Audio_SP23_part01,group_0,1,fave,172.20883888964008,70.28809081630602,4,otra,"",0.160000000000025,en,",",R,#,R,.,final
632.5932212520393,1274.5457341476476,2316.7712316694847,3.7647754833141125,2.8031109960156337,4.209506409750865,4974.358974358975,0.00009903498526216005,421.26275000000004,0.025,0.33783783783783783,0-0-1450-3,a,42d56bbf-Audio_SP23_part01,group_0,1,fave,137.2147775962025,73.07745972271117,4,llama,"",0.05000000000001137,se,SimplyCodes,m,#,m,s,final
464.1668515820433,1984.011004794313,2497.923907980888,2.596711269930755,3.133669650266936,3.887771993982209,5153.846153846154,0.00009230372536975147,425.26574999999997,0.031,0.32978723404255317,0-0-1461-3,a,42d56bbf-Audio_SP23_part01,group_0,1,fave,245.24477508717754,77.54044259327218,4,mira,"",0.06999999999999318,",",",",R,#,R,.,final
575.069777557342,1650.1817777154426,2529.3791566654686,3.7648674096036943,3.714411789313197,4.071570197956858,6051.282051282051,0.05629457829138976,426.55875,0.057,0.32758620689655177,0-0-1467-3,a,42d56bbf-Audio_SP23_part01,group_0,1,fave,145.2574365337663,66.66958068424047,4,hacía,"",0.1500000000000341,yo,más,i,#,i,m,final
569.6623364631345,1466.4522752018913,2128.924444458505,3.3388294170041912,3.5539812212942112,4.054713082521424,4794.871794871795,0.000596524143600918,427.28074999999995,0.041,0.3306451612903226,0-0-1471-1,a,42d56bbf-Audio_SP23_part01,group_0,1,fave,148.46717405692675,74.87828072095917,4,tareas,"",0.10000000000002274,cien,diarias,t,R,t,R,internal
508.30849824787464,1920.451924473896,3604.6659426250803,3.461261838385899,3.4435985465042287,3.993961367814225,6230.7692307692305,0.000030174773369721473,427.46275,0.025,0.33783783783783783,0-0-1471-4,a,42d56bbf-Audio_SP23_part01,group_0,1,fave,163.766235781872,72.40870368843112,4,tareas,"",0.05000000000001137,cien,diarias,é,s,é,s,internal
587.8075631759024,1261.787833671507,3285.605317565328,3.261677067243789,2.316833529837556,4.312592932948164,5692.3076923076915,0.000041281970227475855,428.07275000000004,0.025,0.33783783783783783,0-0-1473-2,a,42d56bbf-Audio_SP23_part01,group_0,1,fave,207.7546436842507,77.14791234824114,4,iba,"",0.05000000000001137,diarias,bien,b,#,b,b,final
661.068259905571,1725.585954871638,2767.6291700576703,2.618083028950346,4.5512110293357155,4.63513930652552,5512.820512820513,0.00038046612923368553,431.58275000000003,0.025,0.33783783783783783,0-0-1492-1,a,42d56bbf-Audio_SP23_part01,group_0,1,fave,222.5619462269113,77.0764277367767,4,tareas,"",0.05000000000001137,más,",",t,R,t,R,internal
581.2943579053034,1449.2202868937488,3265.1274873050743,4.166661697037474,2.3246942168735325,4.880873409989281,5871.794871794871,0.003959792179311044,435.73875000000004,0.037000000000000005,0.324561403508772,0-0-1509-3,a,42d56bbf-Audio_SP23_part01,group_0,1,fave,109.48808250118891,50.249302018602194,4,nada,"",0.08999999999997499,más,.,d,#,d,.,final
463.56343923952227,1280.5762878164776,2376.130488160968,2.3990555396185558,2.519809412995499,2.953094751081086,5333.333333333333,0.00005840515995743172,438.41275,0.025,0.33783783783783783,0-0-1520-4,a,42d56bbf-Audio_SP23_part01,group_0,1,fave,169.5549449595133,75.69315293089362,4,nunca,"",0.05000000000001137,que,los,k,#,k,l,final
462.0240474265759,1619.651279799448,2204.600904078722,3.0248457140577756,3.509194289747799,3.8088545083568572,4435.897435897436,0.0003434140973118752,438.83775,0.035,0.3365384615384616,0-0-1523-1,a,42d56bbf-Audio_SP23_part01,group_0,1,fave,158.0761997684139,71.76919527195255,4,sacar,"",0.07999999999998408,pude,",",s,k,s,k,internal
531.1820152825504,1113.4508499616647,2529.277643955492,3.405075312884754,3.5174305476430057,4.463122478053426,5153.846153846154,0.00003615138346553239,446.29275,0.025,0.33783783783783783,0-0-1558-0,a,42d56bbf-Audio_SP23_part01,group_0,1,fave,121.7452103931441,69.87668450089622,4,a,"",0.05000000000001137,punto,i,#,#,o,i,coextensive
610.3477011295494,1289.86797523378,2393.019261961766,2.907566488607036,3.5972929710346673,3.888616749077546,4615.384615384615,0.00009819474474665512,448.60574999999994,0.031,0.32978723404255317,0-0-1568-10,a,42d56bbf-Audio_SP23_part01,group_0,1,fave,154.75738874032763,72.19561432709747,4,certificada,"",0.07000000000005002,[silence],que,d,#,d,k,final
593.8728935910232,1329.2573271850356,2521.610002834425,2.7749374425513853,3.0927548587657703,4.126590982175593,4974.358974358975,0.0003651538613899872,449.28574999999995,0.031,0.32978723404255317,0-0-1572-1,a,42d56bbf-Audio_SP23_part01,group_0,1,fave,153.5066980319618,78.56184997692407,4,la,"",0.06999999999999318,no,tenía,l,#,l,t,final
341.8944185856943,1428.3157580982233,2133.8506156249505,3.8017438377232087,3.8468804549128053,4.4111982568022015,4615.384615384615,0.058369074028135355,452.14775000000003,0.035,0.3365384615384616,0-0-1589-1,a,42d56bbf-Audio_SP23_part01,group_0,1,fave,108.04575566714666,63.623964029899206,4,las,"",0.07999999999998408,de,cuentas,l,s,l,s,internal
426.3121191455145,1358.5652370199507,2549.4845311770327,3.3349341585022487,3.375945536718037,4.2460144291433215,5153.846153846154,0.0002437591346246115,455.70374999999996,0.027000000000000003,0.32142857142857145,0-0-1608-2,a,42d56bbf-Audio_SP23_part01,group_0,1,fave,145.9191110344812,77.32294680899464,4,plataforma,"",0.060000000000002274,ninguna,sino,l,t,l,t,internal
567.2781640861564,1372.317612828409,2082.336129460358,3.4820538386365354,3.4147481179275347,4.563800642133767,4256.410256410256,0.01182804303566799,455.81775000000005,0.035,0.3365384615384616,0-0-1608-4,a,42d56bbf-Audio_SP23_part01,group_0,1,fave,107.14740346188083,67.84073768672442,4,plataforma,"",0.07999999999998408,ninguna,sino,t,f,t,f,internal
574.7501802225503,1434.3370859869262,2452.9270023950007,3.4211390635326566,3.317498048020456,3.776777299603632,5153.846153846154,0.0008454719268286306,456.52775,0.035,0.3365384615384616,0-0-1610-1,a,42d56bbf-Audio_SP23_part01,group_0,1,fave,137.7626409783115,69.885165645392,4,las,"",0.07999999999998408,sino,[silence],l,s,l,s,internal
479.6936857887878,1437.90952020611,2344.7496003578485,3.830829469942035,3.2825742833336955,3.586399550995102,4794.871794871795,0.0010515779420328273,457.61575,0.031,0.32978723404255317,0-0-1613-1,a,42d56bbf-Audio_SP23_part01,group_0,1,fave,154.83292862235524,77.10913083005283,4,sanciones,"",0.06999999999999318,benditas,",",s,n,s,n,internal
457.08650301026483,1392.8673982856856,2485.980865193558,3.3975658330927163,3.142252045705459,4.044434987949046,5153.846153846154,0.0008674713355793914,458.52074999999996,0.041,0.3306451612903226,0-0-1618-1,a,42d56bbf-Audio_SP23_part01,group_0,1,fave,150.86883333665799,77.48130915273404,4,la,"",0.10000000000002274,es,realidad,l,#,l,r,final
619.9188136743539,1461.0924378096013,2223.7225888273165,3.051368414525464,2.9978486816894434,4.356327974661083,6230.7692307692305,0.03197799430997031,459.97375,0.067,0.32843137254901966,0-0-1623-3,a,42d56bbf-Audio_SP23_part01,group_0,1,fave,NaN,67.17425629275898,4,pasa,"",0.18000000000000682,qué,",",s,#,s,.,final
704.4891142201641,1384.743891977357,2341.2232094992855,3.5234974609428775,3.98614759830582,3.8919491400794333,5333.333333333333,0.0008450332950147553,462.00575,0.031,0.32978723404255317,0-0-1631-0,a,42d56bbf-Audio_SP23_part01,group_0,1,fave,135.8490643207329,73.92210040368745,4,hacer,"",0.06999999999999318,[silence],un,#,z,.,z,initial
307.9534217438466,1627.7355232989241,2087.2794258254125,2.437695735858741,2.9224526423376953,3.800594743312662,5692.3076923076915,0.0002409833077205499,463.94875,0.037,0.32456140350877194,0-0-1638-0,a,42d56bbf-Audio_SP23_part01,group_0,1,fave,151.4049246397173,65.26847447872726,4,Airtm,"",0.08999999999997499,o,",",#,i,o,i,initial
324.520312002615,1338.4327829170034,2143.8879315441304,3.329748586551281,3.4716307576301046,4.629934847662585,4794.871794871795,0.006278578762669223,466.57075,0.041,0.3306451612903226,0-0-1649-2,a,42d56bbf-Audio_SP23_part01,group_0,1,fave,150.6858673991795,72.6267761354548,4,una,"",0.0999999999999659,tengo,cuenta,n,#,n,k,final
632.4753757803351,1351.8015067961355,2308.5381204015043,2.392657654197034,3.906869902473647,4.152968490063358,4256.410256410256,0.00047047668400776525,469.91574999999995,0.031,0.32978723404255317,0-0-1662-3,a,42d56bbf-Audio_SP23_part01,group_0,1,fave,120.41136048328688,79.25684510870302,4,para,"",0.07000000000005002,[silence],verificar,R,#,R,b,final
570.7509566876473,1465.9847147932128,2373.2484273490336,2.8252399681098055,3.1173194371817607,3.1121711966141623,4974.358974358975,0.00026229665027285436,471.15775,0.035,0.33653846153846156,0-0-1668-0,a,42d56bbf-Audio_SP23_part01,group_0,1,fave,136.4217865213643,76.91453544988643,4,a,"",0.08000000000004093,es,través,#,#,s,t,coextensive
398.7179891767955,1420.2606753158934,3590.174007564808,3.2043935661279153,3.383974745506113,4.019810945573096,7128.205128205128,0.000999016310309607,471.64875,0.037000000000000005,0.324561403508772,0-0-1671-2,a,42d56bbf-Audio_SP23_part01,group_0,1,fave,152.00087229847298,79.43194055605699,4,una,"",0.09000000000003183,de,tarjeta,n,#,n,t,final
665.7437191800454,1479.2974341534768,3250.8649020010134,3.0016601480570646,2.691954160141441,4.189656149159912,6589.74358974359,0.0033832908328977267,472.23375,0.067,0.32843137254901966,0-0-1672-6,a,42d56bbf-Audio_SP23_part01,group_0,1,fave,219.49383092759328,68.75800088964122,4,tarjeta,"",0.18000000000000682,una,[silence],t,#,t,.,final
628.8539814758313,1474.590689316148,2212.0446637879845,3.7196291137152535,3.622551476421622,4.548108728679785,4256.410256410256,0.003948360097724642,477.51875,0.037000000000000005,0.324561403508772,0-0-1694-6,a,42d56bbf-Audio_SP23_part01,group_0,1,fave,231.92487574360027,71.95728910759334,4,ninguna,"",0.08999999999997499,puesto,tarea,n,#,n,t,final
629.3817151260997,1593.0593948263668,3501.0166943400855,3.0304060014655665,3.314135033469756,3.7216412480840084,5692.3076923076915,8.878494776947529e-6,477.65275,0.025,0.33783783783783783,0-0-1695-1,a,42d56bbf-Audio_SP23_part01,group_0,1,fave,202.91033645204072,74.6049018917139,4,tarea,"",0.05000000000001137,ninguna,[silence],t,R,t,R,internal
603.6694725797415,1667.4519592712707,3447.268849182862,3.039506687619768,3.600766540585723,4.243898435512825,5692.3076923076915,0.005253552302288847,477.87274999999994,0.065,0.33505154639175255,0-0-1695-4,a,42d56bbf-Audio_SP23_part01,group_0,1,fave,183.00378502529875,69.84538484382448,4,tarea,"",0.17000000000001592,ninguna,[silence],é,#,é,.,final
581.0277074448335,1523.0488562150542,2381.0565784891664,3.137380753995321,3.5866811259670026,3.8618310510538283,5153.846153846154,0.0002741004338639764,480.73575,0.031,0.32978723404255317,0-0-1705-3,a,42d56bbf-Audio_SP23_part01,group_0,1,fave,131.1782957969331,78.18082444040871,4,para,"",0.06999999999999318,y,[silence],R,#,R,.,final
587.1335333607415,1395.4324341197835,2146.841508886536,2.616940968075445,2.6156576995999687,4.536314253283851,4974.358974358975,0.000018570660841638586,487.79275,0.025,0.33783783783783783,0-0-1736-1,a,42d56bbf-Audio_SP23_part01,group_0,1,fave,142.4110849471803,77.85340529712208,4,Cantinflas,"",0.05000000000001137,visto,.,k,n,k,n,internal
462.74706158728065,1454.566778297336,2898.6978088731707,4.223904924375886,3.1275927537082775,4.561772514779114,7307.692307692308,0.02177430458031144,488.26875,0.057,0.32758620689655177,0-0-1736-8,a,42d56bbf-Audio_SP23_part01,group_0,1,fave,104.54221078889827,56.84306316315694,4,Cantinflas,"",0.14999999999997726,visto,.,l,s,l,s,internal
601.0739908992407,1449.8355510215501,2221.4763780712397,2.7528913246492093,3.27543389495735,4.105937502587728,5333.333333333333,0.0025936333412118753,489.11875,0.057,0.32758620689655177,0-0-1739-8,a,42d56bbf-Audio_SP23_part01,group_0,1,fave,200.19109969248882,73.77301267725488,4,respuesta,"",0.1500000000000341,La,[silence],t,#,t,.,final
579.9952134207152,1643.993235817079,2150.0475730081575,3.320594480919459,4.30928490231461,3.970874040170058,3897.4358974358975,0.004491620918125669,492.31075,0.041,0.3306451612903226,0-0-1753-4,a,42d56bbf-Audio_SP23_part01,group_0,1,fave,210.26003255100355,77.40054076575056,4,broma,"",0.0999999999999659,qué,es,m,#,m,é,final
475.93464733402345,1820.5830107186632,2683.748958356138,3.3033937506322726,2.952059946335808,3.94558493447335,5871.794871794871,0.0017372960952589454,492.87875,0.057,0.32758620689655177,0-0-1756-2,a,42d56bbf-Audio_SP23_part01,group_0,1,fave,190.18690612780293,79.33990236555525,4,esa,"",0.14999999999997726,[silence],"",s,#,s,"",final
659.6079501230458,1017.3149096060087,2217.97580487315,3.234692481589656,3.5546556575547075,3.8479488376951565,4256.410256410256,0.00195563622049568,499.15574999999995,0.031,0.32978723404255317,0-0-1772-1,a,42d56bbf-Audio_SP23_part01,group_0,1,fave,191.39610775319866,80.75360097628243,4,panorama,"",0.06999999999999318,un,",",p,n,p,n,internal
589.9897662309165,1357.4983850295382,2310.021933183923,2.9400915118974904,3.9328253849669825,4.32496946844797,4794.871794871795,0.002053610195288483,536.80375,0.047,0.3263888888888889,0-0-1832-1,a,42d56bbf-Audio_SP23_part01,group_0,1,fave,118.27951804529971,76.88121895627825,4,Católico,"",0.12000000000000455,.,",",k,t,k,t,internal
546.0851701715228,1600.2051494111115,2267.2361997621238,2.626215116657893,3.4800207219160577,3.3961533368510692,5153.846153846154,0.0002081255437832165,539.1977499999999,0.035,0.3365384615384616,0-0-1839-2,a,42d56bbf-Audio_SP23_part01,group_0,1,fave,108.86380052941475,76.26510180738958,4,sea,"",0.08000000000004093,",",porque,é,#,é,p,final
501.99794895451214,1663.1626366153826,2333.407935272689,3.112910779659537,3.932750945000796,3.609446481024224,4794.871794871795,0.0026985775266761,539.66875,0.037,0.32456140350877194,0-0-1841-2,a,42d56bbf-Audio_SP23_part01,group_0,1,fave,119.36684459438568,77.86360762278728,4,esa,"",0.09000000000003183,porque,es,s,#,s,é,final
673.3845639956174,1591.285255362362,2373.6640353274584,3.131280613228471,3.942901190351084,2.835156329399483,4974.358974358975,0.013565008088289164,540.01075,0.08100000000000002,0.3319672131147542,0-0-1843-1,a,42d56bbf-Audio_SP23_part01,group_0,1,fave,114.2989398723825,70.21390759296598,4,la,"",0.22000000000002728,es,religión,l,#,l,r,final
539.7273589295733,1670.7253272742225,2372.3802016872837,3.0339553321949415,3.6157785669356395,2.9392597834339447,5512.820512820513,0.0029760358593509126,541.53575,0.031,0.32978723404255317,0-0-1849-1,a,42d56bbf-Audio_SP23_part01,group_0,1,fave,-392.990829623844,74.43788763449597,4,católico,"",0.07000000000005002,Soy,.,k,t,k,t,internal
692.1269024060163,1425.6633866454797,2421.3973094417033,3.0597547319478338,3.328927387400257,4.202355921299579,4974.358974358975,0.0018873751978093212,543.2207500000001,0.061000000000000006,0.3315217391304348,0-0-1852-3,a,42d56bbf-Audio_SP23_part01,group_0,1,fave,NaN,66.61988869816891,4,pasa,"",0.15999999999996817,Qué,",",s,#,s,.,final
519.2957098975905,1699.445089262033,2267.5513755909433,3.223216343542013,3.940672519125629,3.519440476322418,4974.358974358975,0.0001862384523253537,549.3537500000001,0.027000000000000003,0.32142857142857145,0-0-1873-6,a,42d56bbf-Audio_SP23_part01,group_0,1,fave,116.7437561613686,76.22205131437248,4,todavía,"",0.05999999999994543,",",podía,i,#,i,p,final
514.7202012305643,1710.777832592566,2282.3952148904295,2.869218922732807,3.4492386788681633,3.7441466386979694,4974.358974358975,0.0021199381132451884,549.65875,0.037000000000000005,0.324561403508772,0-0-1874-4,a,42d56bbf-Audio_SP23_part01,group_0,1,fave,103.82236209867128,73.1815874230142,4,podía,"",0.09000000000003183,todavía,trabajar,i,#,i,t,final
579.7570506053665,1124.0128677514679,2409.1407962830895,2.6304910708047564,2.748773443696071,3.189021606320649,5333.333333333333,0.0000713229724536994,549.8937500000001,0.027000000000000003,0.32142857142857145,0-0-1875-4,a,42d56bbf-Audio_SP23_part01,group_0,1,fave,109.45042690735214,77.97487341314864,4,trabajar,"",0.06000000000005912,podía,por,b,x,b,x,internal
516.6849185720553,1536.8556056350378,2832.6501538843154,3.6197475237588703,3.1889793679701923,4.514543919366183,5333.333333333333,0.00006631828567060461,555.5137500000001,0.027000000000000003,0.32142857142857145,0-0-1902-0,a,42d56bbf-Audio_SP23_part01,group_0,1,fave,165.32272612754215,74.10563046344097,4,amigo,"",0.05999999999994543,un,que,#,m,n,m,initial
556.5909704247041,1307.0895217789512,3308.7843775324823,2.79920313720505,1.825197681645754,3.504059888641679,5512.820512820513,0.000015104291177144846,560.0837500000001,0.027000000000000003,0.32142857142857145,0-0-1923-2,a,42d56bbf-Audio_SP23_part01,group_0,1,fave,144.8123975043535,80.50766637411111,4,sea,"",0.05999999999994543,O,",",é,#,é,.,final
480.5553012344307,1732.2500949580574,3794.77596783764,3.084087011689135,4.192414635375909,3.686390662548374,6230.7692307692305,0.00036050279161663955,561.4937500000001,0.027000000000000003,0.32142857142857145,0-0-1927-6,a,42d56bbf-Audio_SP23_part01,group_0,1,fave,114.60482577441233,72.11717160941441,4,todavía,"",0.05999999999994543,tenía,una,i,#,i,ú,final
294.099605548398,1325.578885676417,2063.3768159163715,2.8110611352176864,3.3873757156371367,3.0261208246375864,5153.846153846154,0.000247283350654871,561.9537500000001,0.027000000000000003,0.32142857142857145,0-0-1928-5,a,42d56bbf-Audio_SP23_part01,group_0,1,fave,104.93705052307764,59.2837264002819,4,una,"",0.05999999999994543,todavía,"",R,y,R,y,internal
521.7742774535167,1637.6738292566417,2306.52381249975,2.9529404286346708,3.3867906710457234,3.72716547646456,4615.384615384615,0.00023455494849407215,569.2187500000001,0.037,0.32456140350877194,0-0-1947-3,a,42d56bbf-Audio_SP23_part01,group_0,1,fave,157.04035343351097,72.32772717292275,4,había,"",0.08999999999991815,[silence],cabida,i,#,i,k,final
573.9410595777213,1377.051950246613,2175.3723533872057,2.801129093349239,3.04752134865094,3.08479912661614,4435.897435897436,0.00001775500880419277,569.3737500000001,0.027000000000000003,0.32142857142857145,0-0-1948-1,a,42d56bbf-Audio_SP23_part01,group_0,1,fave,115.11930717615972,75.31401536012712,4,cabida,"",0.05999999999994543,había,para,k,b,k,b,internal
563.4315699053909,1512.1796489798685,2016.3284635123491,2.555632919112544,3.4356003647098956,3.7702526910130656,4615.384615384615,0.00004650110040145334,569.9037500000001,0.027000000000000003,0.32142857142857145,0-0-1949-3,a,42d56bbf-Audio_SP23_part01,group_0,1,fave,109.69374794832419,74.45518388501188,4,para,"",0.06000000000005912,cabida,la,R,#,R,l,final
442.4138218824033,1092.270530205386,2243.959598608516,3.7704023766274233,4.270440839262867,3.9381665156193715,5153.846153846154,0.017853934552636255,570.0387499999999,0.07700000000000001,0.3290598290598291,0-0-1950-1,a,42d56bbf-Audio_SP23_part01,group_0,1,fave,100.284480472311,61.61536791096729,4,la,"",0.21000000000003638,para,gente,l,#,l,x,final
496.2145652455204,1242.769419835293,2475.8773731297756,3.243425795174094,3.4848405267151756,4.45464871433723,4794.871794871795,0.00022047892636052865,577.6437500000001,0.027000000000000003,0.32142857142857145,0-0-1978-1,a,42d56bbf-Audio_SP23_part01,group_0,1,fave,124.49096102746321,72.8398971222413,4,básicamente,"",0.06000000000005912,",",",",b,s,b,s,internal
609.8380001990083,1413.4521308878147,2351.8648506583495,2.8946298602813947,3.558212229373915,4.524163079990905,4435.897435897436,4.472207335179438e-6,593.4427499999999,0.025,0.33783783783783783,0-0-2032-1,a,42d56bbf-Audio_SP23_part01,group_0,1,fave,164.6239288675078,74.10635198888053,4,la,"",0.05000000000006821,es,verdad,l,#,l,b,final
537.8923175384106,1418.5719872551533,2410.1930704336883,3.1357631391005047,3.30523228625936,4.4717308113270615,5333.333333333333,0.003640725665148244,597.03875,0.037,0.32456140350877194,0-0-2050-1,a,42d56bbf-Audio_SP23_part01,group_0,1,fave,167.2818708472465,76.65019198272786,4,la,"",0.09000000000003183,de,tendencia,l,#,l,t,final
511.47369627041894,1536.6560399445498,2471.4428268747283,2.7106901123238942,3.592118049825417,4.491269523475661,4974.358974358975,0.0005700672072405038,597.51775,0.035,0.33653846153846156,0-0-2051-8,a,42d56bbf-Audio_SP23_part01,group_0,1,fave,171.9579742696405,76.93281660179414,4,tendencia,"",0.08000000000004093,la,de,i,#,i,d,final
513.244386914939,1768.603000099735,2341.968618699529,3.3283197562781432,3.9049963332436843,3.8615012318563053,4076.923076923077,0.0009527411988234159,597.79775,0.035,0.3365384615384616,0-0-2053-1,a,42d56bbf-Audio_SP23_part01,group_0,1,fave,225.1437964752575,79.64786609218199,4,Chávez,"",0.08000000000004093,de,"",h,b,h,b,internal
357.0532922322145,1665.542915384566,3531.440618965526,3.377373078059231,2.840180402740801,2.9869110308600977,6589.74358974359,0.00008419117721760473,17.10575,0.031,0.32978723404255317,0-0-7-3,e,42d56bbf-Audio_SP23_part01,group_0,1,fave,153.70735962882057,78.72003814376183,4,comenzar,"",0.07000000000000028,a,digamos,m,n,m,n,internal
422.39540958743453,1602.377185994829,3757.705872207266,3.6414368576384804,2.71011937996463,3.600224989824414,7666.666666666666,0.00015098557689354134,18.16575,0.031,0.32978723404255317,0-0-10-0,e,42d56bbf-Audio_SP23_part01,group_0,1,fave,133.24531249787609,78.81447852191027,4,el,"",0.07000000000000028,por,nacimiento,#,l,R,l,initial
410.20471868007326,1604.7108051366752,2273.4290251530997,2.6208638824764705,3.0169738636802856,4.122940891212054,5692.3076923076915,0.0002622738259303751,19.097749999999998,0.035,0.33653846153846156,0-0-13-0,e,42d56bbf-Audio_SP23_part01,group_0,1,fave,125.95207312684259,73.65529103802673,4,el,"",0.08000000000000185,",",la,#,l,.,l,initial
216.00639368995238,1750.1026124700168,2293.0076540926393,3.0844375068011294,3.1409269375059243,3.3299062704416182,4794.871794871795,0.000051590180710270796,20.123749999999998,0.027000000000000003,0.32142857142857145,0-0-16-1,e,42d56bbf-Audio_SP23_part01,group_0,1,fave,151.7692527056619,72.39085413561797,4,semana,"",0.060000000000002274,próxima,",",s,m,s,m,internal
283.6968227857294,1783.6826251108723,2505.253415029771,3.7888831286651636,2.9371980838800424,4.8161240766335505,6589.74358974359,0.010019150508824076,21.37875,0.037,0.32456140350877194,0-0-19-7,e,42d56bbf-Audio_SP23_part01,group_0,1,fave,193.061343511822,71.7208810299382,4,miércoles,"",0.08999999999999986,próximo,voy,l,s,l,s,internal
328.9640965574511,1913.2392406905537,2978.9096201409666,3.872136796109879,3.467540972786729,4.34836951392339,7307.692307692308,0.007241542866070047,24.38375,0.047,0.3263888888888889,0-0-31-1,e,42d56bbf-Audio_SP23_part01,group_0,1,fave,219.6137133340781,78.42285003083276,4,de,"",0.120000000000001,veintiuno,julio,d,#,d,x,final
268.98657859580175,1718.7137576163225,3181.134885427371,3.1179813560886367,4.014121984047758,4.328489092806948,6589.74358974359,0.010070745473350127,47.07075,0.041,0.3306451612903226,0-0-48-0,e,42d56bbf-Audio_SP23_part01,group_0,1,fave,115.15835519083214,71.6162162636983,4,estoy,"",0.10000000000000142,yo,como,#,s,ó,s,initial
369.41101521698624,1853.092951078669,2337.159237286696,2.0778370461432125,2.651740126406083,3.2048237094695655,5153.846153846154,0.00003749572087013591,51.59375,0.027000000000000003,0.32142857142857145,0-0-67-8,e,42d56bbf-Audio_SP23_part01,group_0,1,fave,130.45774220185987,76.20728351690518,4,realmente,"",0.060000000000002274,muy,muy,t,#,t,m,final
373.6107610251358,1930.3351378013244,2426.7826198460584,3.0519403581394116,2.796537632724352,3.54255929088641,6410.25641025641,0.0005569871222557452,52.677749999999996,0.035,0.33653846153846156,0-0-72-0,e,42d56bbf-Audio_SP23_part01,group_0,1,fave,113.60027139827257,58.20842981825333,4,estudiado,"",0.0800000000000054,haber,allí,#,s,R,s,initial
362.5877248517856,2283.8416416990217,4079.693199437216,2.9251980014108625,2.7261420590603618,4.732323058830733,8923.076923076922,0.0002839183310863456,53.52875,0.037000000000000005,0.324561403508772,0-0-74-4,e,42d56bbf-Audio_SP23_part01,group_0,1,fave,363.5234595240985,53.40978896476893,4,porque,"",0.09000000000000341,allí,[silence],k,#,k,.,final
395.83079704519,2236.6372505921436,4269.036516276097,2.786236774276192,3.0853220316917755,4.54319532492213,8025.641025641025,0.000016757294639465995,53.95275,0.025,0.33783783783783783,0-0-76-1,e,42d56bbf-Audio_SP23_part01,group_0,1,fave,111.37180126591737,70.41647506290448,4,de,"",0.05000000000000426,[silence],verdad,d,#,d,b,final
365.1985970029167,1640.5527392791535,3812.5245507357567,3.4323289397776007,3.11441206474309,4.094080818835736,7666.666666666666,0.004132844577377307,56.64075,0.08099999999999999,0.3319672131147541,0-0-87-3,e,42d56bbf-Audio_SP23_part01,group_0,1,fave,176.51295546809163,77.42643562376895,4,Este,"",0.21999999999999886,[silence],luego,t,#,t,l,final
288.32975474716454,1798.9072123959706,3767.820145269561,3.1129913018469475,3.94854159930837,4.162223553495238,6769.2307692307695,0.0015047697375835342,58.13875,0.037,0.32456140350877194,0-0-92-0,e,42d56bbf-Audio_SP23_part01,group_0,1,fave,143.6473642309103,70.059441913665,4,en,"",0.09000000000000341,posgrado,sistema,#,n,o,n,initial
388.64065987376995,2090.798238365642,3748.6167711118624,3.3336931094428546,2.8568159467834526,3.9875206819560427,7666.666666666666,0.00023565670059839863,65.41575,0.031,0.32978723404255317,0-0-112-3,e,42d56bbf-Audio_SP23_part01,group_0,1,fave,128.03385691225924,80.7277538038482,4,Este,"",0.06999999999999318,[silence],inicialmente,t,#,t,i,final
381.1964408399077,2009.9498166854169,3620.081258006258,2.5468748786321855,3.1648727661946303,4.516528892492167,7128.205128205128,0.0004511857403095931,67.21875,0.037000000000000005,0.324561403508772,0-0-117-6,e,42d56bbf-Audio_SP23_part01,group_0,1,fave,130.2236712972404,77.08481820376237,4,comencé,"",0.09000000000000341,vida,trabajando,z,#,z,t,final
375.2357296098714,1815.064065552431,2411.9197674232064,2.4339498403179767,2.9831948404738178,3.8919586168986817,5153.846153846154,0.00006985499506779112,70.30575,0.031,0.32978723404255317,0-0-125-3,e,42d56bbf-Audio_SP23_part01,group_0,1,fave,129.77535884579598,79.29186579659944,4,Televisión,"",0.06999999999999318,Caracas,donde,l,b,l,b,internal
356.4970724956602,1978.0001742359186,2347.244447714878,3.048403830179643,3.627636185793833,4.217266630697737,6410.25641025641,0.01433535842950236,70.97375,0.067,0.32843137254901966,0-0-126-4,e,42d56bbf-Audio_SP23_part01,group_0,1,fave,106.78440614052738,70.6045145496345,4,donde,"",0.18000000000000682,Televisión,comencé,d,#,d,k,final
387.8384095154286,1953.7609685358568,2630.7119206987913,2.2993187959703274,3.242095193244199,4.834736207404482,6410.25641025641,0.00006488308050644818,71.72375,0.027000000000000003,0.32142857142857145,0-0-127-6,e,42d56bbf-Audio_SP23_part01,group_0,1,fave,129.44181509540954,78.50218371815619,4,comencé,"",0.060000000000002274,donde,desde,z,#,z,d,final
363.0257765970407,1961.144707212774,3388.7595714505414,3.1586722279556847,3.294976081383929,4.506670070138512,7128.205128205128,0.002035052909525058,72.19575,0.051000000000000004,0.3311688311688311,0-0-128-4,e,42d56bbf-Audio_SP23_part01,group_0,1,fave,110.597974114487,73.44755955382044,4,desde,"",0.12999999999999545,comencé,el,d,#,d,e,final
343.37507842344553,1774.9820193466105,2363.3620942855914,2.6544307466797514,3.347740939347329,4.285757513217316,5871.794871794871,0.03719245895830062,72.32775,0.055,0.33536585365853655,0-0-129-0,e,42d56bbf-Audio_SP23_part01,group_0,1,fave,106.14605078399822,66.92683674746682,4,el,"",0.14000000000000057,desde,año,#,l,e,l,initial
389.21087333426954,1827.567511206793,2393.5249823952026,1.9208327965689853,2.8338887383134095,4.004079888581354,5692.3076923076915,0.00001244217802270574,73.72375,0.027000000000000003,0.32142857142857145,0-0-132-12,e,42d56bbf-Audio_SP23_part01,group_0,1,fave,136.62178929476414,81.10128318155388,4,prácticamente,"",0.060000000000002274,[silence],menos,t,#,t,m,final
402.89416024276653,1905.0580638753272,3535.3641611248086,2.626545040001792,3.0684776289022953,2.9520794806569666,6410.25641025641,0.00006978277636540136,74.48774999999999,0.035,0.33653846153846156,0-0-136-3,e,42d56bbf-Audio_SP23_part01,group_0,1,fave,151.9539748364635,77.25755601482231,4,meses,"",0.0799999999999983,dos,de,s,s,s,s,internal
373.86544404532896,1933.5438399316943,2407.9838640213247,2.6923614102939477,3.4467788250278883,3.5762792664508045,4974.358974358975,0.0017473747725543225,77.80075,0.041,0.3306451612903226,0-0-151-4,e,42d56bbf-Audio_SP23_part01,group_0,1,fave,-4942.360780405788,72.9006432939677,4,nueve,"",0.09999999999999432,y,[silence],b,#,b,.,final
347.1874645160673,2019.8362348029423,2359.277756474151,2.8774535717165337,3.3666977543312337,3.6000138538907924,5333.333333333333,0.006402589456781124,78.99575,0.11100000000000002,0.3323353293413173,0-0-154-3,e,42d56bbf-Audio_SP23_part01,group_0,1,fave,154.45617183830575,74.64132137643347,4,pasé,"",0.3100000000000023,luego,a,s,#,s,a,final
370.67681745934186,1924.939200002742,2440.6016291719093,2.0812621299737595,3.1748206543640207,3.3110618991295135,6410.25641025641,0.0003591985037461731,79.96075,0.061000000000000006,0.3315217391304348,0-0-156-3,e,42d56bbf-Audio_SP23_part01,group_0,1,fave,121.4548962229849,79.1605568141498,4,PDVSA,"",0.1599999999999966,a,[silence],d,u,d,u,internal
341.03376803563503,2278.2205103497845,3536.7039170088465,3.640199917044339,3.219038296000486,4.784423555093104,7307.692307692308,0.0003904999893826578,80.22574999999999,0.031,0.32978723404255317,0-0-156-7,e,42d56bbf-Audio_SP23_part01,group_0,1,fave,112.94906088988424,78.1252121751348,4,PDVSA,"",0.07000000000000739,a,[silence],e,s,e,s,internal
411.39498819715425,1823.0774838154846,3442.976963778886,3.0983279912711605,3.9949189119619546,3.5696655379776523,6769.2307692307695,0.0005646548192050776,82.84575,0.031,0.32978723404255317,0-0-162-4,e,42d56bbf-Audio_SP23_part01,group_0,1,fave,171.13852948260578,77.65967260823817,4,estuve,"",0.07000000000000739,allí,hasta,b,#,b,á,final
341.0794502539985,2232.2060475300195,2376.649568491101,2.884375967875741,3.4815274206062474,4.3807646491228835,6051.282051282051,0.000341441620952212,84.70575,0.031,0.32978723404255317,0-0-170-0,e,42d56bbf-Audio_SP23_part01,group_0,1,fave,114.32115326774795,63.41671051065249,4,enero,"",0.07000000000000739,[silence],dos,#,n,.,n,initial
304.40949242990604,2106.8278524886637,3492.298818304128,2.899909880784032,3.137281968561509,4.566721072814364,7128.205128205128,0.00001755956053185377,85.36274999999999,0.025,0.33783783783783783,0-0-173-2,e,42d56bbf-Audio_SP23_part01,group_0,1,fave,142.30933013626463,74.21971299592326,4,dieciocho,"",0.05000000000001137,mil,",",i,z,i,z,internal
307.4424201888423,2175.513677805689,3656.462561453312,3.44591650413175,3.7175990966342947,4.000307140333452,8564.102564102563,0.00017766827057032552,85.90575,0.031,0.32978723404255317,0-0-176-1,e,42d56bbf-Audio_SP23_part01,group_0,1,fave,106.90781377263879,70.00238793867275,4,me,"",0.06999999999999318,que,jubilé,m,#,m,x,final
325.4206434817543,1906.2830434606199,2418.105788630016,2.7518466192011073,3.272978898716593,3.4449682367405563,4974.358974358975,0.0019989077643170787,86.30775,0.055,0.33536585365853655,0-0-177-5,e,42d56bbf-Audio_SP23_part01,group_0,1,fave,186.01298651182853,79.98472903551583,4,jubilé,"",0.14000000000000057,me,",",l,#,l,.,final
378.5138177750939,1854.5377941894542,2391.366659365941,3.0324891506457994,3.3009081979035777,4.274021299548785,6230.7692307692305,0.00033740194886803154,89.51875,0.037,0.32456140350877194,0-0-188-1,e,42d56bbf-Audio_SP23_part01,group_0,1,fave,143.6356650623877,76.46776905303678,4,petrolera,"",0.09000000000000341,mixta,[silence],p,t,p,t,internal
332.40543733895294,1872.8826681090602,2411.4591884190913,3.4828009271922076,3.4657386179281127,3.8819372631730498,5153.846153846154,0.01134278930768429,92.75075,0.061000000000000006,0.3315217391304348,0-0-194-2,e,42d56bbf-Audio_SP23_part01,group_0,1,fave,95.4562782281528,76.62511908423382,4,pues,"",0.1599999999999966,y,en,u,s,u,s,internal
409.5018687768095,2179.084897659823,4081.4442045520323,3.208012960316739,3.3661457697824178,4.5720162143626135,6948.717948717948,0.002773011914067925,92.92575,0.031,0.32978723404255317,0-0-195-0,e,42d56bbf-Audio_SP23_part01,group_0,1,fave,223.8147318537279,70.09522475535846,4,en,"",0.07000000000000739,pues,el,#,n,s,n,initial
344.57972011008906,2151.8120271267526,3555.144460600801,3.1546153825887226,3.2184100495839703,4.645606113966112,7666.666666666666,0.0012507750445225562,93.03075,0.041,0.3306451612903226,0-0-196-0,e,42d56bbf-Audio_SP23_part01,group_0,1,fave,134.44382838420833,73.91365949251174,4,el,"",0.09999999999999432,en,año,#,l,n,l,initial
321.1295278642106,2176.503823360523,3777.582654265741,3.531695393629061,3.0083494379038003,4.206007711241007,7128.205128205128,0.0010750202816805902,94.69075,0.041,0.3306451612903226,0-0-203-4,e,42d56bbf-Audio_SP23_part01,group_0,1,fave,108.36278402082111,67.42423090406352,4,desde,"",0.09999999999999432,",",enero,d,#,d,e,final
275.58610329086616,2178.3453529666335,2452.170200133973,3.062615654251784,3.176946457401794,3.334005705296475,6230.7692307692305,0.00010863282106434845,94.78575,0.031,0.32978723404255317,0-0-204-0,e,42d56bbf-Audio_SP23_part01,group_0,1,fave,108.55792665726418,65.97779776281577,4,enero,"",0.07000000000000739,desde,dos,#,n,e,n,initial
380.99395078383384,2319.999753559252,3397.5985999883833,2.6519166088973063,3.2555665724086524,3.5525117523680163,7307.692307692308,0.0017292868714476708,95.82775,0.055,0.33536585365853655,0-0-207-9,e,42d56bbf-Audio_SP23_part01,group_0,1,fave,139.53135139454454,70.08462462907498,4,diecinueve,"",0.14000000000000057,mil,pues,b,#,b,p,final
431.264397950202,1730.5870316782543,2299.841848012136,2.6058743265548387,3.3187220370061374,4.1532602353085695,6051.282051282051,0.0009852017052175517,96.49374999999999,0.067,0.32843137254901966,0-0-211-1,e,42d56bbf-Audio_SP23_part01,group_0,1,fave,143.1173521120892,77.64450756628052,4,tenido,"",0.18000000000000682,he,trabajo,t,n,t,n,internal
413.31558455266804,2166.5380141230585,3359.737066155257,2.596314711365326,3.2679411806993253,3.8445323743803157,6769.2307692307695,0.00638277408851961,98.76875,0.097,0.3299319727891157,0-0-215-4,e,42d56bbf-Audio_SP23_part01,group_0,1,fave,212.06889747329194,79.83341950135483,4,porque,"",0.269999999999996,[silence],seguramente,k,#,k,s,final
396.5188615967471,2084.563102363713,2552.3078252655773,2.5046082001963383,3.1868941531027586,3.5912263602675982,6051.282051282051,0.0023764513125075814,99.06275,0.08499999999999999,0.33464566929133854,0-0-216-1,e,42d56bbf-Audio_SP23_part01,group_0,1,fave,196.90139502230974,73.71830227304585,4,seguramente,"",0.23000000000000398,porque,conoces,s,g,s,g,internal
359.6739085993876,1940.6570574542714,3688.678118737448,1.6576808469518358,3.0387227304715614,4.064395162863716,6589.74358974359,0.00013189487444810938,99.75375,0.027000000000000003,0.32142857142857145,0-0-216-10,e,42d56bbf-Audio_SP23_part01,group_0,1,fave,177.26449146311091,79.99440515169438,4,seguramente,"",0.060000000000002274,porque,conoces,t,#,t,k,final
340.318261469431,1984.4026723918182,3728.2766692884716,2.3237132009950408,4.1040754707122185,4.389149252111781,6410.25641025641,0.00024050069857093237,100.24575,0.031,0.32978723404255317,0-0-217-5,e,42d56bbf-Audio_SP23_part01,group_0,1,fave,147.45965001340508,74.71541600706728,4,conoces,"",0.06999999999999318,seguramente,",",z,s,z,s,internal
392.89194135372776,1494.3541279333097,2353.7994577487552,2.847465308886727,3.7097272677952557,3.0215504115994536,6410.25641025641,0.000024907345288505704,101.63375,0.027000000000000003,0.32142857142857145,0-0-221-3,e,42d56bbf-Audio_SP23_part01,group_0,1,fave,115.63717354282817,72.63968735327299,4,diferencia,"",0.060000000000002274,a,de,f,R,f,R,internal
376.3520921902541,2266.6163456435706,3484.725983848813,3.500798917661926,2.9044296608235816,3.982262517630674,7846.153846153846,0.0030355327188085076,102.17275000000001,0.10500000000000001,0.3343949044585987,0-0-222-1,e,42d56bbf-Audio_SP23_part01,group_0,1,fave,133.67405808422552,73.03132902509292,4,de,"",0.28999999999999204,diferencia,[silence],d,#,d,.,final
396.4788230947515,2231.2019742375633,3526.0382262560915,3.167491479790244,3.2499799004970087,3.912269465795782,7846.153846153846,0.004984799432029313,104.63275,0.08499999999999999,0.33464566929133854,0-0-233-1,e,42d56bbf-Audio_SP23_part01,group_0,1,fave,140.21879194359352,74.21781657811738,4,te,"",0.22999999999998977,cuando,[silence],t,#,t,.,final
405.77524237806875,1864.9458565685347,2671.58909808632,2.7322316747922084,3.410374012275686,4.587349613316646,6230.7692307692305,0.00050859940949728,105.48875,0.037,0.32456140350877194,0-0-235-1,e,42d56bbf-Audio_SP23_part01,group_0,1,fave,134.35271147810718,81.60177781325667,4,retiras,"",0.09000000000000341,[silence],y,r,t,r,t,internal
365.7984005971449,2011.0575978767006,3902.205127479976,2.745332351091098,3.3176034237159264,3.858571414395731,7487.179487179487,0.00014465674419411752,106.10575,0.031,0.32978723404255317,0-0-237-1,e,42d56bbf-Audio_SP23_part01,group_0,1,fave,127.03766496448071,79.26161308927851,4,te,"",0.06999999999999318,y,jubilas,t,#,t,x,final
326.1551160287351,1990.5571648567209,2448.053111683629,2.860598127745481,3.325885766760532,3.438853487523484,5153.846153846154,0.000021089989680337395,112.72375,0.027000000000000003,0.32142857142857145,0-0-263-1,e,42d56bbf-Audio_SP23_part01,group_0,1,fave,134.15792789018366,72.8368102832651,4,de,"",0.060000000000002274,vez,tener,d,#,d,t,final
332.6170494533063,1863.2599220731352,2484.583446502104,2.881885716525463,3.173905120722992,4.2168816182974,6051.282051282051,0.011495968740952243,115.65275,0.08499999999999999,0.33464566929133854,0-0-273-1,e,42d56bbf-Audio_SP23_part01,group_0,1,fave,131.8676456538457,67.88255391389694,4,decente,"",0.23000000000000398,este,",",d,z,d,z,internal
453.27267387173555,1893.6978116618623,3291.9151724068306,3.4011712771060183,3.4878876354753214,3.867999992498221,6769.2307692307695,0.0005396491841534204,119.22274999999999,0.025,0.33783783783783783,0-0-284-1,e,42d56bbf-Audio_SP23_part01,group_0,1,fave,166.12311414256826,75.92075966646964,4,del,"",0.05000000000001137,pensión,gobierno,d,l,d,l,internal
240.3728975754006,1819.6298916251076,3569.9748956638723,2.997727421967516,2.8660217371039236,2.980148804198069,6589.74358974359,0.00014273169284957171,129.37575,0.031,0.32978723404255317,0-0-316-12,e,42d56bbf-Audio_SP23_part01,group_0,1,fave,129.49705059814602,71.75774395582336,4,jubilaciones,"",0.06999999999999318,de,"",s,m,s,m,internal
359.4519746330265,1838.7164308362453,3545.2505606628897,2.0350139061972103,4.3965937295968835,3.594189672217988,6410.25641025641,0.00007096023242872855,129.92375,0.027000000000000003,0.32142857142857145,0-0-318-1,e,42d56bbf-Audio_SP23_part01,group_0,1,fave,123.85344793041834,78.2478662217014,4,de,"",0.060000000000002274,"",PDVSA,d,#,d,p,final
412.54842609983154,2035.1438959402885,3533.7671390333862,2.0626364882554755,3.4396887588742158,3.570511849206657,6948.717948717948,0.0017123151654587366,130.06375,0.047,0.3263888888888889,0-0-319-1,e,42d56bbf-Audio_SP23_part01,group_0,1,fave,137.25233713740425,80.29101902578907,4,PDVSA,"",0.12000000000000455,de,[silence],p,d,p,d,internal
353.8142191379748,2173.755950971967,3667.536810983508,3.048969508410563,3.5090733171384345,4.321771562130569,6769.2307692307695,0.0008911383213239057,130.34575,0.031,0.32978723404255317,0-0-319-7,e,42d56bbf-Audio_SP23_part01,group_0,1,fave,147.36068163982486,77.66551066013358,4,PDVSA,"",0.06999999999999318,de,[silence],e,s,e,s,internal
270.10284949249956,1945.6261869212437,3560.321036810143,4.195443069523133,4.182517512142987,4.271331214799508,7128.205128205128,0.03075665509891952,131.38875,0.037000000000000005,0.324561403508772,0-0-322-3,e,42d56bbf-Audio_SP23_part01,group_0,1,fave,120.78209467380644,82.69961917955662,4,lamentablemente,"",0.09000000000000341,que,[silence],m,n,m,n,internal
360.9010726551001,1721.6420327923563,3675.331822446177,3.2516074965951467,2.6419495179642793,3.548068353202464,6589.74358974359,0.00009954153966849247,131.73575,0.031,0.32978723404255317,0-0-322-9,e,42d56bbf-Audio_SP23_part01,group_0,1,fave,168.4749594200232,82.610691148391,4,lamentablemente,"",0.06999999999999318,que,[silence],l,m,l,m,internal
392.7437110604444,1883.0280842044817,2403.587412695113,2.7180135189711625,3.0279212120485632,4.158018778641439,6410.25641025641,0.00032354197554060375,136.84575,0.031,0.32978723404255317,0-0-340-1,e,42d56bbf-Audio_SP23_part01,group_0,1,fave,132.3919708272404,71.40074504905616,4,tenemos,"",0.06999999999999318,",",una,t,n,t,n,internal
404.8596734155452,2043.9489458087953,2740.2468001044467,4.479725470010089,4.16508491939426,4.8187402324817175,7128.205128205128,0.02116361497025635,138.26775,0.035,0.33653846153846156,0-0-346-1,e,42d56bbf-Audio_SP23_part01,group_0,1,fave,140.56053442419957,78.24641595011171,4,mejorado,"",0.0800000000000125,han,pero,m,x,m,x,internal
377.1266048370112,1668.7230980806592,2325.797500102413,2.4733431910448527,3.4490452281686395,3.3215187839228966,5692.3076923076915,6.032465565573359e-6,140.57274999999998,0.025,0.33783783783783783,0-0-353-1,e,42d56bbf-Audio_SP23_part01,group_0,1,fave,145.9506785499911,82.81175744049773,4,resumen,"",0.05000000000001137,En,"",r,s,r,s,internal
645.5770055267369,1317.5787900580099,2124.928531284685,3.800653762023393,3.9485153967899036,3.9661469008672077,3897.4358974358975,0.03020733234205195,143.94375,0.047,0.3263888888888889,0-0-357-2,e,42d56bbf-Audio_SP23_part01,group_0,1,fave,13525.32845819924,71.33216774282349,4,pues,"",0.12000000000000455,Bueno,la,u,s,u,s,internal
348.4661735127588,1891.825224003636,2364.324978516374,2.307368303315022,3.621139925231796,3.377717268200231,6051.282051282051,0.0007864880114940305,146.61075000000002,0.041,0.3306451612903226,0-0-370-3,e,42d56bbf-Audio_SP23_part01,group_0,1,fave,116.1503969478514,76.05708229323137,4,directiva,"",0.09999999999999432,La,de,R,z,R,z,internal
408.31216524144594,1750.027894169445,2308.1114235140244,2.930787992106452,3.441257777539008,3.672720350319032,5692.3076923076915,0.000016542114493677744,146.95375,0.027000000000000003,0.32142857142857145,0-0-371-1,e,42d56bbf-Audio_SP23_part01,group_0,1,fave,169.02724567476793,79.7758099878721,4,de,"",0.060000000000002274,directiva,PDVSA,d,#,d,p,final
428.4007349350313,1701.7342960893413,2283.074865782916,3.2032244181884955,2.6653722447119295,3.388009019219055,6230.7692307692305,0.0006750479829710511,148.27775,0.035,0.33653846153846156,0-0-374-4,e,42d56bbf-Audio_SP23_part01,group_0,1,fave,110.55072762639799,74.63858620275647,4,entre,"",0.0800000000000125,dispuso,comillas,R,#,R,k,final
394.7395304669775,1851.5155717780408,2468.8403324427436,2.405156490257767,3.870805862011722,3.508370436198887,5153.846153846154,0.000019389593353326467,152.65274999999997,0.025,0.33783783783783783,0-0-388-3,e,42d56bbf-Audio_SP23_part01,group_0,1,fave,379.08277127384224,74.87064051961607,4,Este,"",0.05000000000001137,[silence],",",t,#,t,.,final
439.32702415871074,1639.2549820125819,2296.692076835586,2.6332509486253515,3.402572282475163,3.894946163618474,5333.333333333333,0.00006351567371605055,156.27575,0.031,0.32978723404255317,0-0-404-1,e,42d56bbf-Audio_SP23_part01,group_0,1,fave,150.88293229664012,76.12715190232429,4,de,"",0.0700000000000216,alrededor,seiscientos,d,#,d,s,final
433.8426808854875,1936.6604429954332,3259.0418477035028,2.883186808360569,2.7924255922152543,4.795858200219535,6769.2307692307695,0.00003001820139819232,156.43274999999997,0.025,0.33783783783783783,0-0-405-1,e,42d56bbf-Audio_SP23_part01,group_0,1,fave,131.01430579930653,74.2068655958316,4,seiscientos,"",0.05000000000001137,de,cincuenta,s,i,s,i,internal
451.8841413410977,1630.786550168015,2447.447302215366,3.3303145182036773,3.2976400805743205,3.2248940670514004,6230.7692307692305,0.0006442283767045022,157.71574999999999,0.031,0.32978723404255317,0-0-407-5,e,42d56bbf-Audio_SP23_part01,group_0,1,fave,115.3499245354658,56.73029319651776,4,dólares,"",0.0700000000000216,cincuenta,[silence],R,s,R,s,internal
326.91827520397084,2058.847069963676,2886.5995358500745,3.2885118155280626,3.629556834179567,4.449393454269177,6230.7692307692305,0.0004956971183704404,166.09375000000003,0.027000000000000003,0.32142857142857145,0-0-439-1,e,42d56bbf-Audio_SP23_part01,group_0,1,fave,266.31308492475983,75.2842192943151,4,se,"",0.05999999999997385,que,ha,s,#,s,a,final
370.84827824413617,1924.2733497127554,3255.561079277754,2.7149402500011353,3.1409110690300563,4.974659329834864,6948.717948717948,0.000934357944348659,169.05575,0.031,0.32978723404255317,0-0-446-4,e,42d56bbf-Audio_SP23_part01,group_0,1,fave,118.07622169779876,74.51509505145368,4,parte,"",0.0700000000000216,reconozcan,de,t,#,t,d,final
369.6557391280901,2259.9172405554627,3649.621386173773,3.3686915610701047,3.067694226511996,4.545251512398756,8025.641025641025,0.00006678661403481802,169.22775000000001,0.035,0.33653846153846156,0-0-447-1,e,42d56bbf-Audio_SP23_part01,group_0,1,fave,125.420804587735,76.90145634745139,4,de,"",0.07999999999998408,parte,esa,d,#,d,s,final
395.6287395177798,2059.0057052540565,2413.746900408796,2.2702897961132873,3.2600538176523086,3.346882169006471,5692.3076923076915,0.00004901829536448185,170.63575,0.031,0.32978723404255317,0-0-452-0,e,42d56bbf-Audio_SP23_part01,group_0,1,fave,131.4632154258211,71.01570530891865,4,estamos,"",0.06999999999999318,[silence],recibiendo,#,s,.,s,initial
315.1146191667756,2324.4266970066165,3871.0184108602393,3.2740870206546684,3.6821000281971576,4.8147409790432105,8923.076923076922,0.00007759348402491727,172.78375000000003,0.027000000000000003,0.32142857142857145,0-0-459-1,e,42d56bbf-Audio_SP23_part01,group_0,1,fave,100.5757201322065,69.3100923045465,4,mejoró,"",0.060000000000002274,que,mucho,m,x,m,x,internal
424.7474711971141,1866.7693692228163,2397.5631706176964,2.613867604931723,3.342362774507438,3.60620287398603,5692.3076923076915,0.00037825815109629034,173.58775,0.055,0.33536585365853655,0-0-462-4,e,42d56bbf-Audio_SP23_part01,group_0,1,fave,120.55821941644547,75.58313516371878,4,porque,"",0.13999999999998636,",",recibir,k,#,k,r,final
344.30047579838276,1841.6932669939733,2486.6346342818993,2.7849479562226436,3.065521408118127,2.90410382873196,5692.3076923076915,0.000017945040109447063,175.29375000000002,0.027000000000000003,0.32142857142857145,0-0-468-3,e,42d56bbf-Audio_SP23_part01,group_0,1,fave,166.35377863861615,73.64771891563048,4,doce,"",0.060000000000002274,o,dólares,z,#,z,d,final
338.4147401110582,1960.3415299654635,2391.848138327003,2.3559017120679746,3.064100998367729,3.5040419940590715,6230.7692307692305,0.00004712769750112208,177.03375000000003,0.027000000000000003,0.32142857142857145,0-0-474-0,e,42d56bbf-Audio_SP23_part01,group_0,1,fave,NaN,68.15979398007813,4,estamos,"",0.060000000000002274,[silence],recibiendo,#,s,.,s,initial
403.57991588898534,1621.2104510338522,2285.476775829687,2.664086200025932,3.48998895841773,3.151541166098725,6051.282051282051,1.1923118375318794e-6,178.54274999999998,0.025,0.33783783783783783,0-0-478-5,e,42d56bbf-Audio_SP23_part01,group_0,1,fave,129.8047009753431,74.87362514515617,4,alrededor,"",0.05000000000001137,total,de,d,d,d,d,internal
399.49882536702444,1695.2766107542732,2523.9490322153074,2.7339446623824264,3.455051044426368,3.409997655464067,4974.358974358975,0.000018769521575422456,178.76274999999998,0.025,0.33783783783783783,0-0-479-1,e,42d56bbf-Audio_SP23_part01,group_0,1,fave,150.90347670956115,79.54390077255128,4,de,"",0.05000000000001137,alrededor,doscientos,d,#,d,d,final
382.2131657199191,1810.6405996627238,2544.636599904974,3.1352788339480746,3.597205235550213,3.90222181595199,6230.7692307692305,0.0000138234482294745,180.51274999999998,0.025,0.33783783783783783,0-0-483-5,e,42d56bbf-Audio_SP23_part01,group_0,1,fave,202.17332709339777,77.65725128705397,4,dólares,"",0.05000000000001137,cincuenta,",",R,s,R,s,internal
408.41724768817244,1741.2729526150697,2393.306034198072,2.8642393254357237,3.6084119624983537,3.667515797325793,6410.25641025641,0.002330884773224449,181.34775000000002,0.035,0.33653846153846156,0-0-487-4,e,42d56bbf-Audio_SP23_part01,group_0,1,fave,223.58299498632894,74.76954829575395,4,sirve,"",0.07999999999998408,sí,",",b,#,b,.,final
425.1271057172086,1529.5733479463292,2165.905140190583,2.555315047684654,3.825928043378844,3.176837134647141,5153.846153846154,0.0003385062343171148,187.57375000000002,0.027000000000000003,0.32142857142857145,0-0-512-3,e,42d56bbf-Audio_SP23_part01,group_0,1,fave,118.81366292915722,70.72128886968089,4,diferencia,"",0.060000000000002274,a,de,f,R,f,R,internal
383.42222689443423,1995.2677116642901,3895.59232785729,2.851626081670469,3.11051970792936,4.0092633848299295,7487.179487179487,0.0003345587400497902,188.63775,0.035,0.33653846153846156,0-0-517-3,e,42d56bbf-Audio_SP23_part01,group_0,1,fave,234.42970846374573,59.26260654761464,4,antes,"",0.07999999999998408,era,",",t,s,t,s,internal
363.9041673263068,1730.7091674567719,2287.970731620862,2.6675809801773167,3.0896415688756496,3.216582047457962,5871.794871794871,0.00004109936529225009,189.23375000000001,0.027000000000000003,0.32142857142857145,0-0-520-1,e,42d56bbf-Audio_SP23_part01,group_0,1,fave,144.19003121866635,81.87747268415377,4,decirte,"",0.060000000000002274,por,algo,d,z,d,z,internal
281.1898999021967,1879.3858848602977,2484.1221509743714,2.831186396943165,2.586416255781282,3.739955446756833,6051.282051282051,0.0004071650586665005,189.54575,0.031,0.32978723404255317,0-0-520-6,e,42d56bbf-Audio_SP23_part01,group_0,1,fave,187.50202489813995,78.37754862311837,4,decirte,"",0.06999999999999318,por,algo,t,#,t,á,final
383.4340238690219,1693.9427317992943,2434.466343823022,2.953350900700972,3.8238637018104327,2.97091546494855,6410.25641025641,0.0003617791136231647,191.73874999999998,0.037,0.32456140350877194,0-0-532-1,e,42d56bbf-Audio_SP23_part01,group_0,1,fave,132.3696946426009,76.06419419809224,4,Venezuela,"",0.09000000000000341,de,porque,b,n,b,n,internal
442.86135086876914,1818.3658341282853,2647.101953929921,3.815326842909304,3.67351335099995,4.472067118570127,6589.74358974359,0.00005054664255423408,192.58274999999998,0.025,0.33783783783783783,0-0-535-1,e,42d56bbf-Audio_SP23_part01,group_0,1,fave,149.93378914597352,78.12257076939082,4,regalada,"",0.05000000000001137,era,o,r,g,r,g,internal
357.5989540133838,1773.3062305900826,2527.708981273181,3.378066197651556,3.265809674073524,3.702032617215383,4974.358974358975,0.00035689844756160954,193.71775,0.035,0.33653846153846156,0-0-539-1,e,42d56bbf-Audio_SP23_part01,group_0,1,fave,115.23200246455802,77.15322170195991,4,sencillamente,"",0.0800000000000125,sea,era,s,n,s,n,internal
419.48701917368237,1754.5423537978293,2720.199781593962,3.7918207131816377,3.340992940421559,3.5778637278574057,6410.25641025641,7.546045307267001e-6,194.45274999999998,0.025,0.33783783783783783,0-0-541-1,e,42d56bbf-Audio_SP23_part01,group_0,1,fave,138.85406087081853,75.35771046717733,4,regalada,"",0.05000000000001137,era,[silence],r,g,r,g,internal
318.4917680397882,2271.662146730605,2558.21896868865,2.913740447852023,3.3337156714307397,3.443708355918871,6410.25641025641,0.0002958235031632001,200.17874999999998,0.037,0.32456140350877194,0-0-562-0,e,42d56bbf-Audio_SP23_part01,group_0,1,fave,199.28106954497056,80.41430630151835,4,En,"",0.09000000000000341,[silence],ahorita,#,n,.,n,initial
381.3194785997217,1700.8025861350009,2329.6583555690827,2.3149228230814,3.8078854864300897,3.0384340068642963,5512.820512820513,0.00003975596923258772,201.58375,0.027000000000000003,0.32142857142857145,0-0-568-1,e,42d56bbf-Audio_SP23_part01,group_0,1,fave,118.39882162329637,74.4516899532392,4,petróleo,"",0.060000000000002274,el,que,p,t,p,t,internal
368.6947505441988,1854.545919234442,2456.050974827592,2.5588437650900695,3.2105622568616194,2.9347692963995033,5512.820512820513,0.00013529344286656412,203.17874999999998,0.037000000000000005,0.324561403508772,0-0-574-1,e,42d56bbf-Audio_SP23_part01,group_0,1,fave,109.83142475551051,70.5692047130808,4,del,"",0.09000000000000341,del,",",d,l,d,l,internal
423.86245897626446,1905.1036220489468,2462.0424767838776,2.599428882199599,3.252963636418864,4.149510876951002,6230.7692307692305,3.944173079347867e-6,206.27274999999997,0.025,0.33783783783783783,0-0-589-1,e,42d56bbf-Audio_SP23_part01,group_0,1,fave,164.27025072565388,78.77883024567709,4,tenemos,"",0.05000000000001137,luego,desde,t,n,t,n,internal
332.692212672641,1862.7492427635732,2425.7494211500666,1.8516129958351941,2.91410083757221,3.412138022499466,5333.333333333333,0.000017370184466208792,207.94375000000002,0.027000000000000003,0.32142857142857145,0-0-595-5,e,42d56bbf-Audio_SP23_part01,group_0,1,fave,173.73868063984398,66.9311913455399,4,veinte,"",0.060000000000002274,mil,",",t,#,t,.,final
383.2805250009137,1829.1349071894517,2534.54689601139,2.4609558563150755,3.646698598985725,3.5400449260958613,6230.7692307692305,0.0006065044410099727,213.03875,0.037,0.32456140350877194,0-0-612-1,e,42d56bbf-Audio_SP23_part01,group_0,1,fave,126.48581626797689,77.6981193029419,4,se,"",0.09000000000000341,que,deprimieron,s,#,s,d,final
355.44108460341613,1993.2902919674987,2459.924985177049,1.693231684850944,3.4898253574153775,3.6005446751036962,6230.7692307692305,0.00007061923235587611,213.18775,0.035,0.33653846153846156,0-0-613-1,e,42d56bbf-Audio_SP23_part01,group_0,1,fave,116.4735996361061,80.81419312813954,4,deprimieron,"",0.0800000000000125,se,los,d,p,d,p,internal
352.47761140057383,1987.8523358087562,3659.490144434773,2.8502379990360134,3.2667956097441455,4.507004278416327,6769.2307692307695,0.0007664464669084881,217.80274999999997,0.025,0.33783783783783783,0-0-627-11,e,42d56bbf-Audio_SP23_part01,group_0,1,fave,158.43321295106966,74.49987546185656,4,sencillamente,"",0.05000000000001137,porque,estamos,t,#,t,s,final
397.5000474572722,1956.6277882690315,2426.3515080030115,2.8917208691378637,3.21240151779332,3.152784655224289,5692.3076923076915,0.00011421530230403595,221.63375000000002,0.027000000000000003,0.32142857142857145,0-0-645-0,e,42d56bbf-Audio_SP23_part01,group_0,1,fave,129.64656691281263,74.16725844769277,4,entorno,"",0.060000000000002274,el,donde,#,n,l,n,initial
456.9701327253236,2143.3804948469938,3516.762748657297,3.611617958830551,3.293353509372958,4.386511225736373,6230.7692307692305,0.0003579058428538729,222.14375,0.027000000000000003,0.32142857142857145,0-0-646-4,e,42d56bbf-Audio_SP23_part01,group_0,1,fave,158.66623565881832,70.46285193524939,4,donde,"",0.060000000000002274,entorno,estoy,d,#,d,s,final
385.53683298911255,1732.4246176146507,2412.584809443567,2.8596963691595976,3.329797417056252,3.7251291546864733,5153.846153846154,0.00009794520974116389,224.55375,0.027000000000000003,0.32142857142857145,0-0-657-1,e,42d56bbf-Audio_SP23_part01,group_0,1,fave,155.88278330862107,73.38831401157802,4,de,"",0.060000000000002274,opciones,trabajo,d,#,d,t,final
341.53850677199364,1703.538084727759,2489.75435025253,2.822999742492781,3.3399535602101857,3.719502786588358,5153.846153846154,0.00042516087337373304,228.01575,0.031,0.32978723404255317,0-0-667-1,e,42d56bbf-Audio_SP23_part01,group_0,1,fave,150.37700021744223,77.26128558118755,4,de,"",0.06999999999999318,esperanza,que,d,#,d,k,final
406.0492718904368,1831.2558770967585,2383.500108985405,2.1148113358074285,3.3678749128794734,3.723899483116601,5871.794871794871,3.0862935200965937e-6,228.83274999999998,0.025,0.33783783783783783,0-0-671-1,e,42d56bbf-Audio_SP23_part01,group_0,1,fave,145.3586825932547,76.90490677455489,4,se,"",0.05000000000001137,puerta,va,s,#,s,b,final
373.7761220660103,1902.6857859442819,2615.182047565755,2.29682646508113,3.13963628845772,3.4806003447431433,6410.25641025641,0.0001844206470157556,235.32775,0.035,0.33653846153846156,0-0-698-0,e,42d56bbf-Audio_SP23_part01,group_0,1,fave,133.437490510135,75.93382855642412,4,estado,"",0.07999999999998408,[silence],a,#,s,.,s,initial
343.5215304652837,1989.6442238199945,2461.8128434269415,2.6139396087332094,3.1832980703037266,4.030228507782583,6230.7692307692305,0.0003291590141747789,237.11874999999998,0.037,0.32456140350877194,0-0-704-3,e,42d56bbf-Audio_SP23_part01,group_0,1,fave,162.3167862633278,69.22872717439542,4,veces,"",0.09000000000000341,muchas,porque,z,s,z,s,internal
399.5967401443783,2040.789748465974,2423.8129190955556,2.3206195794676923,3.1367345061834766,3.4703308277811806,6230.7692307692305,0.00043682047517356774,237.51074999999997,0.061000000000000006,0.3315217391304348,0-0-705-4,e,42d56bbf-Audio_SP23_part01,group_0,1,fave,180.55150203468347,76.26293368677086,4,porque,"",0.1599999999999966,veces,",",k,#,k,.,final
501.7936587922263,1700.317761963262,2407.4841457774887,2.290364781836188,3.0040884494985356,3.212868243078131,5153.846153846154,0.00010449919086317817,238.19575,0.031,0.32978723404255317,0-0-711-2,e,42d56bbf-Audio_SP23_part01,group_0,1,fave,169.01303414662274,80.02154695742104,4,adelantar,"",0.06999999999999318,voy,de,d,l,d,l,internal
380.1286417745301,1969.1154878025663,2411.028755550556,1.9756332186157102,3.7829650110797712,3.622450224636605,5512.820512820513,0.00020308236097378083,243.74075000000002,0.041,0.3306451612903226,0-0-734-4,e,42d56bbf-Audio_SP23_part01,group_0,1,fave,123.8363466058437,72.18126963612951,4,desde,"",0.09999999999999432,compañeros,que,d,#,d,k,final
316.24711551597676,1559.884652774696,2356.8041655736547,3.2306739142876695,3.861891082272673,3.336873656285166,5692.3076923076915,0.0000841925039754713,244.21274999999997,0.025,0.33783783783783783,0-0-737-1,e,42d56bbf-Audio_SP23_part01,group_0,1,fave,134.41971428666187,75.16081633838087,4,metidos,"",0.05000000000001137,están,ahí,m,t,m,t,internal
413.85193816349545,1795.3612896233603,2628.4759521096903,2.206749374251398,3.808379444227713,3.5616663280150793,5512.820512820513,0.0001541927316401147,245.22775000000001,0.035,0.33653846153846156,0-0-741-1,e,42d56bbf-Audio_SP23_part01,group_0,1,fave,142.9536503303632,78.80686437449626,4,de,"",0.07999999999998408,muchachitos,dieciocho,d,#,d,d,final
379.13259910648577,1930.5766896720463,2514.1502564754874,2.8191731605564176,3.3639273324738097,3.9656564857198124,6410.25641025641,0.00158779966790564,250.41074999999998,0.061000000000000006,0.3315217391304348,0-0-759-4,e,42d56bbf-Audio_SP23_part01,group_0,1,fave,108.32633599552209,73.10073890206833,4,porque,"",0.1599999999999966,",",tienen,k,#,k,t,final
405.69646344424837,1772.4026884574228,2417.5913536127778,3.2774626123408432,3.3617797832772474,3.056636871220139,6410.25641025641,0.000012642378128556002,251.82274999999998,0.025,0.33783783783783783,0-0-764-3,e,42d56bbf-Audio_SP23_part01,group_0,1,fave,141.91153488291943,75.13130782352768,4,aprendizaje,"",0.05000000000001137,de,[silence],R,n,R,n,internal
362.4763643826225,2008.259303274194,2411.51778594589,2.105770634571603,3.523876991899218,3.5729560095467003,5153.846153846154,0.0003486222233488176,252.36874999999998,0.037000000000000005,0.324561403508772,0-0-764-10,e,42d56bbf-Audio_SP23_part01,group_0,1,fave,175.86331239118533,75.54261134208798,4,aprendizaje,"",0.09000000000000341,de,[silence],x,#,x,.,final
366.25719868403115,1934.8422071940063,2653.3318925659923,2.378607433856374,3.623811132282191,4.38083895630669,5512.820512820513,0.0017473333636603525,253.94875,0.037000000000000005,0.324561403508772,0-0-770-1,e,42d56bbf-Audio_SP23_part01,group_0,1,fave,136.14595948060116,73.25476407357692,4,se,"",0.09000000000000341,que,pierden,s,#,s,p,final
321.285313621059,1892.6152833472086,2722.5953717538105,3.305408255206441,3.0528311302450746,4.204815877412404,6230.7692307692305,0.00024373993106416514,255.07274999999998,0.025,0.33783783783783783,0-0-775-5,e,42d56bbf-Audio_SP23_part01,group_0,1,fave,231.09251763666677,82.04396778055896,4,hubiese,"",0.05000000000001137,no,sido,s,#,s,s,final
371.8174223033629,1884.0531786089907,2677.50224558487,2.442799606863232,3.4835721741641983,3.324761961072832,5512.820512820513,0.00002440727153223507,256.95275000000004,0.025,0.33783783783783783,0-0-783-5,e,42d56bbf-Audio_SP23_part01,group_0,1,fave,208.36304120396184,77.42957647968909,4,hubiese,"",0.05000000000001137,me,salido,s,#,s,s,final
388.45274518221345,1808.2808310884425,2406.2867589380935,2.842513684693402,3.853981750327915,2.9890907964363924,6051.282051282051,0.00002258080011854737,257.57275000000004,0.025,0.33783783783783783,0-0-785-2,e,42d56bbf-Audio_SP23_part01,group_0,1,fave,187.2925512498072,79.34839970807477,4,hace,"",0.05000000000001137,salido,por,z,#,z,p,final
359.217226603347,2167.0991840807,2533.8645882152796,3.250784822916741,3.598829704665218,4.346895564393926,6230.7692307692305,0.000013010107534405448,259.34275,0.025,0.33783783783783783,0-0-792-4,e,42d56bbf-Audio_SP23_part01,group_0,1,fave,149.4152861213075,80.07614601810488,4,porque,"",0.05000000000001137,[silence],en,k,#,k,e,final
453.4022952944906,2239.6930272538248,3713.197441326482,3.187770249544356,4.016965156203534,4.394486202160159,6948.717948717948,0.0003438645301824221,259.53574999999995,0.031,0.32978723404255317,0-0-794-1,e,42d56bbf-Audio_SP23_part01,group_0,1,fave,136.00611067987543,77.6471568601591,4,verdad,"",0.06999999999999318,en,por,b,R,b,R,internal
405.2989403341809,1824.439295254164,2499.898332650139,2.950747599176175,3.623622113717657,3.4405436824671316,6410.25641025641,0.0006206873005282969,261.00775000000004,0.035,0.33653846153846156,0-0-797-9,e,42d56bbf-Audio_SP23_part01,group_0,1,fave,109.28601122418222,69.99276645445005,4,situaciones,"",0.07999999999998408,varias,hacia,n,s,n,s,internal
382.48900199779666,1808.4451827208068,3503.600781270158,2.754353632602941,3.3975629461246295,3.495201240127306,6410.25641025641,1.3758892565968607e-6,262.06275000000005,0.025,0.33783783783783783,0-0-801-1,e,42d56bbf-Audio_SP23_part01,group_0,1,fave,178.6086073700651,73.83984235583053,4,Venezuela,"",0.05000000000001137,en,Microworkers,b,n,b,n,internal
342.27117778725415,1754.341018348116,3595.0811935710412,3.4447398286418736,3.740890088070457,3.849533825818107,5871.794871794871,0.00014155719215790203,262.14275000000004,0.025,0.33783783783783783,0-0-801-3,e,42d56bbf-Audio_SP23_part01,group_0,1,fave,185.6817585476458,76.31291307352572,4,Venezuela,"",0.05000000000001137,en,Microworkers,n,z,n,z,internal
406.2974970065816,1750.236556881867,2324.288317839853,2.3456116105329317,3.1386108301426265,2.9795567653313593,6410.25641025641,0.000011614214766740976,268.13374999999996,0.027000000000000003,0.32142857142857145,0-0-825-4,e,42d56bbf-Audio_SP23_part01,group_0,1,fave,111.38102828106723,71.37804008751492,4,entre,"",0.060000000000002274,muy,nos,R,#,R,n,final
336.2893493574344,2069.038533981185,2437.029179439236,2.5462050492431656,3.073457699648524,3.693160693808999,5512.820512820513,0.00047084492123365885,269.73375,0.047,0.3263888888888889,0-0-830-3,e,42d56bbf-Audio_SP23_part01,group_0,1,fave,149.15608151939898,83.14105968795745,4,Este,"",0.12000000000000455,[silence],",",t,#,t,.,final
393.8453927367235,1933.3983867469497,2427.1215529548144,2.748969990623295,3.4359600251283102,3.25476329420433,5333.333333333333,0.00005422529876683963,272.52574999999996,0.031,0.32978723404255317,0-0-844-8,e,42d56bbf-Audio_SP23_part01,group_0,1,fave,151.83302069839675,71.91671493613302,4,Microworkers,"",0.06999999999999318,tiene,",",k,R,k,R,internal
486.9729804970008,1597.293152275527,2306.5660242457493,2.394173700205648,3.2934307609897684,3.317914778421747,6230.7692307692305,0.00006672841023344422,273.46275,0.025,0.33783783783783783,0-0-849-1,e,42d56bbf-Audio_SP23_part01,group_0,1,fave,166.48095692243783,74.31285608324265,4,reconocer,"",0.05000000000001137,que,es,r,k,r,k,internal
422.989053717346,1926.5113445328525,2539.7536181192268,2.6789244558618965,3.4797009093174975,3.6715583055878582,5153.846153846154,0.0002490716402812379,276.16775,0.035,0.3365384615384616,0-0-858-1,e,42d56bbf-Audio_SP23_part01,group_0,1,fave,152.09941725916724,75.14181933825114,4,ese,"",0.08000000000004093,que,es,s,#,s,s,final
347.10679625038597,2081.5298330846,2355.5018793842173,3.0770435073474545,3.333955049203939,4.058592899676493,5333.333333333333,0.00006022184641304995,276.27374999999995,0.027000000000000003,0.32142857142857145,0-0-860-0,e,42d56bbf-Audio_SP23_part01,group_0,1,fave,181.51642680288623,78.33120362198136,4,el,"",0.060000000000002274,es,co,#,l,s,l,initial
491.67431624227305,1968.024606591858,2439.847960445425,2.740304649443109,3.135894719101923,3.213789486419853,5512.820512820513,0.0001375100686628288,277.21875,0.037000000000000005,0.324561403508772,0-0-865-0,e,42d56bbf-Audio_SP23_part01,group_0,1,fave,129.9078359558521,72.67863768401841,4,el,"",0.09000000000003183,",",[silence],#,l,.,l,initial
482.2042700835964,1986.1766422162268,2454.19439536111,3.54856531003076,3.3835147319426473,4.278550896999391,5333.333333333333,0.003913304691279802,278.19775,0.055,0.33536585365853655,0-0-868-5,e,42d56bbf-Audio_SP23_part01,group_0,1,fave,194.38847247916115,80.05078026274789,4,complain,"",0.13999999999998636,el,que,l,n,l,n,internal
270.4335171677371,1962.2837946344246,2433.61705894311,2.9198587724907914,3.2095900886712427,3.682012179122661,5692.3076923076915,0.0006125931617616988,281.75374999999997,0.027000000000000003,0.32142857142857145,0-0-883-2,e,42d56bbf-Audio_SP23_part01,group_0,1,fave,174.78454203787948,70.16360160786462,4,ese,"",0.060000000000002274,",",es,s,#,s,s,final
389.51156371643873,1901.400354229269,2627.548544318411,3.2155904447048886,3.285105839040365,3.649598069923441,6230.7692307692305,0.0007855875749748355,282.60775,0.035,0.33653846153846156,0-0-887-5,e,42d56bbf-Audio_SP23_part01,group_0,1,fave,104.83366309589509,73.32129309959896,4,problemática,"",0.08000000000004093,la,[silence],l,m,l,m,internal
389.1634435234836,1490.2962193254357,2216.7414116458563,2.9067828787198855,3.925493617303011,3.3284552995854684,5871.794871794871,0.00006075517904314142,284.72374999999994,0.027000000000000003,0.32142857142857145,0-0-892-5,e,42d56bbf-Audio_SP23_part01,group_0,1,fave,179.0106087588788,73.89013119913054,4,problemática,"",0.060000000000002274,otra,[silence],l,m,l,m,internal
295.26299918223594,2293.551600503586,2469.4636586605093,3.0584469561058474,3.2824596882436308,4.272185439269937,5692.3076923076915,0.00005419577182476963,289.68575,0.031,0.32978723404255317,0-0-909-0,e,42d56bbf-Audio_SP23_part01,group_0,1,fave,180.7329332713367,81.10813224630745,4,en,"",0.06999999999999318,aparecen,cualquier,#,n,n,n,initial
374.3422622270381,2126.86671105986,2441.717842211591,2.7082784404147744,3.3283223566456854,3.767277094184183,6051.282051282051,0.0012153162080606786,293.13875,0.057,0.32758620689655177,0-0-920-0,e,42d56bbf-Audio_SP23_part01,group_0,1,fave,152.9861914969787,73.16256748032131,4,esclaviza,"",0.14999999999997726,[silence],a,#,s,.,s,initial
312.28022489923745,1962.3347169412218,2422.349313670412,2.801684810372183,3.363149126252773,3.8011314448204385,6230.7692307692305,0.004004141993815143,295.45875,0.057,0.32758620689655177,0-0-926-1,e,42d56bbf-Audio_SP23_part01,group_0,1,fave,145.64470742527888,78.07975557046694,4,tener,"",0.14999999999997726,al,que,t,n,t,n,internal
410.47880525682166,1781.6952434104464,2375.1663385674838,2.578671409097098,3.7305799464306415,3.102044853349281,5692.3076923076915,0.00003730197392195331,297.63374999999996,0.027000000000000003,0.32142857142857145,0-0-932-1,e,42d56bbf-Audio_SP23_part01,group_0,1,fave,143.11527614966482,77.94375067339769,4,pegado,"",0.060000000000002274,horas,",",p,g,p,g,internal
401.02314463280726,1875.0471174799795,2445.109819679694,2.408018019019973,4.10161978059198,3.331047038024541,5871.794871794871,0.000010001966476889341,299.83275000000003,0.025,0.33783783783783783,0-0-941-4,e,42d56bbf-Audio_SP23_part01,group_0,1,fave,137.57745002325106,80.41618808060808,4,Porque,"",0.05000000000001137,[silence],por,k,#,k,p,final
389.427006279788,1971.915677751954,2401.308761234471,2.833589039984029,3.6186923310637735,4.302380490153926,6589.74358974359,0.0001863023771078728,304.02374999999995,0.027000000000000003,0.32142857142857145,0-0-961-0,e,42d56bbf-Audio_SP23_part01,group_0,1,fave,149.99886517016046,76.96688467663564,4,ejemplo,"",0.060000000000002274,por,",",#,x,R,x,initial
408.1918030976158,1560.1461175601464,2233.395225733177,2.703371662392401,3.326209596620985,4.011211638998732,4974.358974358975,0.00003078755385029095,305.62375,0.027000000000000003,0.32142857142857145,0-0-967-1,e,42d56bbf-Audio_SP23_part01,group_0,1,fave,145.52117086723524,72.32566132374714,4,despierto,"",0.060000000000002274,estar,",",d,s,d,s,internal
368.1116458412897,2046.528368499364,2445.016790022868,2.552626973966329,3.1679119127991866,3.491372456854016,5512.820512820513,0.00005156415839645609,307.71374999999995,0.027000000000000003,0.32142857142857145,0-0-973-1,e,42d56bbf-Audio_SP23_part01,group_0,1,fave,126.29578071736543,77.85825107799606,4,de,"",0.060000000000002274,[silence],allí,d,#,d,á,final
331.7219158736822,2100.4294967770297,2631.094370148617,2.774923640027288,3.330613782274072,4.248219998773501,6410.25641025641,2.990821085458171e-6,308.04275,0.025,0.33783783783783783,0-0-975-1,e,42d56bbf-Audio_SP23_part01,group_0,1,fave,131.57132517634201,78.9912588116828,4,de,"",0.05000000000001137,allí,Microworkers,d,#,d,m,final
386.5080288112768,1676.4044404866752,2436.7195654840625,3.3066186446479433,3.2017034887084246,3.2616709651494546,5692.3076923076915,0.0003917883493413143,308.86375,0.027000000000000003,0.32142857142857145,0-0-978-1,e,42d56bbf-Audio_SP23_part01,group_0,1,fave,126.77409177555988,75.37064575068302,4,me,"",0.060000000000002274,que,dicen,m,#,m,d,final
446.2053112959906,2082.312248001136,3259.2779120285873,2.363451314290251,3.273607047632818,4.162758329959416,7666.666666666666,0.00016682107007827792,310.71275,0.025,0.33783783783783783,0-0-986-1,e,42d56bbf-Audio_SP23_part01,group_0,1,fave,216.56037318371833,76.80761394300674,4,pegados,"",0.05000000000001137,horas,ahí,p,g,p,g,internal
454.184165104153,1742.3439260598227,2423.8709793361213,2.4432793548923404,3.8045889888771467,3.874068505186932,5692.3076923076915,0.0024580928994407387,313.84775,0.035,0.33653846153846156,0-0-997-6,e,42d56bbf-Audio_SP23_part01,group_0,1,fave,225.0149376487222,78.9702398511348,4,entonces,"",0.08000000000004093,",",[silence],z,s,z,s,internal
460.0246752623969,2091.8997406230924,2400.813336584948,2.596136634197341,3.490444750813027,4.190302114901379,5871.794871794871,0.0002074024177308463,314.38775000000004,0.035,0.3365384615384616,0-0-999-0,e,42d56bbf-Audio_SP23_part01,group_0,1,fave,170.4752083483397,73.96629875274239,4,en,"",0.07999999999998408,[silence],resumen,#,n,.,n,initial
356.69446824707177,2022.593206227019,2547.6314616680124,2.704475229265921,3.1350504045115755,3.5902553993870767,6410.25641025641,0.0002564097339038844,318.58574999999996,0.031,0.32978723404255317,0-0-1019-4,e,42d56bbf-Audio_SP23_part01,group_0,1,fave,157.66567203269972,77.1932066934141,4,mantenido,"",0.06999999999999318,ha,vivo,t,n,t,n,internal
375.01799950345173,2022.2805904871734,2428.5892222985713,2.898270601937908,3.625803693737158,4.157936352803754,6769.2307692307695,0.0017261275148981318,319.88375,0.047,0.3263888888888889,0-0-1023-1,e,42d56bbf-Audio_SP23_part01,group_0,1,fave,132.46102611887895,72.92495549961815,4,despierto,"",0.12000000000000455,y,porque,d,s,d,s,internal
415.79531812698144,2199.8755439717347,2539.16895977495,2.5333842492592247,2.9940691541337117,3.1279899853133966,6769.2307692307695,0.000026020113518039686,320.65775,0.035,0.3365384615384616,0-0-1024-4,e,42d56bbf-Audio_SP23_part01,group_0,1,fave,145.53402942577253,76.78303365642527,4,porque,"",0.08000000000004093,despierto,las,k,#,k,l,final
403.20699823795763,2245.9374058839444,2328.852789118972,2.7887808351538745,3.686142171203315,4.695144772730424,6230.7692307692305,0.0000975685076726882,321.04374999999993,0.027000000000000003,0.32142857142857145,0-0-1026-3,e,42d56bbf-Audio_SP23_part01,group_0,1,fave,119.13111486202128,73.4082195548826,4,redes,"",0.060000000000002274,las,sociales,d,s,d,s,internal
389.00268823784296,2094.5189556560986,2489.794780363033,2.5713341947030766,3.073348089272443,3.806391568874792,6051.282051282051,0.0012404548503516248,321.56775000000005,0.035,0.33653846153846156,0-0-1027-6,e,42d56bbf-Audio_SP23_part01,group_0,1,fave,167.6686603340984,76.8292108863337,4,sociales,"",0.07999999999998408,redes,[silence],l,s,l,s,internal
380.48023856253445,1535.983157107829,2366.3001600043763,3.012805383216662,3.7278040849065257,3.0832733926039584,6410.25641025641,0.00012525635128119114,324.06575,0.031,0.32978723404255317,0-0-1041-3,e,42d56bbf-Audio_SP23_part01,group_0,1,fave,125.8998698711093,76.71338349597205,4,sabes,"",0.06999999999999318,tú,que,b,s,b,s,internal
340.43170851234606,1987.9150551882217,2436.420447690662,2.4018449726835827,3.0150652642594546,3.704118818486219,5692.3076923076915,0.00005563915294166556,327.60374999999993,0.027000000000000003,0.32142857142857145,0-0-1055-3,e,42d56bbf-Audio_SP23_part01,group_0,1,fave,116.42359716576325,74.94279124686804,4,inteligencia,"",0.060000000000002274,la,artificial,t,l,t,l,internal
396.20763235543694,1718.7814642986039,2481.8653611799173,3.051461034458869,3.350706708391105,4.604242166873521,6230.7692307692305,5.886711992666509e-6,332.26275000000004,0.025,0.33783783783783783,0-0-1071-0,e,42d56bbf-Audio_SP23_part01,group_0,1,fave,143.65336641498945,78.26447849781262,4,en,"",0.05000000000001137,artificial,algunas,#,n,l,n,initial
370.9978858622917,1969.5616693443355,2379.853500628845,2.4776626396442207,3.503653082452816,3.5268472245087503,5333.333333333333,0.00002633261642606039,334.96374999999995,0.027000000000000003,0.32142857142857145,0-0-1082-12,e,42d56bbf-Audio_SP23_part01,group_0,1,fave,176.5079608571657,77.29699770134924,4,relativamente,"",0.060000000000002274,son,fácil,t,#,t,f,final
326.8780555383127,1967.8478785104903,3852.8985649433107,3.659215095207659,3.873438002027405,3.6527681422478286,6589.74358974359,0.000012237438417424487,340.13275000000004,0.025,0.33783783783783783,0-0-1101-1,e,42d56bbf-Audio_SP23_part01,group_0,1,fave,238.37460477117358,79.01323203479502,4,sé,"",0.05000000000001137,no,por,s,#,s,p,final
362.0530709184423,1913.2601193497137,3525.9135249726173,3.452814229412437,3.094160895021133,4.106951462372651,6769.2307692307695,0.0002661112821136532,343.46275,0.025,0.33783783783783783,0-0-1115-1,e,42d56bbf-Audio_SP23_part01,group_0,1,fave,90.2640925073049,73.77882807973458,4,te,"",0.05000000000001137,que,la,t,#,t,l,final
416.97191244376,2105.874969637741,3789.3641106135883,3.7800837524058886,3.877740263207388,4.6709783010612425,8923.076923076922,0.00003452688315003222,345.10275,0.025,0.33783783783783783,0-0-1123-0,e,42d56bbf-Audio_SP23_part01,group_0,1,fave,164.26585923034986,78.83554852775336,4,el,"",0.05000000000001137,pagan,mismo,#,l,n,l,initial
413.0692513965425,1695.7420690732831,2277.6769816928954,2.233251354720359,3.0283302315026153,3.4520169495968274,4615.384615384615,0.0007541156951530567,347.15574999999995,0.031,0.32978723404255317,0-0-1137-1,e,42d56bbf-Audio_SP23_part01,group_0,1,fave,203.68555481859573,79.01105531627373,4,de,"",0.06999999999999318,tareas,Microworkers,d,#,d,m,final
425.8481109361803,2014.1315821719097,2308.79635205662,3.4860515710267377,2.830264506102293,4.488935411625061,5871.794871794871,0.0006097790490062289,348.51775000000004,0.035,0.3365384615384616,0-0-1144-4,e,42d56bbf-Audio_SP23_part01,group_0,1,fave,234.48597407209692,65.6258176411198,4,siete,"",0.07999999999998408,los,días,t,#,t,d,final
329.0192454683374,2271.2455760671714,3834.703714074906,3.2839158063602825,3.3853572491911414,3.719789174181267,7846.153846153846,0.00003931663278283272,350.94374999999997,0.027000000000000003,0.32142857142857145,0-0-1158-0,e,42d56bbf-Audio_SP23_part01,group_0,1,fave,146.46842467209697,81.59448603101563,4,entender,"",0.060000000000002274,yo,no,#,n,ó,n,initial
383.9775138598339,1949.527156738491,2371.5370455533334,2.274327699369934,3.1968496553878007,3.62644232439721,5333.333333333333,0.0006940990038409219,351.12075,0.041,0.3306451612903226,0-0-1158-3,e,42d56bbf-Audio_SP23_part01,group_0,1,fave,141.01919887166525,81.07919470016793,4,entender,"",0.0999999999999659,yo,no,t,n,t,n,internal
416.59077365053093,2051.626525649159,3721.2570629681377,3.3240903297154873,3.0260176302745543,4.384243812527855,7487.179487179487,0.0004187848973725574,352.62375000000003,0.047,0.3263888888888889,0-0-1163-1,e,42d56bbf-Audio_SP23_part01,group_0,1,fave,197.05578931576346,81.45787827786243,4,de,"",0.12000000000000455,tareas,estas,d,#,d,é,final
399.38283385557605,1878.5859462670785,3532.6955075679703,2.5301949311092113,3.8928797836497138,3.7429474743053097,6589.74358974359,0.00006703994431657493,354.65275,0.025,0.33783783783783783,0-0-1171-3,e,42d56bbf-Audio_SP23_part01,group_0,1,fave,144.43382855142423,76.25748543906155,4,vale,"",0.05000000000001137,pero,muy,l,#,l,m,final
342.0988533639416,1968.2199274265358,3484.0170651859685,3.047774641049164,3.3774317988414126,4.4158387873137,6589.74358974359,0.002298018339697695,356.50875,0.037,0.32456140350877194,0-0-1178-1,e,42d56bbf-Audio_SP23_part01,group_0,1,fave,178.8304308187389,81.09886798500861,4,se,"",0.08999999999997499,y,ponen,s,#,s,p,final
362.83107765357573,1739.8349910433267,3683.2676404729455,4.065665162416447,3.7699123782021404,3.4686634428728707,6410.25641025641,0.00016233552113306432,356.78275,0.025,0.33783783783783783,0-0-1179-3,e,42d56bbf-Audio_SP23_part01,group_0,1,fave,223.90618488865573,81.05938361415026,4,ponen,"",0.05000000000001137,se,a,n,n,n,n,internal
409.49180962101383,2075.4578902480466,3673.2393782426657,2.943737109232021,3.6111145591082754,3.4403377483964594,6769.2307692307695,0.0007557589688164889,357.30574999999993,0.051000000000000004,0.3311688311688312,0-0-1182-2,e,42d56bbf-Audio_SP23_part01,group_0,1,fave,183.16487593347898,80.00538419498054,4,creativos,"",0.1300000000000523,ser,con,R,a,R,a,internal
354.37859381170665,2083.009216714065,3596.2357200717706,2.4478716300314254,2.663614457255887,3.3493554919473247,6948.717948717948,0.000013351248823480325,359.68375,0.027000000000000003,0.32142857142857145,0-0-1191-1,e,42d56bbf-Audio_SP23_part01,group_0,1,fave,172.9761709032042,80.1256225403579,4,demasiado,"",0.060000000000002274,son,baratas,d,m,d,m,internal
470.2446392641771,2176.8765354784023,3415.0216851522664,3.890616118746224,3.4559587556780134,4.507336240665586,8384.615384615383,0.004293506547704319,363.25375,0.047,0.3263888888888889,0-0-1203-5,e,42d56bbf-Audio_SP23_part01,group_0,1,fave,189.70655965694579,80.60940599023863,4,complain,"",0.12000000000000455,los,que,l,n,l,n,internal
468.3741521114947,1788.4436270398744,3176.733410419333,3.374850295205626,3.2478160559985714,4.519144461558671,7128.205128205128,0.00013531786167351269,364.74575,0.031,0.32978723404255317,0-0-1211-5,e,42d56bbf-Audio_SP23_part01,group_0,1,fave,164.642618421338,74.43087152653068,4,complain,"",0.06999999999999318,otro,que,l,n,l,n,internal
594.7827975224952,1392.031933245146,2472.1121194859143,3.1740369537571604,4.5550215684984865,4.173613296212362,5333.333333333333,0.000020456998867006206,365.64275000000004,0.025,0.33783783783783783,0-0-1217-0,e,42d56bbf-Audio_SP23_part01,group_0,1,fave,252.01235721889608,70.8405411937978,4,estoy,"",0.05000000000001137,lo,adelantando,#,s,o,s,initial
300.70037925335856,2046.2321014780894,3578.016044846918,3.708266401075551,3.5949047813011203,4.844045174757894,6410.25641025641,0.000353070847956422,377.01574999999997,0.031,0.32978723404255317,0-0-1267-1,e,42d56bbf-Audio_SP23_part01,group_0,1,fave,208.46651737335785,77.3697629351441,4,sentido,"",0.06999999999999318,tiene,reclamarle,s,n,s,n,internal
328.39416811815573,1937.0293871995073,2326.4236733773864,2.270028249798108,3.0693917534272175,3.211175257211385,5333.333333333333,0.000028245991822372293,380.73375,0.027000000000000003,0.32142857142857145,0-0-1282-3,e,42d56bbf-Audio_SP23_part01,group_0,1,fave,140.5111525111418,72.88111336647803,4,entender,"",0.05999999999994543,a,",",t,n,t,n,internal
384.1131625151809,1774.7909379235539,2465.2460455361293,3.222616502536058,3.5600357548278048,3.6272578313640085,6051.282051282051,0.000806387587030419,382.71074999999996,0.041,0.3306451612903226,0-0-1291-1,e,42d56bbf-Audio_SP23_part01,group_0,1,fave,184.07912573660442,74.92582048369823,4,reclamas,"",0.10000000000002274,tú,",",r,k,r,k,internal
391.01212821717627,2213.1496927014123,3795.053350045781,2.072521225047579,3.6913239841725254,4.174874713284663,6230.7692307692305,0.00010089494456697546,384.52574999999996,0.031,0.32978723404255317,0-0-1301-1,e,42d56bbf-Audio_SP23_part01,group_0,1,fave,135.78142268279646,76.0128628687099,4,te,"",0.06999999999999318,no,pagan,t,#,t,p,final
454.7497609583794,1881.6316135885631,3916.1247872091985,2.461906961819709,3.310769858226712,3.854986220103761,7128.205128205128,0.0001882535285823251,391.58574999999996,0.031,0.32978723404255317,0-0-1329-1,e,42d56bbf-Audio_SP23_part01,group_0,1,fave,224.29010775717364,79.98904267139612,4,desliz,"",0.06999999999999318,un,[silence],d,s,d,s,internal
386.6479860171092,2015.979500431556,3902.410319628318,3.415877210855261,3.303154222110327,5.2683001419986795,7307.692307692308,0.0001526475401588668,393.88275000000004,0.025,0.33783783783783783,0-0-1334-12,e,42d56bbf-Audio_SP23_part01,group_0,1,fave,175.85829871939572,78.75626286407855,4,prácticamente,"",0.05000000000001137,mí,me,t,#,t,m,final
476.1449355051484,1921.419965215768,3561.30634668863,3.782278034227128,3.744021328576012,4.670575248273641,6769.2307692307695,0.00034756611278405954,393.96574999999996,0.031,0.32978723404255317,0-0-1335-1,e,42d56bbf-Audio_SP23_part01,group_0,1,fave,211.94612305499865,73.98914268548121,4,me,"",0.06999999999999318,prácticamente,mandaron,m,#,m,m,final
388.8591704757042,2162.221603431123,4244.6532221856905,3.0248501196192943,3.2349353189955647,4.507486622607745,7846.153846153846,0.0011940477612100119,395.67375,0.027000000000000003,0.32142857142857145,0-0-1339-6,e,42d56bbf-Audio_SP23_part01,group_0,1,fave,201.39617436077586,76.26435769888069,4,mensajes,"",0.060000000000002274,unos,[silence],x,s,x,s,internal
387.13476041724476,1943.148444375356,2303.230342994077,2.121387272016707,3.2948295908925274,3.8914966934461566,5153.846153846154,0.00013937804280331821,396.86575,0.031,0.32978723404255317,0-0-1342-12,e,42d56bbf-Audio_SP23_part01,group_0,1,fave,189.92498416206217,80.26226298883077,4,prácticamente,"",0.06999999999999318,que,me,t,#,t,m,final
421.52764110120677,1738.5966086192568,3371.855265210713,3.095672228920255,3.479566400502267,4.82713301837956,6589.74358974359,0.000036456504109771035,397.62275000000005,0.025,0.33783783783783783,0-0-1347-1,e,42d56bbf-Audio_SP23_part01,group_0,1,fave,144.42642109690766,76.06763127754685,4,te,"",0.05000000000001137,mira,vamos,t,#,t,b,final
407.27350857792413,1535.7019790321729,2343.2753519222047,2.5872887447650563,3.722053807016047,3.0282317038035313,5333.333333333333,0.00005675595573513262,398.10275,0.025,0.33783783783783783,0-0-1349-4,e,42d56bbf-Audio_SP23_part01,group_0,1,fave,142.56987944135656,78.16506197969015,4,suspender,"",0.05000000000001137,vamos,la,p,n,p,n,internal
379.92642310772595,1934.6471006500306,2465.8413110368924,2.7009935884849026,3.0236740795593366,3.2165850586272136,4974.358974358975,0.0002216078605241131,400.45574999999997,0.031,0.32978723404255317,0-0-1357-3,e,42d56bbf-Audio_SP23_part01,group_0,1,fave,148.73891229510465,80.93489529837912,4,indebido,"",0.06999999999999318,algo,que,d,b,d,b,internal
393.80022170470284,1845.4587976874814,3703.617083599822,3.3457590583004464,3.14139252787937,4.8055068442253,6948.717948717948,0.00006668612602360453,403.41275,0.025,0.33783783783783783,0-0-1370-6,e,42d56bbf-Audio_SP23_part01,group_0,1,fave,238.51988468210047,78.49027300829736,4,entonces,"",0.05000000000001137,pero,perdona,z,s,z,s,internal
311.77136319900455,1557.4267126708392,3514.815122263235,3.1404379303845062,3.7622801828753114,4.394118824690776,7128.205128205128,0.0013963674491130383,404.01374999999996,0.027000000000000003,0.32142857142857145,0-0-1373-0,e,42d56bbf-Audio_SP23_part01,group_0,1,fave,81.67998734297082,77.56994949169342,4,expresión,"",0.060000000000002274,la,",",#,s,a,s,initial
428.5556939039855,1836.19049356474,2579.1556203710943,2.5742784625635915,3.0890843105829586,3.8785063920839185,4794.871794871795,0.00001758785683868901,407.08275000000003,0.025,0.33783783783783783,0-0-1386-2,e,42d56bbf-Audio_SP23_part01,group_0,1,fave,214.33832413821122,79.28208999276474,4,hacen,"",0.05000000000001137,",",una,z,n,z,n,internal
435.18579174970534,1925.5282852360124,3873.998999919383,3.396345558362133,3.410121248094324,4.5014964337635215,6769.2307692307695,0.000011101351814239453,407.85275,0.025,0.33783783783783783,0-0-1389-1,e,42d56bbf-Audio_SP23_part01,group_0,1,fave,204.9148987445105,79.01246340308465,4,de,"",0.05000000000001137,cantidad,desmanes,d,#,d,d,final
381.9535473257009,2211.043082126014,2451.626389402167,2.642379475352726,3.4041083450146097,3.606606397169389,5871.794871794871,0.0020893085843923624,410.47375,0.047,0.3263888888888889,0-0-1400-2,e,42d56bbf-Audio_SP23_part01,group_0,1,fave,155.01170088568088,78.24706489079725,4,ese,"",0.12000000000000455,[silence],es,s,#,s,s,final
332.02509240679484,1687.3138052495815,3479.0149246141123,2.5596174713064097,3.5390405923956734,3.8764654725710006,6410.25641025641,0.000021008199525016978,412.01275000000004,0.025,0.33783783783783783,0-0-1405-1,e,42d56bbf-Audio_SP23_part01,group_0,1,fave,152.82797230798613,83.30962187580664,4,de,"",0.05000000000001137,ya,una,d,#,d,ú,final
348.55035617705823,2124.310509199381,3777.6637649673908,2.843048523071852,3.4350857287290877,4.961463338512917,6769.2307692307695,0.0009117584243265899,412.50374999999997,0.027000000000000003,0.32142857142857145,0-0-1408-1,e,42d56bbf-Audio_SP23_part01,group_0,1,fave,207.9309992174498,78.11429668055852,4,te,"",0.060000000000002274,vez,estoy,t,#,t,s,final
362.5043580853616,2240.672504409247,3721.4362722560404,3.333571310425035,2.8218014495831665,4.0410022446250435,7666.666666666666,0.0022265757387434732,414.47375,0.067,0.32843137254901966,0-0-1416-1,e,42d56bbf-Audio_SP23_part01,group_0,1,fave,122.88016188490202,71.57505356727722,4,De,"",0.18000000000000682,[silence],que,d,#,d,k,final
411.0604982466995,1723.5517775355852,2215.1952925333326,2.641127641491281,3.3660007218076875,2.399515440703628,5871.794871794871,0.00018077533999028364,416.23575,0.031,0.32978723404255317,0-0-1424-4,e,42d56bbf-Audio_SP23_part01,group_0,1,fave,135.2886128560296,75.87029461885649,4,ocurre,"",0.06999999999999318,qué,.,r,#,r,.,final
415.0942195209488,1911.8454530250167,3362.19633675298,3.1551323433643796,3.8852964934050487,5.275080557098457,6589.74358974359,0.00029248012796548176,417.08275000000003,0.025,0.33783783783783783,0-0-1427-4,e,42d56bbf-Audio_SP23_part01,group_0,1,fave,153.14965871516875,80.6108808818027,4,parte,"",0.05000000000001137,La,buena,t,#,t,b,final
405.6599034896743,1189.5758583021416,2337.5979351115875,3.029041100763288,3.626305422473681,2.7410281496144293,6230.7692307692305,0.00048151466662886257,419.24575,0.031,0.32978723404255317,0-0-1440-1,e,42d56bbf-Audio_SP23_part01,group_0,1,fave,183.54809733409917,79.39734268698247,4,me,"",0.06999999999999318,yo,metí,m,#,m,m,final
459.47862821589405,2130.0208744705296,4080.798223591321,3.20458254363809,3.127735967090753,4.079792134548901,7846.153846153846,0.0021639183786350395,425.92575,0.07100000000000001,0.3317757009345795,0-0-1465-1,e,42d56bbf-Audio_SP23_part01,group_0,1,fave,220.72460836734655,78.80787460540593,4,chévere,"",0.18999999999999773,estaba,yo,h,b,h,b,internal
376.32373650485505,1934.636643561905,2434.546657606797,2.7746542518205444,3.8663096439083255,3.8954037948432205,6051.282051282051,0.00002315918826668778,426.92575,0.031,0.32978723404255317,0-0-1469-1,e,42d56bbf-Audio_SP23_part01,group_0,1,fave,154.0783867203561,78.94515150652164,4,de,"",0.06999999999999318,más,cien,d,#,d,z,final
440.78697820662984,1925.0161657795672,2535.353304600806,2.653351446226998,3.4955365597264683,3.492817357833916,4974.358974358975,0.00034632861915773585,433.59574999999995,0.051000000000000004,0.3311688311688311,0-0-1498-4,e,42d56bbf-Audio_SP23_part01,group_0,1,fave,120.4850867172793,72.16860629904346,4,porque,"",0.12999999999999545,[silence],simplemente,k,#,k,s,final
404.173361968826,1817.2883255921442,2439.1150457438316,2.2956074025339426,3.7641341456327306,3.44825759578581,5871.794871794871,0.00034441744161349454,436.55875000000003,0.037000000000000005,0.324561403508772,0-0-1512-6,e,42d56bbf-Audio_SP23_part01,group_0,1,fave,134.7381452760354,79.9286372756832,4,acumulé,"",0.08999999999997499,Yo,ahí,l,#,l,á,final
356.0912943684228,1886.2332305683028,2418.2673194019167,3.011983660389142,3.416083808644488,4.660075662971564,6230.7692307692305,0.00015114593399343925,437.71374999999995,0.027000000000000003,0.32142857142857145,0-0-1516-4,e,42d56bbf-Audio_SP23_part01,group_0,1,fave,172.24669985592695,77.50943623849221,4,siete,"",0.060000000000002274,[silence],dólares,t,#,t,d,final
375.7171752850053,1676.5761048250124,2378.964519605529,3.153297904831284,4.051215404838274,4.025908139196535,6051.282051282051,0.000041059219570159215,438.00275000000005,0.025,0.33783783783783783,0-0-1517-5,e,42d56bbf-Audio_SP23_part01,group_0,1,fave,192.4260426989169,74.46636683979176,4,dólares,"",0.05000000000001137,siete,",",R,s,R,s,internal
319.0718443628453,1560.6911622969326,2338.3905445235214,3.058819852925902,3.621625838463815,3.776807409071198,4435.897435897436,0.005936685981532286,441.23575,0.031,0.32978723404255317,0-0-1534-4,e,42d56bbf-Audio_SP23_part01,group_0,1,fave,485.159003045792,62.99764366784347,4,puede,"",0.06999999999999318,los,sacar,d,#,d,s,final
374.62859379250415,2103.9876256698644,3116.8337812145296,3.9035631182095996,3.3580103681404823,4.917988485604985,7128.205128205128,0.000937867247585479,443.29574999999994,0.031,0.32978723404255317,0-0-1545-1,e,42d56bbf-Audio_SP23_part01,group_0,1,fave,134.93800615990122,75.30770438246074,4,me,"",0.07000000000005002,mí,que,m,#,m,k,final
260.42001554651114,1756.0263174662637,2302.8207923459163,3.221957733026168,3.461253295953987,3.609885096116713,4794.871794871795,0.00008290556197725678,443.56275000000005,0.025,0.33783783783783783,0-0-1547-2,e,42d56bbf-Audio_SP23_part01,group_0,1,fave,188.07780518251354,74.0536574026136,4,hace,"",0.05000000000001137,que,poco,z,#,z,p,final
377.8635497022138,2233.7273773932816,4083.9734906496933,4.372282785440945,3.2103713070092903,4.5928257601023486,8384.615384615383,0.002233234600504129,447.53574999999995,0.031,0.32978723404255317,0-0-1565-1,e,42d56bbf-Audio_SP23_part01,group_0,1,fave,272.3920996861998,76.95540733683262,4,me,"",0.06999999999999318,",",hizo,m,#,m,í,final
281.8787750296218,1691.4699296848491,2606.038253985366,3.23021734735971,3.6918963429818743,4.898270615491035,5871.794871794871,0.00029095876100842665,448.05375,0.027000000000000003,0.32142857142857145,0-0-1568-1,e,42d56bbf-Audio_SP23_part01,group_0,1,fave,185.12730524963408,77.13541906521846,4,certificada,"",0.060000000000002274,[silence],que,z,R,z,R,internal
399.6721616439424,2022.1287749422277,3695.3545022941184,3.9965470217094805,3.48602502269259,4.308895503629415,7487.179487179487,0.0003256493834659181,449.83374999999995,0.027000000000000003,0.32142857142857145,0-0-1575-4,e,42d56bbf-Audio_SP23_part01,group_0,1,fave,116.34101140057751,72.8620617647891,4,porque,"",0.060000000000002274,",",ese,k,#,k,s,final
355.24976426609567,1763.7739968689564,2357.1995497128746,2.772675476196036,2.997682063809584,3.8943733160212806,5153.846153846154,0.000014593007313353593,450.90275,0.025,0.33783783783783783,0-0-1582-1,e,42d56bbf-Audio_SP23_part01,group_0,1,fave,139.74238374423325,72.98842523120791,4,tenemos,"",0.05000000000001137,que,en,t,n,t,n,internal
350.79219194565144,1771.3343022056995,2389.7037440131244,2.7780426113188237,3.265773691503805,3.453111706672163,5692.3076923076915,0.000021180186489616552,451.26275000000004,0.025,0.33783783783783783,0-0-1584-1,e,42d56bbf-Audio_SP23_part01,group_0,1,fave,148.4564620192049,76.73450059841375,4,Venezuela,"",0.05000000000001137,en,.,b,n,b,n,internal
332.0107894451953,1832.850842123609,2381.7494995434054,2.35567287423383,3.12419986751361,4.064039297762471,6051.282051282051,0.00009151317188764575,451.35374999999993,0.027000000000000003,0.32142857142857145,0-0-1584-3,e,42d56bbf-Audio_SP23_part01,group_0,1,fave,114.15156404895188,68.79627166153486,4,Venezuela,"",0.060000000000002274,en,.,n,z,n,z,internal
365.32575403350614,1837.1309347532233,2420.851159028774,2.1967881272037495,3.632747257634799,3.589175526795202,5871.794871794871,0.0001537327848635779,453.14875,0.037000000000000005,0.324561403508772,0-0-1594-1,e,42d56bbf-Audio_SP23_part01,group_0,1,fave,129.4496363326122,77.16519234676818,4,Te,"",0.09000000000003183,[silence],pagan,t,#,t,p,final
393.98507165387804,1836.9312922892825,2336.725263520113,2.3388664910207746,3.636616952966957,3.3202364524077193,6410.25641025641,0.0005061517698133297,457.14074999999997,0.041,0.3306451612903226,0-0-1612-1,e,42d56bbf-Audio_SP23_part01,group_0,1,fave,126.28362172400413,77.62516713529764,4,benditas,"",0.10000000000002274,[silence],sanciones,b,n,b,n,internal
391.6214418722377,1968.1565747933207,2310.1497956458143,2.0157215306128355,3.491986563850481,2.729832860325189,6230.7692307692305,4.958078824347126e-6,459.64275000000004,0.025,0.33783783783783783,0-0-1621-6,e,42d56bbf-Audio_SP23_part01,group_0,1,fave,194.76457692755298,81.6927505458593,4,Entonces,"",0.05000000000001137,.,qué,z,s,z,s,internal
373.8238278839035,1845.5915897878192,3036.026748983883,3.1666047089208065,3.7820585120672328,4.753129719993341,7487.179487179487,0.0004067695260192775,460.69575,0.031,0.32978723404255317,0-0-1627-0,e,42d56bbf-Audio_SP23_part01,group_0,1,fave,180.1097804239764,82.38469506041291,4,entonces,"",0.06999999999999318,tú,tiene,#,n,u,n,initial
348.82687141085427,1871.4531692199253,2489.177700780934,3.042079198414974,3.1243338716321514,3.632052244818173,6410.25641025641,0.00004007201332168679,461.23375,0.027000000000000003,0.32142857142857145,0-0-1628-4,e,42d56bbf-Audio_SP23_part01,group_0,1,fave,166.64698519769607,78.23397973052823,4,tiene,"",0.05999999999994543,entonces,que,n,#,n,k,final
512.5417651057661,2109.451913777843,4641.0973647908195,3.9779135908116032,3.228626064255262,4.587791730785104,8743.589743589742,0.01669232901987652,462.39275000000004,0.045,0.33582089552238803,0-0-1633-1,e,42d56bbf-Audio_SP23_part01,group_0,1,fave,190.07609307327593,80.29060295253835,4,mecanismo,"",0.11000000000001364,un,como,m,k,m,k,internal
346.083917723876,2239.6325159016587,3796.2169569151624,3.869909882048422,3.119426548242788,5.083953631729215,8384.615384615383,0.004527996836266098,466.95775000000003,0.035,0.3365384615384616,0-0-1651-0,e,42d56bbf-Audio_SP23_part01,group_0,1,fave,131.65937900207774,74.71794325784701,4,en,"",0.07999999999998408,cuenta,Estados,#,n,a,n,initial
445.9866925145241,1877.0921989920205,3315.412253793509,3.9961280700192674,3.743679509461029,4.0134559943098465,7128.205128205128,0.00010319800670660056,468.19275000000005,0.025,0.33783783783783783,0-0-1656-3,e,42d56bbf-Audio_SP23_part01,group_0,1,fave,190.55640890303295,81.86370028557884,4,tuve,"",0.05000000000001137,entonces,que,b,#,b,k,final
448.69421257562897,2133.8271764373762,3824.3852004954765,3.3225661303090837,2.8094076279562707,3.953826890453941,7846.153846153846,0.0010823226683393033,468.70875,0.037000000000000005,0.324561403508772,0-0-1660-1,e,42d56bbf-Audio_SP23_part01,group_0,1,fave,178.4111674710197,75.48410473120792,4,mecanismo,"",0.08999999999997499,un,[silence],m,k,m,k,internal
357.74628198289065,1868.0640726603992,2681.434093887382,3.39809674397745,3.4109864061008373,3.645565890207234,4974.358974358975,0.00006552147031949468,474.57374999999996,0.027000000000000003,0.32142857142857145,0-0-1680-6,e,42d56bbf-Audio_SP23_part01,group_0,1,fave,249.70018538343848,78.9036320118283,4,Entonces,"",0.060000000000002274,.,ellos,z,s,z,s,internal
272.68831398294736,1848.0862223555232,2464.7605928699377,2.8753394109861543,3.535094084950931,3.7339605613799014,4794.871794871795,0.00017838489366300017,476.52374999999995,0.027000000000000003,0.32142857142857145,0-0-1687-3,e,42d56bbf-Audio_SP23_part01,group_0,1,fave,253.29175071882287,75.48811502363604,4,meses,"",0.060000000000002274,ocho,ahí,s,s,s,s,internal
371.1015465714691,2100.586617465366,3407.3500475999276,3.4817103052127005,2.885625783284606,4.173016210941338,6589.74358974359,0.00013609207341205759,478.58574999999996,0.031,0.32978723404255317,0-0-1698-1,e,42d56bbf-Audio_SP23_part01,group_0,1,fave,180.39943152503318,81.05980539514472,4,les,"",0.06999999999999318,y,escribo,l,s,l,s,internal
218.38415239933232,2075.17492743411,2548.571796990077,3.035123883647681,3.6766194727942234,4.31872349408905,5153.846153846154,0.008473014786982685,478.69775,0.055,0.33536585365853655,0-0-1699-0,e,42d56bbf-Audio_SP23_part01,group_0,1,fave,180.9636821846597,75.36305100600389,4,escribo,"",0.13999999999998636,les,y,#,s,s,s,initial
415.77585092474686,2134.6768428134537,3550.1138903203355,2.515241358666211,3.181841687522326,4.899650528738821,7487.179487179487,0.0005178453917639398,479.28775,0.035,0.33653846153846156,0-0-1701-1,e,42d56bbf-Audio_SP23_part01,group_0,1,fave,201.9194002705892,80.04858597210185,4,les,"",0.08000000000004093,y,escribo,l,s,l,s,internal
386.52838671078365,2067.5800663655696,2368.459009354666,2.6071745441070067,3.6388513291866986,3.6885540926865716,5153.846153846154,0.00182725870297043,479.40774999999996,0.055,0.33536585365853655,0-0-1702-0,e,42d56bbf-Audio_SP23_part01,group_0,1,fave,157.57728192076007,76.42624156424468,4,escribo,"",0.13999999999998636,les,[silence],#,s,s,s,initial
373.14990907957844,2118.3699657872153,3031.0465353732693,3.085020535260467,2.7675335061940087,4.748307193442081,7487.179487179487,0.001184903302266731,482.11774999999994,0.055,0.3353658536585366,0-0-1712-4,e,42d56bbf-Audio_SP23_part01,group_0,1,fave,124.72863788699651,77.06752738565827,4,porque,"",0.1400000000000432,",",no,k,#,k,n,final
476.65745952638883,1671.1976644470162,2240.3747016419848,3.036474388928192,3.0757763019732143,3.559444589036064,5871.794871794871,0.00044892954159389856,483.50775000000004,0.035,0.3365384615384616,0-0-1717-1,e,42d56bbf-Audio_SP23_part01,group_0,1,fave,161.47141282616576,77.29257055628682,4,responden,"",0.07999999999998408,sea,así,r,s,r,s,internal
459.84974810076244,1738.8513531826204,2379.557112466646,2.568795725145322,3.44197861708523,2.8670730139988017,5692.3076923076915,0.00009948859925304201,489.63275000000004,0.025,0.33783783783783783,0-0-1742-1,e,42d56bbf-Audio_SP23_part01,group_0,1,fave,159.10969223316962,76.79174539280812,4,de,"",0.05000000000001137,las,Cantinflas,d,#,d,k,final
295.3498371018484,1825.7577886003894,2299.071483992003,3.4187150069386183,3.8235406687176057,3.338292600323258,5512.820512820513,0.00001799938786235086,490.29275,0.025,0.33783783783783783,0-0-1745-1,e,42d56bbf-Audio_SP23_part01,group_0,1,fave,191.09999102840086,79.03508262188429,4,mejores,"",0.05000000000001137,son,pues,m,x,m,x,internal
452.94032396859666,1916.1409905930711,2845.814426536231,3.1359480568153186,3.325659445048274,3.8581608321511727,6230.7692307692305,0.019575766787468685,495.31975,0.13899999999999998,0.33574879227053134,0-0-1758-1,e,42d56bbf-Audio_SP23_part01,group_0,1,fave,234.5159209128269,80.28479423407803,4,le,"",0.38999999999998636,"",[silence],l,#,l,.,final
328.0399551677634,1844.9139718681345,2191.1535880238025,3.483263996731787,3.7860114992513516,4.3734790084812545,5153.846153846154,0.0003441244655128341,496.77574999999996,0.031,0.32978723404255317,0-0-1760-3,e,42d56bbf-Audio_SP23_part01,group_0,1,fave,277.1804991116041,75.54982040171333,4,dices,"",0.06999999999999318,[silence],[silence],z,s,z,s,internal
381.3270319718957,1880.7646972389932,3550.91557969867,3.4367236776981467,3.601829005890119,4.507082492151635,6948.717948717948,0.00027526858425186884,498.12375,0.027000000000000003,0.32142857142857145,0-0-1767-6,e,42d56bbf-Audio_SP23_part01,group_0,1,fave,242.58447807173505,74.38051037792877,4,entonces,"",0.060000000000002274,",",[silence],z,s,z,s,internal
369.65721074181016,1847.2283399796047,2401.6070003969526,2.1769807679119744,3.635700820958173,3.7938782660595844,6230.7692307692305,0.000038583796769549155,500.23575,0.031,0.32978723404255317,0-0-1776-1,e,42d56bbf-Audio_SP23_part01,group_0,1,fave,117.84909535144146,74.9978629900617,4,te,"",0.06999999999999318,[silence],digo,t,#,t,d,final
345.30326317368684,2062.0844640851055,3374.3793481230323,2.6797399292277353,4.023418009430299,4.418236399570162,7666.666666666666,0.002252822822532191,501.18775,0.055,0.33536585365853655,0-0-1780-1,e,42d56bbf-Audio_SP23_part01,group_0,1,fave,175.53959354288156,77.7170852599585,4,de,"",0.13999999999998636,bueno,[silence],d,#,d,.,final
601.752634483636,1715.9379934780027,2240.0477527459566,3.200920368803084,3.310451370019448,3.884109550208838,5871.794871794871,0.00007217956555035339,527.6927499999999,0.025,0.33783783783783783,0-0-1794-4,e,42d56bbf-Audio_SP23_part01,group_0,1,fave,NaN,59.657326045059385,4,parte,"",0.05000000000006821,por,",",t,#,t,.,final
320.0231191385604,2371.3807020220506,2491.353773424685,3.0879816806911418,3.1285451902450183,4.424601543534336,7128.205128205128,0.00004881526852052345,528.5237500000001,0.027000000000000003,0.32142857142857145,0-0-1800-5,e,42d56bbf-Audio_SP23_part01,group_0,1,fave,100.51295024870376,69.47005097455465,4,Fíjate,"",0.06000000000005912,.,.,t,#,t,.,final
424.11405675649047,1879.4482603108593,2258.45853546641,2.5469265606552582,2.949273619631088,3.278583069406243,4615.384615384615,0.0009399953214879876,531.33575,0.11100000000000002,0.3323353293413173,0-0-1804-3,e,42d56bbf-Audio_SP23_part01,group_0,1,fave,199.30334281131096,72.50262906444333,4,Este,"",0.3100000000000591,[silence],[silence],t,#,t,.,final
343.31155979736826,1839.3134110356723,2365.0363058139696,2.4711542813694503,3.284811266197783,3.514622644837764,6410.25641025641,0.00001112796466348101,533.0037500000001,0.027000000000000003,0.32142857142857145,0-0-1813-2,e,42d56bbf-Audio_SP23_part01,group_0,1,fave,148.80789705569967,81.04465294469743,4,creyente,"",0.05999999999994543,muy,en,R,y,R,y,internal
372.55603048875844,1763.3776191790391,2476.3893749250674,2.5448001584175945,3.451061682330187,3.689927386824349,5153.846153846154,0.0008104899433517042,534.02075,0.041,0.3306451612903226,0-0-1818-1,e,42d56bbf-Audio_SP23_part01,group_0,1,fave,116.60988742186552,73.40600545124978,4,sé,"",0.10000000000002274,no,tus,s,#,s,t,final
418.76713832412895,1818.0881379562682,2265.5174630589054,2.989725817582685,3.4114016197820773,3.1348285760715555,5512.820512820513,0.0006811721009346947,534.38275,0.045,0.33582089552238803,0-0-1820-2,e,42d56bbf-Audio_SP23_part01,group_0,1,fave,110.79031128313109,76.44105560907835,4,creencias,"",0.11000000000001364,tus,",",R,é,R,é,internal
371.9727051104259,1793.1647233037725,3411.3527775755347,3.872563745376465,3.9560393243854985,3.7854316210729646,7666.666666666666,0.00034203517837606183,539.42575,0.031,0.32978723404255317,0-0-1840-4,e,42d56bbf-Audio_SP23_part01,group_0,1,fave,213.6796618313796,78.26640703215658,4,porque,"",0.07000000000005002,sea,esa,k,#,k,é,final
389.4247469303715,1627.5414404839753,2268.3181264947066,2.703759482342144,3.7195693679825785,3.008224782883821,5871.794871794871,0.000024915087126848665,540.2437500000001,0.027000000000000003,0.32142857142857145,0-0-1844-1,e,42d56bbf-Audio_SP23_part01,group_0,1,fave,120.26525724889417,75.92298662516616,4,religión,"",0.05999999999994543,la,que,r,l,r,l,internal
334.289766416759,2128.498832621253,2443.3268076976515,2.737314271361338,3.357990770259731,3.997742097731552,6589.74358974359,0.0022893603756179927,543.81075,0.061000000000000006,0.3315217391304348,0-0-1854-3,e,42d56bbf-Audio_SP23_part01,group_0,1,fave,253.71284590200347,69.60346233860447,4,este,"",0.16000000000008185,",",[silence],t,#,t,&,final
327.219102925601,2008.8931916348884,2439.4696978633838,3.033551934680709,3.7749502596226803,4.18618740297196,6230.7692307692305,0.0002061791842916155,545.15775,0.035,0.33653846153846156,0-0-1858-1,e,42d56bbf-Audio_SP23_part01,group_0,1,fave,120.4557973059646,74.51233564411741,4,me,"",0.08000000000004093,[silence],tuve,m,#,m,t,final
385.2379240454847,1722.179750806575,2307.556777273703,2.4480872226197636,2.7007938842080508,3.2605199078118523,5692.3076923076915,2.8020378799563145e-6,546.1827499999999,0.025,0.33783783783783783,0-0-1863-3,e,42d56bbf-Audio_SP23_part01,group_0,1,fave,141.8869745391592,73.62681594716136,4,PDVSA,"",0.05000000000006821,de,[silence],d,u,d,u,internal
342.6164115319701,1883.2691302791713,2334.623593833624,2.486758208797105,3.4381315718750027,2.7252570948264117,6410.25641025641,0.00010476885282210143,546.32375,0.027000000000000003,0.32142857142857145,0-0-1863-6,e,42d56bbf-Audio_SP23_part01,group_0,1,fave,107.7933143220825,72.30097005363245,4,PDVSA,"",0.06000000000005912,de,[silence],b,e,b,e,internal
338.49358634401784,1884.4574049902096,2296.718513979542,3.087255512498161,3.5275929723030846,3.7517167031806165,5692.3076923076915,0.00006601412779962583,547.43375,0.027000000000000003,0.32142857142857145,0-0-1866-5,e,42d56bbf-Audio_SP23_part01,group_0,1,fave,129.87342500936597,74.26380510100925,4,razones,"",0.06000000000005912,por,que,n,s,n,s,internal
406.7516592868844,1815.4051830955852,3632.432936685396,3.5548626661554286,3.9392750127006995,4.821179088671506,7846.153846153846,0.00006689207593861753,553.1237500000001,0.027000000000000003,0.32142857142857145,0-0-1890-1,e,42d56bbf-Audio_SP23_part01,group_0,1,fave,125.33777037506542,76.423440582846,4,de,"",0.05999999999994543,conozco,gente,d,#,d,x,final
343.12424974240906,1745.0011823083,2408.7642418328696,2.429481292191532,3.8972290555237654,3.286742553475673,5871.794871794871,0.00007491311277807699,563.7037500000001,0.027000000000000003,0.32142857142857145,0-0-1933-1,e,42d56bbf-Audio_SP23_part01,group_0,1,fave,153.44927891032364,78.48561151098389,4,decidí,"",0.05999999999994543,yo,jubilarme,d,z,d,z,internal
328.0638457133637,1531.4636708057753,2225.7443089984185,3.814747239051636,4.263847510782107,3.8597349832761054,5153.846153846154,0.002519423773093487,564.52775,0.035,0.3365384615384616,0-0-1934-8,e,42d56bbf-Audio_SP23_part01,group_0,1,fave,142.0787880761864,74.20487007953187,4,jubilarme,"",0.08000000000004093,decidí,porque,m,#,m,p,final
499.33311982432093,2136.0649275688115,3301.3498605494315,3.6364908472522024,3.678175370281939,4.984606400174435,7128.205128205128,0.0017764223822591917,564.79075,0.041,0.3306451612903226,0-0-1935-4,e,42d56bbf-Audio_SP23_part01,group_0,1,fave,129.81379364295978,72.93958671367433,4,porque,"",0.10000000000002274,jubilarme,llegó,k,#,k,L,final
347.52543408230326,1929.2837914701868,2623.711456201189,2.892310540188554,3.3259318196465597,4.155221926055122,6230.7692307692305,0.00005531850349336487,566.31375,0.027000000000000003,0.32142857142857145,0-0-1941-1,e,42d56bbf-Audio_SP23_part01,group_0,1,fave,131.09378777100252,75.7059424162406,4,sencillamente,"",0.06000000000005912,que,[silence],s,n,s,n,internal
366.469256278698,2021.5810104530697,2412.6481932284014,2.8028778776647556,3.200950147996201,3.209186071095998,5153.846153846154,0.0008269288481128437,566.99275,0.045,0.3358208955223881,0-0-1941-11,e,42d56bbf-Audio_SP23_part01,group_0,1,fave,156.85754784792294,75.09303002718434,4,sencillamente,"",0.11000000000001364,que,[silence],t,#,t,.,final
400.40046328051744,1886.0183493470722,2338.787720395141,2.338535259732984,3.033317554442847,2.919244065908809,5512.820512820513,0.00002951687529051311,570.48575,0.031,0.32978723404255317,0-0-1951-4,e,42d56bbf-Audio_SP23_part01,group_0,1,fave,140.02387464709727,76.08468796828721,4,gente,"",0.06999999999993634,la,.,t,#,t,.,final
465.9277949253957,1423.586509123045,2394.1682434859126,3.11195711359646,3.991916701459665,2.9750077038983407,5692.3076923076915,0.00002328767860851838,572.41275,0.025,0.33783783783783783,0-0-1959-0,e,42d56bbf-Audio_SP23_part01,group_0,1,fave,NaN,58.24985510615152,4,el,"",0.05000000000006821,como,caso,#,l,o,l,initial
457.26504997166916,1713.5330968735423,2291.2316197183595,2.6447584494947693,2.9969871168627655,3.384307602920266,4974.358974358975,0.00013645821073612977,573.7057500000001,0.031,0.32978723404255317,0-0-1965-4,e,42d56bbf-Audio_SP23_part01,group_0,1,fave,144.84056158609363,74.87193002921045,4,profesionales,"",0.06999999999993634,muchos,[silence],f,s,f,s,internal
375.8345136565697,2151.9934662132673,4081.346871257812,3.1533925505216547,3.442275742871275,4.0323755938444945,8384.615384615383,0.0007827670884712732,575.8507500000001,0.041,0.3306451612903226,0-0-1971-3,e,42d56bbf-Audio_SP23_part01,group_0,1,fave,146.6168369345885,76.69503378511503,4,tope,"",0.09999999999990905,al,[silence],p,#,p,.,final
416.51417384252693,2208.3743674995826,2800.7792752098585,3.0877265488573244,3.380467692121995,4.794057066698059,7307.692307692308,0.0010914429925908296,581.63775,0.035,0.3365384615384616,0-0-1992-1,e,42d56bbf-Audio_SP23_part01,group_0,1,fave,147.88880432909235,80.76447319189238,4,gerente,"",0.08000000000004093,era,"",x,R,x,R,internal
365.04905750807166,2044.214243692554,3180.2381610215957,3.1459872070336723,3.6120551031012185,4.233363048796067,6230.7692307692305,0.0025683784835454568,581.96275,0.045,0.3358208955223881,0-0-1992-6,e,42d56bbf-Audio_SP23_part01,group_0,1,fave,217.50301533158014,78.46915522702152,4,gerente,"",0.10999999999989996,era,"",t,#,t,"",final
364.15617055192075,2018.4876299408124,2473.7431381438273,2.978610274182073,2.957366205184247,4.724379225876239,6230.7692307692305,0.003023133501485556,585.8557500000001,0.051000000000000004,0.3311688311688312,0-0-1997-4,e,42d56bbf-Audio_SP23_part01,group_0,1,fave,160.25590619362293,75.01342344105595,4,porque,"",0.12999999999999545,",",tú,k,#,k,t,final
519.7123515531467,1480.7556144546909,2437.1259969120833,2.433634878136603,3.2155656902115806,3.44687758268898,5871.794871794871,0.000055583219398117823,586.31375,0.027000000000000003,0.32142857142857145,0-0-1999-3,e,42d56bbf-Audio_SP23_part01,group_0,1,fave,164.59321519599752,76.5468774493473,4,sabes,"",0.06000000000005912,tú,que,b,s,b,s,internal
319.82790176019546,1899.3142378029543,2305.5574044514397,2.6350589318223605,3.8136574316256775,3.899008638660516,6230.7692307692305,0.0005442860792076812,595.43575,0.031,0.32978723404255317,0-0-2042-0,e,42d56bbf-Audio_SP23_part01,group_0,1,fave,149.1463816141579,76.67656078771336,4,explico,"",0.07000000000005002,me,.,#,s,e,s,initial
334.83065704165324,1862.2909154560045,3578.771122025925,3.2152505705476355,2.876217904065842,3.7914990511454034,6410.25641025641,0.0004788226450043208,596.60775,0.035,0.33653846153846156,0-0-2046-4,e,42d56bbf-Audio_SP23_part01,group_0,1,fave,245.67177592729132,76.44206480164773,4,Ponte,"",0.07999999999992724,[silence],tú,t,#,t,t,final
454.2338890307185,1683.6653701664413,2624.7865902452945,3.2095552380521415,3.363002824647643,4.913237673099481,6230.7692307692305,0.00003743700261994787,597.1537500000001,0.027000000000000003,0.32142857142857145,0-0-2051-1,e,42d56bbf-Audio_SP23_part01,group_0,1,fave,123.81043750186751,75.26827445566445,4,tendencia,"",0.06000000000005912,la,de,t,n,t,n,internal
443.67157392422877,1528.6247970379995,2592.7495557886336,2.987902196658223,3.899637644470031,4.257109773378446,5512.820512820513,0.001681823076070883,597.63775,0.035,0.33653846153846156,0-0-2052-1,e,42d56bbf-Audio_SP23_part01,group_0,1,fave,413.0593927316267,79.07398327764271,4,de,"",0.08000000000004093,tendencia,Chávez,d,#,d,h,final
249.9960585047262,2073.1977877841246,3546.7752505935864,2.524215909147164,3.4008281208696687,3.364545953485088,6230.7692307692305,0.0009507475507538631,18.52375,0.027000000000000003,0.32142857142857145,0-0-11-3,i,42d56bbf-Audio_SP23_part01,group_0,1,fave,115.29626058783008,74.71197076362992,4,nacimiento,"",0.05999999999999872,el,",",z,m,z,m,internal
250.84692394156258,2295.5324967541496,3775.6254137423157,2.3844100767937224,2.6995362934439617,4.060780771598088,6410.25641025641,0.00007393646195445457,18.685750000000002,0.031,0.32978723404255317,0-0-11-5,i,42d56bbf-Audio_SP23_part01,group_0,1,fave,244.51675307455594,80.45633794515913,4,nacimiento,"",0.06999999999999673,el,",",m,é,m,é,internal
301.39303399136645,2280.369253632426,3472.3681498422666,3.3203590975414494,3.0636211073474136,3.5279101850045205,6051.282051282051,0.0008233174812861489,21.025750000000002,0.031,0.32978723404255317,0-0-19-1,i,42d56bbf-Audio_SP23_part01,group_0,1,fave,167.31157982215626,74.08730230639178,4,miércoles,"",0.06999999999999673,próximo,voy,m,e,m,e,internal
275.87991887240696,2131.6402410149426,3397.348511048642,2.752914182593023,3.304070112255303,4.179826319052891,5871.794871794871,0.0001336526395193466,26.10275,0.025,0.33783783783783783,0-0-37-1,i,42d56bbf-Audio_SP23_part01,group_0,1,fave,134.77577514898613,70.92413381899583,4,cincuenta,"",0.05000000000000071,novecientos,y,z,n,z,n,internal
236.20984994417523,2386.2540913088383,3571.835328426311,2.5616499718101133,3.62140741853296,4.433835032399169,7128.205128205128,0.002973910769581284,26.555750000000003,0.051000000000000004,0.3311688311688311,0-0-38-0,i,42d56bbf-Audio_SP23_part01,group_0,1,fave,102.47067501335175,71.88502726716966,4,y,"",0.129999999999999,cincuenta,nueve,#,#,a,n,coextensive
277.8103629114407,1883.7620764280282,3645.3837413168876,2.2972453740628413,2.7636115083147716,4.275255596782945,6410.25641025641,0.00005623972825926072,49.48375,0.027000000000000003,0.32142857142857145,0-0-57-4,i,42d56bbf-Audio_SP23_part01,group_0,1,fave,121.37320031847335,72.55360238551299,4,study,"",0.060000000000002274,be,there,d,#,d,t,final
312.04255490772914,1978.6870610535284,2416.6637720512786,2.0666301740723876,3.22961296009084,3.8540937776882433,4974.358974358975,0.0003405778559690001,52.91775,0.035,0.33653846153846156,0-0-72-5,i,42d56bbf-Audio_SP23_part01,group_0,1,fave,155.23478913934858,68.46572226585924,4,estudiado,"",0.0799999999999983,haber,allí,d,á,d,á,internal
299.19384782294765,2300.624475258564,3616.13927152359,2.3100331655981994,3.2877743972364453,3.9442789235092968,6410.25641025641,0.0008116452806410683,53.21875000000001,0.037,0.32456140350877194,0-0-73-2,i,42d56bbf-Audio_SP23_part01,group_0,1,fave,163.89000872727112,66.97338722510646,4,allí,"",0.0899999999999963,estudiado,porque,L,#,L,p,final
318.61541279561243,1799.8639979871293,1958.4651007104374,2.3846635904864284,2.9029624947974635,4.82717272055922,4794.871794871795,0.0005611016711056726,60.48575,0.031,0.32978723404255317,0-0-98-1,i,42d56bbf-Audio_SP23_part01,group_0,1,fave,119.09150567388001,70.16594995297703,4,sistemas,"",0.07000000000000028,",",[pron=pi],s,s,s,s,internal
292.49032357453814,1815.4594864062874,2440.8399818532116,2.8336724626078804,3.560087057255367,3.6496008292032163,5333.333333333333,0.0001822601570467883,63.405750000000005,0.031,0.32978723404255317,0-0-107-2,i,42d56bbf-Audio_SP23_part01,group_0,1,fave,101.13008293915216,75.60689086988965,4,Universidad,"",0.07000000000000028,la,Central,n,b,n,b,internal
292.8665637648025,1815.8143401338884,2017.7276073376747,2.647640178373522,3.6463171809198602,3.6762952769578017,4794.871794871795,0.0020846917331499722,63.70375,0.027000000000000003,0.32142857142857145,0-0-107-7,i,42d56bbf-Audio_SP23_part01,group_0,1,fave,103.14450565398097,71.30517777862192,4,Universidad,"",0.060000000000002274,la,Central,s,d,s,d,internal
353.7956879410482,2236.101902718528,3691.8725018709824,2.220795901484031,2.3690624233590025,4.047127554092417,7128.205128205128,0.0016135131637067973,65.49875,0.057,0.32758620689655177,0-0-113-0,i,42d56bbf-Audio_SP23_part01,group_0,1,fave,307.59403440412956,80.6474684607212,4,inicialmente,"",0.15000000000000568,Este,en,#,n,e,n,initial
295.09071028160764,2287.8574660392046,3927.7874321697877,2.369593086072979,2.763454506912435,5.028542921296059,7307.692307692308,0.0002778094737688735,65.67774999999999,0.035,0.3365384615384616,0-0-113-2,i,42d56bbf-Audio_SP23_part01,group_0,1,fave,142.02381078110432,80.51667466617819,4,inicialmente,"",0.0799999999999983,Este,en,n,z,n,z,internal
301.3288036925966,2317.6558278038347,3074.504791398584,2.0836140499708677,3.1541707551596168,3.9765032482069156,7307.692307692308,0.00009963317236383829,66.47574999999999,0.031,0.32978723404255317,0-0-115-1,i,42d56bbf-Audio_SP23_part01,group_0,1,fave,149.48696286475771,81.61562706122226,4,mi,"",0.07000000000000739,en,vida,m,#,m,b,final
241.51566091913267,1972.3959282073456,2263.015859269488,2.5843331050891245,3.4201125598231794,3.896099532911243,4435.897435897436,0.00038992293229844527,68.45575,0.031,0.32978723404255317,0-0-120-7,i,42d56bbf-Audio_SP23_part01,group_0,1,fave,187.28952608728034,73.68502731590765,4,televisión,"",0.07000000000000739,en,[silence],s,o,s,o,internal
309.1633704228843,2245.8322183272994,3604.9179939175915,2.531715933870395,3.5421892722891415,3.1613289350090006,6410.25641025641,0.00014498684844035782,75.52775,0.035,0.33653846153846156,0-0-143-0,i,42d56bbf-Audio_SP23_part01,group_0,1,fave,151.2896768536243,71.52583168030138,4,y,"",0.0799999999999983,ochenta,cuatro,#,#,a,k,coextensive
232.55159390594437,2245.6315670239505,3817.164115756401,2.533947363466858,3.1424313949663625,3.7340700467751042,6410.25641025641,0.0032744792947336445,82.00775,0.07500000000000001,0.3348214285714286,0-0-160-0,i,42d56bbf-Audio_SP23_part01,group_0,1,fave,199.5636298151841,66.10853527185681,4,y,"",0.20000000000000284,[silence],allí,#,#,.,á,coextensive
353.0594301538873,2217.8023019182087,3683.7630151621124,3.0150653491740655,2.766886842709682,4.296617707207516,6769.2307692307695,0.0012882983688511673,82.38775,0.035,0.3365384615384616,0-0-161-2,i,42d56bbf-Audio_SP23_part01,group_0,1,fave,133.4806488789884,79.34938075279926,4,allí,"",0.0799999999999983,y,estuve,L,#,L,s,final
236.1630019562762,2017.7235707119225,3197.908983039045,2.7984545329611206,3.895623486204517,4.065889993979675,5692.3076923076915,0.0001694301202196863,83.93575,0.031,0.32978723404255317,0-0-168-4,i,42d56bbf-Audio_SP23_part01,group_0,1,fave,185.68848900717163,76.877396144726,4,dieciocho,"",0.06999999999999318,mil,[silence],z,ó,z,ó,internal
214.37787486715214,2319.4261524229228,3540.8650836886086,2.7593233629947966,2.6407858997660076,3.989980115553066,6948.717948717948,0.0015827534539668427,86.16075,0.041,0.3306451612903226,0-0-177-3,i,42d56bbf-Audio_SP23_part01,group_0,1,fave,189.0645512900944,78.28116322844976,4,jubilé,"",0.09999999999999432,me,",",b,l,b,l,internal
304.2644287401241,2454.039091010439,3692.868929355039,3.1618139222578416,3.0853635226634086,3.777155056588461,6589.74358974359,0.013258680795754398,92.50075,0.061000000000000006,0.3315217391304348,0-0-193-0,i,42d56bbf-Audio_SP23_part01,group_0,1,fave,182.45725116392,74.4773279707362,4,y,"",0.1599999999999966,",",pues,#,#,.,p,coextensive
214.88156481594172,1720.7999245596445,2089.74568525585,2.419820882599172,3.4780847219249753,4.5272996119048035,4435.897435897436,0.001038672183511142,95.54375,0.027000000000000003,0.32142857142857145,0-0-207-4,i,42d56bbf-Audio_SP23_part01,group_0,1,fave,176.61860228524844,65.62536143094331,4,diecinueve,"",0.060000000000002274,mil,pues,z,n,z,n,internal
322.4706532235255,2285.731766488147,3500.615578467011,2.859312881925364,2.9419941383464336,3.9091117882463675,7487.179487179487,0.000021917967881663475,101.45375,0.027000000000000003,0.32142857142857145,0-0-221-1,i,42d56bbf-Audio_SP23_part01,group_0,1,fave,115.29131284955425,73.58148031876017,4,diferencia,"",0.060000000000002274,a,de,d,f,d,f,internal
313.7056967477094,2182.0073110760222,3601.952842876311,3.3147726296401583,2.9577733286975736,3.971373394614661,7128.205128205128,0.0034931253657714623,103.00875,0.057,0.32758620689655177,0-0-225-2,i,42d56bbf-Audio_SP23_part01,group_0,1,fave,154.81282157515915,74.57878589985306,4,países,"",0.14999999999999147,otros,",",á,s,á,s,internal
333.9073949626268,2160.9093303309924,4041.2239971966073,3.0800208585364035,3.8569630928238743,4.28699619702138,6948.717948717948,0.035026099995592086,105.96875,0.037000000000000005,0.324561403508772,0-0-236-0,i,42d56bbf-Audio_SP23_part01,group_0,1,fave,182.5166543507986,68.26132888200897,4,y,"",0.09000000000000341,retiras,te,#,#,s,t,coextensive
341.94434418423793,2278.4784269137185,3584.908405365638,3.61050589320909,3.3419070011194827,4.983699754167779,7487.179487179487,0.00029716942934801776,106.36375,0.027000000000000003,0.32142857142857145,0-0-238-3,i,42d56bbf-Audio_SP23_part01,group_0,1,fave,126.38794878488837,78.32028491392957,4,jubilas,"",0.060000000000002274,te,es,b,l,b,l,internal
260.3956731051219,2351.184376489961,3585.612990551716,2.9518318204070706,3.6612267535066443,4.483405783386001,6589.74358974359,0.002337449425914582,108.07875,0.037,0.32456140350877194,0-0-243-2,i,42d56bbf-Audio_SP23_part01,group_0,1,fave,188.4435419485849,78.14731122844222,4,aquí,"",0.09000000000000341,[silence],pudiera,k,#,k,p,final
286.87892571168317,2576.6240787265956,4083.0621476179203,1.9719812546005326,3.577578315711177,3.9740605468127628,8025.641025641025,0.00009353539836942686,109.88575,0.031,0.32978723404255317,0-0-251-0,i,42d56bbf-Audio_SP23_part01,group_0,1,fave,150.53863527529992,77.67115140129343,4,internas,"",0.06999999999999318,cuestiones,que,#,n,s,n,initial
292.90299271730123,1976.820069335375,2723.5216336726435,2.4318653017963388,3.166628925003761,4.911332680791813,5153.846153846154,0.0013088894276844442,113.41375000000001,0.027000000000000003,0.32142857142857145,0-0-266-4,i,42d56bbf-Audio_SP23_part01,group_0,1,fave,148.7677949837187,73.22649361442879,4,pensión,"",0.05999999999998806,una,ju(sta),s,o,s,o,internal
288.5947593575262,2286.203997757635,3646.557537191179,2.3094048587310008,2.4902170923106874,4.127079812391309,6410.25641025641,0.0013867897914647883,117.96074999999999,0.041,0.3306451612903226,0-0-279-0,i,42d56bbf-Audio_SP23_part01,group_0,1,fave,203.88038264502032,70.64477945528537,4,y,"",0.10000000000000853,[silence],no,#,#,.,n,coextensive
333.07430137472767,2024.7277767047638,2469.128265238729,2.261176423743457,3.0620410237646993,3.6950289311167492,6410.25641025641,0.000018299049887094627,119.49375,0.027000000000000003,0.32142857142857145,0-0-285-3,i,42d56bbf-Audio_SP23_part01,group_0,1,fave,124.4246211911768,75.14650940840562,4,gobierno,"",0.060000000000002274,del,",",b,é,b,é,internal
380.0323521400807,1814.5684507061685,2189.6486839079525,2.9156776450650628,3.3328816542272492,4.194016755841253,4076.923076923077,0.0562495245837548,121.64075,0.041,0.3306451612903226,0-0-294-5,i,42d56bbf-Audio_SP23_part01,group_0,1,fave,124.93309778519185,65.77123220614196,4,contribuimos,"",0.09999999999999432,nosotros,de,R,b,R,b,internal
207.32613124024903,2297.9859706717193,3289.1709613546122,2.7531981176939753,2.350648899528977,3.3875580820101057,6230.7692307692305,0.0017044541557231418,121.94075,0.061000000000000006,0.3315217391304348,0-0-294-8,i,42d56bbf-Audio_SP23_part01,group_0,1,fave,109.88244380231123,74.358651092582,4,contribuimos,"",0.1599999999999966,nosotros,de,ú,m,ú,m,internal
304.0748384658447,2044.032634868738,3264.264014102504,2.917807255975465,2.46202058861739,4.496786662041072,7307.692307692308,0.00007531620617661389,134.39575,0.031,0.32978723404255317,0-0-334-1,i,42d56bbf-Audio_SP23_part01,group_0,1,fave,147.04340970014442,77.955999112481,4,disponiendo,"",0.06999999999999318,estamos,de,d,s,d,s,internal
273.381367555094,2224.2330997646536,2734.630548237028,2.885697813123823,2.808278606318661,4.857227166576737,7487.179487179487,0.0002874882985878665,134.66775,0.035,0.33653846153846156,0-0-334-6,i,42d56bbf-Audio_SP23_part01,group_0,1,fave,106.88874395270473,70.88283982854723,4,disponiendo,"",0.07999999999998408,estamos,de,n,é,n,é,internal
397.13952162236086,1897.9775947897483,2301.7897767590916,2.8456817808128796,4.0473241128185675,3.794294960407061,4794.871794871795,0.00011504996231169543,136.24375,0.027000000000000003,0.32142857142857145,0-0-338-4,i,42d56bbf-Audio_SP23_part01,group_0,1,fave,187.47654518453854,74.70131361933299,4,pensión,"",0.060000000000002274,[silence],",",s,o,s,o,internal
319.7418542906726,1883.75393843583,2340.663143331614,2.411659276723853,3.8120036377447795,3.956843377944081,5153.846153846154,0.0001822666373420123,137.57375000000002,0.027000000000000003,0.32142857142857145,0-0-342-4,i,42d56bbf-Audio_SP23_part01,group_0,1,fave,157.684145318292,78.92114649642285,4,pensión,"",0.060000000000002274,una,que,s,o,s,o,internal
336.22709840306413,2449.420686097266,3395.168358187935,2.9711375590777065,3.2324765560153708,5.092633259980013,6769.2307692307695,0.005680142180797287,139.20575,0.031,0.32978723404255317,0-0-348-5,i,42d56bbf-Audio_SP23_part01,group_0,1,fave,97.90843605925102,73.05595589598525,4,todavía,"",0.06999999999999318,pero,falta,b,a,b,a,internal
373.8851711317872,1890.59737374687,2950.4747660879193,3.9289446834054944,4.1885104093435865,4.367107680199461,5871.794871794871,0.004126060500192682,144.14274999999998,0.025,0.33783783783783783,0-0-359-0,i,42d56bbf-Audio_SP23_part01,group_0,1,fave,122.75785350759756,79.57771565065728,4,historia,"",0.05000000000001137,la,te,#,s,a,s,initial
306.09694400483124,2130.0141848800613,3388.737221588713,2.157440075399655,2.8183045549748256,4.092421479169713,6230.7692307692305,0.000040500855421450134,147.53375000000003,0.027000000000000003,0.32142857142857145,0-0-373-1,i,42d56bbf-Audio_SP23_part01,group_0,1,fave,148.52239668105898,79.72010623858517,4,dispuso,"",0.060000000000002274,PDVSA,entre,d,s,d,s,internal
262.70019255448386,2172.7289367271246,4015.590549965363,2.3943173823525212,3.162349634067739,4.031945036014118,6769.2307692307695,0.00018424744331521753,148.97375000000002,0.027000000000000003,0.32142857142857145,0-0-377-1,i,42d56bbf-Audio_SP23_part01,group_0,1,fave,98.85850520663642,73.07973798285265,4,dinero,"",0.060000000000002274,el,[silence],d,n,d,n,internal
292.36347012371044,2344.195309477347,3833.3472997617696,2.0233741487707655,2.8495171437151967,3.4301346455283523,7307.692307692308,0.0006685135246929319,151.10875,0.037000000000000005,0.324561403508772,0-0-383-5,i,42d56bbf-Audio_SP23_part01,group_0,1,fave,156.59818959830963,78.10475071430044,4,recibiendo,"",0.09000000000000341,estamos,algo,b,é,b,é,internal
315.74916972556423,1954.8555820901508,2303.3809484889257,1.9888661613933132,3.0462717502257464,3.1970890000500845,6410.25641025641,4.4348582912895685e-6,154.23274999999998,0.025,0.33783783783783783,0-0-397-5,i,42d56bbf-Audio_SP23_part01,group_0,1,fave,150.97116351887726,80.54298750344736,4,deberíamos,"",0.05000000000001137,Nosotros,recibir,R,á,R,á,internal
304.09147391281806,2262.8369664285838,3827.91143117874,3.407025579177215,2.662282110128776,4.555581620075381,7666.666666666666,0.0005739939715786732,154.68075000000002,0.041,0.3306451612903226,0-0-398-3,i,42d56bbf-Audio_SP23_part01,group_0,1,fave,282.8434392186431,74.0256134353911,4,recibir,"",0.09999999999999432,deberíamos,[silence],z,b,z,b,internal
337.9513543795748,2091.474016154313,3706.747749233392,2.324903744993333,3.3365600816503522,4.787543497495455,7666.666666666666,0.0003274749178391049,156.48375000000001,0.027000000000000003,0.32142857142857145,0-0-405-2,i,42d56bbf-Audio_SP23_part01,group_0,1,fave,115.98451706352176,71.59407950882836,4,seiscientos,"",0.060000000000002274,de,cincuenta,e,s,e,s,internal
307.82972258125466,1251.6891091762761,2428.708387529777,3.515321485368135,4.111832930034648,4.071839717628072,5153.846153846154,0.001541360321260692,163.32775,0.035,0.3365384615384616,0-0-432-1,i,42d56bbf-Audio_SP23_part01,group_0,1,fave,194.0570654985603,78.56658190129887,4,situación,"",0.07999999999998408,una,complica,s,t,s,t,internal
247.85167915368362,1988.30430580523,2432.0042087075503,2.6893495224652115,3.5788883812464425,4.754756074949099,4794.871794871795,0.000624532663111713,171.17575,0.031,0.32978723404255317,0-0-453-3,i,42d56bbf-Audio_SP23_part01,group_0,1,fave,178.06457334526849,73.40755202526148,4,recibiendo,"",0.06999999999999318,estamos,[silence],z,b,z,b,internal
288.71039322381085,2193.960060104103,2893.803128835256,2.267873581933673,3.1358325723446754,3.465352420148118,6051.282051282051,0.00017038644286539772,173.92375,0.027000000000000003,0.32142857142857145,0-0-463-3,i,42d56bbf-Audio_SP23_part01,group_0,1,fave,123.36026057021658,72.78138489326358,4,recibir,"",0.060000000000002274,porque,algo,z,b,z,b,internal
252.12237733758877,2245.514648652564,4005.150526749409,3.2668507833833687,3.902858917239854,4.542607414272886,6948.717948717948,0.007114629134119176,174.42275,0.045,0.3358208955223881,0-0-465-2,i,42d56bbf-Audio_SP23_part01,group_0,1,fave,191.03613210325014,69.44438960349561,4,así,"",0.10999999999998522,algo,diez,s,#,s,d,final
281.5737989621617,2275.13741439882,3655.7170577313077,1.8766403154634612,2.364671219567883,3.7581662552257997,6948.717948717948,0.00018183598624463843,174.79575,0.031,0.32978723404255317,0-0-466-1,i,42d56bbf-Audio_SP23_part01,group_0,1,fave,144.90020363027847,76.26891257195686,4,diez,"",0.06999999999999318,así,o,d,é,d,é,internal
245.5474632455944,2003.6683558990583,3420.9476476349614,2.977358499650345,3.851541265449776,4.168958400499132,6051.282051282051,0.000426542228308362,176.37375000000003,0.027000000000000003,0.32142857142857145,0-0-472-4,i,42d56bbf-Audio_SP23_part01,group_0,1,fave,207.45937312291704,75.43353421992454,4,pensión,"",0.05999999999997385,la,[silence],s,o,s,o,internal
257.9572772527237,1879.5463093013043,2407.141051130493,2.7405475111352113,3.4162577245751433,3.647874798335062,5153.846153846154,0.0005921647218110301,177.48775,0.035,0.3365384615384616,0-0-475-3,i,42d56bbf-Audio_SP23_part01,group_0,1,fave,176.65429730723417,76.62811236051115,4,recibiendo,"",0.0800000000000125,estamos,en,z,b,z,b,internal
231.76489788942516,1024.5914573637115,1996.6172593222336,3.4465615800745364,3.4377819396237324,3.205603685963602,4794.871794871795,0.0028113201329383578,179.05575,0.031,0.32978723404255317,0-0-480-4,i,42d56bbf-Audio_SP23_part01,group_0,1,fave,219.93493092333438,78.38405611923757,4,doscientos,"",0.0700000000000216,de,[silence],z,é,z,é,internal
425.60061147647934,2174.321205973679,2411.203963806548,3.70685583758572,4.014432132365497,4.67758542373626,5871.794871794871,0.003127453073965719,179.86575,0.031,0.32978723404255317,0-0-482-1,i,42d56bbf-Audio_SP23_part01,group_0,1,fave,121.22129459869643,69.68328361385997,4,cincuenta,"",0.06999999999999318,[silence],dólares,z,n,z,n,internal
312.3552393503893,2294.6034480118115,3754.724828955086,2.5174078662831008,3.3730782577369354,3.777820538555784,7307.692307692308,0.0003865241676542998,187.45775,0.035,0.3365384615384616,0-0-512-1,i,42d56bbf-Audio_SP23_part01,group_0,1,fave,116.46884000390136,70.5937374315416,4,diferencia,"",0.0800000000000125,a,de,d,f,d,f,internal
323.9178265661386,2062.763315982857,2956.88754085739,2.5991629533058602,3.980477397132015,3.9210552929951175,6051.282051282051,0.0007479529102474584,193.85375000000002,0.027000000000000003,0.32142857142857145,0-0-539-4,i,42d56bbf-Audio_SP23_part01,group_0,1,fave,110.15419624541154,77.5186307882191,4,sencillamente,"",0.060000000000002274,sea,era,z,L,z,L,internal
267.10336818427703,2351.946768659234,3751.45786284856,2.965525158435495,2.9591460496911774,3.919442399921285,6589.74358974359,0.0037090121041558673,195.38875000000002,0.057,0.32758620689655177,0-0-543-0,i,42d56bbf-Audio_SP23_part01,group_0,1,fave,143.423551270534,67.77469310844319,4,y,"",0.14999999999997726,[silence],ahora,#,#,.,a,coextensive
261.77784736940544,1980.0457985899334,2399.920722921975,2.315465460294876,3.1829645985248396,2.4519775610509105,6410.25641025641,0.00004720916555974226,201.21574999999999,0.031,0.32978723404255317,0-0-566-3,i,42d56bbf-Audio_SP23_part01,group_0,1,fave,124.61568739483829,76.10729660546461,4,subió,"",0.0700000000000216,que,el,b,o,b,o,internal
328.0887944809655,1795.9676124371263,2574.4255527928663,2.7835711280120172,4.002012462462655,3.3049597186432393,5512.820512820513,0.001670513024340934,202.73274999999998,0.025,0.33783783783783783,0-0-572-4,i,42d56bbf-Audio_SP23_part01,group_0,1,fave,133.35705488410085,68.48433612909089,4,precio,"",0.05000000000001137,el,del,z,o,z,o,internal
333.809544135369,2350.3201074878443,3895.260798459145,2.6686606249368894,3.0650056908827676,4.960933435230234,6948.717948717948,0.00019980150521506013,207.70575,0.031,0.32978723404255317,0-0-595-2,i,42d56bbf-Audio_SP23_part01,group_0,1,fave,155.41796980621376,80.60493548728734,4,veinte,"",0.06999999999999318,mil,",",é,n,é,n,internal
341.55567362007974,2180.5246368780795,2476.5283400639046,2.7865602945520345,3.766601368772682,3.889852554977735,6948.717948717948,0.0003979863928502446,208.90075000000002,0.041,0.3306451612903226,0-0-598-2,i,42d56bbf-Audio_SP23_part01,group_0,1,fave,125.33543297271153,76.0670597833893,4,había,"",0.09999999999999432,cuando,la,b,a,b,a,internal
283.79493686075887,1914.1312876576994,2377.35429780378,2.909333678033671,3.507161467262125,4.486853933211195,4974.358974358975,0.0010158298100343432,209.41375000000002,0.027000000000000003,0.32142857142857145,0-0-600-4,i,42d56bbf-Audio_SP23_part01,group_0,1,fave,191.49081827346413,75.50911846962093,4,crisis,"",0.060000000000002274,la,mundial,s,s,s,s,internal
262.10007227560874,2172.5878139337165,3477.6667146806467,3.2903988856398003,2.8660017598050453,4.190651115767616,6410.25641025641,0.00012130277875767385,209.72375000000002,0.027000000000000003,0.32142857142857145,0-0-601-4,i,42d56bbf-Audio_SP23_part01,group_0,1,fave,133.35451705687632,77.48522008939706,4,mundial,"",0.060000000000002274,crisis,[silence],d,á,d,á,internal
283.07313996600817,2082.5358999864366,2446.727721064046,3.027729413470823,3.5244746858436735,3.976030049637719,5153.846153846154,0.006179294393892135,210.62275,0.045,0.3358208955223881,0-0-605-2,i,42d56bbf-Audio_SP23_part01,group_0,1,fave,187.7445341958593,74.35099402216804,4,existiendo,"",0.11000000000001364,sigue,todavía,s,s,s,s,internal
268.09439474784,2287.4252449865785,3513.6482617237702,3.3130656716566746,2.3524141791996267,3.980184962971152,7128.205128205128,0.013583017491533698,211.31275,0.045,0.3358208955223881,0-0-606-5,i,42d56bbf-Audio_SP23_part01,group_0,1,fave,153.10139020525895,76.14482271268389,4,todavía,"",0.11000000000001364,existiendo,por,b,a,b,a,internal
303.76204655088253,1997.4082993927104,2286.763765618221,2.5824469931837664,3.110539706909962,4.90262190708086,6769.2307692307695,0.0006430292169828773,212.24375,0.027000000000000003,0.32142857142857145,0-0-609-6,i,42d56bbf-Audio_SP23_part01,group_0,1,fave,155.06240596288328,77.19678414368836,4,pandemia,"",0.060000000000002274,la,[silence],m,a,m,a,internal
341.13693738413053,2022.4559374042328,2446.2238123767,2.420020272564468,3.0990670571177232,2.923408006241068,5512.820512820513,8.330970504246743e-6,213.36274999999998,0.025,0.33783783783783783,0-0-613-4,i,42d56bbf-Audio_SP23_part01,group_0,1,fave,115.97047967245678,78.39420588471255,4,deprimieron,"",0.05000000000001137,se,los,R,m,R,m,internal
235.77373334137027,2256.652528337871,3743.6934741261703,2.7517919120132244,3.598489999291479,3.795746398527972,7307.692307692308,0.00645995064407752,215.35375000000002,0.047,0.3263888888888889,0-0-620-0,i,42d56bbf-Audio_SP23_part01,group_0,1,fave,151.9493618880413,68.05649653534138,4,y,"",0.11999999999997613,[silence],aún,#,#,.,á,coextensive
287.36411769241784,2332.5970219543046,2988.6870101650347,3.0879873420143915,2.91640906554946,4.687315629064525,5871.794871794871,0.00001603260259761905,215.82274999999998,0.025,0.33783783783783783,0-0-622-2,i,42d56bbf-Audio_SP23_part01,group_0,1,fave,176.09490399281145,70.11615125762906,4,aquí,"",0.05000000000001137,aún,teníamos,k,#,k,t,final
300.05746262137916,2322.3482674531324,2488.7313357226767,2.44805925375941,3.14232053917438,4.563297630681103,6051.282051282051,0.0008681319868302742,216.05775,0.035,0.33653846153846156,0-0-623-3,i,42d56bbf-Audio_SP23_part01,group_0,1,fave,121.05992833753443,78.10381244050295,4,teníamos,"",0.0800000000000125,aquí,eso,n,á,n,á,internal
348.7268265275081,2276.1851182631162,3353.8839192774994,2.8405317392454945,3.6367375037481753,4.065743080009375,6589.74358974359,0.0015361899230329963,223.64275,0.045,0.3358208955223881,0-0-653-1,i,42d56bbf-Audio_SP23_part01,group_0,1,fave,179.37016486292976,78.92384193224792,4,mí,"",0.10999999999998522,a,a,m,#,m,a,final
342.96147306122356,2018.7373942237384,2410.2471006173823,3.4573122472971773,3.844594130075363,4.191718030402605,6589.74358974359,0.000035883492621451405,226.45375,0.027000000000000003,0.32142857142857145,0-0-662-3,i,42d56bbf-Audio_SP23_part01,group_0,1,fave,140.3459785713043,75.43641472648152,4,varias,"",0.060000000000002274,tocado,puertas,R,a,R,a,internal
292.3657182282453,1919.498241987388,2486.374620825877,2.816216649959857,2.9368329909228894,3.6687544402739385,4794.871794871795,0.009387877617355593,229.98575,0.031,0.32978723404255317,0-0-676-1,i,42d56bbf-Audio_SP23_part01,group_0,1,fave,97.17396285986943,72.46658387413588,4,Sin,"",0.06999999999999318,.,embargo,s,n,s,n,internal
223.23248159883485,2306.8823342803757,3883.1384177850223,2.302642341702617,2.9563268026305547,4.662223410894938,7307.692307692308,0.0005856672269379395,231.65775,0.035,0.3365384615384616,0-0-686-1,i,42d56bbf-Audio_SP23_part01,group_0,1,fave,187.6170661315631,79.26552771120176,4,Microworkers,"",0.0800000000000125,es,",",m,k,m,k,internal
235.85065560945043,2306.844861420459,3405.3738332141306,2.391744160127937,2.7813002821990276,3.937697827870439,6589.74358974359,0.000557805025436972,232.65775,0.035,0.33653846153846156,0-0-688-0,i,42d56bbf-Audio_SP23_part01,group_0,1,fave,161.08430416650316,71.18325637881878,4,y,"",0.0800000000000125,",",por,#,#,.,p,coextensive
265.65037553043044,2439.000650224829,3702.5885939367595,2.935272926781954,2.7212415797799974,3.759792907811879,6589.74358974359,0.02997686103240115,234.70874999999998,0.137,0.33091787439613524,0-0-695-0,i,42d56bbf-Audio_SP23_part01,group_0,1,fave,176.87433010142252,72.09300706226664,4,y,"",0.3900000000000148,",",he,#,#,.,é,coextensive
302.0361559928148,2136.628556766327,2464.208251490847,2.4669978626376117,3.5515413306501498,3.848718294112472,5692.3076923076915,0.0002700449127848744,237.70575,0.031,0.32978723404255317,0-0-707-0,i,42d56bbf-Audio_SP23_part01,group_0,1,fave,118.11288875605176,67.0306586523387,4,y,"",0.06999999999999318,",",te,#,#,.,t,coextensive
270.7952389960421,2185.19394468411,3743.822527484774,2.3701157063199525,2.951476643198263,4.224678487636533,7307.692307692308,0.00011206579847802052,240.54775,0.035,0.3365384615384616,0-0-722-1,i,42d56bbf-Audio_SP23_part01,group_0,1,fave,135.1647727941639,78.72845233056465,4,mí,"",0.0800000000000125,a,me,m,#,m,m,final
283.9794493091537,2216.558425440848,2573.6884399776955,2.2156500314855756,2.927890960522784,3.4887493712333075,6051.282051282051,0.00023823842201137066,241.96275,0.045,0.33582089552238803,0-0-728-0,i,42d56bbf-Audio_SP23_part01,group_0,1,fave,277.2856223813142,72.67717984642074,4,Y,"",0.11000000000001364,[silence],me,#,#,.,m,coextensive
370.8267819011074,2094.11673688946,2700.3271534650844,2.7704963626176142,3.6816229656895874,3.755025912013192,6589.74358974359,0.0003626368869440479,244.59875,0.037,0.32456140350877194,0-0-738-1,i,42d56bbf-Audio_SP23_part01,group_0,1,fave,127.85872879795822,75.03979700473221,4,ahí,"",0.08999999999997499,metidos,",",á,#,á,.,final
339.1571520050769,2131.576122082436,2603.1786142797732,2.262312920847816,3.4179724815659176,3.0114496263726327,6051.282051282051,0.0008223040273479474,245.33874999999998,0.037000000000000005,0.324561403508772,0-0-742-1,i,42d56bbf-Audio_SP23_part01,group_0,1,fave,109.90670124652738,74.35285362767273,4,dieciocho,"",0.09000000000000341,de,años,d,e,d,e,internal
266.4760915759701,2213.820308407559,2425.016686248771,3.4831970910527437,3.272506693110901,4.04791941815394,5871.794871794871,0.035272378121304127,247.06575,0.051000000000000004,0.3311688311688312,0-0-748-2,i,42d56bbf-Audio_SP23_part01,group_0,1,fave,120.82517654812929,73.22705625405095,4,aviones,"",0.12999999999999545,unos,",",b,ó,b,ó,internal
275.4918542848361,1711.0095824162458,2457.6897073943396,3.231689613714142,3.863244997010833,3.0256624095914635,5871.794871794871,0.00023392146807166498,248.28375000000003,0.027000000000000003,0.32142857142857145,0-0-752-1,i,42d56bbf-Audio_SP23_part01,group_0,1,fave,116.24742043225356,78.28143687033462,4,mí,"",0.060000000000002274,para,que,m,#,m,k,final
283.15088904567654,2193.2907499115977,2793.522056057983,2.5985400376760364,3.0230905749109382,4.377706845395861,6410.25641025641,2.3677304830060363e-6,251.39274999999998,0.025,0.33783783783783783,0-0-762-5,i,42d56bbf-Audio_SP23_part01,group_0,1,fave,130.62799646770773,75.21696837057895,4,capacidad,"",0.05000000000001137,una,de,z,d,z,d,internal
238.77254729062568,2226.256120202183,4492.299187447604,2.0659881141146568,2.7997774708505876,4.499795599028813,7666.666666666666,0.0014719981378069657,251.96874999999997,0.037,0.32456140350877194,0-0-764-6,i,42d56bbf-Audio_SP23_part01,group_0,1,fave,111.37589420494713,69.06515410804538,4,aprendizaje,"",0.09000000000000341,de,[silence],d,z,d,z,internal
268.10230716353936,1826.1293804636448,2493.4559549285123,2.2682122853889255,3.6944475350106836,3.9291019753269096,5333.333333333333,0.006980152963978921,252.83874999999998,0.037,0.32456140350877194,0-0-766-0,i,42d56bbf-Audio_SP23_part01,group_0,1,fave,303.5525111908916,57.253349175348205,4,y,"",0.09000000000000341,[silence],de,#,#,.,d,coextensive
298.2486822255505,2418.4488927952543,4073.6753176323405,2.538866842408999,3.4789130449997767,4.765626222541306,7307.692307692308,0.0001373332120317023,253.37375000000003,0.027000000000000003,0.32142857142857145,0-0-768-5,i,42d56bbf-Audio_SP23_part01,group_0,1,fave,126.40510349121207,75.51197037475019,4,conocimientos,"",0.05999999999997385,de,que,z,m,z,m,internal
307.43264505277824,2341.9750337592895,2657.348507017919,2.053799180196587,2.8170714017130916,2.6906144156293283,5333.333333333333,0.000015426707912692514,253.48274999999998,0.025,0.33783783783783783,0-0-768-7,i,42d56bbf-Audio_SP23_part01,group_0,1,fave,117.41108058978315,77.55055528477533,4,conocimientos,"",0.05000000000001137,de,que,m,é,m,é,internal
278.5388359567065,2280.4409531396695,2603.6772723625377,2.4488298075653154,2.451088220680124,3.522844798454136,6589.74358974359,0.000028479120030086974,254.10575,0.031,0.32978723404255317,0-0-771-1,i,42d56bbf-Audio_SP23_part01,group_0,1,fave,121.67784534475317,76.50382298588688,4,pierden,"",0.06999999999999318,se,.,p,é,p,é,internal
335.562812784832,2240.5708213480552,2317.688508108634,3.270909528533663,3.7406677056721795,4.258333858580774,7128.205128205128,0.000023481286420565455,260.34275,0.025,0.33783783783783783,0-0-796-3,i,42d56bbf-Audio_SP23_part01,group_0,1,fave,310.31066389583566,78.67228134136928,4,varias,"",0.05000000000001137,por,situaciones,R,a,R,a,internal
265.1162480745087,2074.229766071953,2356.5866646249015,3.018825176374855,3.189261896395907,4.050597488723961,4974.358974358975,0.0006922994797199464,260.50775000000004,0.035,0.33653846153846156,0-0-797-1,i,42d56bbf-Audio_SP23_part01,group_0,1,fave,191.8119911797667,72.6550152128557,4,situaciones,"",0.07999999999998408,varias,hacia,s,t,s,t,internal
287.395011856832,2336.2609319851153,3519.0254186333113,1.4658196009468796,2.935997534846765,3.8138809662630653,6948.717948717948,0.00027683213654633616,262.59875,0.037000000000000005,0.324561403508772,0-0-802-1,i,42d56bbf-Audio_SP23_part01,group_0,1,fave,146.52036132278823,76.5736225786585,4,Microworkers,"",0.09000000000003183,Venezuela,[silence],m,k,m,k,internal
314.651414583941,2273.496500962676,3426.81850716248,2.3253537996910447,2.9408431442196408,3.8378997771001315,5692.3076923076915,0.00016108814995902533,264.22875,0.037,0.32456140350877194,0-0-807-1,i,42d56bbf-Audio_SP23_part01,group_0,1,fave,169.815717848512,77.64139170538452,4,limitada,"",0.09000000000003183,muy,.,l,m,l,m,internal
300.123568181487,2297.2353493495884,3969.5307208820636,1.3938428159066552,2.7040020478449796,4.684605977060559,6589.74358974359,0.0015587740361523847,264.36875000000003,0.037,0.32456140350877194,0-0-807-3,i,42d56bbf-Audio_SP23_part01,group_0,1,fave,294.2394233573404,78.0478407915646,4,limitada,"",0.08999999999997499,muy,.,m,t,m,t,internal
264.00458363240676,2135.748490300961,3122.270354918436,3.308506659706154,2.7658955191143133,4.413199088835333,7307.692307692308,0.00043681973303411916,271.97574999999995,0.031,0.32978723404255317,0-0-844-1,i,42d56bbf-Audio_SP23_part01,group_0,1,fave,195.79704360326008,76.91056889475229,4,Microworkers,"",0.06999999999999318,tiene,",",m,k,m,k,internal
330.00588971062757,2183.23269834685,3092.5410146254126,3.3796101044014044,3.3529023490125054,5.2030221319357315,7307.692307692308,0.0022985721784607705,276.81575,0.031,0.32978723404255317,0-0-863-1,i,42d56bbf-Audio_SP23_part01,group_0,1,fave,140.158129149926,76.49052237480319,4,digamos,"",0.06999999999999318,",",",",d,g,d,g,internal
191.96961789558827,2368.8247396412194,3454.792636843519,2.381193467517409,3.2117986336678013,4.322509494923383,5692.3076923076915,0.061704095487921475,283.68775,0.13499999999999998,0.33415841584158407,0-0-889-0,i,42d56bbf-Audio_SP23_part01,group_0,1,fave,213.26458890834806,75.25795470817935,4,y,"",0.37999999999999545,[silence],tienen,#,#,.,t,coextensive
299.1594202706573,2236.7862178779983,2763.4415079345176,2.1382970329391155,3.342501541603541,3.5484551210881343,6410.25641025641,0.00025785163124427925,284.05575,0.031,0.32978723404255317,0-0-890-1,i,42d56bbf-Audio_SP23_part01,group_0,1,fave,159.79389288573796,75.27390008855055,4,tienen,"",0.06999999999999318,y,otra,t,é,t,é,internal
246.77444390808384,2234.893645238149,3540.318199437048,3.1108191029088728,2.9251434008490227,3.9841166909826966,5871.794871794871,0.00032573741339506204,285.86775000000006,0.035,0.3365384615384616,0-0-895-1,i,42d56bbf-Audio_SP23_part01,group_0,1,fave,195.6054476191251,75.81960250578341,4,tienen,"",0.07999999999998408,no,[silence],t,é,t,é,internal
229.76310622953787,2005.003204593756,3744.561700187998,3.6425488036227214,3.8803670025369303,4.364195049879026,6769.2307692307695,0.0003512580939633269,287.35374999999993,0.027000000000000003,0.32142857142857145,0-0-898-4,i,42d56bbf-Audio_SP23_part01,group_0,1,fave,190.04607065363535,77.66788296036013,4,horario,"",0.060000000000002274,un,en,R,o,R,o,internal
410.88760789421025,2043.4655246833695,3986.043263911598,2.7564140054492596,3.44948255095153,3.6312106696445055,7307.692307692308,0.000011754040238200082,296.19275000000005,0.025,0.33783783783783783,0-0-929-5,i,42d56bbf-Audio_SP23_part01,group_0,1,fave,202.45087147128967,74.50668106957382,4,prácticamente,"",0.05000000000001137,estar,veinticuatro,t,k,t,k,internal
276.9565528044201,2060.5055740706216,2480.1315496061725,2.5892234962200367,3.6055642545886855,4.229406919917008,4974.358974358975,0.0006855692532764097,296.86375,0.027000000000000003,0.32142857142857145,0-0-930-5,i,42d56bbf-Audio_SP23_part01,group_0,1,fave,90.85182976734244,68.09159472228392,4,veinticuatro,"",0.060000000000002274,prácticamente,horas,t,k,t,k,internal
286.4392936940676,2275.7809079582403,2635.804543058848,2.349532264612527,2.1195356765640088,3.482582260645031,6230.7692307692305,0.0002628440771694,304.78574999999995,0.031,0.32978723404255317,0-0-963-0,i,42d56bbf-Audio_SP23_part01,group_0,1,fave,135.83428311319886,67.79160002676176,4,y,"",0.06999999999999318,",",tampoco,#,#,.,t,coextensive
248.079065165808,2244.34522131369,2657.205444159788,2.4564190002883732,2.7822164160375094,3.458250047351789,5512.820512820513,0.000019696060865551622,307.91374999999994,0.027000000000000003,0.32142857142857145,0-0-974-2,i,42d56bbf-Audio_SP23_part01,group_0,1,fave,116.74120843291915,77.66584844876897,4,allí,"",0.060000000000002274,de,de,L,#,L,d,final
312.9572746164053,1987.827893813521,2361.4019806713977,1.6627242649961729,3.5903517584219027,2.923277298979092,5692.3076923076915,0.000026558270506599337,308.12375,0.027000000000000003,0.32142857142857145,0-0-976-1,i,42d56bbf-Audio_SP23_part01,group_0,1,fave,153.35286703755187,82.55793138202809,4,Microworkers,"",0.060000000000002274,de,que,m,k,m,k,internal
289.7321595679555,2322.5086159080834,3884.2893176817493,2.3655274080603466,2.956203150151298,3.5116863185464187,6769.2307692307695,0.003140003083234925,311.15274999999997,0.065,0.33505154639175255,0-0-987-1,i,42d56bbf-Audio_SP23_part01,group_0,1,fave,207.27003798699548,68.81232201601279,4,ahí,"",0.17000000000001592,pegados,[silence],á,#,á,.,final
271.65665618633153,2024.760591618029,3486.2890098145162,3.0953196196996045,3.369314205740803,4.674446749886067,7487.179487179487,0.001323989455520423,313.10574999999994,0.031,0.32978723404255317,0-0-995-3,i,42d56bbf-Audio_SP23_part01,group_0,1,fave,220.55829614152688,75.39846918700502,4,aplicación,"",0.07000000000005002,esa,",",l,k,l,k,internal
245.02729617352986,1905.1479692588819,2497.9676813375736,2.6283221681063127,4.248279290862234,4.663458233350009,4974.358974358975,0.005391095372168573,313.38374999999996,0.027000000000000003,0.32142857142857145,0-0-995-7,i,42d56bbf-Audio_SP23_part01,group_0,1,fave,115.81614343140663,67.95857828105511,4,aplicación,"",0.060000000000002274,esa,",",z,o,z,o,internal
328.6750628016414,2247.8357528602983,2988.6076305623506,1.9533798868290038,2.8086336011485056,4.7825532631784,6410.25641025641,0.00007467503290883213,315.77374999999995,0.027000000000000003,0.32142857142857145,0-0-1004-0,i,42d56bbf-Audio_SP23_part01,group_0,1,fave,298.9981283541167,79.60567762324607,4,Insisto,"",0.060000000000002274,[silence],",",#,n,.,n,initial
332.8284426493639,2130.4581774706344,3280.6190960850436,2.947550059567736,3.320620699748094,4.35461060164338,7666.666666666666,0.0011772861389893906,316.18575,0.031,0.32978723404255317,0-0-1006-1,i,42d56bbf-Audio_SP23_part01,group_0,1,fave,119.99982432076607,75.29387931673445,4,Microworkers,"",0.06999999999999318,",",es,m,k,m,k,internal
238.15243504937405,2105.717352394834,2567.986581769325,2.0875728878147166,3.4535065348979748,3.909166396964652,4435.897435897436,0.11491996242699924,319.71574999999996,0.051000000000000004,0.3311688311688312,0-0-1022-0,i,42d56bbf-Audio_SP23_part01,group_0,1,fave,125.13338757439489,67.98520869519184,4,y,"",0.12999999999999545,[silence],despierto,#,#,.,d,coextensive
288.8836284559146,2245.1989679471503,2630.979047168473,2.2855560409637588,2.9961081735353567,4.44621207426831,6769.2307692307695,0.0009024947061142951,320.09074999999996,0.041,0.3306451612903226,0-0-1023-4,i,42d56bbf-Audio_SP23_part01,group_0,1,fave,138.7414855678254,79.84265411623214,4,despierto,"",0.10000000000002274,y,porque,p,é,p,é,internal
203.8982496831651,2211.461396688208,2612.1598262873586,2.7907965712480443,3.343953225026262,4.165451181698702,5153.846153846154,0.002723199894408533,321.32374999999996,0.027000000000000003,0.32142857142857145,0-0-1027-3,i,42d56bbf-Audio_SP23_part01,group_0,1,fave,169.82710470603627,74.28050699381873,4,sociales,"",0.060000000000002274,redes,[silence],z,á,z,á,internal
347.174457023347,1905.0240254363432,2534.2054547238195,2.029411063728623,2.9625879542886473,3.693922870309771,5333.333333333333,0.00011015164785329915,324.40574999999995,0.031,0.32978723404255317,0-0-1043-2,i,42d56bbf-Audio_SP23_part01,group_0,1,fave,114.95333825713186,76.86227786815262,4,utiliza,"",0.06999999999999318,que,[silence],t,l,t,l,internal
235.98950499367345,1473.7393219375908,3443.025915255783,2.639196582093667,3.7926915205332588,4.715647387075984,5512.820512820513,0.00021329543618100918,325.18275000000006,0.025,0.33783783783783783,0-0-1045-2,i,42d56bbf-Audio_SP23_part01,group_0,1,fave,180.32112382010638,80.77535954237767,4,utiliza,"",0.05000000000001137,[silence],.,t,l,t,l,internal
283.6570280919096,2319.086994877247,3394.0005590844685,3.658027521843723,2.970338156203169,4.631554239292034,6769.2307692307695,0.051926204141684446,326.02275000000003,0.08499999999999999,0.33464566929133854,0-0-1047-0,i,42d56bbf-Audio_SP23_part01,group_0,1,fave,262.2553216293624,73.38101275846547,4,Y,"",0.22999999999996135,.,por,#,#,.,p,coextensive
367.1939055883129,1945.5554936199874,2593.9251025622452,2.5727339019705653,3.4707781434705174,4.239453396620415,5692.3076923076915,0.006578787721601486,327.24075,0.101,0.3322368421052631,0-0-1055-0,i,42d56bbf-Audio_SP23_part01,group_0,1,fave,133.96596927252597,74.08718200517004,4,inteligencia,"",0.28000000000002956,la,artificial,#,n,a,n,initial
319.1401225234033,2084.3194647377436,2458.6808265775853,3.150068863295562,3.372110341482469,3.5630389061584045,5512.820512820513,0.0008783375136839444,327.71074999999996,0.041,0.3306451612903226,0-0-1055-5,i,42d56bbf-Audio_SP23_part01,group_0,1,fave,111.4014443170305,72.55063588211182,4,inteligencia,"",0.10000000000002274,la,artificial,l,x,l,x,internal
336.08127152838983,2399.4915848886185,3849.8707448907694,2.444146978892835,3.2302106050055257,4.516449428627864,7487.179487179487,0.0013105525052507722,328.19374999999997,0.027000000000000003,0.32142857142857145,0-0-1056-3,i,42d56bbf-Audio_SP23_part01,group_0,1,fave,177.82727276233447,78.08786152697023,4,artificial,"",0.060000000000002274,inteligencia,[silence],t,f,t,f,internal
212.46834177098847,2322.6411343901327,4263.1340455749305,2.913742373748781,2.775985022558603,4.646871221588764,7487.179487179487,0.0009006042980110277,328.33574999999996,0.031,0.32978723404255317,0-0-1056-5,i,42d56bbf-Audio_SP23_part01,group_0,1,fave,206.54636899500767,75.63793114721143,4,artificial,"",0.06999999999999318,inteligencia,[silence],f,z,f,z,internal
224.24366190790622,2059.721419121352,2569.6225826550485,2.8653703893276012,3.685928966036927,4.755693425187574,4974.358974358975,0.0004744676708419182,328.47574999999995,0.031,0.32978723404255317,0-0-1056-7,i,42d56bbf-Audio_SP23_part01,group_0,1,fave,229.99250509263226,74.18856458424304,4,artificial,"",0.06999999999999318,inteligencia,[silence],z,á,z,á,internal
322.4809623776292,2192.7954005008337,4076.533255073322,3.072014464328413,3.735581857882161,4.475313101994069,7487.179487179487,0.0001472468274704982,331.90275,0.025,0.33783783783783783,0-0-1070-3,i,42d56bbf-Audio_SP23_part01,group_0,1,fave,196.75742802578011,72.19750783225672,4,artificial,"",0.05000000000001137,inteligencia,en,t,f,t,f,internal
290.159757591785,2134.7955916126252,3974.7141646165687,2.377389934520023,3.286312606176144,4.535158938055079,7846.153846153846,0.00004974516367742073,331.98575,0.031,0.32978723404255317,0-0-1070-5,i,42d56bbf-Audio_SP23_part01,group_0,1,fave,152.7638818666816,71.88184316558548,4,artificial,"",0.06999999999999318,inteligencia,en,f,z,f,z,internal
299.8791546449717,2233.544409924646,2324.3823290541704,3.238444539381135,3.3378297603738485,4.715420068654627,6410.25641025641,0.0011591301813113695,334.64875,0.037,0.32456140350877194,0-0-1082-5,i,42d56bbf-Audio_SP23_part01,group_0,1,fave,136.8859865289126,73.09370278967155,4,relativamente,"",0.09000000000003183,son,fácil,t,b,t,b,internal
306.63785807659923,1820.9532582919314,2375.018179784652,2.2108897085903165,3.4183303345754945,2.913344913398373,5333.333333333333,0.000057584917628505336,336.90775,0.035,0.3365384615384616,0-0-1089-3,i,42d56bbf-Audio_SP23_part01,group_0,1,fave,151.49739789430117,82.66679999469386,4,copiar,"",0.08000000000004093,a,una,p,á,p,á,internal
285.8640221997958,2185.3308878362764,2751.1796241709203,2.687021443011353,3.103357814116159,3.9749411124719747,5333.333333333333,0.0020588989760778977,343.96275,0.045,0.33582089552238803,0-0-1118-1,i,42d56bbf-Audio_SP23_part01,group_0,1,fave,178.9240565020934,80.30341510367887,4,diario,"",0.11000000000001364,ponen,",",d,á,d,á,internal
308.4216124051884,2179.660320296464,3834.0462249766783,2.443217182954466,3.4644309676496294,3.952542374468981,8025.641025641025,0.0001284245787076706,344.27374999999995,0.027000000000000003,0.32142857142857145,0-0-1118-4,i,42d56bbf-Audio_SP23_part01,group_0,1,fave,150.23835653146338,77.55256805499874,4,diario,"",0.060000000000002274,ponen,",",R,o,R,o,internal
333.7040218793188,2072.394362771936,3441.7815595175953,2.467956910794052,3.2800708233410516,3.9040083998228208,5871.794871794871,0.0006971103327537907,345.58375,0.047,0.3263888888888889,0-0-1125-1,i,42d56bbf-Audio_SP23_part01,group_0,1,fave,177.32855683896648,77.85030842582246,4,día,"",0.12000000000000455,mismo,&ah,d,á,d,á,internal
355.6375945749428,1969.7147059687222,3398.837460176054,3.0548520158956913,4.03664792481928,3.8111154128142246,5692.3076923076915,0.00019887026226559983,347.25374999999997,0.027000000000000003,0.32142857142857145,0-0-1138-1,i,42d56bbf-Audio_SP23_part01,group_0,1,fave,187.75938317432028,73.03328159997048,4,Microworkers,"",0.060000000000002274,de,que,m,k,m,k,internal
276.91039518215825,2109.6762337792625,3296.6881396956974,1.9578539040659513,3.2209727658768625,4.612859284897158,6051.282051282051,0.0022408751654184596,348.32574999999997,0.031,0.32978723404255317,0-0-1144-1,i,42d56bbf-Audio_SP23_part01,group_0,1,fave,154.69388965247384,60.74960605568476,4,siete,"",0.06999999999999318,los,días,s,é,s,é,internal
295.95785751021987,2318.1233432645004,3506.7897893314625,2.8021572671130532,2.6583238909822335,4.242582370031205,6410.25641025641,0.004192916826048605,356.37075,0.041,0.3306451612903226,0-0-1177-0,i,42d56bbf-Audio_SP23_part01,group_0,1,fave,162.48327685359052,68.3126343312968,4,y,"",0.0999999999999659,",",se,#,#,.,s,coextensive
321.78575132295975,2084.165879833714,2420.304202099439,2.97465874724458,3.174408677829657,4.287320423690682,5512.820512820513,0.0013972701189347327,359.96275,0.025,0.33783783783783783,0-0-1191-5,i,42d56bbf-Audio_SP23_part01,group_0,1,fave,940.2931825537621,66.2672529614265,4,demasiado,"",0.05000000000001137,son,baratas,s,á,s,á,internal
212.1889344961799,2269.6768525587845,3318.681909886147,2.027894352860912,3.445945891522918,3.6579209830352353,5871.794871794871,0.014365214353996097,364.10875,0.057,0.32758620689655177,0-0-1208-0,i,42d56bbf-Audio_SP23_part01,group_0,1,fave,159.12292193410184,65.53105640470442,4,Y,"",0.1500000000000341,.,el,#,#,.,e,coextensive
305.45700846370437,2242.539528686432,2468.1833642209053,2.357927803631583,2.9664344153953057,4.364809807229949,6589.74358974359,0.00020657337878528557,367.41775,0.035,0.33653846153846156,0-0-1227-1,i,42d56bbf-Audio_SP23_part01,group_0,1,fave,146.51475294273058,77.284830300264,4,viendo,"",0.08000000000004093,vayas,",",b,é,b,é,internal
244.62425173564685,2157.4444758982,2519.002336280682,2.1045422040669015,3.222014792038561,4.57523975559099,6051.282051282051,0.0017850434539927076,371.06575,0.031,0.32978723404255317,0-0-1240-1,i,42d56bbf-Audio_SP23_part01,group_0,1,fave,144.11650506125892,70.59683034789954,4,quisiera,"",0.06999999999999318,yo,saber,k,s,k,s,internal
299.4928328445458,2442.3746195134972,3120.174093272636,2.7014742839866597,3.802021387661006,3.697435680814098,5333.333333333333,0.0028386218074640665,373.53774999999996,0.055,0.33536585365853655,0-0-1249-3,i,42d56bbf-Audio_SP23_part01,group_0,1,fave,166.35203414094366,71.69247104385013,4,muchísimo,"",0.13999999999998636,molestado,",",h,s,h,s,internal
261.5000558479903,2303.410180714979,3731.8184479814995,3.633586203479597,2.679006921187086,3.740293696492698,8025.641025641025,0.000737575971501511,375.26075,0.041,0.3306451612903226,0-0-1259-0,i,42d56bbf-Audio_SP23_part01,group_0,1,fave,129.26955205469727,71.89651984961648,4,y,"",0.0999999999999659,",",es,#,#,.,é,coextensive
320.248085307814,2320.4014212248576,3253.580599025859,3.849096051934549,2.897917874577508,5.105988733807444,7666.666666666666,0.00028191097034049916,377.81374999999997,0.027000000000000003,0.32142857142857145,0-0-1270-1,i,42d56bbf-Audio_SP23_part01,group_0,1,fave,195.04249087246163,74.10649798852371,4,Microworkers,"",0.060000000000002274,a,",",m,k,m,k,internal
248.97443043787683,2187.6944344231374,3477.5874857941617,3.0245558456702315,2.7173916190962837,3.4618342308038565,6410.25641025641,0.001133553315272818,379.25275000000005,0.045,0.33582089552238803,0-0-1273-0,i,42d56bbf-Audio_SP23_part01,group_0,1,fave,207.19476900849136,72.58834666506245,4,y,"",0.1099999999999568,vulgarmente,perdone,#,#,e,p,coextensive
325.02394070938857,2204.6000541442877,3953.2031865382883,3.1759208685134213,4.1186993459264984,4.161168652596778,6410.25641025641,0.00032033482095805406,383.77775,0.035,0.33653846153846156,0-0-1296-0,i,42d56bbf-Audio_SP23_part01,group_0,1,fave,173.45571951182754,76.82302639872789,4,y,"",0.07999999999998408,",",reclamas,#,#,.,r,coextensive
341.19690975223693,2111.3224458743707,3773.53668135469,2.8559726310128988,2.481230498704817,3.929899247250837,6769.2307692307695,0.0003082420872869315,387.62275000000005,0.025,0.33783783783783783,0-0-1312-1,i,42d56bbf-Audio_SP23_part01,group_0,1,fave,324.5449340601299,81.10523368691102,4,digamos,"",0.05000000000001137,somos,un,d,g,d,g,internal
307.73272501230247,2211.8824478721426,3457.226536277602,2.7422820663007466,3.782085552583581,3.6031193389093232,6589.74358974359,0.0004748256893137748,388.28574999999995,0.031,0.32978723404255317,0-0-1317-0,i,42d56bbf-Audio_SP23_part01,group_0,1,fave,156.04772422440502,75.88994478578073,4,izquierda,"",0.06999999999999318,la,",",#,z,a,z,initial
288.04859596840686,2258.576109055067,2842.1319656916894,3.325502661088133,2.5488760204547645,4.44362426300652,6230.7692307692305,0.0001670347156149734,388.44374999999997,0.027000000000000003,0.32142857142857145,0-0-1317-3,i,42d56bbf-Audio_SP23_part01,group_0,1,fave,134.2431150028582,76.06968191847504,4,izquierda,"",0.060000000000002274,la,",",k,é,k,é,internal
303.4125642316808,2272.9940384606225,2748.491281277437,2.8248667239989693,3.2905162908224916,3.522974723869336,5333.333333333333,0.002626225643701723,393.06075,0.08099999999999999,0.3319672131147541,0-0-1333-1,i,42d56bbf-Audio_SP23_part01,group_0,1,fave,112.62826409720135,71.86031679066545,4,mí,"",0.22000000000002728,a,prácticamente,m,#,m,p,final
336.70846016679815,2037.553780000085,2503.504062971856,2.41095402057892,3.0870294901968003,3.3945162253482124,6051.282051282051,5.555248375442472e-6,396.50275000000005,0.025,0.33783783783783783,0-0-1342-5,i,42d56bbf-Audio_SP23_part01,group_0,1,fave,152.83302687854112,79.6571470305354,4,prácticamente,"",0.05000000000001137,que,me,t,k,t,k,internal
299.0498030226896,2228.6660489707324,3826.614783175879,2.970397844402268,2.642057131571701,3.6592324985693843,6769.2307692307695,0.0001814038684785358,397.22574999999995,0.031,0.32978723404255317,0-0-1344-3,i,42d56bbf-Audio_SP23_part01,group_0,1,fave,153.24916266994978,79.62543832912321,4,decían,"",0.06999999999999318,me,",",z,a,z,a,internal
314.8728988121549,2272.8635811507156,4509.897315862416,2.969566135197734,3.7760643845948474,4.670134632810963,8564.102564102563,0.00168169012547695,401.60074999999995,0.041,0.3306451612903226,0-0-1364-3,i,42d56bbf-Audio_SP23_part01,group_0,1,fave,130.26339615578541,72.28723335761134,4,admitir,"",0.10000000000002274,a,.,m,t,m,t,internal
209.60528045923334,1909.6781991346604,3448.963300707,3.224378007118921,3.28787330264026,4.083425943056264,5692.3076923076915,0.0004470628482256845,404.32275000000004,0.025,0.33783783783783783,0-0-1373-6,i,42d56bbf-Audio_SP23_part01,group_0,1,fave,230.70872864853058,75.36884609921957,4,expresión,"",0.05000000000001137,la,",",s,o,s,o,internal
281.971975014074,2308.6206079828994,3724.745178967847,2.4155439473323224,2.4385955422913757,4.7736071229117805,6410.25641025641,0.004724227358621652,407.59775,0.035,0.33653846153846156,0-0-1388-4,i,42d56bbf-Audio_SP23_part01,group_0,1,fave,177.17730288983705,78.18783470325482,4,cantidad,"",0.08000000000004093,una,de,t,d,t,d,internal
294.8042055394227,2011.0546476922627,2423.7422064261254,2.684536011899666,3.485559990138845,4.423014972935193,5333.333333333333,0.0012247887164250361,417.69775000000004,0.035,0.3365384615384616,0-0-1432-3,i,42d56bbf-Audio_SP23_part01,group_0,1,fave,177.29706310233692,75.16725205209465,4,insistir,"",0.07999999999998408,a,",",s,s,s,s,internal
349.6500184309503,2309.5147466508993,3484.310422496069,2.2126289605110303,2.8127941327194077,3.832597976710589,6230.7692307692305,0.000633181424268758,419.50775,0.055,0.3353658536585366,0-0-1441-3,i,42d56bbf-Audio_SP23_part01,group_0,1,fave,183.07062405443452,79.7663018280426,4,metí,"",0.13999999999998636,me,en,t,#,t,e,final
301.55584626152336,2236.0648676870424,2814.868479163437,3.0870524555769583,3.8340502971680963,4.352106538973665,5871.794871794871,0.3373927392416857,421.43775000000005,0.035,0.3365384615384616,0-0-1451-1,i,42d56bbf-Audio_SP23_part01,group_0,1,fave,190.41389447770422,73.7273627528823,4,SimplyCodes,"",0.07999999999998408,llama,",",s,m,s,m,internal
305.98257353068766,2006.1221148421553,3265.623421300426,2.9301421546573847,3.824119792579566,4.101367933934939,6410.25641025641,0.0008676031293527436,421.67775000000006,0.035,0.33653846153846156,0-0-1451-5,i,42d56bbf-Audio_SP23_part01,group_0,1,fave,188.3788401383193,74.42886844520817,4,SimplyCodes,"",0.07999999999998408,llama,",",l,k,l,k,internal
292.6383198074116,2049.855748709597,2240.710222275355,2.2844920488668605,4.130555123439978,3.686762093145945,4435.897435897436,0.008668230990973282,422.72275,0.045,0.33582089552238803,0-0-1453-1,i,42d56bbf-Audio_SP23_part01,group_0,1,fave,153.24966244602695,74.55891875512164,4,SimplyCodes,"",0.11000000000001364,",",estuvo,s,m,s,m,internal
293.3054232331614,2001.3317778087792,2375.1176689625636,2.9514852158665383,3.7377813785073988,3.2740504163391586,5871.794871794871,0.0005348783312726657,422.95574999999997,0.031,0.32978723404255317,0-0-1453-5,i,42d56bbf-Audio_SP23_part01,group_0,1,fave,272.2511079886274,72.48409362328108,4,SimplyCodes,"",0.06999999999999318,",",estuvo,l,k,l,k,internal
237.62672468408448,2306.839072450492,3234.781644829387,2.315297425366737,3.667975667960114,3.7844512085887034,6410.25641025641,0.0028469105833414943,424.23275,0.045,0.33582089552238803,0-0-1459-2,i,42d56bbf-Audio_SP23_part01,group_0,1,fave,159.51305623084357,70.10958058620032,4,principio,"",0.11000000000001364,al,",",R,n,R,n,internal
276.0464765099105,2169.295258376924,2585.4389350302336,2.6349326412560075,3.6096067052037055,4.090432869950016,5692.3076923076915,0.0014117046461322733,427.08275000000003,0.025,0.33783783783783783,0-0-1470-1,i,42d56bbf-Audio_SP23_part01,group_0,1,fave,152.9650655885371,67.2208446722707,4,cien,"",0.05000000000001137,de,tareas,z,é,z,é,internal
284.0782656460777,2299.9954655804613,4026.7581254833376,2.2081377327207936,3.0037590835650407,4.401477342865212,7487.179487179487,0.0019585828909754553,427.59275,0.045,0.33582089552238803,0-0-1472-1,i,42d56bbf-Audio_SP23_part01,group_0,1,fave,139.93457096629342,73.61649878229099,4,diarias,"",0.11000000000001364,tareas,iba,d,á,d,á,internal
224.730433038293,2192.8830853184995,3770.585895239286,2.6643627484175245,3.1472888232654332,3.7845812070066556,7666.666666666666,0.0017568911470931627,428.19875,0.057,0.32758620689655177,0-0-1474-1,i,42d56bbf-Audio_SP23_part01,group_0,1,fave,237.93051245642306,77.02028964077631,4,bien,"",0.14999999999997726,iba,",",b,é,b,é,internal
271.12116633866185,2236.6618871827923,3536.8279363015786,2.6104120213074062,1.6111726449444363,3.9646071884806355,6230.7692307692305,0.00011300468153609552,428.51374999999996,0.027000000000000003,0.32142857142857145,0-0-1476-1,i,42d56bbf-Audio_SP23_part01,group_0,1,fave,253.93071270889428,73.16292461309321,4,bien,"",0.060000000000002274,",",.,b,é,b,é,internal
331.64504455662706,2148.60034294347,3534.364885822495,2.5019158357836786,2.7059681646092293,4.615992187385604,6948.717948717948,0.0012879116185567526,436.68075,0.041,0.3306451612903226,0-0-1513-1,i,42d56bbf-Audio_SP23_part01,group_0,1,fave,151.11793971682465,80.45971116697089,4,ahí,"",0.0999999999999659,acumulé,como,á,#,á,k,final
323.6124207776324,1710.2573388862688,2036.7615065811774,3.0246762299527914,3.95060314631659,3.5982903465711096,3179.4871794871797,0.009987289909905666,437.55375,0.027000000000000003,0.32142857142857145,0-0-1516-1,i,42d56bbf-Audio_SP23_part01,group_0,1,fave,146.20625619369793,63.94839140724194,4,siete,"",0.060000000000002274,[silence],dólares,s,é,s,é,internal
269.313415432372,2182.427486866963,2837.813045815012,1.2856606852714492,3.7608782817219866,3.784317020020024,4974.358974358975,0.00040172653402736853,440.10875,0.037000000000000005,0.324561403508772,0-0-1529-1,i,42d56bbf-Audio_SP23_part01,group_0,1,fave,282.61861649699466,67.48761307153488,4,diez,"",0.09000000000003183,mínimo,[silence],d,é,d,é,internal
270.80236763599135,1980.9195831381844,2842.3798991638046,2.025702692394664,4.3667860551143685,3.8053714345534737,5871.794871794871,0.007775287602274615,440.65875,0.037000000000000005,0.324561403508772,0-0-1531-0,i,42d56bbf-Audio_SP23_part01,group_0,1,fave,249.7260622174967,62.10959744016049,4,y,"",0.09000000000003183,[silence],no,#,#,.,n,coextensive
262.5500640226955,2436.142972835444,3440.200071842665,2.604364709452466,3.598110675826771,3.374243625778037,5153.846153846154,0.004213801342397886,442.21774999999997,0.055,0.33536585365853655,0-0-1539-0,i,42d56bbf-Audio_SP23_part01,group_0,1,fave,178.3692513163133,76.09681942012604,4,Y,"",0.13999999999998636,[silence],hay,#,#,.,á,coextensive
385.4755760569774,2035.5438544516508,3488.335401321991,3.295875399116491,3.8137825484416115,4.1385400701237565,6769.2307692307695,0.000036836474783720325,443.19374999999997,0.027000000000000003,0.32142857142857145,0-0-1544-1,i,42d56bbf-Audio_SP23_part01,group_0,1,fave,175.22194891204853,80.40250502533233,4,mí,"",0.060000000000002274,a,me,m,#,m,m,final
332.687474571176,3061.4720898739183,3424.2296410366102,3.194187651582259,4.0139653202998735,3.945844135915146,6051.282051282051,0.05177658123093108,445.10875,0.057,0.32758620689655177,0-0-1554-1,i,42d56bbf-Audio_SP23_part01,group_0,1,fave,209.4620437368619,80.26088252719246,4,Nibu,"",0.1500000000000341,llama,",",n,b,n,b,internal
305.0589793002901,2158.232460962141,3381.441040312837,2.892295322907887,3.3768219380543263,3.7667104803900573,6230.7692307692305,0.006886070817833155,446.35875,0.057,0.32758620689655177,0-0-1559-0,i,42d56bbf-Audio_SP23_part01,group_0,1,fave,167.8162057440705,75.33025842952213,4,i,"",0.1500000000000341,a,",",#,#,a,.,coextensive
298.41713737277934,2271.4230507728776,2862.3412689995907,2.8684358021679155,3.276607121467883,4.589921479686797,6769.2307692307695,0.0007756582293393577,448.23375,0.027000000000000003,0.32142857142857145,0-0-1568-4,i,42d56bbf-Audio_SP23_part01,group_0,1,fave,148.0727929713766,71.53579728416341,4,certificada,"",0.05999999999994543,[silence],que,t,f,t,f,internal
290.3433117140372,1914.765846755582,2436.981598499384,2.186734416262894,3.382159993838835,3.0926272261211114,6051.282051282051,0.000013626339968875732,448.33275000000003,0.025,0.33783783783783783,0-0-1568-6,i,42d56bbf-Audio_SP23_part01,group_0,1,fave,131.58646580504444,70.99478944435943,4,certificada,"",0.05000000000001137,[silence],que,f,k,f,k,internal
304.280658082372,2357.0704995169626,3622.986828483337,1.7073489375027364,3.244955975914872,4.495327150502577,7487.179487179487,0.00027986571722473947,449.51375,0.047,0.3263888888888889,0-0-1573-3,i,42d56bbf-Audio_SP23_part01,group_0,1,fave,159.8285138043868,80.6072085999739,4,tenía,"",0.12000000000000455,la,",",n,a,n,a,internal
203.0403744449052,2223.0195737411436,2380.318212301056,2.611252753722577,3.269799667241171,4.444791091473887,5871.794871794871,0.003391583389437785,464.05875,0.07700000000000001,0.3290598290598291,0-0-1638-1,i,42d56bbf-Audio_SP23_part01,group_0,1,fave,195.61294035985654,71.66145479119132,4,Airtm,"",0.21000000000003638,o,",",a,R,a,R,internal
334.20304640743433,2232.715812499357,3832.712446449331,3.710127962557582,2.4794323523822865,4.404757843349954,7487.179487179487,0.0009878378171998712,470.11575,0.031,0.32978723404255317,0-0-1663-3,i,42d56bbf-Audio_SP23_part01,group_0,1,fave,121.52099139112609,73.77844166243341,4,verificar,"",0.06999999999999318,para,mi,R,f,R,f,internal
282.0739003689004,2152.806159366168,2882.182140509591,3.032071322424324,3.4779077250581456,4.433877054540365,6589.74358974359,0.0001394728891259207,470.24375,0.027000000000000003,0.32142857142857145,0-0-1663-5,i,42d56bbf-Audio_SP23_part01,group_0,1,fave,120.67722998300871,74.54912718285594,4,verificar,"",0.060000000000002274,para,mi,f,k,f,k,internal
301.742042383417,2294.96029393399,3574.9432971461506,3.2615083976740933,3.224812222510115,3.6765531406519774,7487.179487179487,0.0007537764576061176,470.55575,0.031,0.32978723404255317,0-0-1664-1,i,42d56bbf-Audio_SP23_part01,group_0,1,fave,191.96352346650838,78.2674630603364,4,mi,"",0.06999999999999318,verificar,cuenta,m,#,m,k,final
283.37515969465636,2203.1077984750477,3756.33421371473,2.464079812283134,3.1755159483054363,3.4967558032807986,6230.7692307692305,0.0034243179156646375,472.65574999999995,0.051000000000000004,0.3311688311688312,0-0-1674-0,i,42d56bbf-Audio_SP23_part01,group_0,1,fave,216.77578309102432,70.94518660553612,4,y,"",0.12999999999999545,[silence],tuve,#,#,.,t,coextensive
246.3804576370577,2317.2916738417784,3556.8153479742277,3.001349702212925,3.297174886832823,3.951363510491967,6769.2307692307695,3.2085041818763006e-6,476.75275000000005,0.025,0.33783783783783783,0-0-1689-0,i,42d56bbf-Audio_SP23_part01,group_0,1,fave,232.6781566714196,78.47221611690715,4,y,"",0.05000000000001137,ahí,no,#,#,i,n,coextensive
274.81745517462986,2332.548938176392,3543.4145975044285,2.9125318453359905,3.2757752876254194,3.6057439418425323,6051.282051282051,0.009460149819072457,478.42574999999994,0.051000000000000004,0.3311688311688312,0-0-1697-0,i,42d56bbf-Audio_SP23_part01,group_0,1,fave,191.54936477709583,74.74466282969995,4,y,"",0.12999999999999545,[silence],les,#,#,.,l,coextensive
324.98956830033626,2224.287573296478,3287.331386683429,2.9442493049223355,3.185240955420521,3.7873762396075374,6410.25641025641,0.005804494402225179,480.42575,0.07100000000000001,0.3317757009345795,0-0-1704-0,i,42d56bbf-Audio_SP23_part01,group_0,1,fave,162.23854534064708,75.68935688098946,4,y,"",0.18999999999999773,[silence],para,#,#,.,p,coextensive
295.48361793060013,2191.307920554984,2762.7921168999346,3.07809771263518,3.0982928601548605,4.647701947146203,6410.25641025641,0.010427414972322118,480.95775,0.07500000000000001,0.3348214285714286,0-0-1707-1,i,42d56bbf-Audio_SP23_part01,group_0,1,fave,155.60232510715363,75.53893562840106,4,mí,"",0.19999999999998863,[silence],que,m,#,m,k,final
334.82542115753523,2120.3271442537016,3529.3815619302222,2.9409272043550687,3.5481907465097615,4.477327482326873,6589.74358974359,0.00018751790338562512,484.00374999999997,0.027000000000000003,0.32142857142857145,0-0-1718-2,i,42d56bbf-Audio_SP23_part01,group_0,1,fave,177.87355422712045,70.0258292493582,4,así,"",0.060000000000002274,responden,como,s,#,s,k,final
315.3495934362014,2273.0607292949376,3318.902294118167,2.2408443365465027,2.7139294006616503,3.821960824884371,6769.2307692307695,3.250260402365124e-6,497.34275,0.025,0.33783783783783783,0-0-1762-0,i,42d56bbf-Audio_SP23_part01,group_0,1,fave,169.09460851379146,77.04811806480457,4,y,"",0.05000000000001137,[silence],no,#,#,.,n,coextensive
281.70039664855705,2201.379727983894,3414.1785374139677,2.4335093816429443,2.998871269129716,4.597583893680223,6769.2307692307695,0.0010999780321031963,533.44575,0.031,0.32978723404255317,0-0-1815-1,i,42d56bbf-Audio_SP23_part01,group_0,1,fave,93.53883365366947,75.0089739466455,4,Dios,"",0.07000000000005002,en,",",d,ó,d,ó,internal
313.2114799434335,1859.894537031345,2497.348380900133,3.1663856456720754,3.370607689264105,4.578592455484104,6410.25641025641,0.0001246442291002463,535.8537500000001,0.027000000000000003,0.32142857142857145,0-0-1830-1,i,42d56bbf-Audio_SP23_part01,group_0,1,fave,89.39761194475305,62.11704251341554,4,Dios,"",0.05999999999994543,en,.,d,ó,d,ó,internal
298.84484402518217,2233.064202159993,3552.4228602417434,3.021571861672681,3.752895858812966,4.486542792864014,6410.25641025641,0.0023990923555646227,540.46775,0.035,0.33653846153846156,0-0-1844-5,i,42d56bbf-Audio_SP23_part01,group_0,1,fave,105.66871340012001,73.96237723327867,4,religión,"",0.07999999999992724,la,que,x,o,x,o,internal
333.5871191709641,1979.6188402794298,2410.7972230294254,2.5895527120141186,3.384071750662585,3.200026464541521,5512.820512820513,0.00006384118981232252,549.5937500000001,0.027000000000000003,0.32142857142857145,0-0-1874-3,i,42d56bbf-Audio_SP23_part01,group_0,1,fave,101.90208650260465,77.11812762673553,4,podía,"",0.05999999999994543,todavía,trabajar,d,a,d,a,internal
286.59132291056926,2250.562217640299,3388.110019542089,3.4685249319261,2.9686865921208696,4.057304708000769,6410.25641025641,0.00009448037183450128,559.32575,0.031,0.32978723404255317,0-0-1919-2,i,42d56bbf-Audio_SP23_part01,group_0,1,fave,203.44029342554862,80.9086315871382,4,seis,"",0.07000000000005002,y,años,é,s,é,s,internal
417.41448587140644,1889.2078832296766,2405.001718895675,2.785010524420373,3.429970639753922,4.674914551833191,6230.7692307692305,0.001993670615563868,560.78275,0.045,0.3358208955223881,0-0-1926-3,i,42d56bbf-Audio_SP23_part01,group_0,1,fave,147.88651359648424,75.22401452942758,4,tenía,"",0.11000000000001364,yo,todavía,n,a,n,a,internal
455.39192222264796,2186.2131617072437,3630.028769695708,3.578121786030123,4.215146941380332,4.37052259983288,6589.74358974359,0.0019605031728438414,561.42575,0.031,0.32978723404255317,0-0-1927-5,i,42d56bbf-Audio_SP23_part01,group_0,1,fave,142.58798648774393,73.97253853479535,4,todavía,"",0.07000000000005002,tenía,una,b,a,b,a,internal
308.3032964712927,2204.653086279322,4062.09151201501,2.5260596089118508,2.7035176098043965,4.291400396546583,7666.666666666666,0.00015813059702004113,563.97775,0.035,0.3365384615384616,0-0-1933-5,i,42d56bbf-Audio_SP23_part01,group_0,1,fave,154.78882254804677,76.3990893133038,4,decidí,"",0.07999999999992724,yo,jubilarme,d,#,d,x,final
315.8060980475948,2153.4343532217013,2936.46266712397,3.0866152152609314,2.8992003317416906,4.840806694182279,6589.74358974359,0.0002387877635239845,566.5137500000001,0.027000000000000003,0.32142857142857145,0-0-1941-4,i,42d56bbf-Audio_SP23_part01,group_0,1,fave,132.28728733584583,73.46527694509446,4,sencillamente,"",0.05999999999994543,que,[silence],z,L,z,L,internal
288.38933593234805,2295.326523214628,3606.3384282419797,1.9961449705207863,2.2051522013413383,4.025360519396143,6769.2307692307695,0.00039934262117212796,569.0957500000001,0.051000000000000004,0.3311688311688312,0-0-1947-2,i,42d56bbf-Audio_SP23_part01,group_0,1,fave,146.67686889716117,79.4011478895996,4,había,"",0.12999999999999545,[silence],cabida,b,a,b,a,internal
288.591577521502,2327.0426226654217,3773.6605458232357,3.071142904422898,2.6089803593374734,4.3001876720573415,6769.2307692307695,0.0005889282237492679,572.90275,0.045,0.33582089552238803,0-0-1961-1,i,42d56bbf-Audio_SP23_part01,group_0,1,fave,122.33074281650467,77.45425137294258,4,mío,"",0.11000000000001364,caso,y,m,ó,m,ó,internal
295.2450357472408,2434.613765244855,4058.34791584629,2.9648751926828107,4.170706741072559,4.490838105091411,8564.102564102563,0.0009084011058643623,573.05575,0.031,0.32978723404255317,0-0-1962-0,i,42d56bbf-Audio_SP23_part01,group_0,1,fave,140.1443056327035,76.77632346156133,4,y,"",0.07000000000005002,mío,de,#,#,ó,d,coextensive
269.41130120108164,2370.428184074306,3230.487872380699,2.2908982049099866,4.021612838789807,3.527323388311558,6410.25641025641,0.0008565346310633369,577.18775,0.055,0.33536585365853655,0-0-1976-3,i,42d56bbf-Audio_SP23_part01,group_0,1,fave,137.48480226078823,76.32714899857417,4,políticas,"",0.13999999999998636,razones,",",l,t,l,t,internal
297.8444513189632,2104.834100585101,3174.624462291503,2.4932504685585894,3.5303579147328286,4.634693779593117,6410.25641025641,0.0017043963468397314,578.41075,0.041,0.3306451612903226,0-0-1981-3,i,42d56bbf-Audio_SP23_part01,group_0,1,fave,141.6017517375209,73.3395964546784,4,politiquera,"",0.10000000000002274,o,",",l,t,l,t,internal
274.59331080162747,2321.8609625587865,3758.652055340193,3.0033932431621873,3.3524970327497323,4.478177885906936,6410.25641025641,0.0007252739647034604,578.56875,0.037,0.32456140350877194,0-0-1981-5,i,42d56bbf-Audio_SP23_part01,group_0,1,fave,180.34099431344052,70.66547097301881,4,politiquera,"",0.09000000000003183,o,",",t,k,t,k,internal
359.69451797823433,2248.588170628561,3324.6732249887796,3.0414938231931985,2.9773758651266324,4.931641817641765,6948.717948717948,0.00004816082234239897,579.81375,0.027000000000000003,0.32142857142857145,0-0-1984-3,i,42d56bbf-Audio_SP23_part01,group_0,1,fave,178.94358275193704,82.6921712504864,4,ponían,"",0.06000000000005912,te,prácticamente,n,a,n,a,internal
223.8534676888498,972.444242748161,2610.0201022786923,3.1780494871039435,3.5674024185295417,4.6412688100359425,5692.3076923076915,0.00020981480115868096,26.31275,0.025,0.33783783783783783,0-0-37-4,u,42d56bbf-Audio_SP23_part01,group_0,1,fave,944.0602792477272,65.65101541991545,4,cincuenta,"",0.05000000000000071,novecientos,y,k,é,k,é,internal
374.7608360807404,864.8104686046563,1310.3715466936176,3.2278028884987795,3.6200422844823095,3.9072256596609383,3897.4358974358975,0.004689099630637813,48.662749999999996,0.045,0.33582089552238803,0-0-54-3,u,42d56bbf-Audio_SP23_part01,group_0,1,fave,115.72109574398986,75.77415345007847,4,proud,"",0.10999999999999943,very,to,ó,d,ó,d,internal
341.16535533631406,401.1534828583865,878.8135168593444,3.005019994862779,3.457697284256464,3.8837994041557655,3358.974358974359,0.01573017998499983,54.70575,0.031,0.32978723404255317,0-0-81-1,u,42d56bbf-Audio_SP23_part01,group_0,1,fave,114.31913207692232,77.78716695737545,4,buena,"",0.07000000000000028,muy,la,b,é,b,é,internal
389.89757036958747,1187.874356140063,3438.8389306800564,2.956243750134927,3.868173661935401,3.848853186380319,5871.794871794871,0.0021493286803244585,56.89274999999999,0.045,0.33582089552238803,0-0-88-1,u,42d56bbf-Audio_SP23_part01,group_0,1,fave,136.28216760770644,80.34055770968683,4,luego,"",0.10999999999999943,Este,hice,l,é,l,é,internal
349.56093994773414,997.4251773702097,1386.430540901948,2.595424095252288,3.974877738754476,4.618994835407967,4076.923076923077,0.0264423519874993,59.06875,0.037,0.32456140350877194,0-0-94-1,u,42d56bbf-Audio_SP23_part01,group_0,1,fave,121.21509267195017,72.25001360762789,4,supervisión,"",0.09000000000000341,sistema,y,s,p,s,p,internal
296.1215030666794,926.5698279720907,1685.4019997828414,3.7924617135289598,3.5020194780659595,5.052392294233003,4974.358974358975,0.012778865095328187,74.77875,0.037000000000000005,0.324561403508772,0-0-138-4,u,42d56bbf-Audio_SP23_part01,group_0,1,fave,121.57023190125278,77.91839643273171,4,graduado,"",0.0899999999999892,de,",",d,á,d,á,internal
317.6641629065836,729.4115254069422,1753.1599028880903,3.1677906083907286,2.745610603575796,4.655035771098743,4076.923076923077,0.007676908906831487,75.66775,0.035,0.3365384615384616,0-0-144-1,u,42d56bbf-Audio_SP23_part01,group_0,1,fave,136.3946241405626,74.41037853969803,4,cuatro,"",0.0799999999999983,y,",",k,á,k,á,internal
296.98504709380256,836.6044297311813,2339.97381566024,3.649430197413415,4.271042225686353,3.850976135903905,4974.358974358975,0.008450842800125256,77.54374999999999,0.047,0.3263888888888889,0-0-151-1,u,42d56bbf-Audio_SP23_part01,group_0,1,fave,191.04632180207722,80.5599164933882,4,nueve,"",0.12000000000000455,y,[silence],n,é,n,é,internal
291.0175752719109,689.1155751540796,1992.618801751884,2.2102551384070064,3.4655727522306323,4.49087426587013,3538.4615384615386,0.015661745718749384,86.01074999999999,0.041,0.3306451612903226,0-0-177-1,u,42d56bbf-Audio_SP23_part01,group_0,1,fave,141.95106686007657,73.94202488193277,4,jubilé,"",0.10000000000000853,me,",",x,b,x,b,internal
362.52460427003734,1011.6567471366504,2378.8435903911877,3.296266761798981,3.1790839729350986,3.8587434376562078,4974.358974358975,0.0003304625013689646,92.67375,0.027000000000000003,0.32142857142857145,0-0-194-1,u,42d56bbf-Audio_SP23_part01,group_0,1,fave,90.7845272371487,77.25540690628645,4,pues,"",0.060000000000002274,y,en,p,e,p,e,internal
298.84414338347824,547.3894124803562,1059.4864477206233,2.4989904241131478,3.3883554399062117,4.100217989517038,3358.974358974359,0.005313265423846352,94.00275,0.045,0.33582089552238803,0-0-201-6,u,42d56bbf-Audio_SP23_part01,group_0,1,fave,145.1212521003678,75.94277065819624,4,diecinueve,"",0.10999999999999943,mil,",",n,é,n,é,internal
271.45648387660185,942.760372763215,2335.472843875735,3.0020234418128786,3.969472223847522,4.650760905330147,5333.333333333333,0.0005626144967290586,95.67375,0.027000000000000003,0.32142857142857145,0-0-207-6,u,42d56bbf-Audio_SP23_part01,group_0,1,fave,259.4587395661376,75.58829127446508,4,diecinueve,"",0.060000000000002274,mil,pues,n,é,n,é,internal
362.7099170958506,1029.4725539061942,2407.8826195247534,2.143251013119206,3.455806872332148,3.755720425670566,4794.871794871795,0.00039545712121526487,96.04775,0.035,0.3365384615384616,0-0-208-1,u,42d56bbf-Audio_SP23_part01,group_0,1,fave,117.32354327308967,76.32244104564059,4,pues,"",0.0799999999999983,diecinueve,no,p,e,p,e,internal
347.98617095363767,1563.1131246487528,2275.1684414140364,3.079862970540774,4.10476929473373,4.3484319725668,4974.358974358975,0.009295885725720779,99.30875,0.057,0.32758620689655177,0-0-216-3,u,42d56bbf-Audio_SP23_part01,group_0,1,fave,133.348506538442,76.06449145764827,4,seguramente,"",0.15000000000000568,porque,conoces,g,R,g,R,internal
321.51662256352364,785.8028666431364,2592.3149270550057,2.759241769985829,3.6049528822277894,4.454749879491611,5333.333333333333,0.0041387603793496125,103.71775,0.055,0.33536585365853655,0-0-230-1,u,42d56bbf-Audio_SP23_part01,group_0,1,fave,157.49002403049008,74.87139144302563,4,Europa,"",0.14000000000000057,menos,",",e,R,e,R,internal
317.6556386694118,790.5906921503475,1991.9965655052545,2.3743032356500033,3.5772491133234743,4.9204257305971995,5333.333333333333,0.0001896771230452892,106.21775,0.035,0.3365384615384616,0-0-238-1,u,42d56bbf-Audio_SP23_part01,group_0,1,fave,116.93295782240007,76.71899826363378,4,jubilas,"",0.0799999999999983,te,es,x,b,x,b,internal
381.90044459988326,1181.4579400656062,2064.052476373351,2.7155920459732976,4.420540990322059,4.348225840473833,4076.923076923077,0.001274993489130654,108.20575,0.031,0.32978723404255317,0-0-244-1,u,42d56bbf-Audio_SP23_part01,group_0,1,fave,201.6218280500637,75.59203397677527,4,pudiera,"",0.07000000000000739,aquí,ser,p,d,p,d,internal
347.2677872633453,3402.2824542436356,5040.644516809018,2.837666333635706,3.886174021464086,4.245165467390393,7666.666666666666,0.0019514422248094287,113.71875,0.037,0.32456140350877194,0-0-267-1,u,42d56bbf-Audio_SP23_part01,group_0,1,fave,195.6821856314926,76.97275353093511,4,ju(sta),"",0.09000000000000341,pensión,",",x,#,x,.,final
387.5973872529788,1044.7503560726893,2295.1027313956624,2.5439137102881064,3.6575841092094774,4.546747116794372,5333.333333333333,0.00010233936841698896,123.94575,0.031,0.32978723404255317,0-0-300-3,u,42d56bbf-Audio_SP23_part01,group_0,1,fave,133.96230567602265,80.72650589130322,4,redundancia,"",0.06999999999999318,la,contributiva,d,n,d,n,internal
260.3878467034713,772.5437250427278,1807.0061737179813,2.829967698260996,3.919599802732541,4.503540154702697,3717.948717948718,0.05834969547787116,124.83275,0.045,0.33582089552238803,0-0-301-7,u,42d56bbf-Audio_SP23_part01,group_0,1,fave,102.17608491744603,69.90231085631314,4,contributiva,"",0.10999999999999943,redundancia,con,b,t,b,t,internal
315.1084966129311,770.9087498225018,1432.1430732127026,3.3293178496322153,2.75104547968061,3.7718547057281255,3000.0,0.11934028572165693,125.97874999999999,0.037000000000000005,0.324561403508772,0-0-304-1,u,42d56bbf-Audio_SP23_part01,group_0,1,fave,201.01246002638072,72.80700279056008,4,sueldo,"",0.09000000000000341,nuestro,.,s,é,s,é,internal
326.6401158637222,887.6028956358058,2430.5601434740975,2.8225522005338504,3.818600537873306,4.54257257688719,4615.384615384615,0.000149606573707669,128.77274999999997,0.025,0.33783783783783783,0-0-316-1,u,42d56bbf-Audio_SP23_part01,group_0,1,fave,136.8142264779093,77.53518696465399,4,jubilaciones,"",0.05000000000001137,de,"",x,b,x,b,internal
420.3626085343367,1020.766835810495,2014.5576726284492,2.8394841386496736,4.042126916756967,3.846508141513386,4076.923076923077,0.0010447768412065231,143.85775,0.035,0.3365384615384616,0-0-357-1,u,42d56bbf-Audio_SP23_part01,group_0,1,fave,128.54235092432677,74.32298666254287,4,pues,"",0.07999999999998408,Bueno,la,p,e,p,e,internal
412.86013878215437,1422.708539267875,2454.301476841434,2.894497442815864,3.9857661423074324,3.9161219351149916,4435.897435897436,0.0033475146397563033,158.42874999999998,0.037000000000000005,0.324561403508772,0-0-410-1,u,42d56bbf-Audio_SP23_part01,group_0,1,fave,131.84321758715998,76.94019164198333,4,suena,"",0.09000000000000341,que,muy,s,é,s,é,internal
314.23754045554466,726.1554875830686,2555.325004165158,3.121680544654682,3.268040665944871,4.006378191125348,5153.846153846154,0.005851223482873067,158.89875,0.057,0.32758620689655177,0-0-412-1,u,42d56bbf-Audio_SP23_part01,group_0,1,fave,169.83641074319982,80.59411861629559,4,buena,"",0.15000000000000568,muy,",",b,é,b,é,internal
231.03576883056388,708.5751054188544,1621.5680921325336,2.931772584535095,3.8306138843750768,4.327059402974997,3538.4615384615386,0.002093045541554547,169.89575,0.031,0.32978723404255317,0-0-450-2,u,42d56bbf-Audio_SP23_part01,group_0,1,fave,105.82159536287,68.17562449185286,4,deuda,"",0.06999999999999318,gran,[silence],é,d,é,d,internal
367.37294515560694,769.8145362548988,2215.752368805408,3.0189645523233515,3.8439071642171627,2.97982422091034,5153.846153846154,0.009138567114075706,180.01775,0.035,0.3365384615384616,0-0-482-4,u,42d56bbf-Audio_SP23_part01,group_0,1,fave,128.43277869477518,77.94763946654028,4,cincuenta,"",0.0800000000000125,[silence],dólares,k,é,k,é,internal
354.13201205701694,722.664470032855,2523.7350607331778,2.669953886311786,3.52344028527973,4.02106270383961,4974.358974358975,0.0008947860462447064,197.36575,0.031,0.32978723404255317,0-0-553-4,u,42d56bbf-Audio_SP23_part01,group_0,1,fave,134.2852604727717,75.86424209865446,4,cincuenta,"",0.06999999999999318,caras,centavos,k,é,k,é,internal
442.08910381630625,772.7766712363767,2280.235755159957,3.483622249065712,3.953574986215653,4.002920480608818,5512.820512820513,0.01726176396543356,215.51574999999997,0.07100000000000001,0.3317757009345795,0-0-621-1,u,42d56bbf-Audio_SP23_part01,group_0,1,fave,125.05219522779058,76.80128837817891,4,aún,"",0.18999999999999773,y,aquí,á,n,á,n,internal
293.3367497662688,956.3954177028901,1764.463699110276,3.1489908108952993,3.9643923430378902,4.221675959736273,3358.974358974359,0.0021862393437749967,220.44375000000002,0.027000000000000003,0.32142857142857145,0-0-638-1,u,42d56bbf-Audio_SP23_part01,group_0,1,fave,162.30769777083339,68.62266485611251,4,tú,"",0.060000000000002274,que,sepas,t,#,t,s,final
340.4898315029639,716.6849009963773,2596.5260712286217,2.646173860326334,3.4358554889884148,4.655363879922838,5153.846153846154,0.0032068938417720376,223.81775,0.055,0.33536585365853655,0-0-655-1,u,42d56bbf-Audio_SP23_part01,group_0,1,fave,163.80101213157704,75.79493861959362,4,buscar,"",0.14000000000001478,a,opciones,b,s,b,s,internal
388.555820238849,697.2362665600211,2338.763136722094,3.0058006091206666,3.665312089608547,3.1010614721081358,5512.820512820513,0.0015346165317925275,226.68775,0.035,0.33653846153846156,0-0-663-1,u,42d56bbf-Audio_SP23_part01,group_0,1,fave,155.67043106445885,80.13658171266744,4,puertas,"",0.0800000000000125,varias,todavía,p,é,p,é,internal
333.36402373551135,718.3572034649421,2745.0076893856212,3.0673833836393043,3.8468164689185858,4.689477502290723,5692.3076923076915,0.0059893875114601595,240.23375000000001,0.027000000000000003,0.32142857142857145,0-0-719-1,u,42d56bbf-Audio_SP23_part01,group_0,1,fave,163.63545224889882,77.63270099647175,4,bueno,"",0.060000000000002274,muy,",",b,é,b,é,internal
285.8420159012674,1484.883757442631,2582.940033698195,2.5833897482033166,3.7441925516570183,3.7467167509201653,4435.897435897436,0.0038580985242936,262.28574999999995,0.031,0.32978723404255317,0-0-801-5,u,42d56bbf-Audio_SP23_part01,group_0,1,fave,182.33671587605886,70.95530239244815,4,Venezuela,"",0.06999999999999318,en,Microworkers,z,é,z,é,internal
335.9879291406642,815.1998072795409,2887.3221117833937,3.0736812228838586,3.654020148977018,4.722741960373117,6051.282051282051,0.0010482500899740297,271.24575,0.031,0.32978723404255317,0-0-840-1,u,42d56bbf-Audio_SP23_part01,group_0,1,fave,156.00951656900654,79.4942251488351,4,bueno,"",0.06999999999999318,lo,que,b,é,b,é,internal
376.1632762842706,855.8203001664308,2447.2616160869447,2.942018252584953,3.65360200690448,4.324917940548715,5153.846153846154,0.0002507435195354213,287.79374999999993,0.027000000000000003,0.32142857142857145,0-0-901-1,u,42d56bbf-Audio_SP23_part01,group_0,1,fave,152.8274534881886,73.22470087953141,4,cual,"",0.060000000000002274,el,van,k,á,k,á,internal
352.6443712701732,594.736603474147,2210.8889566367793,2.9448964861263924,3.5613644129374107,4.448544453285954,4794.871794871795,0.0004572302322040191,289.89275000000004,0.025,0.33783783783783783,0-0-910-1,u,42d56bbf-Audio_SP23_part01,group_0,1,fave,155.01842347974494,73.46771647962957,4,cualquier,"",0.05000000000001137,en,momento,k,a,k,a,internal
426.3885127914957,752.9990489325161,2656.6860022014725,2.6342523124916735,3.387890144851271,4.186861244193593,5153.846153846154,0.000012278391383141204,290.81275000000005,0.025,0.33783783783783783,0-0-913-1,u,42d56bbf-Audio_SP23_part01,group_0,1,fave,152.27927949817862,72.37714692191557,4,cualquier,"",0.05000000000001137,a,hora,k,a,k,a,internal
321.03512506373147,655.4830537210838,1651.5210864382307,2.277472935275772,3.724884369724764,4.3620513120485365,4256.410256410256,0.002934173921023048,294.28875,0.037000000000000005,0.324561403508772,0-0-923-4,u,42d56bbf-Audio_SP23_part01,group_0,1,fave,170.35914305264117,73.7550438809924,4,computadora,"",0.09000000000003183,la,",",p,t,p,t,internal
365.2248736975267,686.7952476984274,2375.4558211546614,2.5667896360954865,3.1950229485986688,4.5837268691436925,5512.820512820513,0.002173524115013466,296.99875000000003,0.037000000000000005,0.324561403508772,0-0-930-7,u,42d56bbf-Audio_SP23_part01,group_0,1,fave,139.32318847582295,76.44064861778469,4,veinticuatro,"",0.08999999999997499,prácticamente,horas,k,á,k,á,internal
301.07231495079105,740.5106855646391,1879.3950404251918,2.1485111757491797,4.1255395343848615,4.346868676293929,3717.948717948718,0.006268046526386077,309.23575,0.031,0.32978723404255317,0-0-981-1,u,42d56bbf-Audio_SP23_part01,group_0,1,fave,100.80387227564623,71.80283030359459,4,muchachitos,"",0.06999999999999318,",",que,m,h,m,h,internal
329.5669781567377,768.7893196033289,2468.674366698721,2.8128238687166482,3.1615792525168915,3.8481076722614156,4794.871794871795,0.00030839510859753953,316.98575,0.031,0.32978723404255317,0-0-1009-1,u,42d56bbf-Audio_SP23_part01,group_0,1,fave,155.73688136092977,79.69566216551883,4,buena,"",0.06999999999999318,muy,",",b,é,b,é,internal
293.2150286974364,766.2684220937737,2359.1734335704205,1.9051072360479666,3.76111997184561,4.2906969503145795,5512.820512820513,0.0009725056171802585,317.57375,0.047,0.3263888888888889,0-0-1012-1,u,42d56bbf-Audio_SP23_part01,group_0,1,fave,151.59679340081976,78.78056141935629,4,buena,"",0.12000000000000455,muy,",",b,é,b,é,internal
305.4515751651459,1108.5508112457994,2333.2340856646515,1.7835970161358345,4.633121776703107,4.492311643642557,4974.358974358975,0.02100448222105991,323.72074999999995,0.041,0.3306451612903226,0-0-1040-1,u,42d56bbf-Audio_SP23_part01,group_0,1,fave,150.04893411475388,79.56496424378227,4,tú,"",0.10000000000002274,ya,sabes,t,#,t,s,final
338.8563652443797,1161.0121905753815,2133.267622205265,1.9542623658104914,4.529970154394456,4.374766288969878,4076.923076923077,0.0013736757984245652,324.27574999999996,0.031,0.32978723404255317,0-0-1043-0,u,42d56bbf-Audio_SP23_part01,group_0,1,fave,115.80844434557318,73.28320297983902,4,utiliza,"",0.06999999999999318,que,[silence],#,t,é,t,initial
353.83760884737364,736.0031839121893,2671.734815334166,2.822491668290566,3.4059397330295322,4.544742250686539,4794.871794871795,0.0019163519371767964,353.63575,0.031,0.32978723404255317,0-0-1167-1,u,42d56bbf-Audio_SP23_part01,group_0,1,fave,181.9249042989268,79.64606129693128,4,buenas,"",0.06999999999999318,muy,",",b,é,b,é,internal
389.2900239009903,678.3800076318705,2024.3683862667842,2.6794147651008413,3.0961134577271046,4.619190482136954,4435.897435897436,0.0006129736340935745,371.68575,0.031,0.32978723404255317,0-0-1242-1,u,42d56bbf-Audio_SP23_part01,group_0,1,fave,150.23096545090257,71.54651604546773,4,cuál,"",0.06999999999999318,saber,es,k,á,k,á,internal
327.93827436650355,960.9647629530816,2764.850403470158,2.7728469377050793,4.5940232741906195,4.535641511281226,4974.358974358975,0.014770462915004546,373.34875,0.037000000000000005,0.324561403508772,0-0-1249-1,u,42d56bbf-Audio_SP23_part01,group_0,1,fave,170.20254036845174,77.05171709244611,4,muchísimo,"",0.09000000000003183,molestado,",",m,h,m,h,internal
317.31275645176373,906.077049130938,1750.311954821278,2.6017731715975674,3.9947747454922204,4.427299793525304,3897.4358974358975,0.0013338475146986303,374.45574999999997,0.031,0.32978723404255317,0-0-1254-1,u,42d56bbf-Audio_SP23_part01,group_0,1,fave,176.25076645768866,76.36879880320998,4,muchachos,"",0.06999999999999318,los,me,m,h,m,h,internal
293.57068846746364,754.7360026687068,2238.684848482253,2.809439586489195,3.3527158215575974,3.6293187601517656,5153.846153846154,7.213239330147659e-6,382.58275000000003,0.025,0.33783783783783783,0-0-1290-1,u,42d56bbf-Audio_SP23_part01,group_0,1,fave,137.90951160905294,78.36100449441476,4,tú,"",0.05000000000001137,[silence],reclamas,t,#,t,r,final
336.5312316760341,802.8424934009937,2173.9551421593956,2.915306958755196,3.6629467622654137,4.8309830413082695,4974.358974358975,0.02331705958900842,386.33375,0.047,0.3263888888888889,0-0-1309-0,u,42d56bbf-Audio_SP23_part01,group_0,1,fave,185.72310119064684,77.07805837288686,4,workers,"",0.12000000000000455,al,",",#,o,l,o,initial
324.07823114656816,993.2851405295744,2604.4514738965845,2.9721955792240276,3.0545155870971543,4.5862252051913055,5153.846153846154,0.0002118850329809702,390.92375,0.027000000000000003,0.32142857142857145,0-0-1326-1,u,42d56bbf-Audio_SP23_part01,group_0,1,fave,161.77288992608555,76.98838838301575,4,tu,"",0.060000000000002274,si,cometes,t,#,t,k,final
195.853417376471,1410.171312435586,2876.3958528466756,2.7647172547646277,3.760449975971727,4.115614044541643,4974.358974358975,0.000041062416083032064,397.96275,0.025,0.33783783783783783,0-0-1349-1,u,42d56bbf-Audio_SP23_part01,group_0,1,fave,211.210268751648,66.12867412016705,4,suspender,"",0.05000000000001137,vamos,la,s,s,s,s,internal
364.5260143455649,702.0355255116439,2447.21436992894,2.350455422237768,2.99765948672584,4.119176347103193,5153.846153846154,0.000459825348963852,398.45574999999997,0.031,0.32978723404255317,0-0-1351-1,u,42d56bbf-Audio_SP23_part01,group_0,1,fave,125.9810071221254,72.39703721656369,4,cuenta,"",0.06999999999999318,la,.,k,é,k,é,internal
379.6822193865295,764.2454444851601,2318.280024484065,2.618121325469859,3.478026172348855,4.083412540479652,5333.333333333333,0.00002473267146658619,409.90275,0.025,0.33783783783783783,0-0-1398-1,u,42d56bbf-Audio_SP23_part01,group_0,1,fave,163.05498759752686,80.16485125669102,4,bueno,"",0.05000000000001137,",",[silence],b,é,b,é,internal
359.0502624841308,683.6061734235882,1947.2319978556327,3.2698027578453694,3.277035669392453,4.442174226505391,5512.820512820513,0.0013721556354506794,417.18575,0.031,0.32978723404255317,0-0-1428-1,u,42d56bbf-Audio_SP23_part01,group_0,1,fave,171.01541088193213,79.19294746900029,4,buena,"",0.06999999999999318,parte,",",b,é,b,é,internal
342.7100686571016,768.6501917679336,1780.2749339371712,3.1978383196662534,4.384127369247093,4.3690058952814805,3897.4358974358975,0.002036522715318597,430.46374999999995,0.027000000000000003,0.32142857142857145,0-0-1486-1,u,42d56bbf-Audio_SP23_part01,group_0,1,fave,194.1077141520678,72.87048980306287,4,pudiste,"",0.060000000000002274,no,",",p,d,p,d,internal
275.0793622414152,515.4774309064941,1616.8740597305457,2.097496318209565,3.3329297565065574,4.483356639571531,3717.948717948718,0.003951626431205068,432.26374999999996,0.027000000000000003,0.32142857142857145,0-0-1496-1,u,42d56bbf-Audio_SP23_part01,group_0,1,fave,257.5525059611847,74.6961962881789,4,funcionar,"",0.060000000000002274,de,[silence],f,n,f,n,internal
312.0634985354367,714.8409447413217,2570.0538879625683,2.7264027617205935,3.182787639182522,4.579399833967067,4974.358974358975,0.0009059147528517207,441.04875,0.037000000000000005,0.324561403508772,0-0-1534-1,u,42d56bbf-Audio_SP23_part01,group_0,1,fave,129.49059349583044,72.41105462585857,4,puede,"",0.09000000000003183,los,sacar,p,é,p,é,internal
319.01108345660555,656.2244932475402,1665.6009658668902,2.6513895514456784,3.4144828892041366,4.30252795490521,3897.4358974358975,0.027594624245304095,445.30774999999994,0.055,0.33536585365853655,0-0-1554-3,u,42d56bbf-Audio_SP23_part01,group_0,1,fave,71.41246523261822,66.44030497018304,4,Nibu,"",0.1400000000000432,llama,",",b,#,b,.,final
342.92613844176486,770.9456261692525,2398.1177785490386,2.30535311684042,3.3423685369748277,3.4835744686636243,4794.871794871795,0.00035857935229732265,445.86575,0.031,0.32978723404255317,0-0-1556-3,u,42d56bbf-Audio_SP23_part01,group_0,1,fave,343.4736742292422,79.31137621878976,4,Nibu,"",0.06999999999999318,",",punto,b,#,b,p,final
373.58041238367855,1346.2216216604893,2105.150290826515,3.208681987776515,3.7296059938785735,4.451450032545214,4256.410256410256,0.002086225636572198,451.48375,0.027000000000000003,0.32142857142857145,0-0-1584-5,u,42d56bbf-Audio_SP23_part01,group_0,1,fave,161.25605294202256,67.86148557238933,4,Venezuela,"",0.05999999999994543,en,.,z,é,z,é,internal
335.76784588991217,987.206640228759,2385.7954045224615,2.939402900116837,3.10426598363631,3.5393559401912698,4794.871794871795,0.00016507645685409075,460.61775000000006,0.035,0.3365384615384616,0-0-1626-1,u,42d56bbf-Audio_SP23_part01,group_0,1,fave,164.95251338409676,80.44519787169993,4,tú,"",0.07999999999998408,que,entonces,t,#,t,e,final
384.91432821773003,687.0661691579223,2066.9751422174863,3.125842311115045,3.6648835172295793,4.3137468236159275,5512.820512820513,0.00028636363223739236,466.70374999999996,0.027000000000000003,0.32142857142857145,0-0-1650-1,u,42d56bbf-Audio_SP23_part01,group_0,1,fave,169.49651544180628,77.03730880453382,4,cuenta,"",0.060000000000002274,una,en,k,é,k,é,internal
370.6556655252823,1212.6942771337303,2271.831367166459,2.786198696299505,4.400874502978019,3.888575099976755,3897.4358974358975,0.0006829013410110208,467.40374999999995,0.027000000000000003,0.32142857142857145,0-0-1653-0,u,42d56bbf-Audio_SP23_part01,group_0,1,fave,115.1121916351888,66.3422713212337,4,Unidos,"",0.060000000000002274,Estados,",",#,n,s,n,initial
335.25989802658745,676.309771761566,2268.6114474987016,2.754376495216856,3.215193019870449,4.666755358206304,4615.384615384615,0.01463902761490148,470.68875,0.037,0.32456140350877194,0-0-1665-1,u,42d56bbf-Audio_SP23_part01,group_0,1,fave,210.13165907089066,78.59182330923696,4,cuenta,"",0.08999999999997499,mi,que,k,é,k,é,internal
310.14405663238745,969.053249398007,2347.400830951012,2.0423075970680706,4.023255513808681,4.2094162381117775,4974.358974358975,0.009803934417752505,485.13375,0.067,0.3284313725490196,0-0-1721-1,u,42d56bbf-Audio_SP23_part01,group_0,1,fave,145.1156792153037,74.55117499946448,4,tú,"",0.17999999999994998,[pron=pi],eres,t,#,t,é,final
386.7216381708576,774.6912595241719,2133.2297971542725,2.987446500064635,2.862678839307386,3.2761433612185957,5512.820512820513,0.00014349020567185183,490.66275,0.025,0.33783783783783783,0-0-1746-1,u,42d56bbf-Audio_SP23_part01,group_0,1,fave,123.64619505007452,67.74393176959468,4,pues,"",0.05000000000001137,mejores,.,p,e,p,e,internal
316.483116390458,632.5528949167581,1943.8075904756722,2.666925968255179,4.153893421591654,3.508484174487795,4615.384615384615,0.03281828376932742,500.79074999999995,0.041,0.3306451612903226,0-0-1779-1,u,42d56bbf-Audio_SP23_part01,group_0,1,fave,151.6857714800254,83.0268321482203,4,bueno,"",0.10000000000002274,lo,de,b,é,b,é,internal
353.62360042041206,706.4971636503146,1586.71614312525,2.7338363134564756,3.606472043723757,4.1102499105446055,4256.410256410256,0.001018578532396739,545.59775,0.035,0.3365384615384616,0-0-1861-1,u,42d56bbf-Audio_SP23_part01,group_0,1,fave,143.21013013732662,74.79403064296241,4,jubilar,"",0.07999999999992724,que,de,x,b,x,b,internal
355.42296788890366,778.7805579443472,2193.457108853412,2.4852270304249506,3.8552433773209676,5.024989763800325,5512.820512820513,0.013807953834876112,553.87075,0.041,0.3306451612903226,0-0-1895-1,u,42d56bbf-Audio_SP23_part01,group_0,1,fave,118.93187946471457,75.20143370042524,4,jubilado,"",0.10000000000002274,ha,.,x,b,x,b,internal
356.7379627618365,741.1189124337701,1911.9904402125335,2.430108765729781,4.255897722637225,4.489754787741544,4076.923076923077,0.00442584743088985,556.03075,0.041,0.3306451612903226,0-0-1905-1,u,42d56bbf-Audio_SP23_part01,group_0,1,fave,123.30297373872799,73.6115926855482,4,jubiló,"",0.10000000000002274,se,ahorita,x,b,x,b,internal
341.49784672934413,737.3638406286933,1845.2078485792886,3.027894015583082,3.7623405336341467,4.561923535779768,3717.948717948718,0.04726000002473832,564.08775,0.035,0.33653846153846156,0-0-1934-1,u,42d56bbf-Audio_SP23_part01,group_0,1,fave,181.83089970237603,77.03775318231503,4,jubilarme,"",0.07999999999992724,decidí,porque,x,b,x,b,internal
398.64923995390353,813.2737150081167,2442.7447984626656,1.9553985621751622,3.237955861663464,3.3871915907953363,4794.871794871795,0.00004498491547604686,585.0957500000001,0.031,0.32978723404255317,0-0-1995-1,u,42d56bbf-Audio_SP23_part01,group_0,1,fave,215.44163609998856,82.58125885903198,4,Bueno,"",0.06999999999993634,[silence],",",b,é,b,é,internal
316.72256536136814,999.2428762252352,2095.012817144903,2.994849058034602,3.4235018373651096,4.443601515578736,3717.948717948718,0.005365773440517181,586.03775,0.035,0.33653846153846156,0-0-1998-1,u,42d56bbf-Audio_SP23_part01,group_0,1,fave,161.48189111824433,69.97900540366018,4,tú,"",0.08000000000004093,porque,sabes,t,#,t,s,final
335.9417990450178,937.7753558344168,2327.939295656409,2.5344325911961,3.5864181772169728,4.053878655289825,5333.333333333333,0.001891201195498225,588.7287500000001,0.037,0.32456140350877194,0-0-2011-5,u,42d56bbf-Audio_SP23_part01,group_0,1,fave,118.4424163374739,68.97768425043613,4,revolucionario,"",0.08999999999991815,proceso,.,l,z,l,z,internal
282.1342515551911,813.4965057106953,2466.809644878051,2.727841102402873,3.5800561033958873,4.394149960364272,4794.871794871795,0.003235139584132166,591.7737500000001,0.047,0.3263888888888889,0-0-2024-2,u,42d56bbf-Audio_SP23_part01,group_0,1,fave,128.32292215502667,73.67635686053137,4,grupito,"",0.12000000000000455,el,que,R,p,R,p,internal
363.5328055980985,1846.6612609730641,2396.5147379148675,3.1871604880775886,3.8135001645320825,4.4959498249177665,6230.7692307692305,0.0008507938208188283,46.545750000000005,0.031,0.32978723404255317,0-0-45-0,y,42d56bbf-Audio_SP23_part01,group_0,1,fave,112.67587139826742,77.17704877262531,4,yo,"",0.07000000000000028,bueno,soy,#,ó,o,ó,initial
265.7923254699046,1460.7286540912767,2423.223889139238,2.3427062540105146,3.6614852913850044,4.141683256388941,4615.384615384615,0.000646189701456115,46.84575,0.031,0.32978723404255317,0-0-47-0,y,42d56bbf-Audio_SP23_part01,group_0,1,fave,127.15627934102613,66.7711210043843,4,yo,"",0.07000000000000028,soy,estoy,#,ó,y,ó,initial
269.8516034010464,2162.859185887454,3193.2265954581076,2.946574491414582,2.9647071700107612,4.300983490956144,7128.205128205128,0.0023387342128599505,50.71574999999999,0.051000000000000004,0.3311688311688311,0-0-65-2,y,42d56bbf-Audio_SP23_part01,group_0,1,fave,209.7115533655278,76.8900986547387,4,muy,"",0.13000000000000256,[silence],muy,ú,#,ú,m,final
266.0612818109416,2218.7223313788177,3518.3100467678087,3.2179846364119453,2.7186617075373674,3.9816090478887363,7666.666666666666,0.0009432123954122788,51.04075,0.061000000000000006,0.3315217391304348,0-0-66-2,y,42d56bbf-Audio_SP23_part01,group_0,1,fave,131.11256924382056,75.57319983580531,4,muy,"",0.1600000000000037,muy,realmente,ú,#,ú,r,final
315.8086424205683,2234.260614068221,3501.9351195058643,2.305434119699629,2.5237696702904704,3.643965465176681,6230.7692307692305,0.0020164196852396643,51.82574999999999,0.051000000000000004,0.3311688311688312,0-0-68-2,y,42d56bbf-Audio_SP23_part01,group_0,1,fave,115.27060931638466,63.48525182870829,4,muy,"",0.13000000000000256,realmente,contento,ú,#,ú,k,final
380.6901178536574,1645.2560690720525,2091.7190934413834,1.9964874036879252,3.7599451541466773,4.404223113966367,4974.358974358975,0.0004718460716685108,109.39275,0.045,0.3358208955223881,0-0-249-1,y,42d56bbf-Audio_SP23_part01,group_0,1,fave,117.1578521285007,71.74340162312556,4,hay,"",0.10999999999999943,pero,cuestiones,á,#,á,k,final
344.40551443953336,2339.5880051085037,3567.2060799793685,3.561384111110546,3.5533167923423625,4.335086803851434,6948.717948717948,0.00010532914834930727,186.65274999999997,0.025,0.33783783783783783,0-0-508-2,y,42d56bbf-Audio_SP23_part01,group_0,1,fave,201.04753427369027,70.95039883183284,4,muy,"",0.05000000000001137,estado,costosas,ú,#,ú,k,final
337.93419595089915,1156.1211508124468,1972.289089313388,3.0731096415628256,3.8590626178196423,3.6148720616120142,3897.4358974358975,0.0015574708713633279,222.41775,0.035,0.33653846153846156,0-0-647-3,y,42d56bbf-Audio_SP23_part01,group_0,1,fave,131.63420133482734,70.7405957899586,4,estoy,"",0.07999999999998408,donde,.,ó,#,ó,.,final
353.56214485154754,2240.9638240629547,3581.471206304676,3.35558810868238,2.7867948673490575,3.353151689620221,7846.153846153846,0.00034039650066359465,233.25575,0.031,0.32978723404255317,0-0-691-3,y,42d56bbf-Audio_SP23_part01,group_0,1,fave,163.59853985548804,72.24905095945563,4,estoy,"",0.06999999999999318,eso,en,ó,#,ó,e,final
369.5171235917419,1463.510374786292,2335.3808661753646,2.4779494454841697,4.246195010060272,3.32807757270821,6589.74358974359,0.0007090308178202864,238.06375000000003,0.027000000000000003,0.32142857142857145,0-0-710-2,y,42d56bbf-Audio_SP23_part01,group_0,1,fave,123.21440984491933,75.33670041252364,4,voy,"",0.060000000000002274,lo,adelantar,ó,#,ó,a,final
347.1925658374661,2003.6837564128125,2853.0471460333397,2.506458992924401,4.024976574060758,4.1222026379687655,5333.333333333333,0.0015354443113905186,242.24874999999997,0.037,0.32456140350877194,0-0-731-1,y,42d56bbf-Audio_SP23_part01,group_0,1,fave,157.14739427514348,75.87278427102564,4,ayudado,"",0.09000000000000341,han,muchos,a,u,a,u,internal
276.3459805451087,2319.3292715306134,3166.233585251276,2.9741180022568297,2.3488068224780276,5.309867301062893,7666.666666666666,0.00002290311587624602,267.88374999999996,0.027000000000000003,0.32142857142857145,0-0-824-2,y,42d56bbf-Audio_SP23_part01,group_0,1,fave,131.58538265923164,72.31260567409345,4,muy,"",0.060000000000002274,aquí,entre,ú,#,ú,é,final
291.43927283584543,2329.505667794896,3281.1775546136714,3.417478001732484,3.5052497836929275,3.1719433754489175,6948.717948717948,0.00026331117084615565,275.46574999999996,0.031,0.32978723404255317,0-0-855-2,y,42d56bbf-Audio_SP23_part01,group_0,1,fave,220.20461778338836,80.86340384141994,4,muy,"",0.06999999999999318,paga,poco,ú,#,ú,p,final
345.04980496177194,2017.1057337130876,2628.0001505845617,1.8031623474505778,3.0560060731790037,4.011197005816932,4974.358974358975,0.00007541574902156841,278.46574999999996,0.031,0.32978723404255317,0-0-870-0,y,42d56bbf-Audio_SP23_part01,group_0,1,fave,171.02086493510288,79.18160634803063,4,yo,"",0.06999999999999318,que,tengo,#,ó,é,ó,initial
344.37226325026205,2164.8813464894743,3202.2841079576624,2.130459272714629,3.6309940283543014,4.105500251324144,5333.333333333333,0.000023567810158574165,279.81275000000005,0.025,0.33783783783783783,0-0-876-2,y,42d56bbf-Audio_SP23_part01,group_0,1,fave,173.17486789461552,77.5441589366653,4,muy,"",0.05000000000001137,muy,poco,ú,#,ú,p,final
262.5920085651114,2305.95451597756,3414.92899128419,1.7313080041141495,3.611836441354905,3.231811605075997,5692.3076923076915,0.000011423615456265264,281.09374999999994,0.027000000000000003,0.32142857142857145,0-0-880-2,y,42d56bbf-Audio_SP23_part01,group_0,1,fave,256.79559130532135,74.0600167241815,4,muy,"",0.060000000000002274,muy,poco,ú,#,ú,p,final
351.4073988582018,2292.687599071834,4002.961580516513,1.3559720356269669,3.4895650535530023,3.823418572017807,7487.179487179487,0.0002852585034170586,300.36275,0.045,0.33582089552238803,0-0-945-0,y,42d56bbf-Audio_SP23_part01,group_0,1,fave,175.28163261900667,83.5189560333591,4,yo,"",0.11000000000001364,que,tengo,#,ó,é,ó,initial
347.9975865929083,2231.6289510563347,3785.790671908987,1.9567050038433724,4.344680394066884,3.433876622131464,7487.179487179487,0.00035582025585666026,300.79875,0.037000000000000005,0.324561403508772,0-0-947-0,y,42d56bbf-Audio_SP23_part01,group_0,1,fave,171.57032447391967,81.8112328102657,4,ya,"",0.09000000000003183,tengo,mis,#,á,o,á,initial
229.4076931317904,1828.5049915626153,3107.9598759785986,2.7702672471009118,3.6232642634826764,4.714029478393682,7307.692307692308,0.0002732863527274297,323.53374999999994,0.027000000000000003,0.32142857142857145,0-0-1039-0,y,42d56bbf-Audio_SP23_part01,group_0,1,fave,117.44532184702479,76.21720282961206,4,ya,"",0.060000000000002274,mejor,tú,#,á,R,á,initial
165.21569999981037,500.5588834045188,1835.4860946394895,2.60771200255576,4.3656725731782995,4.1204810029644126,3717.948717948718,0.11236822954145942,339.79574999999994,0.051000000000000004,0.3311688311688312,0-0-1099-0,y,42d56bbf-Audio_SP23_part01,group_0,1,fave,1119.983551058842,55.373541151655736,4,yo,"",0.12999999999999545,[silence],no,#,ó,.,ó,initial
393.10395162163746,1602.1582357986335,2201.5151992090796,2.269313368071465,3.9055668305467535,3.7092072464259034,4794.871794871795,0.00005881706945653128,350.85374999999993,0.027000000000000003,0.32142857142857145,0-0-1157-0,y,42d56bbf-Audio_SP23_part01,group_0,1,fave,147.32003710998492,81.533163111174,4,yo,"",0.060000000000002274,quisiera,entender,#,ó,a,ó,initial
276.4634353371629,3129.8057823804997,4496.229750767317,2.640499557197072,3.525185840133431,5.0254595822005905,9102.564102564102,0.00025108271715769,354.82775000000004,0.035,0.33653846153846156,0-0-1172-2,y,42d56bbf-Audio_SP23_part01,group_0,1,fave,173.6382920643762,74.47142457281316,4,muy,"",0.07999999999998408,vale,poco,ú,#,ú,p,final
317.5330395496398,2153.920794023485,3424.1482451691295,2.0536899647555216,2.4444967301061906,3.8881727967029485,6410.25641025641,0.00010379556826191152,363.53574999999995,0.031,0.32978723404255317,0-0-1205-0,y,42d56bbf-Audio_SP23_part01,group_0,1,fave,304.5806646985723,81.02705079370747,4,yo,"",0.06999999999999318,que,tengo,#,ó,é,ó,initial
470.46076182588814,1530.2379265761676,2333.15444181271,3.2699918182641143,3.8700781346174677,3.2496985120339303,6051.282051282051,0.00003086135882940829,367.20275000000004,0.025,0.33783783783783783,0-0-1226-2,y,42d56bbf-Audio_SP23_part01,group_0,1,fave,148.03821886253203,75.20627286600894,4,vayas,"",0.05000000000001137,vez,viendo,á,a,á,a,internal
301.7295906861538,2149.1110848318826,3427.087703143129,2.3940960548186823,2.9155735015214166,4.337279794167476,6410.25641025641,0.00025496270020655026,370.89574999999996,0.031,0.32978723404255317,0-0-1239-0,y,42d56bbf-Audio_SP23_part01,group_0,1,fave,105.29126663121066,73.22764252066663,4,yo,"",0.06999999999999318,que,quisiera,#,ó,é,ó,initial
340.98098382876185,2017.4666484851332,3664.2237141528817,3.8642188272616003,3.1782732462170262,4.6843206531090535,6589.74358974359,0.014920635712094303,374.15775,0.035,0.33653846153846156,0-0-1252-0,y,42d56bbf-Audio_SP23_part01,group_0,1,fave,127.76077612843903,69.72784449540006,4,ya,"",0.08000000000004093,pero,los,#,á,o,á,initial
339.858134716867,2161.078866453036,3621.0512472804103,3.328096476609936,3.497855066875512,4.358490159753844,7487.179487179487,0.001011109764190773,400.84374999999994,0.027000000000000003,0.32142857142857145,0-0-1359-0,y,42d56bbf-Audio_SP23_part01,group_0,1,fave,111.77451935188229,73.77156983854718,4,yo,"",0.060000000000002274,que,hice,#,ó,é,ó,initial
407.88523249615463,2384.473274621671,4238.540579269498,3.8463890965374516,3.2092470601542176,5.072949546198202,8384.615384615383,0.00007121432039691001,401.35275,0.025,0.33783783783783783,0-0-1362-2,y,42d56bbf-Audio_SP23_part01,group_0,1,fave,112.3628944357562,70.83274875516376,4,voy,"",0.05000000000001137,lo,a,ó,#,ó,a,final
294.7013065457266,2119.763217166416,3287.8685873990285,2.4778358203348243,3.2839607413403455,4.572740151943219,6589.74358974359,0.00157239539289316,412.69575,0.051000000000000004,0.3311688311688312,0-0-1409-3,y,42d56bbf-Audio_SP23_part01,group_0,1,fave,146.73342135187826,80.45348924744691,4,estoy,"",0.12999999999999545,te,dando,ó,#,ó,d,final
372.7782324997941,2163.137481139538,3078.271527039957,3.1741683787559847,3.7749114857442505,4.342151759157602,6410.25641025641,0.005135732577048614,425.36775000000006,0.035,0.33653846153846156,0-0-1463-0,y,42d56bbf-Audio_SP23_part01,group_0,1,fave,152.4329069900832,70.2894233562614,4,yo,"",0.07999999999998408,",",estaba,#,ó,.,ó,initial
319.0542462020735,2194.853550793169,2641.6455672567413,2.6898066333717807,3.2474675038291267,5.016123466394267,6589.74358974359,0.0010064019054376048,426.26574999999997,0.031,0.32978723404255317,0-0-1466-0,y,42d56bbf-Audio_SP23_part01,group_0,1,fave,147.88791923004484,78.5467891476776,4,yo,"",0.06999999999999318,chévere,hacía,#,ó,e,ó,initial
281.05579251166034,2286.4200323609575,3639.5704999499953,2.8629081356216854,3.6618088111729716,4.111667964366591,6589.74358974359,0.010101605856848918,442.49275,0.125,0.33422459893048123,0-0-1540-1,y,42d56bbf-Audio_SP23_part01,group_0,1,fave,242.92179081449387,72.75963062658923,4,hay,"",0.3499999999999659,Y,otra,á,#,á,ó,final
404.3080843924126,2122.434312038202,3490.0732014486125,3.1218194982977305,3.729546556713419,4.3328007025551525,6410.25641025641,0.007162329030023982,463.23375,0.047,0.3263888888888889,0-0-1635-2,y,42d56bbf-Audio_SP23_part01,group_0,1,fave,207.71324060552553,78.3534406651043,4,PayPal,"",0.12000000000000455,como,",",a,p,a,p,internal
426.51886261463164,2124.6428638917478,3713.7455238714233,3.888942727066158,3.4559285125662016,4.338329991133096,7307.692307692308,0.009971964225311485,465.45074999999997,0.041,0.3306451612903226,0-0-1643-2,y,42d56bbf-Audio_SP23_part01,group_0,1,fave,210.34202752939856,75.15372531525686,4,PayPal,"",0.0999999999999659,con,es,a,p,a,p,internal
304.4284512518998,2271.910624934521,3555.4441786171565,2.6725999530613227,3.065394292766382,3.780579535839378,7846.153846153846,0.0004929588858714483,465.97074999999995,0.041,0.3306451612903226,0-0-1646-0,y,42d56bbf-Audio_SP23_part01,group_0,1,fave,148.1454492140811,72.02550416139917,4,yo,"",0.10000000000002274,que,no,#,ó,é,ó,initial
191.55416858301652,1835.1869643293358,3285.913244980633,3.2806744869854363,3.83032685868657,4.534156194022033,7128.205128205128,0.012353930295966637,532.57375,0.027000000000000003,0.32142857142857145,0-0-1810-0,y,42d56bbf-Audio_SP23_part01,group_0,1,fave,200.37995300157306,66.2686475720009,4,yo,"",0.06000000000005912,",",soy,#,ó,.,ó,initial
285.0827905755512,1856.913408672494,2472.8170150013175,2.616910761936638,3.496541090558553,4.95461635409575,6051.282051282051,0.000025614176217183565,533.0627499999999,0.025,0.33783783783783783,0-0-1813-3,y,42d56bbf-Audio_SP23_part01,group_0,1,fave,258.385480171444,76.36322850575267,4,creyente,"",0.05000000000006821,muy,en,e,é,e,é,internal
301.129449479838,2181.50974667096,3661.3844986731538,3.2817008124317018,3.843628567022046,4.572293378096519,7846.153846153846,0.002681081614203225,534.8587500000001,0.037000000000000005,0.324561403508772,0-0-1823-0,y,42d56bbf-Audio_SP23_part01,group_0,1,fave,101.68196088801923,70.85181031823538,4,yo,"",0.08999999999991815,pero,soy,#,ó,o,ó,initial
241.24873265107323,2404.3424627784675,4007.78381286016,2.7791540503557686,3.2108014516035612,3.5039540040221953,7487.179487179487,0.00017896827312018654,541.41375,0.027000000000000003,0.32142857142857145,0-0-1848-2,y,42d56bbf-Audio_SP23_part01,group_0,1,fave,92.39812722295794,69.12188520126553,4,Soy,"",0.06000000000005912,.,católico,ó,#,ó,k,final
439.56456152780936,2639.9697989990505,3603.6428805766895,3.536161374910945,4.150419392392263,4.395145212652159,8025.641025641025,0.0009168142367806766,544.29575,0.031,0.32978723404255317,0-0-1856-0,y,42d56bbf-Audio_SP23_part01,group_0,1,fave,146.6955933218989,79.92107454866081,4,yo,"",0.07000000000005002,[silence],[silence],#,ó,&,ó,initial
298.28128839226395,2117.2727100730353,2806.0091050292385,2.487788338158153,3.428026240332614,4.250735564157529,6051.282051282051,0.00030280324077458845,552.61575,0.031,0.32978723404255317,0-0-1888-0,y,42d56bbf-Audio_SP23_part01,group_0,1,fave,103.33352619095307,75.68329185739157,4,yo,"",0.06999999999993634,Porque,conozco,#,ó,e,ó,initial
319.23880581134625,2191.001141368523,3459.9223657956422,2.670742559031081,3.487982035002288,2.9871833817004156,7666.666666666666,0.00040432696268656425,560.18375,0.047,0.3263888888888889,0-0-1925-0,y,42d56bbf-Audio_SP23_part01,group_0,1,fave,164.17599387267538,80.83211496821521,4,yo,"",0.12000000000000455,",",tenía,#,ó,.,ó,initial
357.25393973485535,2315.6162134013916,3652.078431619149,2.95197683013995,3.445561122359002,4.03187729723514,6769.2307692307695,0.00412255416098304,562.0327500000001,0.065,0.33505154639175255,0-0-1928-6,y,42d56bbf-Audio_SP23_part01,group_0,1,fave,97.40290047074944,71.75686037476463,4,una,"",0.16999999999995907,todavía,"",a,#,a,"",final
290.26568082544156,1112.1243861012717,2053.3504631190563,2.652084931398985,3.933198868557035,4.120658349626894,3717.948717948718,0.017346883328726522,563.42575,0.07100000000000001,0.3317757009345795,0-0-1932-0,y,42d56bbf-Audio_SP23_part01,group_0,1,fave,147.68724383249548,74.40846928054307,4,yo,"",0.19000000000005457,Pero,decidí,#,ó,o,ó,initial
